Architecture:                       x86_64
CPU op-mode(s):                     32-bit, 64-bit
Address sizes:                      46 bits physical, 48 bits virtual
Byte Order:                         Little Endian
CPU(s):                             28
On-line CPU(s) list:                0-27
Vendor ID:                          GenuineIntel
Model name:                         Intel(R) Xeon(R) Gold 6132 CPU @ 2.60GHz
CPU family:                         6
Model:                              85
Thread(s) per core:                 1
Core(s) per socket:                 14
Socket(s):                          2
Stepping:                           4
CPU max MHz:                        3700.0000
CPU min MHz:                        1000.0000
BogoMIPS:                           5200.00
Flags:                              fpu vme de pse tsc msr pae mce cx8 apic sep mtrr pge mca cmov pat pse36 clflush dts acpi mmx fxsr sse sse2 ss ht tm pbe syscall nx pdpe1gb rdtscp lm constant_tsc art arch_perfmon pebs bts rep_good nopl xtopology nonstop_tsc cpuid aperfmperf pni pclmulqdq dtes64 monitor ds_cpl smx est tm2 ssse3 sdbg fma cx16 xtpr pdcm pcid dca sse4_1 sse4_2 x2apic movbe popcnt tsc_deadline_timer aes xsave avx f16c rdrand lahf_lm abm 3dnowprefetch cpuid_fault epb cat_l3 cdp_l3 invpcid_single pti intel_ppin ssbd mba ibrs ibpb stibp fsgsbase tsc_adjust bmi1 hle avx2 smep bmi2 erms invpcid rtm cqm mpx rdt_a avx512f avx512dq rdseed adx smap clflushopt clwb intel_pt avx512cd avx512bw avx512vl xsaveopt xsavec xgetbv1 xsaves cqm_llc cqm_occup_llc cqm_mbm_total cqm_mbm_local dtherm ida arat pln pts pku ospke md_clear flush_l1d arch_capabilities
L1d cache:                          896 KiB (28 instances)
L1i cache:                          896 KiB (28 instances)
L2 cache:                           28 MiB (28 instances)
L3 cache:                           38.5 MiB (2 instances)
NUMA node(s):                       2
NUMA node0 CPU(s):                  0,2,4,6,8,10,12,14,16,18,20,22,24,26
NUMA node1 CPU(s):                  1,3,5,7,9,11,13,15,17,19,21,23,25,27
Vulnerability Gather data sampling: Mitigation; Microcode
Vulnerability Itlb multihit:        KVM: Mitigation: VMX unsupported
Vulnerability L1tf:                 Mitigation; PTE Inversion
Vulnerability Mds:                  Mitigation; Clear CPU buffers; SMT disabled
Vulnerability Meltdown:             Mitigation; PTI
Vulnerability Mmio stale data:      Mitigation; Clear CPU buffers; SMT disabled
Vulnerability Retbleed:             Mitigation; IBRS
Vulnerability Spec rstack overflow: Not affected
Vulnerability Spec store bypass:    Mitigation; Speculative Store Bypass disabled via prctl
Vulnerability Spectre v1:           Mitigation; usercopy/swapgs barriers and __user pointer sanitization
Vulnerability Spectre v2:           Mitigation; IBRS, IBPB conditional, RSB filling, PBRSB-eIBRS Not affected
Vulnerability Srbds:                Not affected
Vulnerability Tsx async abort:      Mitigation; Clear CPU buffers; SMT disabled
Sat Apr 19 16:33:56 2025       
+---------------------------------------------------------------------------------------+
| NVIDIA-SMI 545.23.08              Driver Version: 545.23.08    CUDA Version: 12.3     |
|-----------------------------------------+----------------------+----------------------+
| GPU  Name                 Persistence-M | Bus-Id        Disp.A | Volatile Uncorr. ECC |
| Fan  Temp   Perf          Pwr:Usage/Cap |         Memory-Usage | GPU-Util  Compute M. |
|                                         |                      |               MIG M. |
|=========================================+======================+======================|
|   0  Tesla V100-SXM2-32GB           On  | 00000000:AF:00.0 Off |                    0 |
| N/A   41C    P0              45W / 300W |      0MiB / 32768MiB |      0%      Default |
|                                         |                      |                  N/A |
+-----------------------------------------+----------------------+----------------------+
                                                                                         
+---------------------------------------------------------------------------------------+
| Processes:                                                                            |
|  GPU   GI   CI        PID   Type   Process name                            GPU Memory |
|        ID   ID                                                             Usage      |
|=======================================================================================|
|  No running processes found                                                           |
+---------------------------------------------------------------------------------------+
/home/akula.ha/.conda/envs/refseg/lib/python3.10/site-packages/torch/distributed/launch.py:181: FutureWarning: The module torch.distributed.launch is deprecated
and will be removed in future. Use torchrun.
Note that --use-env is set by default in torchrun.
If your script expects `--local-rank` argument to be set, please
change it to read from `os.environ['LOCAL_RANK']` instead. See 
https://pytorch.org/docs/stable/distributed.html#launch-utility for 
further instructions

  warnings.warn(
| distributed init (rank 0): env://
Namespace(batch_size=8, epochs=50, model='ReMamber_Conv_PEFT', pretrain_path='./pretrain', input_size=480, drop=0.0, drop_path=0.1, model_ema=False, model_ema_decay=0.9999, model_ema_force_cpu=False, opt='adamw', opt_eps=1e-08, opt_betas=None, clip_grad=None, momentum=0.9, weight_decay=0.0001, sched='cosine', lr=9e-06, lr_decoder=5e-05, lr_backbone=2.5e-05, lr_vssm=2.5e-05, warmup_lr=1e-06, min_lr=1e-06, decay_epochs=30, warmup_epochs=0, cooldown_epochs=10, patience_epochs=10, decay_rate=0.1, train_mode=True, finetune='pretrain/ReMamber_Conv.pth', data_path='./ref_dataset/data', data_set='refzom', output_dir='./outputs', device='cuda', seed=0, resume='', start_epoch=0, eval=False, dist_eval=False, num_workers=8, pin_mem=True, distributed=True, world_size=1, dist_url='env://', if_amp=True, debug_mode=False, local_rank=0, model_title='model', logging='model', decoder_adapter=True, continue_lr=None, rank=0, gpu=0, dist_backend='nccl')
True val
./ref_dataset/data refzom zom
loading dataset refzom into memory...
creating index...
index created.
DONE (t=9.94s)
Preparing dataset ......
False val
./ref_dataset/data refzom zom
loading dataset refzom into memory...
creating index...
index created.
DONE (t=10.10s)
Preparing dataset ......
length of train set: 57624
length of val set: 15406
/home/akula.ha/.conda/envs/refseg/lib/python3.10/site-packages/torch/utils/data/dataloader.py:557: UserWarning: This DataLoader will create 8 worker processes in total. Our suggested max number of worker in current system is 1, which is smaller than what this DataLoader is going to create. Please be aware that excessive worker creation might get DataLoader running slow or even freeze, lower the worker number to avoid potential slowness/freeze if necessary.
  warnings.warn(_create_warning_msg(
Creating model: ReMamber_Conv_PEFT
kwargs {'use_adapters': True}
Finetuning half decoder with adapters
True
number of params: 16548707
Model id is - model:de3e9b2b
length of train set: 45000
length of val set: 4000
Start training for 50 epochs
Learning rate: 9e-06
/home/akula.ha/.conda/envs/refseg/lib/python3.10/site-packages/torch/autograd/__init__.py:251: UserWarning: Grad strides do not match bucket view strides. This may indicate grad was not created according to the gradient layout contract, or that the param's strides changed since DDP was constructed.  This is not an error, but may impair performance.
grad.sizes() = [512, 192, 1, 1], strides() = [192, 1, 192, 192]
bucket_view.sizes() = [512, 192, 1, 1], strides() = [192, 1, 1, 1] (Triggered internally at ../torch/csrc/distributed/c10d/reducer.cpp:320.)
  Variable._execution_engine.run_backward(  # Calls into the C++ engine to run the backward pass
Epoch: [0]  [   0/5625]  eta: 1 day, 14:01:30  lr: 0.000009  train_loss: 10.9282 (10.9282)  train_iou: 0.3082 (0.3082)  time: 24.3360  data: 6.0064  max mem: 31397
Epoch: [0]  [  20/5625]  eta: 3:16:28  lr: 0.000009  train_loss: 3.3869 (4.2109)  train_iou: 0.3475 (0.3491)  time: 0.9915  data: 0.0004  max mem: 31397
Epoch: [0]  [  40/5625]  eta: 2:24:57  lr: 0.000009  train_loss: 1.6115 (3.1193)  train_iou: 0.2524 (0.3058)  time: 0.9843  data: 0.0005  max mem: 31397
Epoch: [0]  [  60/5625]  eta: 2:07:08  lr: 0.000009  train_loss: 1.4049 (2.6936)  train_iou: 0.3343 (0.3206)  time: 0.9884  data: 0.0005  max mem: 31397
Epoch: [0]  [  80/5625]  eta: 1:57:55  lr: 0.000009  train_loss: 1.1921 (2.3203)  train_iou: 0.2772 (0.3140)  time: 0.9866  data: 0.0005  max mem: 31397
Epoch: [0]  [ 100/5625]  eta: 1:52:07  lr: 0.000009  train_loss: 1.1055 (2.0855)  train_iou: 0.3460 (0.3217)  time: 0.9820  data: 0.0004  max mem: 31397
Epoch: [0]  [ 120/5625]  eta: 1:48:21  lr: 0.000009  train_loss: 0.9464 (1.9053)  train_iou: 0.3795 (0.3308)  time: 0.9952  data: 0.0005  max mem: 31397
Epoch: [0]  [ 140/5625]  eta: 1:45:20  lr: 0.000009  train_loss: 0.9018 (1.7643)  train_iou: 0.3534 (0.3363)  time: 0.9792  data: 0.0005  max mem: 31397
Epoch: [0]  [ 160/5625]  eta: 1:43:04  lr: 0.000009  train_loss: 0.9658 (1.6738)  train_iou: 0.3612 (0.3401)  time: 0.9851  data: 0.0004  max mem: 31397
Epoch: [0]  [ 180/5625]  eta: 1:41:13  lr: 0.000009  train_loss: 0.8024 (1.5843)  train_iou: 0.4337 (0.3479)  time: 0.9854  data: 0.0004  max mem: 31397
Epoch: [0]  [ 200/5625]  eta: 1:39:43  lr: 0.000009  train_loss: 0.7594 (1.5043)  train_iou: 0.4344 (0.3566)  time: 0.9895  data: 0.0005  max mem: 31397
Epoch: [0]  [ 220/5625]  eta: 1:38:23  lr: 0.000009  train_loss: 0.7664 (1.4428)  train_iou: 0.4044 (0.3591)  time: 0.9861  data: 0.0004  max mem: 31397
Epoch: [0]  [ 240/5625]  eta: 1:37:14  lr: 0.000009  train_loss: 0.8840 (1.3947)  train_iou: 0.3521 (0.3617)  time: 0.9863  data: 0.0005  max mem: 31397
Epoch: [0]  [ 260/5625]  eta: 1:36:11  lr: 0.000009  train_loss: 0.8241 (1.3529)  train_iou: 0.4396 (0.3664)  time: 0.9814  data: 0.0004  max mem: 31397
Epoch: [0]  [ 280/5625]  eta: 1:35:15  lr: 0.000009  train_loss: 0.7832 (1.3146)  train_iou: 0.3673 (0.3685)  time: 0.9869  data: 0.0005  max mem: 31397
Epoch: [0]  [ 300/5625]  eta: 1:34:26  lr: 0.000009  train_loss: 0.7942 (1.2828)  train_iou: 0.3750 (0.3696)  time: 0.9903  data: 0.0004  max mem: 31397
Epoch: [0]  [ 320/5625]  eta: 1:33:35  lr: 0.000009  train_loss: 0.6902 (1.2473)  train_iou: 0.4537 (0.3751)  time: 0.9742  data: 0.0005  max mem: 31397
Epoch: [0]  [ 340/5625]  eta: 1:32:46  lr: 0.000009  train_loss: 0.7126 (1.2170)  train_iou: 0.4645 (0.3802)  time: 0.9698  data: 0.0005  max mem: 31397
Epoch: [0]  [ 360/5625]  eta: 1:32:01  lr: 0.000009  train_loss: 0.8121 (1.1942)  train_iou: 0.4010 (0.3807)  time: 0.9690  data: 0.0004  max mem: 31397
Epoch: [0]  [ 380/5625]  eta: 1:31:19  lr: 0.000009  train_loss: 0.7048 (1.1711)  train_iou: 0.4102 (0.3838)  time: 0.9722  data: 0.0004  max mem: 31397
Epoch: [0]  [ 400/5625]  eta: 1:30:38  lr: 0.000009  train_loss: 0.7091 (1.1494)  train_iou: 0.4401 (0.3879)  time: 0.9672  data: 0.0004  max mem: 31397
Epoch: [0]  [ 420/5625]  eta: 1:29:57  lr: 0.000009  train_loss: 0.7294 (1.1321)  train_iou: 0.3770 (0.3882)  time: 0.9624  data: 0.0004  max mem: 31397
Epoch: [0]  [ 440/5625]  eta: 1:29:19  lr: 0.000009  train_loss: 0.6432 (1.1119)  train_iou: 0.4465 (0.3910)  time: 0.9624  data: 0.0005  max mem: 31397
Epoch: [0]  [ 460/5625]  eta: 1:28:44  lr: 0.000009  train_loss: 0.6587 (1.0945)  train_iou: 0.4710 (0.3945)  time: 0.9709  data: 0.0004  max mem: 31397
Epoch: [0]  [ 480/5625]  eta: 1:28:09  lr: 0.000009  train_loss: 0.6637 (1.0754)  train_iou: 0.4669 (0.3995)  time: 0.9617  data: 0.0004  max mem: 31397
Epoch: [0]  [ 500/5625]  eta: 1:27:39  lr: 0.000009  train_loss: 0.7380 (1.0613)  train_iou: 0.4028 (0.4011)  time: 0.9831  data: 0.0004  max mem: 31397
Epoch: [0]  [ 520/5625]  eta: 1:27:08  lr: 0.000009  train_loss: 0.7323 (1.0485)  train_iou: 0.4396 (0.4031)  time: 0.9716  data: 0.0004  max mem: 31397
Epoch: [0]  [ 540/5625]  eta: 1:26:41  lr: 0.000009  train_loss: 0.6916 (1.0390)  train_iou: 0.4680 (0.4054)  time: 0.9897  data: 0.0005  max mem: 31397
Epoch: [0]  [ 560/5625]  eta: 1:26:16  lr: 0.000009  train_loss: 0.7271 (1.0277)  train_iou: 0.4580 (0.4082)  time: 0.9969  data: 0.0005  max mem: 31397
Epoch: [0]  [ 580/5625]  eta: 1:25:45  lr: 0.000009  train_loss: 0.6684 (1.0186)  train_iou: 0.4670 (0.4100)  time: 0.9609  data: 0.0005  max mem: 31397
Epoch: [0]  [ 600/5625]  eta: 1:25:16  lr: 0.000009  train_loss: 0.6332 (1.0061)  train_iou: 0.4715 (0.4133)  time: 0.9678  data: 0.0004  max mem: 31397
Epoch: [0]  [ 620/5625]  eta: 1:24:48  lr: 0.000009  train_loss: 0.6985 (0.9983)  train_iou: 0.4203 (0.4134)  time: 0.9754  data: 0.0004  max mem: 31397
Epoch: [0]  [ 640/5625]  eta: 1:24:21  lr: 0.000009  train_loss: 0.6589 (0.9877)  train_iou: 0.4593 (0.4154)  time: 0.9694  data: 0.0004  max mem: 31397
Epoch: [0]  [ 660/5625]  eta: 1:23:57  lr: 0.000009  train_loss: 0.6556 (0.9782)  train_iou: 0.4467 (0.4174)  time: 0.9960  data: 0.0005  max mem: 31397
Epoch: [0]  [ 680/5625]  eta: 1:23:31  lr: 0.000009  train_loss: 0.6791 (0.9709)  train_iou: 0.4697 (0.4186)  time: 0.9745  data: 0.0004  max mem: 31397
Epoch: [0]  [ 700/5625]  eta: 1:23:05  lr: 0.000009  train_loss: 0.6562 (0.9623)  train_iou: 0.4781 (0.4200)  time: 0.9733  data: 0.0004  max mem: 31397
Epoch: [0]  [ 720/5625]  eta: 1:22:41  lr: 0.000009  train_loss: 0.7646 (0.9573)  train_iou: 0.4308 (0.4206)  time: 0.9798  data: 0.0005  max mem: 31397
Epoch: [0]  [ 740/5625]  eta: 1:22:15  lr: 0.000009  train_loss: 0.7106 (0.9544)  train_iou: 0.4483 (0.4214)  time: 0.9734  data: 0.0004  max mem: 31397
Epoch: [0]  [ 760/5625]  eta: 1:21:51  lr: 0.000009  train_loss: 0.6009 (0.9469)  train_iou: 0.5183 (0.4236)  time: 0.9781  data: 0.0004  max mem: 31397
Epoch: [0]  [ 780/5625]  eta: 1:21:26  lr: 0.000009  train_loss: 0.6226 (0.9405)  train_iou: 0.5012 (0.4255)  time: 0.9711  data: 0.0005  max mem: 31397
Epoch: [0]  [ 800/5625]  eta: 1:21:02  lr: 0.000009  train_loss: 0.6525 (0.9347)  train_iou: 0.4308 (0.4256)  time: 0.9723  data: 0.0004  max mem: 31397
Epoch: [0]  [ 820/5625]  eta: 1:20:38  lr: 0.000009  train_loss: 0.7036 (0.9291)  train_iou: 0.4465 (0.4264)  time: 0.9747  data: 0.0004  max mem: 31397
Epoch: [0]  [ 840/5625]  eta: 1:20:13  lr: 0.000009  train_loss: 0.6646 (0.9228)  train_iou: 0.5219 (0.4285)  time: 0.9682  data: 0.0004  max mem: 31397
Epoch: [0]  [ 860/5625]  eta: 1:19:49  lr: 0.000009  train_loss: 0.6141 (0.9172)  train_iou: 0.5047 (0.4300)  time: 0.9680  data: 0.0004  max mem: 31397
Epoch: [0]  [ 880/5625]  eta: 1:19:25  lr: 0.000009  train_loss: 0.6598 (0.9118)  train_iou: 0.4857 (0.4314)  time: 0.9696  data: 0.0004  max mem: 31397
Epoch: [0]  [ 900/5625]  eta: 1:19:02  lr: 0.000009  train_loss: 0.5647 (0.9048)  train_iou: 0.5577 (0.4338)  time: 0.9780  data: 0.0004  max mem: 31397
Epoch: [0]  [ 920/5625]  eta: 1:18:40  lr: 0.000009  train_loss: 0.6747 (0.9005)  train_iou: 0.4433 (0.4345)  time: 0.9821  data: 0.0005  max mem: 31397
Epoch: [0]  [ 940/5625]  eta: 1:18:17  lr: 0.000009  train_loss: 0.7448 (0.8973)  train_iou: 0.4004 (0.4346)  time: 0.9783  data: 0.0004  max mem: 31397
Epoch: [0]  [ 960/5625]  eta: 1:17:55  lr: 0.000009  train_loss: 0.6833 (0.8925)  train_iou: 0.5171 (0.4357)  time: 0.9807  data: 0.0005  max mem: 31397
Epoch: [0]  [ 980/5625]  eta: 1:17:32  lr: 0.000009  train_loss: 0.6485 (0.8876)  train_iou: 0.4815 (0.4367)  time: 0.9741  data: 0.0005  max mem: 31397
Epoch: [0]  [1000/5625]  eta: 1:17:09  lr: 0.000009  train_loss: 0.6554 (0.8831)  train_iou: 0.4916 (0.4376)  time: 0.9650  data: 0.0004  max mem: 31397
Epoch: [0]  [1020/5625]  eta: 1:16:46  lr: 0.000009  train_loss: 0.6820 (0.8786)  train_iou: 0.4651 (0.4384)  time: 0.9695  data: 0.0005  max mem: 31397
Epoch: [0]  [1040/5625]  eta: 1:16:23  lr: 0.000009  train_loss: 0.5198 (0.8734)  train_iou: 0.5515 (0.4402)  time: 0.9724  data: 0.0005  max mem: 31397
Epoch: [0]  [1060/5625]  eta: 1:16:01  lr: 0.000009  train_loss: 0.6178 (0.8692)  train_iou: 0.4765 (0.4412)  time: 0.9703  data: 0.0004  max mem: 31397
Epoch: [0]  [1080/5625]  eta: 1:15:39  lr: 0.000009  train_loss: 0.6282 (0.8659)  train_iou: 0.4714 (0.4422)  time: 0.9748  data: 0.0004  max mem: 31397
Epoch: [0]  [1100/5625]  eta: 1:15:17  lr: 0.000009  train_loss: 0.6403 (0.8616)  train_iou: 0.4703 (0.4429)  time: 0.9715  data: 0.0005  max mem: 31397
Epoch: [0]  [1120/5625]  eta: 1:14:55  lr: 0.000009  train_loss: 0.6108 (0.8577)  train_iou: 0.4667 (0.4439)  time: 0.9717  data: 0.0004  max mem: 31397
Epoch: [0]  [1140/5625]  eta: 1:14:33  lr: 0.000009  train_loss: 0.6622 (0.8544)  train_iou: 0.4481 (0.4445)  time: 0.9730  data: 0.0004  max mem: 31397
Epoch: [0]  [1160/5625]  eta: 1:14:11  lr: 0.000009  train_loss: 0.5252 (0.8493)  train_iou: 0.5453 (0.4463)  time: 0.9738  data: 0.0004  max mem: 31397
Epoch: [0]  [1180/5625]  eta: 1:13:48  lr: 0.000009  train_loss: 0.6169 (0.8448)  train_iou: 0.5567 (0.4481)  time: 0.9598  data: 0.0004  max mem: 31397
Epoch: [0]  [1200/5625]  eta: 1:13:25  lr: 0.000009  train_loss: 0.6222 (0.8420)  train_iou: 0.4636 (0.4484)  time: 0.9570  data: 0.0005  max mem: 31397
Epoch: [0]  [1220/5625]  eta: 1:13:04  lr: 0.000009  train_loss: 0.6151 (0.8389)  train_iou: 0.4976 (0.4492)  time: 0.9691  data: 0.0004  max mem: 31397
Epoch: [0]  [1240/5625]  eta: 1:12:42  lr: 0.000009  train_loss: 0.6269 (0.8357)  train_iou: 0.4750 (0.4499)  time: 0.9762  data: 0.0004  max mem: 31397
Epoch: [0]  [1260/5625]  eta: 1:12:21  lr: 0.000009  train_loss: 0.6521 (0.8328)  train_iou: 0.4819 (0.4504)  time: 0.9788  data: 0.0004  max mem: 31397
Epoch: [0]  [1280/5625]  eta: 1:12:00  lr: 0.000009  train_loss: 0.6575 (0.8302)  train_iou: 0.4733 (0.4508)  time: 0.9713  data: 0.0004  max mem: 31397
Epoch: [0]  [1300/5625]  eta: 1:11:38  lr: 0.000009  train_loss: 0.5799 (0.8267)  train_iou: 0.5224 (0.4514)  time: 0.9673  data: 0.0004  max mem: 31397
Epoch: [0]  [1320/5625]  eta: 1:11:17  lr: 0.000009  train_loss: 0.6111 (0.8237)  train_iou: 0.4766 (0.4518)  time: 0.9690  data: 0.0004  max mem: 31397
Epoch: [0]  [1340/5625]  eta: 1:10:56  lr: 0.000009  train_loss: 0.5361 (0.8207)  train_iou: 0.5527 (0.4527)  time: 0.9757  data: 0.0004  max mem: 31397
Epoch: [0]  [1360/5625]  eta: 1:10:34  lr: 0.000009  train_loss: 0.5633 (0.8175)  train_iou: 0.5622 (0.4540)  time: 0.9712  data: 0.0004  max mem: 31397
Epoch: [0]  [1380/5625]  eta: 1:10:13  lr: 0.000009  train_loss: 0.6027 (0.8149)  train_iou: 0.5032 (0.4546)  time: 0.9723  data: 0.0005  max mem: 31397
Epoch: [0]  [1400/5625]  eta: 1:09:52  lr: 0.000009  train_loss: 0.6048 (0.8125)  train_iou: 0.5061 (0.4553)  time: 0.9653  data: 0.0004  max mem: 31397
Epoch: [0]  [1420/5625]  eta: 1:09:31  lr: 0.000009  train_loss: 0.6656 (0.8104)  train_iou: 0.4208 (0.4556)  time: 0.9707  data: 0.0004  max mem: 31397
Epoch: [0]  [1440/5625]  eta: 1:09:09  lr: 0.000009  train_loss: 0.5752 (0.8078)  train_iou: 0.4955 (0.4564)  time: 0.9650  data: 0.0004  max mem: 31397
Epoch: [0]  [1460/5625]  eta: 1:08:56  lr: 0.000009  train_loss: 0.5887 (0.8048)  train_iou: 0.5255 (0.4575)  time: 1.1048  data: 0.0004  max mem: 31397
Epoch: [0]  [1480/5625]  eta: 1:08:35  lr: 0.000009  train_loss: 0.6904 (0.8031)  train_iou: 0.4558 (0.4574)  time: 0.9715  data: 0.0004  max mem: 31397
Epoch: [0]  [1500/5625]  eta: 1:08:14  lr: 0.000009  train_loss: 0.5657 (0.8007)  train_iou: 0.5010 (0.4580)  time: 0.9675  data: 0.0004  max mem: 31397
Epoch: [0]  [1520/5625]  eta: 1:07:52  lr: 0.000009  train_loss: 0.6175 (0.7982)  train_iou: 0.5324 (0.4585)  time: 0.9675  data: 0.0004  max mem: 31397
Epoch: [0]  [1540/5625]  eta: 1:07:31  lr: 0.000009  train_loss: 0.5827 (0.7953)  train_iou: 0.5194 (0.4596)  time: 0.9627  data: 0.0005  max mem: 31397
Epoch: [0]  [1560/5625]  eta: 1:07:10  lr: 0.000009  train_loss: 0.5507 (0.7926)  train_iou: 0.5589 (0.4608)  time: 0.9627  data: 0.0004  max mem: 31397
Epoch: [0]  [1580/5625]  eta: 1:06:48  lr: 0.000009  train_loss: 0.5932 (0.7902)  train_iou: 0.5016 (0.4616)  time: 0.9613  data: 0.0004  max mem: 31397
Epoch: [0]  [1600/5625]  eta: 1:06:27  lr: 0.000009  train_loss: 0.5903 (0.7883)  train_iou: 0.5158 (0.4622)  time: 0.9730  data: 0.0004  max mem: 31397
Epoch: [0]  [1620/5625]  eta: 1:06:06  lr: 0.000009  train_loss: 0.6015 (0.7863)  train_iou: 0.5020 (0.4627)  time: 0.9541  data: 0.0004  max mem: 31397
Epoch: [0]  [1640/5625]  eta: 1:05:45  lr: 0.000009  train_loss: 0.5213 (0.7836)  train_iou: 0.5299 (0.4635)  time: 0.9722  data: 0.0005  max mem: 31397
Epoch: [0]  [1660/5625]  eta: 1:05:24  lr: 0.000009  train_loss: 0.6411 (0.7818)  train_iou: 0.5101 (0.4641)  time: 0.9669  data: 0.0004  max mem: 31397
Epoch: [0]  [1680/5625]  eta: 1:05:04  lr: 0.000009  train_loss: 0.5010 (0.7797)  train_iou: 0.6027 (0.4656)  time: 0.9705  data: 0.0004  max mem: 31397
Epoch: [0]  [1700/5625]  eta: 1:04:43  lr: 0.000009  train_loss: 0.6123 (0.7776)  train_iou: 0.5147 (0.4661)  time: 0.9638  data: 0.0004  max mem: 31397
Epoch: [0]  [1720/5625]  eta: 1:04:22  lr: 0.000009  train_loss: 0.5777 (0.7755)  train_iou: 0.5397 (0.4669)  time: 0.9664  data: 0.0004  max mem: 31397
Epoch: [0]  [1740/5625]  eta: 1:04:01  lr: 0.000009  train_loss: 0.6079 (0.7740)  train_iou: 0.5152 (0.4673)  time: 0.9710  data: 0.0004  max mem: 31397
Epoch: [0]  [1760/5625]  eta: 1:03:41  lr: 0.000009  train_loss: 0.5104 (0.7718)  train_iou: 0.5573 (0.4682)  time: 0.9728  data: 0.0005  max mem: 31397
Epoch: [0]  [1780/5625]  eta: 1:03:20  lr: 0.000009  train_loss: 0.5743 (0.7701)  train_iou: 0.5205 (0.4688)  time: 0.9745  data: 0.0004  max mem: 31397
Epoch: [0]  [1800/5625]  eta: 1:03:00  lr: 0.000009  train_loss: 0.5504 (0.7680)  train_iou: 0.5437 (0.4695)  time: 0.9709  data: 0.0005  max mem: 31397
Epoch: [0]  [1820/5625]  eta: 1:02:39  lr: 0.000009  train_loss: 0.5514 (0.7658)  train_iou: 0.5463 (0.4702)  time: 0.9721  data: 0.0004  max mem: 31397
Epoch: [0]  [1840/5625]  eta: 1:02:19  lr: 0.000009  train_loss: 0.5769 (0.7640)  train_iou: 0.5212 (0.4707)  time: 0.9719  data: 0.0004  max mem: 31397
Epoch: [0]  [1860/5625]  eta: 1:01:59  lr: 0.000009  train_loss: 0.6631 (0.7629)  train_iou: 0.4773 (0.4709)  time: 0.9802  data: 0.0004  max mem: 31397
Epoch: [0]  [1880/5625]  eta: 1:01:39  lr: 0.000009  train_loss: 0.6544 (0.7617)  train_iou: 0.4300 (0.4710)  time: 0.9761  data: 0.0004  max mem: 31397
Epoch: [0]  [1900/5625]  eta: 1:01:18  lr: 0.000009  train_loss: 0.6717 (0.7606)  train_iou: 0.4819 (0.4713)  time: 0.9754  data: 0.0005  max mem: 31397
Epoch: [0]  [1920/5625]  eta: 1:00:58  lr: 0.000009  train_loss: 0.5240 (0.7586)  train_iou: 0.5336 (0.4721)  time: 0.9667  data: 0.0004  max mem: 31397
Epoch: [0]  [1940/5625]  eta: 1:00:37  lr: 0.000009  train_loss: 0.5451 (0.7569)  train_iou: 0.5132 (0.4728)  time: 0.9724  data: 0.0004  max mem: 31397
Epoch: [0]  [1960/5625]  eta: 1:00:17  lr: 0.000009  train_loss: 0.6695 (0.7559)  train_iou: 0.4134 (0.4727)  time: 0.9769  data: 0.0004  max mem: 31397
Epoch: [0]  [1980/5625]  eta: 0:59:57  lr: 0.000009  train_loss: 0.4987 (0.7539)  train_iou: 0.6100 (0.4737)  time: 0.9768  data: 0.0004  max mem: 31397
Epoch: [0]  [2000/5625]  eta: 0:59:37  lr: 0.000009  train_loss: 0.5116 (0.7519)  train_iou: 0.5848 (0.4746)  time: 0.9774  data: 0.0004  max mem: 31397
Epoch: [0]  [2020/5625]  eta: 0:59:17  lr: 0.000009  train_loss: 0.5526 (0.7501)  train_iou: 0.5592 (0.4752)  time: 0.9720  data: 0.0004  max mem: 31397
Epoch: [0]  [2040/5625]  eta: 0:58:57  lr: 0.000009  train_loss: 0.5539 (0.7484)  train_iou: 0.5506 (0.4760)  time: 0.9798  data: 0.0004  max mem: 31397
Epoch: [0]  [2060/5625]  eta: 0:58:37  lr: 0.000009  train_loss: 0.5738 (0.7472)  train_iou: 0.4970 (0.4763)  time: 0.9756  data: 0.0004  max mem: 31397
Epoch: [0]  [2080/5625]  eta: 0:58:17  lr: 0.000009  train_loss: 0.5897 (0.7458)  train_iou: 0.5151 (0.4768)  time: 0.9852  data: 0.0006  max mem: 31397
Epoch: [0]  [2100/5625]  eta: 0:57:57  lr: 0.000009  train_loss: 0.5980 (0.7445)  train_iou: 0.5138 (0.4771)  time: 0.9697  data: 0.0004  max mem: 31397
Epoch: [0]  [2120/5625]  eta: 0:57:37  lr: 0.000009  train_loss: 0.5211 (0.7427)  train_iou: 0.5472 (0.4778)  time: 0.9764  data: 0.0004  max mem: 31397
Epoch: [0]  [2140/5625]  eta: 0:57:16  lr: 0.000009  train_loss: 0.5041 (0.7408)  train_iou: 0.5535 (0.4788)  time: 0.9727  data: 0.0004  max mem: 31397
Epoch: [0]  [2160/5625]  eta: 0:56:56  lr: 0.000009  train_loss: 0.5107 (0.7386)  train_iou: 0.5802 (0.4798)  time: 0.9729  data: 0.0004  max mem: 31397
Epoch: [0]  [2180/5625]  eta: 0:56:36  lr: 0.000009  train_loss: 0.5869 (0.7372)  train_iou: 0.4874 (0.4803)  time: 0.9819  data: 0.0004  max mem: 31397
Epoch: [0]  [2200/5625]  eta: 0:56:16  lr: 0.000009  train_loss: 0.6129 (0.7365)  train_iou: 0.5142 (0.4807)  time: 0.9787  data: 0.0005  max mem: 31397
Epoch: [0]  [2220/5625]  eta: 0:55:57  lr: 0.000009  train_loss: 0.5441 (0.7352)  train_iou: 0.5764 (0.4811)  time: 0.9783  data: 0.0004  max mem: 31397
Epoch: [0]  [2240/5625]  eta: 0:55:36  lr: 0.000009  train_loss: 0.4664 (0.7334)  train_iou: 0.5878 (0.4820)  time: 0.9754  data: 0.0004  max mem: 31397
Epoch: [0]  [2260/5625]  eta: 0:55:16  lr: 0.000009  train_loss: 0.5677 (0.7322)  train_iou: 0.5246 (0.4823)  time: 0.9736  data: 0.0004  max mem: 31397
Epoch: [0]  [2280/5625]  eta: 0:54:57  lr: 0.000009  train_loss: 0.4704 (0.7303)  train_iou: 0.5842 (0.4832)  time: 0.9824  data: 0.0004  max mem: 31397
Epoch: [0]  [2300/5625]  eta: 0:54:37  lr: 0.000009  train_loss: 0.5593 (0.7291)  train_iou: 0.5655 (0.4837)  time: 0.9739  data: 0.0004  max mem: 31397
Epoch: [0]  [2320/5625]  eta: 0:54:17  lr: 0.000009  train_loss: 0.5465 (0.7276)  train_iou: 0.5615 (0.4844)  time: 0.9738  data: 0.0004  max mem: 31397
Epoch: [0]  [2340/5625]  eta: 0:53:56  lr: 0.000009  train_loss: 0.5947 (0.7267)  train_iou: 0.5081 (0.4844)  time: 0.9706  data: 0.0005  max mem: 31397
Epoch: [0]  [2360/5625]  eta: 0:53:36  lr: 0.000009  train_loss: 0.6315 (0.7257)  train_iou: 0.5299 (0.4848)  time: 0.9705  data: 0.0005  max mem: 31397
Epoch: [0]  [2380/5625]  eta: 0:53:16  lr: 0.000009  train_loss: 0.5829 (0.7242)  train_iou: 0.5092 (0.4854)  time: 0.9695  data: 0.0004  max mem: 31397
Epoch: [0]  [2400/5625]  eta: 0:52:56  lr: 0.000009  train_loss: 0.4814 (0.7226)  train_iou: 0.5736 (0.4860)  time: 0.9705  data: 0.0005  max mem: 31397
Epoch: [0]  [2420/5625]  eta: 0:52:36  lr: 0.000009  train_loss: 0.5409 (0.7212)  train_iou: 0.5416 (0.4864)  time: 0.9676  data: 0.0004  max mem: 31397
Epoch: [0]  [2440/5625]  eta: 0:52:16  lr: 0.000009  train_loss: 0.5400 (0.7199)  train_iou: 0.5775 (0.4871)  time: 0.9671  data: 0.0004  max mem: 31397
Epoch: [0]  [2460/5625]  eta: 0:51:56  lr: 0.000009  train_loss: 0.5259 (0.7186)  train_iou: 0.5446 (0.4875)  time: 0.9686  data: 0.0004  max mem: 31397
Epoch: [0]  [2480/5625]  eta: 0:51:36  lr: 0.000009  train_loss: 0.5587 (0.7174)  train_iou: 0.5335 (0.4879)  time: 0.9689  data: 0.0004  max mem: 31397
Epoch: [0]  [2500/5625]  eta: 0:51:15  lr: 0.000009  train_loss: 0.5302 (0.7160)  train_iou: 0.5682 (0.4886)  time: 0.9682  data: 0.0005  max mem: 31397
Epoch: [0]  [2520/5625]  eta: 0:50:55  lr: 0.000009  train_loss: 0.5431 (0.7149)  train_iou: 0.5493 (0.4889)  time: 0.9731  data: 0.0004  max mem: 31397
Epoch: [0]  [2540/5625]  eta: 0:50:36  lr: 0.000009  train_loss: 0.5540 (0.7137)  train_iou: 0.5135 (0.4894)  time: 0.9756  data: 0.0004  max mem: 31397
Epoch: [0]  [2560/5625]  eta: 0:50:16  lr: 0.000009  train_loss: 0.4890 (0.7123)  train_iou: 0.6038 (0.4901)  time: 0.9885  data: 0.0004  max mem: 31397
Epoch: [0]  [2580/5625]  eta: 0:49:56  lr: 0.000009  train_loss: 0.5877 (0.7120)  train_iou: 0.4837 (0.4901)  time: 0.9720  data: 0.0004  max mem: 31397
Epoch: [0]  [2600/5625]  eta: 0:49:36  lr: 0.000009  train_loss: 0.5237 (0.7107)  train_iou: 0.5467 (0.4904)  time: 0.9691  data: 0.0004  max mem: 31397
Epoch: [0]  [2620/5625]  eta: 0:49:16  lr: 0.000009  train_loss: 0.4841 (0.7093)  train_iou: 0.5848 (0.4909)  time: 0.9764  data: 0.0004  max mem: 31397
Epoch: [0]  [2640/5625]  eta: 0:48:56  lr: 0.000009  train_loss: 0.5629 (0.7082)  train_iou: 0.5272 (0.4913)  time: 0.9702  data: 0.0004  max mem: 31397
Epoch: [0]  [2660/5625]  eta: 0:48:36  lr: 0.000009  train_loss: 0.5353 (0.7070)  train_iou: 0.5539 (0.4919)  time: 0.9702  data: 0.0004  max mem: 31397
Epoch: [0]  [2680/5625]  eta: 0:48:16  lr: 0.000009  train_loss: 0.4487 (0.7053)  train_iou: 0.6038 (0.4927)  time: 0.9703  data: 0.0005  max mem: 31397
Epoch: [0]  [2700/5625]  eta: 0:47:56  lr: 0.000009  train_loss: 0.5257 (0.7040)  train_iou: 0.5621 (0.4932)  time: 0.9717  data: 0.0004  max mem: 31397
Epoch: [0]  [2720/5625]  eta: 0:47:36  lr: 0.000009  train_loss: 0.4869 (0.7027)  train_iou: 0.5839 (0.4938)  time: 0.9717  data: 0.0004  max mem: 31397
Epoch: [0]  [2740/5625]  eta: 0:47:16  lr: 0.000009  train_loss: 0.5510 (0.7017)  train_iou: 0.5494 (0.4942)  time: 0.9715  data: 0.0004  max mem: 31397
Epoch: [0]  [2760/5625]  eta: 0:46:57  lr: 0.000009  train_loss: 0.5247 (0.7005)  train_iou: 0.5798 (0.4950)  time: 0.9710  data: 0.0004  max mem: 31397
Epoch: [0]  [2780/5625]  eta: 0:46:37  lr: 0.000009  train_loss: 0.5143 (0.6995)  train_iou: 0.5875 (0.4956)  time: 0.9839  data: 0.0004  max mem: 31397
Epoch: [0]  [2800/5625]  eta: 0:46:17  lr: 0.000009  train_loss: 0.5866 (0.6986)  train_iou: 0.5241 (0.4958)  time: 0.9815  data: 0.0004  max mem: 31397
Epoch: [0]  [2820/5625]  eta: 0:45:57  lr: 0.000009  train_loss: 0.4927 (0.6972)  train_iou: 0.5330 (0.4964)  time: 0.9786  data: 0.0005  max mem: 31397
Epoch: [0]  [2840/5625]  eta: 0:45:37  lr: 0.000009  train_loss: 0.5423 (0.6962)  train_iou: 0.4975 (0.4966)  time: 0.9684  data: 0.0004  max mem: 31397
Epoch: [0]  [2860/5625]  eta: 0:45:17  lr: 0.000009  train_loss: 0.5026 (0.6950)  train_iou: 0.5776 (0.4972)  time: 0.9680  data: 0.0004  max mem: 31397
Epoch: [0]  [2880/5625]  eta: 0:44:57  lr: 0.000009  train_loss: 0.6047 (0.6942)  train_iou: 0.5392 (0.4976)  time: 0.9642  data: 0.0004  max mem: 31397
Epoch: [0]  [2900/5625]  eta: 0:44:37  lr: 0.000009  train_loss: 0.5251 (0.6933)  train_iou: 0.5689 (0.4981)  time: 0.9631  data: 0.0004  max mem: 31397
Epoch: [0]  [2920/5625]  eta: 0:44:17  lr: 0.000009  train_loss: 0.5908 (0.6928)  train_iou: 0.4822 (0.4983)  time: 0.9647  data: 0.0004  max mem: 31397
Epoch: [0]  [2940/5625]  eta: 0:43:57  lr: 0.000009  train_loss: 0.5738 (0.6918)  train_iou: 0.5394 (0.4987)  time: 0.9622  data: 0.0004  max mem: 31397
Epoch: [0]  [2960/5625]  eta: 0:43:38  lr: 0.000009  train_loss: 0.4931 (0.6909)  train_iou: 0.5636 (0.4991)  time: 0.9670  data: 0.0004  max mem: 31397
Epoch: [0]  [2980/5625]  eta: 0:43:18  lr: 0.000009  train_loss: 0.5872 (0.6902)  train_iou: 0.5142 (0.4994)  time: 0.9647  data: 0.0004  max mem: 31397
Epoch: [0]  [3000/5625]  eta: 0:42:58  lr: 0.000009  train_loss: 0.5995 (0.6898)  train_iou: 0.4889 (0.4995)  time: 0.9692  data: 0.0005  max mem: 31397
Epoch: [0]  [3020/5625]  eta: 0:42:38  lr: 0.000009  train_loss: 0.5169 (0.6887)  train_iou: 0.5740 (0.5001)  time: 0.9746  data: 0.0004  max mem: 31397
Epoch: [0]  [3040/5625]  eta: 0:42:18  lr: 0.000009  train_loss: 0.5137 (0.6876)  train_iou: 0.6377 (0.5008)  time: 0.9688  data: 0.0005  max mem: 31397
Epoch: [0]  [3060/5625]  eta: 0:41:58  lr: 0.000009  train_loss: 0.5579 (0.6868)  train_iou: 0.5329 (0.5012)  time: 0.9701  data: 0.0004  max mem: 31397
Epoch: [0]  [3080/5625]  eta: 0:41:38  lr: 0.000009  train_loss: 0.5142 (0.6858)  train_iou: 0.5962 (0.5018)  time: 0.9685  data: 0.0005  max mem: 31397
Epoch: [0]  [3100/5625]  eta: 0:41:19  lr: 0.000009  train_loss: 0.5098 (0.6849)  train_iou: 0.5587 (0.5022)  time: 0.9713  data: 0.0004  max mem: 31397
Epoch: [0]  [3120/5625]  eta: 0:41:01  lr: 0.000009  train_loss: 0.5366 (0.6839)  train_iou: 0.5135 (0.5027)  time: 1.0865  data: 0.0004  max mem: 31397
Epoch: [0]  [3140/5625]  eta: 0:40:41  lr: 0.000009  train_loss: 0.5353 (0.6830)  train_iou: 0.5177 (0.5029)  time: 0.9765  data: 0.0004  max mem: 31397
Epoch: [0]  [3160/5625]  eta: 0:40:21  lr: 0.000009  train_loss: 0.4503 (0.6817)  train_iou: 0.6023 (0.5037)  time: 0.9773  data: 0.0004  max mem: 31397
Epoch: [0]  [3180/5625]  eta: 0:40:01  lr: 0.000009  train_loss: 0.5734 (0.6808)  train_iou: 0.5046 (0.5041)  time: 0.9698  data: 0.0004  max mem: 31397
Epoch: [0]  [3200/5625]  eta: 0:39:42  lr: 0.000009  train_loss: 0.5111 (0.6798)  train_iou: 0.5624 (0.5044)  time: 0.9777  data: 0.0005  max mem: 31397
Epoch: [0]  [3220/5625]  eta: 0:39:22  lr: 0.000009  train_loss: 0.4241 (0.6785)  train_iou: 0.5865 (0.5051)  time: 0.9736  data: 0.0004  max mem: 31397
Epoch: [0]  [3240/5625]  eta: 0:39:02  lr: 0.000009  train_loss: 0.5788 (0.6779)  train_iou: 0.5360 (0.5054)  time: 0.9737  data: 0.0004  max mem: 31397
Epoch: [0]  [3260/5625]  eta: 0:38:42  lr: 0.000009  train_loss: 0.6203 (0.6773)  train_iou: 0.5005 (0.5055)  time: 0.9689  data: 0.0004  max mem: 31397
Epoch: [0]  [3280/5625]  eta: 0:38:22  lr: 0.000009  train_loss: 0.5332 (0.6764)  train_iou: 0.5779 (0.5059)  time: 0.9698  data: 0.0004  max mem: 31397
Epoch: [0]  [3300/5625]  eta: 0:38:03  lr: 0.000009  train_loss: 0.4421 (0.6752)  train_iou: 0.6315 (0.5066)  time: 0.9720  data: 0.0004  max mem: 31397
Epoch: [0]  [3320/5625]  eta: 0:37:43  lr: 0.000009  train_loss: 0.4557 (0.6740)  train_iou: 0.5929 (0.5072)  time: 0.9608  data: 0.0004  max mem: 31397
Epoch: [0]  [3340/5625]  eta: 0:37:23  lr: 0.000009  train_loss: 0.4899 (0.6733)  train_iou: 0.5873 (0.5076)  time: 0.9715  data: 0.0004  max mem: 31397
Epoch: [0]  [3360/5625]  eta: 0:37:03  lr: 0.000009  train_loss: 0.4962 (0.6725)  train_iou: 0.5904 (0.5079)  time: 0.9532  data: 0.0005  max mem: 31397
Epoch: [0]  [3380/5625]  eta: 0:36:43  lr: 0.000009  train_loss: 0.4759 (0.6716)  train_iou: 0.5998 (0.5084)  time: 0.9477  data: 0.0005  max mem: 31397
Epoch: [0]  [3400/5625]  eta: 0:36:23  lr: 0.000009  train_loss: 0.4796 (0.6707)  train_iou: 0.5671 (0.5087)  time: 0.9551  data: 0.0004  max mem: 31397
Epoch: [0]  [3420/5625]  eta: 0:36:03  lr: 0.000009  train_loss: 0.5167 (0.6701)  train_iou: 0.5673 (0.5090)  time: 0.9549  data: 0.0004  max mem: 31397
Epoch: [0]  [3440/5625]  eta: 0:35:43  lr: 0.000009  train_loss: 0.5280 (0.6693)  train_iou: 0.5412 (0.5093)  time: 0.9418  data: 0.0004  max mem: 31397
Epoch: [0]  [3460/5625]  eta: 0:35:23  lr: 0.000009  train_loss: 0.5944 (0.6689)  train_iou: 0.5221 (0.5095)  time: 0.9422  data: 0.0004  max mem: 31397
Epoch: [0]  [3480/5625]  eta: 0:35:03  lr: 0.000009  train_loss: 0.4760 (0.6681)  train_iou: 0.5452 (0.5097)  time: 0.9431  data: 0.0005  max mem: 31397
Epoch: [0]  [3500/5625]  eta: 0:34:43  lr: 0.000009  train_loss: 0.4604 (0.6669)  train_iou: 0.5862 (0.5101)  time: 0.9606  data: 0.0004  max mem: 31397
Epoch: [0]  [3520/5625]  eta: 0:34:23  lr: 0.000009  train_loss: 0.4856 (0.6658)  train_iou: 0.5558 (0.5106)  time: 0.9516  data: 0.0004  max mem: 31397
Epoch: [0]  [3540/5625]  eta: 0:34:03  lr: 0.000009  train_loss: 0.4526 (0.6649)  train_iou: 0.5347 (0.5110)  time: 0.9562  data: 0.0004  max mem: 31397
Epoch: [0]  [3560/5625]  eta: 0:33:43  lr: 0.000009  train_loss: 0.4246 (0.6637)  train_iou: 0.5867 (0.5114)  time: 0.9558  data: 0.0005  max mem: 31397
Epoch: [0]  [3580/5625]  eta: 0:33:23  lr: 0.000009  train_loss: 0.4049 (0.6624)  train_iou: 0.5963 (0.5119)  time: 0.9599  data: 0.0004  max mem: 31397
Epoch: [0]  [3600/5625]  eta: 0:33:03  lr: 0.000009  train_loss: 0.4183 (0.6615)  train_iou: 0.5791 (0.5123)  time: 0.9518  data: 0.0004  max mem: 31397
Epoch: [0]  [3620/5625]  eta: 0:32:43  lr: 0.000009  train_loss: 0.5856 (0.6611)  train_iou: 0.5678 (0.5125)  time: 0.9518  data: 0.0005  max mem: 31397
Epoch: [0]  [3640/5625]  eta: 0:32:23  lr: 0.000009  train_loss: 0.4566 (0.6601)  train_iou: 0.5755 (0.5128)  time: 0.9554  data: 0.0004  max mem: 31397
Epoch: [0]  [3660/5625]  eta: 0:32:04  lr: 0.000009  train_loss: 0.4571 (0.6590)  train_iou: 0.6393 (0.5133)  time: 0.9548  data: 0.0004  max mem: 31397
Epoch: [0]  [3680/5625]  eta: 0:31:44  lr: 0.000009  train_loss: 0.5280 (0.6582)  train_iou: 0.5445 (0.5134)  time: 0.9707  data: 0.0004  max mem: 31397
Epoch: [0]  [3700/5625]  eta: 0:31:24  lr: 0.000009  train_loss: 0.4674 (0.6572)  train_iou: 0.5082 (0.5136)  time: 0.9596  data: 0.0004  max mem: 31397
Epoch: [0]  [3720/5625]  eta: 0:31:04  lr: 0.000009  train_loss: 0.4523 (0.6563)  train_iou: 0.5412 (0.5139)  time: 0.9577  data: 0.0004  max mem: 31397
Epoch: [0]  [3740/5625]  eta: 0:30:44  lr: 0.000009  train_loss: 0.4187 (0.6553)  train_iou: 0.5853 (0.5141)  time: 0.9469  data: 0.0004  max mem: 31397
Epoch: [0]  [3760/5625]  eta: 0:30:25  lr: 0.000009  train_loss: 0.3968 (0.6543)  train_iou: 0.6089 (0.5144)  time: 0.9633  data: 0.0004  max mem: 31397
Epoch: [0]  [3780/5625]  eta: 0:30:05  lr: 0.000009  train_loss: 0.3877 (0.6531)  train_iou: 0.6350 (0.5148)  time: 0.9435  data: 0.0004  max mem: 31397
Epoch: [0]  [3800/5625]  eta: 0:29:45  lr: 0.000009  train_loss: 0.4081 (0.6519)  train_iou: 0.5169 (0.5148)  time: 0.9385  data: 0.0004  max mem: 31397
Epoch: [0]  [3820/5625]  eta: 0:29:25  lr: 0.000009  train_loss: 0.3604 (0.6506)  train_iou: 0.5583 (0.5152)  time: 0.9520  data: 0.0005  max mem: 31397
Epoch: [0]  [3840/5625]  eta: 0:29:05  lr: 0.000009  train_loss: 0.3664 (0.6493)  train_iou: 0.5772 (0.5155)  time: 0.9465  data: 0.0005  max mem: 31397
Epoch: [0]  [3860/5625]  eta: 0:28:45  lr: 0.000009  train_loss: 0.4850 (0.6487)  train_iou: 0.5345 (0.5156)  time: 0.9624  data: 0.0005  max mem: 31397
Epoch: [0]  [3880/5625]  eta: 0:28:26  lr: 0.000009  train_loss: 0.3990 (0.6477)  train_iou: 0.5616 (0.5159)  time: 0.9556  data: 0.0004  max mem: 31397
Epoch: [0]  [3900/5625]  eta: 0:28:06  lr: 0.000009  train_loss: 0.3466 (0.6465)  train_iou: 0.5834 (0.5163)  time: 0.9605  data: 0.0004  max mem: 31397
Epoch: [0]  [3920/5625]  eta: 0:27:46  lr: 0.000009  train_loss: 0.3918 (0.6457)  train_iou: 0.5297 (0.5165)  time: 0.9700  data: 0.0004  max mem: 31397
Epoch: [0]  [3940/5625]  eta: 0:27:27  lr: 0.000009  train_loss: 0.4506 (0.6447)  train_iou: 0.5718 (0.5168)  time: 0.9646  data: 0.0004  max mem: 31397
Epoch: [0]  [3960/5625]  eta: 0:27:07  lr: 0.000009  train_loss: 0.3953 (0.6438)  train_iou: 0.5784 (0.5171)  time: 0.9753  data: 0.0004  max mem: 31397
Epoch: [0]  [3980/5625]  eta: 0:26:48  lr: 0.000009  train_loss: 0.3693 (0.6428)  train_iou: 0.5926 (0.5175)  time: 0.9770  data: 0.0004  max mem: 31397
Epoch: [0]  [4000/5625]  eta: 0:26:28  lr: 0.000009  train_loss: 0.5101 (0.6420)  train_iou: 0.5558 (0.5178)  time: 0.9777  data: 0.0004  max mem: 31397
Epoch: [0]  [4020/5625]  eta: 0:26:09  lr: 0.000009  train_loss: 0.4006 (0.6411)  train_iou: 0.6225 (0.5184)  time: 0.9826  data: 0.0004  max mem: 31397
Epoch: [0]  [4040/5625]  eta: 0:25:49  lr: 0.000009  train_loss: 0.4403 (0.6400)  train_iou: 0.6227 (0.5189)  time: 0.9821  data: 0.0004  max mem: 31397
Epoch: [0]  [4060/5625]  eta: 0:25:29  lr: 0.000009  train_loss: 0.4173 (0.6391)  train_iou: 0.6275 (0.5193)  time: 0.9817  data: 0.0005  max mem: 31397
Epoch: [0]  [4080/5625]  eta: 0:25:10  lr: 0.000009  train_loss: 0.4354 (0.6381)  train_iou: 0.5921 (0.5197)  time: 0.9784  data: 0.0004  max mem: 31397
Epoch: [0]  [4100/5625]  eta: 0:24:50  lr: 0.000009  train_loss: 0.4660 (0.6373)  train_iou: 0.5750 (0.5199)  time: 0.9790  data: 0.0004  max mem: 31397
Epoch: [0]  [4120/5625]  eta: 0:24:31  lr: 0.000009  train_loss: 0.4981 (0.6366)  train_iou: 0.5376 (0.5201)  time: 0.9797  data: 0.0004  max mem: 31397
Epoch: [0]  [4140/5625]  eta: 0:24:11  lr: 0.000009  train_loss: 0.3749 (0.6356)  train_iou: 0.5784 (0.5204)  time: 0.9795  data: 0.0004  max mem: 31397
Epoch: [0]  [4160/5625]  eta: 0:23:52  lr: 0.000009  train_loss: 0.3860 (0.6347)  train_iou: 0.5519 (0.5205)  time: 0.9818  data: 0.0004  max mem: 31397
Epoch: [0]  [4180/5625]  eta: 0:23:32  lr: 0.000009  train_loss: 0.3613 (0.6335)  train_iou: 0.5966 (0.5209)  time: 0.9791  data: 0.0004  max mem: 31397
Epoch: [0]  [4200/5625]  eta: 0:23:13  lr: 0.000009  train_loss: 0.4356 (0.6326)  train_iou: 0.5639 (0.5212)  time: 0.9811  data: 0.0004  max mem: 31397
Epoch: [0]  [4220/5625]  eta: 0:22:53  lr: 0.000009  train_loss: 0.4312 (0.6317)  train_iou: 0.6045 (0.5215)  time: 0.9785  data: 0.0004  max mem: 31397
Epoch: [0]  [4240/5625]  eta: 0:22:34  lr: 0.000009  train_loss: 0.3730 (0.6307)  train_iou: 0.5789 (0.5217)  time: 0.9748  data: 0.0004  max mem: 31397
Epoch: [0]  [4260/5625]  eta: 0:22:14  lr: 0.000009  train_loss: 0.4072 (0.6300)  train_iou: 0.5697 (0.5219)  time: 0.9802  data: 0.0004  max mem: 31397
Epoch: [0]  [4280/5625]  eta: 0:21:55  lr: 0.000009  train_loss: 0.3910 (0.6292)  train_iou: 0.5518 (0.5221)  time: 0.9797  data: 0.0004  max mem: 31397
Epoch: [0]  [4300/5625]  eta: 0:21:35  lr: 0.000009  train_loss: 0.4010 (0.6281)  train_iou: 0.6109 (0.5225)  time: 0.9782  data: 0.0004  max mem: 31397
Epoch: [0]  [4320/5625]  eta: 0:21:15  lr: 0.000009  train_loss: 0.3916 (0.6271)  train_iou: 0.6285 (0.5230)  time: 0.9793  data: 0.0004  max mem: 31397
Epoch: [0]  [4340/5625]  eta: 0:20:56  lr: 0.000009  train_loss: 0.3619 (0.6260)  train_iou: 0.5459 (0.5232)  time: 0.9788  data: 0.0005  max mem: 31397
Epoch: [0]  [4360/5625]  eta: 0:20:36  lr: 0.000009  train_loss: 0.4239 (0.6250)  train_iou: 0.5672 (0.5233)  time: 0.9768  data: 0.0005  max mem: 31397
Epoch: [0]  [4380/5625]  eta: 0:20:17  lr: 0.000009  train_loss: 0.2811 (0.6241)  train_iou: 0.5983 (0.5236)  time: 0.9796  data: 0.0004  max mem: 31397
Epoch: [0]  [4400/5625]  eta: 0:19:57  lr: 0.000009  train_loss: 0.3830 (0.6230)  train_iou: 0.6120 (0.5240)  time: 0.9795  data: 0.0004  max mem: 31397
Epoch: [0]  [4420/5625]  eta: 0:19:38  lr: 0.000009  train_loss: 0.3535 (0.6221)  train_iou: 0.5574 (0.5242)  time: 0.9783  data: 0.0004  max mem: 31397
Epoch: [0]  [4440/5625]  eta: 0:19:18  lr: 0.000009  train_loss: 0.4573 (0.6214)  train_iou: 0.5343 (0.5243)  time: 0.9784  data: 0.0004  max mem: 31397
Epoch: [0]  [4460/5625]  eta: 0:18:59  lr: 0.000009  train_loss: 0.3918 (0.6207)  train_iou: 0.5934 (0.5246)  time: 1.0944  data: 0.0004  max mem: 31397
Epoch: [0]  [4480/5625]  eta: 0:18:40  lr: 0.000009  train_loss: 0.4072 (0.6199)  train_iou: 0.5894 (0.5249)  time: 0.9790  data: 0.0004  max mem: 31397
Epoch: [0]  [4500/5625]  eta: 0:18:20  lr: 0.000009  train_loss: 0.4793 (0.6195)  train_iou: 0.5388 (0.5250)  time: 0.9783  data: 0.0004  max mem: 31397
Epoch: [0]  [4520/5625]  eta: 0:18:01  lr: 0.000009  train_loss: 0.3162 (0.6185)  train_iou: 0.5673 (0.5252)  time: 0.9807  data: 0.0004  max mem: 31397
Epoch: [0]  [4540/5625]  eta: 0:17:41  lr: 0.000009  train_loss: 0.3819 (0.6176)  train_iou: 0.5780 (0.5255)  time: 0.9777  data: 0.0004  max mem: 31397
Epoch: [0]  [4560/5625]  eta: 0:17:21  lr: 0.000009  train_loss: 0.4025 (0.6170)  train_iou: 0.6080 (0.5258)  time: 0.9804  data: 0.0004  max mem: 31397
Epoch: [0]  [4580/5625]  eta: 0:17:02  lr: 0.000009  train_loss: 0.4480 (0.6163)  train_iou: 0.5689 (0.5260)  time: 0.9796  data: 0.0004  max mem: 31397
Epoch: [0]  [4600/5625]  eta: 0:16:42  lr: 0.000009  train_loss: 0.3392 (0.6153)  train_iou: 0.6390 (0.5264)  time: 0.9792  data: 0.0004  max mem: 31397
Epoch: [0]  [4620/5625]  eta: 0:16:23  lr: 0.000009  train_loss: 0.3503 (0.6145)  train_iou: 0.6219 (0.5268)  time: 0.9776  data: 0.0004  max mem: 31397
Epoch: [0]  [4640/5625]  eta: 0:16:03  lr: 0.000009  train_loss: 0.3668 (0.6137)  train_iou: 0.5878 (0.5271)  time: 0.9831  data: 0.0004  max mem: 31397
Epoch: [0]  [4660/5625]  eta: 0:15:44  lr: 0.000009  train_loss: 0.3452 (0.6126)  train_iou: 0.6468 (0.5276)  time: 0.9877  data: 0.0004  max mem: 31397
Epoch: [0]  [4680/5625]  eta: 0:15:24  lr: 0.000009  train_loss: 0.3718 (0.6116)  train_iou: 0.6137 (0.5280)  time: 0.9831  data: 0.0004  max mem: 31397
Epoch: [0]  [4700/5625]  eta: 0:15:05  lr: 0.000009  train_loss: 0.3234 (0.6107)  train_iou: 0.6413 (0.5284)  time: 0.9806  data: 0.0004  max mem: 31397
Epoch: [0]  [4720/5625]  eta: 0:14:45  lr: 0.000009  train_loss: 0.3382 (0.6097)  train_iou: 0.5386 (0.5285)  time: 0.9816  data: 0.0005  max mem: 31397
Epoch: [0]  [4740/5625]  eta: 0:14:25  lr: 0.000009  train_loss: 0.3391 (0.6088)  train_iou: 0.6132 (0.5289)  time: 0.9781  data: 0.0004  max mem: 31397
Epoch: [0]  [4760/5625]  eta: 0:14:06  lr: 0.000009  train_loss: 0.3553 (0.6079)  train_iou: 0.6303 (0.5290)  time: 0.9822  data: 0.0004  max mem: 31397
Epoch: [0]  [4780/5625]  eta: 0:13:46  lr: 0.000009  train_loss: 0.3937 (0.6071)  train_iou: 0.6158 (0.5294)  time: 0.9841  data: 0.0004  max mem: 31397
Epoch: [0]  [4800/5625]  eta: 0:13:27  lr: 0.000009  train_loss: 0.3442 (0.6062)  train_iou: 0.5565 (0.5296)  time: 0.9834  data: 0.0004  max mem: 31397
Epoch: [0]  [4820/5625]  eta: 0:13:07  lr: 0.000009  train_loss: 0.3728 (0.6051)  train_iou: 0.5832 (0.5300)  time: 0.9808  data: 0.0004  max mem: 31397
Epoch: [0]  [4840/5625]  eta: 0:12:48  lr: 0.000009  train_loss: 0.3396 (0.6041)  train_iou: 0.5806 (0.5303)  time: 0.9789  data: 0.0004  max mem: 31397
Epoch: [0]  [4860/5625]  eta: 0:12:28  lr: 0.000009  train_loss: 0.3049 (0.6033)  train_iou: 0.6592 (0.5308)  time: 0.9823  data: 0.0004  max mem: 31397
Epoch: [0]  [4880/5625]  eta: 0:12:08  lr: 0.000009  train_loss: 0.3288 (0.6023)  train_iou: 0.6009 (0.5311)  time: 0.9805  data: 0.0004  max mem: 31397
Epoch: [0]  [4900/5625]  eta: 0:11:49  lr: 0.000009  train_loss: 0.4328 (0.6020)  train_iou: 0.5484 (0.5312)  time: 0.9790  data: 0.0004  max mem: 31397
Epoch: [0]  [4920/5625]  eta: 0:11:29  lr: 0.000009  train_loss: 0.3501 (0.6013)  train_iou: 0.5830 (0.5315)  time: 0.9748  data: 0.0004  max mem: 31397
Epoch: [0]  [4940/5625]  eta: 0:11:10  lr: 0.000009  train_loss: 0.4908 (0.6009)  train_iou: 0.5530 (0.5315)  time: 0.9791  data: 0.0004  max mem: 31397
Epoch: [0]  [4960/5625]  eta: 0:10:50  lr: 0.000009  train_loss: 0.3420 (0.6000)  train_iou: 0.5729 (0.5318)  time: 0.9798  data: 0.0004  max mem: 31397
Epoch: [0]  [4980/5625]  eta: 0:10:31  lr: 0.000009  train_loss: 0.3929 (0.5993)  train_iou: 0.5554 (0.5319)  time: 0.9757  data: 0.0004  max mem: 31397
Epoch: [0]  [5000/5625]  eta: 0:10:11  lr: 0.000009  train_loss: 0.3561 (0.5984)  train_iou: 0.6306 (0.5323)  time: 0.9782  data: 0.0004  max mem: 31397
Epoch: [0]  [5020/5625]  eta: 0:09:51  lr: 0.000009  train_loss: 0.2878 (0.5974)  train_iou: 0.6487 (0.5326)  time: 0.9813  data: 0.0004  max mem: 31397
Epoch: [0]  [5040/5625]  eta: 0:09:32  lr: 0.000009  train_loss: 0.4970 (0.5970)  train_iou: 0.5687 (0.5328)  time: 0.9775  data: 0.0004  max mem: 31397
Epoch: [0]  [5060/5625]  eta: 0:09:12  lr: 0.000009  train_loss: 0.3519 (0.5962)  train_iou: 0.6015 (0.5329)  time: 0.9798  data: 0.0004  max mem: 31397
Epoch: [0]  [5080/5625]  eta: 0:08:53  lr: 0.000009  train_loss: 0.5168 (0.5959)  train_iou: 0.4941 (0.5328)  time: 0.9778  data: 0.0005  max mem: 31397
Epoch: [0]  [5100/5625]  eta: 0:08:33  lr: 0.000009  train_loss: 0.3944 (0.5952)  train_iou: 0.5956 (0.5329)  time: 0.9756  data: 0.0004  max mem: 31397
Epoch: [0]  [5120/5625]  eta: 0:08:14  lr: 0.000009  train_loss: 0.3644 (0.5945)  train_iou: 0.5910 (0.5331)  time: 0.9788  data: 0.0004  max mem: 31397
Epoch: [0]  [5140/5625]  eta: 0:07:54  lr: 0.000009  train_loss: 0.4119 (0.5939)  train_iou: 0.5467 (0.5331)  time: 0.9797  data: 0.0004  max mem: 31397
Epoch: [0]  [5160/5625]  eta: 0:07:34  lr: 0.000009  train_loss: 0.3696 (0.5931)  train_iou: 0.6092 (0.5334)  time: 0.9765  data: 0.0004  max mem: 31397
Epoch: [0]  [5180/5625]  eta: 0:07:15  lr: 0.000009  train_loss: 0.3174 (0.5921)  train_iou: 0.5653 (0.5338)  time: 0.9783  data: 0.0004  max mem: 31397
Epoch: [0]  [5200/5625]  eta: 0:06:55  lr: 0.000009  train_loss: 0.3412 (0.5916)  train_iou: 0.6952 (0.5343)  time: 0.9780  data: 0.0005  max mem: 31397
Epoch: [0]  [5220/5625]  eta: 0:06:36  lr: 0.000009  train_loss: 0.4019 (0.5910)  train_iou: 0.5585 (0.5344)  time: 0.9846  data: 0.0005  max mem: 31397
Epoch: [0]  [5240/5625]  eta: 0:06:16  lr: 0.000009  train_loss: 0.3271 (0.5904)  train_iou: 0.6323 (0.5347)  time: 0.9788  data: 0.0004  max mem: 31397
Epoch: [0]  [5260/5625]  eta: 0:05:57  lr: 0.000009  train_loss: 0.3467 (0.5897)  train_iou: 0.6282 (0.5350)  time: 0.9834  data: 0.0004  max mem: 31397
Epoch: [0]  [5280/5625]  eta: 0:05:37  lr: 0.000009  train_loss: 0.3242 (0.5888)  train_iou: 0.5881 (0.5353)  time: 0.9825  data: 0.0004  max mem: 31397
Epoch: [0]  [5300/5625]  eta: 0:05:18  lr: 0.000009  train_loss: 0.2784 (0.5879)  train_iou: 0.6161 (0.5356)  time: 0.9829  data: 0.0004  max mem: 31397
Epoch: [0]  [5320/5625]  eta: 0:04:58  lr: 0.000009  train_loss: 0.4209 (0.5875)  train_iou: 0.5106 (0.5356)  time: 0.9822  data: 0.0004  max mem: 31397
Epoch: [0]  [5340/5625]  eta: 0:04:38  lr: 0.000009  train_loss: 0.3590 (0.5867)  train_iou: 0.5797 (0.5359)  time: 0.9814  data: 0.0004  max mem: 31397
Epoch: [0]  [5360/5625]  eta: 0:04:19  lr: 0.000009  train_loss: 0.3157 (0.5857)  train_iou: 0.6382 (0.5363)  time: 0.9803  data: 0.0004  max mem: 31397
Epoch: [0]  [5380/5625]  eta: 0:03:59  lr: 0.000009  train_loss: 0.2723 (0.5849)  train_iou: 0.5911 (0.5365)  time: 0.9793  data: 0.0005  max mem: 31397
Epoch: [0]  [5400/5625]  eta: 0:03:40  lr: 0.000009  train_loss: 0.3958 (0.5843)  train_iou: 0.5755 (0.5367)  time: 0.9815  data: 0.0004  max mem: 31397
Epoch: [0]  [5420/5625]  eta: 0:03:20  lr: 0.000009  train_loss: 0.3912 (0.5836)  train_iou: 0.5635 (0.5369)  time: 0.9816  data: 0.0004  max mem: 31397
Epoch: [0]  [5440/5625]  eta: 0:03:01  lr: 0.000009  train_loss: 0.3335 (0.5827)  train_iou: 0.5722 (0.5371)  time: 0.9825  data: 0.0004  max mem: 31397
Epoch: [0]  [5460/5625]  eta: 0:02:41  lr: 0.000009  train_loss: 0.3344 (0.5820)  train_iou: 0.5777 (0.5372)  time: 0.9778  data: 0.0005  max mem: 31397
Epoch: [0]  [5480/5625]  eta: 0:02:21  lr: 0.000009  train_loss: 0.4053 (0.5814)  train_iou: 0.6053 (0.5375)  time: 0.9794  data: 0.0004  max mem: 31397
Epoch: [0]  [5500/5625]  eta: 0:02:02  lr: 0.000009  train_loss: 0.3958 (0.5807)  train_iou: 0.5721 (0.5377)  time: 0.9795  data: 0.0005  max mem: 31397
Epoch: [0]  [5520/5625]  eta: 0:01:42  lr: 0.000009  train_loss: 0.3637 (0.5800)  train_iou: 0.6345 (0.5380)  time: 0.9814  data: 0.0004  max mem: 31397
Epoch: [0]  [5540/5625]  eta: 0:01:23  lr: 0.000009  train_loss: 0.3417 (0.5793)  train_iou: 0.6024 (0.5382)  time: 0.9773  data: 0.0004  max mem: 31397
Epoch: [0]  [5560/5625]  eta: 0:01:03  lr: 0.000009  train_loss: 0.3516 (0.5786)  train_iou: 0.5798 (0.5384)  time: 0.9819  data: 0.0005  max mem: 31397
Epoch: [0]  [5580/5625]  eta: 0:00:44  lr: 0.000009  train_loss: 0.3654 (0.5780)  train_iou: 0.5225 (0.5384)  time: 0.9824  data: 0.0005  max mem: 31397
Epoch: [0]  [5600/5625]  eta: 0:00:24  lr: 0.000009  train_loss: 0.4382 (0.5776)  train_iou: 0.5351 (0.5384)  time: 0.9818  data: 0.0004  max mem: 31397
Epoch: [0]  [5620/5625]  eta: 0:00:04  lr: 0.000009  train_loss: 0.3915 (0.5770)  train_iou: 0.5866 (0.5386)  time: 0.9197  data: 0.0002  max mem: 31397
Epoch: [0]  [5624/5625]  eta: 0:00:00  lr: 0.000009  train_loss: 0.3716 (0.5768)  train_iou: 0.5851 (0.5386)  time: 0.8994  data: 0.0002  max mem: 31397
Epoch: [0] Total time: 1:31:44 (0.9786 s / it)
Averaged stats: lr: 0.000009  train_loss: 0.3716 (0.5768)  train_iou: 0.5851 (0.5386)
huggingface/tokenizers: The current process just got forked, after parallelism has already been used. Disabling parallelism to avoid deadlocks...
To disable this warning, you can either:
	- Avoid using `tokenizers` before the fork if possible
	- Explicitly set the environment variable TOKENIZERS_PARALLELISM=(true | false)
huggingface/tokenizers: The current process just got forked, after parallelism has already been used. Disabling parallelism to avoid deadlocks...
To disable this warning, you can either:
	- Avoid using `tokenizers` before the fork if possible
	- Explicitly set the environment variable TOKENIZERS_PARALLELISM=(true | false)
huggingface/tokenizers: The current process just got forked, after parallelism has already been used. Disabling parallelism to avoid deadlocks...
To disable this warning, you can either:
	- Avoid using `tokenizers` before the fork if possible
	- Explicitly set the environment variable TOKENIZERS_PARALLELISM=(true | false)
huggingface/tokenizers: The current process just got forked, after parallelism has already been used. Disabling parallelism to avoid deadlocks...
To disable this warning, you can either:
	- Avoid using `tokenizers` before the fork if possible
	- Explicitly set the environment variable TOKENIZERS_PARALLELISM=(true | false)
huggingface/tokenizers: The current process just got forked, after parallelism has already been used. Disabling parallelism to avoid deadlocks...
To disable this warning, you can either:
	- Avoid using `tokenizers` before the fork if possible
	- Explicitly set the environment variable TOKENIZERS_PARALLELISM=(true | false)
huggingface/tokenizers: The current process just got forked, after parallelism has already been used. Disabling parallelism to avoid deadlocks...
To disable this warning, you can either:
	- Avoid using `tokenizers` before the fork if possible
	- Explicitly set the environment variable TOKENIZERS_PARALLELISM=(true | false)
huggingface/tokenizers: The current process just got forked, after parallelism has already been used. Disabling parallelism to avoid deadlocks...
To disable this warning, you can either:
	- Avoid using `tokenizers` before the fork if possible
	- Explicitly set the environment variable TOKENIZERS_PARALLELISM=(true | false)
huggingface/tokenizers: The current process just got forked, after parallelism has already been used. Disabling parallelism to avoid deadlocks...
To disable this warning, you can either:
	- Avoid using `tokenizers` before the fork if possible
	- Explicitly set the environment variable TOKENIZERS_PARALLELISM=(true | false)
Test:  [   0/4000]  eta: 8:09:11  inter: 32649.0000 (32649.0000)  union: 35909.0000 (35909.0000)  iou: 0.9092 (0.9092)  time: 7.3379  data: 0.9000  max mem: 31397
Test:  [  50/4000]  eta: 0:43:10  inter: 20502.0000 (24801.3750)  union: 50269.0000 (42591.5156)  iou: 0.4686 (0.5485)  time: 0.1942  data: 0.0005  max mem: 31397
Test:  [ 100/4000]  eta: 0:33:40  inter: 26925.0000 (25291.9044)  union: 46714.0000 (42537.3603)  iou: 0.6264 (0.5787)  time: 0.1930  data: 0.0005  max mem: 31397
Test:  [ 150/4000]  eta: 0:26:31  inter: 18517.0000 (24720.8708)  union: 29818.0000 (40390.1053)  iou: 0.8361 (0.5996)  time: 0.2069  data: 0.0005  max mem: 31397
Test:  [ 200/4000]  eta: 0:22:41  inter: 33158.0000 (25205.4725)  union: 37719.0000 (40264.3553)  iou: 0.7410 (0.6081)  time: 0.1902  data: 0.0005  max mem: 31397
Test:  [ 250/4000]  eta: 0:20:14  inter: 14419.0000 (26567.3765)  union: 33018.0000 (41887.6476)  iou: 0.5655 (0.6008)  time: 0.1837  data: 0.0005  max mem: 31397
Test:  [ 300/4000]  eta: 0:18:42  inter: 19944.0000 (26012.6030)  union: 24517.0000 (41670.3722)  iou: 0.6760 (0.5924)  time: 0.2036  data: 0.0005  max mem: 31397
Test:  [ 350/4000]  eta: 0:17:36  inter: 11641.0000 (25113.1322)  union: 34024.0000 (41399.1322)  iou: 0.5006 (0.5822)  time: 0.2079  data: 0.0005  max mem: 31397
Test:  [ 400/4000]  eta: 0:18:23  inter: 29773.0000 (24343.0411)  union: 34682.0000 (40609.0607)  iou: 0.6272 (0.5740)  time: 0.1924  data: 0.0005  max mem: 31397
Test:  [ 450/4000]  eta: 0:17:25  inter: 12739.0000 (24031.4778)  union: 29537.0000 (40464.3444)  iou: 0.4265 (0.5710)  time: 0.2143  data: 0.0005  max mem: 31397
Test:  [ 500/4000]  eta: 0:16:36  inter: 16499.0000 (24546.3109)  union: 31382.0000 (41332.8410)  iou: 0.5844 (0.5712)  time: 0.1907  data: 0.0005  max mem: 31397
Test:  [ 550/4000]  eta: 0:15:59  inter: 19878.0000 (24461.0733)  union: 27610.0000 (41003.2558)  iou: 0.6775 (0.5768)  time: 0.2079  data: 0.0005  max mem: 31397
Test:  [ 600/4000]  eta: 0:15:22  inter: 9723.0000 (24461.3207)  union: 35189.0000 (41146.7858)  iou: 0.7026 (0.5745)  time: 0.2011  data: 0.0005  max mem: 31397
Test:  [ 650/4000]  eta: 0:14:48  inter: 24711.0000 (25014.1901)  union: 41869.0000 (41457.7072)  iou: 0.6503 (0.5753)  time: 0.1913  data: 0.0005  max mem: 31397
Test:  [ 700/4000]  eta: 0:14:19  inter: 17010.0000 (24532.3357)  union: 28762.0000 (41191.5811)  iou: 0.3737 (0.5684)  time: 0.1924  data: 0.0005  max mem: 31397
Test:  [ 750/4000]  eta: 0:13:55  inter: 26399.0000 (24439.9096)  union: 29431.0000 (41129.4558)  iou: 0.7521 (0.5722)  time: 0.2174  data: 0.0005  max mem: 31397
Test:  [ 800/4000]  eta: 0:13:30  inter: 14120.0000 (24247.6223)  union: 46576.0000 (40742.4536)  iou: 0.6411 (0.5705)  time: 0.2048  data: 0.0005  max mem: 31397
Test:  [ 850/4000]  eta: 0:13:08  inter: 21729.0000 (24371.2929)  union: 39783.0000 (40694.1598)  iou: 0.7547 (0.5733)  time: 0.1891  data: 0.0005  max mem: 31397
Test:  [ 900/4000]  eta: 0:12:48  inter: 12393.0000 (24268.3186)  union: 27285.0000 (40917.3723)  iou: 0.5025 (0.5678)  time: 0.1877  data: 0.0005  max mem: 31397
Test:  [ 950/4000]  eta: 0:12:27  inter: 24804.0000 (24220.5581)  union: 29995.0000 (41000.7509)  iou: 0.7691 (0.5670)  time: 0.1972  data: 0.0005  max mem: 31397
Test:  [1000/4000]  eta: 0:12:08  inter: 21776.0000 (24494.3849)  union: 36747.0000 (41162.6358)  iou: 0.7558 (0.5691)  time: 0.1881  data: 0.0005  max mem: 31397
Test:  [1050/4000]  eta: 0:11:49  inter: 20363.0000 (24477.6122)  union: 38784.0000 (41157.7293)  iou: 0.5272 (0.5679)  time: 0.2037  data: 0.0005  max mem: 31397
Test:  [1100/4000]  eta: 0:11:32  inter: 17717.0000 (24294.3268)  union: 31578.0000 (40931.5762)  iou: 0.6671 (0.5658)  time: 0.1983  data: 0.0005  max mem: 31397
Test:  [1150/4000]  eta: 0:11:16  inter: 11893.0000 (24341.5906)  union: 23494.0000 (40792.0949)  iou: 0.5062 (0.5685)  time: 0.2092  data: 0.0005  max mem: 31397
Test:  [1200/4000]  eta: 0:11:00  inter: 13738.0000 (24387.0624)  union: 33132.0000 (40993.8216)  iou: 0.6409 (0.5668)  time: 0.2024  data: 0.0005  max mem: 31397
Test:  [1250/4000]  eta: 0:10:45  inter: 8633.0000 (24224.0642)  union: 34473.0000 (40766.0136)  iou: 0.2229 (0.5660)  time: 0.2134  data: 0.0005  max mem: 31397
Test:  [1300/4000]  eta: 0:10:30  inter: 18053.0000 (24053.4823)  union: 36063.0000 (40551.4801)  iou: 0.4465 (0.5672)  time: 0.2032  data: 0.0005  max mem: 31397
Test:  [1350/4000]  eta: 0:10:15  inter: 25683.0000 (24090.8432)  union: 35405.0000 (40627.0174)  iou: 0.7210 (0.5677)  time: 0.2013  data: 0.0005  max mem: 31397
Test:  [1400/4000]  eta: 0:10:01  inter: 9490.0000 (24118.3912)  union: 11691.0000 (40757.4372)  iou: 0.5768 (0.5656)  time: 0.2030  data: 0.0005  max mem: 31397
Test:  [1450/4000]  eta: 0:09:47  inter: 13895.0000 (24035.8108)  union: 35832.0000 (40637.1350)  iou: 0.4827 (0.5643)  time: 0.1979  data: 0.0005  max mem: 31397
Test:  [1500/4000]  eta: 0:09:33  inter: 9106.0000 (24004.9191)  union: 39981.0000 (40726.6263)  iou: 0.4147 (0.5621)  time: 0.1976  data: 0.0005  max mem: 31397
Test:  [1550/4000]  eta: 0:09:20  inter: 19934.0000 (23885.9868)  union: 29442.0000 (40671.3677)  iou: 0.4431 (0.5625)  time: 0.2184  data: 0.0005  max mem: 31397
Test:  [1600/4000]  eta: 0:09:24  inter: 11256.0000 (23768.0194)  union: 26114.0000 (40625.2468)  iou: 0.4727 (0.5597)  time: 0.7963  data: 0.0005  max mem: 31397
Test:  [1650/4000]  eta: 0:09:09  inter: 15482.0000 (23753.2431)  union: 29923.0000 (40617.6895)  iou: 0.4085 (0.5590)  time: 0.1996  data: 0.0005  max mem: 31397
Test:  [1700/4000]  eta: 0:08:55  inter: 16661.0000 (23693.8381)  union: 39314.0000 (40637.7121)  iou: 0.5916 (0.5577)  time: 0.2007  data: 0.0005  max mem: 31397
Test:  [1750/4000]  eta: 0:08:42  inter: 21997.0000 (23646.9080)  union: 32181.0000 (40540.3906)  iou: 0.5111 (0.5575)  time: 0.2165  data: 0.0005  max mem: 31397
Test:  [1800/4000]  eta: 0:08:29  inter: 15087.0000 (23537.1547)  union: 46281.0000 (40474.4707)  iou: 0.4667 (0.5562)  time: 0.2167  data: 0.0005  max mem: 31397
Test:  [1850/4000]  eta: 0:08:15  inter: 15137.0000 (23491.3556)  union: 32701.0000 (40571.7207)  iou: 0.3891 (0.5543)  time: 0.2033  data: 0.0005  max mem: 31397
Test:  [1900/4000]  eta: 0:08:03  inter: 24902.0000 (23434.5047)  union: 50430.0000 (40492.4543)  iou: 0.4938 (0.5548)  time: 0.2097  data: 0.0005  max mem: 31397
Test:  [1950/4000]  eta: 0:07:50  inter: 10973.0000 (23397.4636)  union: 16888.0000 (40466.8269)  iou: 0.6544 (0.5544)  time: 0.2030  data: 0.0005  max mem: 31397
Test:  [2000/4000]  eta: 0:07:37  inter: 13163.0000 (23407.1657)  union: 23314.0000 (40415.4784)  iou: 0.7446 (0.5548)  time: 0.1918  data: 0.0005  max mem: 31397
Test:  [2050/4000]  eta: 0:07:25  inter: 13452.0000 (23329.8546)  union: 56159.0000 (40544.2350)  iou: 0.2606 (0.5535)  time: 0.2285  data: 0.0005  max mem: 31397
Test:  [2100/4000]  eta: 0:07:12  inter: 18530.0000 (23327.1868)  union: 32844.0000 (40515.1285)  iou: 0.8044 (0.5538)  time: 0.1923  data: 0.0005  max mem: 31397
Test:  [2150/4000]  eta: 0:06:59  inter: 16189.0000 (23317.2265)  union: 32223.0000 (40557.5883)  iou: 0.5156 (0.5527)  time: 0.1965  data: 0.0005  max mem: 31397
Test:  [2200/4000]  eta: 0:06:47  inter: 9856.0000 (23283.8291)  union: 21887.0000 (40452.7734)  iou: 0.5511 (0.5527)  time: 0.2055  data: 0.0005  max mem: 31397
Test:  [2250/4000]  eta: 0:06:35  inter: 17944.0000 (23179.6907)  union: 38349.0000 (40286.8106)  iou: 0.6219 (0.5522)  time: 0.1931  data: 0.0005  max mem: 31397
Test:  [2300/4000]  eta: 0:06:23  inter: 21553.0000 (23239.4062)  union: 40780.0000 (40271.7035)  iou: 0.5375 (0.5534)  time: 0.2071  data: 0.0005  max mem: 31397
Test:  [2350/4000]  eta: 0:06:11  inter: 14953.0000 (23172.4116)  union: 46438.0000 (40245.0126)  iou: 0.5706 (0.5532)  time: 0.2163  data: 0.0005  max mem: 31397
Test:  [2400/4000]  eta: 0:05:59  inter: 10545.0000 (23257.6432)  union: 33048.0000 (40197.2720)  iou: 0.4349 (0.5545)  time: 0.2154  data: 0.0005  max mem: 31397
Test:  [2450/4000]  eta: 0:05:47  inter: 28830.0000 (23368.4510)  union: 33875.0000 (40237.2446)  iou: 0.8511 (0.5565)  time: 0.1867  data: 0.0005  max mem: 31397
Test:  [2500/4000]  eta: 0:05:35  inter: 24087.0000 (23330.6173)  union: 38336.0000 (40239.5422)  iou: 0.7815 (0.5560)  time: 0.1894  data: 0.0005  max mem: 31397
Test:  [2550/4000]  eta: 0:05:23  inter: 29217.0000 (23442.6429)  union: 33121.0000 (40338.0701)  iou: 0.8004 (0.5568)  time: 0.2183  data: 0.0005  max mem: 31397
Test:  [2600/4000]  eta: 0:05:12  inter: 10535.0000 (23335.4964)  union: 34927.0000 (40295.4393)  iou: 0.3102 (0.5552)  time: 0.2085  data: 0.0005  max mem: 31397
Test:  [2650/4000]  eta: 0:05:00  inter: 14795.0000 (23350.9160)  union: 34039.0000 (40520.1445)  iou: 0.6231 (0.5540)  time: 0.2081  data: 0.0005  max mem: 31397
Test:  [2700/4000]  eta: 0:04:48  inter: 23297.0000 (23422.7118)  union: 30289.0000 (40603.0071)  iou: 0.8274 (0.5544)  time: 0.2006  data: 0.0005  max mem: 31397
Test:  [2750/4000]  eta: 0:04:37  inter: 22299.0000 (23506.6066)  union: 28920.0000 (40730.8740)  iou: 0.8447 (0.5538)  time: 0.1969  data: 0.0005  max mem: 31397
Test:  [2800/4000]  eta: 0:04:25  inter: 14697.0000 (23486.5779)  union: 27777.0000 (40627.2982)  iou: 0.5830 (0.5543)  time: 0.2012  data: 0.0005  max mem: 31397
Test:  [2850/4000]  eta: 0:04:14  inter: 12196.0000 (23614.6857)  union: 32813.0000 (40729.5369)  iou: 0.3778 (0.5539)  time: 0.1979  data: 0.0005  max mem: 31397
Test:  [2900/4000]  eta: 0:04:03  inter: 18145.0000 (23614.3823)  union: 26058.0000 (40771.6289)  iou: 0.6210 (0.5529)  time: 0.1933  data: 0.0005  max mem: 31397
Test:  [2950/4000]  eta: 0:03:51  inter: 21162.0000 (23649.0161)  union: 26563.0000 (40755.0762)  iou: 0.5126 (0.5533)  time: 0.1936  data: 0.0005  max mem: 31397
Test:  [3000/4000]  eta: 0:03:40  inter: 10447.0000 (23594.1333)  union: 33290.0000 (40712.5552)  iou: 0.2953 (0.5522)  time: 0.2142  data: 0.0005  max mem: 31397
Test:  [3050/4000]  eta: 0:03:29  inter: 13260.0000 (23560.1479)  union: 32274.0000 (40789.1305)  iou: 0.4518 (0.5519)  time: 0.2021  data: 0.0005  max mem: 31397
Test:  [3100/4000]  eta: 0:03:17  inter: 16973.0000 (23540.9273)  union: 41983.0000 (40761.1998)  iou: 0.4552 (0.5522)  time: 0.2029  data: 0.0005  max mem: 31397
Test:  [3150/4000]  eta: 0:03:06  inter: 12903.0000 (23455.6208)  union: 21985.0000 (40658.1986)  iou: 0.4649 (0.5517)  time: 0.2042  data: 0.0005  max mem: 31397
Test:  [3200/4000]  eta: 0:02:55  inter: 11285.0000 (23494.1075)  union: 40755.0000 (40711.2788)  iou: 0.4617 (0.5522)  time: 0.1953  data: 0.0005  max mem: 31397
Test:  [3250/4000]  eta: 0:02:44  inter: 13104.0000 (23450.7054)  union: 33821.0000 (40647.9693)  iou: 0.6903 (0.5511)  time: 0.2024  data: 0.0005  max mem: 31397
Test:  [3300/4000]  eta: 0:02:33  inter: 24411.0000 (23520.5999)  union: 48114.0000 (40778.4003)  iou: 0.6254 (0.5501)  time: 0.2178  data: 0.0005  max mem: 31397
Test:  [3350/4000]  eta: 0:02:22  inter: 9633.0000 (23501.6511)  union: 16083.0000 (40778.4450)  iou: 0.6586 (0.5504)  time: 0.1887  data: 0.0005  max mem: 31397
Test:  [3400/4000]  eta: 0:02:11  inter: 22450.0000 (23608.7768)  union: 39520.0000 (40843.4144)  iou: 0.8344 (0.5515)  time: 0.2119  data: 0.0005  max mem: 31397
Test:  [3450/4000]  eta: 0:02:00  inter: 19168.0000 (23619.1659)  union: 31352.0000 (40880.3272)  iou: 0.5304 (0.5514)  time: 0.1967  data: 0.0005  max mem: 31397
Test:  [3500/4000]  eta: 0:01:48  inter: 14955.0000 (23598.1381)  union: 21201.0000 (40817.5391)  iou: 0.6297 (0.5516)  time: 0.1937  data: 0.0005  max mem: 31397
Test:  [3550/4000]  eta: 0:01:37  inter: 25777.0000 (23603.9568)  union: 37149.0000 (40845.3880)  iou: 0.8026 (0.5510)  time: 0.1927  data: 0.0005  max mem: 31397
Test:  [3600/4000]  eta: 0:01:27  inter: 21069.0000 (23568.0386)  union: 32347.0000 (40788.0599)  iou: 0.6101 (0.5501)  time: 0.1986  data: 0.0005  max mem: 31397
Test:  [3650/4000]  eta: 0:01:16  inter: 16770.0000 (23508.5958)  union: 38726.0000 (40760.4855)  iou: 0.4312 (0.5499)  time: 0.2232  data: 0.0005  max mem: 31397
Test:  [3700/4000]  eta: 0:01:05  inter: 23042.0000 (23607.0969)  union: 39341.0000 (40791.4779)  iou: 0.6402 (0.5508)  time: 0.1984  data: 0.0005  max mem: 31397
Test:  [3750/4000]  eta: 0:00:54  inter: 22546.0000 (23627.1157)  union: 44614.0000 (40839.7339)  iou: 0.4405 (0.5514)  time: 0.1958  data: 0.0005  max mem: 31397
Test:  [3800/4000]  eta: 0:00:43  inter: 21520.0000 (23664.2742)  union: 29507.0000 (40832.5250)  iou: 0.5716 (0.5518)  time: 0.1877  data: 0.0005  max mem: 31397
Test:  [3850/4000]  eta: 0:00:32  inter: 20620.0000 (23677.4990)  union: 33844.0000 (40847.4065)  iou: 0.8250 (0.5523)  time: 0.1981  data: 0.0005  max mem: 31397
Test:  [3900/4000]  eta: 0:00:21  inter: 18470.0000 (23679.3961)  union: 35231.0000 (40912.7744)  iou: 0.6404 (0.5520)  time: 0.2011  data: 0.0005  max mem: 31397
Test:  [3950/4000]  eta: 0:00:10  inter: 17247.0000 (23647.2243)  union: 42115.0000 (40870.1335)  iou: 0.6955 (0.5521)  time: 0.1943  data: 0.0005  max mem: 31397
Test:  [3999/4000]  eta: 0:00:00  inter: 14258.0000 (23610.7777)  union: 33044.0000 (40796.7150)  iou: 0.5355 (0.5530)  time: 0.1775  data: 0.0002  max mem: 31397
Test: Total time: 0:14:25 (0.2165 s / it)
* IoU 0.553 oIoU 0.579
IoU of the network on the 4000 test images: 0.6%
Max IoU: 0.55%
huggingface/tokenizers: The current process just got forked, after parallelism has already been used. Disabling parallelism to avoid deadlocks...
To disable this warning, you can either:
	- Avoid using `tokenizers` before the fork if possible
	- Explicitly set the environment variable TOKENIZERS_PARALLELISM=(true | false)
huggingface/tokenizers: The current process just got forked, after parallelism has already been used. Disabling parallelism to avoid deadlocks...
To disable this warning, you can either:
	- Avoid using `tokenizers` before the fork if possible
	- Explicitly set the environment variable TOKENIZERS_PARALLELISM=(true | false)
huggingface/tokenizers: The current process just got forked, after parallelism has already been used. Disabling parallelism to avoid deadlocks...
To disable this warning, you can either:
	- Avoid using `tokenizers` before the fork if possible
	- Explicitly set the environment variable TOKENIZERS_PARALLELISM=(true | false)
huggingface/tokenizers: The current process just got forked, after parallelism has already been used. Disabling parallelism to avoid deadlocks...
To disable this warning, you can either:
	- Avoid using `tokenizers` before the fork if possible
	- Explicitly set the environment variable TOKENIZERS_PARALLELISM=(true | false)
huggingface/tokenizers: The current process just got forked, after parallelism has already been used. Disabling parallelism to avoid deadlocks...
To disable this warning, you can either:
	- Avoid using `tokenizers` before the fork if possible
	- Explicitly set the environment variable TOKENIZERS_PARALLELISM=(true | false)
huggingface/tokenizers: The current process just got forked, after parallelism has already been used. Disabling parallelism to avoid deadlocks...
To disable this warning, you can either:
	- Avoid using `tokenizers` before the fork if possible
	- Explicitly set the environment variable TOKENIZERS_PARALLELISM=(true | false)
huggingface/tokenizers: The current process just got forked, after parallelism has already been used. Disabling parallelism to avoid deadlocks...
To disable this warning, you can either:
	- Avoid using `tokenizers` before the fork if possible
	- Explicitly set the environment variable TOKENIZERS_PARALLELISM=(true | false)
huggingface/tokenizers: The current process just got forked, after parallelism has already been used. Disabling parallelism to avoid deadlocks...
To disable this warning, you can either:
	- Avoid using `tokenizers` before the fork if possible
	- Explicitly set the environment variable TOKENIZERS_PARALLELISM=(true | false)
Epoch: [1]  [   0/5625]  eta: 7:43:11  lr: 0.000009  train_loss: 0.3305 (0.3305)  train_iou: 0.5524 (0.5524)  time: 4.9408  data: 3.5746  max mem: 31397
Epoch: [1]  [  20/5625]  eta: 1:52:17  lr: 0.000009  train_loss: 0.4020 (0.4214)  train_iou: 0.6126 (0.6008)  time: 1.0152  data: 0.0004  max mem: 31397
Epoch: [1]  [  40/5625]  eta: 1:43:36  lr: 0.000009  train_loss: 0.3687 (0.4066)  train_iou: 0.5548 (0.5770)  time: 1.0198  data: 0.0005  max mem: 31397
Epoch: [1]  [  60/5625]  eta: 1:40:21  lr: 0.000009  train_loss: 0.3458 (0.3852)  train_iou: 0.5666 (0.5786)  time: 1.0183  data: 0.0004  max mem: 31397
Epoch: [1]  [  80/5625]  eta: 1:38:41  lr: 0.000009  train_loss: 0.3436 (0.3753)  train_iou: 0.5949 (0.5873)  time: 1.0245  data: 0.0004  max mem: 31397
Epoch: [1]  [ 100/5625]  eta: 1:37:26  lr: 0.000009  train_loss: 0.2442 (0.3654)  train_iou: 0.6145 (0.5932)  time: 1.0188  data: 0.0005  max mem: 31397
Epoch: [1]  [ 120/5625]  eta: 1:36:30  lr: 0.000009  train_loss: 0.3729 (0.3697)  train_iou: 0.5185 (0.5871)  time: 1.0203  data: 0.0004  max mem: 31397
Epoch: [1]  [ 140/5625]  eta: 1:35:43  lr: 0.000009  train_loss: 0.3612 (0.3750)  train_iou: 0.5970 (0.5901)  time: 1.0177  data: 0.0004  max mem: 31397
Epoch: [1]  [ 160/5625]  eta: 1:35:09  lr: 0.000009  train_loss: 0.3772 (0.3831)  train_iou: 0.6155 (0.5932)  time: 1.0289  data: 0.0005  max mem: 31397
Epoch: [1]  [ 180/5625]  eta: 1:34:34  lr: 0.000009  train_loss: 0.2364 (0.3730)  train_iou: 0.6329 (0.5967)  time: 1.0210  data: 0.0005  max mem: 31397
Epoch: [1]  [ 200/5625]  eta: 1:34:01  lr: 0.000009  train_loss: 0.3276 (0.3713)  train_iou: 0.6000 (0.5987)  time: 1.0203  data: 0.0004  max mem: 31397
Epoch: [1]  [ 220/5625]  eta: 1:33:31  lr: 0.000009  train_loss: 0.3805 (0.3740)  train_iou: 0.6081 (0.5975)  time: 1.0200  data: 0.0004  max mem: 31397
Epoch: [1]  [ 240/5625]  eta: 1:33:03  lr: 0.000009  train_loss: 0.3214 (0.3737)  train_iou: 0.5677 (0.5969)  time: 1.0227  data: 0.0004  max mem: 31397
Epoch: [1]  [ 260/5625]  eta: 1:32:35  lr: 0.000009  train_loss: 0.3224 (0.3720)  train_iou: 0.6054 (0.5995)  time: 1.0199  data: 0.0004  max mem: 31397
Epoch: [1]  [ 280/5625]  eta: 1:33:02  lr: 0.000009  train_loss: 0.4035 (0.3758)  train_iou: 0.5933 (0.5990)  time: 1.1594  data: 0.0004  max mem: 31397
Epoch: [1]  [ 300/5625]  eta: 1:32:33  lr: 0.000009  train_loss: 0.2701 (0.3718)  train_iou: 0.6544 (0.6010)  time: 1.0223  data: 0.0004  max mem: 31397
Epoch: [1]  [ 320/5625]  eta: 1:32:06  lr: 0.000009  train_loss: 0.2812 (0.3687)  train_iou: 0.6266 (0.6015)  time: 1.0226  data: 0.0004  max mem: 31397
Epoch: [1]  [ 340/5625]  eta: 1:31:38  lr: 0.000009  train_loss: 0.2521 (0.3647)  train_iou: 0.6281 (0.6036)  time: 1.0199  data: 0.0004  max mem: 31397
Epoch: [1]  [ 360/5625]  eta: 1:31:11  lr: 0.000009  train_loss: 0.3036 (0.3649)  train_iou: 0.5856 (0.6026)  time: 1.0189  data: 0.0005  max mem: 31397
Epoch: [1]  [ 380/5625]  eta: 1:30:44  lr: 0.000009  train_loss: 0.4398 (0.3679)  train_iou: 0.6334 (0.6046)  time: 1.0177  data: 0.0004  max mem: 31397
Epoch: [1]  [ 400/5625]  eta: 1:30:16  lr: 0.000009  train_loss: 0.3048 (0.3683)  train_iou: 0.6157 (0.6042)  time: 1.0100  data: 0.0004  max mem: 31397
Epoch: [1]  [ 420/5625]  eta: 1:29:51  lr: 0.000009  train_loss: 0.3352 (0.3692)  train_iou: 0.6372 (0.6050)  time: 1.0199  data: 0.0004  max mem: 31397
Epoch: [1]  [ 440/5625]  eta: 1:29:29  lr: 0.000009  train_loss: 0.3179 (0.3702)  train_iou: 0.5916 (0.6036)  time: 1.0308  data: 0.0005  max mem: 31397
Epoch: [1]  [ 460/5625]  eta: 1:29:05  lr: 0.000009  train_loss: 0.3598 (0.3709)  train_iou: 0.6183 (0.6048)  time: 1.0210  data: 0.0004  max mem: 31397
Epoch: [1]  [ 480/5625]  eta: 1:28:41  lr: 0.000009  train_loss: 0.3893 (0.3734)  train_iou: 0.5932 (0.6047)  time: 1.0158  data: 0.0004  max mem: 31397
Epoch: [1]  [ 500/5625]  eta: 1:28:17  lr: 0.000009  train_loss: 0.3143 (0.3734)  train_iou: 0.6364 (0.6053)  time: 1.0225  data: 0.0004  max mem: 31397
Epoch: [1]  [ 520/5625]  eta: 1:27:53  lr: 0.000009  train_loss: 0.3432 (0.3741)  train_iou: 0.6034 (0.6049)  time: 1.0156  data: 0.0004  max mem: 31397
Epoch: [1]  [ 540/5625]  eta: 1:27:30  lr: 0.000009  train_loss: 0.3468 (0.3725)  train_iou: 0.5833 (0.6046)  time: 1.0206  data: 0.0004  max mem: 31397
Epoch: [1]  [ 560/5625]  eta: 1:27:08  lr: 0.000009  train_loss: 0.4177 (0.3742)  train_iou: 0.5950 (0.6042)  time: 1.0235  data: 0.0004  max mem: 31397
Epoch: [1]  [ 580/5625]  eta: 1:26:45  lr: 0.000009  train_loss: 0.3193 (0.3741)  train_iou: 0.5879 (0.6034)  time: 1.0216  data: 0.0004  max mem: 31397
Epoch: [1]  [ 600/5625]  eta: 1:26:23  lr: 0.000009  train_loss: 0.2724 (0.3724)  train_iou: 0.6079 (0.6027)  time: 1.0193  data: 0.0004  max mem: 31397
Epoch: [1]  [ 620/5625]  eta: 1:25:59  lr: 0.000009  train_loss: 0.2543 (0.3707)  train_iou: 0.5762 (0.6032)  time: 1.0147  data: 0.0004  max mem: 31397
Epoch: [1]  [ 640/5625]  eta: 1:25:37  lr: 0.000009  train_loss: 0.2793 (0.3696)  train_iou: 0.6083 (0.6043)  time: 1.0192  data: 0.0004  max mem: 31397
Epoch: [1]  [ 660/5625]  eta: 1:25:14  lr: 0.000009  train_loss: 0.3256 (0.3704)  train_iou: 0.5806 (0.6039)  time: 1.0157  data: 0.0004  max mem: 31397
Epoch: [1]  [ 680/5625]  eta: 1:24:53  lr: 0.000009  train_loss: 0.2704 (0.3695)  train_iou: 0.5994 (0.6047)  time: 1.0250  data: 0.0004  max mem: 31397
Epoch: [1]  [ 700/5625]  eta: 1:24:31  lr: 0.000009  train_loss: 0.3442 (0.3696)  train_iou: 0.5626 (0.6037)  time: 1.0211  data: 0.0005  max mem: 31397
Epoch: [1]  [ 720/5625]  eta: 1:24:09  lr: 0.000009  train_loss: 0.2608 (0.3696)  train_iou: 0.6041 (0.6045)  time: 1.0179  data: 0.0004  max mem: 31397
Epoch: [1]  [ 740/5625]  eta: 1:23:47  lr: 0.000009  train_loss: 0.3650 (0.3696)  train_iou: 0.6299 (0.6059)  time: 1.0191  data: 0.0004  max mem: 31397
Epoch: [1]  [ 760/5625]  eta: 1:23:25  lr: 0.000009  train_loss: 0.3627 (0.3696)  train_iou: 0.6023 (0.6065)  time: 1.0197  data: 0.0004  max mem: 31397
Epoch: [1]  [ 780/5625]  eta: 1:23:03  lr: 0.000009  train_loss: 0.4479 (0.3713)  train_iou: 0.5840 (0.6062)  time: 1.0183  data: 0.0004  max mem: 31397
Epoch: [1]  [ 800/5625]  eta: 1:22:41  lr: 0.000009  train_loss: 0.3235 (0.3715)  train_iou: 0.6169 (0.6065)  time: 1.0187  data: 0.0004  max mem: 31397
Epoch: [1]  [ 820/5625]  eta: 1:22:19  lr: 0.000009  train_loss: 0.3544 (0.3729)  train_iou: 0.5695 (0.6060)  time: 1.0175  data: 0.0004  max mem: 31397
Epoch: [1]  [ 840/5625]  eta: 1:21:58  lr: 0.000009  train_loss: 0.3348 (0.3720)  train_iou: 0.6542 (0.6070)  time: 1.0197  data: 0.0004  max mem: 31397
Epoch: [1]  [ 860/5625]  eta: 1:21:37  lr: 0.000009  train_loss: 0.2235 (0.3702)  train_iou: 0.6342 (0.6074)  time: 1.0231  data: 0.0004  max mem: 31397
Epoch: [1]  [ 880/5625]  eta: 1:21:15  lr: 0.000009  train_loss: 0.3254 (0.3700)  train_iou: 0.6197 (0.6076)  time: 1.0181  data: 0.0004  max mem: 31397
Epoch: [1]  [ 900/5625]  eta: 1:20:53  lr: 0.000009  train_loss: 0.3413 (0.3702)  train_iou: 0.5871 (0.6076)  time: 1.0158  data: 0.0004  max mem: 31397
Epoch: [1]  [ 920/5625]  eta: 1:20:32  lr: 0.000009  train_loss: 0.2672 (0.3685)  train_iou: 0.6200 (0.6080)  time: 1.0185  data: 0.0004  max mem: 31397
Epoch: [1]  [ 940/5625]  eta: 1:20:10  lr: 0.000009  train_loss: 0.2916 (0.3675)  train_iou: 0.6317 (0.6083)  time: 1.0165  data: 0.0004  max mem: 31397
Epoch: [1]  [ 960/5625]  eta: 1:19:49  lr: 0.000009  train_loss: 0.3466 (0.3675)  train_iou: 0.6256 (0.6083)  time: 1.0190  data: 0.0004  max mem: 31397
Epoch: [1]  [ 980/5625]  eta: 1:19:28  lr: 0.000009  train_loss: 0.2471 (0.3664)  train_iou: 0.6698 (0.6092)  time: 1.0203  data: 0.0004  max mem: 31397
Epoch: [1]  [1000/5625]  eta: 1:19:07  lr: 0.000009  train_loss: 0.2548 (0.3660)  train_iou: 0.5943 (0.6094)  time: 1.0197  data: 0.0004  max mem: 31397
Epoch: [1]  [1020/5625]  eta: 1:18:46  lr: 0.000009  train_loss: 0.2721 (0.3656)  train_iou: 0.6321 (0.6100)  time: 1.0207  data: 0.0004  max mem: 31397
Epoch: [1]  [1040/5625]  eta: 1:18:25  lr: 0.000009  train_loss: 0.3590 (0.3666)  train_iou: 0.5497 (0.6094)  time: 1.0234  data: 0.0004  max mem: 31397
Epoch: [1]  [1060/5625]  eta: 1:18:04  lr: 0.000009  train_loss: 0.3400 (0.3665)  train_iou: 0.6012 (0.6094)  time: 1.0207  data: 0.0004  max mem: 31397
Epoch: [1]  [1080/5625]  eta: 1:17:43  lr: 0.000009  train_loss: 0.3378 (0.3674)  train_iou: 0.5531 (0.6090)  time: 1.0187  data: 0.0004  max mem: 31397
Epoch: [1]  [1100/5625]  eta: 1:17:22  lr: 0.000009  train_loss: 0.2644 (0.3667)  train_iou: 0.6335 (0.6092)  time: 1.0250  data: 0.0004  max mem: 31397
Epoch: [1]  [1120/5625]  eta: 1:17:01  lr: 0.000009  train_loss: 0.3459 (0.3677)  train_iou: 0.6325 (0.6094)  time: 1.0137  data: 0.0004  max mem: 31397
Epoch: [1]  [1140/5625]  eta: 1:16:39  lr: 0.000009  train_loss: 0.3298 (0.3675)  train_iou: 0.5992 (0.6090)  time: 1.0145  data: 0.0004  max mem: 31397
Epoch: [1]  [1160/5625]  eta: 1:16:19  lr: 0.000009  train_loss: 0.3317 (0.3675)  train_iou: 0.5658 (0.6083)  time: 1.0245  data: 0.0004  max mem: 31397
Epoch: [1]  [1180/5625]  eta: 1:15:57  lr: 0.000009  train_loss: 0.3400 (0.3673)  train_iou: 0.5761 (0.6076)  time: 1.0139  data: 0.0004  max mem: 31397
Epoch: [1]  [1200/5625]  eta: 1:15:36  lr: 0.000009  train_loss: 0.4127 (0.3688)  train_iou: 0.5653 (0.6066)  time: 1.0169  data: 0.0004  max mem: 31397
Epoch: [1]  [1220/5625]  eta: 1:15:15  lr: 0.000009  train_loss: 0.3281 (0.3685)  train_iou: 0.5579 (0.6064)  time: 1.0210  data: 0.0004  max mem: 31397
Epoch: [1]  [1240/5625]  eta: 1:14:54  lr: 0.000009  train_loss: 0.3287 (0.3683)  train_iou: 0.6028 (0.6060)  time: 1.0142  data: 0.0004  max mem: 31397
Epoch: [1]  [1260/5625]  eta: 1:14:33  lr: 0.000009  train_loss: 0.2959 (0.3683)  train_iou: 0.6571 (0.6064)  time: 1.0166  data: 0.0004  max mem: 31397
Epoch: [1]  [1280/5625]  eta: 1:14:12  lr: 0.000009  train_loss: 0.3046 (0.3678)  train_iou: 0.6432 (0.6071)  time: 1.0236  data: 0.0004  max mem: 31397
Epoch: [1]  [1300/5625]  eta: 1:13:51  lr: 0.000009  train_loss: 0.3442 (0.3677)  train_iou: 0.5581 (0.6066)  time: 1.0148  data: 0.0004  max mem: 31397
Epoch: [1]  [1320/5625]  eta: 1:13:30  lr: 0.000009  train_loss: 0.3110 (0.3672)  train_iou: 0.5681 (0.6066)  time: 1.0173  data: 0.0004  max mem: 31397
Epoch: [1]  [1340/5625]  eta: 1:13:10  lr: 0.000009  train_loss: 0.3257 (0.3673)  train_iou: 0.5920 (0.6067)  time: 1.0280  data: 0.0004  max mem: 31397
Epoch: [1]  [1360/5625]  eta: 1:12:49  lr: 0.000009  train_loss: 0.2967 (0.3672)  train_iou: 0.6045 (0.6069)  time: 1.0200  data: 0.0004  max mem: 31397
Epoch: [1]  [1380/5625]  eta: 1:12:29  lr: 0.000009  train_loss: 0.2521 (0.3657)  train_iou: 0.6298 (0.6071)  time: 1.0247  data: 0.0004  max mem: 31397
Epoch: [1]  [1400/5625]  eta: 1:12:08  lr: 0.000009  train_loss: 0.4210 (0.3663)  train_iou: 0.6250 (0.6075)  time: 1.0249  data: 0.0005  max mem: 31397
Epoch: [1]  [1420/5625]  eta: 1:11:47  lr: 0.000009  train_loss: 0.3380 (0.3667)  train_iou: 0.5971 (0.6074)  time: 1.0185  data: 0.0004  max mem: 31397
Epoch: [1]  [1440/5625]  eta: 1:11:27  lr: 0.000009  train_loss: 0.2766 (0.3664)  train_iou: 0.6518 (0.6078)  time: 1.0207  data: 0.0004  max mem: 31397
Epoch: [1]  [1460/5625]  eta: 1:11:07  lr: 0.000009  train_loss: 0.3811 (0.3665)  train_iou: 0.6012 (0.6075)  time: 1.0348  data: 0.0004  max mem: 31397
Epoch: [1]  [1480/5625]  eta: 1:10:46  lr: 0.000009  train_loss: 0.3441 (0.3672)  train_iou: 0.6354 (0.6075)  time: 1.0198  data: 0.0004  max mem: 31397
Epoch: [1]  [1500/5625]  eta: 1:10:25  lr: 0.000009  train_loss: 0.2666 (0.3662)  train_iou: 0.6751 (0.6078)  time: 1.0228  data: 0.0004  max mem: 31397
Epoch: [1]  [1520/5625]  eta: 1:10:05  lr: 0.000009  train_loss: 0.3055 (0.3655)  train_iou: 0.6485 (0.6088)  time: 1.0237  data: 0.0004  max mem: 31397
Epoch: [1]  [1540/5625]  eta: 1:09:44  lr: 0.000009  train_loss: 0.2811 (0.3651)  train_iou: 0.6501 (0.6093)  time: 1.0180  data: 0.0005  max mem: 31397
Epoch: [1]  [1560/5625]  eta: 1:09:23  lr: 0.000009  train_loss: 0.3221 (0.3644)  train_iou: 0.5489 (0.6087)  time: 1.0167  data: 0.0004  max mem: 31397
Epoch: [1]  [1580/5625]  eta: 1:09:03  lr: 0.000009  train_loss: 0.2754 (0.3637)  train_iou: 0.6343 (0.6090)  time: 1.0217  data: 0.0004  max mem: 31397
Epoch: [1]  [1600/5625]  eta: 1:08:42  lr: 0.000009  train_loss: 0.2833 (0.3634)  train_iou: 0.6510 (0.6093)  time: 1.0224  data: 0.0004  max mem: 31397
Epoch: [1]  [1620/5625]  eta: 1:08:21  lr: 0.000009  train_loss: 0.3357 (0.3640)  train_iou: 0.6048 (0.6093)  time: 1.0214  data: 0.0004  max mem: 31397
Epoch: [1]  [1640/5625]  eta: 1:08:01  lr: 0.000009  train_loss: 0.3176 (0.3639)  train_iou: 0.6300 (0.6095)  time: 1.0257  data: 0.0004  max mem: 31397
Epoch: [1]  [1660/5625]  eta: 1:07:40  lr: 0.000009  train_loss: 0.2848 (0.3635)  train_iou: 0.6041 (0.6096)  time: 1.0243  data: 0.0004  max mem: 31397
Epoch: [1]  [1680/5625]  eta: 1:07:20  lr: 0.000009  train_loss: 0.3125 (0.3631)  train_iou: 0.5770 (0.6092)  time: 1.0199  data: 0.0004  max mem: 31397
Epoch: [1]  [1700/5625]  eta: 1:06:59  lr: 0.000009  train_loss: 0.3465 (0.3636)  train_iou: 0.5420 (0.6089)  time: 1.0232  data: 0.0004  max mem: 31397
Epoch: [1]  [1720/5625]  eta: 1:06:39  lr: 0.000009  train_loss: 0.2707 (0.3636)  train_iou: 0.5818 (0.6086)  time: 1.0225  data: 0.0004  max mem: 31397
Epoch: [1]  [1740/5625]  eta: 1:06:18  lr: 0.000009  train_loss: 0.2800 (0.3631)  train_iou: 0.6306 (0.6087)  time: 1.0188  data: 0.0004  max mem: 31397
Epoch: [1]  [1760/5625]  eta: 1:05:57  lr: 0.000009  train_loss: 0.2882 (0.3629)  train_iou: 0.5577 (0.6084)  time: 1.0161  data: 0.0004  max mem: 31397
Epoch: [1]  [1780/5625]  eta: 1:05:37  lr: 0.000009  train_loss: 0.2350 (0.3618)  train_iou: 0.6805 (0.6092)  time: 1.0235  data: 0.0005  max mem: 31397
Epoch: [1]  [1800/5625]  eta: 1:05:16  lr: 0.000009  train_loss: 0.2255 (0.3611)  train_iou: 0.6272 (0.6095)  time: 1.0185  data: 0.0004  max mem: 31397
Epoch: [1]  [1820/5625]  eta: 1:04:55  lr: 0.000009  train_loss: 0.2961 (0.3605)  train_iou: 0.6137 (0.6096)  time: 1.0242  data: 0.0004  max mem: 31397
Epoch: [1]  [1840/5625]  eta: 1:04:35  lr: 0.000009  train_loss: 0.2587 (0.3599)  train_iou: 0.6359 (0.6099)  time: 1.0237  data: 0.0004  max mem: 31397
Epoch: [1]  [1860/5625]  eta: 1:04:14  lr: 0.000009  train_loss: 0.2611 (0.3592)  train_iou: 0.6396 (0.6101)  time: 1.0210  data: 0.0004  max mem: 31397
Epoch: [1]  [1880/5625]  eta: 1:03:54  lr: 0.000009  train_loss: 0.2420 (0.3588)  train_iou: 0.6058 (0.6100)  time: 1.0182  data: 0.0004  max mem: 31397
Epoch: [1]  [1900/5625]  eta: 1:03:33  lr: 0.000009  train_loss: 0.3773 (0.3593)  train_iou: 0.5888 (0.6098)  time: 1.0206  data: 0.0004  max mem: 31397
Epoch: [1]  [1920/5625]  eta: 1:03:12  lr: 0.000009  train_loss: 0.2422 (0.3585)  train_iou: 0.6385 (0.6099)  time: 1.0181  data: 0.0004  max mem: 31397
Epoch: [1]  [1940/5625]  eta: 1:02:52  lr: 0.000009  train_loss: 0.2326 (0.3581)  train_iou: 0.6722 (0.6102)  time: 1.0180  data: 0.0004  max mem: 31397
Epoch: [1]  [1960/5625]  eta: 1:02:31  lr: 0.000009  train_loss: 0.3099 (0.3580)  train_iou: 0.5910 (0.6103)  time: 1.0266  data: 0.0004  max mem: 31397
Epoch: [1]  [1980/5625]  eta: 1:02:11  lr: 0.000009  train_loss: 0.2764 (0.3576)  train_iou: 0.6573 (0.6109)  time: 1.0308  data: 0.0004  max mem: 31397
Epoch: [1]  [2000/5625]  eta: 1:01:51  lr: 0.000009  train_loss: 0.2544 (0.3576)  train_iou: 0.5824 (0.6108)  time: 1.0252  data: 0.0004  max mem: 31397
Epoch: [1]  [2020/5625]  eta: 1:01:30  lr: 0.000009  train_loss: 0.3448 (0.3575)  train_iou: 0.6121 (0.6106)  time: 1.0257  data: 0.0004  max mem: 31397
Epoch: [1]  [2040/5625]  eta: 1:01:10  lr: 0.000009  train_loss: 0.3200 (0.3579)  train_iou: 0.5735 (0.6105)  time: 1.0192  data: 0.0004  max mem: 31397
Epoch: [1]  [2060/5625]  eta: 1:00:49  lr: 0.000009  train_loss: 0.2901 (0.3579)  train_iou: 0.5630 (0.6103)  time: 1.0151  data: 0.0004  max mem: 31397
Epoch: [1]  [2080/5625]  eta: 1:00:28  lr: 0.000009  train_loss: 0.2368 (0.3575)  train_iou: 0.6829 (0.6108)  time: 1.0192  data: 0.0004  max mem: 31397
Epoch: [1]  [2100/5625]  eta: 1:00:08  lr: 0.000009  train_loss: 0.2903 (0.3571)  train_iou: 0.6021 (0.6110)  time: 1.0162  data: 0.0004  max mem: 31397
Epoch: [1]  [2120/5625]  eta: 0:59:47  lr: 0.000009  train_loss: 0.2989 (0.3571)  train_iou: 0.6470 (0.6112)  time: 1.0134  data: 0.0004  max mem: 31397
Epoch: [1]  [2140/5625]  eta: 0:59:26  lr: 0.000009  train_loss: 0.3108 (0.3573)  train_iou: 0.6004 (0.6111)  time: 1.0145  data: 0.0004  max mem: 31397
Epoch: [1]  [2160/5625]  eta: 0:59:06  lr: 0.000009  train_loss: 0.3186 (0.3576)  train_iou: 0.5809 (0.6108)  time: 1.0275  data: 0.0004  max mem: 31397
Epoch: [1]  [2180/5625]  eta: 0:58:45  lr: 0.000009  train_loss: 0.3058 (0.3575)  train_iou: 0.6216 (0.6111)  time: 1.0203  data: 0.0004  max mem: 31397
Epoch: [1]  [2200/5625]  eta: 0:58:25  lr: 0.000009  train_loss: 0.3120 (0.3572)  train_iou: 0.6020 (0.6114)  time: 1.0251  data: 0.0004  max mem: 31397
Epoch: [1]  [2220/5625]  eta: 0:58:04  lr: 0.000009  train_loss: 0.4044 (0.3575)  train_iou: 0.6031 (0.6111)  time: 1.0240  data: 0.0004  max mem: 31397
Epoch: [1]  [2240/5625]  eta: 0:57:43  lr: 0.000009  train_loss: 0.2890 (0.3573)  train_iou: 0.5882 (0.6110)  time: 1.0145  data: 0.0004  max mem: 31397
Epoch: [1]  [2260/5625]  eta: 0:57:23  lr: 0.000009  train_loss: 0.3114 (0.3573)  train_iou: 0.6194 (0.6109)  time: 1.0143  data: 0.0004  max mem: 31397
Epoch: [1]  [2280/5625]  eta: 0:57:02  lr: 0.000009  train_loss: 0.3819 (0.3572)  train_iou: 0.5537 (0.6104)  time: 1.0258  data: 0.0004  max mem: 31397
Epoch: [1]  [2300/5625]  eta: 0:56:42  lr: 0.000009  train_loss: 0.2793 (0.3567)  train_iou: 0.6311 (0.6106)  time: 1.0237  data: 0.0005  max mem: 31397
Epoch: [1]  [2320/5625]  eta: 0:56:21  lr: 0.000009  train_loss: 0.2918 (0.3567)  train_iou: 0.5519 (0.6105)  time: 1.0240  data: 0.0004  max mem: 31397
Epoch: [1]  [2340/5625]  eta: 0:56:01  lr: 0.000009  train_loss: 0.2956 (0.3563)  train_iou: 0.6338 (0.6106)  time: 1.0215  data: 0.0004  max mem: 31397
Epoch: [1]  [2360/5625]  eta: 0:55:40  lr: 0.000009  train_loss: 0.3874 (0.3568)  train_iou: 0.5571 (0.6104)  time: 1.0218  data: 0.0004  max mem: 31397
Epoch: [1]  [2380/5625]  eta: 0:55:20  lr: 0.000009  train_loss: 0.3784 (0.3570)  train_iou: 0.5805 (0.6101)  time: 1.0127  data: 0.0004  max mem: 31397
Epoch: [1]  [2400/5625]  eta: 0:54:59  lr: 0.000009  train_loss: 0.2480 (0.3564)  train_iou: 0.6097 (0.6104)  time: 1.0147  data: 0.0004  max mem: 31397
Epoch: [1]  [2420/5625]  eta: 0:54:38  lr: 0.000009  train_loss: 0.3163 (0.3567)  train_iou: 0.5670 (0.6102)  time: 1.0203  data: 0.0004  max mem: 31397
Epoch: [1]  [2440/5625]  eta: 0:54:18  lr: 0.000009  train_loss: 0.3248 (0.3566)  train_iou: 0.6316 (0.6102)  time: 1.0240  data: 0.0004  max mem: 31397
Epoch: [1]  [2460/5625]  eta: 0:53:58  lr: 0.000009  train_loss: 0.4183 (0.3573)  train_iou: 0.6655 (0.6102)  time: 1.0219  data: 0.0004  max mem: 31397
Epoch: [1]  [2480/5625]  eta: 0:53:37  lr: 0.000009  train_loss: 0.3055 (0.3573)  train_iou: 0.5530 (0.6099)  time: 1.0164  data: 0.0004  max mem: 31397
Epoch: [1]  [2500/5625]  eta: 0:53:16  lr: 0.000009  train_loss: 0.3314 (0.3574)  train_iou: 0.5636 (0.6095)  time: 1.0226  data: 0.0004  max mem: 31397
Epoch: [1]  [2520/5625]  eta: 0:52:59  lr: 0.000009  train_loss: 0.2480 (0.3569)  train_iou: 0.6348 (0.6099)  time: 1.1390  data: 0.0004  max mem: 31397
Epoch: [1]  [2540/5625]  eta: 0:52:38  lr: 0.000009  train_loss: 0.2983 (0.3568)  train_iou: 0.6038 (0.6100)  time: 1.0134  data: 0.0004  max mem: 31397
Epoch: [1]  [2560/5625]  eta: 0:52:17  lr: 0.000009  train_loss: 0.3395 (0.3570)  train_iou: 0.5829 (0.6099)  time: 1.0164  data: 0.0004  max mem: 31397
Epoch: [1]  [2580/5625]  eta: 0:51:57  lr: 0.000009  train_loss: 0.2874 (0.3567)  train_iou: 0.6596 (0.6101)  time: 1.0158  data: 0.0004  max mem: 31397
Epoch: [1]  [2600/5625]  eta: 0:51:36  lr: 0.000009  train_loss: 0.3063 (0.3565)  train_iou: 0.6493 (0.6103)  time: 1.0173  data: 0.0004  max mem: 31397
Epoch: [1]  [2620/5625]  eta: 0:51:16  lr: 0.000009  train_loss: 0.2849 (0.3562)  train_iou: 0.6334 (0.6106)  time: 1.0167  data: 0.0004  max mem: 31397
Epoch: [1]  [2640/5625]  eta: 0:50:55  lr: 0.000009  train_loss: 0.2717 (0.3561)  train_iou: 0.5553 (0.6105)  time: 1.0157  data: 0.0004  max mem: 31397
Epoch: [1]  [2660/5625]  eta: 0:50:34  lr: 0.000009  train_loss: 0.2048 (0.3553)  train_iou: 0.6229 (0.6106)  time: 1.0191  data: 0.0004  max mem: 31397
Epoch: [1]  [2680/5625]  eta: 0:50:14  lr: 0.000009  train_loss: 0.2449 (0.3551)  train_iou: 0.6219 (0.6108)  time: 1.0187  data: 0.0004  max mem: 31397
Epoch: [1]  [2700/5625]  eta: 0:49:53  lr: 0.000009  train_loss: 0.3550 (0.3551)  train_iou: 0.5879 (0.6109)  time: 1.0187  data: 0.0004  max mem: 31397
Epoch: [1]  [2720/5625]  eta: 0:49:33  lr: 0.000009  train_loss: 0.2957 (0.3549)  train_iou: 0.6648 (0.6111)  time: 1.0181  data: 0.0004  max mem: 31397
Epoch: [1]  [2740/5625]  eta: 0:49:12  lr: 0.000009  train_loss: 0.2980 (0.3547)  train_iou: 0.6285 (0.6112)  time: 1.0147  data: 0.0004  max mem: 31397
Epoch: [1]  [2760/5625]  eta: 0:48:51  lr: 0.000009  train_loss: 0.2436 (0.3544)  train_iou: 0.6300 (0.6114)  time: 1.0156  data: 0.0004  max mem: 31397
Epoch: [1]  [2780/5625]  eta: 0:48:31  lr: 0.000009  train_loss: 0.2817 (0.3544)  train_iou: 0.5485 (0.6112)  time: 1.0203  data: 0.0004  max mem: 31397
Epoch: [1]  [2800/5625]  eta: 0:48:10  lr: 0.000009  train_loss: 0.3295 (0.3545)  train_iou: 0.6050 (0.6113)  time: 1.0189  data: 0.0004  max mem: 31397
Epoch: [1]  [2820/5625]  eta: 0:47:50  lr: 0.000009  train_loss: 0.2621 (0.3542)  train_iou: 0.6321 (0.6115)  time: 1.0202  data: 0.0004  max mem: 31397
Epoch: [1]  [2840/5625]  eta: 0:47:29  lr: 0.000009  train_loss: 0.3856 (0.3547)  train_iou: 0.6193 (0.6115)  time: 1.0228  data: 0.0004  max mem: 31397
Epoch: [1]  [2860/5625]  eta: 0:47:09  lr: 0.000009  train_loss: 0.2610 (0.3542)  train_iou: 0.6997 (0.6121)  time: 1.0233  data: 0.0004  max mem: 31397
Epoch: [1]  [2880/5625]  eta: 0:46:48  lr: 0.000009  train_loss: 0.2580 (0.3539)  train_iou: 0.6803 (0.6125)  time: 1.0201  data: 0.0004  max mem: 31397
Epoch: [1]  [2900/5625]  eta: 0:46:28  lr: 0.000009  train_loss: 0.2558 (0.3537)  train_iou: 0.5839 (0.6123)  time: 1.0162  data: 0.0004  max mem: 31397
Epoch: [1]  [2920/5625]  eta: 0:46:07  lr: 0.000009  train_loss: 0.2895 (0.3537)  train_iou: 0.6205 (0.6124)  time: 1.0199  data: 0.0004  max mem: 31397
Epoch: [1]  [2940/5625]  eta: 0:45:47  lr: 0.000009  train_loss: 0.3569 (0.3538)  train_iou: 0.6595 (0.6127)  time: 1.0191  data: 0.0004  max mem: 31397
Epoch: [1]  [2960/5625]  eta: 0:45:26  lr: 0.000009  train_loss: 0.3077 (0.3536)  train_iou: 0.6327 (0.6129)  time: 1.0165  data: 0.0004  max mem: 31397
Epoch: [1]  [2980/5625]  eta: 0:45:05  lr: 0.000009  train_loss: 0.3123 (0.3533)  train_iou: 0.6257 (0.6130)  time: 1.0164  data: 0.0004  max mem: 31397
Epoch: [1]  [3000/5625]  eta: 0:44:45  lr: 0.000009  train_loss: 0.2620 (0.3529)  train_iou: 0.5806 (0.6129)  time: 1.0179  data: 0.0004  max mem: 31397
Epoch: [1]  [3020/5625]  eta: 0:44:24  lr: 0.000009  train_loss: 0.3846 (0.3531)  train_iou: 0.5779 (0.6128)  time: 1.0186  data: 0.0004  max mem: 31397
Epoch: [1]  [3040/5625]  eta: 0:44:04  lr: 0.000009  train_loss: 0.2956 (0.3530)  train_iou: 0.6065 (0.6128)  time: 1.0204  data: 0.0004  max mem: 31397
Epoch: [1]  [3060/5625]  eta: 0:43:43  lr: 0.000009  train_loss: 0.2636 (0.3527)  train_iou: 0.5774 (0.6127)  time: 1.0161  data: 0.0004  max mem: 31397
Epoch: [1]  [3080/5625]  eta: 0:43:23  lr: 0.000009  train_loss: 0.2824 (0.3529)  train_iou: 0.5801 (0.6127)  time: 1.0186  data: 0.0004  max mem: 31397
Epoch: [1]  [3100/5625]  eta: 0:43:02  lr: 0.000009  train_loss: 0.2766 (0.3526)  train_iou: 0.5951 (0.6127)  time: 1.0187  data: 0.0004  max mem: 31397
Epoch: [1]  [3120/5625]  eta: 0:42:42  lr: 0.000009  train_loss: 0.2026 (0.3519)  train_iou: 0.6276 (0.6130)  time: 1.0129  data: 0.0004  max mem: 31397
Epoch: [1]  [3140/5625]  eta: 0:42:21  lr: 0.000009  train_loss: 0.2709 (0.3516)  train_iou: 0.5888 (0.6129)  time: 1.0136  data: 0.0004  max mem: 31397
Epoch: [1]  [3160/5625]  eta: 0:42:00  lr: 0.000009  train_loss: 0.3729 (0.3516)  train_iou: 0.6116 (0.6128)  time: 1.0204  data: 0.0004  max mem: 31397
Epoch: [1]  [3180/5625]  eta: 0:41:40  lr: 0.000009  train_loss: 0.2765 (0.3514)  train_iou: 0.6454 (0.6129)  time: 1.0178  data: 0.0004  max mem: 31397
Epoch: [1]  [3200/5625]  eta: 0:41:19  lr: 0.000009  train_loss: 0.3255 (0.3514)  train_iou: 0.5803 (0.6130)  time: 1.0172  data: 0.0004  max mem: 31397
Epoch: [1]  [3220/5625]  eta: 0:40:59  lr: 0.000009  train_loss: 0.2134 (0.3510)  train_iou: 0.7209 (0.6133)  time: 1.0202  data: 0.0004  max mem: 31397
Epoch: [1]  [3240/5625]  eta: 0:40:38  lr: 0.000009  train_loss: 0.3822 (0.3512)  train_iou: 0.5944 (0.6132)  time: 1.0226  data: 0.0004  max mem: 31397
Epoch: [1]  [3260/5625]  eta: 0:40:18  lr: 0.000009  train_loss: 0.3178 (0.3511)  train_iou: 0.6169 (0.6133)  time: 1.0151  data: 0.0004  max mem: 31397
Epoch: [1]  [3280/5625]  eta: 0:39:57  lr: 0.000009  train_loss: 0.3152 (0.3515)  train_iou: 0.6846 (0.6135)  time: 1.0238  data: 0.0004  max mem: 31397
Epoch: [1]  [3300/5625]  eta: 0:39:37  lr: 0.000009  train_loss: 0.3522 (0.3515)  train_iou: 0.6297 (0.6135)  time: 1.0168  data: 0.0004  max mem: 31397
Epoch: [1]  [3320/5625]  eta: 0:39:16  lr: 0.000009  train_loss: 0.3755 (0.3518)  train_iou: 0.5829 (0.6135)  time: 1.0214  data: 0.0004  max mem: 31397
Epoch: [1]  [3340/5625]  eta: 0:38:56  lr: 0.000009  train_loss: 0.2477 (0.3516)  train_iou: 0.5527 (0.6133)  time: 1.0308  data: 0.0004  max mem: 31397
Epoch: [1]  [3360/5625]  eta: 0:38:36  lr: 0.000009  train_loss: 0.2457 (0.3512)  train_iou: 0.6344 (0.6134)  time: 1.0242  data: 0.0004  max mem: 31397
Epoch: [1]  [3380/5625]  eta: 0:38:15  lr: 0.000009  train_loss: 0.3159 (0.3513)  train_iou: 0.6224 (0.6133)  time: 1.0231  data: 0.0004  max mem: 31397
Epoch: [1]  [3400/5625]  eta: 0:37:55  lr: 0.000009  train_loss: 0.3804 (0.3513)  train_iou: 0.5816 (0.6132)  time: 1.0143  data: 0.0004  max mem: 31397
Epoch: [1]  [3420/5625]  eta: 0:37:34  lr: 0.000009  train_loss: 0.2802 (0.3513)  train_iou: 0.5882 (0.6132)  time: 1.0199  data: 0.0004  max mem: 31397
Epoch: [1]  [3440/5625]  eta: 0:37:14  lr: 0.000009  train_loss: 0.2529 (0.3511)  train_iou: 0.6018 (0.6132)  time: 1.0222  data: 0.0004  max mem: 31397
Epoch: [1]  [3460/5625]  eta: 0:36:53  lr: 0.000009  train_loss: 0.3157 (0.3511)  train_iou: 0.6019 (0.6131)  time: 1.0210  data: 0.0004  max mem: 31397
Epoch: [1]  [3480/5625]  eta: 0:36:33  lr: 0.000009  train_loss: 0.2929 (0.3511)  train_iou: 0.5438 (0.6128)  time: 1.0142  data: 0.0004  max mem: 31397
Epoch: [1]  [3500/5625]  eta: 0:36:12  lr: 0.000009  train_loss: 0.3445 (0.3510)  train_iou: 0.6145 (0.6129)  time: 1.0207  data: 0.0005  max mem: 31397
Epoch: [1]  [3520/5625]  eta: 0:35:52  lr: 0.000009  train_loss: 0.3201 (0.3508)  train_iou: 0.6347 (0.6130)  time: 1.0146  data: 0.0004  max mem: 31397
Epoch: [1]  [3540/5625]  eta: 0:35:31  lr: 0.000009  train_loss: 0.3242 (0.3508)  train_iou: 0.6113 (0.6130)  time: 1.0153  data: 0.0004  max mem: 31397
Epoch: [1]  [3560/5625]  eta: 0:35:11  lr: 0.000009  train_loss: 0.2861 (0.3507)  train_iou: 0.6332 (0.6130)  time: 1.0231  data: 0.0004  max mem: 31397
Epoch: [1]  [3580/5625]  eta: 0:34:50  lr: 0.000009  train_loss: 0.2887 (0.3504)  train_iou: 0.6409 (0.6131)  time: 1.0172  data: 0.0004  max mem: 31397
Epoch: [1]  [3600/5625]  eta: 0:34:30  lr: 0.000009  train_loss: 0.2517 (0.3503)  train_iou: 0.7174 (0.6136)  time: 1.0145  data: 0.0004  max mem: 31397
Epoch: [1]  [3620/5625]  eta: 0:34:09  lr: 0.000009  train_loss: 0.4085 (0.3506)  train_iou: 0.6017 (0.6135)  time: 1.0243  data: 0.0004  max mem: 31397
Epoch: [1]  [3640/5625]  eta: 0:33:49  lr: 0.000009  train_loss: 0.2618 (0.3504)  train_iou: 0.6507 (0.6137)  time: 1.0188  data: 0.0004  max mem: 31397
Epoch: [1]  [3660/5625]  eta: 0:33:28  lr: 0.000009  train_loss: 0.3208 (0.3503)  train_iou: 0.6162 (0.6137)  time: 1.0166  data: 0.0004  max mem: 31397
Epoch: [1]  [3680/5625]  eta: 0:33:08  lr: 0.000009  train_loss: 0.2994 (0.3500)  train_iou: 0.6134 (0.6136)  time: 1.0227  data: 0.0004  max mem: 31397
Epoch: [1]  [3700/5625]  eta: 0:32:47  lr: 0.000009  train_loss: 0.3333 (0.3499)  train_iou: 0.6015 (0.6136)  time: 1.0166  data: 0.0004  max mem: 31397
Epoch: [1]  [3720/5625]  eta: 0:32:27  lr: 0.000009  train_loss: 0.2887 (0.3496)  train_iou: 0.6062 (0.6137)  time: 1.0117  data: 0.0004  max mem: 31397
Epoch: [1]  [3740/5625]  eta: 0:32:06  lr: 0.000009  train_loss: 0.3584 (0.3496)  train_iou: 0.6634 (0.6136)  time: 1.0243  data: 0.0004  max mem: 31397
Epoch: [1]  [3760/5625]  eta: 0:31:46  lr: 0.000009  train_loss: 0.2844 (0.3496)  train_iou: 0.6304 (0.6137)  time: 1.0229  data: 0.0004  max mem: 31397
Epoch: [1]  [3780/5625]  eta: 0:31:25  lr: 0.000009  train_loss: 0.3088 (0.3495)  train_iou: 0.6079 (0.6137)  time: 1.0157  data: 0.0004  max mem: 31397
Epoch: [1]  [3800/5625]  eta: 0:31:05  lr: 0.000009  train_loss: 0.3183 (0.3495)  train_iou: 0.6419 (0.6140)  time: 1.0170  data: 0.0004  max mem: 31397
Epoch: [1]  [3820/5625]  eta: 0:30:44  lr: 0.000009  train_loss: 0.3798 (0.3497)  train_iou: 0.6047 (0.6140)  time: 1.0188  data: 0.0004  max mem: 31397
Epoch: [1]  [3840/5625]  eta: 0:30:24  lr: 0.000009  train_loss: 0.2711 (0.3495)  train_iou: 0.6054 (0.6140)  time: 1.0114  data: 0.0004  max mem: 31397
Epoch: [1]  [3860/5625]  eta: 0:30:03  lr: 0.000009  train_loss: 0.2880 (0.3494)  train_iou: 0.5833 (0.6139)  time: 1.0175  data: 0.0004  max mem: 31397
Epoch: [1]  [3880/5625]  eta: 0:29:43  lr: 0.000009  train_loss: 0.3296 (0.3493)  train_iou: 0.6278 (0.6138)  time: 1.0181  data: 0.0004  max mem: 31397
Epoch: [1]  [3900/5625]  eta: 0:29:22  lr: 0.000009  train_loss: 0.2901 (0.3491)  train_iou: 0.6375 (0.6140)  time: 1.0186  data: 0.0004  max mem: 31397
Epoch: [1]  [3920/5625]  eta: 0:29:02  lr: 0.000009  train_loss: 0.3583 (0.3492)  train_iou: 0.6469 (0.6140)  time: 1.0268  data: 0.0004  max mem: 31397
Epoch: [1]  [3940/5625]  eta: 0:28:42  lr: 0.000009  train_loss: 0.2559 (0.3487)  train_iou: 0.6256 (0.6142)  time: 1.0197  data: 0.0004  max mem: 31397
Epoch: [1]  [3960/5625]  eta: 0:28:21  lr: 0.000009  train_loss: 0.2717 (0.3486)  train_iou: 0.6072 (0.6143)  time: 1.0144  data: 0.0004  max mem: 31397
Epoch: [1]  [3980/5625]  eta: 0:28:01  lr: 0.000009  train_loss: 0.2900 (0.3482)  train_iou: 0.6059 (0.6142)  time: 1.0212  data: 0.0004  max mem: 31397
Epoch: [1]  [4000/5625]  eta: 0:27:40  lr: 0.000009  train_loss: 0.2758 (0.3480)  train_iou: 0.6641 (0.6143)  time: 1.0260  data: 0.0004  max mem: 31397
Epoch: [1]  [4020/5625]  eta: 0:27:20  lr: 0.000009  train_loss: 0.2759 (0.3478)  train_iou: 0.6149 (0.6142)  time: 1.0204  data: 0.0004  max mem: 31397
Epoch: [1]  [4040/5625]  eta: 0:26:59  lr: 0.000009  train_loss: 0.2379 (0.3476)  train_iou: 0.5883 (0.6143)  time: 1.0207  data: 0.0004  max mem: 31397
Epoch: [1]  [4060/5625]  eta: 0:26:39  lr: 0.000009  train_loss: 0.2876 (0.3478)  train_iou: 0.6096 (0.6142)  time: 1.0247  data: 0.0004  max mem: 31397
Epoch: [1]  [4080/5625]  eta: 0:26:18  lr: 0.000009  train_loss: 0.3596 (0.3481)  train_iou: 0.6002 (0.6142)  time: 1.0119  data: 0.0004  max mem: 31397
Epoch: [1]  [4100/5625]  eta: 0:25:58  lr: 0.000009  train_loss: 0.2638 (0.3477)  train_iou: 0.6138 (0.6142)  time: 1.0243  data: 0.0004  max mem: 31397
Epoch: [1]  [4120/5625]  eta: 0:25:38  lr: 0.000009  train_loss: 0.2340 (0.3474)  train_iou: 0.7145 (0.6146)  time: 1.0199  data: 0.0004  max mem: 31397
Epoch: [1]  [4140/5625]  eta: 0:25:17  lr: 0.000009  train_loss: 0.2605 (0.3471)  train_iou: 0.5748 (0.6146)  time: 1.0144  data: 0.0004  max mem: 31397
Epoch: [1]  [4160/5625]  eta: 0:24:57  lr: 0.000009  train_loss: 0.2447 (0.3469)  train_iou: 0.6045 (0.6145)  time: 1.0168  data: 0.0004  max mem: 31397
Epoch: [1]  [4180/5625]  eta: 0:24:37  lr: 0.000009  train_loss: 0.3531 (0.3471)  train_iou: 0.6070 (0.6146)  time: 1.1329  data: 0.0004  max mem: 31397
Epoch: [1]  [4200/5625]  eta: 0:24:16  lr: 0.000009  train_loss: 0.3401 (0.3472)  train_iou: 0.6197 (0.6145)  time: 1.0158  data: 0.0004  max mem: 31397
Epoch: [1]  [4220/5625]  eta: 0:23:56  lr: 0.000009  train_loss: 0.3236 (0.3471)  train_iou: 0.6423 (0.6147)  time: 1.0156  data: 0.0004  max mem: 31397
Epoch: [1]  [4240/5625]  eta: 0:23:35  lr: 0.000009  train_loss: 0.2608 (0.3470)  train_iou: 0.6468 (0.6148)  time: 1.0195  data: 0.0004  max mem: 31397
Epoch: [1]  [4260/5625]  eta: 0:23:15  lr: 0.000009  train_loss: 0.2409 (0.3464)  train_iou: 0.6545 (0.6149)  time: 1.0154  data: 0.0004  max mem: 31397
Epoch: [1]  [4280/5625]  eta: 0:22:55  lr: 0.000009  train_loss: 0.3297 (0.3466)  train_iou: 0.6051 (0.6149)  time: 1.0293  data: 0.0004  max mem: 31397
Epoch: [1]  [4300/5625]  eta: 0:22:34  lr: 0.000009  train_loss: 0.2644 (0.3465)  train_iou: 0.5908 (0.6150)  time: 1.0156  data: 0.0004  max mem: 31397
Epoch: [1]  [4320/5625]  eta: 0:22:14  lr: 0.000009  train_loss: 0.3154 (0.3467)  train_iou: 0.6091 (0.6151)  time: 1.0153  data: 0.0004  max mem: 31397
Epoch: [1]  [4340/5625]  eta: 0:21:53  lr: 0.000009  train_loss: 0.3351 (0.3466)  train_iou: 0.6532 (0.6153)  time: 1.0228  data: 0.0004  max mem: 31397
Epoch: [1]  [4360/5625]  eta: 0:21:33  lr: 0.000009  train_loss: 0.3207 (0.3465)  train_iou: 0.5830 (0.6151)  time: 1.0158  data: 0.0004  max mem: 31397
Epoch: [1]  [4380/5625]  eta: 0:21:12  lr: 0.000009  train_loss: 0.2754 (0.3465)  train_iou: 0.6420 (0.6151)  time: 1.0180  data: 0.0004  max mem: 31397
Epoch: [1]  [4400/5625]  eta: 0:20:52  lr: 0.000009  train_loss: 0.3415 (0.3468)  train_iou: 0.6202 (0.6151)  time: 1.0261  data: 0.0004  max mem: 31397
Epoch: [1]  [4420/5625]  eta: 0:20:31  lr: 0.000009  train_loss: 0.2990 (0.3467)  train_iou: 0.6407 (0.6152)  time: 1.0196  data: 0.0004  max mem: 31397
Epoch: [1]  [4440/5625]  eta: 0:20:11  lr: 0.000009  train_loss: 0.4058 (0.3470)  train_iou: 0.6653 (0.6153)  time: 1.0205  data: 0.0004  max mem: 31397
Epoch: [1]  [4460/5625]  eta: 0:19:50  lr: 0.000009  train_loss: 0.2835 (0.3468)  train_iou: 0.6215 (0.6152)  time: 1.0250  data: 0.0004  max mem: 31397
Epoch: [1]  [4480/5625]  eta: 0:19:30  lr: 0.000009  train_loss: 0.2741 (0.3467)  train_iou: 0.6200 (0.6153)  time: 1.0183  data: 0.0004  max mem: 31397
Epoch: [1]  [4500/5625]  eta: 0:19:09  lr: 0.000009  train_loss: 0.2692 (0.3466)  train_iou: 0.6389 (0.6155)  time: 1.0220  data: 0.0004  max mem: 31397
Epoch: [1]  [4520/5625]  eta: 0:18:49  lr: 0.000009  train_loss: 0.2967 (0.3466)  train_iou: 0.6425 (0.6156)  time: 1.0149  data: 0.0004  max mem: 31397
Epoch: [1]  [4540/5625]  eta: 0:18:29  lr: 0.000009  train_loss: 0.2955 (0.3464)  train_iou: 0.6296 (0.6156)  time: 1.0149  data: 0.0004  max mem: 31397
Epoch: [1]  [4560/5625]  eta: 0:18:08  lr: 0.000009  train_loss: 0.2788 (0.3462)  train_iou: 0.6385 (0.6156)  time: 1.0156  data: 0.0004  max mem: 31397
Epoch: [1]  [4580/5625]  eta: 0:17:48  lr: 0.000009  train_loss: 0.2734 (0.3461)  train_iou: 0.6612 (0.6156)  time: 1.0198  data: 0.0004  max mem: 31397
Epoch: [1]  [4600/5625]  eta: 0:17:27  lr: 0.000009  train_loss: 0.3028 (0.3460)  train_iou: 0.6114 (0.6156)  time: 1.0231  data: 0.0004  max mem: 31397
Epoch: [1]  [4620/5625]  eta: 0:17:07  lr: 0.000009  train_loss: 0.3474 (0.3461)  train_iou: 0.6266 (0.6157)  time: 1.0165  data: 0.0004  max mem: 31397
Epoch: [1]  [4640/5625]  eta: 0:16:46  lr: 0.000009  train_loss: 0.2232 (0.3457)  train_iou: 0.6631 (0.6159)  time: 1.0193  data: 0.0004  max mem: 31397
Epoch: [1]  [4660/5625]  eta: 0:16:26  lr: 0.000009  train_loss: 0.3092 (0.3458)  train_iou: 0.5885 (0.6159)  time: 1.0215  data: 0.0004  max mem: 31397
Epoch: [1]  [4680/5625]  eta: 0:16:05  lr: 0.000009  train_loss: 0.2636 (0.3458)  train_iou: 0.6101 (0.6160)  time: 1.0192  data: 0.0004  max mem: 31397
Epoch: [1]  [4700/5625]  eta: 0:15:45  lr: 0.000009  train_loss: 0.3539 (0.3459)  train_iou: 0.5745 (0.6158)  time: 1.0122  data: 0.0004  max mem: 31397
Epoch: [1]  [4720/5625]  eta: 0:15:24  lr: 0.000009  train_loss: 0.2627 (0.3457)  train_iou: 0.6570 (0.6159)  time: 1.0196  data: 0.0004  max mem: 31397
Epoch: [1]  [4740/5625]  eta: 0:15:04  lr: 0.000009  train_loss: 0.3137 (0.3458)  train_iou: 0.5942 (0.6160)  time: 1.0208  data: 0.0004  max mem: 31397
Epoch: [1]  [4760/5625]  eta: 0:14:44  lr: 0.000009  train_loss: 0.2109 (0.3455)  train_iou: 0.6398 (0.6161)  time: 1.0234  data: 0.0005  max mem: 31397
Epoch: [1]  [4780/5625]  eta: 0:14:23  lr: 0.000009  train_loss: 0.2314 (0.3452)  train_iou: 0.6176 (0.6162)  time: 1.0217  data: 0.0004  max mem: 31397
Epoch: [1]  [4800/5625]  eta: 0:14:03  lr: 0.000009  train_loss: 0.2426 (0.3450)  train_iou: 0.6201 (0.6163)  time: 1.0170  data: 0.0004  max mem: 31397
Epoch: [1]  [4820/5625]  eta: 0:13:42  lr: 0.000009  train_loss: 0.2691 (0.3449)  train_iou: 0.6236 (0.6162)  time: 1.0222  data: 0.0004  max mem: 31397
Epoch: [1]  [4840/5625]  eta: 0:13:22  lr: 0.000009  train_loss: 0.3186 (0.3449)  train_iou: 0.6588 (0.6163)  time: 1.0211  data: 0.0004  max mem: 31397
Epoch: [1]  [4860/5625]  eta: 0:13:01  lr: 0.000009  train_loss: 0.3129 (0.3450)  train_iou: 0.5978 (0.6163)  time: 1.0251  data: 0.0004  max mem: 31397
Epoch: [1]  [4880/5625]  eta: 0:12:41  lr: 0.000009  train_loss: 0.3192 (0.3451)  train_iou: 0.6467 (0.6163)  time: 1.0293  data: 0.0004  max mem: 31397
Epoch: [1]  [4900/5625]  eta: 0:12:20  lr: 0.000009  train_loss: 0.3415 (0.3452)  train_iou: 0.5524 (0.6162)  time: 1.0180  data: 0.0004  max mem: 31397
Epoch: [1]  [4920/5625]  eta: 0:12:00  lr: 0.000009  train_loss: 0.3064 (0.3451)  train_iou: 0.6592 (0.6164)  time: 1.0285  data: 0.0004  max mem: 31397
Epoch: [1]  [4940/5625]  eta: 0:11:40  lr: 0.000009  train_loss: 0.3204 (0.3452)  train_iou: 0.5902 (0.6163)  time: 1.0213  data: 0.0004  max mem: 31397
Epoch: [1]  [4960/5625]  eta: 0:11:19  lr: 0.000009  train_loss: 0.3310 (0.3451)  train_iou: 0.6261 (0.6165)  time: 1.0215  data: 0.0004  max mem: 31397
Epoch: [1]  [4980/5625]  eta: 0:10:59  lr: 0.000009  train_loss: 0.2915 (0.3450)  train_iou: 0.6469 (0.6167)  time: 1.0171  data: 0.0004  max mem: 31397
Epoch: [1]  [5000/5625]  eta: 0:10:38  lr: 0.000009  train_loss: 0.2993 (0.3450)  train_iou: 0.6026 (0.6167)  time: 1.0183  data: 0.0004  max mem: 31397
Epoch: [1]  [5020/5625]  eta: 0:10:18  lr: 0.000009  train_loss: 0.3595 (0.3450)  train_iou: 0.6001 (0.6167)  time: 1.0186  data: 0.0004  max mem: 31397
Epoch: [1]  [5040/5625]  eta: 0:09:57  lr: 0.000009  train_loss: 0.2731 (0.3449)  train_iou: 0.6567 (0.6168)  time: 1.0317  data: 0.0004  max mem: 31397
Epoch: [1]  [5060/5625]  eta: 0:09:37  lr: 0.000009  train_loss: 0.3053 (0.3450)  train_iou: 0.6347 (0.6168)  time: 1.0261  data: 0.0004  max mem: 31397
Epoch: [1]  [5080/5625]  eta: 0:09:17  lr: 0.000009  train_loss: 0.2416 (0.3449)  train_iou: 0.6726 (0.6170)  time: 1.0225  data: 0.0004  max mem: 31397
Epoch: [1]  [5100/5625]  eta: 0:08:56  lr: 0.000009  train_loss: 0.3460 (0.3449)  train_iou: 0.5729 (0.6169)  time: 1.0249  data: 0.0004  max mem: 31397
Epoch: [1]  [5120/5625]  eta: 0:08:36  lr: 0.000009  train_loss: 0.3094 (0.3449)  train_iou: 0.6432 (0.6170)  time: 1.0243  data: 0.0004  max mem: 31397
Epoch: [1]  [5140/5625]  eta: 0:08:15  lr: 0.000009  train_loss: 0.3743 (0.3450)  train_iou: 0.6316 (0.6171)  time: 1.0189  data: 0.0004  max mem: 31397
Epoch: [1]  [5160/5625]  eta: 0:07:55  lr: 0.000009  train_loss: 0.2830 (0.3449)  train_iou: 0.6546 (0.6172)  time: 1.0180  data: 0.0004  max mem: 31397
Epoch: [1]  [5180/5625]  eta: 0:07:34  lr: 0.000009  train_loss: 0.2888 (0.3448)  train_iou: 0.6526 (0.6173)  time: 1.0238  data: 0.0004  max mem: 31397
Epoch: [1]  [5200/5625]  eta: 0:07:14  lr: 0.000009  train_loss: 0.2820 (0.3446)  train_iou: 0.6713 (0.6175)  time: 1.0188  data: 0.0004  max mem: 31397
Epoch: [1]  [5220/5625]  eta: 0:06:53  lr: 0.000009  train_loss: 0.2662 (0.3445)  train_iou: 0.6514 (0.6176)  time: 1.0290  data: 0.0004  max mem: 31397
Epoch: [1]  [5240/5625]  eta: 0:06:33  lr: 0.000009  train_loss: 0.3116 (0.3445)  train_iou: 0.5572 (0.6175)  time: 1.0281  data: 0.0004  max mem: 31397
Epoch: [1]  [5260/5625]  eta: 0:06:13  lr: 0.000009  train_loss: 0.3007 (0.3444)  train_iou: 0.6714 (0.6176)  time: 1.0177  data: 0.0004  max mem: 31397
Epoch: [1]  [5280/5625]  eta: 0:05:52  lr: 0.000009  train_loss: 0.3668 (0.3446)  train_iou: 0.5880 (0.6175)  time: 1.0190  data: 0.0004  max mem: 31397
Epoch: [1]  [5300/5625]  eta: 0:05:32  lr: 0.000009  train_loss: 0.3025 (0.3446)  train_iou: 0.5965 (0.6174)  time: 1.0250  data: 0.0004  max mem: 31397
Epoch: [1]  [5320/5625]  eta: 0:05:11  lr: 0.000009  train_loss: 0.3272 (0.3444)  train_iou: 0.6130 (0.6175)  time: 1.0295  data: 0.0004  max mem: 31397
Epoch: [1]  [5340/5625]  eta: 0:04:51  lr: 0.000009  train_loss: 0.2500 (0.3443)  train_iou: 0.6283 (0.6175)  time: 1.0262  data: 0.0004  max mem: 31397
Epoch: [1]  [5360/5625]  eta: 0:04:30  lr: 0.000009  train_loss: 0.2825 (0.3442)  train_iou: 0.6358 (0.6175)  time: 1.0218  data: 0.0004  max mem: 31397
Epoch: [1]  [5380/5625]  eta: 0:04:10  lr: 0.000009  train_loss: 0.2363 (0.3439)  train_iou: 0.6425 (0.6176)  time: 1.0195  data: 0.0004  max mem: 31397
Epoch: [1]  [5400/5625]  eta: 0:03:49  lr: 0.000009  train_loss: 0.3300 (0.3442)  train_iou: 0.6250 (0.6177)  time: 1.0181  data: 0.0004  max mem: 31397
Epoch: [1]  [5420/5625]  eta: 0:03:29  lr: 0.000009  train_loss: 0.3468 (0.3444)  train_iou: 0.6154 (0.6177)  time: 1.0233  data: 0.0004  max mem: 31397
Epoch: [1]  [5440/5625]  eta: 0:03:09  lr: 0.000009  train_loss: 0.3226 (0.3443)  train_iou: 0.5968 (0.6177)  time: 1.0176  data: 0.0004  max mem: 31397
Epoch: [1]  [5460/5625]  eta: 0:02:48  lr: 0.000009  train_loss: 0.3331 (0.3443)  train_iou: 0.6256 (0.6178)  time: 1.0235  data: 0.0004  max mem: 31397
Epoch: [1]  [5480/5625]  eta: 0:02:28  lr: 0.000009  train_loss: 0.3313 (0.3444)  train_iou: 0.6092 (0.6177)  time: 1.0251  data: 0.0004  max mem: 31397
Epoch: [1]  [5500/5625]  eta: 0:02:07  lr: 0.000009  train_loss: 0.3224 (0.3445)  train_iou: 0.6289 (0.6177)  time: 1.0297  data: 0.0004  max mem: 31397
Epoch: [1]  [5520/5625]  eta: 0:01:47  lr: 0.000009  train_loss: 0.3378 (0.3445)  train_iou: 0.5814 (0.6176)  time: 1.1456  data: 0.0004  max mem: 31397
Epoch: [1]  [5540/5625]  eta: 0:01:26  lr: 0.000009  train_loss: 0.2532 (0.3444)  train_iou: 0.6378 (0.6178)  time: 1.0273  data: 0.0004  max mem: 31397
Epoch: [1]  [5560/5625]  eta: 0:01:06  lr: 0.000009  train_loss: 0.2527 (0.3442)  train_iou: 0.6246 (0.6178)  time: 1.0268  data: 0.0004  max mem: 31397
Epoch: [1]  [5580/5625]  eta: 0:00:46  lr: 0.000009  train_loss: 0.2857 (0.3441)  train_iou: 0.5490 (0.6176)  time: 1.0204  data: 0.0004  max mem: 31397
Epoch: [1]  [5600/5625]  eta: 0:00:25  lr: 0.000009  train_loss: 0.3199 (0.3443)  train_iou: 0.6263 (0.6177)  time: 1.0255  data: 0.0004  max mem: 31397
Epoch: [1]  [5620/5625]  eta: 0:00:05  lr: 0.000009  train_loss: 0.2928 (0.3442)  train_iou: 0.5978 (0.6178)  time: 0.9406  data: 0.0003  max mem: 31397
Epoch: [1]  [5624/5625]  eta: 0:00:01  lr: 0.000009  train_loss: 0.2621 (0.3442)  train_iou: 0.5978 (0.6177)  time: 0.9129  data: 0.0002  max mem: 31397
Epoch: [1] Total time: 1:35:50 (1.0224 s / it)
Averaged stats: lr: 0.000009  train_loss: 0.2621 (0.3442)  train_iou: 0.5978 (0.6177)
huggingface/tokenizers: The current process just got forked, after parallelism has already been used. Disabling parallelism to avoid deadlocks...
To disable this warning, you can either:
	- Avoid using `tokenizers` before the fork if possible
	- Explicitly set the environment variable TOKENIZERS_PARALLELISM=(true | false)
huggingface/tokenizers: The current process just got forked, after parallelism has already been used. Disabling parallelism to avoid deadlocks...
To disable this warning, you can either:
	- Avoid using `tokenizers` before the fork if possible
	- Explicitly set the environment variable TOKENIZERS_PARALLELISM=(true | false)
huggingface/tokenizers: The current process just got forked, after parallelism has already been used. Disabling parallelism to avoid deadlocks...
To disable this warning, you can either:
	- Avoid using `tokenizers` before the fork if possible
	- Explicitly set the environment variable TOKENIZERS_PARALLELISM=(true | false)
huggingface/tokenizers: The current process just got forked, after parallelism has already been used. Disabling parallelism to avoid deadlocks...
To disable this warning, you can either:
	- Avoid using `tokenizers` before the fork if possible
	- Explicitly set the environment variable TOKENIZERS_PARALLELISM=(true | false)
huggingface/tokenizers: The current process just got forked, after parallelism has already been used. Disabling parallelism to avoid deadlocks...
To disable this warning, you can either:
	- Avoid using `tokenizers` before the fork if possible
	- Explicitly set the environment variable TOKENIZERS_PARALLELISM=(true | false)
huggingface/tokenizers: The current process just got forked, after parallelism has already been used. Disabling parallelism to avoid deadlocks...
To disable this warning, you can either:
	- Avoid using `tokenizers` before the fork if possible
	- Explicitly set the environment variable TOKENIZERS_PARALLELISM=(true | false)
huggingface/tokenizers: The current process just got forked, after parallelism has already been used. Disabling parallelism to avoid deadlocks...
To disable this warning, you can either:
	- Avoid using `tokenizers` before the fork if possible
	- Explicitly set the environment variable TOKENIZERS_PARALLELISM=(true | false)
huggingface/tokenizers: The current process just got forked, after parallelism has already been used. Disabling parallelism to avoid deadlocks...
To disable this warning, you can either:
	- Avoid using `tokenizers` before the fork if possible
	- Explicitly set the environment variable TOKENIZERS_PARALLELISM=(true | false)
Test:  [   0/4000]  eta: 1:36:42  inter: 33323.0000 (33323.0000)  union: 36982.0000 (36982.0000)  iou: 0.9011 (0.9011)  time: 1.4506  data: 1.1520  max mem: 31397
Test:  [  50/4000]  eta: 0:14:36  inter: 23969.0000 (26976.5469)  union: 54080.0000 (47517.1875)  iou: 0.3408 (0.5605)  time: 0.2029  data: 0.0005  max mem: 31397
Test:  [ 100/4000]  eta: 0:13:52  inter: 31494.0000 (28319.9191)  union: 46750.0000 (45379.8235)  iou: 0.8018 (0.6037)  time: 0.2001  data: 0.0005  max mem: 31397
Test:  [ 150/4000]  eta: 0:13:41  inter: 18832.0000 (27486.6459)  union: 29679.0000 (42485.2775)  iou: 0.8393 (0.6290)  time: 0.2269  data: 0.0005  max mem: 31397
Test:  [ 200/4000]  eta: 0:13:17  inter: 33725.0000 (28156.0659)  union: 37594.0000 (41956.2821)  iou: 0.8793 (0.6435)  time: 0.1984  data: 0.0005  max mem: 31397
Test:  [ 250/4000]  eta: 0:12:56  inter: 15500.0000 (30097.7831)  union: 33168.0000 (43625.5181)  iou: 0.6054 (0.6412)  time: 0.1930  data: 0.0005  max mem: 31397
Test:  [ 300/4000]  eta: 0:12:46  inter: 21348.0000 (29638.7792)  union: 24484.0000 (43259.9628)  iou: 0.8368 (0.6365)  time: 0.2101  data: 0.0005  max mem: 31397
Test:  [ 350/4000]  eta: 0:12:39  inter: 12171.0000 (28669.6963)  union: 34896.0000 (43128.7810)  iou: 0.4976 (0.6257)  time: 0.2136  data: 0.0005  max mem: 31397
Test:  [ 400/4000]  eta: 0:12:29  inter: 30465.0000 (27935.3054)  union: 36014.0000 (42279.6054)  iou: 0.7008 (0.6222)  time: 0.1965  data: 0.0005  max mem: 31397
Test:  [ 450/4000]  eta: 0:12:15  inter: 18990.0000 (27710.0429)  union: 31678.0000 (42334.8206)  iou: 0.5548 (0.6204)  time: 0.2155  data: 0.0005  max mem: 31397
Test:  [ 500/4000]  eta: 0:12:03  inter: 17199.0000 (28417.2722)  union: 37557.0000 (43354.5115)  iou: 0.7074 (0.6197)  time: 0.1932  data: 0.0005  max mem: 31397
Test:  [ 550/4000]  eta: 0:11:54  inter: 23611.0000 (28319.5681)  union: 31097.0000 (43011.2789)  iou: 0.7707 (0.6253)  time: 0.2108  data: 0.0005  max mem: 31397
Test:  [ 600/4000]  eta: 0:11:42  inter: 10188.0000 (28296.8651)  union: 34574.0000 (43164.9006)  iou: 0.7083 (0.6224)  time: 0.2056  data: 0.0005  max mem: 31397
Test:  [ 650/4000]  eta: 0:11:29  inter: 24962.0000 (28813.3459)  union: 41034.0000 (43387.9193)  iou: 0.7064 (0.6221)  time: 0.1937  data: 0.0005  max mem: 31397
Test:  [ 700/4000]  eta: 0:11:17  inter: 4614.0000 (28320.2659)  union: 28795.0000 (43163.8368)  iou: 0.4522 (0.6139)  time: 0.1941  data: 0.0005  max mem: 31397
Test:  [ 750/4000]  eta: 0:11:08  inter: 26076.0000 (28238.9068)  union: 29582.0000 (42985.8677)  iou: 0.8365 (0.6179)  time: 0.2202  data: 0.0005  max mem: 31397
Test:  [ 800/4000]  eta: 0:10:57  inter: 18532.0000 (27923.5134)  union: 46631.0000 (42594.0205)  iou: 0.6777 (0.6151)  time: 0.2084  data: 0.0005  max mem: 31397
Test:  [ 850/4000]  eta: 0:10:47  inter: 21902.0000 (27861.7573)  union: 41916.0000 (42524.9649)  iou: 0.8129 (0.6145)  time: 0.1934  data: 0.0005  max mem: 31397
Test:  [ 900/4000]  eta: 0:10:37  inter: 17676.0000 (27968.1779)  union: 28795.0000 (42850.1850)  iou: 0.6566 (0.6107)  time: 0.1914  data: 0.0005  max mem: 31397
Test:  [ 950/4000]  eta: 0:10:26  inter: 24992.0000 (28141.1283)  union: 30761.0000 (42902.1628)  iou: 0.8542 (0.6106)  time: 0.2042  data: 0.0005  max mem: 31397
Test:  [1000/4000]  eta: 0:10:16  inter: 27368.0000 (28410.0834)  union: 37374.0000 (43136.1910)  iou: 0.7412 (0.6130)  time: 0.1922  data: 0.0005  max mem: 31397
Test:  [1050/4000]  eta: 0:10:05  inter: 22211.0000 (28496.0102)  union: 41430.0000 (43153.7769)  iou: 0.6575 (0.6133)  time: 0.2053  data: 0.0005  max mem: 31397
Test:  [1100/4000]  eta: 0:09:54  inter: 22302.0000 (28274.8099)  union: 30951.0000 (42895.2070)  iou: 0.7038 (0.6102)  time: 0.2007  data: 0.0005  max mem: 31397
Test:  [1150/4000]  eta: 0:09:45  inter: 12619.0000 (28326.0496)  union: 23782.0000 (42823.8604)  iou: 0.5282 (0.6128)  time: 0.2201  data: 0.0005  max mem: 31397
Test:  [1200/4000]  eta: 0:09:35  inter: 12461.0000 (28430.8876)  union: 29499.0000 (43078.0178)  iou: 0.7877 (0.6116)  time: 0.2053  data: 0.0005  max mem: 31397
Test:  [1250/4000]  eta: 0:09:25  inter: 9825.0000 (28138.5923)  union: 33302.0000 (42911.6928)  iou: 0.1840 (0.6088)  time: 0.2173  data: 0.0005  max mem: 31397
Test:  [1300/4000]  eta: 0:09:15  inter: 21630.0000 (27886.2048)  union: 36259.0000 (42656.4937)  iou: 0.6296 (0.6091)  time: 0.2077  data: 0.0005  max mem: 31397
Test:  [1350/4000]  eta: 0:09:05  inter: 26187.0000 (27937.7226)  union: 35153.0000 (42679.3679)  iou: 0.7647 (0.6093)  time: 0.2078  data: 0.0005  max mem: 31397
Test:  [1400/4000]  eta: 0:08:55  inter: 9820.0000 (27997.5081)  union: 12084.0000 (42876.7748)  iou: 0.7541 (0.6066)  time: 0.2071  data: 0.0005  max mem: 31397
Test:  [1450/4000]  eta: 0:08:45  inter: 12168.0000 (27845.5169)  union: 37440.0000 (42732.6699)  iou: 0.5647 (0.6047)  time: 0.2011  data: 0.0005  max mem: 31397
Test:  [1500/4000]  eta: 0:08:34  inter: 18787.0000 (27878.5681)  union: 40154.0000 (42824.3860)  iou: 0.5695 (0.6029)  time: 0.2014  data: 0.0005  max mem: 31397
Test:  [1550/4000]  eta: 0:08:24  inter: 22250.0000 (27772.2363)  union: 30212.0000 (42747.3440)  iou: 0.7183 (0.6036)  time: 0.2224  data: 0.0005  max mem: 31397
Test:  [1600/4000]  eta: 0:08:15  inter: 13076.0000 (27656.9586)  union: 39153.0000 (42698.7422)  iou: 0.7422 (0.6008)  time: 0.2232  data: 0.0005  max mem: 31397
Test:  [1650/4000]  eta: 0:08:04  inter: 22841.0000 (27662.0532)  union: 33341.0000 (42711.6329)  iou: 0.4624 (0.5998)  time: 0.2040  data: 0.0005  max mem: 31397
Test:  [1700/4000]  eta: 0:07:53  inter: 16814.0000 (27627.9378)  union: 41175.0000 (42779.3680)  iou: 0.7632 (0.5984)  time: 0.2024  data: 0.0005  max mem: 31397
Test:  [1750/4000]  eta: 0:07:43  inter: 25795.0000 (27565.7727)  union: 38948.0000 (42687.6840)  iou: 0.7029 (0.5983)  time: 0.2167  data: 0.0005  max mem: 31397
Test:  [1800/4000]  eta: 0:07:33  inter: 25531.0000 (27435.9537)  union: 43099.0000 (42647.6788)  iou: 0.6539 (0.5971)  time: 0.2171  data: 0.0005  max mem: 31397
Test:  [1850/4000]  eta: 0:07:23  inter: 17874.0000 (27411.0080)  union: 34331.0000 (42849.1483)  iou: 0.3741 (0.5949)  time: 0.2277  data: 0.0005  max mem: 31397
Test:  [1900/4000]  eta: 0:07:13  inter: 17853.0000 (27301.6083)  union: 49710.0000 (42783.2162)  iou: 0.5303 (0.5947)  time: 0.2107  data: 0.0005  max mem: 31397
Test:  [1950/4000]  eta: 0:07:03  inter: 11739.0000 (27302.8316)  union: 17070.0000 (42747.3709)  iou: 0.6748 (0.5948)  time: 0.2037  data: 0.0005  max mem: 31397
Test:  [2000/4000]  eta: 0:06:52  inter: 14853.0000 (27272.0074)  union: 22803.0000 (42666.4642)  iou: 0.7220 (0.5949)  time: 0.1925  data: 0.0005  max mem: 31397
Test:  [2050/4000]  eta: 0:06:42  inter: 13229.0000 (27177.5613)  union: 56159.0000 (42830.3184)  iou: 0.2510 (0.5933)  time: 0.2276  data: 0.0005  max mem: 31397
Test:  [2100/4000]  eta: 0:06:31  inter: 19725.0000 (27172.4885)  union: 31869.0000 (42776.1123)  iou: 0.8425 (0.5940)  time: 0.1922  data: 0.0005  max mem: 31397
Test:  [2150/4000]  eta: 0:06:21  inter: 16590.0000 (27151.9043)  union: 31962.0000 (42807.7270)  iou: 0.7288 (0.5929)  time: 0.2004  data: 0.0005  max mem: 31397
Test:  [2200/4000]  eta: 0:06:10  inter: 11457.0000 (27082.3656)  union: 23049.0000 (42701.7805)  iou: 0.6188 (0.5927)  time: 0.2047  data: 0.0005  max mem: 31397
Test:  [2250/4000]  eta: 0:06:00  inter: 24039.0000 (26920.7256)  union: 38856.0000 (42548.9198)  iou: 0.6809 (0.5913)  time: 0.1925  data: 0.0005  max mem: 31397
Test:  [2300/4000]  eta: 0:05:50  inter: 34942.0000 (26994.3559)  union: 42412.0000 (42534.0354)  iou: 0.7472 (0.5930)  time: 0.2069  data: 0.0005  max mem: 31397
Test:  [2350/4000]  eta: 0:05:40  inter: 15048.0000 (26926.8720)  union: 36897.0000 (42477.8028)  iou: 0.6729 (0.5933)  time: 0.2154  data: 0.0005  max mem: 31397
Test:  [2400/4000]  eta: 0:05:30  inter: 10625.0000 (26929.4667)  union: 33048.0000 (42427.1005)  iou: 0.3345 (0.5933)  time: 0.2160  data: 0.0005  max mem: 31397
Test:  [2450/4000]  eta: 0:05:19  inter: 29171.0000 (27038.9948)  union: 33823.0000 (42459.5250)  iou: 0.8686 (0.5956)  time: 0.1887  data: 0.0005  max mem: 31397
Test:  [2500/4000]  eta: 0:05:08  inter: 24450.0000 (27021.2019)  union: 38631.0000 (42444.4819)  iou: 0.8612 (0.5957)  time: 0.1895  data: 0.0005  max mem: 31397
Test:  [2550/4000]  eta: 0:04:58  inter: 29888.0000 (27151.2229)  union: 33621.0000 (42559.8942)  iou: 0.8178 (0.5967)  time: 0.2181  data: 0.0005  max mem: 31397
Test:  [2600/4000]  eta: 0:04:48  inter: 16702.0000 (27090.6156)  union: 30962.0000 (42530.1842)  iou: 0.4691 (0.5957)  time: 0.2083  data: 0.0005  max mem: 31397
Test:  [2650/4000]  eta: 0:04:37  inter: 15531.0000 (27163.4855)  union: 34214.0000 (42760.6968)  iou: 0.8114 (0.5949)  time: 0.2102  data: 0.0005  max mem: 31397
Test:  [2700/4000]  eta: 0:04:27  inter: 28000.0000 (27259.4830)  union: 31843.0000 (42878.5451)  iou: 0.8499 (0.5955)  time: 0.2063  data: 0.0005  max mem: 31397
Test:  [2750/4000]  eta: 0:04:17  inter: 22715.0000 (27311.3477)  union: 32642.0000 (43017.8960)  iou: 0.8137 (0.5941)  time: 0.1980  data: 0.0005  max mem: 31397
Test:  [2800/4000]  eta: 0:04:06  inter: 14814.0000 (27276.5076)  union: 30672.0000 (42897.4452)  iou: 0.7372 (0.5945)  time: 0.2015  data: 0.0005  max mem: 31397
Test:  [2850/4000]  eta: 0:03:56  inter: 12571.0000 (27377.8400)  union: 32944.0000 (42997.5690)  iou: 0.5812 (0.5941)  time: 0.1985  data: 0.0005  max mem: 31397
Test:  [2900/4000]  eta: 0:03:46  inter: 19437.0000 (27414.0059)  union: 28100.0000 (43066.3518)  iou: 0.7621 (0.5935)  time: 0.1956  data: 0.0005  max mem: 31397
Test:  [2950/4000]  eta: 0:03:36  inter: 20116.0000 (27441.1536)  union: 26515.0000 (43075.3361)  iou: 0.5104 (0.5936)  time: 0.1948  data: 0.0005  max mem: 31397
Test:  [3000/4000]  eta: 0:03:25  inter: 20907.0000 (27385.5235)  union: 33531.0000 (43037.4507)  iou: 0.7563 (0.5928)  time: 0.2168  data: 0.0005  max mem: 31397
Test:  [3050/4000]  eta: 0:03:15  inter: 16150.0000 (27350.0297)  union: 35622.0000 (43125.2743)  iou: 0.4759 (0.5923)  time: 0.2044  data: 0.0005  max mem: 31397
Test:  [3100/4000]  eta: 0:03:05  inter: 16994.0000 (27332.9378)  union: 46962.0000 (43080.6199)  iou: 0.4557 (0.5927)  time: 0.2035  data: 0.0005  max mem: 31397
Test:  [3150/4000]  eta: 0:02:55  inter: 15047.0000 (27227.2238)  union: 21823.0000 (42986.3658)  iou: 0.5795 (0.5921)  time: 0.2064  data: 0.0005  max mem: 31397
Test:  [3200/4000]  eta: 0:02:44  inter: 14321.0000 (27302.7278)  union: 41193.0000 (43028.1118)  iou: 0.4742 (0.5931)  time: 0.1960  data: 0.0005  max mem: 31397
Test:  [3250/4000]  eta: 0:02:34  inter: 12760.0000 (27243.2218)  union: 33483.0000 (42966.9191)  iou: 0.6725 (0.5919)  time: 0.2041  data: 0.0005  max mem: 31397
Test:  [3300/4000]  eta: 0:02:24  inter: 31176.0000 (27337.3619)  union: 48754.0000 (43106.7336)  iou: 0.8133 (0.5911)  time: 0.2187  data: 0.0005  max mem: 31397
Test:  [3350/4000]  eta: 0:02:13  inter: 9626.0000 (27318.2500)  union: 15018.0000 (43098.2136)  iou: 0.7325 (0.5913)  time: 0.1903  data: 0.0005  max mem: 31397
Test:  [3400/4000]  eta: 0:02:03  inter: 26386.0000 (27434.5322)  union: 37388.0000 (43137.0749)  iou: 0.8546 (0.5927)  time: 0.2126  data: 0.0005  max mem: 31397
Test:  [3450/4000]  eta: 0:01:53  inter: 19126.0000 (27441.8945)  union: 31383.0000 (43138.8779)  iou: 0.6019 (0.5926)  time: 0.1973  data: 0.0005  max mem: 31397
Test:  [3500/4000]  eta: 0:01:42  inter: 16402.0000 (27407.3755)  union: 21100.0000 (43087.6377)  iou: 0.7192 (0.5927)  time: 0.1940  data: 0.0005  max mem: 31397
Test:  [3550/4000]  eta: 0:01:32  inter: 24718.0000 (27398.1650)  union: 36980.0000 (43117.8718)  iou: 0.8089 (0.5920)  time: 0.1913  data: 0.0005  max mem: 31397
Test:  [3600/4000]  eta: 0:01:22  inter: 21317.0000 (27368.0406)  union: 32189.0000 (43073.7375)  iou: 0.8883 (0.5912)  time: 0.1989  data: 0.0005  max mem: 31397
Test:  [3650/4000]  eta: 0:01:12  inter: 26908.0000 (27351.4588)  union: 38895.0000 (43065.6957)  iou: 0.6988 (0.5910)  time: 0.2234  data: 0.0005  max mem: 31397
Test:  [3700/4000]  eta: 0:01:01  inter: 27826.0000 (27445.9100)  union: 39556.0000 (43085.5332)  iou: 0.8091 (0.5920)  time: 0.1989  data: 0.0005  max mem: 31397
Test:  [3750/4000]  eta: 0:00:51  inter: 26283.0000 (27491.5773)  union: 47236.0000 (43148.9267)  iou: 0.6349 (0.5926)  time: 0.1963  data: 0.0005  max mem: 31397
Test:  [3800/4000]  eta: 0:00:41  inter: 22729.0000 (27502.3407)  union: 29549.0000 (43150.4830)  iou: 0.7995 (0.5928)  time: 0.1891  data: 0.0005  max mem: 31397
Test:  [3850/4000]  eta: 0:00:30  inter: 23625.0000 (27518.3092)  union: 33230.0000 (43178.4362)  iou: 0.8595 (0.5930)  time: 0.1989  data: 0.0005  max mem: 31397
Test:  [3900/4000]  eta: 0:00:20  inter: 18766.0000 (27548.5964)  union: 39138.0000 (43249.7671)  iou: 0.7137 (0.5927)  time: 0.2010  data: 0.0005  max mem: 31397
Test:  [3950/4000]  eta: 0:00:10  inter: 17853.0000 (27508.7831)  union: 45779.0000 (43191.9995)  iou: 0.6913 (0.5928)  time: 0.1950  data: 0.0005  max mem: 31397
Test:  [3999/4000]  eta: 0:00:00  inter: 14162.0000 (27451.6553)  union: 33013.0000 (43096.7105)  iou: 0.6706 (0.5935)  time: 0.1781  data: 0.0002  max mem: 31397
Test: Total time: 0:13:42 (0.2057 s / it)
* IoU 0.594 oIoU 0.637
IoU of the network on the 4000 test images: 0.6%
Max IoU: 0.59%
huggingface/tokenizers: The current process just got forked, after parallelism has already been used. Disabling parallelism to avoid deadlocks...
To disable this warning, you can either:
	- Avoid using `tokenizers` before the fork if possible
	- Explicitly set the environment variable TOKENIZERS_PARALLELISM=(true | false)
huggingface/tokenizers: The current process just got forked, after parallelism has already been used. Disabling parallelism to avoid deadlocks...
To disable this warning, you can either:
	- Avoid using `tokenizers` before the fork if possible
	- Explicitly set the environment variable TOKENIZERS_PARALLELISM=(true | false)
huggingface/tokenizers: The current process just got forked, after parallelism has already been used. Disabling parallelism to avoid deadlocks...
To disable this warning, you can either:
	- Avoid using `tokenizers` before the fork if possible
	- Explicitly set the environment variable TOKENIZERS_PARALLELISM=(true | false)
huggingface/tokenizers: The current process just got forked, after parallelism has already been used. Disabling parallelism to avoid deadlocks...
To disable this warning, you can either:
	- Avoid using `tokenizers` before the fork if possible
	- Explicitly set the environment variable TOKENIZERS_PARALLELISM=(true | false)
huggingface/tokenizers: The current process just got forked, after parallelism has already been used. Disabling parallelism to avoid deadlocks...
To disable this warning, you can either:
	- Avoid using `tokenizers` before the fork if possible
	- Explicitly set the environment variable TOKENIZERS_PARALLELISM=(true | false)
huggingface/tokenizers: The current process just got forked, after parallelism has already been used. Disabling parallelism to avoid deadlocks...
To disable this warning, you can either:
	- Avoid using `tokenizers` before the fork if possible
	- Explicitly set the environment variable TOKENIZERS_PARALLELISM=(true | false)
huggingface/tokenizers: The current process just got forked, after parallelism has already been used. Disabling parallelism to avoid deadlocks...
To disable this warning, you can either:
	- Avoid using `tokenizers` before the fork if possible
	- Explicitly set the environment variable TOKENIZERS_PARALLELISM=(true | false)
huggingface/tokenizers: The current process just got forked, after parallelism has already been used. Disabling parallelism to avoid deadlocks...
To disable this warning, you can either:
	- Avoid using `tokenizers` before the fork if possible
	- Explicitly set the environment variable TOKENIZERS_PARALLELISM=(true | false)
Epoch: [2]  [   0/5625]  eta: 7:27:05  lr: 0.000009  train_loss: 0.5712 (0.5712)  train_iou: 0.5025 (0.5025)  time: 4.7690  data: 2.5798  max mem: 31397
Epoch: [2]  [  20/5625]  eta: 1:52:28  lr: 0.000009  train_loss: 0.2506 (0.2898)  train_iou: 0.6495 (0.6529)  time: 1.0257  data: 0.0018  max mem: 31397
Epoch: [2]  [  40/5625]  eta: 1:43:38  lr: 0.000009  train_loss: 0.2791 (0.3003)  train_iou: 0.6308 (0.6370)  time: 1.0182  data: 0.0004  max mem: 31397
Epoch: [2]  [  60/5625]  eta: 1:40:29  lr: 0.000009  train_loss: 0.3208 (0.3135)  train_iou: 0.6197 (0.6306)  time: 1.0221  data: 0.0004  max mem: 31397
Epoch: [2]  [  80/5625]  eta: 1:38:51  lr: 0.000009  train_loss: 0.2964 (0.3254)  train_iou: 0.5611 (0.6220)  time: 1.0281  data: 0.0004  max mem: 31397
Epoch: [2]  [ 100/5625]  eta: 1:37:43  lr: 0.000009  train_loss: 0.3295 (0.3282)  train_iou: 0.6213 (0.6220)  time: 1.0265  data: 0.0004  max mem: 31397
Epoch: [2]  [ 120/5625]  eta: 1:36:51  lr: 0.000009  train_loss: 0.2085 (0.3200)  train_iou: 0.6969 (0.6304)  time: 1.0275  data: 0.0004  max mem: 31397
Epoch: [2]  [ 140/5625]  eta: 1:36:11  lr: 0.000009  train_loss: 0.3113 (0.3150)  train_iou: 0.6303 (0.6339)  time: 1.0320  data: 0.0005  max mem: 31397
Epoch: [2]  [ 160/5625]  eta: 1:35:33  lr: 0.000009  train_loss: 0.2435 (0.3136)  train_iou: 0.6269 (0.6314)  time: 1.0265  data: 0.0004  max mem: 31397
Epoch: [2]  [ 180/5625]  eta: 1:35:00  lr: 0.000009  train_loss: 0.2915 (0.3126)  train_iou: 0.6806 (0.6358)  time: 1.0290  data: 0.0005  max mem: 31397
Epoch: [2]  [ 200/5625]  eta: 1:34:29  lr: 0.000009  train_loss: 0.2194 (0.3077)  train_iou: 0.6169 (0.6393)  time: 1.0288  data: 0.0004  max mem: 31397
Epoch: [2]  [ 220/5625]  eta: 1:34:00  lr: 0.000009  train_loss: 0.3154 (0.3117)  train_iou: 0.6065 (0.6372)  time: 1.0290  data: 0.0004  max mem: 31397
Epoch: [2]  [ 240/5625]  eta: 1:33:32  lr: 0.000009  train_loss: 0.2784 (0.3097)  train_iou: 0.6468 (0.6378)  time: 1.0265  data: 0.0005  max mem: 31397
Epoch: [2]  [ 260/5625]  eta: 1:33:02  lr: 0.000009  train_loss: 0.2860 (0.3081)  train_iou: 0.6265 (0.6370)  time: 1.0219  data: 0.0004  max mem: 31397
Epoch: [2]  [ 280/5625]  eta: 1:32:41  lr: 0.000009  train_loss: 0.2825 (0.3088)  train_iou: 0.6412 (0.6369)  time: 1.0400  data: 0.0005  max mem: 31397
Epoch: [2]  [ 300/5625]  eta: 1:32:17  lr: 0.000009  train_loss: 0.2109 (0.3071)  train_iou: 0.6609 (0.6379)  time: 1.0318  data: 0.0004  max mem: 31397
Epoch: [2]  [ 320/5625]  eta: 1:31:52  lr: 0.000009  train_loss: 0.1903 (0.3059)  train_iou: 0.5998 (0.6364)  time: 1.0260  data: 0.0005  max mem: 31397
Epoch: [2]  [ 340/5625]  eta: 1:31:29  lr: 0.000009  train_loss: 0.3265 (0.3081)  train_iou: 0.6242 (0.6371)  time: 1.0319  data: 0.0005  max mem: 31397
Epoch: [2]  [ 360/5625]  eta: 1:31:06  lr: 0.000009  train_loss: 0.2019 (0.3045)  train_iou: 0.6137 (0.6359)  time: 1.0300  data: 0.0004  max mem: 31397
Epoch: [2]  [ 380/5625]  eta: 1:30:43  lr: 0.000009  train_loss: 0.2278 (0.3028)  train_iou: 0.6481 (0.6364)  time: 1.0304  data: 0.0005  max mem: 31397
Epoch: [2]  [ 400/5625]  eta: 1:30:20  lr: 0.000009  train_loss: 0.2380 (0.3015)  train_iou: 0.6846 (0.6387)  time: 1.0318  data: 0.0005  max mem: 31397
Epoch: [2]  [ 420/5625]  eta: 1:30:02  lr: 0.000009  train_loss: 0.2535 (0.3016)  train_iou: 0.6365 (0.6391)  time: 1.0463  data: 0.0005  max mem: 31397
Epoch: [2]  [ 440/5625]  eta: 1:29:39  lr: 0.000009  train_loss: 0.2216 (0.2999)  train_iou: 0.6033 (0.6386)  time: 1.0282  data: 0.0005  max mem: 31397
Epoch: [2]  [ 460/5625]  eta: 1:29:17  lr: 0.000009  train_loss: 0.2431 (0.2993)  train_iou: 0.6418 (0.6376)  time: 1.0331  data: 0.0004  max mem: 31397
Epoch: [2]  [ 480/5625]  eta: 1:28:53  lr: 0.000009  train_loss: 0.2308 (0.2983)  train_iou: 0.6223 (0.6376)  time: 1.0224  data: 0.0004  max mem: 31397
Epoch: [2]  [ 500/5625]  eta: 1:28:30  lr: 0.000009  train_loss: 0.2716 (0.2979)  train_iou: 0.6655 (0.6378)  time: 1.0266  data: 0.0005  max mem: 31397
Epoch: [2]  [ 520/5625]  eta: 1:28:08  lr: 0.000009  train_loss: 0.2131 (0.2967)  train_iou: 0.6694 (0.6391)  time: 1.0282  data: 0.0004  max mem: 31397
Epoch: [2]  [ 540/5625]  eta: 1:27:46  lr: 0.000009  train_loss: 0.3045 (0.2977)  train_iou: 0.6491 (0.6393)  time: 1.0273  data: 0.0004  max mem: 31397
Epoch: [2]  [ 560/5625]  eta: 1:27:24  lr: 0.000009  train_loss: 0.2513 (0.2981)  train_iou: 0.6633 (0.6404)  time: 1.0282  data: 0.0004  max mem: 31397
Epoch: [2]  [ 580/5625]  eta: 1:27:02  lr: 0.000009  train_loss: 0.2954 (0.2993)  train_iou: 0.6135 (0.6397)  time: 1.0311  data: 0.0004  max mem: 31397
Epoch: [2]  [ 600/5625]  eta: 1:26:40  lr: 0.000009  train_loss: 0.3128 (0.2993)  train_iou: 0.6478 (0.6400)  time: 1.0269  data: 0.0004  max mem: 31397
Epoch: [2]  [ 620/5625]  eta: 1:26:15  lr: 0.000009  train_loss: 0.3253 (0.3010)  train_iou: 0.6339 (0.6401)  time: 1.0080  data: 0.0004  max mem: 31397
Epoch: [2]  [ 640/5625]  eta: 1:25:52  lr: 0.000009  train_loss: 0.3018 (0.3016)  train_iou: 0.6552 (0.6408)  time: 1.0184  data: 0.0005  max mem: 31397
Epoch: [2]  [ 660/5625]  eta: 1:25:28  lr: 0.000009  train_loss: 0.2788 (0.3030)  train_iou: 0.6434 (0.6408)  time: 1.0118  data: 0.0004  max mem: 31397
Epoch: [2]  [ 680/5625]  eta: 1:25:08  lr: 0.000009  train_loss: 0.2665 (0.3029)  train_iou: 0.6848 (0.6421)  time: 1.0375  data: 0.0005  max mem: 31397
Epoch: [2]  [ 700/5625]  eta: 1:24:45  lr: 0.000009  train_loss: 0.2265 (0.3021)  train_iou: 0.5843 (0.6416)  time: 1.0171  data: 0.0005  max mem: 31397
Epoch: [2]  [ 720/5625]  eta: 1:24:21  lr: 0.000009  train_loss: 0.2709 (0.3018)  train_iou: 0.6323 (0.6415)  time: 1.0096  data: 0.0004  max mem: 31397
Epoch: [2]  [ 740/5625]  eta: 1:23:58  lr: 0.000009  train_loss: 0.3462 (0.3053)  train_iou: 0.5808 (0.6386)  time: 1.0099  data: 0.0004  max mem: 31397
Epoch: [2]  [ 760/5625]  eta: 1:23:35  lr: 0.000009  train_loss: 0.3134 (0.3058)  train_iou: 0.6261 (0.6383)  time: 1.0113  data: 0.0005  max mem: 31397
Epoch: [2]  [ 780/5625]  eta: 1:23:12  lr: 0.000009  train_loss: 0.2083 (0.3044)  train_iou: 0.6418 (0.6385)  time: 1.0118  data: 0.0004  max mem: 31397
Epoch: [2]  [ 800/5625]  eta: 1:22:49  lr: 0.000009  train_loss: 0.3044 (0.3049)  train_iou: 0.6704 (0.6389)  time: 1.0123  data: 0.0004  max mem: 31397
Epoch: [2]  [ 820/5625]  eta: 1:22:26  lr: 0.000009  train_loss: 0.2549 (0.3045)  train_iou: 0.5751 (0.6379)  time: 1.0105  data: 0.0004  max mem: 31397
Epoch: [2]  [ 840/5625]  eta: 1:22:03  lr: 0.000009  train_loss: 0.3190 (0.3051)  train_iou: 0.6491 (0.6381)  time: 1.0104  data: 0.0004  max mem: 31397
Epoch: [2]  [ 860/5625]  eta: 1:21:40  lr: 0.000009  train_loss: 0.3037 (0.3059)  train_iou: 0.6215 (0.6371)  time: 1.0100  data: 0.0004  max mem: 31397
Epoch: [2]  [ 880/5625]  eta: 1:21:18  lr: 0.000009  train_loss: 0.2908 (0.3060)  train_iou: 0.6594 (0.6376)  time: 1.0120  data: 0.0004  max mem: 31397
Epoch: [2]  [ 900/5625]  eta: 1:20:55  lr: 0.000009  train_loss: 0.2005 (0.3047)  train_iou: 0.6922 (0.6384)  time: 1.0076  data: 0.0004  max mem: 31397
Epoch: [2]  [ 920/5625]  eta: 1:20:33  lr: 0.000009  train_loss: 0.3358 (0.3059)  train_iou: 0.6127 (0.6374)  time: 1.0119  data: 0.0004  max mem: 31397
Epoch: [2]  [ 940/5625]  eta: 1:20:11  lr: 0.000009  train_loss: 0.2271 (0.3054)  train_iou: 0.6672 (0.6383)  time: 1.0125  data: 0.0004  max mem: 31397
Epoch: [2]  [ 960/5625]  eta: 1:19:50  lr: 0.000009  train_loss: 0.2055 (0.3056)  train_iou: 0.6201 (0.6386)  time: 1.0175  data: 0.0004  max mem: 31397
Epoch: [2]  [ 980/5625]  eta: 1:19:29  lr: 0.000009  train_loss: 0.2986 (0.3053)  train_iou: 0.6624 (0.6392)  time: 1.0214  data: 0.0004  max mem: 31397
Epoch: [2]  [1000/5625]  eta: 1:19:07  lr: 0.000009  train_loss: 0.2545 (0.3048)  train_iou: 0.6755 (0.6396)  time: 1.0124  data: 0.0004  max mem: 31397
Epoch: [2]  [1020/5625]  eta: 1:18:46  lr: 0.000009  train_loss: 0.2786 (0.3048)  train_iou: 0.6092 (0.6396)  time: 1.0261  data: 0.0005  max mem: 31397
Epoch: [2]  [1040/5625]  eta: 1:18:25  lr: 0.000009  train_loss: 0.2240 (0.3043)  train_iou: 0.6653 (0.6404)  time: 1.0145  data: 0.0004  max mem: 31397
Epoch: [2]  [1060/5625]  eta: 1:18:03  lr: 0.000009  train_loss: 0.2967 (0.3044)  train_iou: 0.6039 (0.6398)  time: 1.0094  data: 0.0004  max mem: 31397
Epoch: [2]  [1080/5625]  eta: 1:17:41  lr: 0.000009  train_loss: 0.2638 (0.3050)  train_iou: 0.5749 (0.6388)  time: 1.0099  data: 0.0004  max mem: 31397
Epoch: [2]  [1100/5625]  eta: 1:17:19  lr: 0.000009  train_loss: 0.2414 (0.3045)  train_iou: 0.6463 (0.6389)  time: 1.0066  data: 0.0004  max mem: 31397
Epoch: [2]  [1120/5625]  eta: 1:16:57  lr: 0.000009  train_loss: 0.2930 (0.3047)  train_iou: 0.6138 (0.6385)  time: 1.0064  data: 0.0004  max mem: 31397
Epoch: [2]  [1140/5625]  eta: 1:16:35  lr: 0.000009  train_loss: 0.2750 (0.3053)  train_iou: 0.6407 (0.6380)  time: 1.0078  data: 0.0004  max mem: 31397
Epoch: [2]  [1160/5625]  eta: 1:16:13  lr: 0.000009  train_loss: 0.2379 (0.3050)  train_iou: 0.6278 (0.6380)  time: 1.0064  data: 0.0004  max mem: 31397
Epoch: [2]  [1180/5625]  eta: 1:16:01  lr: 0.000009  train_loss: 0.2464 (0.3048)  train_iou: 0.6503 (0.6381)  time: 1.1386  data: 0.0004  max mem: 31397
Epoch: [2]  [1200/5625]  eta: 1:15:39  lr: 0.000009  train_loss: 0.2910 (0.3053)  train_iou: 0.6140 (0.6376)  time: 1.0078  data: 0.0004  max mem: 31397
Epoch: [2]  [1220/5625]  eta: 1:15:17  lr: 0.000009  train_loss: 0.2519 (0.3053)  train_iou: 0.5999 (0.6373)  time: 1.0074  data: 0.0004  max mem: 31397
Epoch: [2]  [1240/5625]  eta: 1:14:56  lr: 0.000009  train_loss: 0.2688 (0.3055)  train_iou: 0.6114 (0.6369)  time: 1.0188  data: 0.0004  max mem: 31397
Epoch: [2]  [1260/5625]  eta: 1:14:35  lr: 0.000009  train_loss: 0.2866 (0.3061)  train_iou: 0.6564 (0.6367)  time: 1.0130  data: 0.0004  max mem: 31397
Epoch: [2]  [1280/5625]  eta: 1:14:14  lr: 0.000009  train_loss: 0.2073 (0.3054)  train_iou: 0.6452 (0.6368)  time: 1.0186  data: 0.0004  max mem: 31397
Epoch: [2]  [1300/5625]  eta: 1:13:53  lr: 0.000009  train_loss: 0.2704 (0.3053)  train_iou: 0.6112 (0.6368)  time: 1.0194  data: 0.0005  max mem: 31397
Epoch: [2]  [1320/5625]  eta: 1:13:32  lr: 0.000009  train_loss: 0.3374 (0.3056)  train_iou: 0.6638 (0.6369)  time: 1.0088  data: 0.0004  max mem: 31397
Epoch: [2]  [1340/5625]  eta: 1:13:10  lr: 0.000009  train_loss: 0.2561 (0.3051)  train_iou: 0.6088 (0.6367)  time: 1.0112  data: 0.0004  max mem: 31397
Epoch: [2]  [1360/5625]  eta: 1:12:49  lr: 0.000009  train_loss: 0.2353 (0.3050)  train_iou: 0.6596 (0.6365)  time: 1.0108  data: 0.0005  max mem: 31397
Epoch: [2]  [1380/5625]  eta: 1:12:28  lr: 0.000009  train_loss: 0.2764 (0.3054)  train_iou: 0.6185 (0.6364)  time: 1.0113  data: 0.0004  max mem: 31397
Epoch: [2]  [1400/5625]  eta: 1:12:06  lr: 0.000009  train_loss: 0.2576 (0.3051)  train_iou: 0.6602 (0.6373)  time: 1.0104  data: 0.0004  max mem: 31397
Epoch: [2]  [1420/5625]  eta: 1:11:45  lr: 0.000009  train_loss: 0.2972 (0.3050)  train_iou: 0.5930 (0.6368)  time: 1.0138  data: 0.0004  max mem: 31397
Epoch: [2]  [1440/5625]  eta: 1:11:24  lr: 0.000009  train_loss: 0.2932 (0.3049)  train_iou: 0.6356 (0.6373)  time: 1.0093  data: 0.0004  max mem: 31397
Epoch: [2]  [1460/5625]  eta: 1:11:03  lr: 0.000009  train_loss: 0.2739 (0.3047)  train_iou: 0.6151 (0.6368)  time: 1.0096  data: 0.0004  max mem: 31397
Epoch: [2]  [1480/5625]  eta: 1:10:41  lr: 0.000009  train_loss: 0.2819 (0.3049)  train_iou: 0.6050 (0.6365)  time: 1.0130  data: 0.0004  max mem: 31397
Epoch: [2]  [1500/5625]  eta: 1:10:20  lr: 0.000009  train_loss: 0.2999 (0.3049)  train_iou: 0.5715 (0.6361)  time: 1.0111  data: 0.0004  max mem: 31397
Epoch: [2]  [1520/5625]  eta: 1:09:59  lr: 0.000009  train_loss: 0.1914 (0.3042)  train_iou: 0.6115 (0.6358)  time: 1.0137  data: 0.0004  max mem: 31397
Epoch: [2]  [1540/5625]  eta: 1:09:38  lr: 0.000009  train_loss: 0.2363 (0.3039)  train_iou: 0.6168 (0.6358)  time: 1.0107  data: 0.0004  max mem: 31397
Epoch: [2]  [1560/5625]  eta: 1:09:18  lr: 0.000009  train_loss: 0.2665 (0.3040)  train_iou: 0.6575 (0.6361)  time: 1.0180  data: 0.0004  max mem: 31397
Epoch: [2]  [1580/5625]  eta: 1:08:57  lr: 0.000009  train_loss: 0.2363 (0.3033)  train_iou: 0.6641 (0.6365)  time: 1.0204  data: 0.0004  max mem: 31397
Epoch: [2]  [1600/5625]  eta: 1:08:36  lr: 0.000009  train_loss: 0.2010 (0.3023)  train_iou: 0.6525 (0.6368)  time: 1.0121  data: 0.0004  max mem: 31397
Epoch: [2]  [1620/5625]  eta: 1:08:15  lr: 0.000009  train_loss: 0.2269 (0.3019)  train_iou: 0.6083 (0.6365)  time: 1.0103  data: 0.0004  max mem: 31397
Epoch: [2]  [1640/5625]  eta: 1:07:54  lr: 0.000009  train_loss: 0.2163 (0.3017)  train_iou: 0.5942 (0.6364)  time: 1.0112  data: 0.0004  max mem: 31397
Epoch: [2]  [1660/5625]  eta: 1:07:33  lr: 0.000009  train_loss: 0.1983 (0.3013)  train_iou: 0.6866 (0.6368)  time: 1.0128  data: 0.0004  max mem: 31397
Epoch: [2]  [1680/5625]  eta: 1:07:12  lr: 0.000009  train_loss: 0.2837 (0.3012)  train_iou: 0.6894 (0.6371)  time: 1.0095  data: 0.0004  max mem: 31397
Epoch: [2]  [1700/5625]  eta: 1:06:51  lr: 0.000009  train_loss: 0.2903 (0.3014)  train_iou: 0.5561 (0.6365)  time: 1.0178  data: 0.0004  max mem: 31397
Epoch: [2]  [1720/5625]  eta: 1:06:30  lr: 0.000009  train_loss: 0.2009 (0.3009)  train_iou: 0.7043 (0.6376)  time: 1.0131  data: 0.0004  max mem: 31397
Epoch: [2]  [1740/5625]  eta: 1:06:10  lr: 0.000009  train_loss: 0.1946 (0.3003)  train_iou: 0.6369 (0.6378)  time: 1.0203  data: 0.0004  max mem: 31397
Epoch: [2]  [1760/5625]  eta: 1:05:49  lr: 0.000009  train_loss: 0.2359 (0.3001)  train_iou: 0.5515 (0.6375)  time: 1.0178  data: 0.0004  max mem: 31397
Epoch: [2]  [1780/5625]  eta: 1:05:28  lr: 0.000009  train_loss: 0.3008 (0.3008)  train_iou: 0.6058 (0.6371)  time: 1.0128  data: 0.0004  max mem: 31397
Epoch: [2]  [1800/5625]  eta: 1:05:08  lr: 0.000009  train_loss: 0.2992 (0.3011)  train_iou: 0.6695 (0.6369)  time: 1.0144  data: 0.0004  max mem: 31397
Epoch: [2]  [1820/5625]  eta: 1:04:47  lr: 0.000009  train_loss: 0.2856 (0.3008)  train_iou: 0.6599 (0.6371)  time: 1.0112  data: 0.0005  max mem: 31397
Epoch: [2]  [1840/5625]  eta: 1:04:26  lr: 0.000009  train_loss: 0.2614 (0.3006)  train_iou: 0.6485 (0.6372)  time: 1.0089  data: 0.0004  max mem: 31397
Epoch: [2]  [1860/5625]  eta: 1:04:05  lr: 0.000009  train_loss: 0.2521 (0.3006)  train_iou: 0.6552 (0.6374)  time: 1.0070  data: 0.0004  max mem: 31397
Epoch: [2]  [1880/5625]  eta: 1:03:44  lr: 0.000009  train_loss: 0.2385 (0.3008)  train_iou: 0.6760 (0.6374)  time: 1.0132  data: 0.0004  max mem: 31397
Epoch: [2]  [1900/5625]  eta: 1:03:24  lr: 0.000009  train_loss: 0.3050 (0.3011)  train_iou: 0.6480 (0.6374)  time: 1.0167  data: 0.0004  max mem: 31397
Epoch: [2]  [1920/5625]  eta: 1:03:03  lr: 0.000009  train_loss: 0.2993 (0.3017)  train_iou: 0.6086 (0.6372)  time: 1.0172  data: 0.0004  max mem: 31397
Epoch: [2]  [1940/5625]  eta: 1:02:42  lr: 0.000009  train_loss: 0.3283 (0.3030)  train_iou: 0.6091 (0.6368)  time: 1.0196  data: 0.0004  max mem: 31397
Epoch: [2]  [1960/5625]  eta: 1:02:22  lr: 0.000009  train_loss: 0.2555 (0.3028)  train_iou: 0.6440 (0.6368)  time: 1.0188  data: 0.0005  max mem: 31397
Epoch: [2]  [1980/5625]  eta: 1:02:01  lr: 0.000009  train_loss: 0.2002 (0.3021)  train_iou: 0.6512 (0.6370)  time: 1.0101  data: 0.0004  max mem: 31397
Epoch: [2]  [2000/5625]  eta: 1:01:40  lr: 0.000009  train_loss: 0.2643 (0.3018)  train_iou: 0.5848 (0.6366)  time: 1.0100  data: 0.0004  max mem: 31397
Epoch: [2]  [2020/5625]  eta: 1:01:20  lr: 0.000009  train_loss: 0.2530 (0.3021)  train_iou: 0.5887 (0.6362)  time: 1.0139  data: 0.0004  max mem: 31397
Epoch: [2]  [2040/5625]  eta: 1:00:59  lr: 0.000009  train_loss: 0.2921 (0.3023)  train_iou: 0.6088 (0.6362)  time: 1.0113  data: 0.0004  max mem: 31397
Epoch: [2]  [2060/5625]  eta: 1:00:38  lr: 0.000009  train_loss: 0.2620 (0.3022)  train_iou: 0.6184 (0.6363)  time: 1.0092  data: 0.0004  max mem: 31397
Epoch: [2]  [2080/5625]  eta: 1:00:18  lr: 0.000009  train_loss: 0.2628 (0.3021)  train_iou: 0.6128 (0.6359)  time: 1.0195  data: 0.0004  max mem: 31397
Epoch: [2]  [2100/5625]  eta: 0:59:57  lr: 0.000009  train_loss: 0.3257 (0.3025)  train_iou: 0.5729 (0.6356)  time: 1.0155  data: 0.0004  max mem: 31397
Epoch: [2]  [2120/5625]  eta: 0:59:37  lr: 0.000009  train_loss: 0.2253 (0.3023)  train_iou: 0.6618 (0.6357)  time: 1.0186  data: 0.0004  max mem: 31397
Epoch: [2]  [2140/5625]  eta: 0:59:16  lr: 0.000009  train_loss: 0.3266 (0.3026)  train_iou: 0.6577 (0.6359)  time: 1.0192  data: 0.0004  max mem: 31397
Epoch: [2]  [2160/5625]  eta: 0:58:56  lr: 0.000009  train_loss: 0.2702 (0.3023)  train_iou: 0.6901 (0.6362)  time: 1.0154  data: 0.0004  max mem: 31397
Epoch: [2]  [2180/5625]  eta: 0:58:35  lr: 0.000009  train_loss: 0.2576 (0.3019)  train_iou: 0.6350 (0.6365)  time: 1.0144  data: 0.0004  max mem: 31397
Epoch: [2]  [2200/5625]  eta: 0:58:14  lr: 0.000009  train_loss: 0.2930 (0.3020)  train_iou: 0.6296 (0.6366)  time: 1.0128  data: 0.0004  max mem: 31397
Epoch: [2]  [2220/5625]  eta: 0:57:54  lr: 0.000009  train_loss: 0.2598 (0.3019)  train_iou: 0.6557 (0.6366)  time: 1.0119  data: 0.0004  max mem: 31397
Epoch: [2]  [2240/5625]  eta: 0:57:33  lr: 0.000009  train_loss: 0.2176 (0.3019)  train_iou: 0.6431 (0.6366)  time: 1.0110  data: 0.0004  max mem: 31397
Epoch: [2]  [2260/5625]  eta: 0:57:12  lr: 0.000009  train_loss: 0.2719 (0.3019)  train_iou: 0.6018 (0.6362)  time: 1.0129  data: 0.0004  max mem: 31397
Epoch: [2]  [2280/5625]  eta: 0:56:52  lr: 0.000009  train_loss: 0.2862 (0.3020)  train_iou: 0.6354 (0.6363)  time: 1.0086  data: 0.0004  max mem: 31397
Epoch: [2]  [2300/5625]  eta: 0:56:31  lr: 0.000009  train_loss: 0.2964 (0.3023)  train_iou: 0.6441 (0.6363)  time: 1.0107  data: 0.0004  max mem: 31397
Epoch: [2]  [2320/5625]  eta: 0:56:10  lr: 0.000009  train_loss: 0.2149 (0.3017)  train_iou: 0.6725 (0.6367)  time: 1.0094  data: 0.0004  max mem: 31397
Epoch: [2]  [2340/5625]  eta: 0:55:50  lr: 0.000009  train_loss: 0.2951 (0.3021)  train_iou: 0.6141 (0.6365)  time: 1.0112  data: 0.0004  max mem: 31397
Epoch: [2]  [2360/5625]  eta: 0:55:29  lr: 0.000009  train_loss: 0.1996 (0.3020)  train_iou: 0.6857 (0.6370)  time: 1.0071  data: 0.0004  max mem: 31397
Epoch: [2]  [2380/5625]  eta: 0:55:08  lr: 0.000009  train_loss: 0.2139 (0.3017)  train_iou: 0.6565 (0.6372)  time: 1.0127  data: 0.0004  max mem: 31397
Epoch: [2]  [2400/5625]  eta: 0:54:48  lr: 0.000009  train_loss: 0.3389 (0.3023)  train_iou: 0.6512 (0.6374)  time: 1.0115  data: 0.0004  max mem: 31397
Epoch: [2]  [2420/5625]  eta: 0:54:27  lr: 0.000009  train_loss: 0.2812 (0.3022)  train_iou: 0.5823 (0.6370)  time: 1.0077  data: 0.0004  max mem: 31397
Epoch: [2]  [2440/5625]  eta: 0:54:06  lr: 0.000009  train_loss: 0.2964 (0.3024)  train_iou: 0.6093 (0.6369)  time: 1.0073  data: 0.0004  max mem: 31397
Epoch: [2]  [2460/5625]  eta: 0:53:46  lr: 0.000009  train_loss: 0.2731 (0.3025)  train_iou: 0.5600 (0.6364)  time: 1.0084  data: 0.0004  max mem: 31397
Epoch: [2]  [2480/5625]  eta: 0:53:25  lr: 0.000009  train_loss: 0.3522 (0.3032)  train_iou: 0.6494 (0.6365)  time: 1.0126  data: 0.0004  max mem: 31397
Epoch: [2]  [2500/5625]  eta: 0:53:07  lr: 0.000009  train_loss: 0.2674 (0.3032)  train_iou: 0.5968 (0.6364)  time: 1.1268  data: 0.0004  max mem: 31397
Epoch: [2]  [2520/5625]  eta: 0:52:47  lr: 0.000009  train_loss: 0.1793 (0.3027)  train_iou: 0.6569 (0.6365)  time: 1.0076  data: 0.0004  max mem: 31397
Epoch: [2]  [2540/5625]  eta: 0:52:26  lr: 0.000009  train_loss: 0.2413 (0.3026)  train_iou: 0.6615 (0.6363)  time: 1.0193  data: 0.0004  max mem: 31397
Epoch: [2]  [2560/5625]  eta: 0:52:06  lr: 0.000009  train_loss: 0.3088 (0.3031)  train_iou: 0.5633 (0.6361)  time: 1.0154  data: 0.0004  max mem: 31397
Epoch: [2]  [2580/5625]  eta: 0:51:45  lr: 0.000009  train_loss: 0.2523 (0.3029)  train_iou: 0.6998 (0.6365)  time: 1.0188  data: 0.0005  max mem: 31397
Epoch: [2]  [2600/5625]  eta: 0:51:25  lr: 0.000009  train_loss: 0.2441 (0.3029)  train_iou: 0.6611 (0.6367)  time: 1.0156  data: 0.0004  max mem: 31397
Epoch: [2]  [2620/5625]  eta: 0:51:04  lr: 0.000009  train_loss: 0.2942 (0.3028)  train_iou: 0.7049 (0.6370)  time: 1.0097  data: 0.0004  max mem: 31397
Epoch: [2]  [2640/5625]  eta: 0:50:43  lr: 0.000009  train_loss: 0.2522 (0.3025)  train_iou: 0.6960 (0.6371)  time: 1.0105  data: 0.0004  max mem: 31397
Epoch: [2]  [2660/5625]  eta: 0:50:23  lr: 0.000009  train_loss: 0.2904 (0.3027)  train_iou: 0.6893 (0.6375)  time: 1.0089  data: 0.0004  max mem: 31397
Epoch: [2]  [2680/5625]  eta: 0:50:02  lr: 0.000009  train_loss: 0.2493 (0.3024)  train_iou: 0.6630 (0.6375)  time: 1.0092  data: 0.0004  max mem: 31397
Epoch: [2]  [2700/5625]  eta: 0:49:42  lr: 0.000009  train_loss: 0.3275 (0.3026)  train_iou: 0.6273 (0.6372)  time: 1.0207  data: 0.0004  max mem: 31397
Epoch: [2]  [2720/5625]  eta: 0:49:21  lr: 0.000009  train_loss: 0.3304 (0.3036)  train_iou: 0.6177 (0.6371)  time: 1.0174  data: 0.0004  max mem: 31397
Epoch: [2]  [2740/5625]  eta: 0:49:01  lr: 0.000009  train_loss: 0.3226 (0.3041)  train_iou: 0.6881 (0.6373)  time: 1.0149  data: 0.0004  max mem: 31397
Epoch: [2]  [2760/5625]  eta: 0:48:41  lr: 0.000009  train_loss: 0.3025 (0.3044)  train_iou: 0.6179 (0.6373)  time: 1.0191  data: 0.0004  max mem: 31397
Epoch: [2]  [2780/5625]  eta: 0:48:20  lr: 0.000009  train_loss: 0.2593 (0.3045)  train_iou: 0.6988 (0.6375)  time: 1.0085  data: 0.0004  max mem: 31397
Epoch: [2]  [2800/5625]  eta: 0:47:59  lr: 0.000009  train_loss: 0.2213 (0.3042)  train_iou: 0.6650 (0.6377)  time: 1.0068  data: 0.0004  max mem: 31397
Epoch: [2]  [2820/5625]  eta: 0:47:39  lr: 0.000009  train_loss: 0.2455 (0.3041)  train_iou: 0.6384 (0.6377)  time: 1.0106  data: 0.0004  max mem: 31397
Epoch: [2]  [2840/5625]  eta: 0:47:18  lr: 0.000009  train_loss: 0.2664 (0.3040)  train_iou: 0.6254 (0.6376)  time: 1.0096  data: 0.0004  max mem: 31397
Epoch: [2]  [2860/5625]  eta: 0:46:58  lr: 0.000009  train_loss: 0.2589 (0.3039)  train_iou: 0.5928 (0.6374)  time: 1.0091  data: 0.0004  max mem: 31397
Epoch: [2]  [2880/5625]  eta: 0:46:37  lr: 0.000009  train_loss: 0.1817 (0.3033)  train_iou: 0.6800 (0.6376)  time: 1.0093  data: 0.0004  max mem: 31397
Epoch: [2]  [2900/5625]  eta: 0:46:16  lr: 0.000009  train_loss: 0.2452 (0.3030)  train_iou: 0.7699 (0.6382)  time: 1.0086  data: 0.0004  max mem: 31397
Epoch: [2]  [2920/5625]  eta: 0:45:56  lr: 0.000009  train_loss: 0.2268 (0.3028)  train_iou: 0.5691 (0.6379)  time: 1.0066  data: 0.0004  max mem: 31397
Epoch: [2]  [2940/5625]  eta: 0:45:35  lr: 0.000009  train_loss: 0.2057 (0.3025)  train_iou: 0.6828 (0.6381)  time: 1.0074  data: 0.0004  max mem: 31397
Epoch: [2]  [2960/5625]  eta: 0:45:15  lr: 0.000009  train_loss: 0.2737 (0.3022)  train_iou: 0.6352 (0.6382)  time: 1.0119  data: 0.0004  max mem: 31397
Epoch: [2]  [2980/5625]  eta: 0:44:54  lr: 0.000009  train_loss: 0.3098 (0.3023)  train_iou: 0.6323 (0.6381)  time: 1.0216  data: 0.0005  max mem: 31397
Epoch: [2]  [3000/5625]  eta: 0:44:34  lr: 0.000009  train_loss: 0.2533 (0.3021)  train_iou: 0.6289 (0.6381)  time: 1.0185  data: 0.0004  max mem: 31397
Epoch: [2]  [3020/5625]  eta: 0:44:14  lr: 0.000009  train_loss: 0.2103 (0.3020)  train_iou: 0.6269 (0.6380)  time: 1.0145  data: 0.0004  max mem: 31397
Epoch: [2]  [3040/5625]  eta: 0:43:53  lr: 0.000009  train_loss: 0.2905 (0.3021)  train_iou: 0.5978 (0.6377)  time: 1.0182  data: 0.0004  max mem: 31397
Epoch: [2]  [3060/5625]  eta: 0:43:33  lr: 0.000009  train_loss: 0.2823 (0.3021)  train_iou: 0.6361 (0.6377)  time: 1.0100  data: 0.0004  max mem: 31397
Epoch: [2]  [3080/5625]  eta: 0:43:12  lr: 0.000009  train_loss: 0.3228 (0.3021)  train_iou: 0.6172 (0.6377)  time: 1.0130  data: 0.0004  max mem: 31397
Epoch: [2]  [3100/5625]  eta: 0:42:52  lr: 0.000009  train_loss: 0.2892 (0.3022)  train_iou: 0.6191 (0.6377)  time: 1.0319  data: 0.0005  max mem: 31397
Epoch: [2]  [3120/5625]  eta: 0:42:31  lr: 0.000009  train_loss: 0.2728 (0.3022)  train_iou: 0.6299 (0.6377)  time: 1.0129  data: 0.0004  max mem: 31397
Epoch: [2]  [3140/5625]  eta: 0:42:11  lr: 0.000009  train_loss: 0.2447 (0.3023)  train_iou: 0.5694 (0.6374)  time: 1.0163  data: 0.0004  max mem: 31397
Epoch: [2]  [3160/5625]  eta: 0:41:51  lr: 0.000009  train_loss: 0.2436 (0.3021)  train_iou: 0.6655 (0.6375)  time: 1.0146  data: 0.0004  max mem: 31397
Epoch: [2]  [3180/5625]  eta: 0:41:30  lr: 0.000009  train_loss: 0.3231 (0.3024)  train_iou: 0.6003 (0.6373)  time: 1.0106  data: 0.0004  max mem: 31397
Epoch: [2]  [3200/5625]  eta: 0:41:10  lr: 0.000009  train_loss: 0.2723 (0.3024)  train_iou: 0.6017 (0.6373)  time: 1.0123  data: 0.0004  max mem: 31397
Epoch: [2]  [3220/5625]  eta: 0:40:49  lr: 0.000009  train_loss: 0.2260 (0.3023)  train_iou: 0.6197 (0.6375)  time: 1.0092  data: 0.0004  max mem: 31397
Epoch: [2]  [3240/5625]  eta: 0:40:29  lr: 0.000009  train_loss: 0.2605 (0.3023)  train_iou: 0.6634 (0.6374)  time: 1.0110  data: 0.0004  max mem: 31397
Epoch: [2]  [3260/5625]  eta: 0:40:08  lr: 0.000009  train_loss: 0.2745 (0.3022)  train_iou: 0.6543 (0.6375)  time: 1.0193  data: 0.0004  max mem: 31397
Epoch: [2]  [3280/5625]  eta: 0:39:48  lr: 0.000009  train_loss: 0.2900 (0.3025)  train_iou: 0.6528 (0.6376)  time: 1.0262  data: 0.0005  max mem: 31397
Epoch: [2]  [3300/5625]  eta: 0:39:28  lr: 0.000009  train_loss: 0.2718 (0.3026)  train_iou: 0.6183 (0.6375)  time: 1.0216  data: 0.0004  max mem: 31397
Epoch: [2]  [3320/5625]  eta: 0:39:07  lr: 0.000009  train_loss: 0.3176 (0.3029)  train_iou: 0.6214 (0.6372)  time: 1.0182  data: 0.0004  max mem: 31397
Epoch: [2]  [3340/5625]  eta: 0:38:47  lr: 0.000009  train_loss: 0.2160 (0.3027)  train_iou: 0.6208 (0.6370)  time: 1.0181  data: 0.0004  max mem: 31397
Epoch: [2]  [3360/5625]  eta: 0:38:27  lr: 0.000009  train_loss: 0.2184 (0.3023)  train_iou: 0.7045 (0.6373)  time: 1.0119  data: 0.0004  max mem: 31397
Epoch: [2]  [3380/5625]  eta: 0:38:06  lr: 0.000009  train_loss: 0.2962 (0.3022)  train_iou: 0.6266 (0.6372)  time: 1.0132  data: 0.0004  max mem: 31397
Epoch: [2]  [3400/5625]  eta: 0:37:46  lr: 0.000009  train_loss: 0.2445 (0.3024)  train_iou: 0.5756 (0.6370)  time: 1.0104  data: 0.0004  max mem: 31397
Epoch: [2]  [3420/5625]  eta: 0:37:25  lr: 0.000009  train_loss: 0.2093 (0.3021)  train_iou: 0.6319 (0.6371)  time: 1.0137  data: 0.0004  max mem: 31397
Epoch: [2]  [3440/5625]  eta: 0:37:05  lr: 0.000009  train_loss: 0.1763 (0.3018)  train_iou: 0.7021 (0.6373)  time: 1.0137  data: 0.0004  max mem: 31397
Epoch: [2]  [3460/5625]  eta: 0:36:44  lr: 0.000009  train_loss: 0.2152 (0.3015)  train_iou: 0.6353 (0.6374)  time: 1.0139  data: 0.0004  max mem: 31397
Epoch: [2]  [3480/5625]  eta: 0:36:24  lr: 0.000009  train_loss: 0.2498 (0.3016)  train_iou: 0.6245 (0.6374)  time: 1.0124  data: 0.0004  max mem: 31397
Epoch: [2]  [3500/5625]  eta: 0:36:03  lr: 0.000009  train_loss: 0.2558 (0.3015)  train_iou: 0.6671 (0.6376)  time: 1.0101  data: 0.0004  max mem: 31397
Epoch: [2]  [3520/5625]  eta: 0:35:43  lr: 0.000009  train_loss: 0.2927 (0.3016)  train_iou: 0.6619 (0.6377)  time: 1.0096  data: 0.0004  max mem: 31397
Epoch: [2]  [3540/5625]  eta: 0:35:23  lr: 0.000009  train_loss: 0.2305 (0.3013)  train_iou: 0.6366 (0.6378)  time: 1.0129  data: 0.0004  max mem: 31397
Epoch: [2]  [3560/5625]  eta: 0:35:02  lr: 0.000009  train_loss: 0.2887 (0.3013)  train_iou: 0.6260 (0.6377)  time: 1.0115  data: 0.0004  max mem: 31397
Epoch: [2]  [3580/5625]  eta: 0:34:42  lr: 0.000009  train_loss: 0.2609 (0.3014)  train_iou: 0.6670 (0.6378)  time: 1.0083  data: 0.0004  max mem: 31397
Epoch: [2]  [3600/5625]  eta: 0:34:21  lr: 0.000009  train_loss: 0.2342 (0.3012)  train_iou: 0.6444 (0.6379)  time: 1.0227  data: 0.0004  max mem: 31397
Epoch: [2]  [3620/5625]  eta: 0:34:01  lr: 0.000009  train_loss: 0.1903 (0.3009)  train_iou: 0.6484 (0.6381)  time: 1.0175  data: 0.0004  max mem: 31397
Epoch: [2]  [3640/5625]  eta: 0:33:41  lr: 0.000009  train_loss: 0.2523 (0.3008)  train_iou: 0.6043 (0.6380)  time: 1.0230  data: 0.0005  max mem: 31397
Epoch: [2]  [3660/5625]  eta: 0:33:20  lr: 0.000009  train_loss: 0.2666 (0.3008)  train_iou: 0.6984 (0.6381)  time: 1.0180  data: 0.0004  max mem: 31397
Epoch: [2]  [3680/5625]  eta: 0:33:00  lr: 0.000009  train_loss: 0.2640 (0.3007)  train_iou: 0.6847 (0.6382)  time: 1.0108  data: 0.0004  max mem: 31397
Epoch: [2]  [3700/5625]  eta: 0:32:39  lr: 0.000009  train_loss: 0.3133 (0.3008)  train_iou: 0.6601 (0.6382)  time: 1.0096  data: 0.0004  max mem: 31397
Epoch: [2]  [3720/5625]  eta: 0:32:19  lr: 0.000009  train_loss: 0.2397 (0.3010)  train_iou: 0.6486 (0.6382)  time: 1.0112  data: 0.0004  max mem: 31397
Epoch: [2]  [3740/5625]  eta: 0:31:58  lr: 0.000009  train_loss: 0.2551 (0.3010)  train_iou: 0.6368 (0.6383)  time: 1.0107  data: 0.0004  max mem: 31397
Epoch: [2]  [3760/5625]  eta: 0:31:38  lr: 0.000009  train_loss: 0.1911 (0.3008)  train_iou: 0.6511 (0.6383)  time: 1.0117  data: 0.0004  max mem: 31397
Epoch: [2]  [3780/5625]  eta: 0:31:18  lr: 0.000009  train_loss: 0.2468 (0.3007)  train_iou: 0.6683 (0.6385)  time: 1.0117  data: 0.0004  max mem: 31397
Epoch: [2]  [3800/5625]  eta: 0:30:57  lr: 0.000009  train_loss: 0.3016 (0.3008)  train_iou: 0.6549 (0.6386)  time: 1.0098  data: 0.0004  max mem: 31397
Epoch: [2]  [3820/5625]  eta: 0:30:37  lr: 0.000009  train_loss: 0.2108 (0.3006)  train_iou: 0.6773 (0.6387)  time: 1.0260  data: 0.0004  max mem: 31397
Epoch: [2]  [3840/5625]  eta: 0:30:18  lr: 0.000009  train_loss: 0.2674 (0.3005)  train_iou: 0.6411 (0.6387)  time: 1.1347  data: 0.0004  max mem: 31397
Epoch: [2]  [3860/5625]  eta: 0:29:57  lr: 0.000009  train_loss: 0.2607 (0.3006)  train_iou: 0.6391 (0.6388)  time: 1.0170  data: 0.0004  max mem: 31397
Epoch: [2]  [3880/5625]  eta: 0:29:37  lr: 0.000009  train_loss: 0.2541 (0.3006)  train_iou: 0.6097 (0.6389)  time: 1.0181  data: 0.0004  max mem: 31397
Epoch: [2]  [3900/5625]  eta: 0:29:16  lr: 0.000009  train_loss: 0.2290 (0.3006)  train_iou: 0.6882 (0.6390)  time: 1.0079  data: 0.0004  max mem: 31397
Epoch: [2]  [3920/5625]  eta: 0:28:56  lr: 0.000009  train_loss: 0.2025 (0.3003)  train_iou: 0.6328 (0.6391)  time: 1.0131  data: 0.0004  max mem: 31397
Epoch: [2]  [3940/5625]  eta: 0:28:36  lr: 0.000009  train_loss: 0.2576 (0.3005)  train_iou: 0.5600 (0.6389)  time: 1.0106  data: 0.0004  max mem: 31397
Epoch: [2]  [3960/5625]  eta: 0:28:15  lr: 0.000009  train_loss: 0.3089 (0.3005)  train_iou: 0.6347 (0.6389)  time: 1.0112  data: 0.0004  max mem: 31397
Epoch: [2]  [3980/5625]  eta: 0:27:55  lr: 0.000009  train_loss: 0.2153 (0.3004)  train_iou: 0.6626 (0.6388)  time: 1.0081  data: 0.0004  max mem: 31397
Epoch: [2]  [4000/5625]  eta: 0:27:34  lr: 0.000009  train_loss: 0.2414 (0.3004)  train_iou: 0.6261 (0.6388)  time: 1.0129  data: 0.0004  max mem: 31397
Epoch: [2]  [4020/5625]  eta: 0:27:14  lr: 0.000009  train_loss: 0.2722 (0.3005)  train_iou: 0.6363 (0.6388)  time: 1.0060  data: 0.0004  max mem: 31397
Epoch: [2]  [4040/5625]  eta: 0:26:53  lr: 0.000009  train_loss: 0.3054 (0.3008)  train_iou: 0.6594 (0.6388)  time: 1.0100  data: 0.0004  max mem: 31397
Epoch: [2]  [4060/5625]  eta: 0:26:33  lr: 0.000009  train_loss: 0.2427 (0.3006)  train_iou: 0.6532 (0.6388)  time: 1.0144  data: 0.0004  max mem: 31397
Epoch: [2]  [4080/5625]  eta: 0:26:13  lr: 0.000009  train_loss: 0.2495 (0.3005)  train_iou: 0.6639 (0.6389)  time: 1.0206  data: 0.0004  max mem: 31397
Epoch: [2]  [4100/5625]  eta: 0:25:52  lr: 0.000009  train_loss: 0.3382 (0.3009)  train_iou: 0.6460 (0.6389)  time: 1.0191  data: 0.0004  max mem: 31397
Epoch: [2]  [4120/5625]  eta: 0:25:32  lr: 0.000009  train_loss: 0.3037 (0.3010)  train_iou: 0.6278 (0.6388)  time: 1.0161  data: 0.0004  max mem: 31397
Epoch: [2]  [4140/5625]  eta: 0:25:12  lr: 0.000009  train_loss: 0.2483 (0.3010)  train_iou: 0.6573 (0.6388)  time: 1.0163  data: 0.0004  max mem: 31397
Epoch: [2]  [4160/5625]  eta: 0:24:51  lr: 0.000009  train_loss: 0.3070 (0.3011)  train_iou: 0.6359 (0.6388)  time: 1.0110  data: 0.0004  max mem: 31397
Epoch: [2]  [4180/5625]  eta: 0:24:31  lr: 0.000009  train_loss: 0.2586 (0.3011)  train_iou: 0.6566 (0.6391)  time: 1.0116  data: 0.0004  max mem: 31397
Epoch: [2]  [4200/5625]  eta: 0:24:10  lr: 0.000009  train_loss: 0.2909 (0.3011)  train_iou: 0.5895 (0.6388)  time: 1.0157  data: 0.0004  max mem: 31397
Epoch: [2]  [4220/5625]  eta: 0:23:50  lr: 0.000009  train_loss: 0.2181 (0.3011)  train_iou: 0.6082 (0.6387)  time: 1.0182  data: 0.0005  max mem: 31397
Epoch: [2]  [4240/5625]  eta: 0:23:30  lr: 0.000009  train_loss: 0.3257 (0.3012)  train_iou: 0.6246 (0.6387)  time: 1.0203  data: 0.0004  max mem: 31397
Epoch: [2]  [4260/5625]  eta: 0:23:09  lr: 0.000009  train_loss: 0.2703 (0.3014)  train_iou: 0.6003 (0.6387)  time: 1.0176  data: 0.0004  max mem: 31397
Epoch: [2]  [4280/5625]  eta: 0:22:49  lr: 0.000009  train_loss: 0.2845 (0.3015)  train_iou: 0.6557 (0.6387)  time: 1.0151  data: 0.0004  max mem: 31397
Epoch: [2]  [4300/5625]  eta: 0:22:28  lr: 0.000009  train_loss: 0.2859 (0.3017)  train_iou: 0.6606 (0.6387)  time: 1.0197  data: 0.0004  max mem: 31397
Epoch: [2]  [4320/5625]  eta: 0:22:08  lr: 0.000009  train_loss: 0.2786 (0.3017)  train_iou: 0.6864 (0.6388)  time: 1.0180  data: 0.0004  max mem: 31397
Epoch: [2]  [4340/5625]  eta: 0:21:48  lr: 0.000009  train_loss: 0.2364 (0.3018)  train_iou: 0.6808 (0.6389)  time: 1.0247  data: 0.0004  max mem: 31397
Epoch: [2]  [4360/5625]  eta: 0:21:27  lr: 0.000009  train_loss: 0.2916 (0.3019)  train_iou: 0.6024 (0.6389)  time: 1.0185  data: 0.0004  max mem: 31397
Epoch: [2]  [4380/5625]  eta: 0:21:07  lr: 0.000009  train_loss: 0.2631 (0.3019)  train_iou: 0.6767 (0.6390)  time: 1.0158  data: 0.0004  max mem: 31397
Epoch: [2]  [4400/5625]  eta: 0:20:47  lr: 0.000009  train_loss: 0.2670 (0.3020)  train_iou: 0.6277 (0.6390)  time: 1.0118  data: 0.0004  max mem: 31397
Epoch: [2]  [4420/5625]  eta: 0:20:26  lr: 0.000009  train_loss: 0.2937 (0.3019)  train_iou: 0.6859 (0.6391)  time: 1.0149  data: 0.0004  max mem: 31397
Epoch: [2]  [4440/5625]  eta: 0:20:06  lr: 0.000009  train_loss: 0.2613 (0.3020)  train_iou: 0.6351 (0.6391)  time: 1.0226  data: 0.0005  max mem: 31397
Epoch: [2]  [4460/5625]  eta: 0:19:46  lr: 0.000009  train_loss: 0.2065 (0.3017)  train_iou: 0.6570 (0.6391)  time: 1.0243  data: 0.0004  max mem: 31397
Epoch: [2]  [4480/5625]  eta: 0:19:25  lr: 0.000009  train_loss: 0.2164 (0.3014)  train_iou: 0.6496 (0.6391)  time: 1.0186  data: 0.0004  max mem: 31397
Epoch: [2]  [4500/5625]  eta: 0:19:05  lr: 0.000009  train_loss: 0.2452 (0.3014)  train_iou: 0.6443 (0.6392)  time: 1.0105  data: 0.0004  max mem: 31397
Epoch: [2]  [4520/5625]  eta: 0:18:44  lr: 0.000009  train_loss: 0.2364 (0.3014)  train_iou: 0.6371 (0.6393)  time: 1.0111  data: 0.0004  max mem: 31397
Epoch: [2]  [4540/5625]  eta: 0:18:24  lr: 0.000009  train_loss: 0.2302 (0.3012)  train_iou: 0.6513 (0.6393)  time: 1.0206  data: 0.0004  max mem: 31397
Epoch: [2]  [4560/5625]  eta: 0:18:04  lr: 0.000009  train_loss: 0.2353 (0.3012)  train_iou: 0.6610 (0.6392)  time: 1.0191  data: 0.0004  max mem: 31397
Epoch: [2]  [4580/5625]  eta: 0:17:43  lr: 0.000009  train_loss: 0.2369 (0.3009)  train_iou: 0.6596 (0.6394)  time: 1.0252  data: 0.0004  max mem: 31397
Epoch: [2]  [4600/5625]  eta: 0:17:23  lr: 0.000009  train_loss: 0.2817 (0.3010)  train_iou: 0.5867 (0.6391)  time: 1.0168  data: 0.0004  max mem: 31397
Epoch: [2]  [4620/5625]  eta: 0:17:03  lr: 0.000009  train_loss: 0.2184 (0.3008)  train_iou: 0.6933 (0.6392)  time: 1.0107  data: 0.0004  max mem: 31397
Epoch: [2]  [4640/5625]  eta: 0:16:42  lr: 0.000009  train_loss: 0.2361 (0.3007)  train_iou: 0.6061 (0.6391)  time: 1.0086  data: 0.0004  max mem: 31397
Epoch: [2]  [4660/5625]  eta: 0:16:22  lr: 0.000009  train_loss: 0.3022 (0.3008)  train_iou: 0.6034 (0.6391)  time: 1.0247  data: 0.0005  max mem: 31397
Epoch: [2]  [4680/5625]  eta: 0:16:02  lr: 0.000009  train_loss: 0.2733 (0.3008)  train_iou: 0.5583 (0.6390)  time: 1.0207  data: 0.0004  max mem: 31397
Epoch: [2]  [4700/5625]  eta: 0:15:41  lr: 0.000009  train_loss: 0.2306 (0.3008)  train_iou: 0.6189 (0.6388)  time: 1.0292  data: 0.0004  max mem: 31397
Epoch: [2]  [4720/5625]  eta: 0:15:21  lr: 0.000009  train_loss: 0.2819 (0.3009)  train_iou: 0.6013 (0.6387)  time: 1.0175  data: 0.0004  max mem: 31397
Epoch: [2]  [4740/5625]  eta: 0:15:01  lr: 0.000009  train_loss: 0.3234 (0.3011)  train_iou: 0.6587 (0.6388)  time: 1.0094  data: 0.0004  max mem: 31397
Epoch: [2]  [4760/5625]  eta: 0:14:40  lr: 0.000009  train_loss: 0.3157 (0.3012)  train_iou: 0.6488 (0.6387)  time: 1.0110  data: 0.0004  max mem: 31397
Epoch: [2]  [4780/5625]  eta: 0:14:20  lr: 0.000009  train_loss: 0.2988 (0.3015)  train_iou: 0.6483 (0.6386)  time: 1.0276  data: 0.0004  max mem: 31397
Epoch: [2]  [4800/5625]  eta: 0:13:59  lr: 0.000009  train_loss: 0.2204 (0.3014)  train_iou: 0.6394 (0.6385)  time: 1.0205  data: 0.0004  max mem: 31397
Epoch: [2]  [4820/5625]  eta: 0:13:39  lr: 0.000009  train_loss: 0.2092 (0.3012)  train_iou: 0.6126 (0.6385)  time: 1.0264  data: 0.0005  max mem: 31397
Epoch: [2]  [4840/5625]  eta: 0:13:19  lr: 0.000009  train_loss: 0.2396 (0.3012)  train_iou: 0.6190 (0.6384)  time: 1.0120  data: 0.0004  max mem: 31397
Epoch: [2]  [4860/5625]  eta: 0:12:58  lr: 0.000009  train_loss: 0.1725 (0.3009)  train_iou: 0.7008 (0.6386)  time: 1.0120  data: 0.0004  max mem: 31397
Epoch: [2]  [4880/5625]  eta: 0:12:38  lr: 0.000009  train_loss: 0.2486 (0.3008)  train_iou: 0.6586 (0.6387)  time: 1.0148  data: 0.0004  max mem: 31397
Epoch: [2]  [4900/5625]  eta: 0:12:18  lr: 0.000009  train_loss: 0.2360 (0.3006)  train_iou: 0.6632 (0.6390)  time: 1.0298  data: 0.0004  max mem: 31397
Epoch: [2]  [4920/5625]  eta: 0:11:57  lr: 0.000009  train_loss: 0.2975 (0.3006)  train_iou: 0.5956 (0.6388)  time: 1.0218  data: 0.0004  max mem: 31397
Epoch: [2]  [4940/5625]  eta: 0:11:37  lr: 0.000009  train_loss: 0.3224 (0.3007)  train_iou: 0.6623 (0.6389)  time: 1.0164  data: 0.0004  max mem: 31397
Epoch: [2]  [4960/5625]  eta: 0:11:17  lr: 0.000009  train_loss: 0.2618 (0.3006)  train_iou: 0.6454 (0.6389)  time: 1.0245  data: 0.0004  max mem: 31397
Epoch: [2]  [4980/5625]  eta: 0:10:56  lr: 0.000009  train_loss: 0.3154 (0.3014)  train_iou: 0.5779 (0.6387)  time: 1.0068  data: 0.0004  max mem: 31397
Epoch: [2]  [5000/5625]  eta: 0:10:36  lr: 0.000009  train_loss: 0.2992 (0.3013)  train_iou: 0.6387 (0.6387)  time: 1.0199  data: 0.0004  max mem: 31397
Epoch: [2]  [5020/5625]  eta: 0:10:15  lr: 0.000009  train_loss: 0.2721 (0.3012)  train_iou: 0.6791 (0.6388)  time: 1.0149  data: 0.0004  max mem: 31397
Epoch: [2]  [5040/5625]  eta: 0:09:55  lr: 0.000009  train_loss: 0.2808 (0.3013)  train_iou: 0.6418 (0.6389)  time: 1.0199  data: 0.0004  max mem: 31397
Epoch: [2]  [5060/5625]  eta: 0:09:35  lr: 0.000009  train_loss: 0.3168 (0.3015)  train_iou: 0.6178 (0.6387)  time: 1.0156  data: 0.0004  max mem: 31397
Epoch: [2]  [5080/5625]  eta: 0:09:14  lr: 0.000009  train_loss: 0.2725 (0.3014)  train_iou: 0.6390 (0.6387)  time: 1.0191  data: 0.0004  max mem: 31397
Epoch: [2]  [5100/5625]  eta: 0:08:54  lr: 0.000009  train_loss: 0.2732 (0.3015)  train_iou: 0.6287 (0.6387)  time: 1.0134  data: 0.0004  max mem: 31397
Epoch: [2]  [5120/5625]  eta: 0:08:34  lr: 0.000009  train_loss: 0.2740 (0.3017)  train_iou: 0.5962 (0.6385)  time: 1.0110  data: 0.0004  max mem: 31397
Epoch: [2]  [5140/5625]  eta: 0:08:13  lr: 0.000009  train_loss: 0.2824 (0.3017)  train_iou: 0.5844 (0.6384)  time: 1.0185  data: 0.0004  max mem: 31397
Epoch: [2]  [5160/5625]  eta: 0:07:53  lr: 0.000009  train_loss: 0.1808 (0.3015)  train_iou: 0.7208 (0.6386)  time: 1.1430  data: 0.0004  max mem: 31397
Epoch: [2]  [5180/5625]  eta: 0:07:33  lr: 0.000009  train_loss: 0.3095 (0.3015)  train_iou: 0.6171 (0.6385)  time: 1.0160  data: 0.0004  max mem: 31397
Epoch: [2]  [5200/5625]  eta: 0:07:12  lr: 0.000009  train_loss: 0.2313 (0.3016)  train_iou: 0.6743 (0.6386)  time: 1.0195  data: 0.0004  max mem: 31397
Epoch: [2]  [5220/5625]  eta: 0:06:52  lr: 0.000009  train_loss: 0.3019 (0.3017)  train_iou: 0.6635 (0.6387)  time: 1.0106  data: 0.0004  max mem: 31397
Epoch: [2]  [5240/5625]  eta: 0:06:32  lr: 0.000009  train_loss: 0.2655 (0.3016)  train_iou: 0.6150 (0.6387)  time: 1.0070  data: 0.0004  max mem: 31397
Epoch: [2]  [5260/5625]  eta: 0:06:11  lr: 0.000009  train_loss: 0.2674 (0.3015)  train_iou: 0.6256 (0.6387)  time: 1.0212  data: 0.0004  max mem: 31397
Epoch: [2]  [5280/5625]  eta: 0:05:51  lr: 0.000009  train_loss: 0.2437 (0.3015)  train_iou: 0.6836 (0.6389)  time: 1.0119  data: 0.0004  max mem: 31397
Epoch: [2]  [5300/5625]  eta: 0:05:30  lr: 0.000009  train_loss: 0.2777 (0.3015)  train_iou: 0.6450 (0.6390)  time: 1.0182  data: 0.0004  max mem: 31397
Epoch: [2]  [5320/5625]  eta: 0:05:10  lr: 0.000009  train_loss: 0.2595 (0.3014)  train_iou: 0.6233 (0.6390)  time: 1.0142  data: 0.0004  max mem: 31397
Epoch: [2]  [5340/5625]  eta: 0:04:50  lr: 0.000009  train_loss: 0.2496 (0.3015)  train_iou: 0.6052 (0.6390)  time: 1.0118  data: 0.0004  max mem: 31397
Epoch: [2]  [5360/5625]  eta: 0:04:29  lr: 0.000009  train_loss: 0.3186 (0.3017)  train_iou: 0.6119 (0.6387)  time: 1.0107  data: 0.0004  max mem: 31397
Epoch: [2]  [5380/5625]  eta: 0:04:09  lr: 0.000009  train_loss: 0.3547 (0.3017)  train_iou: 0.6075 (0.6387)  time: 1.0266  data: 0.0004  max mem: 31397
Epoch: [2]  [5400/5625]  eta: 0:03:49  lr: 0.000009  train_loss: 0.2837 (0.3018)  train_iou: 0.7135 (0.6389)  time: 1.0116  data: 0.0004  max mem: 31397
Epoch: [2]  [5420/5625]  eta: 0:03:28  lr: 0.000009  train_loss: 0.2361 (0.3017)  train_iou: 0.6105 (0.6388)  time: 1.0224  data: 0.0004  max mem: 31397
Epoch: [2]  [5440/5625]  eta: 0:03:08  lr: 0.000009  train_loss: 0.2282 (0.3016)  train_iou: 0.6220 (0.6388)  time: 1.0348  data: 0.0005  max mem: 31397
Epoch: [2]  [5460/5625]  eta: 0:02:48  lr: 0.000009  train_loss: 0.2037 (0.3014)  train_iou: 0.6720 (0.6388)  time: 1.0134  data: 0.0004  max mem: 31397
Epoch: [2]  [5480/5625]  eta: 0:02:27  lr: 0.000009  train_loss: 0.2786 (0.3014)  train_iou: 0.6471 (0.6388)  time: 1.0070  data: 0.0004  max mem: 31397
Epoch: [2]  [5500/5625]  eta: 0:02:07  lr: 0.000009  train_loss: 0.2468 (0.3014)  train_iou: 0.6640 (0.6389)  time: 1.0147  data: 0.0004  max mem: 31397
Epoch: [2]  [5520/5625]  eta: 0:01:46  lr: 0.000009  train_loss: 0.2313 (0.3013)  train_iou: 0.5998 (0.6388)  time: 1.0119  data: 0.0004  max mem: 31397
Epoch: [2]  [5540/5625]  eta: 0:01:26  lr: 0.000009  train_loss: 0.2795 (0.3013)  train_iou: 0.6577 (0.6388)  time: 1.0216  data: 0.0005  max mem: 31397
Epoch: [2]  [5560/5625]  eta: 0:01:06  lr: 0.000009  train_loss: 0.2597 (0.3013)  train_iou: 0.6391 (0.6389)  time: 1.0852  data: 0.0005  max mem: 31397
Epoch: [2]  [5580/5625]  eta: 0:00:45  lr: 0.000009  train_loss: 0.2568 (0.3012)  train_iou: 0.6084 (0.6388)  time: 1.0168  data: 0.0004  max mem: 31397
Epoch: [2]  [5600/5625]  eta: 0:00:25  lr: 0.000009  train_loss: 0.2640 (0.3012)  train_iou: 0.6250 (0.6388)  time: 1.0175  data: 0.0004  max mem: 31397
Epoch: [2]  [5620/5625]  eta: 0:00:05  lr: 0.000009  train_loss: 0.2609 (0.3012)  train_iou: 0.6332 (0.6387)  time: 0.9370  data: 0.0003  max mem: 31397
Epoch: [2]  [5624/5625]  eta: 0:00:01  lr: 0.000009  train_loss: 0.2536 (0.3011)  train_iou: 0.6138 (0.6387)  time: 0.9088  data: 0.0002  max mem: 31397
Epoch: [2] Total time: 1:35:28 (1.0184 s / it)
Averaged stats: lr: 0.000009  train_loss: 0.2536 (0.3011)  train_iou: 0.6138 (0.6387)
huggingface/tokenizers: The current process just got forked, after parallelism has already been used. Disabling parallelism to avoid deadlocks...
To disable this warning, you can either:
	- Avoid using `tokenizers` before the fork if possible
	- Explicitly set the environment variable TOKENIZERS_PARALLELISM=(true | false)
huggingface/tokenizers: The current process just got forked, after parallelism has already been used. Disabling parallelism to avoid deadlocks...
To disable this warning, you can either:
	- Avoid using `tokenizers` before the fork if possible
	- Explicitly set the environment variable TOKENIZERS_PARALLELISM=(true | false)
huggingface/tokenizers: The current process just got forked, after parallelism has already been used. Disabling parallelism to avoid deadlocks...
To disable this warning, you can either:
	- Avoid using `tokenizers` before the fork if possible
	- Explicitly set the environment variable TOKENIZERS_PARALLELISM=(true | false)
huggingface/tokenizers: The current process just got forked, after parallelism has already been used. Disabling parallelism to avoid deadlocks...
To disable this warning, you can either:
	- Avoid using `tokenizers` before the fork if possible
	- Explicitly set the environment variable TOKENIZERS_PARALLELISM=(true | false)
huggingface/tokenizers: The current process just got forked, after parallelism has already been used. Disabling parallelism to avoid deadlocks...
To disable this warning, you can either:
	- Avoid using `tokenizers` before the fork if possible
	- Explicitly set the environment variable TOKENIZERS_PARALLELISM=(true | false)
huggingface/tokenizers: The current process just got forked, after parallelism has already been used. Disabling parallelism to avoid deadlocks...
To disable this warning, you can either:
	- Avoid using `tokenizers` before the fork if possible
	- Explicitly set the environment variable TOKENIZERS_PARALLELISM=(true | false)
huggingface/tokenizers: The current process just got forked, after parallelism has already been used. Disabling parallelism to avoid deadlocks...
To disable this warning, you can either:
	- Avoid using `tokenizers` before the fork if possible
	- Explicitly set the environment variable TOKENIZERS_PARALLELISM=(true | false)
huggingface/tokenizers: The current process just got forked, after parallelism has already been used. Disabling parallelism to avoid deadlocks...
To disable this warning, you can either:
	- Avoid using `tokenizers` before the fork if possible
	- Explicitly set the environment variable TOKENIZERS_PARALLELISM=(true | false)
Test:  [   0/4000]  eta: 1:42:47  inter: 33337.0000 (33337.0000)  union: 36635.0000 (36635.0000)  iou: 0.9100 (0.9100)  time: 1.5418  data: 1.2736  max mem: 31397
Test:  [  50/4000]  eta: 0:14:47  inter: 24895.0000 (27782.8750)  union: 50766.0000 (48509.6250)  iou: 0.3136 (0.5720)  time: 0.2046  data: 0.0005  max mem: 31397
Test:  [ 100/4000]  eta: 0:14:06  inter: 30551.0000 (29534.8235)  union: 46923.0000 (45436.4338)  iou: 0.8352 (0.6291)  time: 0.2046  data: 0.0005  max mem: 31397
Test:  [ 150/4000]  eta: 0:14:34  inter: 19045.0000 (28357.7608)  union: 30119.0000 (42583.0431)  iou: 0.8362 (0.6465)  time: 0.2145  data: 0.0005  max mem: 31397
Test:  [ 200/4000]  eta: 0:13:55  inter: 34381.0000 (28772.6484)  union: 37874.0000 (42041.8095)  iou: 0.8997 (0.6545)  time: 0.1962  data: 0.0005  max mem: 31397
Test:  [ 250/4000]  eta: 0:13:24  inter: 15017.0000 (30715.4458)  union: 32266.0000 (43551.4036)  iou: 0.6412 (0.6516)  time: 0.1902  data: 0.0005  max mem: 31397
Test:  [ 300/4000]  eta: 0:13:07  inter: 20655.0000 (29968.3251)  union: 24632.0000 (43242.5261)  iou: 0.8116 (0.6444)  time: 0.2086  data: 0.0005  max mem: 31397
Test:  [ 350/4000]  eta: 0:12:57  inter: 11938.0000 (28887.1136)  union: 35825.0000 (43357.8223)  iou: 0.5304 (0.6299)  time: 0.2139  data: 0.0005  max mem: 31397
Test:  [ 400/4000]  eta: 0:12:46  inter: 30823.0000 (28183.4839)  union: 35994.0000 (42480.0446)  iou: 0.7378 (0.6277)  time: 0.1984  data: 0.0005  max mem: 31397
Test:  [ 450/4000]  eta: 0:12:31  inter: 18729.0000 (27916.8317)  union: 33555.0000 (42578.9825)  iou: 0.6154 (0.6251)  time: 0.2168  data: 0.0005  max mem: 31397
Test:  [ 500/4000]  eta: 0:12:17  inter: 17489.0000 (28657.8324)  union: 37665.0000 (43558.0172)  iou: 0.7440 (0.6238)  time: 0.1945  data: 0.0005  max mem: 31397
Test:  [ 550/4000]  eta: 0:12:07  inter: 23850.0000 (28616.1851)  union: 31230.0000 (43180.9743)  iou: 0.8234 (0.6304)  time: 0.2120  data: 0.0005  max mem: 31397
Test:  [ 600/4000]  eta: 0:11:55  inter: 9587.0000 (28571.1160)  union: 33889.0000 (43164.0497)  iou: 0.8048 (0.6268)  time: 0.2081  data: 0.0005  max mem: 31397
Test:  [ 650/4000]  eta: 0:11:45  inter: 25431.0000 (29087.1260)  union: 41229.0000 (43398.6464)  iou: 0.7836 (0.6254)  time: 0.1960  data: 0.0005  max mem: 31397
Test:  [ 700/4000]  eta: 0:11:32  inter: 17217.0000 (28654.0329)  union: 28822.0000 (43181.3224)  iou: 0.5765 (0.6183)  time: 0.1951  data: 0.0005  max mem: 31397
Test:  [ 750/4000]  eta: 0:11:22  inter: 27572.0000 (28563.2731)  union: 29784.0000 (42986.3787)  iou: 0.8601 (0.6224)  time: 0.2202  data: 0.0005  max mem: 31397
Test:  [ 800/4000]  eta: 0:11:10  inter: 19378.0000 (28221.9571)  union: 46957.0000 (42538.7937)  iou: 0.5691 (0.6196)  time: 0.2083  data: 0.0005  max mem: 31397
Test:  [ 850/4000]  eta: 0:10:59  inter: 22119.0000 (28168.6318)  union: 41162.0000 (42565.7448)  iou: 0.7987 (0.6190)  time: 0.1917  data: 0.0005  max mem: 31397
Test:  [ 900/4000]  eta: 0:10:48  inter: 13476.0000 (28295.0719)  union: 27302.0000 (42939.1249)  iou: 0.7104 (0.6149)  time: 0.1961  data: 0.0005  max mem: 31397
Test:  [ 950/4000]  eta: 0:10:37  inter: 24968.0000 (28457.9685)  union: 30748.0000 (42967.7689)  iou: 0.8426 (0.6145)  time: 0.2021  data: 0.0005  max mem: 31397
Test:  [1000/4000]  eta: 0:10:26  inter: 26697.0000 (28682.9658)  union: 37281.0000 (43150.3172)  iou: 0.7559 (0.6161)  time: 0.1936  data: 0.0005  max mem: 31397
Test:  [1050/4000]  eta: 0:10:14  inter: 21231.0000 (28751.9497)  union: 41295.0000 (43175.5973)  iou: 0.6557 (0.6161)  time: 0.2069  data: 0.0005  max mem: 31397
Test:  [1100/4000]  eta: 0:10:03  inter: 22381.0000 (28535.0605)  union: 31021.0000 (42875.2721)  iou: 0.7264 (0.6137)  time: 0.2045  data: 0.0005  max mem: 31397
Test:  [1150/4000]  eta: 0:09:53  inter: 14732.0000 (28630.5558)  union: 23828.0000 (42799.0447)  iou: 0.6480 (0.6170)  time: 0.2166  data: 0.0005  max mem: 31397
Test:  [1200/4000]  eta: 0:09:48  inter: 16134.0000 (28755.5071)  union: 29648.0000 (43100.0702)  iou: 0.7945 (0.6156)  time: 0.2058  data: 0.0005  max mem: 31397
Test:  [1250/4000]  eta: 0:09:38  inter: 8216.0000 (28451.4123)  union: 33839.0000 (42905.8558)  iou: 0.1871 (0.6128)  time: 0.2163  data: 0.0005  max mem: 31397
Test:  [1300/4000]  eta: 0:09:26  inter: 22455.0000 (28189.5106)  union: 35605.0000 (42658.0038)  iou: 0.6509 (0.6128)  time: 0.2069  data: 0.0005  max mem: 31397
Test:  [1350/4000]  eta: 0:09:15  inter: 26396.0000 (28265.1042)  union: 34909.0000 (42671.2211)  iou: 0.7803 (0.6139)  time: 0.2056  data: 0.0005  max mem: 31397
Test:  [1400/4000]  eta: 0:09:05  inter: 9884.0000 (28320.7834)  union: 11908.0000 (42886.4388)  iou: 0.7169 (0.6112)  time: 0.2117  data: 0.0005  max mem: 31397
Test:  [1450/4000]  eta: 0:08:54  inter: 14927.0000 (28197.9174)  union: 37552.0000 (42761.0465)  iou: 0.4818 (0.6095)  time: 0.2026  data: 0.0005  max mem: 31397
Test:  [1500/4000]  eta: 0:08:43  inter: 18676.0000 (28226.3803)  union: 44148.0000 (42863.8524)  iou: 0.5618 (0.6076)  time: 0.2017  data: 0.0005  max mem: 31397
Test:  [1550/4000]  eta: 0:08:33  inter: 22325.0000 (28106.0479)  union: 29292.0000 (42759.8043)  iou: 0.8367 (0.6083)  time: 0.2204  data: 0.0005  max mem: 31397
Test:  [1600/4000]  eta: 0:08:23  inter: 13061.0000 (27995.2093)  union: 37465.0000 (42739.2693)  iou: 0.7569 (0.6052)  time: 0.2254  data: 0.0005  max mem: 31397
Test:  [1650/4000]  eta: 0:08:13  inter: 23012.0000 (27978.5986)  union: 39564.0000 (42742.8799)  iou: 0.4963 (0.6040)  time: 0.2386  data: 0.0005  max mem: 31397
Test:  [1700/4000]  eta: 0:08:01  inter: 16847.0000 (27923.4831)  union: 41895.0000 (42861.4501)  iou: 0.7709 (0.6024)  time: 0.2041  data: 0.0005  max mem: 31397
Test:  [1750/4000]  eta: 0:07:51  inter: 25962.0000 (27849.2241)  union: 34950.0000 (42760.9603)  iou: 0.7474 (0.6017)  time: 0.2170  data: 0.0005  max mem: 31397
Test:  [1800/4000]  eta: 0:07:41  inter: 22102.0000 (27706.4260)  union: 38895.0000 (42745.1688)  iou: 0.6824 (0.6009)  time: 0.2163  data: 0.0005  max mem: 31397
Test:  [1850/4000]  eta: 0:07:29  inter: 18450.0000 (27679.8272)  union: 34435.0000 (42914.3490)  iou: 0.4040 (0.5990)  time: 0.2042  data: 0.0005  max mem: 31397
Test:  [1900/4000]  eta: 0:07:19  inter: 33108.0000 (27592.1554)  union: 54689.0000 (42872.3440)  iou: 0.6154 (0.5990)  time: 0.2094  data: 0.0005  max mem: 31397
Test:  [1950/4000]  eta: 0:07:09  inter: 11632.0000 (27588.0004)  union: 16962.0000 (42828.0992)  iou: 0.6718 (0.5991)  time: 0.2046  data: 0.0005  max mem: 31397
Test:  [2000/4000]  eta: 0:06:58  inter: 16598.0000 (27560.7957)  union: 22595.0000 (42742.0042)  iou: 0.7528 (0.5996)  time: 0.1927  data: 0.0005  max mem: 31397
Test:  [2050/4000]  eta: 0:06:47  inter: 6054.0000 (27457.7540)  union: 56130.0000 (42889.0283)  iou: 0.2129 (0.5970)  time: 0.2284  data: 0.0005  max mem: 31397
Test:  [2100/4000]  eta: 0:06:36  inter: 19989.0000 (27452.3028)  union: 31976.0000 (42819.1750)  iou: 0.8291 (0.5977)  time: 0.1928  data: 0.0005  max mem: 31397
Test:  [2150/4000]  eta: 0:06:25  inter: 15819.0000 (27419.4632)  union: 30901.0000 (42846.0697)  iou: 0.7335 (0.5967)  time: 0.2013  data: 0.0005  max mem: 31397
Test:  [2200/4000]  eta: 0:06:16  inter: 12120.0000 (27339.2808)  union: 21164.0000 (42742.1493)  iou: 0.5336 (0.5963)  time: 0.2096  data: 0.0005  max mem: 31397
Test:  [2250/4000]  eta: 0:06:05  inter: 22158.0000 (27195.6435)  union: 38028.0000 (42597.7514)  iou: 0.7236 (0.5950)  time: 0.1932  data: 0.0005  max mem: 31397
Test:  [2300/4000]  eta: 0:05:54  inter: 34340.0000 (27273.1775)  union: 39353.0000 (42578.4022)  iou: 0.8018 (0.5969)  time: 0.2072  data: 0.0005  max mem: 31397
Test:  [2350/4000]  eta: 0:05:44  inter: 15136.0000 (27205.6067)  union: 37372.0000 (42522.2469)  iou: 0.7593 (0.5973)  time: 0.2159  data: 0.0005  max mem: 31397
Test:  [2400/4000]  eta: 0:05:34  inter: 10478.0000 (27217.0451)  union: 33048.0000 (42470.3265)  iou: 0.3008 (0.5977)  time: 0.2164  data: 0.0005  max mem: 31397
Test:  [2450/4000]  eta: 0:05:23  inter: 29437.0000 (27332.3047)  union: 33916.0000 (42499.2058)  iou: 0.8775 (0.6000)  time: 0.1910  data: 0.0005  max mem: 31397
Test:  [2500/4000]  eta: 0:05:12  inter: 24413.0000 (27317.6289)  union: 38662.0000 (42485.6622)  iou: 0.8625 (0.6002)  time: 0.1909  data: 0.0005  max mem: 31397
Test:  [2550/4000]  eta: 0:05:02  inter: 29301.0000 (27436.5113)  union: 34893.0000 (42562.1642)  iou: 0.7561 (0.6010)  time: 0.2189  data: 0.0005  max mem: 31397
Test:  [2600/4000]  eta: 0:04:51  inter: 16706.0000 (27378.8716)  union: 34991.0000 (42561.3158)  iou: 0.4734 (0.6000)  time: 0.2089  data: 0.0005  max mem: 31397
Test:  [2650/4000]  eta: 0:04:41  inter: 15845.0000 (27410.4170)  union: 34308.0000 (42763.1995)  iou: 0.8320 (0.5990)  time: 0.2136  data: 0.0005  max mem: 31397
Test:  [2700/4000]  eta: 0:04:31  inter: 26713.0000 (27504.5851)  union: 32042.0000 (42862.4281)  iou: 0.8573 (0.5997)  time: 0.2993  data: 0.0006  max mem: 31397
Test:  [2750/4000]  eta: 0:04:21  inter: 22667.0000 (27556.9233)  union: 31946.0000 (42959.5888)  iou: 0.9046 (0.5986)  time: 0.1976  data: 0.0005  max mem: 31397
Test:  [2800/4000]  eta: 0:04:10  inter: 14802.0000 (27523.0317)  union: 30958.0000 (42843.2246)  iou: 0.7358 (0.5990)  time: 0.2003  data: 0.0005  max mem: 31397
Test:  [2850/4000]  eta: 0:04:00  inter: 12408.0000 (27646.1049)  union: 32947.0000 (42937.4895)  iou: 0.5594 (0.5988)  time: 0.1976  data: 0.0005  max mem: 31397
Test:  [2900/4000]  eta: 0:03:49  inter: 20097.0000 (27675.3901)  union: 27625.0000 (43000.4705)  iou: 0.7297 (0.5983)  time: 0.1935  data: 0.0005  max mem: 31397
Test:  [2950/4000]  eta: 0:03:39  inter: 21652.0000 (27699.9820)  union: 26918.0000 (43008.2615)  iou: 0.5519 (0.5983)  time: 0.1984  data: 0.0005  max mem: 31397
Test:  [3000/4000]  eta: 0:03:28  inter: 20784.0000 (27636.7254)  union: 33231.0000 (42989.9497)  iou: 0.5732 (0.5972)  time: 0.2149  data: 0.0005  max mem: 31397
Test:  [3050/4000]  eta: 0:03:18  inter: 18221.0000 (27639.5683)  union: 31336.0000 (43073.2650)  iou: 0.4846 (0.5973)  time: 0.2044  data: 0.0005  max mem: 31397
Test:  [3100/4000]  eta: 0:03:07  inter: 17093.0000 (27622.8926)  union: 46761.0000 (43026.6014)  iou: 0.4599 (0.5975)  time: 0.2033  data: 0.0005  max mem: 31397
Test:  [3150/4000]  eta: 0:02:57  inter: 15360.0000 (27518.1229)  union: 21831.0000 (42927.3534)  iou: 0.5105 (0.5971)  time: 0.2087  data: 0.0005  max mem: 31397
Test:  [3200/4000]  eta: 0:02:46  inter: 16814.0000 (27595.3532)  union: 41271.0000 (42971.7201)  iou: 0.4967 (0.5980)  time: 0.2003  data: 0.0005  max mem: 31397
Test:  [3250/4000]  eta: 0:02:36  inter: 12063.0000 (27538.2335)  union: 28613.0000 (42911.3600)  iou: 0.6939 (0.5968)  time: 0.2047  data: 0.0005  max mem: 31397
Test:  [3300/4000]  eta: 0:02:26  inter: 32605.0000 (27625.5836)  union: 47904.0000 (43049.1193)  iou: 0.8122 (0.5957)  time: 0.2183  data: 0.0005  max mem: 31397
Test:  [3350/4000]  eta: 0:02:15  inter: 9582.0000 (27622.2104)  union: 12698.0000 (43021.6804)  iou: 0.8063 (0.5963)  time: 0.1893  data: 0.0005  max mem: 31397
Test:  [3400/4000]  eta: 0:02:05  inter: 25189.0000 (27723.1529)  union: 37120.0000 (43067.7206)  iou: 0.8559 (0.5976)  time: 0.2127  data: 0.0005  max mem: 31397
Test:  [3450/4000]  eta: 0:01:54  inter: 19420.0000 (27732.0343)  union: 29178.0000 (43059.7158)  iou: 0.5862 (0.5976)  time: 0.1978  data: 0.0005  max mem: 31397
Test:  [3500/4000]  eta: 0:01:44  inter: 15383.0000 (27698.9333)  union: 21515.0000 (43016.1792)  iou: 0.7216 (0.5977)  time: 0.1951  data: 0.0005  max mem: 31397
Test:  [3550/4000]  eta: 0:01:33  inter: 22600.0000 (27679.1596)  union: 37336.0000 (43038.1622)  iou: 0.7654 (0.5967)  time: 0.1919  data: 0.0005  max mem: 31397
Test:  [3600/4000]  eta: 0:01:23  inter: 21274.0000 (27631.3031)  union: 31775.0000 (42998.2931)  iou: 0.8446 (0.5957)  time: 0.1986  data: 0.0005  max mem: 31397
Test:  [3650/4000]  eta: 0:01:12  inter: 27647.0000 (27611.4795)  union: 38839.0000 (42972.8644)  iou: 0.6647 (0.5957)  time: 0.2248  data: 0.0005  max mem: 31397
Test:  [3700/4000]  eta: 0:01:02  inter: 25339.0000 (27706.6750)  union: 39633.0000 (42987.2473)  iou: 0.8203 (0.5967)  time: 0.2029  data: 0.0005  max mem: 31397
Test:  [3750/4000]  eta: 0:00:52  inter: 28337.0000 (27751.8444)  union: 47589.0000 (43041.6076)  iou: 0.7233 (0.5975)  time: 0.1992  data: 0.0005  max mem: 31397
Test:  [3800/4000]  eta: 0:00:41  inter: 25266.0000 (27765.2479)  union: 29648.0000 (43051.2794)  iou: 0.8224 (0.5976)  time: 0.1899  data: 0.0005  max mem: 31397
Test:  [3850/4000]  eta: 0:00:31  inter: 20202.0000 (27770.1933)  union: 33754.0000 (43069.3399)  iou: 0.8630 (0.5976)  time: 0.1990  data: 0.0005  max mem: 31397
Test:  [3900/4000]  eta: 0:00:20  inter: 18756.0000 (27815.2446)  union: 40267.0000 (43141.0122)  iou: 0.6964 (0.5976)  time: 0.2011  data: 0.0005  max mem: 31397
Test:  [3950/4000]  eta: 0:00:10  inter: 17700.0000 (27769.9748)  union: 42353.0000 (43102.4813)  iou: 0.7496 (0.5975)  time: 0.1949  data: 0.0005  max mem: 31397
Test:  [3999/4000]  eta: 0:00:00  inter: 16004.0000 (27714.9600)  union: 30857.0000 (42990.3906)  iou: 0.7033 (0.5984)  time: 0.1853  data: 0.0002  max mem: 31397
Test: Total time: 0:13:53 (0.2084 s / it)
* IoU 0.598 oIoU 0.645
IoU of the network on the 4000 test images: 0.6%
Max IoU: 0.60%
huggingface/tokenizers: The current process just got forked, after parallelism has already been used. Disabling parallelism to avoid deadlocks...
To disable this warning, you can either:
	- Avoid using `tokenizers` before the fork if possible
	- Explicitly set the environment variable TOKENIZERS_PARALLELISM=(true | false)
huggingface/tokenizers: The current process just got forked, after parallelism has already been used. Disabling parallelism to avoid deadlocks...
To disable this warning, you can either:
	- Avoid using `tokenizers` before the fork if possible
	- Explicitly set the environment variable TOKENIZERS_PARALLELISM=(true | false)
huggingface/tokenizers: The current process just got forked, after parallelism has already been used. Disabling parallelism to avoid deadlocks...
To disable this warning, you can either:
	- Avoid using `tokenizers` before the fork if possible
	- Explicitly set the environment variable TOKENIZERS_PARALLELISM=(true | false)
huggingface/tokenizers: The current process just got forked, after parallelism has already been used. Disabling parallelism to avoid deadlocks...
To disable this warning, you can either:
	- Avoid using `tokenizers` before the fork if possible
	- Explicitly set the environment variable TOKENIZERS_PARALLELISM=(true | false)
huggingface/tokenizers: The current process just got forked, after parallelism has already been used. Disabling parallelism to avoid deadlocks...
To disable this warning, you can either:
	- Avoid using `tokenizers` before the fork if possible
	- Explicitly set the environment variable TOKENIZERS_PARALLELISM=(true | false)
huggingface/tokenizers: The current process just got forked, after parallelism has already been used. Disabling parallelism to avoid deadlocks...
To disable this warning, you can either:
	- Avoid using `tokenizers` before the fork if possible
	- Explicitly set the environment variable TOKENIZERS_PARALLELISM=(true | false)
huggingface/tokenizers: The current process just got forked, after parallelism has already been used. Disabling parallelism to avoid deadlocks...
To disable this warning, you can either:
	- Avoid using `tokenizers` before the fork if possible
	- Explicitly set the environment variable TOKENIZERS_PARALLELISM=(true | false)
huggingface/tokenizers: The current process just got forked, after parallelism has already been used. Disabling parallelism to avoid deadlocks...
To disable this warning, you can either:
	- Avoid using `tokenizers` before the fork if possible
	- Explicitly set the environment variable TOKENIZERS_PARALLELISM=(true | false)
Epoch: [3]  [   0/5625]  eta: 7:47:51  lr: 0.000009  train_loss: 0.3233 (0.3233)  train_iou: 0.6177 (0.6177)  time: 4.9905  data: 3.6062  max mem: 31397
Epoch: [3]  [  20/5625]  eta: 1:52:43  lr: 0.000009  train_loss: 0.2205 (0.2807)  train_iou: 0.6350 (0.6297)  time: 1.0174  data: 0.0012  max mem: 31397
Epoch: [3]  [  40/5625]  eta: 1:44:02  lr: 0.000009  train_loss: 0.1775 (0.2625)  train_iou: 0.6627 (0.6315)  time: 1.0242  data: 0.0005  max mem: 31397
Epoch: [3]  [  60/5625]  eta: 1:41:17  lr: 0.000009  train_loss: 0.2468 (0.2635)  train_iou: 0.6162 (0.6250)  time: 1.0399  data: 0.0004  max mem: 31397
Epoch: [3]  [  80/5625]  eta: 1:39:16  lr: 0.000009  train_loss: 0.2266 (0.2646)  train_iou: 0.6706 (0.6360)  time: 1.0195  data: 0.0005  max mem: 31397
Epoch: [3]  [ 100/5625]  eta: 1:37:55  lr: 0.000009  train_loss: 0.2523 (0.2657)  train_iou: 0.6465 (0.6383)  time: 1.0200  data: 0.0004  max mem: 31397
Epoch: [3]  [ 120/5625]  eta: 1:36:53  lr: 0.000009  train_loss: 0.2276 (0.2627)  train_iou: 0.6827 (0.6441)  time: 1.0185  data: 0.0005  max mem: 31397
Epoch: [3]  [ 140/5625]  eta: 1:36:14  lr: 0.000009  train_loss: 0.2861 (0.2732)  train_iou: 0.5611 (0.6358)  time: 1.0324  data: 0.0005  max mem: 31397
Epoch: [3]  [ 160/5625]  eta: 1:35:46  lr: 0.000009  train_loss: 0.2311 (0.2726)  train_iou: 0.6673 (0.6417)  time: 1.0428  data: 0.0005  max mem: 31397
Epoch: [3]  [ 180/5625]  eta: 1:35:06  lr: 0.000009  train_loss: 0.2330 (0.2731)  train_iou: 0.6351 (0.6399)  time: 1.0197  data: 0.0004  max mem: 31397
Epoch: [3]  [ 200/5625]  eta: 1:34:27  lr: 0.000009  train_loss: 0.2190 (0.2697)  train_iou: 0.6933 (0.6443)  time: 1.0160  data: 0.0004  max mem: 31397
Epoch: [3]  [ 220/5625]  eta: 1:33:56  lr: 0.000009  train_loss: 0.1764 (0.2652)  train_iou: 0.6807 (0.6466)  time: 1.0232  data: 0.0005  max mem: 31397
Epoch: [3]  [ 240/5625]  eta: 1:33:24  lr: 0.000009  train_loss: 0.2498 (0.2707)  train_iou: 0.6452 (0.6475)  time: 1.0170  data: 0.0005  max mem: 31397
Epoch: [3]  [ 260/5625]  eta: 1:32:55  lr: 0.000009  train_loss: 0.1987 (0.2698)  train_iou: 0.6561 (0.6464)  time: 1.0230  data: 0.0005  max mem: 31397
Epoch: [3]  [ 280/5625]  eta: 1:32:34  lr: 0.000009  train_loss: 0.1743 (0.2638)  train_iou: 0.6688 (0.6485)  time: 1.0386  data: 0.0005  max mem: 31397
Epoch: [3]  [ 300/5625]  eta: 1:32:08  lr: 0.000009  train_loss: 0.2821 (0.2679)  train_iou: 0.6503 (0.6487)  time: 1.0236  data: 0.0005  max mem: 31397
Epoch: [3]  [ 320/5625]  eta: 1:31:41  lr: 0.000009  train_loss: 0.1698 (0.2650)  train_iou: 0.7032 (0.6503)  time: 1.0197  data: 0.0004  max mem: 31397
Epoch: [3]  [ 340/5625]  eta: 1:31:16  lr: 0.000009  train_loss: 0.2348 (0.2677)  train_iou: 0.5497 (0.6473)  time: 1.0224  data: 0.0004  max mem: 31397
Epoch: [3]  [ 360/5625]  eta: 1:30:49  lr: 0.000009  train_loss: 0.2923 (0.2708)  train_iou: 0.6644 (0.6477)  time: 1.0139  data: 0.0005  max mem: 31397
Epoch: [3]  [ 380/5625]  eta: 1:30:22  lr: 0.000009  train_loss: 0.2146 (0.2693)  train_iou: 0.6765 (0.6496)  time: 1.0135  data: 0.0004  max mem: 31397
Epoch: [3]  [ 400/5625]  eta: 1:29:56  lr: 0.000009  train_loss: 0.1793 (0.2684)  train_iou: 0.6343 (0.6491)  time: 1.0142  data: 0.0004  max mem: 31397
Epoch: [3]  [ 420/5625]  eta: 1:29:32  lr: 0.000009  train_loss: 0.2445 (0.2677)  train_iou: 0.6593 (0.6489)  time: 1.0187  data: 0.0005  max mem: 31397
Epoch: [3]  [ 440/5625]  eta: 1:29:07  lr: 0.000009  train_loss: 0.2820 (0.2685)  train_iou: 0.6623 (0.6496)  time: 1.0148  data: 0.0004  max mem: 31397
Epoch: [3]  [ 460/5625]  eta: 1:28:43  lr: 0.000009  train_loss: 0.2360 (0.2702)  train_iou: 0.6224 (0.6487)  time: 1.0131  data: 0.0004  max mem: 31397
Epoch: [3]  [ 480/5625]  eta: 1:28:19  lr: 0.000009  train_loss: 0.1831 (0.2703)  train_iou: 0.6400 (0.6488)  time: 1.0170  data: 0.0005  max mem: 31397
Epoch: [3]  [ 500/5625]  eta: 1:27:55  lr: 0.000009  train_loss: 0.2450 (0.2713)  train_iou: 0.6638 (0.6499)  time: 1.0138  data: 0.0004  max mem: 31397
Epoch: [3]  [ 520/5625]  eta: 1:27:32  lr: 0.000009  train_loss: 0.2617 (0.2722)  train_iou: 0.6342 (0.6502)  time: 1.0166  data: 0.0004  max mem: 31397
Epoch: [3]  [ 540/5625]  eta: 1:27:09  lr: 0.000009  train_loss: 0.2009 (0.2719)  train_iou: 0.6521 (0.6507)  time: 1.0136  data: 0.0004  max mem: 31397
Epoch: [3]  [ 560/5625]  eta: 1:26:46  lr: 0.000009  train_loss: 0.2187 (0.2712)  train_iou: 0.6426 (0.6505)  time: 1.0158  data: 0.0005  max mem: 31397
Epoch: [3]  [ 580/5625]  eta: 1:26:23  lr: 0.000009  train_loss: 0.2568 (0.2713)  train_iou: 0.6258 (0.6494)  time: 1.0125  data: 0.0004  max mem: 31397
Epoch: [3]  [ 600/5625]  eta: 1:25:59  lr: 0.000009  train_loss: 0.2449 (0.2707)  train_iou: 0.6730 (0.6495)  time: 1.0109  data: 0.0004  max mem: 31397
Epoch: [3]  [ 620/5625]  eta: 1:25:37  lr: 0.000009  train_loss: 0.2393 (0.2718)  train_iou: 0.6339 (0.6489)  time: 1.0155  data: 0.0004  max mem: 31397
Epoch: [3]  [ 640/5625]  eta: 1:25:14  lr: 0.000009  train_loss: 0.2071 (0.2701)  train_iou: 0.6782 (0.6502)  time: 1.0143  data: 0.0004  max mem: 31397
Epoch: [3]  [ 660/5625]  eta: 1:24:52  lr: 0.000009  train_loss: 0.2750 (0.2714)  train_iou: 0.6411 (0.6491)  time: 1.0115  data: 0.0004  max mem: 31397
Epoch: [3]  [ 680/5625]  eta: 1:24:30  lr: 0.000009  train_loss: 0.2520 (0.2714)  train_iou: 0.6635 (0.6493)  time: 1.0163  data: 0.0005  max mem: 31397
Epoch: [3]  [ 700/5625]  eta: 1:24:08  lr: 0.000009  train_loss: 0.2115 (0.2703)  train_iou: 0.6731 (0.6502)  time: 1.0127  data: 0.0004  max mem: 31397
Epoch: [3]  [ 720/5625]  eta: 1:23:46  lr: 0.000009  train_loss: 0.2748 (0.2710)  train_iou: 0.6439 (0.6502)  time: 1.0173  data: 0.0004  max mem: 31397
Epoch: [3]  [ 740/5625]  eta: 1:23:24  lr: 0.000009  train_loss: 0.2242 (0.2701)  train_iou: 0.6659 (0.6511)  time: 1.0149  data: 0.0005  max mem: 31397
Epoch: [3]  [ 760/5625]  eta: 1:23:02  lr: 0.000009  train_loss: 0.2706 (0.2714)  train_iou: 0.6448 (0.6506)  time: 1.0140  data: 0.0004  max mem: 31397
Epoch: [3]  [ 780/5625]  eta: 1:22:40  lr: 0.000009  train_loss: 0.2274 (0.2704)  train_iou: 0.6762 (0.6509)  time: 1.0119  data: 0.0004  max mem: 31397
Epoch: [3]  [ 800/5625]  eta: 1:22:19  lr: 0.000009  train_loss: 0.2376 (0.2703)  train_iou: 0.6545 (0.6510)  time: 1.0154  data: 0.0004  max mem: 31397
Epoch: [3]  [ 820/5625]  eta: 1:21:58  lr: 0.000009  train_loss: 0.2729 (0.2705)  train_iou: 0.6418 (0.6514)  time: 1.0171  data: 0.0004  max mem: 31397
Epoch: [3]  [ 840/5625]  eta: 1:21:36  lr: 0.000009  train_loss: 0.2759 (0.2711)  train_iou: 0.6310 (0.6513)  time: 1.0130  data: 0.0004  max mem: 31397
Epoch: [3]  [ 860/5625]  eta: 1:21:15  lr: 0.000009  train_loss: 0.2012 (0.2708)  train_iou: 0.6421 (0.6514)  time: 1.0171  data: 0.0004  max mem: 31397
Epoch: [3]  [ 880/5625]  eta: 1:20:53  lr: 0.000009  train_loss: 0.2435 (0.2718)  train_iou: 0.6014 (0.6506)  time: 1.0120  data: 0.0005  max mem: 31397
Epoch: [3]  [ 900/5625]  eta: 1:20:32  lr: 0.000009  train_loss: 0.2130 (0.2712)  train_iou: 0.6697 (0.6518)  time: 1.0119  data: 0.0004  max mem: 31397
Epoch: [3]  [ 920/5625]  eta: 1:20:10  lr: 0.000009  train_loss: 0.1940 (0.2701)  train_iou: 0.6603 (0.6526)  time: 1.0127  data: 0.0004  max mem: 31397
Epoch: [3]  [ 940/5625]  eta: 1:19:48  lr: 0.000009  train_loss: 0.2907 (0.2706)  train_iou: 0.5787 (0.6513)  time: 1.0066  data: 0.0004  max mem: 31397
Epoch: [3]  [ 960/5625]  eta: 1:19:27  lr: 0.000009  train_loss: 0.2254 (0.2700)  train_iou: 0.6810 (0.6517)  time: 1.0110  data: 0.0004  max mem: 31397
Epoch: [3]  [ 980/5625]  eta: 1:19:05  lr: 0.000009  train_loss: 0.2496 (0.2692)  train_iou: 0.6514 (0.6518)  time: 1.0152  data: 0.0004  max mem: 31397
Epoch: [3]  [1000/5625]  eta: 1:18:44  lr: 0.000009  train_loss: 0.2345 (0.2692)  train_iou: 0.6532 (0.6518)  time: 1.0095  data: 0.0004  max mem: 31397
Epoch: [3]  [1020/5625]  eta: 1:18:22  lr: 0.000009  train_loss: 0.2588 (0.2697)  train_iou: 0.6419 (0.6515)  time: 1.0106  data: 0.0005  max mem: 31397
Epoch: [3]  [1040/5625]  eta: 1:18:01  lr: 0.000009  train_loss: 0.2390 (0.2702)  train_iou: 0.6090 (0.6507)  time: 1.0087  data: 0.0004  max mem: 31397
Epoch: [3]  [1060/5625]  eta: 1:17:39  lr: 0.000009  train_loss: 0.2847 (0.2713)  train_iou: 0.6546 (0.6507)  time: 1.0085  data: 0.0004  max mem: 31397
Epoch: [3]  [1080/5625]  eta: 1:17:18  lr: 0.000009  train_loss: 0.3061 (0.2721)  train_iou: 0.6679 (0.6502)  time: 1.0107  data: 0.0004  max mem: 31397
Epoch: [3]  [1100/5625]  eta: 1:16:57  lr: 0.000009  train_loss: 0.2437 (0.2722)  train_iou: 0.6262 (0.6499)  time: 1.0128  data: 0.0004  max mem: 31397
Epoch: [3]  [1120/5625]  eta: 1:16:36  lr: 0.000009  train_loss: 0.2349 (0.2729)  train_iou: 0.6573 (0.6493)  time: 1.0086  data: 0.0004  max mem: 31397
Epoch: [3]  [1140/5625]  eta: 1:16:15  lr: 0.000009  train_loss: 0.2294 (0.2730)  train_iou: 0.6505 (0.6491)  time: 1.0118  data: 0.0004  max mem: 31397
Epoch: [3]  [1160/5625]  eta: 1:15:54  lr: 0.000009  train_loss: 0.2525 (0.2729)  train_iou: 0.7032 (0.6497)  time: 1.0101  data: 0.0004  max mem: 31397
Epoch: [3]  [1180/5625]  eta: 1:15:33  lr: 0.000009  train_loss: 0.3212 (0.2738)  train_iou: 0.6331 (0.6495)  time: 1.0224  data: 0.0004  max mem: 31397
Epoch: [3]  [1200/5625]  eta: 1:15:13  lr: 0.000009  train_loss: 0.2345 (0.2736)  train_iou: 0.6869 (0.6498)  time: 1.0205  data: 0.0004  max mem: 31397
Epoch: [3]  [1220/5625]  eta: 1:14:52  lr: 0.000009  train_loss: 0.2646 (0.2738)  train_iou: 0.6264 (0.6496)  time: 1.0082  data: 0.0004  max mem: 31397
Epoch: [3]  [1240/5625]  eta: 1:14:31  lr: 0.000009  train_loss: 0.2010 (0.2735)  train_iou: 0.6529 (0.6494)  time: 1.0180  data: 0.0004  max mem: 31397
Epoch: [3]  [1260/5625]  eta: 1:14:10  lr: 0.000009  train_loss: 0.2679 (0.2739)  train_iou: 0.6133 (0.6490)  time: 1.0100  data: 0.0004  max mem: 31397
Epoch: [3]  [1280/5625]  eta: 1:13:49  lr: 0.000009  train_loss: 0.2151 (0.2737)  train_iou: 0.6372 (0.6487)  time: 1.0107  data: 0.0004  max mem: 31397
Epoch: [3]  [1300/5625]  eta: 1:13:28  lr: 0.000009  train_loss: 0.2335 (0.2732)  train_iou: 0.6277 (0.6489)  time: 1.0108  data: 0.0004  max mem: 31397
Epoch: [3]  [1320/5625]  eta: 1:13:07  lr: 0.000009  train_loss: 0.2512 (0.2735)  train_iou: 0.6746 (0.6494)  time: 1.0133  data: 0.0004  max mem: 31397
Epoch: [3]  [1340/5625]  eta: 1:12:47  lr: 0.000009  train_loss: 0.2229 (0.2735)  train_iou: 0.6873 (0.6498)  time: 1.0148  data: 0.0004  max mem: 31397
Epoch: [3]  [1360/5625]  eta: 1:12:26  lr: 0.000009  train_loss: 0.2414 (0.2737)  train_iou: 0.6266 (0.6493)  time: 1.0118  data: 0.0004  max mem: 31397
Epoch: [3]  [1380/5625]  eta: 1:12:13  lr: 0.000009  train_loss: 0.2345 (0.2738)  train_iou: 0.6712 (0.6493)  time: 1.1475  data: 0.0004  max mem: 31397
Epoch: [3]  [1400/5625]  eta: 1:11:52  lr: 0.000009  train_loss: 0.3102 (0.2739)  train_iou: 0.6322 (0.6491)  time: 1.0133  data: 0.0004  max mem: 31397
Epoch: [3]  [1420/5625]  eta: 1:11:31  lr: 0.000009  train_loss: 0.2134 (0.2734)  train_iou: 0.7068 (0.6497)  time: 1.0090  data: 0.0004  max mem: 31397
Epoch: [3]  [1440/5625]  eta: 1:11:10  lr: 0.000009  train_loss: 0.2357 (0.2735)  train_iou: 0.6524 (0.6498)  time: 1.0080  data: 0.0004  max mem: 31397
Epoch: [3]  [1460/5625]  eta: 1:10:49  lr: 0.000009  train_loss: 0.3114 (0.2748)  train_iou: 0.6389 (0.6497)  time: 1.0089  data: 0.0004  max mem: 31397
Epoch: [3]  [1480/5625]  eta: 1:10:28  lr: 0.000009  train_loss: 0.2601 (0.2750)  train_iou: 0.6137 (0.6492)  time: 1.0125  data: 0.0004  max mem: 31397
Epoch: [3]  [1500/5625]  eta: 1:10:07  lr: 0.000009  train_loss: 0.2617 (0.2749)  train_iou: 0.6176 (0.6492)  time: 1.0098  data: 0.0004  max mem: 31397
Epoch: [3]  [1520/5625]  eta: 1:09:46  lr: 0.000009  train_loss: 0.2688 (0.2749)  train_iou: 0.6880 (0.6491)  time: 1.0100  data: 0.0004  max mem: 31397
Epoch: [3]  [1540/5625]  eta: 1:09:25  lr: 0.000009  train_loss: 0.1704 (0.2740)  train_iou: 0.6116 (0.6492)  time: 1.0087  data: 0.0004  max mem: 31397
Epoch: [3]  [1560/5625]  eta: 1:09:04  lr: 0.000009  train_loss: 0.2674 (0.2745)  train_iou: 0.6474 (0.6488)  time: 1.0097  data: 0.0004  max mem: 31397
Epoch: [3]  [1580/5625]  eta: 1:08:44  lr: 0.000009  train_loss: 0.2701 (0.2742)  train_iou: 0.6764 (0.6489)  time: 1.0148  data: 0.0004  max mem: 31397
Epoch: [3]  [1600/5625]  eta: 1:08:23  lr: 0.000009  train_loss: 0.2319 (0.2744)  train_iou: 0.6648 (0.6495)  time: 1.0138  data: 0.0004  max mem: 31397
Epoch: [3]  [1620/5625]  eta: 1:08:02  lr: 0.000009  train_loss: 0.2916 (0.2745)  train_iou: 0.6094 (0.6493)  time: 1.0087  data: 0.0004  max mem: 31397
Epoch: [3]  [1640/5625]  eta: 1:07:42  lr: 0.000009  train_loss: 0.2516 (0.2748)  train_iou: 0.6568 (0.6493)  time: 1.0199  data: 0.0004  max mem: 31397
Epoch: [3]  [1660/5625]  eta: 1:07:21  lr: 0.000009  train_loss: 0.2662 (0.2749)  train_iou: 0.6240 (0.6492)  time: 1.0126  data: 0.0004  max mem: 31397
Epoch: [3]  [1680/5625]  eta: 1:07:00  lr: 0.000009  train_loss: 0.2990 (0.2753)  train_iou: 0.6287 (0.6492)  time: 1.0111  data: 0.0004  max mem: 31397
Epoch: [3]  [1700/5625]  eta: 1:06:40  lr: 0.000009  train_loss: 0.2470 (0.2756)  train_iou: 0.6825 (0.6494)  time: 1.0117  data: 0.0004  max mem: 31397
Epoch: [3]  [1720/5625]  eta: 1:06:19  lr: 0.000009  train_loss: 0.2358 (0.2753)  train_iou: 0.6746 (0.6498)  time: 1.0146  data: 0.0004  max mem: 31397
Epoch: [3]  [1740/5625]  eta: 1:05:58  lr: 0.000009  train_loss: 0.2440 (0.2753)  train_iou: 0.5929 (0.6493)  time: 1.0079  data: 0.0004  max mem: 31397
Epoch: [3]  [1760/5625]  eta: 1:05:37  lr: 0.000009  train_loss: 0.2380 (0.2750)  train_iou: 0.6359 (0.6493)  time: 1.0119  data: 0.0004  max mem: 31397
Epoch: [3]  [1780/5625]  eta: 1:05:17  lr: 0.000009  train_loss: 0.2166 (0.2749)  train_iou: 0.7304 (0.6499)  time: 1.0187  data: 0.0004  max mem: 31397
Epoch: [3]  [1800/5625]  eta: 1:04:57  lr: 0.000009  train_loss: 0.2411 (0.2747)  train_iou: 0.6245 (0.6497)  time: 1.0174  data: 0.0004  max mem: 31397
Epoch: [3]  [1820/5625]  eta: 1:04:36  lr: 0.000009  train_loss: 0.1860 (0.2749)  train_iou: 0.5866 (0.6493)  time: 1.0044  data: 0.0004  max mem: 31397
Epoch: [3]  [1840/5625]  eta: 1:04:15  lr: 0.000009  train_loss: 0.2009 (0.2742)  train_iou: 0.6371 (0.6485)  time: 1.0171  data: 0.0004  max mem: 31397
Epoch: [3]  [1860/5625]  eta: 1:03:55  lr: 0.000009  train_loss: 0.1937 (0.2753)  train_iou: 0.6361 (0.6488)  time: 1.0136  data: 0.0004  max mem: 31397
Epoch: [3]  [1880/5625]  eta: 1:03:34  lr: 0.000009  train_loss: 0.3086 (0.2759)  train_iou: 0.6508 (0.6487)  time: 1.0075  data: 0.0004  max mem: 31397
Epoch: [3]  [1900/5625]  eta: 1:03:13  lr: 0.000009  train_loss: 0.2818 (0.2760)  train_iou: 0.6397 (0.6487)  time: 1.0079  data: 0.0004  max mem: 31397
Epoch: [3]  [1920/5625]  eta: 1:02:52  lr: 0.000009  train_loss: 0.2453 (0.2760)  train_iou: 0.6356 (0.6480)  time: 1.0090  data: 0.0004  max mem: 31397
Epoch: [3]  [1940/5625]  eta: 1:02:32  lr: 0.000009  train_loss: 0.1933 (0.2757)  train_iou: 0.6755 (0.6485)  time: 1.0088  data: 0.0004  max mem: 31397
Epoch: [3]  [1960/5625]  eta: 1:02:11  lr: 0.000009  train_loss: 0.2251 (0.2757)  train_iou: 0.6429 (0.6484)  time: 1.0085  data: 0.0004  max mem: 31397
Epoch: [3]  [1980/5625]  eta: 1:01:50  lr: 0.000009  train_loss: 0.2302 (0.2757)  train_iou: 0.6387 (0.6484)  time: 1.0097  data: 0.0005  max mem: 31397
Epoch: [3]  [2000/5625]  eta: 1:01:29  lr: 0.000009  train_loss: 0.1920 (0.2757)  train_iou: 0.6281 (0.6486)  time: 1.0068  data: 0.0004  max mem: 31397
Epoch: [3]  [2020/5625]  eta: 1:01:09  lr: 0.000009  train_loss: 0.2844 (0.2758)  train_iou: 0.6179 (0.6482)  time: 1.0075  data: 0.0004  max mem: 31397
Epoch: [3]  [2040/5625]  eta: 1:00:48  lr: 0.000009  train_loss: 0.2601 (0.2759)  train_iou: 0.6171 (0.6480)  time: 1.0086  data: 0.0004  max mem: 31397
Epoch: [3]  [2060/5625]  eta: 1:00:27  lr: 0.000009  train_loss: 0.2205 (0.2757)  train_iou: 0.6567 (0.6480)  time: 1.0111  data: 0.0004  max mem: 31397
Epoch: [3]  [2080/5625]  eta: 1:00:07  lr: 0.000009  train_loss: 0.2725 (0.2761)  train_iou: 0.6894 (0.6484)  time: 1.0072  data: 0.0004  max mem: 31397
Epoch: [3]  [2100/5625]  eta: 0:59:46  lr: 0.000009  train_loss: 0.2492 (0.2766)  train_iou: 0.5886 (0.6483)  time: 1.0069  data: 0.0004  max mem: 31397
Epoch: [3]  [2120/5625]  eta: 0:59:25  lr: 0.000009  train_loss: 0.2435 (0.2766)  train_iou: 0.6462 (0.6483)  time: 1.0068  data: 0.0004  max mem: 31397
Epoch: [3]  [2140/5625]  eta: 0:59:05  lr: 0.000009  train_loss: 0.2813 (0.2771)  train_iou: 0.6064 (0.6478)  time: 1.0080  data: 0.0004  max mem: 31397
Epoch: [3]  [2160/5625]  eta: 0:58:44  lr: 0.000009  train_loss: 0.2851 (0.2776)  train_iou: 0.5447 (0.6471)  time: 1.0090  data: 0.0004  max mem: 31397
Epoch: [3]  [2180/5625]  eta: 0:58:23  lr: 0.000009  train_loss: 0.2370 (0.2779)  train_iou: 0.6571 (0.6471)  time: 1.0080  data: 0.0004  max mem: 31397
Epoch: [3]  [2200/5625]  eta: 0:58:03  lr: 0.000009  train_loss: 0.3107 (0.2784)  train_iou: 0.6017 (0.6468)  time: 1.0091  data: 0.0004  max mem: 31397
Epoch: [3]  [2220/5625]  eta: 0:57:42  lr: 0.000009  train_loss: 0.3159 (0.2788)  train_iou: 0.6108 (0.6466)  time: 1.0154  data: 0.0004  max mem: 31397
Epoch: [3]  [2240/5625]  eta: 0:57:22  lr: 0.000009  train_loss: 0.2734 (0.2791)  train_iou: 0.6374 (0.6466)  time: 1.0105  data: 0.0004  max mem: 31397
Epoch: [3]  [2260/5625]  eta: 0:57:01  lr: 0.000009  train_loss: 0.2324 (0.2791)  train_iou: 0.6326 (0.6467)  time: 1.0118  data: 0.0004  max mem: 31397
Epoch: [3]  [2280/5625]  eta: 0:56:41  lr: 0.000009  train_loss: 0.2479 (0.2790)  train_iou: 0.6659 (0.6468)  time: 1.0080  data: 0.0004  max mem: 31397
Epoch: [3]  [2300/5625]  eta: 0:56:20  lr: 0.000009  train_loss: 0.2684 (0.2797)  train_iou: 0.6162 (0.6463)  time: 1.0103  data: 0.0004  max mem: 31397
Epoch: [3]  [2320/5625]  eta: 0:56:00  lr: 0.000009  train_loss: 0.2326 (0.2795)  train_iou: 0.6526 (0.6464)  time: 1.0054  data: 0.0004  max mem: 31397
Epoch: [3]  [2340/5625]  eta: 0:55:39  lr: 0.000009  train_loss: 0.2061 (0.2793)  train_iou: 0.6630 (0.6466)  time: 0.9988  data: 0.0004  max mem: 31397
Epoch: [3]  [2360/5625]  eta: 0:55:18  lr: 0.000009  train_loss: 0.2591 (0.2791)  train_iou: 0.6374 (0.6466)  time: 1.0055  data: 0.0004  max mem: 31397
Epoch: [3]  [2380/5625]  eta: 0:54:58  lr: 0.000009  train_loss: 0.2316 (0.2788)  train_iou: 0.6571 (0.6467)  time: 1.0102  data: 0.0004  max mem: 31397
Epoch: [3]  [2400/5625]  eta: 0:54:37  lr: 0.000009  train_loss: 0.2482 (0.2787)  train_iou: 0.6825 (0.6469)  time: 1.0100  data: 0.0005  max mem: 31397
Epoch: [3]  [2420/5625]  eta: 0:54:16  lr: 0.000009  train_loss: 0.2502 (0.2786)  train_iou: 0.6438 (0.6468)  time: 1.0037  data: 0.0004  max mem: 31397
Epoch: [3]  [2440/5625]  eta: 0:53:56  lr: 0.000009  train_loss: 0.1977 (0.2780)  train_iou: 0.7477 (0.6474)  time: 1.0102  data: 0.0004  max mem: 31397
Epoch: [3]  [2460/5625]  eta: 0:53:35  lr: 0.000009  train_loss: 0.2782 (0.2785)  train_iou: 0.6364 (0.6474)  time: 1.0091  data: 0.0004  max mem: 31397
Epoch: [3]  [2480/5625]  eta: 0:53:15  lr: 0.000009  train_loss: 0.2750 (0.2787)  train_iou: 0.6254 (0.6471)  time: 1.0085  data: 0.0004  max mem: 31397
Epoch: [3]  [2500/5625]  eta: 0:52:54  lr: 0.000009  train_loss: 0.2048 (0.2782)  train_iou: 0.6100 (0.6471)  time: 1.0074  data: 0.0004  max mem: 31397
Epoch: [3]  [2520/5625]  eta: 0:52:34  lr: 0.000009  train_loss: 0.2398 (0.2782)  train_iou: 0.5982 (0.6468)  time: 1.0065  data: 0.0004  max mem: 31397
Epoch: [3]  [2540/5625]  eta: 0:52:13  lr: 0.000009  train_loss: 0.2821 (0.2782)  train_iou: 0.6575 (0.6468)  time: 1.0080  data: 0.0004  max mem: 31397
Epoch: [3]  [2560/5625]  eta: 0:51:53  lr: 0.000009  train_loss: 0.2775 (0.2785)  train_iou: 0.6739 (0.6471)  time: 1.0030  data: 0.0004  max mem: 31397
Epoch: [3]  [2580/5625]  eta: 0:51:32  lr: 0.000009  train_loss: 0.1804 (0.2782)  train_iou: 0.6535 (0.6472)  time: 1.0037  data: 0.0004  max mem: 31397
Epoch: [3]  [2600/5625]  eta: 0:51:12  lr: 0.000009  train_loss: 0.2086 (0.2781)  train_iou: 0.6503 (0.6473)  time: 1.0016  data: 0.0004  max mem: 31397
Epoch: [3]  [2620/5625]  eta: 0:50:51  lr: 0.000009  train_loss: 0.1733 (0.2778)  train_iou: 0.6830 (0.6474)  time: 1.0029  data: 0.0004  max mem: 31397
Epoch: [3]  [2640/5625]  eta: 0:50:30  lr: 0.000009  train_loss: 0.2534 (0.2778)  train_iou: 0.6289 (0.6474)  time: 1.0012  data: 0.0004  max mem: 31397
Epoch: [3]  [2660/5625]  eta: 0:50:10  lr: 0.000009  train_loss: 0.1871 (0.2776)  train_iou: 0.6672 (0.6473)  time: 1.0056  data: 0.0004  max mem: 31397
Epoch: [3]  [2680/5625]  eta: 0:49:49  lr: 0.000009  train_loss: 0.2546 (0.2776)  train_iou: 0.6848 (0.6475)  time: 1.0011  data: 0.0004  max mem: 31397
Epoch: [3]  [2700/5625]  eta: 0:49:28  lr: 0.000009  train_loss: 0.2227 (0.2775)  train_iou: 0.7113 (0.6478)  time: 0.9927  data: 0.0004  max mem: 31397
Epoch: [3]  [2720/5625]  eta: 0:49:08  lr: 0.000009  train_loss: 0.3238 (0.2778)  train_iou: 0.6373 (0.6478)  time: 0.9998  data: 0.0004  max mem: 31397
Epoch: [3]  [2740/5625]  eta: 0:48:47  lr: 0.000009  train_loss: 0.2109 (0.2775)  train_iou: 0.5992 (0.6475)  time: 0.9998  data: 0.0004  max mem: 31397
Epoch: [3]  [2760/5625]  eta: 0:48:27  lr: 0.000009  train_loss: 0.3003 (0.2779)  train_iou: 0.5887 (0.6471)  time: 1.0007  data: 0.0004  max mem: 31397
Epoch: [3]  [2780/5625]  eta: 0:48:06  lr: 0.000009  train_loss: 0.2888 (0.2783)  train_iou: 0.6381 (0.6471)  time: 0.9981  data: 0.0004  max mem: 31397
Epoch: [3]  [2800/5625]  eta: 0:47:45  lr: 0.000009  train_loss: 0.2484 (0.2783)  train_iou: 0.6995 (0.6473)  time: 1.0065  data: 0.0004  max mem: 31397
Epoch: [3]  [2820/5625]  eta: 0:47:25  lr: 0.000009  train_loss: 0.2109 (0.2780)  train_iou: 0.6210 (0.6472)  time: 1.0072  data: 0.0004  max mem: 31397
Epoch: [3]  [2840/5625]  eta: 0:47:05  lr: 0.000009  train_loss: 0.2634 (0.2785)  train_iou: 0.6267 (0.6469)  time: 1.0057  data: 0.0004  max mem: 31397
Epoch: [3]  [2860/5625]  eta: 0:46:44  lr: 0.000009  train_loss: 0.2043 (0.2780)  train_iou: 0.6893 (0.6472)  time: 1.0033  data: 0.0004  max mem: 31397
Epoch: [3]  [2880/5625]  eta: 0:46:24  lr: 0.000009  train_loss: 0.2329 (0.2780)  train_iou: 0.6698 (0.6472)  time: 1.0071  data: 0.0004  max mem: 31397
Epoch: [3]  [2900/5625]  eta: 0:46:03  lr: 0.000009  train_loss: 0.2277 (0.2780)  train_iou: 0.6652 (0.6473)  time: 1.0078  data: 0.0004  max mem: 31397
Epoch: [3]  [2920/5625]  eta: 0:45:43  lr: 0.000009  train_loss: 0.2426 (0.2779)  train_iou: 0.6640 (0.6474)  time: 1.0006  data: 0.0004  max mem: 31397
Epoch: [3]  [2940/5625]  eta: 0:45:22  lr: 0.000009  train_loss: 0.1787 (0.2777)  train_iou: 0.6803 (0.6477)  time: 1.0067  data: 0.0004  max mem: 31397
Epoch: [3]  [2960/5625]  eta: 0:45:02  lr: 0.000009  train_loss: 0.1764 (0.2775)  train_iou: 0.7011 (0.6478)  time: 1.0093  data: 0.0004  max mem: 31397
Epoch: [3]  [2980/5625]  eta: 0:44:41  lr: 0.000009  train_loss: 0.2524 (0.2775)  train_iou: 0.6857 (0.6479)  time: 0.9952  data: 0.0004  max mem: 31397
Epoch: [3]  [3000/5625]  eta: 0:44:21  lr: 0.000009  train_loss: 0.2207 (0.2774)  train_iou: 0.6103 (0.6479)  time: 1.0090  data: 0.0004  max mem: 31397
Epoch: [3]  [3020/5625]  eta: 0:44:00  lr: 0.000009  train_loss: 0.2296 (0.2773)  train_iou: 0.6354 (0.6478)  time: 0.9997  data: 0.0004  max mem: 31397
Epoch: [3]  [3040/5625]  eta: 0:43:42  lr: 0.000009  train_loss: 0.2224 (0.2772)  train_iou: 0.6449 (0.6478)  time: 1.1223  data: 0.0004  max mem: 31397
Epoch: [3]  [3060/5625]  eta: 0:43:22  lr: 0.000009  train_loss: 0.1866 (0.2770)  train_iou: 0.7174 (0.6481)  time: 1.0093  data: 0.0004  max mem: 31397
Epoch: [3]  [3080/5625]  eta: 0:43:01  lr: 0.000009  train_loss: 0.1474 (0.2765)  train_iou: 0.6479 (0.6483)  time: 1.0095  data: 0.0004  max mem: 31397
Epoch: [3]  [3100/5625]  eta: 0:42:41  lr: 0.000009  train_loss: 0.2662 (0.2768)  train_iou: 0.6514 (0.6483)  time: 1.0122  data: 0.0004  max mem: 31397
Epoch: [3]  [3120/5625]  eta: 0:42:21  lr: 0.000009  train_loss: 0.1837 (0.2766)  train_iou: 0.6894 (0.6486)  time: 1.0094  data: 0.0004  max mem: 31397
Epoch: [3]  [3140/5625]  eta: 0:42:00  lr: 0.000009  train_loss: 0.2098 (0.2764)  train_iou: 0.6398 (0.6485)  time: 1.0098  data: 0.0004  max mem: 31397
Epoch: [3]  [3160/5625]  eta: 0:41:40  lr: 0.000009  train_loss: 0.1789 (0.2761)  train_iou: 0.6759 (0.6486)  time: 1.0093  data: 0.0004  max mem: 31397
Epoch: [3]  [3180/5625]  eta: 0:41:19  lr: 0.000009  train_loss: 0.2207 (0.2760)  train_iou: 0.6318 (0.6484)  time: 1.0062  data: 0.0004  max mem: 31397
Epoch: [3]  [3200/5625]  eta: 0:40:59  lr: 0.000009  train_loss: 0.2052 (0.2758)  train_iou: 0.6310 (0.6485)  time: 1.0072  data: 0.0004  max mem: 31397
Epoch: [3]  [3220/5625]  eta: 0:40:39  lr: 0.000009  train_loss: 0.2497 (0.2757)  train_iou: 0.6620 (0.6486)  time: 1.0061  data: 0.0004  max mem: 31397
Epoch: [3]  [3240/5625]  eta: 0:40:18  lr: 0.000009  train_loss: 0.2329 (0.2756)  train_iou: 0.6604 (0.6486)  time: 1.0111  data: 0.0004  max mem: 31397
Epoch: [3]  [3260/5625]  eta: 0:39:58  lr: 0.000009  train_loss: 0.1782 (0.2755)  train_iou: 0.7001 (0.6489)  time: 1.0112  data: 0.0004  max mem: 31397
Epoch: [3]  [3280/5625]  eta: 0:39:38  lr: 0.000009  train_loss: 0.2605 (0.2753)  train_iou: 0.7058 (0.6490)  time: 1.0085  data: 0.0004  max mem: 31397
Epoch: [3]  [3300/5625]  eta: 0:39:17  lr: 0.000009  train_loss: 0.2875 (0.2757)  train_iou: 0.6343 (0.6488)  time: 1.0081  data: 0.0004  max mem: 31397
Epoch: [3]  [3320/5625]  eta: 0:38:57  lr: 0.000009  train_loss: 0.2178 (0.2756)  train_iou: 0.7479 (0.6491)  time: 1.0106  data: 0.0004  max mem: 31397
Epoch: [3]  [3340/5625]  eta: 0:38:36  lr: 0.000009  train_loss: 0.2264 (0.2757)  train_iou: 0.7038 (0.6494)  time: 1.0070  data: 0.0004  max mem: 31397
Epoch: [3]  [3360/5625]  eta: 0:38:16  lr: 0.000009  train_loss: 0.2731 (0.2761)  train_iou: 0.5985 (0.6492)  time: 1.0114  data: 0.0004  max mem: 31397
Epoch: [3]  [3380/5625]  eta: 0:37:56  lr: 0.000009  train_loss: 0.2039 (0.2758)  train_iou: 0.6934 (0.6494)  time: 1.0100  data: 0.0004  max mem: 31397
Epoch: [3]  [3400/5625]  eta: 0:37:36  lr: 0.000009  train_loss: 0.1903 (0.2756)  train_iou: 0.6498 (0.6494)  time: 1.0108  data: 0.0004  max mem: 31397
Epoch: [3]  [3420/5625]  eta: 0:37:15  lr: 0.000009  train_loss: 0.2339 (0.2755)  train_iou: 0.6565 (0.6494)  time: 1.0111  data: 0.0004  max mem: 31397
Epoch: [3]  [3440/5625]  eta: 0:36:55  lr: 0.000009  train_loss: 0.2373 (0.2757)  train_iou: 0.6298 (0.6494)  time: 1.0104  data: 0.0004  max mem: 31397
Epoch: [3]  [3460/5625]  eta: 0:36:35  lr: 0.000009  train_loss: 0.2604 (0.2756)  train_iou: 0.6213 (0.6493)  time: 1.0127  data: 0.0004  max mem: 31397
Epoch: [3]  [3480/5625]  eta: 0:36:14  lr: 0.000009  train_loss: 0.2634 (0.2757)  train_iou: 0.6380 (0.6492)  time: 1.0102  data: 0.0004  max mem: 31397
Epoch: [3]  [3500/5625]  eta: 0:35:54  lr: 0.000009  train_loss: 0.2094 (0.2756)  train_iou: 0.6466 (0.6490)  time: 1.0109  data: 0.0004  max mem: 31397
Epoch: [3]  [3520/5625]  eta: 0:35:34  lr: 0.000009  train_loss: 0.2339 (0.2755)  train_iou: 0.6880 (0.6492)  time: 1.0085  data: 0.0004  max mem: 31397
Epoch: [3]  [3540/5625]  eta: 0:35:13  lr: 0.000009  train_loss: 0.2767 (0.2756)  train_iou: 0.6699 (0.6492)  time: 1.0113  data: 0.0004  max mem: 31397
Epoch: [3]  [3560/5625]  eta: 0:34:53  lr: 0.000009  train_loss: 0.2044 (0.2754)  train_iou: 0.6484 (0.6493)  time: 1.0098  data: 0.0004  max mem: 31397
Epoch: [3]  [3580/5625]  eta: 0:34:33  lr: 0.000009  train_loss: 0.2260 (0.2753)  train_iou: 0.6451 (0.6493)  time: 1.0101  data: 0.0004  max mem: 31397
Epoch: [3]  [3600/5625]  eta: 0:34:12  lr: 0.000009  train_loss: 0.2966 (0.2756)  train_iou: 0.6047 (0.6492)  time: 1.0117  data: 0.0004  max mem: 31397
Epoch: [3]  [3620/5625]  eta: 0:33:52  lr: 0.000009  train_loss: 0.2326 (0.2758)  train_iou: 0.6564 (0.6492)  time: 1.0108  data: 0.0004  max mem: 31397
Epoch: [3]  [3640/5625]  eta: 0:33:32  lr: 0.000009  train_loss: 0.2521 (0.2757)  train_iou: 0.6426 (0.6493)  time: 1.0113  data: 0.0004  max mem: 31397
Epoch: [3]  [3660/5625]  eta: 0:33:11  lr: 0.000009  train_loss: 0.2364 (0.2758)  train_iou: 0.6848 (0.6493)  time: 1.0085  data: 0.0004  max mem: 31397
Epoch: [3]  [3680/5625]  eta: 0:32:51  lr: 0.000009  train_loss: 0.2507 (0.2758)  train_iou: 0.6560 (0.6493)  time: 1.0080  data: 0.0004  max mem: 31397
Epoch: [3]  [3700/5625]  eta: 0:32:31  lr: 0.000009  train_loss: 0.2631 (0.2759)  train_iou: 0.5806 (0.6491)  time: 1.0083  data: 0.0004  max mem: 31397
Epoch: [3]  [3720/5625]  eta: 0:32:10  lr: 0.000009  train_loss: 0.2472 (0.2759)  train_iou: 0.6906 (0.6493)  time: 1.0089  data: 0.0004  max mem: 31397
Epoch: [3]  [3740/5625]  eta: 0:31:50  lr: 0.000009  train_loss: 0.2459 (0.2759)  train_iou: 0.6552 (0.6494)  time: 1.0080  data: 0.0004  max mem: 31397
Epoch: [3]  [3760/5625]  eta: 0:31:30  lr: 0.000009  train_loss: 0.2167 (0.2758)  train_iou: 0.6375 (0.6494)  time: 1.0134  data: 0.0004  max mem: 31397
Epoch: [3]  [3780/5625]  eta: 0:31:10  lr: 0.000009  train_loss: 0.1548 (0.2755)  train_iou: 0.7525 (0.6498)  time: 1.0095  data: 0.0004  max mem: 31397
Epoch: [3]  [3800/5625]  eta: 0:30:49  lr: 0.000009  train_loss: 0.2424 (0.2754)  train_iou: 0.6901 (0.6498)  time: 1.0115  data: 0.0004  max mem: 31397
Epoch: [3]  [3820/5625]  eta: 0:30:29  lr: 0.000009  train_loss: 0.2756 (0.2755)  train_iou: 0.6679 (0.6499)  time: 1.0096  data: 0.0004  max mem: 31397
Epoch: [3]  [3840/5625]  eta: 0:30:09  lr: 0.000009  train_loss: 0.2258 (0.2756)  train_iou: 0.6212 (0.6497)  time: 1.0094  data: 0.0004  max mem: 31397
Epoch: [3]  [3860/5625]  eta: 0:29:48  lr: 0.000009  train_loss: 0.2244 (0.2756)  train_iou: 0.6319 (0.6495)  time: 1.0065  data: 0.0004  max mem: 31397
Epoch: [3]  [3880/5625]  eta: 0:29:28  lr: 0.000009  train_loss: 0.2144 (0.2754)  train_iou: 0.5923 (0.6494)  time: 1.0098  data: 0.0004  max mem: 31397
Epoch: [3]  [3900/5625]  eta: 0:29:08  lr: 0.000009  train_loss: 0.2408 (0.2754)  train_iou: 0.6746 (0.6493)  time: 1.0089  data: 0.0004  max mem: 31397
Epoch: [3]  [3920/5625]  eta: 0:28:47  lr: 0.000009  train_loss: 0.1701 (0.2751)  train_iou: 0.6109 (0.6493)  time: 1.0094  data: 0.0004  max mem: 31397
Epoch: [3]  [3940/5625]  eta: 0:28:27  lr: 0.000009  train_loss: 0.2895 (0.2751)  train_iou: 0.7329 (0.6494)  time: 1.0060  data: 0.0004  max mem: 31397
Epoch: [3]  [3960/5625]  eta: 0:28:07  lr: 0.000009  train_loss: 0.2633 (0.2752)  train_iou: 0.6998 (0.6497)  time: 1.0121  data: 0.0004  max mem: 31397
Epoch: [3]  [3980/5625]  eta: 0:27:46  lr: 0.000009  train_loss: 0.2638 (0.2755)  train_iou: 0.6968 (0.6498)  time: 1.0070  data: 0.0004  max mem: 31397
Epoch: [3]  [4000/5625]  eta: 0:27:26  lr: 0.000009  train_loss: 0.1868 (0.2753)  train_iou: 0.7290 (0.6500)  time: 1.0059  data: 0.0004  max mem: 31397
Epoch: [3]  [4020/5625]  eta: 0:27:06  lr: 0.000009  train_loss: 0.2755 (0.2753)  train_iou: 0.6642 (0.6501)  time: 1.0113  data: 0.0004  max mem: 31397
Epoch: [3]  [4040/5625]  eta: 0:26:46  lr: 0.000009  train_loss: 0.2692 (0.2755)  train_iou: 0.6073 (0.6500)  time: 1.0055  data: 0.0004  max mem: 31397
Epoch: [3]  [4060/5625]  eta: 0:26:25  lr: 0.000009  train_loss: 0.2530 (0.2754)  train_iou: 0.6839 (0.6501)  time: 1.0112  data: 0.0004  max mem: 31397
Epoch: [3]  [4080/5625]  eta: 0:26:05  lr: 0.000009  train_loss: 0.2831 (0.2756)  train_iou: 0.6544 (0.6501)  time: 1.0078  data: 0.0004  max mem: 31397
Epoch: [3]  [4100/5625]  eta: 0:25:45  lr: 0.000009  train_loss: 0.2476 (0.2754)  train_iou: 0.6672 (0.6502)  time: 1.0092  data: 0.0004  max mem: 31397
Epoch: [3]  [4120/5625]  eta: 0:25:24  lr: 0.000009  train_loss: 0.2458 (0.2755)  train_iou: 0.6320 (0.6500)  time: 1.0117  data: 0.0004  max mem: 31397
Epoch: [3]  [4140/5625]  eta: 0:25:04  lr: 0.000009  train_loss: 0.2107 (0.2752)  train_iou: 0.6864 (0.6503)  time: 1.0053  data: 0.0004  max mem: 31397
Epoch: [3]  [4160/5625]  eta: 0:24:44  lr: 0.000009  train_loss: 0.2581 (0.2754)  train_iou: 0.6455 (0.6502)  time: 1.0104  data: 0.0004  max mem: 31397
Epoch: [3]  [4180/5625]  eta: 0:24:23  lr: 0.000009  train_loss: 0.2339 (0.2753)  train_iou: 0.6487 (0.6501)  time: 1.0130  data: 0.0004  max mem: 31397
Epoch: [3]  [4200/5625]  eta: 0:24:03  lr: 0.000009  train_loss: 0.2167 (0.2753)  train_iou: 0.6496 (0.6502)  time: 1.0070  data: 0.0004  max mem: 31397
Epoch: [3]  [4220/5625]  eta: 0:23:43  lr: 0.000009  train_loss: 0.2399 (0.2755)  train_iou: 0.6021 (0.6500)  time: 1.0104  data: 0.0004  max mem: 31397
Epoch: [3]  [4240/5625]  eta: 0:23:23  lr: 0.000009  train_loss: 0.2519 (0.2754)  train_iou: 0.6733 (0.6500)  time: 1.0097  data: 0.0004  max mem: 31397
Epoch: [3]  [4260/5625]  eta: 0:23:02  lr: 0.000009  train_loss: 0.1457 (0.2752)  train_iou: 0.6647 (0.6502)  time: 1.0101  data: 0.0004  max mem: 31397
Epoch: [3]  [4280/5625]  eta: 0:22:42  lr: 0.000009  train_loss: 0.2503 (0.2752)  train_iou: 0.6638 (0.6503)  time: 1.0087  data: 0.0004  max mem: 31397
Epoch: [3]  [4300/5625]  eta: 0:22:22  lr: 0.000009  train_loss: 0.1935 (0.2751)  train_iou: 0.6396 (0.6503)  time: 1.0092  data: 0.0004  max mem: 31397
Epoch: [3]  [4320/5625]  eta: 0:22:01  lr: 0.000009  train_loss: 0.2619 (0.2750)  train_iou: 0.6658 (0.6504)  time: 1.0090  data: 0.0004  max mem: 31397
Epoch: [3]  [4340/5625]  eta: 0:21:41  lr: 0.000009  train_loss: 0.2303 (0.2749)  train_iou: 0.6541 (0.6504)  time: 1.0076  data: 0.0004  max mem: 31397
Epoch: [3]  [4360/5625]  eta: 0:21:21  lr: 0.000009  train_loss: 0.2177 (0.2749)  train_iou: 0.6900 (0.6506)  time: 1.0059  data: 0.0004  max mem: 31397
Epoch: [3]  [4380/5625]  eta: 0:21:01  lr: 0.000009  train_loss: 0.2258 (0.2748)  train_iou: 0.6757 (0.6507)  time: 1.1255  data: 0.0004  max mem: 31397
Epoch: [3]  [4400/5625]  eta: 0:20:41  lr: 0.000009  train_loss: 0.2625 (0.2749)  train_iou: 0.6569 (0.6507)  time: 1.0108  data: 0.0004  max mem: 31397
Epoch: [3]  [4420/5625]  eta: 0:20:21  lr: 0.000009  train_loss: 0.1955 (0.2747)  train_iou: 0.7132 (0.6508)  time: 1.0071  data: 0.0004  max mem: 31397
Epoch: [3]  [4440/5625]  eta: 0:20:00  lr: 0.000009  train_loss: 0.2304 (0.2748)  train_iou: 0.6084 (0.6507)  time: 1.0067  data: 0.0004  max mem: 31397
Epoch: [3]  [4460/5625]  eta: 0:19:40  lr: 0.000009  train_loss: 0.2121 (0.2747)  train_iou: 0.7193 (0.6509)  time: 1.0045  data: 0.0004  max mem: 31397
Epoch: [3]  [4480/5625]  eta: 0:19:20  lr: 0.000009  train_loss: 0.1490 (0.2744)  train_iou: 0.6632 (0.6510)  time: 1.0088  data: 0.0004  max mem: 31397
Epoch: [3]  [4500/5625]  eta: 0:18:59  lr: 0.000009  train_loss: 0.2456 (0.2745)  train_iou: 0.5740 (0.6508)  time: 1.0116  data: 0.0004  max mem: 31397
Epoch: [3]  [4520/5625]  eta: 0:18:39  lr: 0.000009  train_loss: 0.1880 (0.2744)  train_iou: 0.6603 (0.6508)  time: 1.0078  data: 0.0004  max mem: 31397
Epoch: [3]  [4540/5625]  eta: 0:18:19  lr: 0.000009  train_loss: 0.1510 (0.2743)  train_iou: 0.6607 (0.6509)  time: 1.0085  data: 0.0004  max mem: 31397
Epoch: [3]  [4560/5625]  eta: 0:17:59  lr: 0.000009  train_loss: 0.2184 (0.2741)  train_iou: 0.6741 (0.6509)  time: 1.0076  data: 0.0004  max mem: 31397
Epoch: [3]  [4580/5625]  eta: 0:17:38  lr: 0.000009  train_loss: 0.2844 (0.2740)  train_iou: 0.5382 (0.6507)  time: 1.0076  data: 0.0004  max mem: 31397
Epoch: [3]  [4600/5625]  eta: 0:17:18  lr: 0.000009  train_loss: 0.2017 (0.2740)  train_iou: 0.6770 (0.6508)  time: 1.0100  data: 0.0004  max mem: 31397
Epoch: [3]  [4620/5625]  eta: 0:16:58  lr: 0.000009  train_loss: 0.2687 (0.2741)  train_iou: 0.6348 (0.6508)  time: 1.0113  data: 0.0004  max mem: 31397
Epoch: [3]  [4640/5625]  eta: 0:16:37  lr: 0.000009  train_loss: 0.2366 (0.2742)  train_iou: 0.6158 (0.6507)  time: 1.0109  data: 0.0004  max mem: 31397
Epoch: [3]  [4660/5625]  eta: 0:16:17  lr: 0.000009  train_loss: 0.2857 (0.2743)  train_iou: 0.6040 (0.6506)  time: 1.0085  data: 0.0004  max mem: 31397
Epoch: [3]  [4680/5625]  eta: 0:15:57  lr: 0.000009  train_loss: 0.2194 (0.2742)  train_iou: 0.6423 (0.6505)  time: 1.0092  data: 0.0004  max mem: 31397
Epoch: [3]  [4700/5625]  eta: 0:15:37  lr: 0.000009  train_loss: 0.3034 (0.2744)  train_iou: 0.6081 (0.6503)  time: 1.0085  data: 0.0004  max mem: 31397
Epoch: [3]  [4720/5625]  eta: 0:15:16  lr: 0.000009  train_loss: 0.2633 (0.2743)  train_iou: 0.6581 (0.6504)  time: 1.0092  data: 0.0004  max mem: 31397
Epoch: [3]  [4740/5625]  eta: 0:14:56  lr: 0.000009  train_loss: 0.2650 (0.2744)  train_iou: 0.6422 (0.6503)  time: 0.9985  data: 0.0004  max mem: 31397
Epoch: [3]  [4760/5625]  eta: 0:14:36  lr: 0.000009  train_loss: 0.3019 (0.2744)  train_iou: 0.6447 (0.6502)  time: 1.0101  data: 0.0004  max mem: 31397
Epoch: [3]  [4780/5625]  eta: 0:14:16  lr: 0.000009  train_loss: 0.2435 (0.2743)  train_iou: 0.6471 (0.6504)  time: 1.0106  data: 0.0004  max mem: 31397
Epoch: [3]  [4800/5625]  eta: 0:13:55  lr: 0.000009  train_loss: 0.2190 (0.2741)  train_iou: 0.7162 (0.6507)  time: 1.0067  data: 0.0004  max mem: 31397
Epoch: [3]  [4820/5625]  eta: 0:13:35  lr: 0.000009  train_loss: 0.2034 (0.2743)  train_iou: 0.7328 (0.6508)  time: 1.0099  data: 0.0004  max mem: 31397
Epoch: [3]  [4840/5625]  eta: 0:13:15  lr: 0.000009  train_loss: 0.2404 (0.2742)  train_iou: 0.6636 (0.6508)  time: 1.0083  data: 0.0004  max mem: 31397
Epoch: [3]  [4860/5625]  eta: 0:12:54  lr: 0.000009  train_loss: 0.2253 (0.2741)  train_iou: 0.6514 (0.6507)  time: 1.0106  data: 0.0004  max mem: 31397
Epoch: [3]  [4880/5625]  eta: 0:12:34  lr: 0.000009  train_loss: 0.2009 (0.2740)  train_iou: 0.6514 (0.6507)  time: 1.0125  data: 0.0004  max mem: 31397
Epoch: [3]  [4900/5625]  eta: 0:12:14  lr: 0.000009  train_loss: 0.2217 (0.2740)  train_iou: 0.6080 (0.6506)  time: 1.0103  data: 0.0004  max mem: 31397
Epoch: [3]  [4920/5625]  eta: 0:11:54  lr: 0.000009  train_loss: 0.2019 (0.2738)  train_iou: 0.6761 (0.6507)  time: 1.0059  data: 0.0004  max mem: 31397
Epoch: [3]  [4940/5625]  eta: 0:11:33  lr: 0.000009  train_loss: 0.2520 (0.2738)  train_iou: 0.6218 (0.6507)  time: 1.0075  data: 0.0004  max mem: 31397
Epoch: [3]  [4960/5625]  eta: 0:11:13  lr: 0.000009  train_loss: 0.3736 (0.2742)  train_iou: 0.6017 (0.6504)  time: 1.0105  data: 0.0004  max mem: 31397
Epoch: [3]  [4980/5625]  eta: 0:10:53  lr: 0.000009  train_loss: 0.2449 (0.2742)  train_iou: 0.6701 (0.6506)  time: 1.0100  data: 0.0004  max mem: 31397
Epoch: [3]  [5000/5625]  eta: 0:10:33  lr: 0.000009  train_loss: 0.2689 (0.2741)  train_iou: 0.7039 (0.6507)  time: 1.0034  data: 0.0004  max mem: 31397
Epoch: [3]  [5020/5625]  eta: 0:10:12  lr: 0.000009  train_loss: 0.2505 (0.2741)  train_iou: 0.6885 (0.6509)  time: 1.0066  data: 0.0004  max mem: 31397
Epoch: [3]  [5040/5625]  eta: 0:09:52  lr: 0.000009  train_loss: 0.2343 (0.2742)  train_iou: 0.6219 (0.6508)  time: 1.0097  data: 0.0004  max mem: 31397
Epoch: [3]  [5060/5625]  eta: 0:09:32  lr: 0.000009  train_loss: 0.1795 (0.2741)  train_iou: 0.6515 (0.6508)  time: 1.0116  data: 0.0004  max mem: 31397
Epoch: [3]  [5080/5625]  eta: 0:09:11  lr: 0.000009  train_loss: 0.3003 (0.2745)  train_iou: 0.6171 (0.6508)  time: 1.0148  data: 0.0004  max mem: 31397
Epoch: [3]  [5100/5625]  eta: 0:08:51  lr: 0.000009  train_loss: 0.2049 (0.2745)  train_iou: 0.6556 (0.6508)  time: 1.0156  data: 0.0004  max mem: 31397
Epoch: [3]  [5120/5625]  eta: 0:08:31  lr: 0.000009  train_loss: 0.2194 (0.2745)  train_iou: 0.5633 (0.6505)  time: 1.0143  data: 0.0004  max mem: 31397
Epoch: [3]  [5140/5625]  eta: 0:08:11  lr: 0.000009  train_loss: 0.1906 (0.2744)  train_iou: 0.6168 (0.6505)  time: 1.0138  data: 0.0004  max mem: 31397
Epoch: [3]  [5160/5625]  eta: 0:07:50  lr: 0.000009  train_loss: 0.2130 (0.2744)  train_iou: 0.6527 (0.6505)  time: 1.0161  data: 0.0004  max mem: 31397
Epoch: [3]  [5180/5625]  eta: 0:07:30  lr: 0.000009  train_loss: 0.2082 (0.2743)  train_iou: 0.6630 (0.6506)  time: 1.0128  data: 0.0004  max mem: 31397
Epoch: [3]  [5200/5625]  eta: 0:07:10  lr: 0.000009  train_loss: 0.3159 (0.2745)  train_iou: 0.6179 (0.6505)  time: 1.0148  data: 0.0004  max mem: 31397
Epoch: [3]  [5220/5625]  eta: 0:06:50  lr: 0.000009  train_loss: 0.1997 (0.2745)  train_iou: 0.6539 (0.6505)  time: 1.0112  data: 0.0004  max mem: 31397
Epoch: [3]  [5240/5625]  eta: 0:06:29  lr: 0.000009  train_loss: 0.2503 (0.2745)  train_iou: 0.5904 (0.6503)  time: 1.0160  data: 0.0004  max mem: 31397
Epoch: [3]  [5260/5625]  eta: 0:06:09  lr: 0.000009  train_loss: 0.2176 (0.2744)  train_iou: 0.6519 (0.6503)  time: 1.0134  data: 0.0004  max mem: 31397
Epoch: [3]  [5280/5625]  eta: 0:05:49  lr: 0.000009  train_loss: 0.2623 (0.2745)  train_iou: 0.6439 (0.6504)  time: 1.0114  data: 0.0004  max mem: 31397
Epoch: [3]  [5300/5625]  eta: 0:05:29  lr: 0.000009  train_loss: 0.1714 (0.2744)  train_iou: 0.6018 (0.6503)  time: 1.0154  data: 0.0004  max mem: 31397
Epoch: [3]  [5320/5625]  eta: 0:05:08  lr: 0.000009  train_loss: 0.2358 (0.2744)  train_iou: 0.6520 (0.6504)  time: 1.0140  data: 0.0004  max mem: 31397
Epoch: [3]  [5340/5625]  eta: 0:04:48  lr: 0.000009  train_loss: 0.2443 (0.2744)  train_iou: 0.5926 (0.6504)  time: 1.0144  data: 0.0004  max mem: 31397
Epoch: [3]  [5360/5625]  eta: 0:04:28  lr: 0.000009  train_loss: 0.2509 (0.2744)  train_iou: 0.6500 (0.6504)  time: 1.0141  data: 0.0004  max mem: 31397
Epoch: [3]  [5380/5625]  eta: 0:04:08  lr: 0.000009  train_loss: 0.2096 (0.2743)  train_iou: 0.6341 (0.6505)  time: 1.0157  data: 0.0004  max mem: 31397
Epoch: [3]  [5400/5625]  eta: 0:03:47  lr: 0.000009  train_loss: 0.2216 (0.2743)  train_iou: 0.6650 (0.6506)  time: 1.0114  data: 0.0004  max mem: 31397
Epoch: [3]  [5420/5625]  eta: 0:03:27  lr: 0.000009  train_loss: 0.2469 (0.2747)  train_iou: 0.6599 (0.6505)  time: 1.0146  data: 0.0004  max mem: 31397
Epoch: [3]  [5440/5625]  eta: 0:03:07  lr: 0.000009  train_loss: 0.2061 (0.2746)  train_iou: 0.6724 (0.6506)  time: 1.0148  data: 0.0005  max mem: 31397
Epoch: [3]  [5460/5625]  eta: 0:02:47  lr: 0.000009  train_loss: 0.2200 (0.2745)  train_iou: 0.7231 (0.6507)  time: 1.0097  data: 0.0004  max mem: 31397
Epoch: [3]  [5480/5625]  eta: 0:02:26  lr: 0.000009  train_loss: 0.1761 (0.2743)  train_iou: 0.6579 (0.6508)  time: 1.0134  data: 0.0004  max mem: 31397
Epoch: [3]  [5500/5625]  eta: 0:02:06  lr: 0.000009  train_loss: 0.2290 (0.2742)  train_iou: 0.6470 (0.6508)  time: 1.0139  data: 0.0004  max mem: 31397
Epoch: [3]  [5520/5625]  eta: 0:01:46  lr: 0.000009  train_loss: 0.2358 (0.2742)  train_iou: 0.7088 (0.6509)  time: 1.0146  data: 0.0004  max mem: 31397
Epoch: [3]  [5540/5625]  eta: 0:01:26  lr: 0.000009  train_loss: 0.2132 (0.2740)  train_iou: 0.7136 (0.6512)  time: 1.0125  data: 0.0004  max mem: 31397
Epoch: [3]  [5560/5625]  eta: 0:01:05  lr: 0.000009  train_loss: 0.2167 (0.2742)  train_iou: 0.6328 (0.6511)  time: 1.0121  data: 0.0004  max mem: 31397
Epoch: [3]  [5580/5625]  eta: 0:00:45  lr: 0.000009  train_loss: 0.2841 (0.2743)  train_iou: 0.6327 (0.6510)  time: 1.0078  data: 0.0004  max mem: 31397
Epoch: [3]  [5600/5625]  eta: 0:00:25  lr: 0.000009  train_loss: 0.2433 (0.2743)  train_iou: 0.6590 (0.6511)  time: 1.0082  data: 0.0004  max mem: 31397
Epoch: [3]  [5620/5625]  eta: 0:00:05  lr: 0.000009  train_loss: 0.2240 (0.2744)  train_iou: 0.6736 (0.6512)  time: 0.9332  data: 0.0003  max mem: 31397
Epoch: [3]  [5624/5625]  eta: 0:00:01  lr: 0.000009  train_loss: 0.2237 (0.2744)  train_iou: 0.6736 (0.6512)  time: 0.9046  data: 0.0002  max mem: 31397
Epoch: [3] Total time: 1:34:56 (1.0127 s / it)
Averaged stats: lr: 0.000009  train_loss: 0.2237 (0.2744)  train_iou: 0.6736 (0.6512)
huggingface/tokenizers: The current process just got forked, after parallelism has already been used. Disabling parallelism to avoid deadlocks...
To disable this warning, you can either:
	- Avoid using `tokenizers` before the fork if possible
	- Explicitly set the environment variable TOKENIZERS_PARALLELISM=(true | false)
huggingface/tokenizers: The current process just got forked, after parallelism has already been used. Disabling parallelism to avoid deadlocks...
To disable this warning, you can either:
	- Avoid using `tokenizers` before the fork if possible
	- Explicitly set the environment variable TOKENIZERS_PARALLELISM=(true | false)
huggingface/tokenizers: The current process just got forked, after parallelism has already been used. Disabling parallelism to avoid deadlocks...
To disable this warning, you can either:
	- Avoid using `tokenizers` before the fork if possible
	- Explicitly set the environment variable TOKENIZERS_PARALLELISM=(true | false)
huggingface/tokenizers: The current process just got forked, after parallelism has already been used. Disabling parallelism to avoid deadlocks...
To disable this warning, you can either:
	- Avoid using `tokenizers` before the fork if possible
	- Explicitly set the environment variable TOKENIZERS_PARALLELISM=(true | false)
huggingface/tokenizers: The current process just got forked, after parallelism has already been used. Disabling parallelism to avoid deadlocks...
To disable this warning, you can either:
	- Avoid using `tokenizers` before the fork if possible
	- Explicitly set the environment variable TOKENIZERS_PARALLELISM=(true | false)
huggingface/tokenizers: The current process just got forked, after parallelism has already been used. Disabling parallelism to avoid deadlocks...
To disable this warning, you can either:
	- Avoid using `tokenizers` before the fork if possible
	- Explicitly set the environment variable TOKENIZERS_PARALLELISM=(true | false)
huggingface/tokenizers: The current process just got forked, after parallelism has already been used. Disabling parallelism to avoid deadlocks...
To disable this warning, you can either:
	- Avoid using `tokenizers` before the fork if possible
	- Explicitly set the environment variable TOKENIZERS_PARALLELISM=(true | false)
huggingface/tokenizers: The current process just got forked, after parallelism has already been used. Disabling parallelism to avoid deadlocks...
To disable this warning, you can either:
	- Avoid using `tokenizers` before the fork if possible
	- Explicitly set the environment variable TOKENIZERS_PARALLELISM=(true | false)
Test:  [   0/4000]  eta: 1:39:44  inter: 32977.0000 (32977.0000)  union: 35346.0000 (35346.0000)  iou: 0.9330 (0.9330)  time: 1.4961  data: 1.1937  max mem: 31397
Test:  [  50/4000]  eta: 0:14:41  inter: 22947.0000 (28113.1875)  union: 54052.0000 (50163.9062)  iou: 0.3287 (0.5659)  time: 0.2034  data: 0.0005  max mem: 31397
Test:  [ 100/4000]  eta: 0:13:54  inter: 29804.0000 (29953.8676)  union: 48721.0000 (47356.6765)  iou: 0.8290 (0.6221)  time: 0.1999  data: 0.0005  max mem: 31397
Test:  [ 150/4000]  eta: 0:13:35  inter: 18764.0000 (28697.7990)  union: 29876.0000 (44068.7943)  iou: 0.8158 (0.6411)  time: 0.2127  data: 0.0005  max mem: 31397
Test:  [ 200/4000]  eta: 0:13:12  inter: 34229.0000 (29163.6117)  union: 37861.0000 (43172.4469)  iou: 0.9097 (0.6542)  time: 0.1969  data: 0.0005  max mem: 31397
Test:  [ 250/4000]  eta: 0:12:50  inter: 16211.0000 (31130.8524)  union: 31641.0000 (44923.8795)  iou: 0.6062 (0.6506)  time: 0.1899  data: 0.0005  max mem: 31397
Test:  [ 300/4000]  eta: 0:12:39  inter: 21571.0000 (30643.4814)  union: 24633.0000 (44526.2109)  iou: 0.8643 (0.6449)  time: 0.2070  data: 0.0005  max mem: 31397
Test:  [ 350/4000]  eta: 0:12:32  inter: 12131.0000 (29534.9112)  union: 34208.0000 (44395.2624)  iou: 0.3757 (0.6312)  time: 0.2126  data: 0.0005  max mem: 31397
Test:  [ 400/4000]  eta: 0:12:23  inter: 30349.0000 (28899.9607)  union: 35584.0000 (43588.9036)  iou: 0.7383 (0.6304)  time: 0.1965  data: 0.0005  max mem: 31397
Test:  [ 450/4000]  eta: 0:12:11  inter: 18652.0000 (28708.4762)  union: 37723.0000 (43857.2127)  iou: 0.6299 (0.6277)  time: 0.2169  data: 0.0005  max mem: 31397
Test:  [ 500/4000]  eta: 0:11:59  inter: 17495.0000 (29530.5845)  union: 37094.0000 (44786.2851)  iou: 0.7177 (0.6279)  time: 0.1931  data: 0.0005  max mem: 31397
Test:  [ 550/4000]  eta: 0:11:51  inter: 23442.0000 (29475.3522)  union: 31386.0000 (44327.4666)  iou: 0.8354 (0.6349)  time: 0.2100  data: 0.0005  max mem: 31397
Test:  [ 600/4000]  eta: 0:11:39  inter: 9254.0000 (29356.9527)  union: 33480.0000 (44272.5775)  iou: 0.8026 (0.6305)  time: 0.2041  data: 0.0005  max mem: 31397
Test:  [ 650/4000]  eta: 0:11:26  inter: 29141.0000 (29885.0486)  union: 41810.0000 (44459.5956)  iou: 0.7886 (0.6310)  time: 0.1939  data: 0.0005  max mem: 31397
Test:  [ 700/4000]  eta: 0:11:15  inter: 17219.0000 (29461.3737)  union: 28824.0000 (44247.7043)  iou: 0.5594 (0.6241)  time: 0.1955  data: 0.0005  max mem: 31397
Test:  [ 750/4000]  eta: 0:11:06  inter: 26861.0000 (29271.6746)  union: 29689.0000 (43931.1427)  iou: 0.8547 (0.6272)  time: 0.2191  data: 0.0005  max mem: 31397
Test:  [ 800/4000]  eta: 0:10:55  inter: 26067.0000 (28953.7375)  union: 46751.0000 (43505.8652)  iou: 0.5857 (0.6247)  time: 0.2073  data: 0.0005  max mem: 31397
Test:  [ 850/4000]  eta: 0:10:45  inter: 21733.0000 (28904.3565)  union: 41835.0000 (43513.2879)  iou: 0.8023 (0.6243)  time: 0.1928  data: 0.0005  max mem: 31397
Test:  [ 900/4000]  eta: 0:10:35  inter: 21838.0000 (29075.7787)  union: 30299.0000 (43993.0047)  iou: 0.7252 (0.6203)  time: 0.1919  data: 0.0005  max mem: 31397
Test:  [ 950/4000]  eta: 0:10:24  inter: 24893.0000 (29233.3346)  union: 30614.0000 (43964.9197)  iou: 0.8528 (0.6203)  time: 0.2015  data: 0.0005  max mem: 31397
Test:  [1000/4000]  eta: 0:10:14  inter: 27198.0000 (29457.1618)  union: 37101.0000 (44195.7484)  iou: 0.7510 (0.6211)  time: 0.1918  data: 0.0005  max mem: 31397
Test:  [1050/4000]  eta: 0:10:03  inter: 21547.0000 (29500.7190)  union: 40796.0000 (44188.7993)  iou: 0.6738 (0.6215)  time: 0.2062  data: 0.0005  max mem: 31397
Test:  [1100/4000]  eta: 0:09:52  inter: 22362.0000 (29256.4551)  union: 30594.0000 (43863.3698)  iou: 0.7273 (0.6189)  time: 0.2005  data: 0.0005  max mem: 31397
Test:  [1150/4000]  eta: 0:09:42  inter: 12335.0000 (29321.7469)  union: 23625.0000 (43684.1079)  iou: 0.5221 (0.6221)  time: 0.2116  data: 0.0005  max mem: 31397
Test:  [1200/4000]  eta: 0:09:32  inter: 16192.0000 (29451.4970)  union: 33132.0000 (44042.8365)  iou: 0.8033 (0.6205)  time: 0.2048  data: 0.0005  max mem: 31397
Test:  [1250/4000]  eta: 0:09:23  inter: 9801.0000 (29145.7575)  union: 33361.0000 (43877.3225)  iou: 0.2070 (0.6176)  time: 0.2176  data: 0.0005  max mem: 31397
Test:  [1300/4000]  eta: 0:09:13  inter: 22691.0000 (28882.7919)  union: 36778.0000 (43585.8935)  iou: 0.5811 (0.6188)  time: 0.2066  data: 0.0005  max mem: 31397
Test:  [1350/4000]  eta: 0:09:02  inter: 26185.0000 (28932.0584)  union: 35292.0000 (43675.8042)  iou: 0.7915 (0.6190)  time: 0.2050  data: 0.0005  max mem: 31397
Test:  [1400/4000]  eta: 0:08:52  inter: 9817.0000 (29019.4524)  union: 11621.0000 (43941.7105)  iou: 0.7559 (0.6170)  time: 0.2068  data: 0.0005  max mem: 31397
Test:  [1450/4000]  eta: 0:08:42  inter: 15129.0000 (28852.8445)  union: 42251.0000 (43788.9677)  iou: 0.4679 (0.6151)  time: 0.2021  data: 0.0005  max mem: 31397
Test:  [1500/4000]  eta: 0:08:32  inter: 18794.0000 (28880.2020)  union: 45841.0000 (43901.9470)  iou: 0.5616 (0.6131)  time: 0.2035  data: 0.0005  max mem: 31397
Test:  [1550/4000]  eta: 0:08:22  inter: 22406.0000 (28755.7851)  union: 29628.0000 (43825.8905)  iou: 0.7774 (0.6132)  time: 0.2203  data: 0.0005  max mem: 31397
Test:  [1600/4000]  eta: 0:08:12  inter: 13193.0000 (28666.0344)  union: 39094.0000 (43826.1498)  iou: 0.7514 (0.6102)  time: 0.2219  data: 0.0005  max mem: 31397
Test:  [1650/4000]  eta: 0:08:02  inter: 19287.0000 (28638.9850)  union: 39133.0000 (43811.8979)  iou: 0.4986 (0.6085)  time: 0.2007  data: 0.0005  max mem: 31397
Test:  [1700/4000]  eta: 0:07:51  inter: 16877.0000 (28593.7447)  union: 39194.0000 (43964.5912)  iou: 0.7933 (0.6068)  time: 0.2015  data: 0.0005  max mem: 31397
Test:  [1750/4000]  eta: 0:07:41  inter: 25681.0000 (28516.1637)  union: 39095.0000 (43865.7524)  iou: 0.7669 (0.6063)  time: 0.2164  data: 0.0005  max mem: 31397
Test:  [1800/4000]  eta: 0:07:31  inter: 26052.0000 (28381.6333)  union: 38068.0000 (43865.3706)  iou: 0.6622 (0.6055)  time: 0.2170  data: 0.0005  max mem: 31397
Test:  [1850/4000]  eta: 0:07:20  inter: 17057.0000 (28374.6410)  union: 34135.0000 (44024.0552)  iou: 0.4789 (0.6040)  time: 0.2035  data: 0.0005  max mem: 31397
Test:  [1900/4000]  eta: 0:07:10  inter: 35972.0000 (28289.9668)  union: 54710.0000 (44012.0388)  iou: 0.5740 (0.6042)  time: 0.2084  data: 0.0005  max mem: 31397
Test:  [1950/4000]  eta: 0:07:00  inter: 11539.0000 (28308.3484)  union: 16766.0000 (43994.9000)  iou: 0.6873 (0.6045)  time: 0.2034  data: 0.0005  max mem: 31397
Test:  [2000/4000]  eta: 0:06:50  inter: 15904.0000 (28261.8226)  union: 22460.0000 (43890.7086)  iou: 0.7562 (0.6048)  time: 0.1933  data: 0.0005  max mem: 31397
Test:  [2050/4000]  eta: 0:06:40  inter: 13759.0000 (28193.4366)  union: 56171.0000 (44113.2216)  iou: 0.2379 (0.6027)  time: 0.2281  data: 0.0005  max mem: 31397
Test:  [2100/4000]  eta: 0:06:29  inter: 19208.0000 (28182.6318)  union: 33836.0000 (44044.1679)  iou: 0.7476 (0.6032)  time: 0.1931  data: 0.0005  max mem: 31397
Test:  [2150/4000]  eta: 0:06:19  inter: 16985.0000 (28178.4038)  union: 33069.0000 (44074.2707)  iou: 0.7281 (0.6024)  time: 0.1982  data: 0.0005  max mem: 31397
Test:  [2200/4000]  eta: 0:06:08  inter: 12034.0000 (28076.3514)  union: 27908.0000 (43922.6383)  iou: 0.3704 (0.6018)  time: 0.2054  data: 0.0005  max mem: 31397
Test:  [2250/4000]  eta: 0:05:58  inter: 19123.0000 (27921.4830)  union: 38655.0000 (43770.8417)  iou: 0.7408 (0.6006)  time: 0.1928  data: 0.0005  max mem: 31397
Test:  [2300/4000]  eta: 0:05:48  inter: 34696.0000 (27994.4773)  union: 42248.0000 (43746.9470)  iou: 0.6453 (0.6022)  time: 0.2068  data: 0.0005  max mem: 31397
Test:  [2350/4000]  eta: 0:05:38  inter: 15266.0000 (27896.7438)  union: 37461.0000 (43675.7742)  iou: 0.7647 (0.6020)  time: 0.2150  data: 0.0005  max mem: 31397
Test:  [2400/4000]  eta: 0:05:28  inter: 10587.0000 (27892.3256)  union: 36739.0000 (43642.6391)  iou: 0.2494 (0.6021)  time: 0.2148  data: 0.0005  max mem: 31397
Test:  [2450/4000]  eta: 0:05:17  inter: 29151.0000 (27997.4047)  union: 33646.0000 (43661.9503)  iou: 0.8767 (0.6044)  time: 0.1873  data: 0.0005  max mem: 31397
Test:  [2500/4000]  eta: 0:05:07  inter: 24669.0000 (27971.2454)  union: 38507.0000 (43641.4293)  iou: 0.8549 (0.6043)  time: 0.1906  data: 0.0005  max mem: 31397
Test:  [2550/4000]  eta: 0:04:57  inter: 28901.0000 (28088.9616)  union: 33230.0000 (43730.1915)  iou: 0.8247 (0.6052)  time: 0.2188  data: 0.0005  max mem: 31397
Test:  [2600/4000]  eta: 0:04:46  inter: 16642.0000 (28042.3836)  union: 34187.0000 (43806.0268)  iou: 0.4787 (0.6041)  time: 0.2082  data: 0.0005  max mem: 31397
Test:  [2650/4000]  eta: 0:04:36  inter: 15694.0000 (28105.6254)  union: 34223.0000 (44041.7078)  iou: 0.8276 (0.6029)  time: 0.2089  data: 0.0005  max mem: 31397
Test:  [2700/4000]  eta: 0:04:26  inter: 27941.0000 (28211.1349)  union: 36337.0000 (44140.8854)  iou: 0.8466 (0.6041)  time: 0.2014  data: 0.0005  max mem: 31397
Test:  [2750/4000]  eta: 0:04:16  inter: 22708.0000 (28272.2380)  union: 32669.0000 (44215.8469)  iou: 0.9029 (0.6034)  time: 0.1983  data: 0.0005  max mem: 31397
Test:  [2800/4000]  eta: 0:04:05  inter: 14798.0000 (28220.7731)  union: 26449.0000 (44074.5931)  iou: 0.7763 (0.6036)  time: 0.2016  data: 0.0005  max mem: 31397
Test:  [2850/4000]  eta: 0:03:55  inter: 12180.0000 (28331.6558)  union: 32738.0000 (44210.6094)  iou: 0.6986 (0.6032)  time: 0.1984  data: 0.0005  max mem: 31397
Test:  [2900/4000]  eta: 0:03:45  inter: 19176.0000 (28355.8906)  union: 26672.0000 (44283.9644)  iou: 0.7649 (0.6025)  time: 0.1943  data: 0.0005  max mem: 31397
Test:  [2950/4000]  eta: 0:03:35  inter: 21850.0000 (28370.3488)  union: 26404.0000 (44280.3361)  iou: 0.5134 (0.6024)  time: 0.1943  data: 0.0005  max mem: 31397
Test:  [3000/4000]  eta: 0:03:24  inter: 20660.0000 (28313.7228)  union: 33838.0000 (44254.7807)  iou: 0.6334 (0.6016)  time: 0.2141  data: 0.0005  max mem: 31397
Test:  [3050/4000]  eta: 0:03:14  inter: 20172.0000 (28319.5850)  union: 37947.0000 (44379.7366)  iou: 0.4889 (0.6013)  time: 0.2031  data: 0.0005  max mem: 31397
Test:  [3100/4000]  eta: 0:03:04  inter: 16773.0000 (28302.2848)  union: 48704.0000 (44319.0018)  iou: 0.4992 (0.6019)  time: 0.2031  data: 0.0005  max mem: 31397
Test:  [3150/4000]  eta: 0:02:54  inter: 14459.0000 (28193.0941)  union: 22335.0000 (44225.4747)  iou: 0.5182 (0.6011)  time: 0.2050  data: 0.0005  max mem: 31397
Test:  [3200/4000]  eta: 0:02:43  inter: 15112.0000 (28261.1810)  union: 40617.0000 (44262.1064)  iou: 0.6279 (0.6020)  time: 0.1959  data: 0.0005  max mem: 31397
Test:  [3250/4000]  eta: 0:02:33  inter: 13429.0000 (28205.8059)  union: 32513.0000 (44225.5188)  iou: 0.6718 (0.6007)  time: 0.2039  data: 0.0005  max mem: 31397
Test:  [3300/4000]  eta: 0:02:23  inter: 31819.0000 (28296.1625)  union: 46358.0000 (44350.3501)  iou: 0.8125 (0.5999)  time: 0.2189  data: 0.0005  max mem: 31397
Test:  [3350/4000]  eta: 0:02:13  inter: 9553.0000 (28298.1964)  union: 12782.0000 (44318.9610)  iou: 0.7618 (0.6007)  time: 0.1889  data: 0.0005  max mem: 31397
Test:  [3400/4000]  eta: 0:02:02  inter: 27281.0000 (28412.0169)  union: 37112.0000 (44356.6330)  iou: 0.8452 (0.6020)  time: 0.2120  data: 0.0005  max mem: 31397
Test:  [3450/4000]  eta: 0:01:52  inter: 19531.0000 (28415.8511)  union: 30827.0000 (44361.2583)  iou: 0.7071 (0.6018)  time: 0.1988  data: 0.0005  max mem: 31397
Test:  [3500/4000]  eta: 0:01:42  inter: 17040.0000 (28375.4720)  union: 21029.0000 (44313.9751)  iou: 0.7422 (0.6018)  time: 0.1947  data: 0.0005  max mem: 31397
Test:  [3550/4000]  eta: 0:01:32  inter: 23244.0000 (28369.0206)  union: 37111.0000 (44337.7366)  iou: 0.7315 (0.6011)  time: 0.1919  data: 0.0005  max mem: 31397
Test:  [3600/4000]  eta: 0:01:21  inter: 21186.0000 (28327.3768)  union: 31416.0000 (44297.1275)  iou: 0.8856 (0.6000)  time: 0.1986  data: 0.0005  max mem: 31397
Test:  [3650/4000]  eta: 0:01:11  inter: 28986.0000 (28299.5434)  union: 38734.0000 (44282.2142)  iou: 0.7256 (0.5998)  time: 0.2242  data: 0.0005  max mem: 31397
Test:  [3700/4000]  eta: 0:01:01  inter: 28246.0000 (28389.9228)  union: 36180.0000 (44278.8510)  iou: 0.8346 (0.6007)  time: 0.1992  data: 0.0005  max mem: 31397
Test:  [3750/4000]  eta: 0:00:51  inter: 29187.0000 (28440.8804)  union: 48900.0000 (44338.7040)  iou: 0.7331 (0.6014)  time: 0.1965  data: 0.0005  max mem: 31397
Test:  [3800/4000]  eta: 0:00:40  inter: 24469.0000 (28442.8773)  union: 29507.0000 (44352.7983)  iou: 0.6667 (0.6014)  time: 0.1887  data: 0.0005  max mem: 31397
Test:  [3850/4000]  eta: 0:00:30  inter: 23213.0000 (28451.4927)  union: 32494.0000 (44367.7504)  iou: 0.8342 (0.6014)  time: 0.1985  data: 0.0005  max mem: 31397
Test:  [3900/4000]  eta: 0:00:20  inter: 18352.0000 (28493.8142)  union: 43123.0000 (44463.2127)  iou: 0.6919 (0.6012)  time: 0.2016  data: 0.0005  max mem: 31397
Test:  [3950/4000]  eta: 0:00:10  inter: 17425.0000 (28438.8830)  union: 44092.0000 (44404.1075)  iou: 0.6920 (0.6010)  time: 0.1948  data: 0.0005  max mem: 31397
Test:  [3999/4000]  eta: 0:00:00  inter: 15804.0000 (28379.2069)  union: 30864.0000 (44297.7954)  iou: 0.7208 (0.6017)  time: 0.1781  data: 0.0002  max mem: 31397
Test: Total time: 0:13:39 (0.2048 s / it)
* IoU 0.602 oIoU 0.641
IoU of the network on the 4000 test images: 0.6%
Max IoU: 0.60%
huggingface/tokenizers: The current process just got forked, after parallelism has already been used. Disabling parallelism to avoid deadlocks...
To disable this warning, you can either:
	- Avoid using `tokenizers` before the fork if possible
	- Explicitly set the environment variable TOKENIZERS_PARALLELISM=(true | false)
huggingface/tokenizers: The current process just got forked, after parallelism has already been used. Disabling parallelism to avoid deadlocks...
To disable this warning, you can either:
	- Avoid using `tokenizers` before the fork if possible
	- Explicitly set the environment variable TOKENIZERS_PARALLELISM=(true | false)
huggingface/tokenizers: The current process just got forked, after parallelism has already been used. Disabling parallelism to avoid deadlocks...
To disable this warning, you can either:
	- Avoid using `tokenizers` before the fork if possible
	- Explicitly set the environment variable TOKENIZERS_PARALLELISM=(true | false)
huggingface/tokenizers: The current process just got forked, after parallelism has already been used. Disabling parallelism to avoid deadlocks...
To disable this warning, you can either:
	- Avoid using `tokenizers` before the fork if possible
	- Explicitly set the environment variable TOKENIZERS_PARALLELISM=(true | false)
huggingface/tokenizers: The current process just got forked, after parallelism has already been used. Disabling parallelism to avoid deadlocks...
To disable this warning, you can either:
	- Avoid using `tokenizers` before the fork if possible
	- Explicitly set the environment variable TOKENIZERS_PARALLELISM=(true | false)
huggingface/tokenizers: The current process just got forked, after parallelism has already been used. Disabling parallelism to avoid deadlocks...
To disable this warning, you can either:
	- Avoid using `tokenizers` before the fork if possible
	- Explicitly set the environment variable TOKENIZERS_PARALLELISM=(true | false)
huggingface/tokenizers: The current process just got forked, after parallelism has already been used. Disabling parallelism to avoid deadlocks...
To disable this warning, you can either:
	- Avoid using `tokenizers` before the fork if possible
	- Explicitly set the environment variable TOKENIZERS_PARALLELISM=(true | false)
huggingface/tokenizers: The current process just got forked, after parallelism has already been used. Disabling parallelism to avoid deadlocks...
To disable this warning, you can either:
	- Avoid using `tokenizers` before the fork if possible
	- Explicitly set the environment variable TOKENIZERS_PARALLELISM=(true | false)
Epoch: [4]  [   0/5625]  eta: 7:50:54  lr: 0.000009  train_loss: 0.3219 (0.3219)  train_iou: 0.7226 (0.7226)  time: 5.0230  data: 3.7356  max mem: 31397
Epoch: [4]  [  20/5625]  eta: 1:51:49  lr: 0.000009  train_loss: 0.2385 (0.2703)  train_iou: 0.6284 (0.6756)  time: 1.0058  data: 0.0004  max mem: 31397
Epoch: [4]  [  40/5625]  eta: 1:48:56  lr: 0.000009  train_loss: 0.2315 (0.2706)  train_iou: 0.6891 (0.6631)  time: 1.1423  data: 0.0004  max mem: 31397
Epoch: [4]  [  60/5625]  eta: 1:43:42  lr: 0.000009  train_loss: 0.2636 (0.2746)  train_iou: 0.6436 (0.6612)  time: 1.0110  data: 0.0004  max mem: 31397
Epoch: [4]  [  80/5625]  eta: 1:40:58  lr: 0.000009  train_loss: 0.2404 (0.2690)  train_iou: 0.6786 (0.6652)  time: 1.0151  data: 0.0004  max mem: 31397
Epoch: [4]  [ 100/5625]  eta: 1:39:09  lr: 0.000009  train_loss: 0.1569 (0.2580)  train_iou: 0.6280 (0.6666)  time: 1.0130  data: 0.0005  max mem: 31397
Epoch: [4]  [ 120/5625]  eta: 1:37:48  lr: 0.000009  train_loss: 0.3002 (0.2704)  train_iou: 0.5991 (0.6609)  time: 1.0117  data: 0.0004  max mem: 31397
Epoch: [4]  [ 140/5625]  eta: 1:36:44  lr: 0.000009  train_loss: 0.2491 (0.2694)  train_iou: 0.7158 (0.6647)  time: 1.0112  data: 0.0004  max mem: 31397
Epoch: [4]  [ 160/5625]  eta: 1:35:52  lr: 0.000009  train_loss: 0.2354 (0.2676)  train_iou: 0.6280 (0.6614)  time: 1.0127  data: 0.0005  max mem: 31397
Epoch: [4]  [ 180/5625]  eta: 1:35:11  lr: 0.000009  train_loss: 0.2021 (0.2662)  train_iou: 0.6568 (0.6598)  time: 1.0196  data: 0.0005  max mem: 31397
Epoch: [4]  [ 200/5625]  eta: 1:34:33  lr: 0.000009  train_loss: 0.2504 (0.2690)  train_iou: 0.6642 (0.6606)  time: 1.0171  data: 0.0005  max mem: 31397
Epoch: [4]  [ 220/5625]  eta: 1:33:57  lr: 0.000009  train_loss: 0.2413 (0.2663)  train_iou: 0.6136 (0.6572)  time: 1.0158  data: 0.0004  max mem: 31397
Epoch: [4]  [ 240/5625]  eta: 1:33:24  lr: 0.000009  train_loss: 0.1837 (0.2659)  train_iou: 0.6385 (0.6574)  time: 1.0154  data: 0.0004  max mem: 31397
Epoch: [4]  [ 260/5625]  eta: 1:32:51  lr: 0.000009  train_loss: 0.2598 (0.2671)  train_iou: 0.6908 (0.6586)  time: 1.0096  data: 0.0005  max mem: 31397
Epoch: [4]  [ 280/5625]  eta: 1:32:19  lr: 0.000009  train_loss: 0.2384 (0.2660)  train_iou: 0.6821 (0.6625)  time: 1.0093  data: 0.0004  max mem: 31397
Epoch: [4]  [ 300/5625]  eta: 1:31:48  lr: 0.000009  train_loss: 0.2688 (0.2670)  train_iou: 0.6533 (0.6618)  time: 1.0086  data: 0.0004  max mem: 31397
Epoch: [4]  [ 320/5625]  eta: 1:31:20  lr: 0.000009  train_loss: 0.2584 (0.2683)  train_iou: 0.6509 (0.6614)  time: 1.0105  data: 0.0005  max mem: 31397
Epoch: [4]  [ 340/5625]  eta: 1:30:52  lr: 0.000009  train_loss: 0.2395 (0.2681)  train_iou: 0.6603 (0.6602)  time: 1.0098  data: 0.0004  max mem: 31397
Epoch: [4]  [ 360/5625]  eta: 1:30:25  lr: 0.000009  train_loss: 0.2580 (0.2664)  train_iou: 0.6702 (0.6621)  time: 1.0103  data: 0.0004  max mem: 31397
Epoch: [4]  [ 380/5625]  eta: 1:30:01  lr: 0.000009  train_loss: 0.2424 (0.2660)  train_iou: 0.7139 (0.6635)  time: 1.0197  data: 0.0004  max mem: 31397
Epoch: [4]  [ 400/5625]  eta: 1:29:37  lr: 0.000009  train_loss: 0.2581 (0.2685)  train_iou: 0.6408 (0.6610)  time: 1.0152  data: 0.0005  max mem: 31397
Epoch: [4]  [ 420/5625]  eta: 1:29:13  lr: 0.000009  train_loss: 0.2337 (0.2677)  train_iou: 0.5713 (0.6602)  time: 1.0147  data: 0.0005  max mem: 31397
Epoch: [4]  [ 440/5625]  eta: 1:28:48  lr: 0.000009  train_loss: 0.1486 (0.2659)  train_iou: 0.6691 (0.6611)  time: 1.0120  data: 0.0004  max mem: 31397
Epoch: [4]  [ 460/5625]  eta: 1:28:24  lr: 0.000009  train_loss: 0.2543 (0.2678)  train_iou: 0.6118 (0.6603)  time: 1.0123  data: 0.0005  max mem: 31397
Epoch: [4]  [ 480/5625]  eta: 1:27:59  lr: 0.000009  train_loss: 0.1842 (0.2655)  train_iou: 0.6527 (0.6602)  time: 1.0068  data: 0.0004  max mem: 31397
Epoch: [4]  [ 500/5625]  eta: 1:27:35  lr: 0.000009  train_loss: 0.1618 (0.2646)  train_iou: 0.6493 (0.6615)  time: 1.0076  data: 0.0004  max mem: 31397
Epoch: [4]  [ 520/5625]  eta: 1:27:12  lr: 0.000009  train_loss: 0.2619 (0.2647)  train_iou: 0.6494 (0.6615)  time: 1.0129  data: 0.0005  max mem: 31397
Epoch: [4]  [ 540/5625]  eta: 1:26:49  lr: 0.000009  train_loss: 0.2027 (0.2637)  train_iou: 0.6628 (0.6604)  time: 1.0096  data: 0.0004  max mem: 31397
Epoch: [4]  [ 560/5625]  eta: 1:26:26  lr: 0.000009  train_loss: 0.2086 (0.2637)  train_iou: 0.6320 (0.6597)  time: 1.0097  data: 0.0004  max mem: 31397
Epoch: [4]  [ 580/5625]  eta: 1:26:03  lr: 0.000009  train_loss: 0.1719 (0.2614)  train_iou: 0.6689 (0.6608)  time: 1.0101  data: 0.0004  max mem: 31397
Epoch: [4]  [ 600/5625]  eta: 1:25:41  lr: 0.000009  train_loss: 0.2017 (0.2602)  train_iou: 0.6436 (0.6600)  time: 1.0149  data: 0.0004  max mem: 31397
Epoch: [4]  [ 620/5625]  eta: 1:25:20  lr: 0.000009  train_loss: 0.2282 (0.2610)  train_iou: 0.6722 (0.6601)  time: 1.0199  data: 0.0004  max mem: 31397
Epoch: [4]  [ 640/5625]  eta: 1:24:58  lr: 0.000009  train_loss: 0.3081 (0.2628)  train_iou: 0.6639 (0.6595)  time: 1.0177  data: 0.0004  max mem: 31397
Epoch: [4]  [ 660/5625]  eta: 1:24:36  lr: 0.000009  train_loss: 0.1795 (0.2613)  train_iou: 0.6626 (0.6596)  time: 1.0089  data: 0.0005  max mem: 31397
Epoch: [4]  [ 680/5625]  eta: 1:24:14  lr: 0.000009  train_loss: 0.1588 (0.2600)  train_iou: 0.6686 (0.6606)  time: 1.0108  data: 0.0004  max mem: 31397
Epoch: [4]  [ 700/5625]  eta: 1:23:52  lr: 0.000009  train_loss: 0.2137 (0.2614)  train_iou: 0.6308 (0.6603)  time: 1.0113  data: 0.0004  max mem: 31397
Epoch: [4]  [ 720/5625]  eta: 1:23:30  lr: 0.000009  train_loss: 0.2140 (0.2616)  train_iou: 0.6720 (0.6607)  time: 1.0111  data: 0.0004  max mem: 31397
Epoch: [4]  [ 740/5625]  eta: 1:23:08  lr: 0.000009  train_loss: 0.2658 (0.2620)  train_iou: 0.6379 (0.6602)  time: 1.0099  data: 0.0004  max mem: 31397
Epoch: [4]  [ 760/5625]  eta: 1:22:46  lr: 0.000009  train_loss: 0.1803 (0.2610)  train_iou: 0.7140 (0.6608)  time: 1.0105  data: 0.0004  max mem: 31397
Epoch: [4]  [ 780/5625]  eta: 1:22:25  lr: 0.000009  train_loss: 0.2560 (0.2614)  train_iou: 0.6492 (0.6598)  time: 1.0159  data: 0.0004  max mem: 31397
Epoch: [4]  [ 800/5625]  eta: 1:22:04  lr: 0.000009  train_loss: 0.2573 (0.2626)  train_iou: 0.5952 (0.6581)  time: 1.0131  data: 0.0005  max mem: 31397
Epoch: [4]  [ 820/5625]  eta: 1:21:42  lr: 0.000009  train_loss: 0.1962 (0.2626)  train_iou: 0.6135 (0.6569)  time: 1.0097  data: 0.0004  max mem: 31397
Epoch: [4]  [ 840/5625]  eta: 1:21:21  lr: 0.000009  train_loss: 0.2177 (0.2620)  train_iou: 0.6764 (0.6575)  time: 1.0180  data: 0.0004  max mem: 31397
Epoch: [4]  [ 860/5625]  eta: 1:21:00  lr: 0.000009  train_loss: 0.1934 (0.2619)  train_iou: 0.6327 (0.6574)  time: 1.0122  data: 0.0005  max mem: 31397
Epoch: [4]  [ 880/5625]  eta: 1:20:38  lr: 0.000009  train_loss: 0.1992 (0.2613)  train_iou: 0.7114 (0.6584)  time: 1.0058  data: 0.0004  max mem: 31397
Epoch: [4]  [ 900/5625]  eta: 1:20:17  lr: 0.000009  train_loss: 0.2473 (0.2614)  train_iou: 0.6526 (0.6577)  time: 1.0125  data: 0.0004  max mem: 31397
Epoch: [4]  [ 920/5625]  eta: 1:19:56  lr: 0.000009  train_loss: 0.2059 (0.2613)  train_iou: 0.6292 (0.6568)  time: 1.0154  data: 0.0004  max mem: 31397
Epoch: [4]  [ 940/5625]  eta: 1:19:35  lr: 0.000009  train_loss: 0.2212 (0.2616)  train_iou: 0.6762 (0.6567)  time: 1.0159  data: 0.0004  max mem: 31397
Epoch: [4]  [ 960/5625]  eta: 1:19:14  lr: 0.000009  train_loss: 0.2173 (0.2621)  train_iou: 0.5891 (0.6553)  time: 1.0118  data: 0.0004  max mem: 31397
Epoch: [4]  [ 980/5625]  eta: 1:18:53  lr: 0.000009  train_loss: 0.1645 (0.2619)  train_iou: 0.6618 (0.6553)  time: 1.0125  data: 0.0004  max mem: 31397
Epoch: [4]  [1000/5625]  eta: 1:18:32  lr: 0.000009  train_loss: 0.1704 (0.2605)  train_iou: 0.6933 (0.6556)  time: 1.0102  data: 0.0005  max mem: 31397
Epoch: [4]  [1020/5625]  eta: 1:18:11  lr: 0.000009  train_loss: 0.2379 (0.2607)  train_iou: 0.6664 (0.6561)  time: 1.0060  data: 0.0005  max mem: 31397
Epoch: [4]  [1040/5625]  eta: 1:17:50  lr: 0.000009  train_loss: 0.2330 (0.2606)  train_iou: 0.6035 (0.6559)  time: 1.0139  data: 0.0004  max mem: 31397
Epoch: [4]  [1060/5625]  eta: 1:17:29  lr: 0.000009  train_loss: 0.1712 (0.2597)  train_iou: 0.6713 (0.6562)  time: 1.0152  data: 0.0004  max mem: 31397
Epoch: [4]  [1080/5625]  eta: 1:17:08  lr: 0.000009  train_loss: 0.2572 (0.2599)  train_iou: 0.6542 (0.6563)  time: 1.0100  data: 0.0004  max mem: 31397
Epoch: [4]  [1100/5625]  eta: 1:16:47  lr: 0.000009  train_loss: 0.2113 (0.2608)  train_iou: 0.6785 (0.6566)  time: 1.0131  data: 0.0004  max mem: 31397
Epoch: [4]  [1120/5625]  eta: 1:16:27  lr: 0.000009  train_loss: 0.2604 (0.2611)  train_iou: 0.6188 (0.6559)  time: 1.0154  data: 0.0005  max mem: 31397
Epoch: [4]  [1140/5625]  eta: 1:16:06  lr: 0.000009  train_loss: 0.1874 (0.2607)  train_iou: 0.6655 (0.6560)  time: 1.0112  data: 0.0004  max mem: 31397
Epoch: [4]  [1160/5625]  eta: 1:15:45  lr: 0.000009  train_loss: 0.1866 (0.2600)  train_iou: 0.6597 (0.6563)  time: 1.0081  data: 0.0004  max mem: 31397
Epoch: [4]  [1180/5625]  eta: 1:15:24  lr: 0.000009  train_loss: 0.2132 (0.2598)  train_iou: 0.7199 (0.6569)  time: 1.0177  data: 0.0004  max mem: 31397
Epoch: [4]  [1200/5625]  eta: 1:15:04  lr: 0.000009  train_loss: 0.2213 (0.2592)  train_iou: 0.6427 (0.6570)  time: 1.0157  data: 0.0004  max mem: 31397
Epoch: [4]  [1220/5625]  eta: 1:14:43  lr: 0.000009  train_loss: 0.2004 (0.2593)  train_iou: 0.6737 (0.6571)  time: 1.0123  data: 0.0004  max mem: 31397
Epoch: [4]  [1240/5625]  eta: 1:14:23  lr: 0.000009  train_loss: 0.2139 (0.2587)  train_iou: 0.6723 (0.6573)  time: 1.0185  data: 0.0004  max mem: 31397
Epoch: [4]  [1260/5625]  eta: 1:14:03  lr: 0.000009  train_loss: 0.1793 (0.2584)  train_iou: 0.6374 (0.6575)  time: 1.0218  data: 0.0004  max mem: 31397
Epoch: [4]  [1280/5625]  eta: 1:13:42  lr: 0.000009  train_loss: 0.1961 (0.2581)  train_iou: 0.6671 (0.6573)  time: 1.0171  data: 0.0004  max mem: 31397
Epoch: [4]  [1300/5625]  eta: 1:13:22  lr: 0.000009  train_loss: 0.1681 (0.2579)  train_iou: 0.7435 (0.6585)  time: 1.0160  data: 0.0004  max mem: 31397
Epoch: [4]  [1320/5625]  eta: 1:13:01  lr: 0.000009  train_loss: 0.2746 (0.2584)  train_iou: 0.6962 (0.6591)  time: 1.0177  data: 0.0004  max mem: 31397
Epoch: [4]  [1340/5625]  eta: 1:12:40  lr: 0.000009  train_loss: 0.1857 (0.2584)  train_iou: 0.6079 (0.6589)  time: 1.0098  data: 0.0004  max mem: 31397
Epoch: [4]  [1360/5625]  eta: 1:12:28  lr: 0.000009  train_loss: 0.2130 (0.2582)  train_iou: 0.6687 (0.6588)  time: 1.1364  data: 0.0004  max mem: 31397
Epoch: [4]  [1380/5625]  eta: 1:12:07  lr: 0.000009  train_loss: 0.2306 (0.2581)  train_iou: 0.6478 (0.6590)  time: 1.0130  data: 0.0004  max mem: 31397
Epoch: [4]  [1400/5625]  eta: 1:11:46  lr: 0.000009  train_loss: 0.2237 (0.2580)  train_iou: 0.7101 (0.6591)  time: 1.0096  data: 0.0004  max mem: 31397
Epoch: [4]  [1420/5625]  eta: 1:11:25  lr: 0.000009  train_loss: 0.2268 (0.2582)  train_iou: 0.6957 (0.6597)  time: 1.0101  data: 0.0004  max mem: 31397
Epoch: [4]  [1440/5625]  eta: 1:11:04  lr: 0.000009  train_loss: 0.2765 (0.2587)  train_iou: 0.6574 (0.6596)  time: 1.0108  data: 0.0004  max mem: 31397
Epoch: [4]  [1460/5625]  eta: 1:10:43  lr: 0.000009  train_loss: 0.1436 (0.2577)  train_iou: 0.6830 (0.6599)  time: 1.0079  data: 0.0004  max mem: 31397
Epoch: [4]  [1480/5625]  eta: 1:10:22  lr: 0.000009  train_loss: 0.2061 (0.2578)  train_iou: 0.6571 (0.6600)  time: 1.0153  data: 0.0004  max mem: 31397
Epoch: [4]  [1500/5625]  eta: 1:10:02  lr: 0.000009  train_loss: 0.1645 (0.2574)  train_iou: 0.6167 (0.6598)  time: 1.0151  data: 0.0004  max mem: 31397
Epoch: [4]  [1520/5625]  eta: 1:09:41  lr: 0.000009  train_loss: 0.2915 (0.2578)  train_iou: 0.6325 (0.6598)  time: 1.0104  data: 0.0004  max mem: 31397
Epoch: [4]  [1540/5625]  eta: 1:09:20  lr: 0.000009  train_loss: 0.2057 (0.2573)  train_iou: 0.6790 (0.6601)  time: 1.0148  data: 0.0004  max mem: 31397
Epoch: [4]  [1560/5625]  eta: 1:09:00  lr: 0.000009  train_loss: 0.1979 (0.2576)  train_iou: 0.6560 (0.6601)  time: 1.0182  data: 0.0004  max mem: 31397
Epoch: [4]  [1580/5625]  eta: 1:08:39  lr: 0.000009  train_loss: 0.2206 (0.2579)  train_iou: 0.6783 (0.6603)  time: 1.0092  data: 0.0004  max mem: 31397
Epoch: [4]  [1600/5625]  eta: 1:08:19  lr: 0.000009  train_loss: 0.1889 (0.2576)  train_iou: 0.6193 (0.6600)  time: 1.0167  data: 0.0004  max mem: 31397
Epoch: [4]  [1620/5625]  eta: 1:07:59  lr: 0.000009  train_loss: 0.2220 (0.2580)  train_iou: 0.6044 (0.6596)  time: 1.0232  data: 0.0004  max mem: 31397
Epoch: [4]  [1640/5625]  eta: 1:07:38  lr: 0.000009  train_loss: 0.2239 (0.2578)  train_iou: 0.7465 (0.6603)  time: 1.0154  data: 0.0004  max mem: 31397
Epoch: [4]  [1660/5625]  eta: 1:07:17  lr: 0.000009  train_loss: 0.2016 (0.2577)  train_iou: 0.6537 (0.6603)  time: 1.0079  data: 0.0004  max mem: 31397
Epoch: [4]  [1680/5625]  eta: 1:06:57  lr: 0.000009  train_loss: 0.2381 (0.2580)  train_iou: 0.6709 (0.6605)  time: 1.0200  data: 0.0004  max mem: 31397
Epoch: [4]  [1700/5625]  eta: 1:06:36  lr: 0.000009  train_loss: 0.2193 (0.2583)  train_iou: 0.6536 (0.6601)  time: 1.0144  data: 0.0004  max mem: 31397
Epoch: [4]  [1720/5625]  eta: 1:06:16  lr: 0.000009  train_loss: 0.2983 (0.2587)  train_iou: 0.6084 (0.6598)  time: 1.0142  data: 0.0004  max mem: 31397
Epoch: [4]  [1740/5625]  eta: 1:05:55  lr: 0.000009  train_loss: 0.1951 (0.2587)  train_iou: 0.7222 (0.6603)  time: 1.0185  data: 0.0004  max mem: 31397
Epoch: [4]  [1760/5625]  eta: 1:05:35  lr: 0.000009  train_loss: 0.2316 (0.2598)  train_iou: 0.6767 (0.6605)  time: 1.0156  data: 0.0004  max mem: 31397
Epoch: [4]  [1780/5625]  eta: 1:05:15  lr: 0.000009  train_loss: 0.2279 (0.2594)  train_iou: 0.6569 (0.6603)  time: 1.0168  data: 0.0004  max mem: 31397
Epoch: [4]  [1800/5625]  eta: 1:04:54  lr: 0.000009  train_loss: 0.2256 (0.2591)  train_iou: 0.6683 (0.6604)  time: 1.0152  data: 0.0004  max mem: 31397
Epoch: [4]  [1820/5625]  eta: 1:04:34  lr: 0.000009  train_loss: 0.2171 (0.2595)  train_iou: 0.6708 (0.6606)  time: 1.0165  data: 0.0004  max mem: 31397
Epoch: [4]  [1840/5625]  eta: 1:04:13  lr: 0.000009  train_loss: 0.2275 (0.2598)  train_iou: 0.7053 (0.6607)  time: 1.0122  data: 0.0004  max mem: 31397
Epoch: [4]  [1860/5625]  eta: 1:03:52  lr: 0.000009  train_loss: 0.2345 (0.2600)  train_iou: 0.6191 (0.6604)  time: 1.0144  data: 0.0004  max mem: 31397
Epoch: [4]  [1880/5625]  eta: 1:03:32  lr: 0.000009  train_loss: 0.2392 (0.2600)  train_iou: 0.6395 (0.6603)  time: 1.0127  data: 0.0004  max mem: 31397
Epoch: [4]  [1900/5625]  eta: 1:03:11  lr: 0.000009  train_loss: 0.1782 (0.2594)  train_iou: 0.6533 (0.6606)  time: 1.0144  data: 0.0004  max mem: 31397
Epoch: [4]  [1920/5625]  eta: 1:02:51  lr: 0.000009  train_loss: 0.1734 (0.2590)  train_iou: 0.6571 (0.6606)  time: 1.0084  data: 0.0004  max mem: 31397
Epoch: [4]  [1940/5625]  eta: 1:02:30  lr: 0.000009  train_loss: 0.2014 (0.2591)  train_iou: 0.6711 (0.6606)  time: 1.0117  data: 0.0004  max mem: 31397
Epoch: [4]  [1960/5625]  eta: 1:02:09  lr: 0.000009  train_loss: 0.2727 (0.2598)  train_iou: 0.5836 (0.6600)  time: 1.0114  data: 0.0004  max mem: 31397
Epoch: [4]  [1980/5625]  eta: 1:01:49  lr: 0.000009  train_loss: 0.1782 (0.2594)  train_iou: 0.7108 (0.6605)  time: 1.0180  data: 0.0004  max mem: 31397
Epoch: [4]  [2000/5625]  eta: 1:01:28  lr: 0.000009  train_loss: 0.2511 (0.2593)  train_iou: 0.6664 (0.6605)  time: 1.0069  data: 0.0004  max mem: 31397
Epoch: [4]  [2020/5625]  eta: 1:01:08  lr: 0.000009  train_loss: 0.2576 (0.2593)  train_iou: 0.6792 (0.6606)  time: 1.0101  data: 0.0004  max mem: 31397
Epoch: [4]  [2040/5625]  eta: 1:00:47  lr: 0.000009  train_loss: 0.2046 (0.2592)  train_iou: 0.6975 (0.6608)  time: 1.0130  data: 0.0004  max mem: 31397
Epoch: [4]  [2060/5625]  eta: 1:00:27  lr: 0.000009  train_loss: 0.2400 (0.2594)  train_iou: 0.6673 (0.6609)  time: 1.0120  data: 0.0004  max mem: 31397
Epoch: [4]  [2080/5625]  eta: 1:00:06  lr: 0.000009  train_loss: 0.1878 (0.2589)  train_iou: 0.6860 (0.6610)  time: 1.0154  data: 0.0004  max mem: 31397
Epoch: [4]  [2100/5625]  eta: 0:59:46  lr: 0.000009  train_loss: 0.1748 (0.2588)  train_iou: 0.6918 (0.6610)  time: 1.0109  data: 0.0004  max mem: 31397
Epoch: [4]  [2120/5625]  eta: 0:59:25  lr: 0.000009  train_loss: 0.2828 (0.2589)  train_iou: 0.6821 (0.6612)  time: 1.0118  data: 0.0004  max mem: 31397
Epoch: [4]  [2140/5625]  eta: 0:59:05  lr: 0.000009  train_loss: 0.2111 (0.2588)  train_iou: 0.6240 (0.6610)  time: 1.0104  data: 0.0004  max mem: 31397
Epoch: [4]  [2160/5625]  eta: 0:58:44  lr: 0.000009  train_loss: 0.1876 (0.2588)  train_iou: 0.6916 (0.6611)  time: 1.0208  data: 0.0004  max mem: 31397
Epoch: [4]  [2180/5625]  eta: 0:58:24  lr: 0.000009  train_loss: 0.1698 (0.2588)  train_iou: 0.6456 (0.6613)  time: 1.0160  data: 0.0004  max mem: 31397
Epoch: [4]  [2200/5625]  eta: 0:58:04  lr: 0.000009  train_loss: 0.2526 (0.2588)  train_iou: 0.6689 (0.6613)  time: 1.0142  data: 0.0004  max mem: 31397
Epoch: [4]  [2220/5625]  eta: 0:57:43  lr: 0.000009  train_loss: 0.2387 (0.2588)  train_iou: 0.6493 (0.6611)  time: 1.0092  data: 0.0004  max mem: 31397
Epoch: [4]  [2240/5625]  eta: 0:57:22  lr: 0.000009  train_loss: 0.2229 (0.2587)  train_iou: 0.6724 (0.6615)  time: 1.0056  data: 0.0004  max mem: 31397
Epoch: [4]  [2260/5625]  eta: 0:57:02  lr: 0.000009  train_loss: 0.2551 (0.2591)  train_iou: 0.6518 (0.6617)  time: 1.0144  data: 0.0004  max mem: 31397
Epoch: [4]  [2280/5625]  eta: 0:56:41  lr: 0.000009  train_loss: 0.2092 (0.2590)  train_iou: 0.6989 (0.6617)  time: 1.0129  data: 0.0004  max mem: 31397
Epoch: [4]  [2300/5625]  eta: 0:56:21  lr: 0.000009  train_loss: 0.2347 (0.2591)  train_iou: 0.6518 (0.6616)  time: 1.0135  data: 0.0004  max mem: 31397
Epoch: [4]  [2320/5625]  eta: 0:56:00  lr: 0.000009  train_loss: 0.2270 (0.2592)  train_iou: 0.6817 (0.6618)  time: 1.0110  data: 0.0004  max mem: 31397
Epoch: [4]  [2340/5625]  eta: 0:55:40  lr: 0.000009  train_loss: 0.2344 (0.2591)  train_iou: 0.6925 (0.6620)  time: 1.0204  data: 0.0004  max mem: 31397
Epoch: [4]  [2360/5625]  eta: 0:55:20  lr: 0.000009  train_loss: 0.1618 (0.2589)  train_iou: 0.7145 (0.6623)  time: 1.0185  data: 0.0004  max mem: 31397
Epoch: [4]  [2380/5625]  eta: 0:54:59  lr: 0.000009  train_loss: 0.1977 (0.2588)  train_iou: 0.7217 (0.6626)  time: 1.0136  data: 0.0004  max mem: 31397
Epoch: [4]  [2400/5625]  eta: 0:54:39  lr: 0.000009  train_loss: 0.2302 (0.2586)  train_iou: 0.6971 (0.6629)  time: 1.0155  data: 0.0004  max mem: 31397
Epoch: [4]  [2420/5625]  eta: 0:54:19  lr: 0.000009  train_loss: 0.2954 (0.2589)  train_iou: 0.6740 (0.6630)  time: 1.0183  data: 0.0004  max mem: 31397
Epoch: [4]  [2440/5625]  eta: 0:53:58  lr: 0.000009  train_loss: 0.2278 (0.2590)  train_iou: 0.6553 (0.6628)  time: 1.0131  data: 0.0004  max mem: 31397
Epoch: [4]  [2460/5625]  eta: 0:53:38  lr: 0.000009  train_loss: 0.2072 (0.2587)  train_iou: 0.6742 (0.6629)  time: 1.0193  data: 0.0004  max mem: 31397
Epoch: [4]  [2480/5625]  eta: 0:53:18  lr: 0.000009  train_loss: 0.1786 (0.2586)  train_iou: 0.6557 (0.6628)  time: 1.0196  data: 0.0004  max mem: 31397
Epoch: [4]  [2500/5625]  eta: 0:52:58  lr: 0.000009  train_loss: 0.2484 (0.2588)  train_iou: 0.6831 (0.6628)  time: 1.0204  data: 0.0004  max mem: 31397
Epoch: [4]  [2520/5625]  eta: 0:52:37  lr: 0.000009  train_loss: 0.2480 (0.2589)  train_iou: 0.6678 (0.6629)  time: 1.0154  data: 0.0004  max mem: 31397
Epoch: [4]  [2540/5625]  eta: 0:52:17  lr: 0.000009  train_loss: 0.2121 (0.2589)  train_iou: 0.6548 (0.6628)  time: 1.0233  data: 0.0004  max mem: 31397
Epoch: [4]  [2560/5625]  eta: 0:51:57  lr: 0.000009  train_loss: 0.2253 (0.2588)  train_iou: 0.6551 (0.6630)  time: 1.0167  data: 0.0004  max mem: 31397
Epoch: [4]  [2580/5625]  eta: 0:51:36  lr: 0.000009  train_loss: 0.2371 (0.2587)  train_iou: 0.6508 (0.6629)  time: 1.0192  data: 0.0004  max mem: 31397
Epoch: [4]  [2600/5625]  eta: 0:51:16  lr: 0.000009  train_loss: 0.1954 (0.2586)  train_iou: 0.6599 (0.6630)  time: 1.0219  data: 0.0004  max mem: 31397
Epoch: [4]  [2620/5625]  eta: 0:50:56  lr: 0.000009  train_loss: 0.2307 (0.2588)  train_iou: 0.5918 (0.6627)  time: 1.0177  data: 0.0004  max mem: 31397
Epoch: [4]  [2640/5625]  eta: 0:50:35  lr: 0.000009  train_loss: 0.1770 (0.2584)  train_iou: 0.6625 (0.6630)  time: 1.0180  data: 0.0004  max mem: 31397
slurmstepd: error: *** JOB 133054 ON d1004 CANCELLED AT 2025-04-20T00:33:58 DUE TO TIME LIMIT ***
