Architecture:                       x86_64
CPU op-mode(s):                     32-bit, 64-bit
Address sizes:                      46 bits physical, 48 bits virtual
Byte Order:                         Little Endian
CPU(s):                             28
On-line CPU(s) list:                0-27
Vendor ID:                          GenuineIntel
Model name:                         Intel(R) Xeon(R) Gold 6132 CPU @ 2.60GHz
CPU family:                         6
Model:                              85
Thread(s) per core:                 1
Core(s) per socket:                 14
Socket(s):                          2
Stepping:                           4
CPU max MHz:                        3700.0000
CPU min MHz:                        1000.0000
BogoMIPS:                           5200.00
Flags:                              fpu vme de pse tsc msr pae mce cx8 apic sep mtrr pge mca cmov pat pse36 clflush dts acpi mmx fxsr sse sse2 ss ht tm pbe syscall nx pdpe1gb rdtscp lm constant_tsc art arch_perfmon pebs bts rep_good nopl xtopology nonstop_tsc cpuid aperfmperf pni pclmulqdq dtes64 monitor ds_cpl smx est tm2 ssse3 sdbg fma cx16 xtpr pdcm pcid dca sse4_1 sse4_2 x2apic movbe popcnt tsc_deadline_timer aes xsave avx f16c rdrand lahf_lm abm 3dnowprefetch cpuid_fault epb cat_l3 cdp_l3 invpcid_single pti intel_ppin ssbd mba ibrs ibpb stibp fsgsbase tsc_adjust bmi1 hle avx2 smep bmi2 erms invpcid rtm cqm mpx rdt_a avx512f avx512dq rdseed adx smap clflushopt clwb intel_pt avx512cd avx512bw avx512vl xsaveopt xsavec xgetbv1 xsaves cqm_llc cqm_occup_llc cqm_mbm_total cqm_mbm_local dtherm ida arat pln pts pku ospke md_clear flush_l1d arch_capabilities
L1d cache:                          896 KiB (28 instances)
L1i cache:                          896 KiB (28 instances)
L2 cache:                           28 MiB (28 instances)
L3 cache:                           38.5 MiB (2 instances)
NUMA node(s):                       2
NUMA node0 CPU(s):                  0,2,4,6,8,10,12,14,16,18,20,22,24,26
NUMA node1 CPU(s):                  1,3,5,7,9,11,13,15,17,19,21,23,25,27
Vulnerability Gather data sampling: Mitigation; Microcode
Vulnerability Itlb multihit:        KVM: Mitigation: VMX unsupported
Vulnerability L1tf:                 Mitigation; PTE Inversion
Vulnerability Mds:                  Mitigation; Clear CPU buffers; SMT disabled
Vulnerability Meltdown:             Mitigation; PTI
Vulnerability Mmio stale data:      Mitigation; Clear CPU buffers; SMT disabled
Vulnerability Retbleed:             Mitigation; IBRS
Vulnerability Spec rstack overflow: Not affected
Vulnerability Spec store bypass:    Mitigation; Speculative Store Bypass disabled via prctl
Vulnerability Spectre v1:           Mitigation; usercopy/swapgs barriers and __user pointer sanitization
Vulnerability Spectre v2:           Mitigation; IBRS, IBPB conditional, RSB filling, PBRSB-eIBRS Not affected
Vulnerability Srbds:                Not affected
Vulnerability Tsx async abort:      Mitigation; Clear CPU buffers; SMT disabled
Sun Apr 20 01:43:49 2025       
+---------------------------------------------------------------------------------------+
| NVIDIA-SMI 545.23.08              Driver Version: 545.23.08    CUDA Version: 12.3     |
|-----------------------------------------+----------------------+----------------------+
| GPU  Name                 Persistence-M | Bus-Id        Disp.A | Volatile Uncorr. ECC |
| Fan  Temp   Perf          Pwr:Usage/Cap |         Memory-Usage | GPU-Util  Compute M. |
|                                         |                      |               MIG M. |
|=========================================+======================+======================|
|   0  Tesla V100-SXM2-32GB           On  | 00000000:AF:00.0 Off |                    0 |
| N/A   40C    P0              45W / 300W |      0MiB / 32768MiB |      0%      Default |
|                                         |                      |                  N/A |
+-----------------------------------------+----------------------+----------------------+
                                                                                         
+---------------------------------------------------------------------------------------+
| Processes:                                                                            |
|  GPU   GI   CI        PID   Type   Process name                            GPU Memory |
|        ID   ID                                                             Usage      |
|=======================================================================================|
|  No running processes found                                                           |
+---------------------------------------------------------------------------------------+
/home/akula.ha/.conda/envs/refseg/lib/python3.10/site-packages/torch/distributed/launch.py:181: FutureWarning: The module torch.distributed.launch is deprecated
and will be removed in future. Use torchrun.
Note that --use-env is set by default in torchrun.
If your script expects `--local-rank` argument to be set, please
change it to read from `os.environ['LOCAL_RANK']` instead. See 
https://pytorch.org/docs/stable/distributed.html#launch-utility for 
further instructions

  warnings.warn(
| distributed init (rank 0): env://
Namespace(batch_size=8, epochs=50, model='ReMamber_Conv_PEFT', pretrain_path='./pretrain', input_size=480, drop=0.0, drop_path=0.1, model_ema=False, model_ema_decay=0.9999, model_ema_force_cpu=False, opt='adamw', opt_eps=1e-08, opt_betas=None, clip_grad=None, momentum=0.9, weight_decay=0.0001, sched='cosine', lr=9e-06, lr_decoder=5e-05, lr_backbone=2.5e-05, lr_vssm=2.5e-05, warmup_lr=1e-06, min_lr=1e-06, decay_epochs=30, warmup_epochs=0, cooldown_epochs=10, patience_epochs=10, decay_rate=0.1, train_mode=True, finetune='pretrain/ReMamber_Conv.pth', data_path='./ref_dataset/data', data_set='refzom', output_dir='./outputs', device='cuda', seed=0, resume='outputs/checkpoint_model:de3e9b2b.pth', start_epoch=0, eval=False, dist_eval=False, num_workers=8, pin_mem=True, distributed=True, world_size=1, dist_url='env://', if_amp=True, debug_mode=False, local_rank=0, model_title='model', logging='model', decoder_adapter=True, continue_lr=None, partial_freeze=False, rank=0, gpu=0, dist_backend='nccl')
True val
./ref_dataset/data refzom zom
loading dataset refzom into memory...
creating index...
index created.
DONE (t=10.25s)
Preparing dataset ......
False val
./ref_dataset/data refzom zom
loading dataset refzom into memory...
creating index...
index created.
DONE (t=10.51s)
Preparing dataset ......
length of train set: 57624
length of val set: 15406
/home/akula.ha/.conda/envs/refseg/lib/python3.10/site-packages/torch/utils/data/dataloader.py:557: UserWarning: This DataLoader will create 8 worker processes in total. Our suggested max number of worker in current system is 1, which is smaller than what this DataLoader is going to create. Please be aware that excessive worker creation might get DataLoader running slow or even freeze, lower the worker number to avoid potential slowness/freeze if necessary.
  warnings.warn(_create_warning_msg(
Creating model: ReMamber_Conv_PEFT
kwargs {'use_adapters': True}
Finetuning half decoder with adapters
True
number of params: 16548707
Loaded checkpoint from 'outputs/checkpoint_model:de3e9b2b.pth'
Continuing training from epoch 4...
Model id is - model:28e854b1
length of train set: 45000
length of val set: 4000
Start training for 50 epochs
Learning rate: 9e-06
/home/akula.ha/.conda/envs/refseg/lib/python3.10/site-packages/torch/autograd/__init__.py:251: UserWarning: Grad strides do not match bucket view strides. This may indicate grad was not created according to the gradient layout contract, or that the param's strides changed since DDP was constructed.  This is not an error, but may impair performance.
grad.sizes() = [512, 192, 1, 1], strides() = [192, 1, 192, 192]
bucket_view.sizes() = [512, 192, 1, 1], strides() = [192, 1, 1, 1] (Triggered internally at ../torch/csrc/distributed/c10d/reducer.cpp:320.)
  Variable._execution_engine.run_backward(  # Calls into the C++ engine to run the backward pass
Epoch: [4]  [   0/5625]  eta: 1 day, 17:40:54  lr: 0.000009  train_loss: 0.3149 (0.3149)  train_iou: 0.7242 (0.7242)  time: 26.6763  data: 6.0488  max mem: 31525
Epoch: [4]  [  20/5625]  eta: 3:26:56  lr: 0.000009  train_loss: 0.2503 (0.2578)  train_iou: 0.6492 (0.6812)  time: 0.9922  data: 0.0004  max mem: 31525
Epoch: [4]  [  40/5625]  eta: 2:30:20  lr: 0.000009  train_loss: 0.1732 (0.2523)  train_iou: 0.6676 (0.6664)  time: 0.9852  data: 0.0005  max mem: 31525
Epoch: [4]  [  60/5625]  eta: 2:10:41  lr: 0.000009  train_loss: 0.2107 (0.2585)  train_iou: 0.6636 (0.6643)  time: 0.9863  data: 0.0005  max mem: 31525
Epoch: [4]  [  80/5625]  eta: 2:00:35  lr: 0.000009  train_loss: 0.2407 (0.2606)  train_iou: 0.6819 (0.6675)  time: 0.9870  data: 0.0004  max mem: 31525
Epoch: [4]  [ 100/5625]  eta: 1:54:25  lr: 0.000009  train_loss: 0.1503 (0.2502)  train_iou: 0.6529 (0.6700)  time: 0.9903  data: 0.0005  max mem: 31525
Epoch: [4]  [ 120/5625]  eta: 1:50:05  lr: 0.000009  train_loss: 0.2904 (0.2604)  train_iou: 0.6158 (0.6660)  time: 0.9846  data: 0.0004  max mem: 31525
Epoch: [4]  [ 140/5625]  eta: 1:46:51  lr: 0.000009  train_loss: 0.2417 (0.2631)  train_iou: 0.7311 (0.6691)  time: 0.9819  data: 0.0004  max mem: 31525
Epoch: [4]  [ 160/5625]  eta: 1:44:27  lr: 0.000009  train_loss: 0.2107 (0.2663)  train_iou: 0.6244 (0.6639)  time: 0.9910  data: 0.0005  max mem: 31525
Epoch: [4]  [ 180/5625]  eta: 1:42:32  lr: 0.000009  train_loss: 0.1809 (0.2606)  train_iou: 0.6568 (0.6635)  time: 0.9929  data: 0.0005  max mem: 31525
Epoch: [4]  [ 200/5625]  eta: 1:40:52  lr: 0.000009  train_loss: 0.2526 (0.2639)  train_iou: 0.6663 (0.6639)  time: 0.9871  data: 0.0005  max mem: 31525
Epoch: [4]  [ 220/5625]  eta: 1:39:27  lr: 0.000009  train_loss: 0.2576 (0.2640)  train_iou: 0.6216 (0.6604)  time: 0.9869  data: 0.0004  max mem: 31525
Epoch: [4]  [ 240/5625]  eta: 1:38:14  lr: 0.000009  train_loss: 0.1870 (0.2635)  train_iou: 0.6564 (0.6610)  time: 0.9902  data: 0.0005  max mem: 31525
Epoch: [4]  [ 260/5625]  eta: 1:37:08  lr: 0.000009  train_loss: 0.2325 (0.2635)  train_iou: 0.6998 (0.6630)  time: 0.9880  data: 0.0005  max mem: 31525
Epoch: [4]  [ 280/5625]  eta: 1:36:12  lr: 0.000009  train_loss: 0.2489 (0.2628)  train_iou: 0.6759 (0.6660)  time: 0.9956  data: 0.0004  max mem: 31525
Epoch: [4]  [ 300/5625]  eta: 1:35:18  lr: 0.000009  train_loss: 0.2807 (0.2629)  train_iou: 0.6677 (0.6659)  time: 0.9886  data: 0.0005  max mem: 31525
Epoch: [4]  [ 320/5625]  eta: 1:34:28  lr: 0.000009  train_loss: 0.2501 (0.2650)  train_iou: 0.6468 (0.6647)  time: 0.9895  data: 0.0005  max mem: 31525
Epoch: [4]  [ 340/5625]  eta: 1:33:42  lr: 0.000009  train_loss: 0.2234 (0.2645)  train_iou: 0.6574 (0.6637)  time: 0.9877  data: 0.0005  max mem: 31525
Epoch: [4]  [ 360/5625]  eta: 1:32:59  lr: 0.000009  train_loss: 0.2491 (0.2629)  train_iou: 0.6731 (0.6654)  time: 0.9895  data: 0.0004  max mem: 31525
Epoch: [4]  [ 380/5625]  eta: 1:32:17  lr: 0.000009  train_loss: 0.2482 (0.2622)  train_iou: 0.7266 (0.6669)  time: 0.9852  data: 0.0005  max mem: 31525
Epoch: [4]  [ 400/5625]  eta: 1:31:38  lr: 0.000009  train_loss: 0.2600 (0.2647)  train_iou: 0.6400 (0.6643)  time: 0.9859  data: 0.0005  max mem: 31525
Epoch: [4]  [ 420/5625]  eta: 1:31:01  lr: 0.000009  train_loss: 0.2379 (0.2639)  train_iou: 0.5820 (0.6633)  time: 0.9873  data: 0.0004  max mem: 31525
Epoch: [4]  [ 440/5625]  eta: 1:30:26  lr: 0.000009  train_loss: 0.1525 (0.2627)  train_iou: 0.6683 (0.6637)  time: 0.9896  data: 0.0005  max mem: 31525
Epoch: [4]  [ 460/5625]  eta: 1:29:52  lr: 0.000009  train_loss: 0.2376 (0.2637)  train_iou: 0.6179 (0.6628)  time: 0.9900  data: 0.0004  max mem: 31525
Epoch: [4]  [ 480/5625]  eta: 1:29:20  lr: 0.000009  train_loss: 0.1949 (0.2624)  train_iou: 0.6384 (0.6618)  time: 0.9892  data: 0.0004  max mem: 31525
Epoch: [4]  [ 500/5625]  eta: 1:28:47  lr: 0.000009  train_loss: 0.1696 (0.2618)  train_iou: 0.6538 (0.6630)  time: 0.9858  data: 0.0004  max mem: 31525
Epoch: [4]  [ 520/5625]  eta: 1:28:17  lr: 0.000009  train_loss: 0.2370 (0.2620)  train_iou: 0.6832 (0.6628)  time: 0.9929  data: 0.0005  max mem: 31525
Epoch: [4]  [ 540/5625]  eta: 1:27:49  lr: 0.000009  train_loss: 0.2131 (0.2612)  train_iou: 0.6404 (0.6616)  time: 0.9949  data: 0.0005  max mem: 31525
Epoch: [4]  [ 560/5625]  eta: 1:27:20  lr: 0.000009  train_loss: 0.2268 (0.2615)  train_iou: 0.6549 (0.6609)  time: 0.9916  data: 0.0005  max mem: 31525
Epoch: [4]  [ 580/5625]  eta: 1:26:51  lr: 0.000009  train_loss: 0.1832 (0.2595)  train_iou: 0.6693 (0.6618)  time: 0.9858  data: 0.0004  max mem: 31525
Epoch: [4]  [ 600/5625]  eta: 1:26:22  lr: 0.000009  train_loss: 0.2140 (0.2592)  train_iou: 0.6414 (0.6603)  time: 0.9871  data: 0.0004  max mem: 31525
Epoch: [4]  [ 620/5625]  eta: 1:25:55  lr: 0.000009  train_loss: 0.2860 (0.2601)  train_iou: 0.7088 (0.6605)  time: 0.9887  data: 0.0005  max mem: 31525
Epoch: [4]  [ 640/5625]  eta: 1:25:28  lr: 0.000009  train_loss: 0.2583 (0.2606)  train_iou: 0.6828 (0.6604)  time: 0.9899  data: 0.0004  max mem: 31525
Epoch: [4]  [ 660/5625]  eta: 1:25:01  lr: 0.000009  train_loss: 0.1610 (0.2589)  train_iou: 0.6903 (0.6606)  time: 0.9896  data: 0.0006  max mem: 31525
Epoch: [4]  [ 680/5625]  eta: 1:24:36  lr: 0.000009  train_loss: 0.1825 (0.2574)  train_iou: 0.6787 (0.6617)  time: 0.9941  data: 0.0005  max mem: 31525
Epoch: [4]  [ 700/5625]  eta: 1:24:11  lr: 0.000009  train_loss: 0.2099 (0.2588)  train_iou: 0.6489 (0.6615)  time: 0.9921  data: 0.0004  max mem: 31525
Epoch: [4]  [ 720/5625]  eta: 1:23:45  lr: 0.000009  train_loss: 0.2196 (0.2597)  train_iou: 0.6649 (0.6613)  time: 0.9913  data: 0.0004  max mem: 31525
Epoch: [4]  [ 740/5625]  eta: 1:23:21  lr: 0.000009  train_loss: 0.2761 (0.2607)  train_iou: 0.6310 (0.6604)  time: 0.9918  data: 0.0005  max mem: 31525
Epoch: [4]  [ 760/5625]  eta: 1:22:56  lr: 0.000009  train_loss: 0.1992 (0.2601)  train_iou: 0.6840 (0.6606)  time: 0.9939  data: 0.0005  max mem: 31525
Epoch: [4]  [ 780/5625]  eta: 1:22:32  lr: 0.000009  train_loss: 0.2407 (0.2609)  train_iou: 0.6334 (0.6596)  time: 0.9939  data: 0.0004  max mem: 31525
Epoch: [4]  [ 800/5625]  eta: 1:22:07  lr: 0.000009  train_loss: 0.2904 (0.2622)  train_iou: 0.5850 (0.6576)  time: 0.9854  data: 0.0004  max mem: 31525
Epoch: [4]  [ 820/5625]  eta: 1:21:43  lr: 0.000009  train_loss: 0.1996 (0.2625)  train_iou: 0.5982 (0.6559)  time: 0.9887  data: 0.0005  max mem: 31525
Epoch: [4]  [ 840/5625]  eta: 1:21:19  lr: 0.000009  train_loss: 0.2408 (0.2626)  train_iou: 0.5956 (0.6556)  time: 0.9861  data: 0.0004  max mem: 31525
Epoch: [4]  [ 860/5625]  eta: 1:20:55  lr: 0.000009  train_loss: 0.1655 (0.2617)  train_iou: 0.6357 (0.6556)  time: 0.9872  data: 0.0005  max mem: 31525
Epoch: [4]  [ 880/5625]  eta: 1:20:31  lr: 0.000009  train_loss: 0.2519 (0.2615)  train_iou: 0.7076 (0.6564)  time: 0.9897  data: 0.0005  max mem: 31525
Epoch: [4]  [ 900/5625]  eta: 1:20:08  lr: 0.000009  train_loss: 0.2365 (0.2616)  train_iou: 0.6668 (0.6557)  time: 0.9886  data: 0.0005  max mem: 31525
Epoch: [4]  [ 920/5625]  eta: 1:19:45  lr: 0.000009  train_loss: 0.1788 (0.2618)  train_iou: 0.5901 (0.6548)  time: 0.9916  data: 0.0004  max mem: 31525
Epoch: [4]  [ 940/5625]  eta: 1:19:22  lr: 0.000009  train_loss: 0.2125 (0.2620)  train_iou: 0.6674 (0.6546)  time: 0.9897  data: 0.0005  max mem: 31525
Epoch: [4]  [ 960/5625]  eta: 1:18:59  lr: 0.000009  train_loss: 0.2545 (0.2627)  train_iou: 0.5881 (0.6532)  time: 0.9926  data: 0.0004  max mem: 31525
Epoch: [4]  [ 980/5625]  eta: 1:18:37  lr: 0.000009  train_loss: 0.1906 (0.2629)  train_iou: 0.6595 (0.6532)  time: 0.9951  data: 0.0005  max mem: 31525
Epoch: [4]  [1000/5625]  eta: 1:18:14  lr: 0.000009  train_loss: 0.1808 (0.2619)  train_iou: 0.6713 (0.6533)  time: 0.9921  data: 0.0005  max mem: 31525
Epoch: [4]  [1020/5625]  eta: 1:17:51  lr: 0.000009  train_loss: 0.1880 (0.2614)  train_iou: 0.6510 (0.6539)  time: 0.9871  data: 0.0004  max mem: 31525
Epoch: [4]  [1040/5625]  eta: 1:17:29  lr: 0.000009  train_loss: 0.2280 (0.2607)  train_iou: 0.6571 (0.6540)  time: 0.9872  data: 0.0004  max mem: 31525
Epoch: [4]  [1060/5625]  eta: 1:17:06  lr: 0.000009  train_loss: 0.1606 (0.2599)  train_iou: 0.6694 (0.6544)  time: 0.9899  data: 0.0004  max mem: 31525
Epoch: [4]  [1080/5625]  eta: 1:16:44  lr: 0.000009  train_loss: 0.2897 (0.2606)  train_iou: 0.6521 (0.6543)  time: 0.9910  data: 0.0005  max mem: 31525
Epoch: [4]  [1100/5625]  eta: 1:16:22  lr: 0.000009  train_loss: 0.2343 (0.2616)  train_iou: 0.6456 (0.6544)  time: 0.9950  data: 0.0004  max mem: 31525
Epoch: [4]  [1120/5625]  eta: 1:16:00  lr: 0.000009  train_loss: 0.2803 (0.2621)  train_iou: 0.6120 (0.6538)  time: 0.9877  data: 0.0004  max mem: 31525
Epoch: [4]  [1140/5625]  eta: 1:15:38  lr: 0.000009  train_loss: 0.2038 (0.2618)  train_iou: 0.6559 (0.6539)  time: 0.9858  data: 0.0005  max mem: 31525
Epoch: [4]  [1160/5625]  eta: 1:15:16  lr: 0.000009  train_loss: 0.1854 (0.2611)  train_iou: 0.6747 (0.6543)  time: 0.9849  data: 0.0004  max mem: 31525
Epoch: [4]  [1180/5625]  eta: 1:14:53  lr: 0.000009  train_loss: 0.2153 (0.2608)  train_iou: 0.7094 (0.6548)  time: 0.9850  data: 0.0005  max mem: 31525
Epoch: [4]  [1200/5625]  eta: 1:14:31  lr: 0.000009  train_loss: 0.2300 (0.2605)  train_iou: 0.6613 (0.6548)  time: 0.9816  data: 0.0004  max mem: 31525
Epoch: [4]  [1220/5625]  eta: 1:14:09  lr: 0.000009  train_loss: 0.2144 (0.2606)  train_iou: 0.6618 (0.6549)  time: 0.9840  data: 0.0004  max mem: 31525
Epoch: [4]  [1240/5625]  eta: 1:13:47  lr: 0.000009  train_loss: 0.2207 (0.2604)  train_iou: 0.6666 (0.6549)  time: 0.9840  data: 0.0004  max mem: 31525
Epoch: [4]  [1260/5625]  eta: 1:13:25  lr: 0.000009  train_loss: 0.1669 (0.2601)  train_iou: 0.6469 (0.6552)  time: 0.9862  data: 0.0004  max mem: 31525
Epoch: [4]  [1280/5625]  eta: 1:13:03  lr: 0.000009  train_loss: 0.1618 (0.2599)  train_iou: 0.6262 (0.6549)  time: 0.9840  data: 0.0004  max mem: 31525
Epoch: [4]  [1300/5625]  eta: 1:12:42  lr: 0.000009  train_loss: 0.1917 (0.2598)  train_iou: 0.7346 (0.6561)  time: 0.9879  data: 0.0004  max mem: 31525
Epoch: [4]  [1320/5625]  eta: 1:12:20  lr: 0.000009  train_loss: 0.2350 (0.2603)  train_iou: 0.6704 (0.6567)  time: 0.9870  data: 0.0004  max mem: 31525
Epoch: [4]  [1340/5625]  eta: 1:11:58  lr: 0.000009  train_loss: 0.2135 (0.2603)  train_iou: 0.6241 (0.6567)  time: 0.9837  data: 0.0004  max mem: 31525
Epoch: [4]  [1360/5625]  eta: 1:11:37  lr: 0.000009  train_loss: 0.2247 (0.2600)  train_iou: 0.6883 (0.6568)  time: 0.9839  data: 0.0004  max mem: 31525
Epoch: [4]  [1380/5625]  eta: 1:11:15  lr: 0.000009  train_loss: 0.1884 (0.2597)  train_iou: 0.6770 (0.6573)  time: 0.9850  data: 0.0004  max mem: 31525
Epoch: [4]  [1400/5625]  eta: 1:10:54  lr: 0.000009  train_loss: 0.2256 (0.2593)  train_iou: 0.7213 (0.6576)  time: 0.9884  data: 0.0004  max mem: 31525
Epoch: [4]  [1420/5625]  eta: 1:10:40  lr: 0.000009  train_loss: 0.2209 (0.2594)  train_iou: 0.6814 (0.6582)  time: 1.1233  data: 0.0005  max mem: 31525
Epoch: [4]  [1440/5625]  eta: 1:10:19  lr: 0.000009  train_loss: 0.2833 (0.2596)  train_iou: 0.6974 (0.6581)  time: 0.9835  data: 0.0004  max mem: 31525
Epoch: [4]  [1460/5625]  eta: 1:09:57  lr: 0.000009  train_loss: 0.1365 (0.2587)  train_iou: 0.6790 (0.6584)  time: 0.9871  data: 0.0005  max mem: 31525
Epoch: [4]  [1480/5625]  eta: 1:09:36  lr: 0.000009  train_loss: 0.2076 (0.2589)  train_iou: 0.6513 (0.6586)  time: 0.9867  data: 0.0004  max mem: 31525
Epoch: [4]  [1500/5625]  eta: 1:09:15  lr: 0.000009  train_loss: 0.2197 (0.2588)  train_iou: 0.6119 (0.6583)  time: 0.9840  data: 0.0004  max mem: 31525
Epoch: [4]  [1520/5625]  eta: 1:08:53  lr: 0.000009  train_loss: 0.2578 (0.2590)  train_iou: 0.6727 (0.6583)  time: 0.9848  data: 0.0005  max mem: 31525
Epoch: [4]  [1540/5625]  eta: 1:08:32  lr: 0.000009  train_loss: 0.2321 (0.2587)  train_iou: 0.6843 (0.6586)  time: 0.9881  data: 0.0005  max mem: 31525
Epoch: [4]  [1560/5625]  eta: 1:08:11  lr: 0.000009  train_loss: 0.1820 (0.2590)  train_iou: 0.6506 (0.6586)  time: 0.9866  data: 0.0004  max mem: 31525
Epoch: [4]  [1580/5625]  eta: 1:07:50  lr: 0.000009  train_loss: 0.2195 (0.2592)  train_iou: 0.6782 (0.6588)  time: 0.9848  data: 0.0004  max mem: 31525
Epoch: [4]  [1600/5625]  eta: 1:07:29  lr: 0.000009  train_loss: 0.1748 (0.2590)  train_iou: 0.6122 (0.6585)  time: 0.9868  data: 0.0005  max mem: 31525
Epoch: [4]  [1620/5625]  eta: 1:07:08  lr: 0.000009  train_loss: 0.2407 (0.2597)  train_iou: 0.6013 (0.6579)  time: 0.9854  data: 0.0004  max mem: 31525
Epoch: [4]  [1640/5625]  eta: 1:06:46  lr: 0.000009  train_loss: 0.2345 (0.2597)  train_iou: 0.6601 (0.6583)  time: 0.9835  data: 0.0005  max mem: 31525
Epoch: [4]  [1660/5625]  eta: 1:06:25  lr: 0.000009  train_loss: 0.2164 (0.2598)  train_iou: 0.6629 (0.6583)  time: 0.9851  data: 0.0004  max mem: 31525
Epoch: [4]  [1680/5625]  eta: 1:06:04  lr: 0.000009  train_loss: 0.2792 (0.2602)  train_iou: 0.6406 (0.6583)  time: 0.9855  data: 0.0005  max mem: 31525
Epoch: [4]  [1700/5625]  eta: 1:05:43  lr: 0.000009  train_loss: 0.2486 (0.2606)  train_iou: 0.6405 (0.6577)  time: 0.9856  data: 0.0004  max mem: 31525
Epoch: [4]  [1720/5625]  eta: 1:05:22  lr: 0.000009  train_loss: 0.2898 (0.2610)  train_iou: 0.6406 (0.6574)  time: 0.9877  data: 0.0004  max mem: 31525
Epoch: [4]  [1740/5625]  eta: 1:05:01  lr: 0.000009  train_loss: 0.1975 (0.2613)  train_iou: 0.7191 (0.6577)  time: 0.9875  data: 0.0005  max mem: 31525
Epoch: [4]  [1760/5625]  eta: 1:04:40  lr: 0.000009  train_loss: 0.2640 (0.2627)  train_iou: 0.6518 (0.6578)  time: 0.9834  data: 0.0004  max mem: 31525
Epoch: [4]  [1780/5625]  eta: 1:04:20  lr: 0.000009  train_loss: 0.2184 (0.2622)  train_iou: 0.6354 (0.6575)  time: 0.9867  data: 0.0005  max mem: 31525
Epoch: [4]  [1800/5625]  eta: 1:03:59  lr: 0.000009  train_loss: 0.2522 (0.2620)  train_iou: 0.6757 (0.6576)  time: 0.9846  data: 0.0004  max mem: 31525
Epoch: [4]  [1820/5625]  eta: 1:03:38  lr: 0.000009  train_loss: 0.2116 (0.2623)  train_iou: 0.6580 (0.6578)  time: 0.9856  data: 0.0004  max mem: 31525
Epoch: [4]  [1840/5625]  eta: 1:03:17  lr: 0.000009  train_loss: 0.2316 (0.2627)  train_iou: 0.6522 (0.6578)  time: 0.9862  data: 0.0004  max mem: 31525
Epoch: [4]  [1860/5625]  eta: 1:02:56  lr: 0.000009  train_loss: 0.2416 (0.2630)  train_iou: 0.6088 (0.6575)  time: 0.9873  data: 0.0004  max mem: 31525
Epoch: [4]  [1880/5625]  eta: 1:02:36  lr: 0.000009  train_loss: 0.1944 (0.2629)  train_iou: 0.6401 (0.6574)  time: 0.9878  data: 0.0004  max mem: 31525
Epoch: [4]  [1900/5625]  eta: 1:02:15  lr: 0.000009  train_loss: 0.1721 (0.2623)  train_iou: 0.6804 (0.6577)  time: 0.9847  data: 0.0004  max mem: 31525
Epoch: [4]  [1920/5625]  eta: 1:01:54  lr: 0.000009  train_loss: 0.1612 (0.2617)  train_iou: 0.6587 (0.6579)  time: 0.9888  data: 0.0004  max mem: 31525
Epoch: [4]  [1940/5625]  eta: 1:01:34  lr: 0.000009  train_loss: 0.1899 (0.2618)  train_iou: 0.6788 (0.6579)  time: 0.9848  data: 0.0004  max mem: 31525
Epoch: [4]  [1960/5625]  eta: 1:01:13  lr: 0.000009  train_loss: 0.2828 (0.2623)  train_iou: 0.5415 (0.6573)  time: 0.9865  data: 0.0004  max mem: 31525
Epoch: [4]  [1980/5625]  eta: 1:00:52  lr: 0.000009  train_loss: 0.1826 (0.2620)  train_iou: 0.7109 (0.6578)  time: 0.9850  data: 0.0005  max mem: 31525
Epoch: [4]  [2000/5625]  eta: 1:00:32  lr: 0.000009  train_loss: 0.1920 (0.2616)  train_iou: 0.6687 (0.6579)  time: 0.9842  data: 0.0004  max mem: 31525
Epoch: [4]  [2020/5625]  eta: 1:00:11  lr: 0.000009  train_loss: 0.2659 (0.2618)  train_iou: 0.6707 (0.6580)  time: 0.9864  data: 0.0004  max mem: 31525
Epoch: [4]  [2040/5625]  eta: 0:59:50  lr: 0.000009  train_loss: 0.2172 (0.2618)  train_iou: 0.6737 (0.6580)  time: 0.9841  data: 0.0005  max mem: 31525
Epoch: [4]  [2060/5625]  eta: 0:59:30  lr: 0.000009  train_loss: 0.2589 (0.2620)  train_iou: 0.6363 (0.6581)  time: 0.9861  data: 0.0004  max mem: 31525
Epoch: [4]  [2080/5625]  eta: 0:59:09  lr: 0.000009  train_loss: 0.2061 (0.2618)  train_iou: 0.6695 (0.6581)  time: 0.9878  data: 0.0004  max mem: 31525
Epoch: [4]  [2100/5625]  eta: 0:58:49  lr: 0.000009  train_loss: 0.1878 (0.2618)  train_iou: 0.6710 (0.6580)  time: 0.9851  data: 0.0004  max mem: 31525
Epoch: [4]  [2120/5625]  eta: 0:58:28  lr: 0.000009  train_loss: 0.2299 (0.2618)  train_iou: 0.6770 (0.6582)  time: 0.9868  data: 0.0005  max mem: 31525
Epoch: [4]  [2140/5625]  eta: 0:58:08  lr: 0.000009  train_loss: 0.1764 (0.2615)  train_iou: 0.6238 (0.6580)  time: 0.9853  data: 0.0005  max mem: 31525
Epoch: [4]  [2160/5625]  eta: 0:57:47  lr: 0.000009  train_loss: 0.2008 (0.2616)  train_iou: 0.7071 (0.6581)  time: 0.9901  data: 0.0004  max mem: 31525
Epoch: [4]  [2180/5625]  eta: 0:57:27  lr: 0.000009  train_loss: 0.2512 (0.2616)  train_iou: 0.6389 (0.6582)  time: 0.9900  data: 0.0004  max mem: 31525
Epoch: [4]  [2200/5625]  eta: 0:57:07  lr: 0.000009  train_loss: 0.2241 (0.2616)  train_iou: 0.6551 (0.6581)  time: 0.9873  data: 0.0005  max mem: 31525
Epoch: [4]  [2220/5625]  eta: 0:56:46  lr: 0.000009  train_loss: 0.2390 (0.2619)  train_iou: 0.6457 (0.6578)  time: 0.9863  data: 0.0004  max mem: 31525
Epoch: [4]  [2240/5625]  eta: 0:56:26  lr: 0.000009  train_loss: 0.2171 (0.2617)  train_iou: 0.7318 (0.6582)  time: 0.9876  data: 0.0004  max mem: 31525
Epoch: [4]  [2260/5625]  eta: 0:56:05  lr: 0.000009  train_loss: 0.2405 (0.2619)  train_iou: 0.6534 (0.6584)  time: 0.9875  data: 0.0004  max mem: 31525
Epoch: [4]  [2280/5625]  eta: 0:55:45  lr: 0.000009  train_loss: 0.2521 (0.2617)  train_iou: 0.6828 (0.6584)  time: 0.9854  data: 0.0004  max mem: 31525
Epoch: [4]  [2300/5625]  eta: 0:55:24  lr: 0.000009  train_loss: 0.2505 (0.2618)  train_iou: 0.6449 (0.6583)  time: 0.9868  data: 0.0004  max mem: 31525
Epoch: [4]  [2320/5625]  eta: 0:55:04  lr: 0.000009  train_loss: 0.1794 (0.2617)  train_iou: 0.7012 (0.6586)  time: 0.9847  data: 0.0004  max mem: 31525
Epoch: [4]  [2340/5625]  eta: 0:54:44  lr: 0.000009  train_loss: 0.1964 (0.2616)  train_iou: 0.6834 (0.6589)  time: 0.9855  data: 0.0004  max mem: 31525
Epoch: [4]  [2360/5625]  eta: 0:54:23  lr: 0.000009  train_loss: 0.1912 (0.2614)  train_iou: 0.6987 (0.6592)  time: 0.9869  data: 0.0004  max mem: 31525
Epoch: [4]  [2380/5625]  eta: 0:54:03  lr: 0.000009  train_loss: 0.2084 (0.2611)  train_iou: 0.7150 (0.6596)  time: 0.9848  data: 0.0005  max mem: 31525
Epoch: [4]  [2400/5625]  eta: 0:53:43  lr: 0.000009  train_loss: 0.2257 (0.2610)  train_iou: 0.6653 (0.6599)  time: 0.9860  data: 0.0005  max mem: 31525
Epoch: [4]  [2420/5625]  eta: 0:53:22  lr: 0.000009  train_loss: 0.2635 (0.2613)  train_iou: 0.6908 (0.6600)  time: 0.9867  data: 0.0004  max mem: 31525
Epoch: [4]  [2440/5625]  eta: 0:53:02  lr: 0.000009  train_loss: 0.2554 (0.2614)  train_iou: 0.6444 (0.6598)  time: 0.9869  data: 0.0005  max mem: 31525
Epoch: [4]  [2460/5625]  eta: 0:52:42  lr: 0.000009  train_loss: 0.2304 (0.2613)  train_iou: 0.6620 (0.6598)  time: 0.9906  data: 0.0005  max mem: 31525
Epoch: [4]  [2480/5625]  eta: 0:52:21  lr: 0.000009  train_loss: 0.2116 (0.2610)  train_iou: 0.6430 (0.6597)  time: 0.9874  data: 0.0004  max mem: 31525
Epoch: [4]  [2500/5625]  eta: 0:52:01  lr: 0.000009  train_loss: 0.2647 (0.2613)  train_iou: 0.6643 (0.6598)  time: 0.9871  data: 0.0004  max mem: 31525
Epoch: [4]  [2520/5625]  eta: 0:51:41  lr: 0.000009  train_loss: 0.2601 (0.2615)  train_iou: 0.6340 (0.6598)  time: 0.9884  data: 0.0004  max mem: 31525
Epoch: [4]  [2540/5625]  eta: 0:51:21  lr: 0.000009  train_loss: 0.2296 (0.2617)  train_iou: 0.6489 (0.6596)  time: 0.9870  data: 0.0004  max mem: 31525
Epoch: [4]  [2560/5625]  eta: 0:51:00  lr: 0.000009  train_loss: 0.2405 (0.2615)  train_iou: 0.6578 (0.6598)  time: 0.9862  data: 0.0005  max mem: 31525
Epoch: [4]  [2580/5625]  eta: 0:50:40  lr: 0.000009  train_loss: 0.2504 (0.2616)  train_iou: 0.6529 (0.6598)  time: 0.9889  data: 0.0005  max mem: 31525
Epoch: [4]  [2600/5625]  eta: 0:50:20  lr: 0.000009  train_loss: 0.1893 (0.2613)  train_iou: 0.6782 (0.6600)  time: 0.9924  data: 0.0004  max mem: 31525
Epoch: [4]  [2620/5625]  eta: 0:50:00  lr: 0.000009  train_loss: 0.2615 (0.2613)  train_iou: 0.6073 (0.6598)  time: 0.9887  data: 0.0005  max mem: 31525
Epoch: [4]  [2640/5625]  eta: 0:49:40  lr: 0.000009  train_loss: 0.1849 (0.2611)  train_iou: 0.6965 (0.6601)  time: 0.9885  data: 0.0004  max mem: 31525
Epoch: [4]  [2660/5625]  eta: 0:49:19  lr: 0.000009  train_loss: 0.1682 (0.2608)  train_iou: 0.6802 (0.6605)  time: 0.9849  data: 0.0004  max mem: 31525
Epoch: [4]  [2680/5625]  eta: 0:48:59  lr: 0.000009  train_loss: 0.2342 (0.2608)  train_iou: 0.6610 (0.6605)  time: 0.9853  data: 0.0005  max mem: 31525
Epoch: [4]  [2700/5625]  eta: 0:48:39  lr: 0.000009  train_loss: 0.2126 (0.2607)  train_iou: 0.6091 (0.6601)  time: 0.9842  data: 0.0004  max mem: 31525
Epoch: [4]  [2720/5625]  eta: 0:48:19  lr: 0.000009  train_loss: 0.2125 (0.2604)  train_iou: 0.6330 (0.6600)  time: 0.9856  data: 0.0005  max mem: 31525
Epoch: [4]  [2740/5625]  eta: 0:47:58  lr: 0.000009  train_loss: 0.2825 (0.2608)  train_iou: 0.6574 (0.6598)  time: 0.9850  data: 0.0004  max mem: 31525
Epoch: [4]  [2760/5625]  eta: 0:47:38  lr: 0.000009  train_loss: 0.2371 (0.2608)  train_iou: 0.5901 (0.6593)  time: 0.9830  data: 0.0004  max mem: 31525
Epoch: [4]  [2780/5625]  eta: 0:47:18  lr: 0.000009  train_loss: 0.2187 (0.2608)  train_iou: 0.6370 (0.6591)  time: 0.9842  data: 0.0005  max mem: 31525
Epoch: [4]  [2800/5625]  eta: 0:46:58  lr: 0.000009  train_loss: 0.1875 (0.2604)  train_iou: 0.6811 (0.6591)  time: 0.9861  data: 0.0004  max mem: 31525
Epoch: [4]  [2820/5625]  eta: 0:46:38  lr: 0.000009  train_loss: 0.2506 (0.2604)  train_iou: 0.5773 (0.6588)  time: 0.9845  data: 0.0004  max mem: 31525
Epoch: [4]  [2840/5625]  eta: 0:46:17  lr: 0.000009  train_loss: 0.2680 (0.2608)  train_iou: 0.6017 (0.6584)  time: 0.9858  data: 0.0005  max mem: 31525
Epoch: [4]  [2860/5625]  eta: 0:45:57  lr: 0.000009  train_loss: 0.2357 (0.2608)  train_iou: 0.6947 (0.6584)  time: 0.9875  data: 0.0004  max mem: 31525
Epoch: [4]  [2880/5625]  eta: 0:45:37  lr: 0.000009  train_loss: 0.2293 (0.2605)  train_iou: 0.6505 (0.6583)  time: 0.9876  data: 0.0004  max mem: 31525
Epoch: [4]  [2900/5625]  eta: 0:45:17  lr: 0.000009  train_loss: 0.2026 (0.2604)  train_iou: 0.6699 (0.6582)  time: 0.9854  data: 0.0004  max mem: 31525
Epoch: [4]  [2920/5625]  eta: 0:44:57  lr: 0.000009  train_loss: 0.1762 (0.2603)  train_iou: 0.6970 (0.6585)  time: 0.9855  data: 0.0004  max mem: 31525
Epoch: [4]  [2940/5625]  eta: 0:44:37  lr: 0.000009  train_loss: 0.1710 (0.2599)  train_iou: 0.7128 (0.6588)  time: 0.9864  data: 0.0005  max mem: 31525
Epoch: [4]  [2960/5625]  eta: 0:44:16  lr: 0.000009  train_loss: 0.2036 (0.2598)  train_iou: 0.6316 (0.6587)  time: 0.9838  data: 0.0004  max mem: 31525
Epoch: [4]  [2980/5625]  eta: 0:43:56  lr: 0.000009  train_loss: 0.1809 (0.2595)  train_iou: 0.6561 (0.6586)  time: 0.9834  data: 0.0004  max mem: 31525
Epoch: [4]  [3000/5625]  eta: 0:43:36  lr: 0.000009  train_loss: 0.1880 (0.2594)  train_iou: 0.6136 (0.6585)  time: 0.9851  data: 0.0005  max mem: 31525
Epoch: [4]  [3020/5625]  eta: 0:43:16  lr: 0.000009  train_loss: 0.2197 (0.2594)  train_iou: 0.6236 (0.6584)  time: 0.9867  data: 0.0004  max mem: 31525
Epoch: [4]  [3040/5625]  eta: 0:42:56  lr: 0.000009  train_loss: 0.2649 (0.2596)  train_iou: 0.6216 (0.6580)  time: 0.9846  data: 0.0005  max mem: 31525
Epoch: [4]  [3060/5625]  eta: 0:42:36  lr: 0.000009  train_loss: 0.2143 (0.2594)  train_iou: 0.6477 (0.6580)  time: 0.9846  data: 0.0005  max mem: 31525
Epoch: [4]  [3080/5625]  eta: 0:42:16  lr: 0.000009  train_loss: 0.1874 (0.2598)  train_iou: 0.6944 (0.6583)  time: 0.9868  data: 0.0004  max mem: 31525
Epoch: [4]  [3100/5625]  eta: 0:41:57  lr: 0.000009  train_loss: 0.2328 (0.2598)  train_iou: 0.6604 (0.6582)  time: 1.1070  data: 0.0004  max mem: 31525
Epoch: [4]  [3120/5625]  eta: 0:41:37  lr: 0.000009  train_loss: 0.2476 (0.2603)  train_iou: 0.6254 (0.6581)  time: 0.9861  data: 0.0004  max mem: 31525
Epoch: [4]  [3140/5625]  eta: 0:41:17  lr: 0.000009  train_loss: 0.2858 (0.2606)  train_iou: 0.6289 (0.6580)  time: 0.9822  data: 0.0004  max mem: 31525
Epoch: [4]  [3160/5625]  eta: 0:40:57  lr: 0.000009  train_loss: 0.2278 (0.2605)  train_iou: 0.7270 (0.6582)  time: 0.9847  data: 0.0004  max mem: 31525
Epoch: [4]  [3180/5625]  eta: 0:40:37  lr: 0.000009  train_loss: 0.1381 (0.2603)  train_iou: 0.6527 (0.6581)  time: 0.9856  data: 0.0004  max mem: 31525
Epoch: [4]  [3200/5625]  eta: 0:40:17  lr: 0.000009  train_loss: 0.2008 (0.2604)  train_iou: 0.6608 (0.6581)  time: 0.9866  data: 0.0004  max mem: 31525
Epoch: [4]  [3220/5625]  eta: 0:39:57  lr: 0.000009  train_loss: 0.1801 (0.2602)  train_iou: 0.6660 (0.6580)  time: 0.9883  data: 0.0004  max mem: 31525
Epoch: [4]  [3240/5625]  eta: 0:39:37  lr: 0.000009  train_loss: 0.1930 (0.2602)  train_iou: 0.6810 (0.6580)  time: 0.9853  data: 0.0005  max mem: 31525
Epoch: [4]  [3260/5625]  eta: 0:39:17  lr: 0.000009  train_loss: 0.1968 (0.2603)  train_iou: 0.6447 (0.6580)  time: 0.9860  data: 0.0004  max mem: 31525
Epoch: [4]  [3280/5625]  eta: 0:38:56  lr: 0.000009  train_loss: 0.2234 (0.2603)  train_iou: 0.5983 (0.6577)  time: 0.9870  data: 0.0005  max mem: 31525
Epoch: [4]  [3300/5625]  eta: 0:38:36  lr: 0.000009  train_loss: 0.1544 (0.2598)  train_iou: 0.7417 (0.6581)  time: 0.9859  data: 0.0004  max mem: 31525
Epoch: [4]  [3320/5625]  eta: 0:38:16  lr: 0.000009  train_loss: 0.2186 (0.2601)  train_iou: 0.6622 (0.6581)  time: 0.9846  data: 0.0004  max mem: 31525
Epoch: [4]  [3340/5625]  eta: 0:37:56  lr: 0.000009  train_loss: 0.1852 (0.2599)  train_iou: 0.6677 (0.6582)  time: 0.9848  data: 0.0004  max mem: 31525
Epoch: [4]  [3360/5625]  eta: 0:37:36  lr: 0.000009  train_loss: 0.2515 (0.2599)  train_iou: 0.7131 (0.6584)  time: 0.9879  data: 0.0004  max mem: 31525
Epoch: [4]  [3380/5625]  eta: 0:37:16  lr: 0.000009  train_loss: 0.2021 (0.2599)  train_iou: 0.6613 (0.6584)  time: 0.9848  data: 0.0004  max mem: 31525
Epoch: [4]  [3400/5625]  eta: 0:36:56  lr: 0.000009  train_loss: 0.2183 (0.2599)  train_iou: 0.6715 (0.6586)  time: 0.9858  data: 0.0004  max mem: 31525
Epoch: [4]  [3420/5625]  eta: 0:36:36  lr: 0.000009  train_loss: 0.2057 (0.2598)  train_iou: 0.7059 (0.6589)  time: 0.9820  data: 0.0005  max mem: 31525
Epoch: [4]  [3440/5625]  eta: 0:36:16  lr: 0.000009  train_loss: 0.1657 (0.2596)  train_iou: 0.6495 (0.6588)  time: 0.9877  data: 0.0004  max mem: 31525
Epoch: [4]  [3460/5625]  eta: 0:35:56  lr: 0.000009  train_loss: 0.2561 (0.2597)  train_iou: 0.6768 (0.6589)  time: 0.9873  data: 0.0004  max mem: 31525
Epoch: [4]  [3480/5625]  eta: 0:35:36  lr: 0.000009  train_loss: 0.2327 (0.2598)  train_iou: 0.6419 (0.6588)  time: 0.9881  data: 0.0004  max mem: 31525
Epoch: [4]  [3500/5625]  eta: 0:35:16  lr: 0.000009  train_loss: 0.2669 (0.2600)  train_iou: 0.6236 (0.6586)  time: 0.9864  data: 0.0005  max mem: 31525
Epoch: [4]  [3520/5625]  eta: 0:34:56  lr: 0.000009  train_loss: 0.1989 (0.2598)  train_iou: 0.6068 (0.6585)  time: 0.9856  data: 0.0004  max mem: 31525
Epoch: [4]  [3540/5625]  eta: 0:34:36  lr: 0.000009  train_loss: 0.2395 (0.2598)  train_iou: 0.6363 (0.6584)  time: 0.9850  data: 0.0005  max mem: 31525
Epoch: [4]  [3560/5625]  eta: 0:34:16  lr: 0.000009  train_loss: 0.2023 (0.2597)  train_iou: 0.6186 (0.6583)  time: 0.9858  data: 0.0005  max mem: 31525
Epoch: [4]  [3580/5625]  eta: 0:33:56  lr: 0.000009  train_loss: 0.1853 (0.2597)  train_iou: 0.6842 (0.6583)  time: 0.9875  data: 0.0004  max mem: 31525
Epoch: [4]  [3600/5625]  eta: 0:33:36  lr: 0.000009  train_loss: 0.2255 (0.2594)  train_iou: 0.6525 (0.6582)  time: 0.9821  data: 0.0004  max mem: 31525
Epoch: [4]  [3620/5625]  eta: 0:33:16  lr: 0.000009  train_loss: 0.2405 (0.2596)  train_iou: 0.6554 (0.6581)  time: 0.9857  data: 0.0004  max mem: 31525
Epoch: [4]  [3640/5625]  eta: 0:32:56  lr: 0.000009  train_loss: 0.1943 (0.2595)  train_iou: 0.6288 (0.6580)  time: 0.9851  data: 0.0005  max mem: 31525
Epoch: [4]  [3660/5625]  eta: 0:32:36  lr: 0.000009  train_loss: 0.2410 (0.2596)  train_iou: 0.6528 (0.6579)  time: 0.9841  data: 0.0005  max mem: 31525
Epoch: [4]  [3680/5625]  eta: 0:32:16  lr: 0.000009  train_loss: 0.1999 (0.2597)  train_iou: 0.6305 (0.6579)  time: 0.9842  data: 0.0004  max mem: 31525
Epoch: [4]  [3700/5625]  eta: 0:31:55  lr: 0.000009  train_loss: 0.1684 (0.2597)  train_iou: 0.6639 (0.6579)  time: 0.9838  data: 0.0004  max mem: 31525
Epoch: [4]  [3720/5625]  eta: 0:31:35  lr: 0.000009  train_loss: 0.2869 (0.2598)  train_iou: 0.6452 (0.6579)  time: 0.9863  data: 0.0004  max mem: 31525
Epoch: [4]  [3740/5625]  eta: 0:31:16  lr: 0.000009  train_loss: 0.2449 (0.2596)  train_iou: 0.6482 (0.6578)  time: 0.9883  data: 0.0004  max mem: 31525
Epoch: [4]  [3760/5625]  eta: 0:30:56  lr: 0.000009  train_loss: 0.2579 (0.2599)  train_iou: 0.6341 (0.6577)  time: 0.9859  data: 0.0004  max mem: 31525
Epoch: [4]  [3780/5625]  eta: 0:30:36  lr: 0.000009  train_loss: 0.2621 (0.2599)  train_iou: 0.6093 (0.6575)  time: 0.9883  data: 0.0004  max mem: 31525
Epoch: [4]  [3800/5625]  eta: 0:30:16  lr: 0.000009  train_loss: 0.1709 (0.2598)  train_iou: 0.6353 (0.6573)  time: 0.9870  data: 0.0004  max mem: 31525
Epoch: [4]  [3820/5625]  eta: 0:29:56  lr: 0.000009  train_loss: 0.2299 (0.2599)  train_iou: 0.6269 (0.6571)  time: 0.9856  data: 0.0004  max mem: 31525
Epoch: [4]  [3840/5625]  eta: 0:29:36  lr: 0.000009  train_loss: 0.2789 (0.2599)  train_iou: 0.6210 (0.6571)  time: 0.9864  data: 0.0004  max mem: 31525
Epoch: [4]  [3860/5625]  eta: 0:29:16  lr: 0.000009  train_loss: 0.1534 (0.2597)  train_iou: 0.5953 (0.6568)  time: 0.9869  data: 0.0005  max mem: 31525
Epoch: [4]  [3880/5625]  eta: 0:28:56  lr: 0.000009  train_loss: 0.2175 (0.2596)  train_iou: 0.6774 (0.6570)  time: 0.9845  data: 0.0005  max mem: 31525
Epoch: [4]  [3900/5625]  eta: 0:28:36  lr: 0.000009  train_loss: 0.1991 (0.2597)  train_iou: 0.6883 (0.6571)  time: 0.9841  data: 0.0005  max mem: 31525
Epoch: [4]  [3920/5625]  eta: 0:28:16  lr: 0.000009  train_loss: 0.1624 (0.2595)  train_iou: 0.6452 (0.6571)  time: 0.9841  data: 0.0004  max mem: 31525
Epoch: [4]  [3940/5625]  eta: 0:27:56  lr: 0.000009  train_loss: 0.3035 (0.2599)  train_iou: 0.6615 (0.6571)  time: 0.9851  data: 0.0004  max mem: 31525
Epoch: [4]  [3960/5625]  eta: 0:27:36  lr: 0.000009  train_loss: 0.2163 (0.2597)  train_iou: 0.7538 (0.6575)  time: 0.9852  data: 0.0004  max mem: 31525
Epoch: [4]  [3980/5625]  eta: 0:27:16  lr: 0.000009  train_loss: 0.2939 (0.2600)  train_iou: 0.6372 (0.6574)  time: 0.9869  data: 0.0004  max mem: 31525
Epoch: [4]  [4000/5625]  eta: 0:26:56  lr: 0.000009  train_loss: 0.2194 (0.2599)  train_iou: 0.5612 (0.6572)  time: 0.9856  data: 0.0005  max mem: 31525
Epoch: [4]  [4020/5625]  eta: 0:26:36  lr: 0.000009  train_loss: 0.2388 (0.2598)  train_iou: 0.6176 (0.6571)  time: 0.9860  data: 0.0004  max mem: 31525
Epoch: [4]  [4040/5625]  eta: 0:26:16  lr: 0.000009  train_loss: 0.2605 (0.2599)  train_iou: 0.6343 (0.6571)  time: 0.9851  data: 0.0004  max mem: 31525
Epoch: [4]  [4060/5625]  eta: 0:25:56  lr: 0.000009  train_loss: 0.2526 (0.2599)  train_iou: 0.6251 (0.6571)  time: 0.9837  data: 0.0005  max mem: 31525
Epoch: [4]  [4080/5625]  eta: 0:25:36  lr: 0.000009  train_loss: 0.1916 (0.2598)  train_iou: 0.7188 (0.6574)  time: 0.9882  data: 0.0004  max mem: 31525
Epoch: [4]  [4100/5625]  eta: 0:25:16  lr: 0.000009  train_loss: 0.1748 (0.2596)  train_iou: 0.7386 (0.6578)  time: 0.9870  data: 0.0004  max mem: 31525
Epoch: [4]  [4120/5625]  eta: 0:24:56  lr: 0.000009  train_loss: 0.2187 (0.2596)  train_iou: 0.6616 (0.6578)  time: 0.9841  data: 0.0005  max mem: 31525
Epoch: [4]  [4140/5625]  eta: 0:24:36  lr: 0.000009  train_loss: 0.1988 (0.2594)  train_iou: 0.7055 (0.6580)  time: 0.9840  data: 0.0004  max mem: 31525
Epoch: [4]  [4160/5625]  eta: 0:24:16  lr: 0.000009  train_loss: 0.1520 (0.2593)  train_iou: 0.7011 (0.6581)  time: 0.9872  data: 0.0004  max mem: 31525
Epoch: [4]  [4180/5625]  eta: 0:23:56  lr: 0.000009  train_loss: 0.2411 (0.2593)  train_iou: 0.6908 (0.6582)  time: 0.9877  data: 0.0004  max mem: 31525
Epoch: [4]  [4200/5625]  eta: 0:23:36  lr: 0.000009  train_loss: 0.2248 (0.2593)  train_iou: 0.6352 (0.6582)  time: 0.9847  data: 0.0005  max mem: 31525
Epoch: [4]  [4220/5625]  eta: 0:23:16  lr: 0.000009  train_loss: 0.2159 (0.2593)  train_iou: 0.6990 (0.6583)  time: 0.9868  data: 0.0004  max mem: 31525
Epoch: [4]  [4240/5625]  eta: 0:22:56  lr: 0.000009  train_loss: 0.1940 (0.2591)  train_iou: 0.7039 (0.6583)  time: 0.9870  data: 0.0004  max mem: 31525
Epoch: [4]  [4260/5625]  eta: 0:22:36  lr: 0.000009  train_loss: 0.2328 (0.2591)  train_iou: 0.6861 (0.6584)  time: 0.9837  data: 0.0004  max mem: 31525
Epoch: [4]  [4280/5625]  eta: 0:22:16  lr: 0.000009  train_loss: 0.2672 (0.2593)  train_iou: 0.6393 (0.6583)  time: 0.9846  data: 0.0004  max mem: 31525
Epoch: [4]  [4300/5625]  eta: 0:21:57  lr: 0.000009  train_loss: 0.2257 (0.2593)  train_iou: 0.6882 (0.6584)  time: 0.9835  data: 0.0005  max mem: 31525
Epoch: [4]  [4320/5625]  eta: 0:21:37  lr: 0.000009  train_loss: 0.1692 (0.2591)  train_iou: 0.6902 (0.6586)  time: 0.9850  data: 0.0004  max mem: 31525
Epoch: [4]  [4340/5625]  eta: 0:21:17  lr: 0.000009  train_loss: 0.2015 (0.2591)  train_iou: 0.6323 (0.6585)  time: 0.9852  data: 0.0005  max mem: 31525
Epoch: [4]  [4360/5625]  eta: 0:20:57  lr: 0.000009  train_loss: 0.1617 (0.2588)  train_iou: 0.7315 (0.6588)  time: 0.9833  data: 0.0004  max mem: 31525
Epoch: [4]  [4380/5625]  eta: 0:20:37  lr: 0.000009  train_loss: 0.2937 (0.2591)  train_iou: 0.6233 (0.6586)  time: 0.9890  data: 0.0004  max mem: 31525
Epoch: [4]  [4400/5625]  eta: 0:20:17  lr: 0.000009  train_loss: 0.1929 (0.2590)  train_iou: 0.6227 (0.6584)  time: 0.9845  data: 0.0004  max mem: 31525
Epoch: [4]  [4420/5625]  eta: 0:19:58  lr: 0.000009  train_loss: 0.1952 (0.2588)  train_iou: 0.7072 (0.6587)  time: 1.1068  data: 0.0004  max mem: 31525
Epoch: [4]  [4440/5625]  eta: 0:19:38  lr: 0.000009  train_loss: 0.2357 (0.2588)  train_iou: 0.6424 (0.6586)  time: 0.9842  data: 0.0004  max mem: 31525
Epoch: [4]  [4460/5625]  eta: 0:19:18  lr: 0.000009  train_loss: 0.1961 (0.2585)  train_iou: 0.6516 (0.6586)  time: 0.9895  data: 0.0004  max mem: 31525
Epoch: [4]  [4480/5625]  eta: 0:18:58  lr: 0.000009  train_loss: 0.2121 (0.2583)  train_iou: 0.6586 (0.6585)  time: 0.9883  data: 0.0005  max mem: 31525
Epoch: [4]  [4500/5625]  eta: 0:18:38  lr: 0.000009  train_loss: 0.2689 (0.2584)  train_iou: 0.7178 (0.6587)  time: 0.9873  data: 0.0004  max mem: 31525
Epoch: [4]  [4520/5625]  eta: 0:18:18  lr: 0.000009  train_loss: 0.1969 (0.2581)  train_iou: 0.6833 (0.6588)  time: 0.9890  data: 0.0004  max mem: 31525
Epoch: [4]  [4540/5625]  eta: 0:17:58  lr: 0.000009  train_loss: 0.2088 (0.2580)  train_iou: 0.6241 (0.6588)  time: 0.9882  data: 0.0005  max mem: 31525
Epoch: [4]  [4560/5625]  eta: 0:17:38  lr: 0.000009  train_loss: 0.1364 (0.2579)  train_iou: 0.6949 (0.6590)  time: 0.9857  data: 0.0004  max mem: 31525
Epoch: [4]  [4580/5625]  eta: 0:17:18  lr: 0.000009  train_loss: 0.1680 (0.2577)  train_iou: 0.6624 (0.6590)  time: 0.9835  data: 0.0004  max mem: 31525
Epoch: [4]  [4600/5625]  eta: 0:16:58  lr: 0.000009  train_loss: 0.2177 (0.2577)  train_iou: 0.6352 (0.6589)  time: 0.9880  data: 0.0004  max mem: 31525
Epoch: [4]  [4620/5625]  eta: 0:16:38  lr: 0.000009  train_loss: 0.2209 (0.2579)  train_iou: 0.6990 (0.6592)  time: 0.9888  data: 0.0004  max mem: 31525
Epoch: [4]  [4640/5625]  eta: 0:16:19  lr: 0.000009  train_loss: 0.2453 (0.2580)  train_iou: 0.5841 (0.6590)  time: 0.9867  data: 0.0004  max mem: 31525
Epoch: [4]  [4660/5625]  eta: 0:15:59  lr: 0.000009  train_loss: 0.1570 (0.2578)  train_iou: 0.6669 (0.6591)  time: 0.9867  data: 0.0004  max mem: 31525
Epoch: [4]  [4680/5625]  eta: 0:15:39  lr: 0.000009  train_loss: 0.1793 (0.2577)  train_iou: 0.6623 (0.6590)  time: 0.9889  data: 0.0005  max mem: 31525
Epoch: [4]  [4700/5625]  eta: 0:15:19  lr: 0.000009  train_loss: 0.2417 (0.2577)  train_iou: 0.6492 (0.6589)  time: 0.9873  data: 0.0004  max mem: 31525
Epoch: [4]  [4720/5625]  eta: 0:14:59  lr: 0.000009  train_loss: 0.1965 (0.2575)  train_iou: 0.6781 (0.6590)  time: 0.9897  data: 0.0004  max mem: 31525
Epoch: [4]  [4740/5625]  eta: 0:14:39  lr: 0.000009  train_loss: 0.3135 (0.2579)  train_iou: 0.5998 (0.6588)  time: 0.9917  data: 0.0005  max mem: 31525
Epoch: [4]  [4760/5625]  eta: 0:14:19  lr: 0.000009  train_loss: 0.2798 (0.2579)  train_iou: 0.6714 (0.6588)  time: 0.9876  data: 0.0005  max mem: 31525
Epoch: [4]  [4780/5625]  eta: 0:13:59  lr: 0.000009  train_loss: 0.2563 (0.2581)  train_iou: 0.6296 (0.6587)  time: 0.9867  data: 0.0005  max mem: 31525
Epoch: [4]  [4800/5625]  eta: 0:13:39  lr: 0.000009  train_loss: 0.2181 (0.2581)  train_iou: 0.6840 (0.6586)  time: 0.9875  data: 0.0004  max mem: 31525
Epoch: [4]  [4820/5625]  eta: 0:13:19  lr: 0.000009  train_loss: 0.2228 (0.2581)  train_iou: 0.6435 (0.6587)  time: 0.9871  data: 0.0004  max mem: 31525
Epoch: [4]  [4840/5625]  eta: 0:13:00  lr: 0.000009  train_loss: 0.1783 (0.2580)  train_iou: 0.5959 (0.6586)  time: 0.9881  data: 0.0004  max mem: 31525
Epoch: [4]  [4860/5625]  eta: 0:12:40  lr: 0.000009  train_loss: 0.1911 (0.2579)  train_iou: 0.6085 (0.6585)  time: 0.9901  data: 0.0005  max mem: 31525
Epoch: [4]  [4880/5625]  eta: 0:12:20  lr: 0.000009  train_loss: 0.2049 (0.2578)  train_iou: 0.6523 (0.6584)  time: 0.9888  data: 0.0004  max mem: 31525
Epoch: [4]  [4900/5625]  eta: 0:12:00  lr: 0.000009  train_loss: 0.2739 (0.2582)  train_iou: 0.6576 (0.6584)  time: 0.9865  data: 0.0004  max mem: 31525
Epoch: [4]  [4920/5625]  eta: 0:11:40  lr: 0.000009  train_loss: 0.1875 (0.2581)  train_iou: 0.6265 (0.6583)  time: 0.9893  data: 0.0004  max mem: 31525
Epoch: [4]  [4940/5625]  eta: 0:11:20  lr: 0.000009  train_loss: 0.1558 (0.2579)  train_iou: 0.6184 (0.6582)  time: 0.9857  data: 0.0004  max mem: 31525
Epoch: [4]  [4960/5625]  eta: 0:11:00  lr: 0.000009  train_loss: 0.2747 (0.2580)  train_iou: 0.6572 (0.6582)  time: 0.9830  data: 0.0004  max mem: 31525
Epoch: [4]  [4980/5625]  eta: 0:10:40  lr: 0.000009  train_loss: 0.2798 (0.2582)  train_iou: 0.6464 (0.6580)  time: 0.9900  data: 0.0004  max mem: 31525
Epoch: [4]  [5000/5625]  eta: 0:10:20  lr: 0.000009  train_loss: 0.2013 (0.2581)  train_iou: 0.6718 (0.6580)  time: 0.9877  data: 0.0004  max mem: 31525
Epoch: [4]  [5020/5625]  eta: 0:10:01  lr: 0.000009  train_loss: 0.1942 (0.2579)  train_iou: 0.7032 (0.6583)  time: 0.9875  data: 0.0004  max mem: 31525
Epoch: [4]  [5040/5625]  eta: 0:09:41  lr: 0.000009  train_loss: 0.2528 (0.2581)  train_iou: 0.6263 (0.6580)  time: 0.9874  data: 0.0005  max mem: 31525
Epoch: [4]  [5060/5625]  eta: 0:09:21  lr: 0.000009  train_loss: 0.2471 (0.2581)  train_iou: 0.5818 (0.6579)  time: 0.9853  data: 0.0005  max mem: 31525
Epoch: [4]  [5080/5625]  eta: 0:09:01  lr: 0.000009  train_loss: 0.1997 (0.2579)  train_iou: 0.6490 (0.6578)  time: 0.9891  data: 0.0005  max mem: 31525
Epoch: [4]  [5100/5625]  eta: 0:08:41  lr: 0.000009  train_loss: 0.2357 (0.2581)  train_iou: 0.6643 (0.6577)  time: 0.9875  data: 0.0005  max mem: 31525
Epoch: [4]  [5120/5625]  eta: 0:08:21  lr: 0.000009  train_loss: 0.2018 (0.2581)  train_iou: 0.6533 (0.6576)  time: 0.9883  data: 0.0004  max mem: 31525
Epoch: [4]  [5140/5625]  eta: 0:08:01  lr: 0.000009  train_loss: 0.2947 (0.2582)  train_iou: 0.6712 (0.6576)  time: 0.9890  data: 0.0004  max mem: 31525
Epoch: [4]  [5160/5625]  eta: 0:07:41  lr: 0.000009  train_loss: 0.2539 (0.2584)  train_iou: 0.6752 (0.6577)  time: 0.9885  data: 0.0004  max mem: 31525
Epoch: [4]  [5180/5625]  eta: 0:07:22  lr: 0.000009  train_loss: 0.1959 (0.2584)  train_iou: 0.6367 (0.6576)  time: 0.9862  data: 0.0004  max mem: 31525
Epoch: [4]  [5200/5625]  eta: 0:07:02  lr: 0.000009  train_loss: 0.2260 (0.2584)  train_iou: 0.6771 (0.6576)  time: 0.9887  data: 0.0005  max mem: 31525
Epoch: [4]  [5220/5625]  eta: 0:06:42  lr: 0.000009  train_loss: 0.1882 (0.2583)  train_iou: 0.7485 (0.6579)  time: 0.9872  data: 0.0004  max mem: 31525
Epoch: [4]  [5240/5625]  eta: 0:06:22  lr: 0.000009  train_loss: 0.1838 (0.2581)  train_iou: 0.6761 (0.6580)  time: 0.9872  data: 0.0005  max mem: 31525
Epoch: [4]  [5260/5625]  eta: 0:06:02  lr: 0.000009  train_loss: 0.1848 (0.2579)  train_iou: 0.7581 (0.6582)  time: 0.9830  data: 0.0004  max mem: 31525
Epoch: [4]  [5280/5625]  eta: 0:05:42  lr: 0.000009  train_loss: 0.2246 (0.2579)  train_iou: 0.6435 (0.6581)  time: 0.9886  data: 0.0004  max mem: 31525
Epoch: [4]  [5300/5625]  eta: 0:05:22  lr: 0.000009  train_loss: 0.1985 (0.2577)  train_iou: 0.6537 (0.6581)  time: 0.9901  data: 0.0004  max mem: 31525
Epoch: [4]  [5320/5625]  eta: 0:05:02  lr: 0.000009  train_loss: 0.2674 (0.2579)  train_iou: 0.6384 (0.6580)  time: 0.9893  data: 0.0004  max mem: 31525
Epoch: [4]  [5340/5625]  eta: 0:04:43  lr: 0.000009  train_loss: 0.2909 (0.2580)  train_iou: 0.6332 (0.6580)  time: 0.9878  data: 0.0004  max mem: 31525
Epoch: [4]  [5360/5625]  eta: 0:04:23  lr: 0.000009  train_loss: 0.2506 (0.2581)  train_iou: 0.6719 (0.6580)  time: 0.9892  data: 0.0004  max mem: 31525
Epoch: [4]  [5380/5625]  eta: 0:04:03  lr: 0.000009  train_loss: 0.2254 (0.2581)  train_iou: 0.6458 (0.6579)  time: 0.9882  data: 0.0005  max mem: 31525
Epoch: [4]  [5400/5625]  eta: 0:03:43  lr: 0.000009  train_loss: 0.2046 (0.2581)  train_iou: 0.6413 (0.6578)  time: 0.9922  data: 0.0005  max mem: 31525
Epoch: [4]  [5420/5625]  eta: 0:03:23  lr: 0.000009  train_loss: 0.2157 (0.2581)  train_iou: 0.6417 (0.6577)  time: 0.9884  data: 0.0005  max mem: 31525
Epoch: [4]  [5440/5625]  eta: 0:03:03  lr: 0.000009  train_loss: 0.1914 (0.2580)  train_iou: 0.6502 (0.6578)  time: 0.9851  data: 0.0004  max mem: 31525
Epoch: [4]  [5460/5625]  eta: 0:02:43  lr: 0.000009  train_loss: 0.2036 (0.2581)  train_iou: 0.7035 (0.6579)  time: 0.9880  data: 0.0004  max mem: 31525
Epoch: [4]  [5480/5625]  eta: 0:02:23  lr: 0.000009  train_loss: 0.2285 (0.2580)  train_iou: 0.6913 (0.6580)  time: 0.9879  data: 0.0005  max mem: 31525
Epoch: [4]  [5500/5625]  eta: 0:02:04  lr: 0.000009  train_loss: 0.2743 (0.2580)  train_iou: 0.6133 (0.6579)  time: 0.9875  data: 0.0004  max mem: 31525
Epoch: [4]  [5520/5625]  eta: 0:01:44  lr: 0.000009  train_loss: 0.2126 (0.2581)  train_iou: 0.5848 (0.6577)  time: 0.9883  data: 0.0005  max mem: 31525
Epoch: [4]  [5540/5625]  eta: 0:01:24  lr: 0.000009  train_loss: 0.2570 (0.2582)  train_iou: 0.7324 (0.6579)  time: 0.9885  data: 0.0004  max mem: 31525
Epoch: [4]  [5560/5625]  eta: 0:01:04  lr: 0.000009  train_loss: 0.2658 (0.2582)  train_iou: 0.6676 (0.6579)  time: 0.9882  data: 0.0004  max mem: 31525
Epoch: [4]  [5580/5625]  eta: 0:00:44  lr: 0.000009  train_loss: 0.1932 (0.2581)  train_iou: 0.6675 (0.6580)  time: 0.9910  data: 0.0005  max mem: 31525
Epoch: [4]  [5600/5625]  eta: 0:00:24  lr: 0.000009  train_loss: 0.2192 (0.2581)  train_iou: 0.6501 (0.6580)  time: 0.9902  data: 0.0005  max mem: 31525
Epoch: [4]  [5620/5625]  eta: 0:00:04  lr: 0.000009  train_loss: 0.2097 (0.2581)  train_iou: 0.5940 (0.6579)  time: 0.9245  data: 0.0003  max mem: 31525
Epoch: [4]  [5624/5625]  eta: 0:00:00  lr: 0.000009  train_loss: 0.2510 (0.2581)  train_iou: 0.6204 (0.6579)  time: 0.9008  data: 0.0002  max mem: 31525
Epoch: [4] Total time: 1:33:04 (0.9928 s / it)
Averaged stats: lr: 0.000009  train_loss: 0.2510 (0.2581)  train_iou: 0.6204 (0.6579)
huggingface/tokenizers: The current process just got forked, after parallelism has already been used. Disabling parallelism to avoid deadlocks...
To disable this warning, you can either:
	- Avoid using `tokenizers` before the fork if possible
	- Explicitly set the environment variable TOKENIZERS_PARALLELISM=(true | false)
huggingface/tokenizers: The current process just got forked, after parallelism has already been used. Disabling parallelism to avoid deadlocks...
To disable this warning, you can either:
	- Avoid using `tokenizers` before the fork if possible
	- Explicitly set the environment variable TOKENIZERS_PARALLELISM=(true | false)
huggingface/tokenizers: The current process just got forked, after parallelism has already been used. Disabling parallelism to avoid deadlocks...
To disable this warning, you can either:
	- Avoid using `tokenizers` before the fork if possible
	- Explicitly set the environment variable TOKENIZERS_PARALLELISM=(true | false)
huggingface/tokenizers: The current process just got forked, after parallelism has already been used. Disabling parallelism to avoid deadlocks...
To disable this warning, you can either:
	- Avoid using `tokenizers` before the fork if possible
	- Explicitly set the environment variable TOKENIZERS_PARALLELISM=(true | false)
huggingface/tokenizers: The current process just got forked, after parallelism has already been used. Disabling parallelism to avoid deadlocks...
To disable this warning, you can either:
	- Avoid using `tokenizers` before the fork if possible
	- Explicitly set the environment variable TOKENIZERS_PARALLELISM=(true | false)
huggingface/tokenizers: The current process just got forked, after parallelism has already been used. Disabling parallelism to avoid deadlocks...
To disable this warning, you can either:
	- Avoid using `tokenizers` before the fork if possible
	- Explicitly set the environment variable TOKENIZERS_PARALLELISM=(true | false)
huggingface/tokenizers: The current process just got forked, after parallelism has already been used. Disabling parallelism to avoid deadlocks...
To disable this warning, you can either:
	- Avoid using `tokenizers` before the fork if possible
	- Explicitly set the environment variable TOKENIZERS_PARALLELISM=(true | false)
huggingface/tokenizers: The current process just got forked, after parallelism has already been used. Disabling parallelism to avoid deadlocks...
To disable this warning, you can either:
	- Avoid using `tokenizers` before the fork if possible
	- Explicitly set the environment variable TOKENIZERS_PARALLELISM=(true | false)
Test:  [   0/4000]  eta: 8:30:20  inter: 33325.0000 (33325.0000)  union: 36253.0000 (36253.0000)  iou: 0.9192 (0.9192)  time: 7.6550  data: 1.1431  max mem: 31525
Test:  [  50/4000]  eta: 0:44:05  inter: 23082.0000 (27365.0156)  union: 54234.0000 (48993.6406)  iou: 0.3313 (0.5593)  time: 0.1971  data: 0.0005  max mem: 31525
Test:  [ 100/4000]  eta: 0:34:16  inter: 29307.0000 (29156.2721)  union: 47470.0000 (46190.3971)  iou: 0.7934 (0.6192)  time: 0.1947  data: 0.0005  max mem: 31525
Test:  [ 150/4000]  eta: 0:26:57  inter: 18860.0000 (27792.7321)  union: 30175.0000 (43288.6651)  iou: 0.8407 (0.6340)  time: 0.2080  data: 0.0005  max mem: 31525
Test:  [ 200/4000]  eta: 0:23:02  inter: 34180.0000 (28458.2344)  union: 37430.0000 (42497.6044)  iou: 0.9261 (0.6494)  time: 0.1916  data: 0.0005  max mem: 31525
Test:  [ 250/4000]  eta: 0:20:32  inter: 15407.0000 (30458.6024)  union: 32456.0000 (43879.7470)  iou: 0.6410 (0.6480)  time: 0.1851  data: 0.0005  max mem: 31525
Test:  [ 300/4000]  eta: 0:18:56  inter: 21929.0000 (29845.7519)  union: 24777.0000 (43232.6675)  iou: 0.8515 (0.6434)  time: 0.2037  data: 0.0005  max mem: 31525
Test:  [ 350/4000]  eta: 0:17:50  inter: 8825.0000 (28792.8595)  union: 34420.0000 (43327.4153)  iou: 0.4559 (0.6288)  time: 0.2097  data: 0.0005  max mem: 31525
Test:  [ 400/4000]  eta: 0:18:38  inter: 30633.0000 (28156.0714)  union: 36012.0000 (42460.4661)  iou: 0.7410 (0.6262)  time: 0.1943  data: 0.0005  max mem: 31525
Test:  [ 450/4000]  eta: 0:17:39  inter: 18704.0000 (27848.3841)  union: 35795.0000 (42509.4508)  iou: 0.7176 (0.6235)  time: 0.2155  data: 0.0005  max mem: 31525
Test:  [ 500/4000]  eta: 0:16:49  inter: 17482.0000 (28608.7192)  union: 36748.0000 (43479.2808)  iou: 0.6126 (0.6216)  time: 0.1923  data: 0.0005  max mem: 31525
Test:  [ 550/4000]  eta: 0:16:11  inter: 23690.0000 (28610.2995)  union: 28966.0000 (43127.6902)  iou: 0.8249 (0.6287)  time: 0.2090  data: 0.0005  max mem: 31525
Test:  [ 600/4000]  eta: 0:15:34  inter: 10468.0000 (28584.3716)  union: 35217.0000 (43202.2260)  iou: 0.7896 (0.6255)  time: 0.2032  data: 0.0005  max mem: 31525
Test:  [ 650/4000]  eta: 0:14:59  inter: 30266.0000 (29164.4497)  union: 41955.0000 (43575.9028)  iou: 0.7363 (0.6265)  time: 0.1933  data: 0.0005  max mem: 31525
Test:  [ 700/4000]  eta: 0:14:30  inter: 18208.0000 (28772.5390)  union: 28816.0000 (43315.3758)  iou: 0.5902 (0.6200)  time: 0.1938  data: 0.0005  max mem: 31525
Test:  [ 750/4000]  eta: 0:14:05  inter: 23558.0000 (28625.0761)  union: 29821.0000 (43088.7203)  iou: 0.8392 (0.6213)  time: 0.2187  data: 0.0005  max mem: 31525
Test:  [ 800/4000]  eta: 0:13:40  inter: 23897.0000 (28335.8473)  union: 46547.0000 (42636.7625)  iou: 0.6888 (0.6203)  time: 0.2074  data: 0.0005  max mem: 31525
Test:  [ 850/4000]  eta: 0:13:18  inter: 21944.0000 (28299.3623)  union: 40208.0000 (42593.5506)  iou: 0.8000 (0.6202)  time: 0.1908  data: 0.0005  max mem: 31525
Test:  [ 900/4000]  eta: 0:12:57  inter: 21333.0000 (28389.3992)  union: 27540.0000 (42995.4047)  iou: 0.7951 (0.6153)  time: 0.1912  data: 0.0005  max mem: 31525
Test:  [ 950/4000]  eta: 0:12:36  inter: 24935.0000 (28543.6767)  union: 30740.0000 (43014.2131)  iou: 0.8690 (0.6150)  time: 0.1991  data: 0.0005  max mem: 31525
Test:  [1000/4000]  eta: 0:12:17  inter: 28009.0000 (28765.4597)  union: 37424.0000 (43171.5502)  iou: 0.7621 (0.6164)  time: 0.1901  data: 0.0005  max mem: 31525
Test:  [1050/4000]  eta: 0:11:58  inter: 21666.0000 (28819.6320)  union: 38202.0000 (43181.1306)  iou: 0.6519 (0.6169)  time: 0.2037  data: 0.0005  max mem: 31525
Test:  [1100/4000]  eta: 0:11:39  inter: 22266.0000 (28592.2591)  union: 30248.0000 (42857.6400)  iou: 0.7361 (0.6146)  time: 0.1982  data: 0.0005  max mem: 31525
Test:  [1150/4000]  eta: 0:11:23  inter: 11184.0000 (28665.4411)  union: 23910.0000 (42720.7866)  iou: 0.5204 (0.6175)  time: 0.2106  data: 0.0005  max mem: 31525
Test:  [1200/4000]  eta: 0:11:07  inter: 16190.0000 (28803.0232)  union: 33132.0000 (43036.5422)  iou: 0.7941 (0.6162)  time: 0.2021  data: 0.0004  max mem: 31525
Test:  [1250/4000]  eta: 0:10:52  inter: 9868.0000 (28521.4679)  union: 33859.0000 (42858.7876)  iou: 0.2276 (0.6139)  time: 0.2144  data: 0.0005  max mem: 31525
Test:  [1300/4000]  eta: 0:10:36  inter: 23543.0000 (28266.2567)  union: 36561.0000 (42574.2671)  iou: 0.6783 (0.6150)  time: 0.2049  data: 0.0005  max mem: 31525
Test:  [1350/4000]  eta: 0:10:21  inter: 26256.0000 (28310.5116)  union: 34162.0000 (42633.7221)  iou: 0.7881 (0.6154)  time: 0.2019  data: 0.0005  max mem: 31525
Test:  [1400/4000]  eta: 0:10:07  inter: 9941.0000 (28411.3209)  union: 12224.0000 (42918.0638)  iou: 0.7418 (0.6132)  time: 0.2039  data: 0.0005  max mem: 31525
Test:  [1450/4000]  eta: 0:09:52  inter: 14805.0000 (28264.8308)  union: 41586.0000 (42775.7125)  iou: 0.4780 (0.6114)  time: 0.1997  data: 0.0005  max mem: 31525
Test:  [1500/4000]  eta: 0:09:38  inter: 19089.0000 (28308.3406)  union: 45079.0000 (42886.7971)  iou: 0.5497 (0.6096)  time: 0.1988  data: 0.0005  max mem: 31525
Test:  [1550/4000]  eta: 0:09:25  inter: 22316.0000 (28176.1921)  union: 28759.0000 (42801.5488)  iou: 0.8480 (0.6096)  time: 0.2180  data: 0.0005  max mem: 31525
Test:  [1600/4000]  eta: 0:09:30  inter: 13312.0000 (28082.1172)  union: 38237.0000 (42787.0930)  iou: 0.7631 (0.6067)  time: 0.8194  data: 0.0005  max mem: 31525
Test:  [1650/4000]  eta: 0:09:15  inter: 23209.0000 (28065.5506)  union: 39152.0000 (42804.2504)  iou: 0.4908 (0.6051)  time: 0.2008  data: 0.0005  max mem: 31525
Test:  [1700/4000]  eta: 0:09:01  inter: 16894.0000 (28024.4084)  union: 36079.0000 (42917.4627)  iou: 0.7916 (0.6035)  time: 0.2018  data: 0.0005  max mem: 31525
Test:  [1750/4000]  eta: 0:08:47  inter: 25790.0000 (27946.4202)  union: 39341.0000 (42817.6224)  iou: 0.7868 (0.6026)  time: 0.2166  data: 0.0005  max mem: 31525
Test:  [1800/4000]  eta: 0:08:34  inter: 25828.0000 (27821.1680)  union: 39850.0000 (42800.6600)  iou: 0.7108 (0.6020)  time: 0.2174  data: 0.0005  max mem: 31525
Test:  [1850/4000]  eta: 0:08:20  inter: 18421.0000 (27813.4383)  union: 34133.0000 (42942.4559)  iou: 0.4246 (0.6005)  time: 0.2047  data: 0.0005  max mem: 31525
Test:  [1900/4000]  eta: 0:08:07  inter: 35434.0000 (27740.0742)  union: 55114.0000 (42918.0321)  iou: 0.5843 (0.6010)  time: 0.2111  data: 0.0005  max mem: 31525
Test:  [1950/4000]  eta: 0:07:55  inter: 11437.0000 (27764.9058)  union: 16743.0000 (42892.8142)  iou: 0.6611 (0.6015)  time: 0.2045  data: 0.0005  max mem: 31525
Test:  [2000/4000]  eta: 0:07:42  inter: 15780.0000 (27731.2819)  union: 22700.0000 (42795.7280)  iou: 0.7641 (0.6020)  time: 0.1943  data: 0.0005  max mem: 31525
Test:  [2050/4000]  eta: 0:07:29  inter: 11455.0000 (27641.1630)  union: 56127.0000 (42984.4321)  iou: 0.3047 (0.5995)  time: 0.2292  data: 0.0005  max mem: 31525
Test:  [2100/4000]  eta: 0:07:16  inter: 19770.0000 (27636.8284)  union: 32110.0000 (42909.2330)  iou: 0.8476 (0.6002)  time: 0.1957  data: 0.0005  max mem: 31525
Test:  [2150/4000]  eta: 0:07:03  inter: 16172.0000 (27621.0030)  union: 30162.0000 (42949.7567)  iou: 0.6097 (0.5992)  time: 0.1982  data: 0.0005  max mem: 31525
Test:  [2200/4000]  eta: 0:06:51  inter: 11261.0000 (27533.0551)  union: 20648.0000 (42819.9178)  iou: 0.6847 (0.5987)  time: 0.2062  data: 0.0005  max mem: 31525
Test:  [2250/4000]  eta: 0:06:39  inter: 23856.0000 (27370.5916)  union: 38807.0000 (42708.3414)  iou: 0.7573 (0.5972)  time: 0.1940  data: 0.0005  max mem: 31525
Test:  [2300/4000]  eta: 0:06:26  inter: 35014.0000 (27462.5408)  union: 40960.0000 (42708.4438)  iou: 0.8185 (0.5991)  time: 0.2073  data: 0.0005  max mem: 31525
Test:  [2350/4000]  eta: 0:06:14  inter: 15267.0000 (27387.2761)  union: 37926.0000 (42649.6564)  iou: 0.7470 (0.5994)  time: 0.2167  data: 0.0005  max mem: 31525
Test:  [2400/4000]  eta: 0:06:03  inter: 10548.0000 (27394.7239)  union: 33048.0000 (42593.8076)  iou: 0.2429 (0.5996)  time: 0.2162  data: 0.0005  max mem: 31525
Test:  [2450/4000]  eta: 0:05:50  inter: 29212.0000 (27506.5403)  union: 33362.0000 (42619.2738)  iou: 0.8913 (0.6020)  time: 0.1889  data: 0.0005  max mem: 31525
Test:  [2500/4000]  eta: 0:05:38  inter: 24473.0000 (27485.3457)  union: 38488.0000 (42595.2113)  iou: 0.8705 (0.6022)  time: 0.1913  data: 0.0005  max mem: 31525
Test:  [2550/4000]  eta: 0:05:26  inter: 30287.0000 (27608.8358)  union: 33226.0000 (42679.1868)  iou: 0.8101 (0.6030)  time: 0.2195  data: 0.0005  max mem: 31525
Test:  [2600/4000]  eta: 0:05:14  inter: 16573.0000 (27548.9866)  union: 34024.0000 (42721.9210)  iou: 0.4871 (0.6017)  time: 0.2091  data: 0.0005  max mem: 31525
Test:  [2650/4000]  eta: 0:05:03  inter: 15960.0000 (27606.6345)  union: 34387.0000 (42956.0728)  iou: 0.8906 (0.6006)  time: 0.2098  data: 0.0005  max mem: 31525
Test:  [2700/4000]  eta: 0:04:51  inter: 26582.0000 (27718.5191)  union: 31903.0000 (43023.3174)  iou: 0.8367 (0.6020)  time: 0.2012  data: 0.0005  max mem: 31525
Test:  [2750/4000]  eta: 0:04:39  inter: 22804.0000 (27771.2770)  union: 33101.0000 (43102.6249)  iou: 0.9062 (0.6011)  time: 0.1983  data: 0.0005  max mem: 31525
Test:  [2800/4000]  eta: 0:04:28  inter: 14821.0000 (27730.9617)  union: 30577.0000 (42969.3553)  iou: 0.7775 (0.6015)  time: 0.2027  data: 0.0005  max mem: 31525
Test:  [2850/4000]  eta: 0:04:16  inter: 12324.0000 (27846.2291)  union: 32770.0000 (43065.1595)  iou: 0.5872 (0.6012)  time: 0.1978  data: 0.0005  max mem: 31525
Test:  [2900/4000]  eta: 0:04:05  inter: 19993.0000 (27882.5513)  union: 26105.0000 (43120.6318)  iou: 0.7903 (0.6008)  time: 0.1943  data: 0.0005  max mem: 31525
Test:  [2950/4000]  eta: 0:03:53  inter: 20336.0000 (27899.5913)  union: 26695.0000 (43128.7529)  iou: 0.5202 (0.6005)  time: 0.1955  data: 0.0005  max mem: 31525
Test:  [3000/4000]  eta: 0:03:42  inter: 21002.0000 (27860.4687)  union: 34032.0000 (43105.4091)  iou: 0.7093 (0.5998)  time: 0.2147  data: 0.0005  max mem: 31525
Test:  [3050/4000]  eta: 0:03:31  inter: 17749.0000 (27862.0975)  union: 30122.0000 (43219.5927)  iou: 0.5209 (0.5996)  time: 0.2035  data: 0.0005  max mem: 31525
Test:  [3100/4000]  eta: 0:03:19  inter: 17199.0000 (27844.8784)  union: 46501.0000 (43169.4443)  iou: 0.4775 (0.5998)  time: 0.2045  data: 0.0005  max mem: 31525
Test:  [3150/4000]  eta: 0:03:08  inter: 15740.0000 (27726.9184)  union: 21674.0000 (43081.3076)  iou: 0.5328 (0.5992)  time: 0.2053  data: 0.0005  max mem: 31525
Test:  [3200/4000]  eta: 0:02:57  inter: 14316.0000 (27780.3545)  union: 40518.0000 (43116.0679)  iou: 0.6405 (0.5999)  time: 0.1965  data: 0.0005  max mem: 31525
Test:  [3250/4000]  eta: 0:02:45  inter: 13678.0000 (27719.7741)  union: 27362.0000 (43073.2752)  iou: 0.7572 (0.5986)  time: 0.2044  data: 0.0005  max mem: 31525
Test:  [3300/4000]  eta: 0:02:34  inter: 31845.0000 (27808.3524)  union: 47090.0000 (43190.5196)  iou: 0.8176 (0.5977)  time: 0.2194  data: 0.0005  max mem: 31525
Test:  [3350/4000]  eta: 0:02:23  inter: 9613.0000 (27806.9740)  union: 12700.0000 (43147.2098)  iou: 0.8010 (0.5985)  time: 0.1904  data: 0.0005  max mem: 31525
Test:  [3400/4000]  eta: 0:02:12  inter: 27435.0000 (27922.7334)  union: 37189.0000 (43182.9341)  iou: 0.8666 (0.5999)  time: 0.2137  data: 0.0005  max mem: 31525
Test:  [3450/4000]  eta: 0:02:01  inter: 19980.0000 (27933.5799)  union: 30069.0000 (43175.5474)  iou: 0.7547 (0.6000)  time: 0.1995  data: 0.0005  max mem: 31525
Test:  [3500/4000]  eta: 0:01:49  inter: 15327.0000 (27900.8376)  union: 21466.0000 (43133.8283)  iou: 0.7923 (0.6001)  time: 0.1956  data: 0.0005  max mem: 31525
Test:  [3550/4000]  eta: 0:01:38  inter: 25619.0000 (27889.8492)  union: 37121.0000 (43159.9278)  iou: 0.8035 (0.5992)  time: 0.1923  data: 0.0005  max mem: 31525
Test:  [3600/4000]  eta: 0:01:27  inter: 21138.0000 (27843.4164)  union: 31481.0000 (43122.0656)  iou: 0.8566 (0.5980)  time: 0.1991  data: 0.0005  max mem: 31525
Test:  [3650/4000]  eta: 0:01:16  inter: 27110.0000 (27820.4595)  union: 38615.0000 (43105.4533)  iou: 0.6610 (0.5979)  time: 0.2251  data: 0.0005  max mem: 31525
Test:  [3700/4000]  eta: 0:01:05  inter: 26356.0000 (27907.2580)  union: 36271.0000 (43123.2833)  iou: 0.8170 (0.5986)  time: 0.2001  data: 0.0005  max mem: 31525
Test:  [3750/4000]  eta: 0:00:54  inter: 28497.0000 (27951.5124)  union: 49804.0000 (43183.1007)  iou: 0.6952 (0.5993)  time: 0.1975  data: 0.0005  max mem: 31525
Test:  [3800/4000]  eta: 0:00:43  inter: 25434.0000 (27959.2955)  union: 29282.0000 (43205.6339)  iou: 0.6207 (0.5993)  time: 0.1901  data: 0.0005  max mem: 31525
Test:  [3850/4000]  eta: 0:00:32  inter: 21227.0000 (27954.6509)  union: 33132.0000 (43212.3303)  iou: 0.8719 (0.5992)  time: 0.1998  data: 0.0005  max mem: 31525
Test:  [3900/4000]  eta: 0:00:21  inter: 18657.0000 (27992.8091)  union: 41568.0000 (43304.4333)  iou: 0.7055 (0.5988)  time: 0.2021  data: 0.0005  max mem: 31525
Test:  [3950/4000]  eta: 0:00:10  inter: 17685.0000 (27946.0579)  union: 43777.0000 (43252.0275)  iou: 0.7672 (0.5988)  time: 0.1971  data: 0.0005  max mem: 31525
Test:  [3999/4000]  eta: 0:00:00  inter: 16161.0000 (27885.7855)  union: 30843.0000 (43142.6275)  iou: 0.7108 (0.5997)  time: 0.1796  data: 0.0002  max mem: 31525
Test: Total time: 0:14:33 (0.2183 s / it)
* IoU 0.600 oIoU 0.646
IoU of the network on the 4000 test images: 0.6%
Max IoU: 0.60%
huggingface/tokenizers: The current process just got forked, after parallelism has already been used. Disabling parallelism to avoid deadlocks...
To disable this warning, you can either:
	- Avoid using `tokenizers` before the fork if possible
	- Explicitly set the environment variable TOKENIZERS_PARALLELISM=(true | false)
huggingface/tokenizers: The current process just got forked, after parallelism has already been used. Disabling parallelism to avoid deadlocks...
To disable this warning, you can either:
	- Avoid using `tokenizers` before the fork if possible
	- Explicitly set the environment variable TOKENIZERS_PARALLELISM=(true | false)
huggingface/tokenizers: The current process just got forked, after parallelism has already been used. Disabling parallelism to avoid deadlocks...
To disable this warning, you can either:
	- Avoid using `tokenizers` before the fork if possible
	- Explicitly set the environment variable TOKENIZERS_PARALLELISM=(true | false)
huggingface/tokenizers: The current process just got forked, after parallelism has already been used. Disabling parallelism to avoid deadlocks...
To disable this warning, you can either:
	- Avoid using `tokenizers` before the fork if possible
	- Explicitly set the environment variable TOKENIZERS_PARALLELISM=(true | false)
huggingface/tokenizers: The current process just got forked, after parallelism has already been used. Disabling parallelism to avoid deadlocks...
To disable this warning, you can either:
	- Avoid using `tokenizers` before the fork if possible
	- Explicitly set the environment variable TOKENIZERS_PARALLELISM=(true | false)
huggingface/tokenizers: The current process just got forked, after parallelism has already been used. Disabling parallelism to avoid deadlocks...
To disable this warning, you can either:
	- Avoid using `tokenizers` before the fork if possible
	- Explicitly set the environment variable TOKENIZERS_PARALLELISM=(true | false)
huggingface/tokenizers: The current process just got forked, after parallelism has already been used. Disabling parallelism to avoid deadlocks...
To disable this warning, you can either:
	- Avoid using `tokenizers` before the fork if possible
	- Explicitly set the environment variable TOKENIZERS_PARALLELISM=(true | false)
huggingface/tokenizers: The current process just got forked, after parallelism has already been used. Disabling parallelism to avoid deadlocks...
To disable this warning, you can either:
	- Avoid using `tokenizers` before the fork if possible
	- Explicitly set the environment variable TOKENIZERS_PARALLELISM=(true | false)
Epoch: [5]  [   0/5625]  eta: 8:08:25  lr: 0.000009  train_loss: 0.3862 (0.3862)  train_iou: 0.5785 (0.5785)  time: 5.2098  data: 3.8255  max mem: 31525
Epoch: [5]  [  20/5625]  eta: 1:54:45  lr: 0.000009  train_loss: 0.1631 (0.2424)  train_iou: 0.6426 (0.6324)  time: 1.0293  data: 0.0012  max mem: 31525
Epoch: [5]  [  40/5625]  eta: 1:44:51  lr: 0.000009  train_loss: 0.1391 (0.2083)  train_iou: 0.7082 (0.6582)  time: 1.0195  data: 0.0005  max mem: 31525
Epoch: [5]  [  60/5625]  eta: 1:41:11  lr: 0.000009  train_loss: 0.1941 (0.2101)  train_iou: 0.6179 (0.6525)  time: 1.0184  data: 0.0004  max mem: 31525
Epoch: [5]  [  80/5625]  eta: 1:39:14  lr: 0.000009  train_loss: 0.2019 (0.2136)  train_iou: 0.6541 (0.6557)  time: 1.0213  data: 0.0004  max mem: 31525
Epoch: [5]  [ 100/5625]  eta: 1:38:03  lr: 0.000009  train_loss: 0.1797 (0.2252)  train_iou: 0.6283 (0.6524)  time: 1.0289  data: 0.0004  max mem: 31525
Epoch: [5]  [ 120/5625]  eta: 1:37:07  lr: 0.000009  train_loss: 0.2093 (0.2266)  train_iou: 0.6455 (0.6532)  time: 1.0262  data: 0.0005  max mem: 31525
Epoch: [5]  [ 140/5625]  eta: 1:36:21  lr: 0.000009  train_loss: 0.2284 (0.2307)  train_iou: 0.6841 (0.6566)  time: 1.0268  data: 0.0004  max mem: 31525
Epoch: [5]  [ 160/5625]  eta: 1:35:42  lr: 0.000009  train_loss: 0.2379 (0.2381)  train_iou: 0.6840 (0.6612)  time: 1.0284  data: 0.0004  max mem: 31525
Epoch: [5]  [ 180/5625]  eta: 1:35:04  lr: 0.000009  train_loss: 0.2243 (0.2365)  train_iou: 0.6624 (0.6599)  time: 1.0212  data: 0.0004  max mem: 31525
Epoch: [5]  [ 200/5625]  eta: 1:35:40  lr: 0.000009  train_loss: 0.1585 (0.2333)  train_iou: 0.6007 (0.6593)  time: 1.1540  data: 0.0004  max mem: 31525
Epoch: [5]  [ 220/5625]  eta: 1:35:01  lr: 0.000009  train_loss: 0.1637 (0.2331)  train_iou: 0.7227 (0.6635)  time: 1.0211  data: 0.0004  max mem: 31525
Epoch: [5]  [ 240/5625]  eta: 1:34:24  lr: 0.000009  train_loss: 0.1998 (0.2342)  train_iou: 0.6540 (0.6630)  time: 1.0194  data: 0.0004  max mem: 31525
Epoch: [5]  [ 260/5625]  eta: 1:33:53  lr: 0.000009  train_loss: 0.2044 (0.2334)  train_iou: 0.6793 (0.6647)  time: 1.0280  data: 0.0004  max mem: 31525
Epoch: [5]  [ 280/5625]  eta: 1:33:25  lr: 0.000009  train_loss: 0.1829 (0.2331)  train_iou: 0.7007 (0.6671)  time: 1.0308  data: 0.0004  max mem: 31525
Epoch: [5]  [ 300/5625]  eta: 1:32:55  lr: 0.000009  train_loss: 0.2374 (0.2348)  train_iou: 0.6571 (0.6658)  time: 1.0233  data: 0.0004  max mem: 31525
Epoch: [5]  [ 320/5625]  eta: 1:32:28  lr: 0.000009  train_loss: 0.2198 (0.2348)  train_iou: 0.6607 (0.6656)  time: 1.0290  data: 0.0005  max mem: 31525
Epoch: [5]  [ 340/5625]  eta: 1:32:03  lr: 0.000009  train_loss: 0.2550 (0.2374)  train_iou: 0.6489 (0.6633)  time: 1.0337  data: 0.0004  max mem: 31525
Epoch: [5]  [ 360/5625]  eta: 1:31:39  lr: 0.000009  train_loss: 0.2165 (0.2382)  train_iou: 0.6570 (0.6626)  time: 1.0338  data: 0.0005  max mem: 31525
Epoch: [5]  [ 380/5625]  eta: 1:31:15  lr: 0.000009  train_loss: 0.1725 (0.2379)  train_iou: 0.6732 (0.6629)  time: 1.0333  data: 0.0005  max mem: 31525
Epoch: [5]  [ 400/5625]  eta: 1:30:50  lr: 0.000009  train_loss: 0.1520 (0.2366)  train_iou: 0.6822 (0.6640)  time: 1.0299  data: 0.0004  max mem: 31525
Epoch: [5]  [ 420/5625]  eta: 1:30:27  lr: 0.000009  train_loss: 0.2573 (0.2406)  train_iou: 0.6415 (0.6639)  time: 1.0332  data: 0.0005  max mem: 31525
Epoch: [5]  [ 440/5625]  eta: 1:30:02  lr: 0.000009  train_loss: 0.1935 (0.2395)  train_iou: 0.6504 (0.6638)  time: 1.0234  data: 0.0005  max mem: 31525
Epoch: [5]  [ 460/5625]  eta: 1:29:37  lr: 0.000009  train_loss: 0.1523 (0.2381)  train_iou: 0.6793 (0.6646)  time: 1.0242  data: 0.0004  max mem: 31525
Epoch: [5]  [ 480/5625]  eta: 1:29:12  lr: 0.000009  train_loss: 0.2356 (0.2390)  train_iou: 0.5732 (0.6622)  time: 1.0223  data: 0.0004  max mem: 31525
Epoch: [5]  [ 500/5625]  eta: 1:28:50  lr: 0.000009  train_loss: 0.2119 (0.2392)  train_iou: 0.6621 (0.6625)  time: 1.0334  data: 0.0005  max mem: 31525
Epoch: [5]  [ 520/5625]  eta: 1:28:26  lr: 0.000009  train_loss: 0.1836 (0.2401)  train_iou: 0.6621 (0.6626)  time: 1.0259  data: 0.0004  max mem: 31525
Epoch: [5]  [ 540/5625]  eta: 1:28:03  lr: 0.000009  train_loss: 0.2250 (0.2410)  train_iou: 0.6005 (0.6611)  time: 1.0266  data: 0.0004  max mem: 31525
Epoch: [5]  [ 560/5625]  eta: 1:27:41  lr: 0.000009  train_loss: 0.1630 (0.2399)  train_iou: 0.6700 (0.6619)  time: 1.0296  data: 0.0005  max mem: 31525
Epoch: [5]  [ 580/5625]  eta: 1:27:17  lr: 0.000009  train_loss: 0.2438 (0.2410)  train_iou: 0.6758 (0.6625)  time: 1.0232  data: 0.0005  max mem: 31525
Epoch: [5]  [ 600/5625]  eta: 1:26:55  lr: 0.000009  train_loss: 0.2486 (0.2425)  train_iou: 0.5737 (0.6607)  time: 1.0277  data: 0.0004  max mem: 31525
Epoch: [5]  [ 620/5625]  eta: 1:26:33  lr: 0.000009  train_loss: 0.1795 (0.2431)  train_iou: 0.6375 (0.6604)  time: 1.0327  data: 0.0004  max mem: 31525
Epoch: [5]  [ 640/5625]  eta: 1:26:11  lr: 0.000009  train_loss: 0.2536 (0.2435)  train_iou: 0.7002 (0.6609)  time: 1.0281  data: 0.0005  max mem: 31525
Epoch: [5]  [ 660/5625]  eta: 1:25:47  lr: 0.000009  train_loss: 0.2100 (0.2433)  train_iou: 0.6670 (0.6619)  time: 1.0197  data: 0.0004  max mem: 31525
Epoch: [5]  [ 680/5625]  eta: 1:25:25  lr: 0.000009  train_loss: 0.2262 (0.2439)  train_iou: 0.6464 (0.6613)  time: 1.0250  data: 0.0005  max mem: 31525
Epoch: [5]  [ 700/5625]  eta: 1:25:03  lr: 0.000009  train_loss: 0.2655 (0.2450)  train_iou: 0.6478 (0.6616)  time: 1.0286  data: 0.0005  max mem: 31525
Epoch: [5]  [ 720/5625]  eta: 1:24:41  lr: 0.000009  train_loss: 0.1842 (0.2450)  train_iou: 0.6008 (0.6600)  time: 1.0260  data: 0.0004  max mem: 31525
Epoch: [5]  [ 740/5625]  eta: 1:24:19  lr: 0.000009  train_loss: 0.1638 (0.2442)  train_iou: 0.6673 (0.6606)  time: 1.0259  data: 0.0004  max mem: 31525
Epoch: [5]  [ 760/5625]  eta: 1:23:58  lr: 0.000009  train_loss: 0.2068 (0.2437)  train_iou: 0.6616 (0.6609)  time: 1.0306  data: 0.0005  max mem: 31525
Epoch: [5]  [ 780/5625]  eta: 1:23:36  lr: 0.000009  train_loss: 0.2142 (0.2439)  train_iou: 0.6303 (0.6605)  time: 1.0255  data: 0.0004  max mem: 31525
Epoch: [5]  [ 800/5625]  eta: 1:23:14  lr: 0.000009  train_loss: 0.2111 (0.2440)  train_iou: 0.6926 (0.6607)  time: 1.0306  data: 0.0004  max mem: 31525
Epoch: [5]  [ 820/5625]  eta: 1:22:54  lr: 0.000009  train_loss: 0.2559 (0.2441)  train_iou: 0.6459 (0.6607)  time: 1.0378  data: 0.0005  max mem: 31525
Epoch: [5]  [ 840/5625]  eta: 1:22:34  lr: 0.000009  train_loss: 0.2106 (0.2451)  train_iou: 0.6706 (0.6614)  time: 1.0398  data: 0.0005  max mem: 31525
Epoch: [5]  [ 860/5625]  eta: 1:22:13  lr: 0.000009  train_loss: 0.2127 (0.2451)  train_iou: 0.6374 (0.6609)  time: 1.0326  data: 0.0004  max mem: 31525
Epoch: [5]  [ 880/5625]  eta: 1:21:52  lr: 0.000009  train_loss: 0.1758 (0.2453)  train_iou: 0.6565 (0.6609)  time: 1.0353  data: 0.0004  max mem: 31525
Epoch: [5]  [ 900/5625]  eta: 1:21:30  lr: 0.000009  train_loss: 0.2866 (0.2469)  train_iou: 0.6237 (0.6597)  time: 1.0268  data: 0.0004  max mem: 31525
Epoch: [5]  [ 920/5625]  eta: 1:21:09  lr: 0.000009  train_loss: 0.2429 (0.2474)  train_iou: 0.6611 (0.6596)  time: 1.0252  data: 0.0004  max mem: 31525
Epoch: [5]  [ 940/5625]  eta: 1:20:47  lr: 0.000009  train_loss: 0.1722 (0.2467)  train_iou: 0.6674 (0.6600)  time: 1.0281  data: 0.0005  max mem: 31525
Epoch: [5]  [ 960/5625]  eta: 1:20:26  lr: 0.000009  train_loss: 0.1693 (0.2466)  train_iou: 0.6569 (0.6607)  time: 1.0337  data: 0.0004  max mem: 31525
Epoch: [5]  [ 980/5625]  eta: 1:20:06  lr: 0.000009  train_loss: 0.1895 (0.2462)  train_iou: 0.6202 (0.6600)  time: 1.0321  data: 0.0004  max mem: 31525
Epoch: [5]  [1000/5625]  eta: 1:19:45  lr: 0.000009  train_loss: 0.1620 (0.2460)  train_iou: 0.6936 (0.6609)  time: 1.0340  data: 0.0005  max mem: 31525
Epoch: [5]  [1020/5625]  eta: 1:19:24  lr: 0.000009  train_loss: 0.1451 (0.2451)  train_iou: 0.6621 (0.6611)  time: 1.0372  data: 0.0005  max mem: 31525
Epoch: [5]  [1040/5625]  eta: 1:19:03  lr: 0.000009  train_loss: 0.2132 (0.2451)  train_iou: 0.6773 (0.6615)  time: 1.0331  data: 0.0004  max mem: 31525
Epoch: [5]  [1060/5625]  eta: 1:18:42  lr: 0.000009  train_loss: 0.1496 (0.2439)  train_iou: 0.6401 (0.6609)  time: 1.0299  data: 0.0004  max mem: 31525
Epoch: [5]  [1080/5625]  eta: 1:18:22  lr: 0.000009  train_loss: 0.2581 (0.2445)  train_iou: 0.6595 (0.6610)  time: 1.0410  data: 0.0004  max mem: 31525
Epoch: [5]  [1100/5625]  eta: 1:18:01  lr: 0.000009  train_loss: 0.1616 (0.2439)  train_iou: 0.6634 (0.6610)  time: 1.0296  data: 0.0004  max mem: 31525
Epoch: [5]  [1120/5625]  eta: 1:17:41  lr: 0.000009  train_loss: 0.2232 (0.2440)  train_iou: 0.6225 (0.6602)  time: 1.0362  data: 0.0004  max mem: 31525
Epoch: [5]  [1140/5625]  eta: 1:17:20  lr: 0.000009  train_loss: 0.1689 (0.2434)  train_iou: 0.6676 (0.6604)  time: 1.0327  data: 0.0004  max mem: 31525
Epoch: [5]  [1160/5625]  eta: 1:16:59  lr: 0.000009  train_loss: 0.2340 (0.2431)  train_iou: 0.6587 (0.6605)  time: 1.0393  data: 0.0004  max mem: 31525
Epoch: [5]  [1180/5625]  eta: 1:16:39  lr: 0.000009  train_loss: 0.1858 (0.2426)  train_iou: 0.6867 (0.6606)  time: 1.0360  data: 0.0004  max mem: 31525
Epoch: [5]  [1200/5625]  eta: 1:16:18  lr: 0.000009  train_loss: 0.1451 (0.2422)  train_iou: 0.6706 (0.6612)  time: 1.0335  data: 0.0004  max mem: 31525
Epoch: [5]  [1220/5625]  eta: 1:15:57  lr: 0.000009  train_loss: 0.1624 (0.2415)  train_iou: 0.6742 (0.6619)  time: 1.0354  data: 0.0004  max mem: 31525
Epoch: [5]  [1240/5625]  eta: 1:15:37  lr: 0.000009  train_loss: 0.1866 (0.2411)  train_iou: 0.6810 (0.6620)  time: 1.0377  data: 0.0004  max mem: 31525
Epoch: [5]  [1260/5625]  eta: 1:15:16  lr: 0.000009  train_loss: 0.1871 (0.2414)  train_iou: 0.6643 (0.6623)  time: 1.0331  data: 0.0005  max mem: 31525
Epoch: [5]  [1280/5625]  eta: 1:14:55  lr: 0.000009  train_loss: 0.2148 (0.2420)  train_iou: 0.5747 (0.6613)  time: 1.0348  data: 0.0004  max mem: 31525
Epoch: [5]  [1300/5625]  eta: 1:14:35  lr: 0.000009  train_loss: 0.2308 (0.2422)  train_iou: 0.6483 (0.6616)  time: 1.0362  data: 0.0005  max mem: 31525
Epoch: [5]  [1320/5625]  eta: 1:14:14  lr: 0.000009  train_loss: 0.2304 (0.2425)  train_iou: 0.6355 (0.6614)  time: 1.0378  data: 0.0004  max mem: 31525
Epoch: [5]  [1340/5625]  eta: 1:13:54  lr: 0.000009  train_loss: 0.2416 (0.2431)  train_iou: 0.6074 (0.6610)  time: 1.0334  data: 0.0004  max mem: 31525
Epoch: [5]  [1360/5625]  eta: 1:13:33  lr: 0.000009  train_loss: 0.1716 (0.2431)  train_iou: 0.6634 (0.6611)  time: 1.0315  data: 0.0004  max mem: 31525
Epoch: [5]  [1380/5625]  eta: 1:13:11  lr: 0.000009  train_loss: 0.1900 (0.2430)  train_iou: 0.6458 (0.6613)  time: 1.0263  data: 0.0005  max mem: 31525
Epoch: [5]  [1400/5625]  eta: 1:12:50  lr: 0.000009  train_loss: 0.1475 (0.2424)  train_iou: 0.7252 (0.6619)  time: 1.0147  data: 0.0004  max mem: 31525
Epoch: [5]  [1420/5625]  eta: 1:12:28  lr: 0.000009  train_loss: 0.2341 (0.2425)  train_iou: 0.6522 (0.6615)  time: 1.0175  data: 0.0004  max mem: 31525
Epoch: [5]  [1440/5625]  eta: 1:12:07  lr: 0.000009  train_loss: 0.2519 (0.2428)  train_iou: 0.6622 (0.6615)  time: 1.0242  data: 0.0005  max mem: 31525
Epoch: [5]  [1460/5625]  eta: 1:11:45  lr: 0.000009  train_loss: 0.1857 (0.2420)  train_iou: 0.7487 (0.6624)  time: 1.0179  data: 0.0005  max mem: 31525
Epoch: [5]  [1480/5625]  eta: 1:11:23  lr: 0.000009  train_loss: 0.2456 (0.2427)  train_iou: 0.6323 (0.6620)  time: 1.0153  data: 0.0004  max mem: 31525
Epoch: [5]  [1500/5625]  eta: 1:11:02  lr: 0.000009  train_loss: 0.1632 (0.2421)  train_iou: 0.7036 (0.6624)  time: 1.0195  data: 0.0004  max mem: 31525
Epoch: [5]  [1520/5625]  eta: 1:10:40  lr: 0.000009  train_loss: 0.1693 (0.2418)  train_iou: 0.7270 (0.6632)  time: 1.0187  data: 0.0004  max mem: 31525
Epoch: [5]  [1540/5625]  eta: 1:10:19  lr: 0.000009  train_loss: 0.2462 (0.2423)  train_iou: 0.6496 (0.6633)  time: 1.0181  data: 0.0004  max mem: 31525
Epoch: [5]  [1560/5625]  eta: 1:09:58  lr: 0.000009  train_loss: 0.2690 (0.2429)  train_iou: 0.6531 (0.6632)  time: 1.0197  data: 0.0005  max mem: 31525
Epoch: [5]  [1580/5625]  eta: 1:09:36  lr: 0.000009  train_loss: 0.2329 (0.2426)  train_iou: 0.6360 (0.6630)  time: 1.0221  data: 0.0005  max mem: 31525
Epoch: [5]  [1600/5625]  eta: 1:09:15  lr: 0.000009  train_loss: 0.1728 (0.2419)  train_iou: 0.6975 (0.6632)  time: 1.0219  data: 0.0004  max mem: 31525
Epoch: [5]  [1620/5625]  eta: 1:08:54  lr: 0.000009  train_loss: 0.2861 (0.2426)  train_iou: 0.6620 (0.6630)  time: 1.0189  data: 0.0004  max mem: 31525
Epoch: [5]  [1640/5625]  eta: 1:08:33  lr: 0.000009  train_loss: 0.2071 (0.2425)  train_iou: 0.7052 (0.6632)  time: 1.0246  data: 0.0004  max mem: 31525
Epoch: [5]  [1660/5625]  eta: 1:08:12  lr: 0.000009  train_loss: 0.2087 (0.2425)  train_iou: 0.7126 (0.6637)  time: 1.0181  data: 0.0004  max mem: 31525
Epoch: [5]  [1680/5625]  eta: 1:07:50  lr: 0.000009  train_loss: 0.2480 (0.2427)  train_iou: 0.6385 (0.6637)  time: 1.0190  data: 0.0004  max mem: 31525
Epoch: [5]  [1700/5625]  eta: 1:07:29  lr: 0.000009  train_loss: 0.2225 (0.2423)  train_iou: 0.7313 (0.6641)  time: 1.0180  data: 0.0004  max mem: 31525
Epoch: [5]  [1720/5625]  eta: 1:07:08  lr: 0.000009  train_loss: 0.1947 (0.2421)  train_iou: 0.6557 (0.6642)  time: 1.0147  data: 0.0004  max mem: 31525
Epoch: [5]  [1740/5625]  eta: 1:06:46  lr: 0.000009  train_loss: 0.2467 (0.2427)  train_iou: 0.6781 (0.6642)  time: 1.0176  data: 0.0004  max mem: 31525
Epoch: [5]  [1760/5625]  eta: 1:06:25  lr: 0.000009  train_loss: 0.1951 (0.2426)  train_iou: 0.6328 (0.6636)  time: 1.0194  data: 0.0005  max mem: 31525
Epoch: [5]  [1780/5625]  eta: 1:06:04  lr: 0.000009  train_loss: 0.1632 (0.2425)  train_iou: 0.7317 (0.6640)  time: 1.0164  data: 0.0004  max mem: 31525
Epoch: [5]  [1800/5625]  eta: 1:05:43  lr: 0.000009  train_loss: 0.2100 (0.2430)  train_iou: 0.6893 (0.6641)  time: 1.0178  data: 0.0004  max mem: 31525
Epoch: [5]  [1820/5625]  eta: 1:05:22  lr: 0.000009  train_loss: 0.1599 (0.2424)  train_iou: 0.6568 (0.6642)  time: 1.0176  data: 0.0004  max mem: 31525
Epoch: [5]  [1840/5625]  eta: 1:05:01  lr: 0.000009  train_loss: 0.1691 (0.2420)  train_iou: 0.6984 (0.6647)  time: 1.0205  data: 0.0004  max mem: 31525
Epoch: [5]  [1860/5625]  eta: 1:04:39  lr: 0.000009  train_loss: 0.2816 (0.2424)  train_iou: 0.6905 (0.6646)  time: 1.0145  data: 0.0004  max mem: 31525
Epoch: [5]  [1880/5625]  eta: 1:04:18  lr: 0.000009  train_loss: 0.2078 (0.2421)  train_iou: 0.6584 (0.6645)  time: 1.0183  data: 0.0004  max mem: 31525
Epoch: [5]  [1900/5625]  eta: 1:03:57  lr: 0.000009  train_loss: 0.2825 (0.2425)  train_iou: 0.7107 (0.6648)  time: 1.0205  data: 0.0004  max mem: 31525
Epoch: [5]  [1920/5625]  eta: 1:03:36  lr: 0.000009  train_loss: 0.1950 (0.2425)  train_iou: 0.6503 (0.6646)  time: 1.0182  data: 0.0004  max mem: 31525
Epoch: [5]  [1940/5625]  eta: 1:03:15  lr: 0.000009  train_loss: 0.2413 (0.2430)  train_iou: 0.7060 (0.6647)  time: 1.0157  data: 0.0005  max mem: 31525
Epoch: [5]  [1960/5625]  eta: 1:02:54  lr: 0.000009  train_loss: 0.1608 (0.2427)  train_iou: 0.7391 (0.6653)  time: 1.0177  data: 0.0004  max mem: 31525
Epoch: [5]  [1980/5625]  eta: 1:02:33  lr: 0.000009  train_loss: 0.1950 (0.2428)  train_iou: 0.6987 (0.6655)  time: 1.0146  data: 0.0005  max mem: 31525
Epoch: [5]  [2000/5625]  eta: 1:02:12  lr: 0.000009  train_loss: 0.2131 (0.2427)  train_iou: 0.6506 (0.6653)  time: 1.0170  data: 0.0004  max mem: 31525
Epoch: [5]  [2020/5625]  eta: 1:01:51  lr: 0.000009  train_loss: 0.1384 (0.2423)  train_iou: 0.7231 (0.6653)  time: 1.0199  data: 0.0004  max mem: 31525
Epoch: [5]  [2040/5625]  eta: 1:01:30  lr: 0.000009  train_loss: 0.1636 (0.2417)  train_iou: 0.7339 (0.6656)  time: 1.0174  data: 0.0004  max mem: 31525
Epoch: [5]  [2060/5625]  eta: 1:01:09  lr: 0.000009  train_loss: 0.2725 (0.2425)  train_iou: 0.6259 (0.6650)  time: 1.0154  data: 0.0004  max mem: 31525
Epoch: [5]  [2080/5625]  eta: 1:00:48  lr: 0.000009  train_loss: 0.1737 (0.2421)  train_iou: 0.6971 (0.6655)  time: 1.0224  data: 0.0004  max mem: 31525
Epoch: [5]  [2100/5625]  eta: 1:00:27  lr: 0.000009  train_loss: 0.1876 (0.2424)  train_iou: 0.6844 (0.6658)  time: 1.0176  data: 0.0004  max mem: 31525
Epoch: [5]  [2120/5625]  eta: 1:00:06  lr: 0.000009  train_loss: 0.1261 (0.2416)  train_iou: 0.6713 (0.6660)  time: 1.0188  data: 0.0004  max mem: 31525
Epoch: [5]  [2140/5625]  eta: 0:59:45  lr: 0.000009  train_loss: 0.2340 (0.2422)  train_iou: 0.6699 (0.6660)  time: 1.0247  data: 0.0005  max mem: 31525
Epoch: [5]  [2160/5625]  eta: 0:59:24  lr: 0.000009  train_loss: 0.2281 (0.2425)  train_iou: 0.6178 (0.6658)  time: 1.0186  data: 0.0004  max mem: 31525
Epoch: [5]  [2180/5625]  eta: 0:59:03  lr: 0.000009  train_loss: 0.1962 (0.2429)  train_iou: 0.6520 (0.6657)  time: 1.0205  data: 0.0004  max mem: 31525
Epoch: [5]  [2200/5625]  eta: 0:58:43  lr: 0.000009  train_loss: 0.2214 (0.2431)  train_iou: 0.6712 (0.6658)  time: 1.0206  data: 0.0004  max mem: 31525
Epoch: [5]  [2220/5625]  eta: 0:58:22  lr: 0.000009  train_loss: 0.2342 (0.2434)  train_iou: 0.6905 (0.6659)  time: 1.0225  data: 0.0005  max mem: 31525
Epoch: [5]  [2240/5625]  eta: 0:58:01  lr: 0.000009  train_loss: 0.1868 (0.2432)  train_iou: 0.7009 (0.6660)  time: 1.0144  data: 0.0004  max mem: 31525
Epoch: [5]  [2260/5625]  eta: 0:57:40  lr: 0.000009  train_loss: 0.2642 (0.2435)  train_iou: 0.6524 (0.6658)  time: 1.0170  data: 0.0004  max mem: 31525
Epoch: [5]  [2280/5625]  eta: 0:57:19  lr: 0.000009  train_loss: 0.2230 (0.2434)  train_iou: 0.6256 (0.6657)  time: 1.0170  data: 0.0005  max mem: 31525
Epoch: [5]  [2300/5625]  eta: 0:56:58  lr: 0.000009  train_loss: 0.1715 (0.2432)  train_iou: 0.6639 (0.6657)  time: 1.0195  data: 0.0004  max mem: 31525
Epoch: [5]  [2320/5625]  eta: 0:56:38  lr: 0.000009  train_loss: 0.1831 (0.2431)  train_iou: 0.6551 (0.6658)  time: 1.0216  data: 0.0004  max mem: 31525
Epoch: [5]  [2340/5625]  eta: 0:56:17  lr: 0.000009  train_loss: 0.2020 (0.2432)  train_iou: 0.7060 (0.6661)  time: 1.0221  data: 0.0004  max mem: 31525
Epoch: [5]  [2360/5625]  eta: 0:55:56  lr: 0.000009  train_loss: 0.1717 (0.2431)  train_iou: 0.6917 (0.6663)  time: 1.0187  data: 0.0004  max mem: 31525
Epoch: [5]  [2380/5625]  eta: 0:55:35  lr: 0.000009  train_loss: 0.2325 (0.2432)  train_iou: 0.6485 (0.6661)  time: 1.0150  data: 0.0004  max mem: 31525
Epoch: [5]  [2400/5625]  eta: 0:55:14  lr: 0.000009  train_loss: 0.1667 (0.2431)  train_iou: 0.7521 (0.6666)  time: 1.0188  data: 0.0004  max mem: 31525
Epoch: [5]  [2420/5625]  eta: 0:54:53  lr: 0.000009  train_loss: 0.1515 (0.2427)  train_iou: 0.7244 (0.6671)  time: 1.0185  data: 0.0004  max mem: 31525
Epoch: [5]  [2440/5625]  eta: 0:54:36  lr: 0.000009  train_loss: 0.1548 (0.2426)  train_iou: 0.6544 (0.6672)  time: 1.1359  data: 0.0004  max mem: 31525
Epoch: [5]  [2460/5625]  eta: 0:54:15  lr: 0.000009  train_loss: 0.1824 (0.2424)  train_iou: 0.6747 (0.6669)  time: 1.0188  data: 0.0004  max mem: 31525
Epoch: [5]  [2480/5625]  eta: 0:53:54  lr: 0.000009  train_loss: 0.1594 (0.2420)  train_iou: 0.6990 (0.6672)  time: 1.0192  data: 0.0004  max mem: 31525
Epoch: [5]  [2500/5625]  eta: 0:53:33  lr: 0.000009  train_loss: 0.1936 (0.2421)  train_iou: 0.6695 (0.6674)  time: 1.0155  data: 0.0005  max mem: 31525
Epoch: [5]  [2520/5625]  eta: 0:53:12  lr: 0.000009  train_loss: 0.2274 (0.2423)  train_iou: 0.6699 (0.6673)  time: 1.0187  data: 0.0004  max mem: 31525
Epoch: [5]  [2540/5625]  eta: 0:52:52  lr: 0.000009  train_loss: 0.2388 (0.2423)  train_iou: 0.6460 (0.6673)  time: 1.0169  data: 0.0004  max mem: 31525
Epoch: [5]  [2560/5625]  eta: 0:52:31  lr: 0.000009  train_loss: 0.1450 (0.2421)  train_iou: 0.6905 (0.6673)  time: 1.0200  data: 0.0004  max mem: 31525
Epoch: [5]  [2580/5625]  eta: 0:52:10  lr: 0.000009  train_loss: 0.1983 (0.2419)  train_iou: 0.6724 (0.6673)  time: 1.0191  data: 0.0004  max mem: 31525
Epoch: [5]  [2600/5625]  eta: 0:51:49  lr: 0.000009  train_loss: 0.1956 (0.2421)  train_iou: 0.6143 (0.6671)  time: 1.0161  data: 0.0004  max mem: 31525
Epoch: [5]  [2620/5625]  eta: 0:51:28  lr: 0.000009  train_loss: 0.2383 (0.2422)  train_iou: 0.6903 (0.6671)  time: 1.0221  data: 0.0004  max mem: 31525
Epoch: [5]  [2640/5625]  eta: 0:51:08  lr: 0.000009  train_loss: 0.2127 (0.2422)  train_iou: 0.6332 (0.6670)  time: 1.0192  data: 0.0004  max mem: 31525
Epoch: [5]  [2660/5625]  eta: 0:50:47  lr: 0.000009  train_loss: 0.2131 (0.2424)  train_iou: 0.6816 (0.6671)  time: 1.0183  data: 0.0004  max mem: 31525
Epoch: [5]  [2680/5625]  eta: 0:50:26  lr: 0.000009  train_loss: 0.2063 (0.2423)  train_iou: 0.6796 (0.6671)  time: 1.0238  data: 0.0004  max mem: 31525
Epoch: [5]  [2700/5625]  eta: 0:50:06  lr: 0.000009  train_loss: 0.1578 (0.2420)  train_iou: 0.7000 (0.6670)  time: 1.0187  data: 0.0004  max mem: 31525
Epoch: [5]  [2720/5625]  eta: 0:49:45  lr: 0.000009  train_loss: 0.1558 (0.2418)  train_iou: 0.7414 (0.6673)  time: 1.0206  data: 0.0004  max mem: 31525
Epoch: [5]  [2740/5625]  eta: 0:49:24  lr: 0.000009  train_loss: 0.1633 (0.2414)  train_iou: 0.6284 (0.6671)  time: 1.0154  data: 0.0004  max mem: 31525
Epoch: [5]  [2760/5625]  eta: 0:49:03  lr: 0.000009  train_loss: 0.2164 (0.2416)  train_iou: 0.6285 (0.6670)  time: 1.0163  data: 0.0005  max mem: 31525
Epoch: [5]  [2780/5625]  eta: 0:48:42  lr: 0.000009  train_loss: 0.1679 (0.2413)  train_iou: 0.6969 (0.6672)  time: 1.0160  data: 0.0004  max mem: 31525
Epoch: [5]  [2800/5625]  eta: 0:48:22  lr: 0.000009  train_loss: 0.2267 (0.2415)  train_iou: 0.6368 (0.6671)  time: 1.0179  data: 0.0004  max mem: 31525
Epoch: [5]  [2820/5625]  eta: 0:48:01  lr: 0.000009  train_loss: 0.2273 (0.2415)  train_iou: 0.6304 (0.6670)  time: 1.0217  data: 0.0004  max mem: 31525
Epoch: [5]  [2840/5625]  eta: 0:47:40  lr: 0.000009  train_loss: 0.3010 (0.2418)  train_iou: 0.7064 (0.6671)  time: 1.0225  data: 0.0004  max mem: 31525
Epoch: [5]  [2860/5625]  eta: 0:47:20  lr: 0.000009  train_loss: 0.1911 (0.2418)  train_iou: 0.7034 (0.6672)  time: 1.0160  data: 0.0004  max mem: 31525
Epoch: [5]  [2880/5625]  eta: 0:46:59  lr: 0.000009  train_loss: 0.2232 (0.2423)  train_iou: 0.6448 (0.6668)  time: 1.0268  data: 0.0004  max mem: 31525
Epoch: [5]  [2900/5625]  eta: 0:46:38  lr: 0.000009  train_loss: 0.2188 (0.2425)  train_iou: 0.6425 (0.6667)  time: 1.0208  data: 0.0004  max mem: 31525
Epoch: [5]  [2920/5625]  eta: 0:46:18  lr: 0.000009  train_loss: 0.2616 (0.2426)  train_iou: 0.6638 (0.6667)  time: 1.0193  data: 0.0004  max mem: 31525
Epoch: [5]  [2940/5625]  eta: 0:45:57  lr: 0.000009  train_loss: 0.1457 (0.2424)  train_iou: 0.6485 (0.6668)  time: 1.0186  data: 0.0004  max mem: 31525
Epoch: [5]  [2960/5625]  eta: 0:45:36  lr: 0.000009  train_loss: 0.2274 (0.2425)  train_iou: 0.6240 (0.6665)  time: 1.0248  data: 0.0004  max mem: 31525
Epoch: [5]  [2980/5625]  eta: 0:45:16  lr: 0.000009  train_loss: 0.2424 (0.2428)  train_iou: 0.6718 (0.6664)  time: 1.0169  data: 0.0004  max mem: 31525
Epoch: [5]  [3000/5625]  eta: 0:44:55  lr: 0.000009  train_loss: 0.2411 (0.2430)  train_iou: 0.6485 (0.6660)  time: 1.0178  data: 0.0004  max mem: 31525
Epoch: [5]  [3020/5625]  eta: 0:44:34  lr: 0.000009  train_loss: 0.2666 (0.2431)  train_iou: 0.6515 (0.6660)  time: 1.0196  data: 0.0004  max mem: 31525
Epoch: [5]  [3040/5625]  eta: 0:44:14  lr: 0.000009  train_loss: 0.2001 (0.2430)  train_iou: 0.6889 (0.6662)  time: 1.0163  data: 0.0005  max mem: 31525
Epoch: [5]  [3060/5625]  eta: 0:43:53  lr: 0.000009  train_loss: 0.1890 (0.2429)  train_iou: 0.6684 (0.6662)  time: 1.0177  data: 0.0004  max mem: 31525
Epoch: [5]  [3080/5625]  eta: 0:43:32  lr: 0.000009  train_loss: 0.1761 (0.2427)  train_iou: 0.7101 (0.6663)  time: 1.0182  data: 0.0004  max mem: 31525
Epoch: [5]  [3100/5625]  eta: 0:43:12  lr: 0.000009  train_loss: 0.1863 (0.2427)  train_iou: 0.6432 (0.6661)  time: 1.0167  data: 0.0004  max mem: 31525
Epoch: [5]  [3120/5625]  eta: 0:42:51  lr: 0.000009  train_loss: 0.2012 (0.2426)  train_iou: 0.6814 (0.6661)  time: 1.0209  data: 0.0004  max mem: 31525
Epoch: [5]  [3140/5625]  eta: 0:42:30  lr: 0.000009  train_loss: 0.1851 (0.2426)  train_iou: 0.6698 (0.6661)  time: 1.0192  data: 0.0004  max mem: 31525
Epoch: [5]  [3160/5625]  eta: 0:42:10  lr: 0.000009  train_loss: 0.1669 (0.2427)  train_iou: 0.7231 (0.6663)  time: 1.0179  data: 0.0004  max mem: 31525
Epoch: [5]  [3180/5625]  eta: 0:41:49  lr: 0.000009  train_loss: 0.1582 (0.2426)  train_iou: 0.6785 (0.6664)  time: 1.0161  data: 0.0004  max mem: 31525
Epoch: [5]  [3200/5625]  eta: 0:41:28  lr: 0.000009  train_loss: 0.1980 (0.2426)  train_iou: 0.6845 (0.6663)  time: 1.0145  data: 0.0004  max mem: 31525
Epoch: [5]  [3220/5625]  eta: 0:41:08  lr: 0.000009  train_loss: 0.1980 (0.2424)  train_iou: 0.6925 (0.6663)  time: 1.0190  data: 0.0004  max mem: 31525
Epoch: [5]  [3240/5625]  eta: 0:40:47  lr: 0.000009  train_loss: 0.1649 (0.2426)  train_iou: 0.7050 (0.6664)  time: 1.0180  data: 0.0004  max mem: 31525
Epoch: [5]  [3260/5625]  eta: 0:40:26  lr: 0.000009  train_loss: 0.1761 (0.2426)  train_iou: 0.6185 (0.6662)  time: 1.0159  data: 0.0005  max mem: 31525
Epoch: [5]  [3280/5625]  eta: 0:40:06  lr: 0.000009  train_loss: 0.1711 (0.2425)  train_iou: 0.6909 (0.6662)  time: 1.0192  data: 0.0004  max mem: 31525
Epoch: [5]  [3300/5625]  eta: 0:39:45  lr: 0.000009  train_loss: 0.2012 (0.2425)  train_iou: 0.7056 (0.6664)  time: 1.0188  data: 0.0005  max mem: 31525
Epoch: [5]  [3320/5625]  eta: 0:39:24  lr: 0.000009  train_loss: 0.2318 (0.2427)  train_iou: 0.7140 (0.6664)  time: 1.0161  data: 0.0004  max mem: 31525
Epoch: [5]  [3340/5625]  eta: 0:39:04  lr: 0.000009  train_loss: 0.1820 (0.2426)  train_iou: 0.6692 (0.6663)  time: 1.0176  data: 0.0004  max mem: 31525
Epoch: [5]  [3360/5625]  eta: 0:38:43  lr: 0.000009  train_loss: 0.2107 (0.2426)  train_iou: 0.6756 (0.6664)  time: 1.0206  data: 0.0004  max mem: 31525
Epoch: [5]  [3380/5625]  eta: 0:38:23  lr: 0.000009  train_loss: 0.1787 (0.2425)  train_iou: 0.6578 (0.6664)  time: 1.0157  data: 0.0004  max mem: 31525
Epoch: [5]  [3400/5625]  eta: 0:38:02  lr: 0.000009  train_loss: 0.2047 (0.2425)  train_iou: 0.6367 (0.6663)  time: 1.0152  data: 0.0004  max mem: 31525
Epoch: [5]  [3420/5625]  eta: 0:37:41  lr: 0.000009  train_loss: 0.1642 (0.2425)  train_iou: 0.6578 (0.6662)  time: 1.0174  data: 0.0004  max mem: 31525
Epoch: [5]  [3440/5625]  eta: 0:37:21  lr: 0.000009  train_loss: 0.2103 (0.2425)  train_iou: 0.6921 (0.6662)  time: 1.0223  data: 0.0004  max mem: 31525
Epoch: [5]  [3460/5625]  eta: 0:37:00  lr: 0.000009  train_loss: 0.1876 (0.2424)  train_iou: 0.6827 (0.6664)  time: 1.0169  data: 0.0004  max mem: 31525
Epoch: [5]  [3480/5625]  eta: 0:36:39  lr: 0.000009  train_loss: 0.1629 (0.2422)  train_iou: 0.7101 (0.6666)  time: 1.0189  data: 0.0004  max mem: 31525
Epoch: [5]  [3500/5625]  eta: 0:36:19  lr: 0.000009  train_loss: 0.2414 (0.2424)  train_iou: 0.7205 (0.6669)  time: 1.0226  data: 0.0004  max mem: 31525
Epoch: [5]  [3520/5625]  eta: 0:35:58  lr: 0.000009  train_loss: 0.1605 (0.2424)  train_iou: 0.6812 (0.6670)  time: 1.0150  data: 0.0004  max mem: 31525
Epoch: [5]  [3540/5625]  eta: 0:35:38  lr: 0.000009  train_loss: 0.2346 (0.2425)  train_iou: 0.6414 (0.6669)  time: 1.0158  data: 0.0004  max mem: 31525
Epoch: [5]  [3560/5625]  eta: 0:35:17  lr: 0.000009  train_loss: 0.2314 (0.2424)  train_iou: 0.6371 (0.6669)  time: 1.0226  data: 0.0004  max mem: 31525
Epoch: [5]  [3580/5625]  eta: 0:34:57  lr: 0.000009  train_loss: 0.2065 (0.2424)  train_iou: 0.6572 (0.6667)  time: 1.0186  data: 0.0004  max mem: 31525
Epoch: [5]  [3600/5625]  eta: 0:34:36  lr: 0.000009  train_loss: 0.1983 (0.2424)  train_iou: 0.6194 (0.6665)  time: 1.0206  data: 0.0004  max mem: 31525
Epoch: [5]  [3620/5625]  eta: 0:34:15  lr: 0.000009  train_loss: 0.2572 (0.2429)  train_iou: 0.6713 (0.6667)  time: 1.0168  data: 0.0004  max mem: 31525
Epoch: [5]  [3640/5625]  eta: 0:33:55  lr: 0.000009  train_loss: 0.2614 (0.2432)  train_iou: 0.6460 (0.6665)  time: 1.0173  data: 0.0005  max mem: 31525
Epoch: [5]  [3660/5625]  eta: 0:33:34  lr: 0.000009  train_loss: 0.2318 (0.2433)  train_iou: 0.6403 (0.6665)  time: 1.0168  data: 0.0004  max mem: 31525
Epoch: [5]  [3680/5625]  eta: 0:33:14  lr: 0.000009  train_loss: 0.1939 (0.2431)  train_iou: 0.6967 (0.6667)  time: 1.0185  data: 0.0004  max mem: 31525
Epoch: [5]  [3700/5625]  eta: 0:32:53  lr: 0.000009  train_loss: 0.2393 (0.2435)  train_iou: 0.6753 (0.6665)  time: 1.0204  data: 0.0004  max mem: 31525
Epoch: [5]  [3720/5625]  eta: 0:32:32  lr: 0.000009  train_loss: 0.1603 (0.2432)  train_iou: 0.7012 (0.6666)  time: 1.0192  data: 0.0004  max mem: 31525
Epoch: [5]  [3740/5625]  eta: 0:32:12  lr: 0.000009  train_loss: 0.1765 (0.2430)  train_iou: 0.7083 (0.6668)  time: 1.0214  data: 0.0004  max mem: 31525
Epoch: [5]  [3760/5625]  eta: 0:31:51  lr: 0.000009  train_loss: 0.2389 (0.2431)  train_iou: 0.6640 (0.6670)  time: 1.0207  data: 0.0004  max mem: 31525
Epoch: [5]  [3780/5625]  eta: 0:31:31  lr: 0.000009  train_loss: 0.1876 (0.2432)  train_iou: 0.6570 (0.6671)  time: 1.0176  data: 0.0004  max mem: 31525
Epoch: [5]  [3800/5625]  eta: 0:31:10  lr: 0.000009  train_loss: 0.2149 (0.2432)  train_iou: 0.6976 (0.6670)  time: 1.0176  data: 0.0004  max mem: 31525
Epoch: [5]  [3820/5625]  eta: 0:30:50  lr: 0.000009  train_loss: 0.1599 (0.2429)  train_iou: 0.7099 (0.6673)  time: 1.0235  data: 0.0004  max mem: 31525
Epoch: [5]  [3840/5625]  eta: 0:30:29  lr: 0.000009  train_loss: 0.1872 (0.2431)  train_iou: 0.6838 (0.6674)  time: 1.0239  data: 0.0005  max mem: 31525
Epoch: [5]  [3860/5625]  eta: 0:30:09  lr: 0.000009  train_loss: 0.1743 (0.2429)  train_iou: 0.6975 (0.6676)  time: 1.0163  data: 0.0004  max mem: 31525
Epoch: [5]  [3880/5625]  eta: 0:29:48  lr: 0.000009  train_loss: 0.1731 (0.2430)  train_iou: 0.6669 (0.6677)  time: 1.0178  data: 0.0004  max mem: 31525
Epoch: [5]  [3900/5625]  eta: 0:29:28  lr: 0.000009  train_loss: 0.1430 (0.2427)  train_iou: 0.6535 (0.6679)  time: 1.0219  data: 0.0004  max mem: 31525
Epoch: [5]  [3920/5625]  eta: 0:29:07  lr: 0.000009  train_loss: 0.2179 (0.2427)  train_iou: 0.6717 (0.6678)  time: 1.0187  data: 0.0004  max mem: 31525
Epoch: [5]  [3940/5625]  eta: 0:28:46  lr: 0.000009  train_loss: 0.1449 (0.2426)  train_iou: 0.6413 (0.6677)  time: 1.0181  data: 0.0004  max mem: 31525
Epoch: [5]  [3960/5625]  eta: 0:28:26  lr: 0.000009  train_loss: 0.2194 (0.2425)  train_iou: 0.7084 (0.6678)  time: 1.0207  data: 0.0004  max mem: 31525
Epoch: [5]  [3980/5625]  eta: 0:28:05  lr: 0.000009  train_loss: 0.1991 (0.2425)  train_iou: 0.6784 (0.6678)  time: 1.0162  data: 0.0004  max mem: 31525
Epoch: [5]  [4000/5625]  eta: 0:27:45  lr: 0.000009  train_loss: 0.1771 (0.2424)  train_iou: 0.6093 (0.6678)  time: 1.0167  data: 0.0004  max mem: 31525
Epoch: [5]  [4020/5625]  eta: 0:27:24  lr: 0.000009  train_loss: 0.2650 (0.2426)  train_iou: 0.7248 (0.6678)  time: 1.0223  data: 0.0004  max mem: 31525
Epoch: [5]  [4040/5625]  eta: 0:27:04  lr: 0.000009  train_loss: 0.1723 (0.2426)  train_iou: 0.6545 (0.6677)  time: 1.0175  data: 0.0004  max mem: 31525
Epoch: [5]  [4060/5625]  eta: 0:26:43  lr: 0.000009  train_loss: 0.2103 (0.2425)  train_iou: 0.6434 (0.6676)  time: 1.0176  data: 0.0004  max mem: 31525
Epoch: [5]  [4080/5625]  eta: 0:26:23  lr: 0.000009  train_loss: 0.1592 (0.2422)  train_iou: 0.6779 (0.6674)  time: 1.0140  data: 0.0004  max mem: 31525
Epoch: [5]  [4100/5625]  eta: 0:26:03  lr: 0.000009  train_loss: 0.1873 (0.2421)  train_iou: 0.6430 (0.6673)  time: 1.1444  data: 0.0004  max mem: 31525
Epoch: [5]  [4120/5625]  eta: 0:25:42  lr: 0.000009  train_loss: 0.1971 (0.2421)  train_iou: 0.6135 (0.6669)  time: 1.0160  data: 0.0005  max mem: 31525
Epoch: [5]  [4140/5625]  eta: 0:25:22  lr: 0.000009  train_loss: 0.2474 (0.2421)  train_iou: 0.6059 (0.6667)  time: 1.0151  data: 0.0004  max mem: 31525
Epoch: [5]  [4160/5625]  eta: 0:25:01  lr: 0.000009  train_loss: 0.1487 (0.2422)  train_iou: 0.6802 (0.6668)  time: 1.0210  data: 0.0004  max mem: 31525
Epoch: [5]  [4180/5625]  eta: 0:24:41  lr: 0.000009  train_loss: 0.2200 (0.2421)  train_iou: 0.6426 (0.6667)  time: 1.0159  data: 0.0004  max mem: 31525
Epoch: [5]  [4200/5625]  eta: 0:24:20  lr: 0.000009  train_loss: 0.1672 (0.2421)  train_iou: 0.6583 (0.6668)  time: 1.0197  data: 0.0004  max mem: 31525
Epoch: [5]  [4220/5625]  eta: 0:24:00  lr: 0.000009  train_loss: 0.2643 (0.2421)  train_iou: 0.6422 (0.6668)  time: 1.0170  data: 0.0004  max mem: 31525
Epoch: [5]  [4240/5625]  eta: 0:23:39  lr: 0.000009  train_loss: 0.2275 (0.2421)  train_iou: 0.6165 (0.6666)  time: 1.0173  data: 0.0004  max mem: 31525
Epoch: [5]  [4260/5625]  eta: 0:23:19  lr: 0.000009  train_loss: 0.2449 (0.2422)  train_iou: 0.6369 (0.6664)  time: 1.0194  data: 0.0004  max mem: 31525
Epoch: [5]  [4280/5625]  eta: 0:22:58  lr: 0.000009  train_loss: 0.3394 (0.2426)  train_iou: 0.6572 (0.6662)  time: 1.0174  data: 0.0004  max mem: 31525
Epoch: [5]  [4300/5625]  eta: 0:22:37  lr: 0.000009  train_loss: 0.2708 (0.2428)  train_iou: 0.6859 (0.6663)  time: 1.0155  data: 0.0004  max mem: 31525
Epoch: [5]  [4320/5625]  eta: 0:22:17  lr: 0.000009  train_loss: 0.2325 (0.2429)  train_iou: 0.6695 (0.6664)  time: 1.0158  data: 0.0004  max mem: 31525
Epoch: [5]  [4340/5625]  eta: 0:21:56  lr: 0.000009  train_loss: 0.2575 (0.2431)  train_iou: 0.6518 (0.6662)  time: 1.0171  data: 0.0004  max mem: 31525
Epoch: [5]  [4360/5625]  eta: 0:21:36  lr: 0.000009  train_loss: 0.2451 (0.2432)  train_iou: 0.6401 (0.6660)  time: 1.0178  data: 0.0004  max mem: 31525
Epoch: [5]  [4380/5625]  eta: 0:21:15  lr: 0.000009  train_loss: 0.1717 (0.2431)  train_iou: 0.6848 (0.6660)  time: 1.0208  data: 0.0004  max mem: 31525
Epoch: [5]  [4400/5625]  eta: 0:20:55  lr: 0.000009  train_loss: 0.2311 (0.2432)  train_iou: 0.5757 (0.6658)  time: 1.0224  data: 0.0004  max mem: 31525
Epoch: [5]  [4420/5625]  eta: 0:20:34  lr: 0.000009  train_loss: 0.1694 (0.2431)  train_iou: 0.6778 (0.6659)  time: 1.0196  data: 0.0004  max mem: 31525
Epoch: [5]  [4440/5625]  eta: 0:20:14  lr: 0.000009  train_loss: 0.2077 (0.2432)  train_iou: 0.6572 (0.6659)  time: 1.0194  data: 0.0004  max mem: 31525
Epoch: [5]  [4460/5625]  eta: 0:19:53  lr: 0.000009  train_loss: 0.1822 (0.2433)  train_iou: 0.6649 (0.6659)  time: 1.0179  data: 0.0004  max mem: 31525
Epoch: [5]  [4480/5625]  eta: 0:19:33  lr: 0.000009  train_loss: 0.2291 (0.2433)  train_iou: 0.6593 (0.6659)  time: 1.0180  data: 0.0004  max mem: 31525
Epoch: [5]  [4500/5625]  eta: 0:19:12  lr: 0.000009  train_loss: 0.2068 (0.2434)  train_iou: 0.6230 (0.6657)  time: 1.0159  data: 0.0004  max mem: 31525
Epoch: [5]  [4520/5625]  eta: 0:18:52  lr: 0.000009  train_loss: 0.1956 (0.2433)  train_iou: 0.6619 (0.6657)  time: 1.0189  data: 0.0004  max mem: 31525
Epoch: [5]  [4540/5625]  eta: 0:18:31  lr: 0.000009  train_loss: 0.1702 (0.2433)  train_iou: 0.7234 (0.6657)  time: 1.0179  data: 0.0004  max mem: 31525
Epoch: [5]  [4560/5625]  eta: 0:18:11  lr: 0.000009  train_loss: 0.2677 (0.2435)  train_iou: 0.5766 (0.6654)  time: 1.0147  data: 0.0004  max mem: 31525
Epoch: [5]  [4580/5625]  eta: 0:17:50  lr: 0.000009  train_loss: 0.1925 (0.2436)  train_iou: 0.6337 (0.6653)  time: 1.0204  data: 0.0004  max mem: 31525
Epoch: [5]  [4600/5625]  eta: 0:17:30  lr: 0.000009  train_loss: 0.2006 (0.2435)  train_iou: 0.6629 (0.6653)  time: 1.0226  data: 0.0004  max mem: 31525
Epoch: [5]  [4620/5625]  eta: 0:17:09  lr: 0.000009  train_loss: 0.1457 (0.2433)  train_iou: 0.6644 (0.6653)  time: 1.0205  data: 0.0004  max mem: 31525
Epoch: [5]  [4640/5625]  eta: 0:16:49  lr: 0.000009  train_loss: 0.2049 (0.2432)  train_iou: 0.6823 (0.6654)  time: 1.0211  data: 0.0004  max mem: 31525
Epoch: [5]  [4660/5625]  eta: 0:16:28  lr: 0.000009  train_loss: 0.1418 (0.2430)  train_iou: 0.6859 (0.6655)  time: 1.0211  data: 0.0005  max mem: 31525
Epoch: [5]  [4680/5625]  eta: 0:16:08  lr: 0.000009  train_loss: 0.2324 (0.2430)  train_iou: 0.6804 (0.6656)  time: 1.0206  data: 0.0004  max mem: 31525
Epoch: [5]  [4700/5625]  eta: 0:15:47  lr: 0.000009  train_loss: 0.2676 (0.2432)  train_iou: 0.6540 (0.6657)  time: 1.0176  data: 0.0004  max mem: 31525
Epoch: [5]  [4720/5625]  eta: 0:15:27  lr: 0.000009  train_loss: 0.2224 (0.2432)  train_iou: 0.6682 (0.6656)  time: 1.0204  data: 0.0004  max mem: 31525
Epoch: [5]  [4740/5625]  eta: 0:15:06  lr: 0.000009  train_loss: 0.2112 (0.2433)  train_iou: 0.7066 (0.6657)  time: 1.0139  data: 0.0004  max mem: 31525
Epoch: [5]  [4760/5625]  eta: 0:14:45  lr: 0.000009  train_loss: 0.2185 (0.2435)  train_iou: 0.6525 (0.6657)  time: 1.0133  data: 0.0004  max mem: 31525
Epoch: [5]  [4780/5625]  eta: 0:14:25  lr: 0.000009  train_loss: 0.1829 (0.2435)  train_iou: 0.6412 (0.6657)  time: 1.0183  data: 0.0004  max mem: 31525
Epoch: [5]  [4800/5625]  eta: 0:14:04  lr: 0.000009  train_loss: 0.2521 (0.2436)  train_iou: 0.6467 (0.6655)  time: 1.0189  data: 0.0004  max mem: 31525
Epoch: [5]  [4820/5625]  eta: 0:13:44  lr: 0.000009  train_loss: 0.2267 (0.2436)  train_iou: 0.6288 (0.6654)  time: 1.0174  data: 0.0004  max mem: 31525
Epoch: [5]  [4840/5625]  eta: 0:13:23  lr: 0.000009  train_loss: 0.2160 (0.2437)  train_iou: 0.6714 (0.6654)  time: 1.0218  data: 0.0004  max mem: 31525
Epoch: [5]  [4860/5625]  eta: 0:13:03  lr: 0.000009  train_loss: 0.2184 (0.2439)  train_iou: 0.6406 (0.6652)  time: 1.0180  data: 0.0004  max mem: 31525
Epoch: [5]  [4880/5625]  eta: 0:12:42  lr: 0.000009  train_loss: 0.2103 (0.2440)  train_iou: 0.6613 (0.6652)  time: 1.0207  data: 0.0004  max mem: 31525
Epoch: [5]  [4900/5625]  eta: 0:12:22  lr: 0.000009  train_loss: 0.1867 (0.2439)  train_iou: 0.7496 (0.6654)  time: 1.0138  data: 0.0004  max mem: 31525
Epoch: [5]  [4920/5625]  eta: 0:12:01  lr: 0.000009  train_loss: 0.1956 (0.2438)  train_iou: 0.6449 (0.6652)  time: 1.0204  data: 0.0005  max mem: 31525
Epoch: [5]  [4940/5625]  eta: 0:11:41  lr: 0.000009  train_loss: 0.1987 (0.2438)  train_iou: 0.6705 (0.6652)  time: 1.0185  data: 0.0004  max mem: 31525
Epoch: [5]  [4960/5625]  eta: 0:11:20  lr: 0.000009  train_loss: 0.1624 (0.2437)  train_iou: 0.6124 (0.6650)  time: 1.0162  data: 0.0004  max mem: 31525
Epoch: [5]  [4980/5625]  eta: 0:11:00  lr: 0.000009  train_loss: 0.1600 (0.2436)  train_iou: 0.7032 (0.6651)  time: 1.0178  data: 0.0004  max mem: 31525
Epoch: [5]  [5000/5625]  eta: 0:10:39  lr: 0.000009  train_loss: 0.2476 (0.2436)  train_iou: 0.7068 (0.6653)  time: 1.0210  data: 0.0004  max mem: 31525
Epoch: [5]  [5020/5625]  eta: 0:10:19  lr: 0.000009  train_loss: 0.2051 (0.2437)  train_iou: 0.6796 (0.6652)  time: 1.0185  data: 0.0004  max mem: 31525
Epoch: [5]  [5040/5625]  eta: 0:09:59  lr: 0.000009  train_loss: 0.2314 (0.2436)  train_iou: 0.6642 (0.6652)  time: 1.0216  data: 0.0004  max mem: 31525
Epoch: [5]  [5060/5625]  eta: 0:09:38  lr: 0.000009  train_loss: 0.1927 (0.2436)  train_iou: 0.6652 (0.6652)  time: 1.0191  data: 0.0004  max mem: 31525
Epoch: [5]  [5080/5625]  eta: 0:09:18  lr: 0.000009  train_loss: 0.1898 (0.2435)  train_iou: 0.6968 (0.6653)  time: 1.0161  data: 0.0004  max mem: 31525
Epoch: [5]  [5100/5625]  eta: 0:08:57  lr: 0.000009  train_loss: 0.1557 (0.2435)  train_iou: 0.6664 (0.6653)  time: 1.0180  data: 0.0004  max mem: 31525
Epoch: [5]  [5120/5625]  eta: 0:08:37  lr: 0.000009  train_loss: 0.2190 (0.2436)  train_iou: 0.6634 (0.6652)  time: 1.0213  data: 0.0004  max mem: 31525
Epoch: [5]  [5140/5625]  eta: 0:08:16  lr: 0.000009  train_loss: 0.2285 (0.2436)  train_iou: 0.6580 (0.6653)  time: 1.0166  data: 0.0004  max mem: 31525
Epoch: [5]  [5160/5625]  eta: 0:07:56  lr: 0.000009  train_loss: 0.2055 (0.2435)  train_iou: 0.6887 (0.6654)  time: 1.0177  data: 0.0004  max mem: 31525
Epoch: [5]  [5180/5625]  eta: 0:07:35  lr: 0.000009  train_loss: 0.2292 (0.2436)  train_iou: 0.6213 (0.6652)  time: 1.0214  data: 0.0004  max mem: 31525
Epoch: [5]  [5200/5625]  eta: 0:07:15  lr: 0.000009  train_loss: 0.2386 (0.2436)  train_iou: 0.6498 (0.6652)  time: 1.0164  data: 0.0004  max mem: 31525
Epoch: [5]  [5220/5625]  eta: 0:06:54  lr: 0.000009  train_loss: 0.1716 (0.2436)  train_iou: 0.6439 (0.6652)  time: 1.0156  data: 0.0004  max mem: 31525
Epoch: [5]  [5240/5625]  eta: 0:06:34  lr: 0.000009  train_loss: 0.1756 (0.2435)  train_iou: 0.6745 (0.6653)  time: 1.0181  data: 0.0004  max mem: 31525
Epoch: [5]  [5260/5625]  eta: 0:06:13  lr: 0.000009  train_loss: 0.2480 (0.2436)  train_iou: 0.6373 (0.6653)  time: 1.0172  data: 0.0005  max mem: 31525
Epoch: [5]  [5280/5625]  eta: 0:05:53  lr: 0.000009  train_loss: 0.1853 (0.2435)  train_iou: 0.6773 (0.6653)  time: 1.0190  data: 0.0004  max mem: 31525
Epoch: [5]  [5300/5625]  eta: 0:05:32  lr: 0.000009  train_loss: 0.2922 (0.2436)  train_iou: 0.6663 (0.6654)  time: 1.0135  data: 0.0004  max mem: 31525
Epoch: [5]  [5320/5625]  eta: 0:05:12  lr: 0.000009  train_loss: 0.1955 (0.2436)  train_iou: 0.6707 (0.6653)  time: 1.0189  data: 0.0004  max mem: 31525
Epoch: [5]  [5340/5625]  eta: 0:04:51  lr: 0.000009  train_loss: 0.1769 (0.2436)  train_iou: 0.7009 (0.6655)  time: 1.0174  data: 0.0004  max mem: 31525
Epoch: [5]  [5360/5625]  eta: 0:04:31  lr: 0.000009  train_loss: 0.1496 (0.2437)  train_iou: 0.6928 (0.6655)  time: 1.0173  data: 0.0004  max mem: 31525
Epoch: [5]  [5380/5625]  eta: 0:04:10  lr: 0.000009  train_loss: 0.1974 (0.2436)  train_iou: 0.6752 (0.6655)  time: 1.0214  data: 0.0004  max mem: 31525
Epoch: [5]  [5400/5625]  eta: 0:03:50  lr: 0.000009  train_loss: 0.1761 (0.2436)  train_iou: 0.7495 (0.6656)  time: 1.0147  data: 0.0004  max mem: 31525
Epoch: [5]  [5420/5625]  eta: 0:03:29  lr: 0.000009  train_loss: 0.1606 (0.2433)  train_iou: 0.6897 (0.6657)  time: 1.0158  data: 0.0004  max mem: 31525
Epoch: [5]  [5440/5625]  eta: 0:03:09  lr: 0.000009  train_loss: 0.1882 (0.2432)  train_iou: 0.6452 (0.6656)  time: 1.1378  data: 0.0004  max mem: 31525
Epoch: [5]  [5460/5625]  eta: 0:02:48  lr: 0.000009  train_loss: 0.1743 (0.2431)  train_iou: 0.6362 (0.6656)  time: 1.0152  data: 0.0004  max mem: 31525
Epoch: [5]  [5480/5625]  eta: 0:02:28  lr: 0.000009  train_loss: 0.2052 (0.2431)  train_iou: 0.6321 (0.6656)  time: 1.0164  data: 0.0004  max mem: 31525
Epoch: [5]  [5500/5625]  eta: 0:02:07  lr: 0.000009  train_loss: 0.1689 (0.2430)  train_iou: 0.6494 (0.6657)  time: 1.0137  data: 0.0005  max mem: 31525
Epoch: [5]  [5520/5625]  eta: 0:01:47  lr: 0.000009  train_loss: 0.2389 (0.2431)  train_iou: 0.6661 (0.6655)  time: 1.0189  data: 0.0004  max mem: 31525
Epoch: [5]  [5540/5625]  eta: 0:01:27  lr: 0.000009  train_loss: 0.2141 (0.2431)  train_iou: 0.7155 (0.6656)  time: 1.0157  data: 0.0004  max mem: 31525
Epoch: [5]  [5560/5625]  eta: 0:01:06  lr: 0.000009  train_loss: 0.1893 (0.2430)  train_iou: 0.6948 (0.6657)  time: 1.0151  data: 0.0004  max mem: 31525
Epoch: [5]  [5580/5625]  eta: 0:00:46  lr: 0.000009  train_loss: 0.1248 (0.2427)  train_iou: 0.6616 (0.6658)  time: 1.0115  data: 0.0004  max mem: 31525
Epoch: [5]  [5600/5625]  eta: 0:00:25  lr: 0.000009  train_loss: 0.2362 (0.2428)  train_iou: 0.6571 (0.6658)  time: 1.0168  data: 0.0004  max mem: 31525
Epoch: [5]  [5620/5625]  eta: 0:00:05  lr: 0.000009  train_loss: 0.2100 (0.2428)  train_iou: 0.6363 (0.6658)  time: 0.9393  data: 0.0003  max mem: 31525
Epoch: [5]  [5624/5625]  eta: 0:00:01  lr: 0.000009  train_loss: 0.1762 (0.2427)  train_iou: 0.7352 (0.6659)  time: 0.9108  data: 0.0002  max mem: 31525
Epoch: [5] Total time: 1:35:57 (1.0235 s / it)
Averaged stats: lr: 0.000009  train_loss: 0.1762 (0.2427)  train_iou: 0.7352 (0.6659)
huggingface/tokenizers: The current process just got forked, after parallelism has already been used. Disabling parallelism to avoid deadlocks...
To disable this warning, you can either:
	- Avoid using `tokenizers` before the fork if possible
	- Explicitly set the environment variable TOKENIZERS_PARALLELISM=(true | false)
huggingface/tokenizers: The current process just got forked, after parallelism has already been used. Disabling parallelism to avoid deadlocks...
To disable this warning, you can either:
	- Avoid using `tokenizers` before the fork if possible
	- Explicitly set the environment variable TOKENIZERS_PARALLELISM=(true | false)
huggingface/tokenizers: The current process just got forked, after parallelism has already been used. Disabling parallelism to avoid deadlocks...
To disable this warning, you can either:
	- Avoid using `tokenizers` before the fork if possible
	- Explicitly set the environment variable TOKENIZERS_PARALLELISM=(true | false)
huggingface/tokenizers: The current process just got forked, after parallelism has already been used. Disabling parallelism to avoid deadlocks...
To disable this warning, you can either:
	- Avoid using `tokenizers` before the fork if possible
	- Explicitly set the environment variable TOKENIZERS_PARALLELISM=(true | false)
huggingface/tokenizers: The current process just got forked, after parallelism has already been used. Disabling parallelism to avoid deadlocks...
To disable this warning, you can either:
	- Avoid using `tokenizers` before the fork if possible
	- Explicitly set the environment variable TOKENIZERS_PARALLELISM=(true | false)
huggingface/tokenizers: The current process just got forked, after parallelism has already been used. Disabling parallelism to avoid deadlocks...
To disable this warning, you can either:
	- Avoid using `tokenizers` before the fork if possible
	- Explicitly set the environment variable TOKENIZERS_PARALLELISM=(true | false)
huggingface/tokenizers: The current process just got forked, after parallelism has already been used. Disabling parallelism to avoid deadlocks...
To disable this warning, you can either:
	- Avoid using `tokenizers` before the fork if possible
	- Explicitly set the environment variable TOKENIZERS_PARALLELISM=(true | false)
huggingface/tokenizers: The current process just got forked, after parallelism has already been used. Disabling parallelism to avoid deadlocks...
To disable this warning, you can either:
	- Avoid using `tokenizers` before the fork if possible
	- Explicitly set the environment variable TOKENIZERS_PARALLELISM=(true | false)
Test:  [   0/4000]  eta: 1:54:26  inter: 33337.0000 (33337.0000)  union: 35698.0000 (35698.0000)  iou: 0.9339 (0.9339)  time: 1.7167  data: 1.3050  max mem: 31525
Test:  [  50/4000]  eta: 0:15:04  inter: 23028.0000 (27075.7344)  union: 51698.0000 (48103.6094)  iou: 0.2786 (0.5622)  time: 0.2044  data: 0.0005  max mem: 31525
Test:  [ 100/4000]  eta: 0:14:10  inter: 25437.0000 (29034.6618)  union: 47809.0000 (46179.0882)  iou: 0.7970 (0.6167)  time: 0.2024  data: 0.0005  max mem: 31525
Test:  [ 150/4000]  eta: 0:13:48  inter: 18990.0000 (28137.8995)  union: 30444.0000 (43125.6507)  iou: 0.8252 (0.6393)  time: 0.2139  data: 0.0005  max mem: 31525
Test:  [ 200/4000]  eta: 0:13:22  inter: 34569.0000 (28637.1355)  union: 37738.0000 (42427.8864)  iou: 0.9132 (0.6504)  time: 0.1982  data: 0.0005  max mem: 31525
Test:  [ 250/4000]  eta: 0:13:00  inter: 14441.0000 (30600.4880)  union: 32269.0000 (43974.3253)  iou: 0.6364 (0.6471)  time: 0.1921  data: 0.0005  max mem: 31525
Test:  [ 300/4000]  eta: 0:12:49  inter: 22330.0000 (30173.9628)  union: 24759.0000 (43529.2208)  iou: 0.8539 (0.6446)  time: 0.2105  data: 0.0005  max mem: 31525
Test:  [ 350/4000]  eta: 0:12:42  inter: 8962.0000 (29025.3306)  union: 32472.0000 (43207.9380)  iou: 0.4993 (0.6311)  time: 0.2145  data: 0.0005  max mem: 31525
Test:  [ 400/4000]  eta: 0:12:32  inter: 30867.0000 (28340.5018)  union: 36061.0000 (42284.3893)  iou: 0.7541 (0.6296)  time: 0.1987  data: 0.0005  max mem: 31525
Test:  [ 450/4000]  eta: 0:12:20  inter: 19647.0000 (28025.3333)  union: 37667.0000 (42344.3762)  iou: 0.5925 (0.6269)  time: 0.2193  data: 0.0005  max mem: 31525
Test:  [ 500/4000]  eta: 0:12:08  inter: 17371.0000 (28784.4241)  union: 37320.0000 (43233.3625)  iou: 0.7414 (0.6260)  time: 0.1964  data: 0.0005  max mem: 31525
Test:  [ 550/4000]  eta: 0:11:59  inter: 23931.0000 (28809.6414)  union: 29273.0000 (42905.1684)  iou: 0.8231 (0.6337)  time: 0.2129  data: 0.0005  max mem: 31525
Test:  [ 600/4000]  eta: 0:11:48  inter: 10282.0000 (28727.6639)  union: 35421.0000 (42887.7101)  iou: 0.8079 (0.6300)  time: 0.2082  data: 0.0005  max mem: 31525
Test:  [ 650/4000]  eta: 0:11:35  inter: 25406.0000 (29273.5116)  union: 40933.0000 (43130.3901)  iou: 0.7303 (0.6305)  time: 0.1966  data: 0.0005  max mem: 31525
Test:  [ 700/4000]  eta: 0:11:23  inter: 17345.0000 (28804.9076)  union: 28988.0000 (42755.0945)  iou: 0.5235 (0.6237)  time: 0.1975  data: 0.0005  max mem: 31525
Test:  [ 750/4000]  eta: 0:11:15  inter: 26269.0000 (28601.6032)  union: 29915.0000 (42560.5404)  iou: 0.8448 (0.6243)  time: 0.2232  data: 0.0005  max mem: 31525
Test:  [ 800/4000]  eta: 0:11:03  inter: 19141.0000 (28302.0045)  union: 46861.0000 (42156.1634)  iou: 0.6443 (0.6236)  time: 0.2101  data: 0.0005  max mem: 31525
Test:  [ 850/4000]  eta: 0:10:53  inter: 22311.0000 (28260.2167)  union: 34841.0000 (42112.5682)  iou: 0.7932 (0.6230)  time: 0.1952  data: 0.0005  max mem: 31525
Test:  [ 900/4000]  eta: 0:10:43  inter: 13742.0000 (28362.9043)  union: 27318.0000 (42550.5518)  iou: 0.7915 (0.6184)  time: 0.1947  data: 0.0005  max mem: 31525
Test:  [ 950/4000]  eta: 0:10:32  inter: 24833.0000 (28540.3518)  union: 31238.0000 (42599.7179)  iou: 0.8096 (0.6180)  time: 0.2030  data: 0.0005  max mem: 31525
Test:  [1000/4000]  eta: 0:10:21  inter: 24961.0000 (28742.9822)  union: 37581.0000 (42749.6009)  iou: 0.7477 (0.6188)  time: 0.1943  data: 0.0005  max mem: 31525
Test:  [1050/4000]  eta: 0:10:10  inter: 21493.0000 (28815.4565)  union: 38992.0000 (42792.7707)  iou: 0.6877 (0.6194)  time: 0.2086  data: 0.0005  max mem: 31525
Test:  [1100/4000]  eta: 0:09:59  inter: 22361.0000 (28600.8255)  union: 30419.0000 (42505.0625)  iou: 0.7212 (0.6172)  time: 0.2031  data: 0.0005  max mem: 31525
Test:  [1150/4000]  eta: 0:09:50  inter: 10410.0000 (28694.1973)  union: 23917.0000 (42418.3406)  iou: 0.5168 (0.6204)  time: 0.2140  data: 0.0005  max mem: 31525
Test:  [1200/4000]  eta: 0:09:39  inter: 16385.0000 (28840.9798)  union: 33132.0000 (42740.9798)  iou: 0.8018 (0.6188)  time: 0.2067  data: 0.0005  max mem: 31525
Test:  [1250/4000]  eta: 0:09:30  inter: 9864.0000 (28564.8700)  union: 34258.0000 (42579.4424)  iou: 0.2271 (0.6164)  time: 0.2195  data: 0.0005  max mem: 31525
Test:  [1300/4000]  eta: 0:09:19  inter: 22219.0000 (28299.3299)  union: 36366.0000 (42319.8760)  iou: 0.6274 (0.6170)  time: 0.2085  data: 0.0005  max mem: 31525
Test:  [1350/4000]  eta: 0:09:09  inter: 27176.0000 (28333.4753)  union: 33710.0000 (42394.3247)  iou: 0.8169 (0.6170)  time: 0.2072  data: 0.0005  max mem: 31525
Test:  [1400/4000]  eta: 0:08:59  inter: 9934.0000 (28434.9216)  union: 11597.0000 (42672.7621)  iou: 0.7445 (0.6149)  time: 0.2087  data: 0.0005  max mem: 31525
Test:  [1450/4000]  eta: 0:08:48  inter: 15943.0000 (28317.8244)  union: 37528.0000 (42536.5995)  iou: 0.5752 (0.6135)  time: 0.2031  data: 0.0005  max mem: 31525
Test:  [1500/4000]  eta: 0:08:38  inter: 18784.0000 (28360.2673)  union: 45374.0000 (42613.1433)  iou: 0.5592 (0.6117)  time: 0.2033  data: 0.0005  max mem: 31525
Test:  [1550/4000]  eta: 0:08:28  inter: 22345.0000 (28252.7774)  union: 28634.0000 (42506.2473)  iou: 0.8503 (0.6127)  time: 0.2228  data: 0.0005  max mem: 31525
Test:  [1600/4000]  eta: 0:08:18  inter: 13774.0000 (28167.4672)  union: 39279.0000 (42481.0141)  iou: 0.7646 (0.6100)  time: 0.2240  data: 0.0005  max mem: 31525
Test:  [1650/4000]  eta: 0:08:07  inter: 18390.0000 (28152.3002)  union: 39900.0000 (42504.4352)  iou: 0.4599 (0.6085)  time: 0.2028  data: 0.0005  max mem: 31525
Test:  [1700/4000]  eta: 0:07:56  inter: 17063.0000 (28153.9274)  union: 35991.0000 (42612.0200)  iou: 0.7931 (0.6074)  time: 0.2032  data: 0.0005  max mem: 31525
Test:  [1750/4000]  eta: 0:07:46  inter: 25897.0000 (28083.4210)  union: 34541.0000 (42525.9153)  iou: 0.8282 (0.6068)  time: 0.2187  data: 0.0005  max mem: 31525
Test:  [1800/4000]  eta: 0:07:36  inter: 24885.0000 (27962.8638)  union: 44631.0000 (42529.2120)  iou: 0.7391 (0.6062)  time: 0.2187  data: 0.0005  max mem: 31525
Test:  [1850/4000]  eta: 0:07:25  inter: 18855.0000 (27950.1226)  union: 34243.0000 (42628.6272)  iou: 0.4501 (0.6048)  time: 0.2059  data: 0.0005  max mem: 31525
Test:  [1900/4000]  eta: 0:07:15  inter: 34112.0000 (27855.3705)  union: 55331.0000 (42568.1208)  iou: 0.5830 (0.6054)  time: 0.2126  data: 0.0005  max mem: 31525
Test:  [1950/4000]  eta: 0:07:05  inter: 12007.0000 (27854.4480)  union: 16950.0000 (42509.6125)  iou: 0.7090 (0.6060)  time: 0.2057  data: 0.0005  max mem: 31525
Test:  [2000/4000]  eta: 0:06:54  inter: 15990.0000 (27818.9858)  union: 22731.0000 (42423.0127)  iou: 0.7397 (0.6063)  time: 0.1954  data: 0.0005  max mem: 31525
Test:  [2050/4000]  eta: 0:06:44  inter: 6982.0000 (27724.9841)  union: 56134.0000 (42570.7188)  iou: 0.2234 (0.6037)  time: 0.2320  data: 0.0005  max mem: 31525
Test:  [2100/4000]  eta: 0:06:34  inter: 19724.0000 (27721.1531)  union: 32447.0000 (42500.4646)  iou: 0.8324 (0.6044)  time: 0.1952  data: 0.0005  max mem: 31525
Test:  [2150/4000]  eta: 0:06:23  inter: 16508.0000 (27715.3879)  union: 32412.0000 (42531.6652)  iou: 0.7376 (0.6035)  time: 0.2001  data: 0.0005  max mem: 31525
Test:  [2200/4000]  eta: 0:06:13  inter: 13683.0000 (27632.3269)  union: 20558.0000 (42417.0135)  iou: 0.7067 (0.6033)  time: 0.2088  data: 0.0005  max mem: 31525
Test:  [2250/4000]  eta: 0:06:02  inter: 21772.0000 (27470.5598)  union: 38915.0000 (42275.4500)  iou: 0.7567 (0.6021)  time: 0.1954  data: 0.0005  max mem: 31525
Test:  [2300/4000]  eta: 0:05:52  inter: 35281.0000 (27569.9325)  union: 42748.0000 (42289.4361)  iou: 0.6373 (0.6040)  time: 0.2088  data: 0.0005  max mem: 31525
Test:  [2350/4000]  eta: 0:05:42  inter: 15470.0000 (27502.4755)  union: 37996.0000 (42244.6980)  iou: 0.7898 (0.6042)  time: 0.2179  data: 0.0005  max mem: 31525
Test:  [2400/4000]  eta: 0:05:31  inter: 10597.0000 (27507.9826)  union: 33048.0000 (42185.5704)  iou: 0.2411 (0.6043)  time: 0.2176  data: 0.0005  max mem: 31525
Test:  [2450/4000]  eta: 0:05:21  inter: 29198.0000 (27620.9075)  union: 33215.0000 (42228.8904)  iou: 0.8918 (0.6067)  time: 0.1896  data: 0.0005  max mem: 31525
Test:  [2500/4000]  eta: 0:05:10  inter: 24626.0000 (27589.9494)  union: 38606.0000 (42201.6449)  iou: 0.8582 (0.6067)  time: 0.1926  data: 0.0005  max mem: 31525
Test:  [2550/4000]  eta: 0:05:00  inter: 30411.0000 (27732.7462)  union: 33716.0000 (42304.9463)  iou: 0.7787 (0.6077)  time: 0.2212  data: 0.0005  max mem: 31525
Test:  [2600/4000]  eta: 0:04:49  inter: 16504.0000 (27641.2000)  union: 33869.0000 (42337.4210)  iou: 0.4938 (0.6062)  time: 0.2108  data: 0.0005  max mem: 31525
Test:  [2650/4000]  eta: 0:04:39  inter: 16447.0000 (27694.0655)  union: 34577.0000 (42574.4272)  iou: 0.8959 (0.6050)  time: 0.2106  data: 0.0005  max mem: 31525
Test:  [2700/4000]  eta: 0:04:29  inter: 24293.0000 (27800.9356)  union: 30691.0000 (42648.8007)  iou: 0.8627 (0.6062)  time: 0.2027  data: 0.0005  max mem: 31525
Test:  [2750/4000]  eta: 0:04:18  inter: 22758.0000 (27861.0490)  union: 32262.0000 (42738.6711)  iou: 0.8920 (0.6054)  time: 0.1996  data: 0.0005  max mem: 31525
Test:  [2800/4000]  eta: 0:04:08  inter: 14863.0000 (27811.1985)  union: 30640.0000 (42614.9000)  iou: 0.6106 (0.6055)  time: 0.2024  data: 0.0005  max mem: 31525
Test:  [2850/4000]  eta: 0:03:58  inter: 12306.0000 (27927.6112)  union: 32891.0000 (42715.7866)  iou: 0.6821 (0.6052)  time: 0.2004  data: 0.0005  max mem: 31525
Test:  [2900/4000]  eta: 0:03:47  inter: 20110.0000 (27957.3567)  union: 26264.0000 (42798.5305)  iou: 0.7891 (0.6047)  time: 0.1956  data: 0.0005  max mem: 31525
Test:  [2950/4000]  eta: 0:03:37  inter: 20153.0000 (27974.0726)  union: 26569.0000 (42805.9286)  iou: 0.4989 (0.6045)  time: 0.1952  data: 0.0005  max mem: 31525
Test:  [3000/4000]  eta: 0:03:27  inter: 20890.0000 (27926.3834)  union: 33037.0000 (42774.2742)  iou: 0.8015 (0.6038)  time: 0.2170  data: 0.0005  max mem: 31525
Test:  [3050/4000]  eta: 0:03:16  inter: 18417.0000 (27923.5704)  union: 30940.0000 (42880.5146)  iou: 0.5130 (0.6035)  time: 0.2041  data: 0.0005  max mem: 31525
Test:  [3100/4000]  eta: 0:03:06  inter: 17598.0000 (27909.9938)  union: 42020.0000 (42830.7390)  iou: 0.5302 (0.6039)  time: 0.2046  data: 0.0005  max mem: 31525
Test:  [3150/4000]  eta: 0:02:56  inter: 16606.0000 (27793.0139)  union: 22031.0000 (42754.4538)  iou: 0.5948 (0.6032)  time: 0.2068  data: 0.0005  max mem: 31525
Test:  [3200/4000]  eta: 0:02:45  inter: 14084.0000 (27860.8256)  union: 40714.0000 (42794.1432)  iou: 0.6005 (0.6042)  time: 0.1982  data: 0.0005  max mem: 31525
Test:  [3250/4000]  eta: 0:02:35  inter: 13594.0000 (27786.2898)  union: 26041.0000 (42735.5853)  iou: 0.7504 (0.6027)  time: 0.2050  data: 0.0005  max mem: 31525
Test:  [3300/4000]  eta: 0:02:24  inter: 32335.0000 (27881.2134)  union: 47631.0000 (42872.1238)  iou: 0.8240 (0.6018)  time: 0.2196  data: 0.0005  max mem: 31525
Test:  [3350/4000]  eta: 0:02:14  inter: 9607.0000 (27878.8448)  union: 12828.0000 (42853.7477)  iou: 0.7826 (0.6024)  time: 0.1915  data: 0.0005  max mem: 31525
Test:  [3400/4000]  eta: 0:02:04  inter: 27855.0000 (27995.8222)  union: 37049.0000 (42894.2787)  iou: 0.8616 (0.6038)  time: 0.2147  data: 0.0005  max mem: 31525
Test:  [3450/4000]  eta: 0:01:53  inter: 19308.0000 (28008.3122)  union: 29828.0000 (42880.5297)  iou: 0.5687 (0.6038)  time: 0.2001  data: 0.0005  max mem: 31525
Test:  [3500/4000]  eta: 0:01:43  inter: 15367.0000 (27975.8074)  union: 21491.0000 (42833.2993)  iou: 0.6331 (0.6038)  time: 0.1978  data: 0.0005  max mem: 31525
Test:  [3550/4000]  eta: 0:01:33  inter: 25170.0000 (27963.6356)  union: 37460.0000 (42858.1320)  iou: 0.8134 (0.6030)  time: 0.1933  data: 0.0005  max mem: 31525
Test:  [3600/4000]  eta: 0:01:22  inter: 21146.0000 (27927.0010)  union: 31741.0000 (42826.9773)  iou: 0.8205 (0.6020)  time: 0.1999  data: 0.0005  max mem: 31525
Test:  [3650/4000]  eta: 0:01:12  inter: 27649.0000 (27905.8154)  union: 38843.0000 (42819.2608)  iou: 0.7562 (0.6019)  time: 0.2266  data: 0.0005  max mem: 31525
Test:  [3700/4000]  eta: 0:01:02  inter: 25629.0000 (27993.9546)  union: 39806.0000 (42851.4398)  iou: 0.8007 (0.6027)  time: 0.2015  data: 0.0005  max mem: 31525
Test:  [3750/4000]  eta: 0:00:51  inter: 29949.0000 (28039.7238)  union: 48787.0000 (42902.7452)  iou: 0.7456 (0.6034)  time: 0.1985  data: 0.0005  max mem: 31525
Test:  [3800/4000]  eta: 0:00:41  inter: 24498.0000 (28046.9585)  union: 29852.0000 (42907.3805)  iou: 0.7397 (0.6034)  time: 0.1904  data: 0.0005  max mem: 31525
Test:  [3850/4000]  eta: 0:00:30  inter: 21673.0000 (28040.9492)  union: 32764.0000 (42902.1852)  iou: 0.8462 (0.6033)  time: 0.2007  data: 0.0005  max mem: 31525
Test:  [3900/4000]  eta: 0:00:20  inter: 18525.0000 (28079.1249)  union: 36784.0000 (42971.0869)  iou: 0.6948 (0.6027)  time: 0.2027  data: 0.0005  max mem: 31525
Test:  [3950/4000]  eta: 0:00:10  inter: 17632.0000 (28034.3368)  union: 46089.0000 (42927.9100)  iou: 0.7592 (0.6028)  time: 0.1969  data: 0.0005  max mem: 31525
Test:  [3999/4000]  eta: 0:00:00  inter: 16125.0000 (27988.8508)  union: 31062.0000 (42826.9632)  iou: 0.7134 (0.6037)  time: 0.1806  data: 0.0002  max mem: 31525
Test: Total time: 0:13:47 (0.2070 s / it)
* IoU 0.604 oIoU 0.654
IoU of the network on the 4000 test images: 0.6%
Max IoU: 0.60%
huggingface/tokenizers: The current process just got forked, after parallelism has already been used. Disabling parallelism to avoid deadlocks...
To disable this warning, you can either:
	- Avoid using `tokenizers` before the fork if possible
	- Explicitly set the environment variable TOKENIZERS_PARALLELISM=(true | false)
huggingface/tokenizers: The current process just got forked, after parallelism has already been used. Disabling parallelism to avoid deadlocks...
To disable this warning, you can either:
	- Avoid using `tokenizers` before the fork if possible
	- Explicitly set the environment variable TOKENIZERS_PARALLELISM=(true | false)
huggingface/tokenizers: The current process just got forked, after parallelism has already been used. Disabling parallelism to avoid deadlocks...
To disable this warning, you can either:
	- Avoid using `tokenizers` before the fork if possible
	- Explicitly set the environment variable TOKENIZERS_PARALLELISM=(true | false)
huggingface/tokenizers: The current process just got forked, after parallelism has already been used. Disabling parallelism to avoid deadlocks...
To disable this warning, you can either:
	- Avoid using `tokenizers` before the fork if possible
	- Explicitly set the environment variable TOKENIZERS_PARALLELISM=(true | false)
huggingface/tokenizers: The current process just got forked, after parallelism has already been used. Disabling parallelism to avoid deadlocks...
To disable this warning, you can either:
	- Avoid using `tokenizers` before the fork if possible
	- Explicitly set the environment variable TOKENIZERS_PARALLELISM=(true | false)
huggingface/tokenizers: The current process just got forked, after parallelism has already been used. Disabling parallelism to avoid deadlocks...
To disable this warning, you can either:
	- Avoid using `tokenizers` before the fork if possible
	- Explicitly set the environment variable TOKENIZERS_PARALLELISM=(true | false)
huggingface/tokenizers: The current process just got forked, after parallelism has already been used. Disabling parallelism to avoid deadlocks...
To disable this warning, you can either:
	- Avoid using `tokenizers` before the fork if possible
	- Explicitly set the environment variable TOKENIZERS_PARALLELISM=(true | false)
huggingface/tokenizers: The current process just got forked, after parallelism has already been used. Disabling parallelism to avoid deadlocks...
To disable this warning, you can either:
	- Avoid using `tokenizers` before the fork if possible
	- Explicitly set the environment variable TOKENIZERS_PARALLELISM=(true | false)
Epoch: [6]  [   0/5625]  eta: 8:03:36  lr: 0.000009  train_loss: 0.1644 (0.1644)  train_iou: 0.5870 (0.5870)  time: 5.1585  data: 2.9896  max mem: 31525
Epoch: [6]  [  20/5625]  eta: 1:54:40  lr: 0.000009  train_loss: 0.1801 (0.2364)  train_iou: 0.6196 (0.6183)  time: 1.0310  data: 0.0018  max mem: 31525
Epoch: [6]  [  40/5625]  eta: 1:45:28  lr: 0.000009  train_loss: 0.2215 (0.2549)  train_iou: 0.6645 (0.6345)  time: 1.0340  data: 0.0004  max mem: 31525
Epoch: [6]  [  60/5625]  eta: 1:42:09  lr: 0.000009  train_loss: 0.1387 (0.2402)  train_iou: 0.6826 (0.6555)  time: 1.0363  data: 0.0005  max mem: 31525
Epoch: [6]  [  80/5625]  eta: 1:40:00  lr: 0.000009  train_loss: 0.1680 (0.2341)  train_iou: 0.6475 (0.6505)  time: 1.0238  data: 0.0005  max mem: 31525
Epoch: [6]  [ 100/5625]  eta: 1:38:34  lr: 0.000009  train_loss: 0.2182 (0.2365)  train_iou: 0.6898 (0.6570)  time: 1.0230  data: 0.0004  max mem: 31525
Epoch: [6]  [ 120/5625]  eta: 1:37:38  lr: 0.000009  train_loss: 0.1801 (0.2358)  train_iou: 0.6857 (0.6631)  time: 1.0320  data: 0.0004  max mem: 31525
Epoch: [6]  [ 140/5625]  eta: 1:36:50  lr: 0.000009  train_loss: 0.1973 (0.2313)  train_iou: 0.6711 (0.6673)  time: 1.0307  data: 0.0005  max mem: 31525
Epoch: [6]  [ 160/5625]  eta: 1:36:09  lr: 0.000009  train_loss: 0.1865 (0.2319)  train_iou: 0.6460 (0.6665)  time: 1.0292  data: 0.0005  max mem: 31525
Epoch: [6]  [ 180/5625]  eta: 1:35:34  lr: 0.000009  train_loss: 0.2163 (0.2355)  train_iou: 0.7237 (0.6702)  time: 1.0335  data: 0.0005  max mem: 31525
Epoch: [6]  [ 200/5625]  eta: 1:35:00  lr: 0.000009  train_loss: 0.1375 (0.2294)  train_iou: 0.7329 (0.6767)  time: 1.0292  data: 0.0005  max mem: 31525
Epoch: [6]  [ 220/5625]  eta: 1:34:27  lr: 0.000009  train_loss: 0.1557 (0.2288)  train_iou: 0.6715 (0.6778)  time: 1.0266  data: 0.0004  max mem: 31525
Epoch: [6]  [ 240/5625]  eta: 1:34:00  lr: 0.000009  train_loss: 0.1486 (0.2262)  train_iou: 0.7365 (0.6795)  time: 1.0335  data: 0.0005  max mem: 31525
Epoch: [6]  [ 260/5625]  eta: 1:33:32  lr: 0.000009  train_loss: 0.1960 (0.2261)  train_iou: 0.6992 (0.6814)  time: 1.0313  data: 0.0004  max mem: 31525
Epoch: [6]  [ 280/5625]  eta: 1:33:06  lr: 0.000009  train_loss: 0.1712 (0.2246)  train_iou: 0.7346 (0.6836)  time: 1.0331  data: 0.0004  max mem: 31525
Epoch: [6]  [ 300/5625]  eta: 1:32:43  lr: 0.000009  train_loss: 0.1771 (0.2250)  train_iou: 0.7465 (0.6867)  time: 1.0389  data: 0.0005  max mem: 31525
Epoch: [6]  [ 320/5625]  eta: 1:32:20  lr: 0.000009  train_loss: 0.2164 (0.2245)  train_iou: 0.6913 (0.6867)  time: 1.0396  data: 0.0005  max mem: 31525
Epoch: [6]  [ 340/5625]  eta: 1:31:56  lr: 0.000009  train_loss: 0.2665 (0.2266)  train_iou: 0.6719 (0.6850)  time: 1.0347  data: 0.0005  max mem: 31525
Epoch: [6]  [ 360/5625]  eta: 1:31:33  lr: 0.000009  train_loss: 0.1845 (0.2285)  train_iou: 0.6319 (0.6823)  time: 1.0348  data: 0.0005  max mem: 31525
Epoch: [6]  [ 380/5625]  eta: 1:31:09  lr: 0.000009  train_loss: 0.1725 (0.2296)  train_iou: 0.6626 (0.6810)  time: 1.0313  data: 0.0005  max mem: 31525
Epoch: [6]  [ 400/5625]  eta: 1:30:45  lr: 0.000009  train_loss: 0.1990 (0.2319)  train_iou: 0.6504 (0.6790)  time: 1.0320  data: 0.0004  max mem: 31525
Epoch: [6]  [ 420/5625]  eta: 1:30:22  lr: 0.000009  train_loss: 0.1713 (0.2316)  train_iou: 0.7398 (0.6812)  time: 1.0318  data: 0.0004  max mem: 31525
Epoch: [6]  [ 440/5625]  eta: 1:29:59  lr: 0.000009  train_loss: 0.2024 (0.2316)  train_iou: 0.7268 (0.6824)  time: 1.0348  data: 0.0004  max mem: 31525
Epoch: [6]  [ 460/5625]  eta: 1:29:35  lr: 0.000009  train_loss: 0.1616 (0.2322)  train_iou: 0.6138 (0.6808)  time: 1.0258  data: 0.0004  max mem: 31525
Epoch: [6]  [ 480/5625]  eta: 1:29:12  lr: 0.000009  train_loss: 0.2504 (0.2327)  train_iou: 0.6512 (0.6792)  time: 1.0324  data: 0.0005  max mem: 31525
Epoch: [6]  [ 500/5625]  eta: 1:28:50  lr: 0.000009  train_loss: 0.2019 (0.2323)  train_iou: 0.6695 (0.6792)  time: 1.0335  data: 0.0004  max mem: 31525
Epoch: [6]  [ 520/5625]  eta: 1:28:26  lr: 0.000009  train_loss: 0.2020 (0.2330)  train_iou: 0.6625 (0.6784)  time: 1.0252  data: 0.0004  max mem: 31525
Epoch: [6]  [ 540/5625]  eta: 1:28:05  lr: 0.000009  train_loss: 0.1680 (0.2320)  train_iou: 0.6570 (0.6782)  time: 1.0358  data: 0.0005  max mem: 31525
Epoch: [6]  [ 560/5625]  eta: 1:27:43  lr: 0.000009  train_loss: 0.1526 (0.2312)  train_iou: 0.6739 (0.6772)  time: 1.0356  data: 0.0004  max mem: 31525
Epoch: [6]  [ 580/5625]  eta: 1:27:22  lr: 0.000009  train_loss: 0.2240 (0.2336)  train_iou: 0.5795 (0.6746)  time: 1.0353  data: 0.0004  max mem: 31525
Epoch: [6]  [ 600/5625]  eta: 1:27:00  lr: 0.000009  train_loss: 0.2396 (0.2348)  train_iou: 0.6606 (0.6750)  time: 1.0307  data: 0.0005  max mem: 31525
Epoch: [6]  [ 620/5625]  eta: 1:26:38  lr: 0.000009  train_loss: 0.1950 (0.2339)  train_iou: 0.6958 (0.6752)  time: 1.0327  data: 0.0004  max mem: 31525
Epoch: [6]  [ 640/5625]  eta: 1:26:16  lr: 0.000009  train_loss: 0.1968 (0.2343)  train_iou: 0.6757 (0.6757)  time: 1.0329  data: 0.0004  max mem: 31525
Epoch: [6]  [ 660/5625]  eta: 1:25:54  lr: 0.000009  train_loss: 0.2474 (0.2350)  train_iou: 0.6493 (0.6749)  time: 1.0311  data: 0.0005  max mem: 31525
Epoch: [6]  [ 680/5625]  eta: 1:25:31  lr: 0.000009  train_loss: 0.2372 (0.2360)  train_iou: 0.6818 (0.6745)  time: 1.0177  data: 0.0004  max mem: 31525
Epoch: [6]  [ 700/5625]  eta: 1:25:07  lr: 0.000009  train_loss: 0.2110 (0.2368)  train_iou: 0.6343 (0.6739)  time: 1.0168  data: 0.0005  max mem: 31525
Epoch: [6]  [ 720/5625]  eta: 1:24:44  lr: 0.000009  train_loss: 0.2141 (0.2376)  train_iou: 0.6399 (0.6734)  time: 1.0180  data: 0.0005  max mem: 31525
Epoch: [6]  [ 740/5625]  eta: 1:24:20  lr: 0.000009  train_loss: 0.2034 (0.2375)  train_iou: 0.6420 (0.6728)  time: 1.0155  data: 0.0004  max mem: 31525
Epoch: [6]  [ 760/5625]  eta: 1:23:57  lr: 0.000009  train_loss: 0.1993 (0.2371)  train_iou: 0.6514 (0.6727)  time: 1.0140  data: 0.0005  max mem: 31525
Epoch: [6]  [ 780/5625]  eta: 1:23:34  lr: 0.000009  train_loss: 0.2207 (0.2370)  train_iou: 0.6421 (0.6724)  time: 1.0171  data: 0.0004  max mem: 31525
Epoch: [6]  [ 800/5625]  eta: 1:23:11  lr: 0.000009  train_loss: 0.2343 (0.2371)  train_iou: 0.7035 (0.6730)  time: 1.0209  data: 0.0004  max mem: 31525
Epoch: [6]  [ 820/5625]  eta: 1:22:49  lr: 0.000009  train_loss: 0.2333 (0.2373)  train_iou: 0.6497 (0.6729)  time: 1.0253  data: 0.0004  max mem: 31525
Epoch: [6]  [ 840/5625]  eta: 1:22:28  lr: 0.000009  train_loss: 0.2368 (0.2384)  train_iou: 0.6646 (0.6722)  time: 1.0237  data: 0.0005  max mem: 31525
Epoch: [6]  [ 860/5625]  eta: 1:22:06  lr: 0.000009  train_loss: 0.2928 (0.2391)  train_iou: 0.6339 (0.6716)  time: 1.0237  data: 0.0004  max mem: 31525
Epoch: [6]  [ 880/5625]  eta: 1:21:44  lr: 0.000009  train_loss: 0.1901 (0.2394)  train_iou: 0.7043 (0.6721)  time: 1.0209  data: 0.0005  max mem: 31525
Epoch: [6]  [ 900/5625]  eta: 1:21:22  lr: 0.000009  train_loss: 0.2266 (0.2393)  train_iou: 0.6303 (0.6713)  time: 1.0207  data: 0.0005  max mem: 31525
Epoch: [6]  [ 920/5625]  eta: 1:20:59  lr: 0.000009  train_loss: 0.1983 (0.2387)  train_iou: 0.6558 (0.6707)  time: 1.0161  data: 0.0004  max mem: 31525
Epoch: [6]  [ 940/5625]  eta: 1:20:37  lr: 0.000009  train_loss: 0.1566 (0.2375)  train_iou: 0.6869 (0.6712)  time: 1.0185  data: 0.0004  max mem: 31525
Epoch: [6]  [ 960/5625]  eta: 1:20:15  lr: 0.000009  train_loss: 0.1935 (0.2379)  train_iou: 0.6235 (0.6707)  time: 1.0188  data: 0.0005  max mem: 31525
Epoch: [6]  [ 980/5625]  eta: 1:19:53  lr: 0.000009  train_loss: 0.2002 (0.2375)  train_iou: 0.6896 (0.6712)  time: 1.0200  data: 0.0004  max mem: 31525
Epoch: [6]  [1000/5625]  eta: 1:19:31  lr: 0.000009  train_loss: 0.2225 (0.2375)  train_iou: 0.6598 (0.6712)  time: 1.0165  data: 0.0004  max mem: 31525
Epoch: [6]  [1020/5625]  eta: 1:19:09  lr: 0.000009  train_loss: 0.2263 (0.2385)  train_iou: 0.6516 (0.6708)  time: 1.0188  data: 0.0005  max mem: 31525
Epoch: [6]  [1040/5625]  eta: 1:18:48  lr: 0.000009  train_loss: 0.2271 (0.2385)  train_iou: 0.6299 (0.6705)  time: 1.0185  data: 0.0004  max mem: 31525
Epoch: [6]  [1060/5625]  eta: 1:18:26  lr: 0.000009  train_loss: 0.1583 (0.2382)  train_iou: 0.7475 (0.6712)  time: 1.0214  data: 0.0005  max mem: 31525
Epoch: [6]  [1080/5625]  eta: 1:18:04  lr: 0.000009  train_loss: 0.2588 (0.2387)  train_iou: 0.6668 (0.6710)  time: 1.0171  data: 0.0005  max mem: 31525
Epoch: [6]  [1100/5625]  eta: 1:17:53  lr: 0.000009  train_loss: 0.2231 (0.2389)  train_iou: 0.6244 (0.6703)  time: 1.1480  data: 0.0004  max mem: 31525
Epoch: [6]  [1120/5625]  eta: 1:17:32  lr: 0.000009  train_loss: 0.2205 (0.2392)  train_iou: 0.7370 (0.6706)  time: 1.0187  data: 0.0004  max mem: 31525
Epoch: [6]  [1140/5625]  eta: 1:17:10  lr: 0.000009  train_loss: 0.2000 (0.2394)  train_iou: 0.6384 (0.6700)  time: 1.0190  data: 0.0004  max mem: 31525
Epoch: [6]  [1160/5625]  eta: 1:16:48  lr: 0.000009  train_loss: 0.1944 (0.2392)  train_iou: 0.6695 (0.6699)  time: 1.0208  data: 0.0004  max mem: 31525
Epoch: [6]  [1180/5625]  eta: 1:16:27  lr: 0.000009  train_loss: 0.2422 (0.2392)  train_iou: 0.6738 (0.6699)  time: 1.0210  data: 0.0004  max mem: 31525
Epoch: [6]  [1200/5625]  eta: 1:16:05  lr: 0.000009  train_loss: 0.2706 (0.2401)  train_iou: 0.6781 (0.6704)  time: 1.0213  data: 0.0004  max mem: 31525
Epoch: [6]  [1220/5625]  eta: 1:15:44  lr: 0.000009  train_loss: 0.2171 (0.2402)  train_iou: 0.6377 (0.6703)  time: 1.0221  data: 0.0004  max mem: 31525
Epoch: [6]  [1240/5625]  eta: 1:15:23  lr: 0.000009  train_loss: 0.2650 (0.2410)  train_iou: 0.6648 (0.6697)  time: 1.0192  data: 0.0004  max mem: 31525
Epoch: [6]  [1260/5625]  eta: 1:15:01  lr: 0.000009  train_loss: 0.1833 (0.2409)  train_iou: 0.6600 (0.6695)  time: 1.0206  data: 0.0004  max mem: 31525
Epoch: [6]  [1280/5625]  eta: 1:14:40  lr: 0.000009  train_loss: 0.1969 (0.2407)  train_iou: 0.7782 (0.6705)  time: 1.0215  data: 0.0005  max mem: 31525
Epoch: [6]  [1300/5625]  eta: 1:14:18  lr: 0.000009  train_loss: 0.1851 (0.2405)  train_iou: 0.6924 (0.6706)  time: 1.0191  data: 0.0004  max mem: 31525
Epoch: [6]  [1320/5625]  eta: 1:13:57  lr: 0.000009  train_loss: 0.1890 (0.2404)  train_iou: 0.7188 (0.6709)  time: 1.0171  data: 0.0004  max mem: 31525
Epoch: [6]  [1340/5625]  eta: 1:13:36  lr: 0.000009  train_loss: 0.1596 (0.2399)  train_iou: 0.6406 (0.6712)  time: 1.0195  data: 0.0004  max mem: 31525
Epoch: [6]  [1360/5625]  eta: 1:13:14  lr: 0.000009  train_loss: 0.1449 (0.2387)  train_iou: 0.6647 (0.6711)  time: 1.0156  data: 0.0004  max mem: 31525
Epoch: [6]  [1380/5625]  eta: 1:12:53  lr: 0.000009  train_loss: 0.2877 (0.2392)  train_iou: 0.6722 (0.6713)  time: 1.0157  data: 0.0004  max mem: 31525
Epoch: [6]  [1400/5625]  eta: 1:12:31  lr: 0.000009  train_loss: 0.2096 (0.2390)  train_iou: 0.6528 (0.6708)  time: 1.0146  data: 0.0004  max mem: 31525
Epoch: [6]  [1420/5625]  eta: 1:12:10  lr: 0.000009  train_loss: 0.1915 (0.2393)  train_iou: 0.6691 (0.6707)  time: 1.0211  data: 0.0005  max mem: 31525
Epoch: [6]  [1440/5625]  eta: 1:11:49  lr: 0.000009  train_loss: 0.2120 (0.2393)  train_iou: 0.6433 (0.6709)  time: 1.0205  data: 0.0004  max mem: 31525
Epoch: [6]  [1460/5625]  eta: 1:11:27  lr: 0.000009  train_loss: 0.2264 (0.2393)  train_iou: 0.6662 (0.6709)  time: 1.0171  data: 0.0004  max mem: 31525
Epoch: [6]  [1480/5625]  eta: 1:11:06  lr: 0.000009  train_loss: 0.1591 (0.2389)  train_iou: 0.6670 (0.6710)  time: 1.0189  data: 0.0005  max mem: 31525
Epoch: [6]  [1500/5625]  eta: 1:10:45  lr: 0.000009  train_loss: 0.2198 (0.2388)  train_iou: 0.6826 (0.6712)  time: 1.0167  data: 0.0004  max mem: 31525
Epoch: [6]  [1520/5625]  eta: 1:10:24  lr: 0.000009  train_loss: 0.2141 (0.2387)  train_iou: 0.6133 (0.6710)  time: 1.0174  data: 0.0005  max mem: 31525
Epoch: [6]  [1540/5625]  eta: 1:10:02  lr: 0.000009  train_loss: 0.1929 (0.2384)  train_iou: 0.7269 (0.6718)  time: 1.0153  data: 0.0005  max mem: 31525
Epoch: [6]  [1560/5625]  eta: 1:09:41  lr: 0.000009  train_loss: 0.2701 (0.2391)  train_iou: 0.6651 (0.6716)  time: 1.0177  data: 0.0005  max mem: 31525
Epoch: [6]  [1580/5625]  eta: 1:09:20  lr: 0.000009  train_loss: 0.1661 (0.2385)  train_iou: 0.7406 (0.6722)  time: 1.0130  data: 0.0004  max mem: 31525
Epoch: [6]  [1600/5625]  eta: 1:08:59  lr: 0.000009  train_loss: 0.1703 (0.2383)  train_iou: 0.7099 (0.6724)  time: 1.0214  data: 0.0005  max mem: 31525
Epoch: [6]  [1620/5625]  eta: 1:08:38  lr: 0.000009  train_loss: 0.1490 (0.2380)  train_iou: 0.6552 (0.6724)  time: 1.0190  data: 0.0004  max mem: 31525
Epoch: [6]  [1640/5625]  eta: 1:08:17  lr: 0.000009  train_loss: 0.1983 (0.2381)  train_iou: 0.6908 (0.6729)  time: 1.0202  data: 0.0004  max mem: 31525
Epoch: [6]  [1660/5625]  eta: 1:07:56  lr: 0.000009  train_loss: 0.1891 (0.2380)  train_iou: 0.6783 (0.6727)  time: 1.0214  data: 0.0005  max mem: 31525
Epoch: [6]  [1680/5625]  eta: 1:07:35  lr: 0.000009  train_loss: 0.1964 (0.2379)  train_iou: 0.6432 (0.6726)  time: 1.0186  data: 0.0004  max mem: 31525
Epoch: [6]  [1700/5625]  eta: 1:07:14  lr: 0.000009  train_loss: 0.1875 (0.2378)  train_iou: 0.7202 (0.6729)  time: 1.0187  data: 0.0004  max mem: 31525
Epoch: [6]  [1720/5625]  eta: 1:06:53  lr: 0.000009  train_loss: 0.2531 (0.2387)  train_iou: 0.6982 (0.6729)  time: 1.0209  data: 0.0005  max mem: 31525
Epoch: [6]  [1740/5625]  eta: 1:06:32  lr: 0.000009  train_loss: 0.1780 (0.2388)  train_iou: 0.6829 (0.6727)  time: 1.0179  data: 0.0004  max mem: 31525
Epoch: [6]  [1760/5625]  eta: 1:06:11  lr: 0.000009  train_loss: 0.2019 (0.2386)  train_iou: 0.6837 (0.6728)  time: 1.0180  data: 0.0004  max mem: 31525
Epoch: [6]  [1780/5625]  eta: 1:05:50  lr: 0.000009  train_loss: 0.1932 (0.2386)  train_iou: 0.6834 (0.6728)  time: 1.0172  data: 0.0004  max mem: 31525
Epoch: [6]  [1800/5625]  eta: 1:05:29  lr: 0.000009  train_loss: 0.1840 (0.2387)  train_iou: 0.6775 (0.6731)  time: 1.0172  data: 0.0005  max mem: 31525
Epoch: [6]  [1820/5625]  eta: 1:05:08  lr: 0.000009  train_loss: 0.2371 (0.2387)  train_iou: 0.6467 (0.6731)  time: 1.0176  data: 0.0004  max mem: 31525
Epoch: [6]  [1840/5625]  eta: 1:04:47  lr: 0.000009  train_loss: 0.2212 (0.2389)  train_iou: 0.6624 (0.6731)  time: 1.0163  data: 0.0004  max mem: 31525
Epoch: [6]  [1860/5625]  eta: 1:04:26  lr: 0.000009  train_loss: 0.2217 (0.2392)  train_iou: 0.6421 (0.6730)  time: 1.0188  data: 0.0005  max mem: 31525
Epoch: [6]  [1880/5625]  eta: 1:04:06  lr: 0.000009  train_loss: 0.2556 (0.2396)  train_iou: 0.6852 (0.6732)  time: 1.0187  data: 0.0004  max mem: 31525
Epoch: [6]  [1900/5625]  eta: 1:03:45  lr: 0.000009  train_loss: 0.1659 (0.2395)  train_iou: 0.7354 (0.6738)  time: 1.0162  data: 0.0004  max mem: 31525
Epoch: [6]  [1920/5625]  eta: 1:03:24  lr: 0.000009  train_loss: 0.1691 (0.2394)  train_iou: 0.6442 (0.6737)  time: 1.0226  data: 0.0005  max mem: 31525
Epoch: [6]  [1940/5625]  eta: 1:03:03  lr: 0.000009  train_loss: 0.2563 (0.2401)  train_iou: 0.6712 (0.6735)  time: 1.0163  data: 0.0004  max mem: 31525
Epoch: [6]  [1960/5625]  eta: 1:02:42  lr: 0.000009  train_loss: 0.1943 (0.2397)  train_iou: 0.7591 (0.6740)  time: 1.0159  data: 0.0004  max mem: 31525
Epoch: [6]  [1980/5625]  eta: 1:02:21  lr: 0.000009  train_loss: 0.2221 (0.2399)  train_iou: 0.6546 (0.6737)  time: 1.0188  data: 0.0005  max mem: 31525
Epoch: [6]  [2000/5625]  eta: 1:02:00  lr: 0.000009  train_loss: 0.1547 (0.2393)  train_iou: 0.6622 (0.6741)  time: 1.0162  data: 0.0004  max mem: 31525
Epoch: [6]  [2020/5625]  eta: 1:01:39  lr: 0.000009  train_loss: 0.2014 (0.2394)  train_iou: 0.6793 (0.6742)  time: 1.0146  data: 0.0004  max mem: 31525
Epoch: [6]  [2040/5625]  eta: 1:01:18  lr: 0.000009  train_loss: 0.2129 (0.2397)  train_iou: 0.6577 (0.6740)  time: 1.0168  data: 0.0004  max mem: 31525
Epoch: [6]  [2060/5625]  eta: 1:00:58  lr: 0.000009  train_loss: 0.2184 (0.2395)  train_iou: 0.6715 (0.6738)  time: 1.0161  data: 0.0004  max mem: 31525
Epoch: [6]  [2080/5625]  eta: 1:00:37  lr: 0.000009  train_loss: 0.1600 (0.2391)  train_iou: 0.7010 (0.6739)  time: 1.0147  data: 0.0004  max mem: 31525
Epoch: [6]  [2100/5625]  eta: 1:00:16  lr: 0.000009  train_loss: 0.1961 (0.2390)  train_iou: 0.6699 (0.6739)  time: 1.0156  data: 0.0004  max mem: 31525
Epoch: [6]  [2120/5625]  eta: 0:59:55  lr: 0.000009  train_loss: 0.2355 (0.2390)  train_iou: 0.6281 (0.6736)  time: 1.0207  data: 0.0004  max mem: 31525
Epoch: [6]  [2140/5625]  eta: 0:59:34  lr: 0.000009  train_loss: 0.1815 (0.2390)  train_iou: 0.6282 (0.6735)  time: 1.0186  data: 0.0004  max mem: 31525
Epoch: [6]  [2160/5625]  eta: 0:59:14  lr: 0.000009  train_loss: 0.1804 (0.2391)  train_iou: 0.6054 (0.6731)  time: 1.0214  data: 0.0004  max mem: 31525
Epoch: [6]  [2180/5625]  eta: 0:58:53  lr: 0.000009  train_loss: 0.2637 (0.2394)  train_iou: 0.6534 (0.6729)  time: 1.0197  data: 0.0005  max mem: 31525
Epoch: [6]  [2200/5625]  eta: 0:58:32  lr: 0.000009  train_loss: 0.1820 (0.2394)  train_iou: 0.6718 (0.6730)  time: 1.0197  data: 0.0004  max mem: 31525
Epoch: [6]  [2220/5625]  eta: 0:58:12  lr: 0.000009  train_loss: 0.1484 (0.2392)  train_iou: 0.6429 (0.6727)  time: 1.0188  data: 0.0004  max mem: 31525
Epoch: [6]  [2240/5625]  eta: 0:57:51  lr: 0.000009  train_loss: 0.1845 (0.2392)  train_iou: 0.6859 (0.6729)  time: 1.0155  data: 0.0004  max mem: 31525
Epoch: [6]  [2260/5625]  eta: 0:57:30  lr: 0.000009  train_loss: 0.2056 (0.2393)  train_iou: 0.6608 (0.6725)  time: 1.0207  data: 0.0004  max mem: 31525
Epoch: [6]  [2280/5625]  eta: 0:57:09  lr: 0.000009  train_loss: 0.2212 (0.2391)  train_iou: 0.6333 (0.6722)  time: 1.0198  data: 0.0004  max mem: 31525
Epoch: [6]  [2300/5625]  eta: 0:56:49  lr: 0.000009  train_loss: 0.1967 (0.2388)  train_iou: 0.7169 (0.6726)  time: 1.0189  data: 0.0004  max mem: 31525
Epoch: [6]  [2320/5625]  eta: 0:56:28  lr: 0.000009  train_loss: 0.1676 (0.2389)  train_iou: 0.6429 (0.6725)  time: 1.0150  data: 0.0004  max mem: 31525
Epoch: [6]  [2340/5625]  eta: 0:56:07  lr: 0.000009  train_loss: 0.2292 (0.2392)  train_iou: 0.6283 (0.6719)  time: 1.0145  data: 0.0004  max mem: 31525
Epoch: [6]  [2360/5625]  eta: 0:55:47  lr: 0.000009  train_loss: 0.2671 (0.2399)  train_iou: 0.6819 (0.6719)  time: 1.0212  data: 0.0004  max mem: 31525
Epoch: [6]  [2380/5625]  eta: 0:55:26  lr: 0.000009  train_loss: 0.2202 (0.2398)  train_iou: 0.6672 (0.6719)  time: 1.0145  data: 0.0004  max mem: 31525
Epoch: [6]  [2400/5625]  eta: 0:55:05  lr: 0.000009  train_loss: 0.2038 (0.2397)  train_iou: 0.6396 (0.6718)  time: 1.0167  data: 0.0004  max mem: 31525
Epoch: [6]  [2420/5625]  eta: 0:54:44  lr: 0.000009  train_loss: 0.1734 (0.2396)  train_iou: 0.7212 (0.6720)  time: 1.0192  data: 0.0004  max mem: 31525
Epoch: [6]  [2440/5625]  eta: 0:54:27  lr: 0.000009  train_loss: 0.1883 (0.2396)  train_iou: 0.6429 (0.6718)  time: 1.1399  data: 0.0004  max mem: 31525
Epoch: [6]  [2460/5625]  eta: 0:54:06  lr: 0.000009  train_loss: 0.1696 (0.2392)  train_iou: 0.7362 (0.6722)  time: 1.0200  data: 0.0004  max mem: 31525
Epoch: [6]  [2480/5625]  eta: 0:53:46  lr: 0.000009  train_loss: 0.2461 (0.2392)  train_iou: 0.6470 (0.6721)  time: 1.0201  data: 0.0004  max mem: 31525
Epoch: [6]  [2500/5625]  eta: 0:53:25  lr: 0.000009  train_loss: 0.1990 (0.2390)  train_iou: 0.6287 (0.6720)  time: 1.0199  data: 0.0004  max mem: 31525
Epoch: [6]  [2520/5625]  eta: 0:53:04  lr: 0.000009  train_loss: 0.1919 (0.2393)  train_iou: 0.6015 (0.6717)  time: 1.0152  data: 0.0004  max mem: 31525
Epoch: [6]  [2540/5625]  eta: 0:52:43  lr: 0.000009  train_loss: 0.1765 (0.2389)  train_iou: 0.7377 (0.6720)  time: 1.0161  data: 0.0004  max mem: 31525
Epoch: [6]  [2560/5625]  eta: 0:52:23  lr: 0.000009  train_loss: 0.1898 (0.2387)  train_iou: 0.6777 (0.6722)  time: 1.0153  data: 0.0004  max mem: 31525
Epoch: [6]  [2580/5625]  eta: 0:52:02  lr: 0.000009  train_loss: 0.3296 (0.2391)  train_iou: 0.6255 (0.6717)  time: 1.0167  data: 0.0005  max mem: 31525
Epoch: [6]  [2600/5625]  eta: 0:51:41  lr: 0.000009  train_loss: 0.1786 (0.2388)  train_iou: 0.6809 (0.6719)  time: 1.0186  data: 0.0004  max mem: 31525
Epoch: [6]  [2620/5625]  eta: 0:51:20  lr: 0.000009  train_loss: 0.1808 (0.2388)  train_iou: 0.6763 (0.6718)  time: 1.0161  data: 0.0004  max mem: 31525
Epoch: [6]  [2640/5625]  eta: 0:51:00  lr: 0.000009  train_loss: 0.1739 (0.2387)  train_iou: 0.7031 (0.6721)  time: 1.0190  data: 0.0004  max mem: 31525
Epoch: [6]  [2660/5625]  eta: 0:50:39  lr: 0.000009  train_loss: 0.1631 (0.2385)  train_iou: 0.7082 (0.6725)  time: 1.0185  data: 0.0005  max mem: 31525
Epoch: [6]  [2680/5625]  eta: 0:50:19  lr: 0.000009  train_loss: 0.2686 (0.2387)  train_iou: 0.7347 (0.6727)  time: 1.0175  data: 0.0004  max mem: 31525
Epoch: [6]  [2700/5625]  eta: 0:49:58  lr: 0.000009  train_loss: 0.2170 (0.2387)  train_iou: 0.6487 (0.6726)  time: 1.0186  data: 0.0004  max mem: 31525
Epoch: [6]  [2720/5625]  eta: 0:49:37  lr: 0.000009  train_loss: 0.1864 (0.2386)  train_iou: 0.5959 (0.6723)  time: 1.0179  data: 0.0005  max mem: 31525
Epoch: [6]  [2740/5625]  eta: 0:49:17  lr: 0.000009  train_loss: 0.1421 (0.2385)  train_iou: 0.6515 (0.6721)  time: 1.0170  data: 0.0004  max mem: 31525
Epoch: [6]  [2760/5625]  eta: 0:48:56  lr: 0.000009  train_loss: 0.1765 (0.2384)  train_iou: 0.6184 (0.6721)  time: 1.0203  data: 0.0004  max mem: 31525
Epoch: [6]  [2780/5625]  eta: 0:48:35  lr: 0.000009  train_loss: 0.1686 (0.2380)  train_iou: 0.7484 (0.6725)  time: 1.0191  data: 0.0004  max mem: 31525
Epoch: [6]  [2800/5625]  eta: 0:48:15  lr: 0.000009  train_loss: 0.1613 (0.2381)  train_iou: 0.7102 (0.6726)  time: 1.0155  data: 0.0004  max mem: 31525
Epoch: [6]  [2820/5625]  eta: 0:47:54  lr: 0.000009  train_loss: 0.1473 (0.2380)  train_iou: 0.6356 (0.6724)  time: 1.0164  data: 0.0004  max mem: 31525
Epoch: [6]  [2840/5625]  eta: 0:47:33  lr: 0.000009  train_loss: 0.2120 (0.2380)  train_iou: 0.6992 (0.6725)  time: 1.0157  data: 0.0004  max mem: 31525
Epoch: [6]  [2860/5625]  eta: 0:47:13  lr: 0.000009  train_loss: 0.1977 (0.2378)  train_iou: 0.7079 (0.6727)  time: 1.0133  data: 0.0004  max mem: 31525
Epoch: [6]  [2880/5625]  eta: 0:46:52  lr: 0.000009  train_loss: 0.2019 (0.2378)  train_iou: 0.6651 (0.6726)  time: 1.0191  data: 0.0004  max mem: 31525
Epoch: [6]  [2900/5625]  eta: 0:46:31  lr: 0.000009  train_loss: 0.1766 (0.2379)  train_iou: 0.6390 (0.6726)  time: 1.0221  data: 0.0005  max mem: 31525
Epoch: [6]  [2920/5625]  eta: 0:46:11  lr: 0.000009  train_loss: 0.2499 (0.2381)  train_iou: 0.7330 (0.6728)  time: 1.0202  data: 0.0004  max mem: 31525
Epoch: [6]  [2940/5625]  eta: 0:45:50  lr: 0.000009  train_loss: 0.2654 (0.2386)  train_iou: 0.6553 (0.6726)  time: 1.0250  data: 0.0004  max mem: 31525
Epoch: [6]  [2960/5625]  eta: 0:45:30  lr: 0.000009  train_loss: 0.2018 (0.2386)  train_iou: 0.6528 (0.6727)  time: 1.0200  data: 0.0004  max mem: 31525
Epoch: [6]  [2980/5625]  eta: 0:45:09  lr: 0.000009  train_loss: 0.1750 (0.2388)  train_iou: 0.6634 (0.6726)  time: 1.0187  data: 0.0004  max mem: 31525
Epoch: [6]  [3000/5625]  eta: 0:44:49  lr: 0.000009  train_loss: 0.1525 (0.2385)  train_iou: 0.7675 (0.6730)  time: 1.0219  data: 0.0004  max mem: 31525
Epoch: [6]  [3020/5625]  eta: 0:44:28  lr: 0.000009  train_loss: 0.2372 (0.2385)  train_iou: 0.6944 (0.6730)  time: 1.0208  data: 0.0004  max mem: 31525
Epoch: [6]  [3040/5625]  eta: 0:44:08  lr: 0.000009  train_loss: 0.2165 (0.2386)  train_iou: 0.6997 (0.6732)  time: 1.0184  data: 0.0004  max mem: 31525
Epoch: [6]  [3060/5625]  eta: 0:43:47  lr: 0.000009  train_loss: 0.1937 (0.2385)  train_iou: 0.6690 (0.6732)  time: 1.0203  data: 0.0004  max mem: 31525
Epoch: [6]  [3080/5625]  eta: 0:43:26  lr: 0.000009  train_loss: 0.2571 (0.2387)  train_iou: 0.6538 (0.6734)  time: 1.0210  data: 0.0004  max mem: 31525
Epoch: [6]  [3100/5625]  eta: 0:43:06  lr: 0.000009  train_loss: 0.1995 (0.2387)  train_iou: 0.6542 (0.6732)  time: 1.0180  data: 0.0005  max mem: 31525
Epoch: [6]  [3120/5625]  eta: 0:42:45  lr: 0.000009  train_loss: 0.1864 (0.2387)  train_iou: 0.6568 (0.6731)  time: 1.0138  data: 0.0004  max mem: 31525
Epoch: [6]  [3140/5625]  eta: 0:42:25  lr: 0.000009  train_loss: 0.1838 (0.2385)  train_iou: 0.6670 (0.6730)  time: 1.0191  data: 0.0004  max mem: 31525
Epoch: [6]  [3160/5625]  eta: 0:42:04  lr: 0.000009  train_loss: 0.1611 (0.2382)  train_iou: 0.7320 (0.6731)  time: 1.0174  data: 0.0005  max mem: 31525
Epoch: [6]  [3180/5625]  eta: 0:41:44  lr: 0.000009  train_loss: 0.1720 (0.2381)  train_iou: 0.6960 (0.6731)  time: 1.0212  data: 0.0004  max mem: 31525
Epoch: [6]  [3200/5625]  eta: 0:41:23  lr: 0.000009  train_loss: 0.2028 (0.2381)  train_iou: 0.6349 (0.6729)  time: 1.0156  data: 0.0004  max mem: 31525
Epoch: [6]  [3220/5625]  eta: 0:41:02  lr: 0.000009  train_loss: 0.1476 (0.2380)  train_iou: 0.6724 (0.6729)  time: 1.0196  data: 0.0004  max mem: 31525
Epoch: [6]  [3240/5625]  eta: 0:40:42  lr: 0.000009  train_loss: 0.1674 (0.2381)  train_iou: 0.6871 (0.6730)  time: 1.0204  data: 0.0004  max mem: 31525
Epoch: [6]  [3260/5625]  eta: 0:40:21  lr: 0.000009  train_loss: 0.2050 (0.2380)  train_iou: 0.6854 (0.6731)  time: 1.0185  data: 0.0004  max mem: 31525
Epoch: [6]  [3280/5625]  eta: 0:40:01  lr: 0.000009  train_loss: 0.1787 (0.2380)  train_iou: 0.7286 (0.6733)  time: 1.0179  data: 0.0004  max mem: 31525
Epoch: [6]  [3300/5625]  eta: 0:39:40  lr: 0.000009  train_loss: 0.2757 (0.2380)  train_iou: 0.6800 (0.6732)  time: 1.0199  data: 0.0005  max mem: 31525
Epoch: [6]  [3320/5625]  eta: 0:39:20  lr: 0.000009  train_loss: 0.2630 (0.2383)  train_iou: 0.5862 (0.6729)  time: 1.0150  data: 0.0004  max mem: 31525
Epoch: [6]  [3340/5625]  eta: 0:38:59  lr: 0.000009  train_loss: 0.2413 (0.2385)  train_iou: 0.6265 (0.6727)  time: 1.0170  data: 0.0004  max mem: 31525
Epoch: [6]  [3360/5625]  eta: 0:38:38  lr: 0.000009  train_loss: 0.1673 (0.2384)  train_iou: 0.6884 (0.6729)  time: 1.0202  data: 0.0004  max mem: 31525
Epoch: [6]  [3380/5625]  eta: 0:38:18  lr: 0.000009  train_loss: 0.1711 (0.2382)  train_iou: 0.7037 (0.6732)  time: 1.0182  data: 0.0004  max mem: 31525
Epoch: [6]  [3400/5625]  eta: 0:37:57  lr: 0.000009  train_loss: 0.2385 (0.2384)  train_iou: 0.6288 (0.6729)  time: 1.0137  data: 0.0004  max mem: 31525
Epoch: [6]  [3420/5625]  eta: 0:37:37  lr: 0.000009  train_loss: 0.1788 (0.2383)  train_iou: 0.7095 (0.6730)  time: 1.0180  data: 0.0004  max mem: 31525
Epoch: [6]  [3440/5625]  eta: 0:37:16  lr: 0.000009  train_loss: 0.1576 (0.2379)  train_iou: 0.6444 (0.6730)  time: 1.0168  data: 0.0005  max mem: 31525
Epoch: [6]  [3460/5625]  eta: 0:36:56  lr: 0.000009  train_loss: 0.2397 (0.2380)  train_iou: 0.6641 (0.6731)  time: 1.0170  data: 0.0004  max mem: 31525
Epoch: [6]  [3480/5625]  eta: 0:36:35  lr: 0.000009  train_loss: 0.2155 (0.2382)  train_iou: 0.6653 (0.6730)  time: 1.0188  data: 0.0004  max mem: 31525
Epoch: [6]  [3500/5625]  eta: 0:36:15  lr: 0.000009  train_loss: 0.1769 (0.2379)  train_iou: 0.6905 (0.6732)  time: 1.0180  data: 0.0004  max mem: 31525
Epoch: [6]  [3520/5625]  eta: 0:35:54  lr: 0.000009  train_loss: 0.1902 (0.2379)  train_iou: 0.6343 (0.6732)  time: 1.0181  data: 0.0004  max mem: 31525
Epoch: [6]  [3540/5625]  eta: 0:35:33  lr: 0.000009  train_loss: 0.1444 (0.2376)  train_iou: 0.6905 (0.6731)  time: 1.0178  data: 0.0004  max mem: 31525
Epoch: [6]  [3560/5625]  eta: 0:35:13  lr: 0.000009  train_loss: 0.2095 (0.2377)  train_iou: 0.6460 (0.6729)  time: 1.0182  data: 0.0005  max mem: 31525
Epoch: [6]  [3580/5625]  eta: 0:34:52  lr: 0.000009  train_loss: 0.1685 (0.2374)  train_iou: 0.7145 (0.6728)  time: 1.0148  data: 0.0004  max mem: 31525
Epoch: [6]  [3600/5625]  eta: 0:34:32  lr: 0.000009  train_loss: 0.1667 (0.2374)  train_iou: 0.6936 (0.6730)  time: 1.0145  data: 0.0004  max mem: 31525
Epoch: [6]  [3620/5625]  eta: 0:34:11  lr: 0.000009  train_loss: 0.2074 (0.2372)  train_iou: 0.6411 (0.6728)  time: 1.0185  data: 0.0004  max mem: 31525
Epoch: [6]  [3640/5625]  eta: 0:33:51  lr: 0.000009  train_loss: 0.1831 (0.2371)  train_iou: 0.6523 (0.6728)  time: 1.0167  data: 0.0004  max mem: 31525
Epoch: [6]  [3660/5625]  eta: 0:33:30  lr: 0.000009  train_loss: 0.2357 (0.2372)  train_iou: 0.6655 (0.6728)  time: 1.0171  data: 0.0004  max mem: 31525
Epoch: [6]  [3680/5625]  eta: 0:33:10  lr: 0.000009  train_loss: 0.2741 (0.2373)  train_iou: 0.6532 (0.6727)  time: 1.0173  data: 0.0004  max mem: 31525
Epoch: [6]  [3700/5625]  eta: 0:32:49  lr: 0.000009  train_loss: 0.1865 (0.2371)  train_iou: 0.7361 (0.6729)  time: 1.0224  data: 0.0004  max mem: 31525
Epoch: [6]  [3720/5625]  eta: 0:32:29  lr: 0.000009  train_loss: 0.1526 (0.2370)  train_iou: 0.6603 (0.6729)  time: 1.0200  data: 0.0004  max mem: 31525
Epoch: [6]  [3740/5625]  eta: 0:32:08  lr: 0.000009  train_loss: 0.1589 (0.2368)  train_iou: 0.7084 (0.6731)  time: 1.0171  data: 0.0004  max mem: 31525
Epoch: [6]  [3760/5625]  eta: 0:31:49  lr: 0.000009  train_loss: 0.2123 (0.2366)  train_iou: 0.7086 (0.6732)  time: 1.1450  data: 0.0004  max mem: 31525
Epoch: [6]  [3780/5625]  eta: 0:31:28  lr: 0.000009  train_loss: 0.1819 (0.2366)  train_iou: 0.6635 (0.6729)  time: 1.0160  data: 0.0004  max mem: 31525
Epoch: [6]  [3800/5625]  eta: 0:31:08  lr: 0.000009  train_loss: 0.1883 (0.2365)  train_iou: 0.6427 (0.6727)  time: 1.0187  data: 0.0004  max mem: 31525
Epoch: [6]  [3820/5625]  eta: 0:30:47  lr: 0.000009  train_loss: 0.1853 (0.2367)  train_iou: 0.6535 (0.6725)  time: 1.0179  data: 0.0004  max mem: 31525
Epoch: [6]  [3840/5625]  eta: 0:30:27  lr: 0.000009  train_loss: 0.1927 (0.2368)  train_iou: 0.6557 (0.6723)  time: 1.0194  data: 0.0004  max mem: 31525
Epoch: [6]  [3860/5625]  eta: 0:30:06  lr: 0.000009  train_loss: 0.1836 (0.2367)  train_iou: 0.7027 (0.6724)  time: 1.0178  data: 0.0004  max mem: 31525
Epoch: [6]  [3880/5625]  eta: 0:29:46  lr: 0.000009  train_loss: 0.1382 (0.2363)  train_iou: 0.7240 (0.6726)  time: 1.0199  data: 0.0004  max mem: 31525
Epoch: [6]  [3900/5625]  eta: 0:29:25  lr: 0.000009  train_loss: 0.1990 (0.2362)  train_iou: 0.7250 (0.6728)  time: 1.0206  data: 0.0004  max mem: 31525
Epoch: [6]  [3920/5625]  eta: 0:29:05  lr: 0.000009  train_loss: 0.2004 (0.2361)  train_iou: 0.7168 (0.6730)  time: 1.0208  data: 0.0004  max mem: 31525
Epoch: [6]  [3940/5625]  eta: 0:28:44  lr: 0.000009  train_loss: 0.1588 (0.2359)  train_iou: 0.6551 (0.6729)  time: 1.0186  data: 0.0004  max mem: 31525
Epoch: [6]  [3960/5625]  eta: 0:28:24  lr: 0.000009  train_loss: 0.1928 (0.2358)  train_iou: 0.6294 (0.6727)  time: 1.0180  data: 0.0004  max mem: 31525
Epoch: [6]  [3980/5625]  eta: 0:28:03  lr: 0.000009  train_loss: 0.1223 (0.2355)  train_iou: 0.6151 (0.6725)  time: 1.0184  data: 0.0004  max mem: 31525
Epoch: [6]  [4000/5625]  eta: 0:27:43  lr: 0.000009  train_loss: 0.1685 (0.2351)  train_iou: 0.7310 (0.6727)  time: 1.0157  data: 0.0004  max mem: 31525
Epoch: [6]  [4020/5625]  eta: 0:27:22  lr: 0.000009  train_loss: 0.1753 (0.2350)  train_iou: 0.6966 (0.6728)  time: 1.0174  data: 0.0004  max mem: 31525
Epoch: [6]  [4040/5625]  eta: 0:27:02  lr: 0.000009  train_loss: 0.2015 (0.2351)  train_iou: 0.7195 (0.6730)  time: 1.0160  data: 0.0005  max mem: 31525
Epoch: [6]  [4060/5625]  eta: 0:26:41  lr: 0.000009  train_loss: 0.1893 (0.2351)  train_iou: 0.6537 (0.6728)  time: 1.0205  data: 0.0004  max mem: 31525
Epoch: [6]  [4080/5625]  eta: 0:26:21  lr: 0.000009  train_loss: 0.2692 (0.2354)  train_iou: 0.6614 (0.6728)  time: 1.0144  data: 0.0004  max mem: 31525
Epoch: [6]  [4100/5625]  eta: 0:26:00  lr: 0.000009  train_loss: 0.2229 (0.2356)  train_iou: 0.6305 (0.6726)  time: 1.0146  data: 0.0004  max mem: 31525
Epoch: [6]  [4120/5625]  eta: 0:25:40  lr: 0.000009  train_loss: 0.2522 (0.2358)  train_iou: 0.6783 (0.6725)  time: 1.0174  data: 0.0005  max mem: 31525
Epoch: [6]  [4140/5625]  eta: 0:25:19  lr: 0.000009  train_loss: 0.2410 (0.2358)  train_iou: 0.6655 (0.6724)  time: 1.0163  data: 0.0004  max mem: 31525
Epoch: [6]  [4160/5625]  eta: 0:24:59  lr: 0.000009  train_loss: 0.2243 (0.2358)  train_iou: 0.6321 (0.6723)  time: 1.0196  data: 0.0004  max mem: 31525
Epoch: [6]  [4180/5625]  eta: 0:24:38  lr: 0.000009  train_loss: 0.2051 (0.2359)  train_iou: 0.6537 (0.6723)  time: 1.0183  data: 0.0004  max mem: 31525
Epoch: [6]  [4200/5625]  eta: 0:24:18  lr: 0.000009  train_loss: 0.2379 (0.2362)  train_iou: 0.6414 (0.6722)  time: 1.0154  data: 0.0004  max mem: 31525
Epoch: [6]  [4220/5625]  eta: 0:23:57  lr: 0.000009  train_loss: 0.2232 (0.2363)  train_iou: 0.6126 (0.6719)  time: 1.0196  data: 0.0004  max mem: 31525
Epoch: [6]  [4240/5625]  eta: 0:23:37  lr: 0.000009  train_loss: 0.2510 (0.2364)  train_iou: 0.6639 (0.6719)  time: 1.0215  data: 0.0004  max mem: 31525
Epoch: [6]  [4260/5625]  eta: 0:23:16  lr: 0.000009  train_loss: 0.1599 (0.2362)  train_iou: 0.6790 (0.6719)  time: 1.0215  data: 0.0004  max mem: 31525
Epoch: [6]  [4280/5625]  eta: 0:22:56  lr: 0.000009  train_loss: 0.3134 (0.2365)  train_iou: 0.7019 (0.6720)  time: 1.0178  data: 0.0004  max mem: 31525
Epoch: [6]  [4300/5625]  eta: 0:22:35  lr: 0.000009  train_loss: 0.1981 (0.2365)  train_iou: 0.7223 (0.6722)  time: 1.0162  data: 0.0004  max mem: 31525
Epoch: [6]  [4320/5625]  eta: 0:22:15  lr: 0.000009  train_loss: 0.1693 (0.2362)  train_iou: 0.6800 (0.6723)  time: 1.0173  data: 0.0004  max mem: 31525
Epoch: [6]  [4340/5625]  eta: 0:21:54  lr: 0.000009  train_loss: 0.2217 (0.2361)  train_iou: 0.6768 (0.6722)  time: 1.0136  data: 0.0004  max mem: 31525
Epoch: [6]  [4360/5625]  eta: 0:21:34  lr: 0.000009  train_loss: 0.1980 (0.2360)  train_iou: 0.6992 (0.6723)  time: 1.0203  data: 0.0004  max mem: 31525
Epoch: [6]  [4380/5625]  eta: 0:21:13  lr: 0.000009  train_loss: 0.2087 (0.2360)  train_iou: 0.6175 (0.6721)  time: 1.0119  data: 0.0004  max mem: 31525
Epoch: [6]  [4400/5625]  eta: 0:20:53  lr: 0.000009  train_loss: 0.2287 (0.2359)  train_iou: 0.6084 (0.6718)  time: 1.0155  data: 0.0004  max mem: 31525
Epoch: [6]  [4420/5625]  eta: 0:20:32  lr: 0.000009  train_loss: 0.1380 (0.2357)  train_iou: 0.7136 (0.6720)  time: 1.0149  data: 0.0004  max mem: 31525
Epoch: [6]  [4440/5625]  eta: 0:20:12  lr: 0.000009  train_loss: 0.1859 (0.2355)  train_iou: 0.7123 (0.6719)  time: 1.0158  data: 0.0004  max mem: 31525
Epoch: [6]  [4460/5625]  eta: 0:19:51  lr: 0.000009  train_loss: 0.2295 (0.2356)  train_iou: 0.6768 (0.6721)  time: 1.0176  data: 0.0004  max mem: 31525
Epoch: [6]  [4480/5625]  eta: 0:19:31  lr: 0.000009  train_loss: 0.2050 (0.2356)  train_iou: 0.6827 (0.6721)  time: 1.0173  data: 0.0004  max mem: 31525
Epoch: [6]  [4500/5625]  eta: 0:19:10  lr: 0.000009  train_loss: 0.1783 (0.2355)  train_iou: 0.6977 (0.6722)  time: 1.0187  data: 0.0004  max mem: 31525
Epoch: [6]  [4520/5625]  eta: 0:18:50  lr: 0.000009  train_loss: 0.1445 (0.2354)  train_iou: 0.6544 (0.6721)  time: 1.0146  data: 0.0004  max mem: 31525
Epoch: [6]  [4540/5625]  eta: 0:18:29  lr: 0.000009  train_loss: 0.1876 (0.2353)  train_iou: 0.6040 (0.6719)  time: 1.0178  data: 0.0005  max mem: 31525
Epoch: [6]  [4560/5625]  eta: 0:18:09  lr: 0.000009  train_loss: 0.1407 (0.2351)  train_iou: 0.6630 (0.6720)  time: 1.0135  data: 0.0004  max mem: 31525
Epoch: [6]  [4580/5625]  eta: 0:17:48  lr: 0.000009  train_loss: 0.1804 (0.2350)  train_iou: 0.7265 (0.6721)  time: 1.0168  data: 0.0004  max mem: 31525
Epoch: [6]  [4600/5625]  eta: 0:17:28  lr: 0.000009  train_loss: 0.1921 (0.2349)  train_iou: 0.7404 (0.6722)  time: 1.0166  data: 0.0005  max mem: 31525
Epoch: [6]  [4620/5625]  eta: 0:17:07  lr: 0.000009  train_loss: 0.1798 (0.2350)  train_iou: 0.6675 (0.6723)  time: 1.0158  data: 0.0004  max mem: 31525
Epoch: [6]  [4640/5625]  eta: 0:16:47  lr: 0.000009  train_loss: 0.2343 (0.2351)  train_iou: 0.5660 (0.6720)  time: 1.0216  data: 0.0004  max mem: 31525
Epoch: [6]  [4660/5625]  eta: 0:16:26  lr: 0.000009  train_loss: 0.1824 (0.2350)  train_iou: 0.7341 (0.6722)  time: 1.0209  data: 0.0004  max mem: 31525
Epoch: [6]  [4680/5625]  eta: 0:16:06  lr: 0.000009  train_loss: 0.1859 (0.2349)  train_iou: 0.6444 (0.6721)  time: 1.0130  data: 0.0004  max mem: 31525
Epoch: [6]  [4700/5625]  eta: 0:15:45  lr: 0.000009  train_loss: 0.1442 (0.2348)  train_iou: 0.6581 (0.6721)  time: 1.0161  data: 0.0004  max mem: 31525
Epoch: [6]  [4720/5625]  eta: 0:15:25  lr: 0.000009  train_loss: 0.1515 (0.2346)  train_iou: 0.7206 (0.6722)  time: 1.0172  data: 0.0004  max mem: 31525
Epoch: [6]  [4740/5625]  eta: 0:15:04  lr: 0.000009  train_loss: 0.2127 (0.2346)  train_iou: 0.6572 (0.6722)  time: 1.0208  data: 0.0004  max mem: 31525
Epoch: [6]  [4760/5625]  eta: 0:14:44  lr: 0.000009  train_loss: 0.1967 (0.2346)  train_iou: 0.6226 (0.6721)  time: 1.0212  data: 0.0004  max mem: 31525
Epoch: [6]  [4780/5625]  eta: 0:14:24  lr: 0.000009  train_loss: 0.2586 (0.2348)  train_iou: 0.6227 (0.6718)  time: 1.0219  data: 0.0004  max mem: 31525
Epoch: [6]  [4800/5625]  eta: 0:14:03  lr: 0.000009  train_loss: 0.1867 (0.2347)  train_iou: 0.6982 (0.6720)  time: 1.0185  data: 0.0004  max mem: 31525
Epoch: [6]  [4820/5625]  eta: 0:13:43  lr: 0.000009  train_loss: 0.2664 (0.2350)  train_iou: 0.7018 (0.6720)  time: 1.0214  data: 0.0004  max mem: 31525
Epoch: [6]  [4840/5625]  eta: 0:13:22  lr: 0.000009  train_loss: 0.1931 (0.2350)  train_iou: 0.5537 (0.6718)  time: 1.0183  data: 0.0004  max mem: 31525
Epoch: [6]  [4860/5625]  eta: 0:13:02  lr: 0.000009  train_loss: 0.1948 (0.2352)  train_iou: 0.6532 (0.6716)  time: 1.0172  data: 0.0004  max mem: 31525
Epoch: [6]  [4880/5625]  eta: 0:12:41  lr: 0.000009  train_loss: 0.1962 (0.2352)  train_iou: 0.6814 (0.6716)  time: 1.0166  data: 0.0004  max mem: 31525
Epoch: [6]  [4900/5625]  eta: 0:12:21  lr: 0.000009  train_loss: 0.1833 (0.2351)  train_iou: 0.6805 (0.6717)  time: 1.0194  data: 0.0004  max mem: 31525
Epoch: [6]  [4920/5625]  eta: 0:12:00  lr: 0.000009  train_loss: 0.2574 (0.2351)  train_iou: 0.6161 (0.6716)  time: 1.0183  data: 0.0004  max mem: 31525
Epoch: [6]  [4940/5625]  eta: 0:11:40  lr: 0.000009  train_loss: 0.2023 (0.2351)  train_iou: 0.6826 (0.6717)  time: 1.0180  data: 0.0004  max mem: 31525
Epoch: [6]  [4960/5625]  eta: 0:11:19  lr: 0.000009  train_loss: 0.2281 (0.2352)  train_iou: 0.7280 (0.6718)  time: 1.0163  data: 0.0004  max mem: 31525
Epoch: [6]  [4980/5625]  eta: 0:10:59  lr: 0.000009  train_loss: 0.2369 (0.2352)  train_iou: 0.6788 (0.6718)  time: 1.0218  data: 0.0004  max mem: 31525
Epoch: [6]  [5000/5625]  eta: 0:10:38  lr: 0.000009  train_loss: 0.1462 (0.2350)  train_iou: 0.6403 (0.6718)  time: 1.0201  data: 0.0005  max mem: 31525
Epoch: [6]  [5020/5625]  eta: 0:10:18  lr: 0.000009  train_loss: 0.1974 (0.2353)  train_iou: 0.6485 (0.6717)  time: 1.0264  data: 0.0004  max mem: 31525
Epoch: [6]  [5040/5625]  eta: 0:09:58  lr: 0.000009  train_loss: 0.1640 (0.2353)  train_iou: 0.6566 (0.6718)  time: 1.0237  data: 0.0004  max mem: 31525
Epoch: [6]  [5060/5625]  eta: 0:09:37  lr: 0.000009  train_loss: 0.1836 (0.2353)  train_iou: 0.7179 (0.6720)  time: 1.0223  data: 0.0004  max mem: 31525
Epoch: [6]  [5080/5625]  eta: 0:09:17  lr: 0.000009  train_loss: 0.2206 (0.2353)  train_iou: 0.6766 (0.6719)  time: 1.0191  data: 0.0004  max mem: 31525
Epoch: [6]  [5100/5625]  eta: 0:08:56  lr: 0.000009  train_loss: 0.2285 (0.2354)  train_iou: 0.6821 (0.6719)  time: 1.1448  data: 0.0004  max mem: 31525
Epoch: [6]  [5120/5625]  eta: 0:08:36  lr: 0.000009  train_loss: 0.1764 (0.2353)  train_iou: 0.7253 (0.6720)  time: 1.0216  data: 0.0004  max mem: 31525
Epoch: [6]  [5140/5625]  eta: 0:08:16  lr: 0.000009  train_loss: 0.2235 (0.2353)  train_iou: 0.6947 (0.6721)  time: 1.0232  data: 0.0004  max mem: 31525
Epoch: [6]  [5160/5625]  eta: 0:07:55  lr: 0.000009  train_loss: 0.1883 (0.2353)  train_iou: 0.6667 (0.6721)  time: 1.0182  data: 0.0004  max mem: 31525
Epoch: [6]  [5180/5625]  eta: 0:07:35  lr: 0.000009  train_loss: 0.2256 (0.2353)  train_iou: 0.6642 (0.6721)  time: 1.0164  data: 0.0004  max mem: 31525
Epoch: [6]  [5200/5625]  eta: 0:07:14  lr: 0.000009  train_loss: 0.1694 (0.2353)  train_iou: 0.6623 (0.6720)  time: 1.0149  data: 0.0004  max mem: 31525
Epoch: [6]  [5220/5625]  eta: 0:06:54  lr: 0.000009  train_loss: 0.1689 (0.2352)  train_iou: 0.6446 (0.6719)  time: 1.0211  data: 0.0004  max mem: 31525
Epoch: [6]  [5240/5625]  eta: 0:06:33  lr: 0.000009  train_loss: 0.1976 (0.2352)  train_iou: 0.6364 (0.6718)  time: 1.0194  data: 0.0004  max mem: 31525
Epoch: [6]  [5260/5625]  eta: 0:06:13  lr: 0.000009  train_loss: 0.1721 (0.2352)  train_iou: 0.5968 (0.6717)  time: 1.0155  data: 0.0004  max mem: 31525
Epoch: [6]  [5280/5625]  eta: 0:05:52  lr: 0.000009  train_loss: 0.1928 (0.2352)  train_iou: 0.6274 (0.6716)  time: 1.0197  data: 0.0004  max mem: 31525
Epoch: [6]  [5300/5625]  eta: 0:05:32  lr: 0.000009  train_loss: 0.1293 (0.2349)  train_iou: 0.7275 (0.6718)  time: 1.0180  data: 0.0005  max mem: 31525
Epoch: [6]  [5320/5625]  eta: 0:05:11  lr: 0.000009  train_loss: 0.1831 (0.2349)  train_iou: 0.6889 (0.6719)  time: 1.0170  data: 0.0004  max mem: 31525
Epoch: [6]  [5340/5625]  eta: 0:04:51  lr: 0.000009  train_loss: 0.2160 (0.2350)  train_iou: 0.6796 (0.6718)  time: 1.0160  data: 0.0004  max mem: 31525
Epoch: [6]  [5360/5625]  eta: 0:04:30  lr: 0.000009  train_loss: 0.1553 (0.2349)  train_iou: 0.7447 (0.6720)  time: 1.0200  data: 0.0004  max mem: 31525
Epoch: [6]  [5380/5625]  eta: 0:04:10  lr: 0.000009  train_loss: 0.2197 (0.2351)  train_iou: 0.6723 (0.6721)  time: 1.0211  data: 0.0004  max mem: 31525
Epoch: [6]  [5400/5625]  eta: 0:03:50  lr: 0.000009  train_loss: 0.1959 (0.2350)  train_iou: 0.7445 (0.6723)  time: 1.0194  data: 0.0004  max mem: 31525
Epoch: [6]  [5420/5625]  eta: 0:03:29  lr: 0.000009  train_loss: 0.1622 (0.2349)  train_iou: 0.6601 (0.6723)  time: 1.0183  data: 0.0004  max mem: 31525
Epoch: [6]  [5440/5625]  eta: 0:03:09  lr: 0.000009  train_loss: 0.1981 (0.2349)  train_iou: 0.6926 (0.6724)  time: 1.0167  data: 0.0004  max mem: 31525
Epoch: [6]  [5460/5625]  eta: 0:02:48  lr: 0.000009  train_loss: 0.2467 (0.2350)  train_iou: 0.6344 (0.6722)  time: 1.0168  data: 0.0004  max mem: 31525
Epoch: [6]  [5480/5625]  eta: 0:02:28  lr: 0.000009  train_loss: 0.2005 (0.2350)  train_iou: 0.6392 (0.6722)  time: 1.0204  data: 0.0004  max mem: 31525
Epoch: [6]  [5500/5625]  eta: 0:02:07  lr: 0.000009  train_loss: 0.1536 (0.2349)  train_iou: 0.6674 (0.6720)  time: 1.0197  data: 0.0004  max mem: 31525
Epoch: [6]  [5520/5625]  eta: 0:01:47  lr: 0.000009  train_loss: 0.1728 (0.2348)  train_iou: 0.7010 (0.6721)  time: 1.0191  data: 0.0004  max mem: 31525
Epoch: [6]  [5540/5625]  eta: 0:01:26  lr: 0.000009  train_loss: 0.2214 (0.2348)  train_iou: 0.6578 (0.6720)  time: 1.0233  data: 0.0004  max mem: 31525
Epoch: [6]  [5560/5625]  eta: 0:01:06  lr: 0.000009  train_loss: 0.1723 (0.2347)  train_iou: 0.6840 (0.6720)  time: 1.0188  data: 0.0004  max mem: 31525
Epoch: [6]  [5580/5625]  eta: 0:00:46  lr: 0.000009  train_loss: 0.2244 (0.2347)  train_iou: 0.6532 (0.6720)  time: 1.0170  data: 0.0004  max mem: 31525
Epoch: [6]  [5600/5625]  eta: 0:00:25  lr: 0.000009  train_loss: 0.1687 (0.2347)  train_iou: 0.6488 (0.6719)  time: 1.0178  data: 0.0004  max mem: 31525
Epoch: [6]  [5620/5625]  eta: 0:00:05  lr: 0.000009  train_loss: 0.2391 (0.2348)  train_iou: 0.6639 (0.6719)  time: 0.9386  data: 0.0003  max mem: 31525
Epoch: [6]  [5624/5625]  eta: 0:00:01  lr: 0.000009  train_loss: 0.2391 (0.2347)  train_iou: 0.6625 (0.6719)  time: 0.9092  data: 0.0002  max mem: 31525
Epoch: [6] Total time: 1:35:50 (1.0223 s / it)
Averaged stats: lr: 0.000009  train_loss: 0.2391 (0.2347)  train_iou: 0.6625 (0.6719)
huggingface/tokenizers: The current process just got forked, after parallelism has already been used. Disabling parallelism to avoid deadlocks...
To disable this warning, you can either:
	- Avoid using `tokenizers` before the fork if possible
	- Explicitly set the environment variable TOKENIZERS_PARALLELISM=(true | false)
huggingface/tokenizers: The current process just got forked, after parallelism has already been used. Disabling parallelism to avoid deadlocks...
To disable this warning, you can either:
	- Avoid using `tokenizers` before the fork if possible
	- Explicitly set the environment variable TOKENIZERS_PARALLELISM=(true | false)
huggingface/tokenizers: The current process just got forked, after parallelism has already been used. Disabling parallelism to avoid deadlocks...
To disable this warning, you can either:
	- Avoid using `tokenizers` before the fork if possible
	- Explicitly set the environment variable TOKENIZERS_PARALLELISM=(true | false)
huggingface/tokenizers: The current process just got forked, after parallelism has already been used. Disabling parallelism to avoid deadlocks...
To disable this warning, you can either:
	- Avoid using `tokenizers` before the fork if possible
	- Explicitly set the environment variable TOKENIZERS_PARALLELISM=(true | false)
huggingface/tokenizers: The current process just got forked, after parallelism has already been used. Disabling parallelism to avoid deadlocks...
To disable this warning, you can either:
	- Avoid using `tokenizers` before the fork if possible
	- Explicitly set the environment variable TOKENIZERS_PARALLELISM=(true | false)
huggingface/tokenizers: The current process just got forked, after parallelism has already been used. Disabling parallelism to avoid deadlocks...
To disable this warning, you can either:
	- Avoid using `tokenizers` before the fork if possible
	- Explicitly set the environment variable TOKENIZERS_PARALLELISM=(true | false)
huggingface/tokenizers: The current process just got forked, after parallelism has already been used. Disabling parallelism to avoid deadlocks...
To disable this warning, you can either:
	- Avoid using `tokenizers` before the fork if possible
	- Explicitly set the environment variable TOKENIZERS_PARALLELISM=(true | false)
huggingface/tokenizers: The current process just got forked, after parallelism has already been used. Disabling parallelism to avoid deadlocks...
To disable this warning, you can either:
	- Avoid using `tokenizers` before the fork if possible
	- Explicitly set the environment variable TOKENIZERS_PARALLELISM=(true | false)
Test:  [   0/4000]  eta: 1:56:07  inter: 33278.0000 (33278.0000)  union: 35411.0000 (35411.0000)  iou: 0.9398 (0.9398)  time: 1.7420  data: 1.4138  max mem: 31525
Test:  [  50/4000]  eta: 0:15:05  inter: 16179.0000 (26643.2812)  union: 50305.0000 (47919.8906)  iou: 0.3113 (0.5573)  time: 0.2040  data: 0.0005  max mem: 31525
Test:  [ 100/4000]  eta: 0:14:10  inter: 29513.0000 (29495.1397)  union: 49249.0000 (46464.0956)  iou: 0.8123 (0.6240)  time: 0.2022  data: 0.0005  max mem: 31525
Test:  [ 150/4000]  eta: 0:13:49  inter: 18929.0000 (28578.6555)  union: 30253.0000 (43653.2297)  iou: 0.8082 (0.6443)  time: 0.2141  data: 0.0005  max mem: 31525
Test:  [ 200/4000]  eta: 0:13:23  inter: 34461.0000 (29000.7949)  union: 37819.0000 (43048.0696)  iou: 0.9082 (0.6500)  time: 0.1985  data: 0.0005  max mem: 31525
Test:  [ 250/4000]  eta: 0:13:00  inter: 22021.0000 (31085.0873)  union: 33190.0000 (44640.3253)  iou: 0.6223 (0.6487)  time: 0.1918  data: 0.0005  max mem: 31525
Test:  [ 300/4000]  eta: 0:12:49  inter: 21146.0000 (30566.2506)  union: 24502.0000 (44199.6079)  iou: 0.8516 (0.6436)  time: 0.2101  data: 0.0005  max mem: 31525
Test:  [ 350/4000]  eta: 0:12:42  inter: 9945.0000 (29507.1921)  union: 36568.0000 (44146.9793)  iou: 0.5114 (0.6307)  time: 0.2144  data: 0.0005  max mem: 31525
Test:  [ 400/4000]  eta: 0:12:33  inter: 30534.0000 (28839.8982)  union: 36134.0000 (43414.2554)  iou: 0.6774 (0.6277)  time: 0.1987  data: 0.0005  max mem: 31525
Test:  [ 450/4000]  eta: 0:12:20  inter: 19558.0000 (28748.4968)  union: 39019.0000 (43704.8667)  iou: 0.6736 (0.6275)  time: 0.2186  data: 0.0005  max mem: 31525
Test:  [ 500/4000]  eta: 0:12:08  inter: 19242.0000 (29603.6476)  union: 40598.0000 (44562.5444)  iou: 0.7982 (0.6294)  time: 0.1961  data: 0.0005  max mem: 31525
Test:  [ 550/4000]  eta: 0:11:59  inter: 23734.0000 (29612.5000)  union: 27826.0000 (44174.5424)  iou: 0.8604 (0.6368)  time: 0.2127  data: 0.0005  max mem: 31525
Test:  [ 600/4000]  eta: 0:11:48  inter: 10419.0000 (29517.0249)  union: 34560.0000 (44205.1976)  iou: 0.7772 (0.6323)  time: 0.2071  data: 0.0005  max mem: 31525
Test:  [ 650/4000]  eta: 0:11:35  inter: 30286.0000 (30068.7646)  union: 42580.0000 (44471.3956)  iou: 0.7720 (0.6332)  time: 0.1972  data: 0.0005  max mem: 31525
Test:  [ 700/4000]  eta: 0:11:23  inter: 12215.0000 (29586.8429)  union: 28849.0000 (44212.0780)  iou: 0.2722 (0.6258)  time: 0.1977  data: 0.0005  max mem: 31525
Test:  [ 750/4000]  eta: 0:11:14  inter: 27067.0000 (29340.2188)  union: 29628.0000 (43914.8716)  iou: 0.8412 (0.6261)  time: 0.2215  data: 0.0005  max mem: 31525
Test:  [ 800/4000]  eta: 0:11:03  inter: 20182.0000 (29037.9259)  union: 46787.0000 (43487.3884)  iou: 0.6401 (0.6253)  time: 0.2120  data: 0.0005  max mem: 31525
Test:  [ 850/4000]  eta: 0:10:54  inter: 21921.0000 (28957.8745)  union: 33956.0000 (43415.3113)  iou: 0.7971 (0.6244)  time: 0.1957  data: 0.0005  max mem: 31525
Test:  [ 900/4000]  eta: 0:10:43  inter: 25331.0000 (29116.0308)  union: 27531.0000 (43734.1375)  iou: 0.7846 (0.6214)  time: 0.1946  data: 0.0005  max mem: 31525
Test:  [ 950/4000]  eta: 0:10:32  inter: 25031.0000 (29273.2873)  union: 30633.0000 (43695.8635)  iou: 0.8383 (0.6215)  time: 0.2043  data: 0.0005  max mem: 31525
Test:  [1000/4000]  eta: 0:10:21  inter: 28602.0000 (29483.4305)  union: 37521.0000 (43931.4098)  iou: 0.7610 (0.6221)  time: 0.1943  data: 0.0005  max mem: 31525
Test:  [1050/4000]  eta: 0:10:10  inter: 25884.0000 (29542.4156)  union: 38332.0000 (43970.8599)  iou: 0.6868 (0.6225)  time: 0.2080  data: 0.0005  max mem: 31525
Test:  [1100/4000]  eta: 0:09:59  inter: 22543.0000 (29295.5846)  union: 31185.0000 (43667.2246)  iou: 0.7220 (0.6201)  time: 0.2036  data: 0.0005  max mem: 31525
Test:  [1150/4000]  eta: 0:09:50  inter: 14486.0000 (29363.9225)  union: 23964.0000 (43522.3902)  iou: 0.6042 (0.6231)  time: 0.2150  data: 0.0005  max mem: 31525
Test:  [1200/4000]  eta: 0:09:39  inter: 16196.0000 (29538.1237)  union: 29345.0000 (43852.6433)  iou: 0.7933 (0.6221)  time: 0.2075  data: 0.0005  max mem: 31525
Test:  [1250/4000]  eta: 0:09:30  inter: 9853.0000 (29228.9205)  union: 35793.0000 (43641.4804)  iou: 0.2225 (0.6196)  time: 0.2192  data: 0.0005  max mem: 31525
Test:  [1300/4000]  eta: 0:09:19  inter: 24912.0000 (28938.2725)  union: 37163.0000 (43329.1491)  iou: 0.6455 (0.6202)  time: 0.2093  data: 0.0005  max mem: 31525
Test:  [1350/4000]  eta: 0:09:09  inter: 26361.0000 (28974.6637)  union: 34199.0000 (43336.1705)  iou: 0.8253 (0.6207)  time: 0.2077  data: 0.0005  max mem: 31525
Test:  [1400/4000]  eta: 0:08:59  inter: 9888.0000 (29055.8355)  union: 11942.0000 (43644.7986)  iou: 0.7471 (0.6183)  time: 0.2090  data: 0.0005  max mem: 31525
Test:  [1450/4000]  eta: 0:08:49  inter: 15645.0000 (28865.1883)  union: 40389.0000 (43523.3692)  iou: 0.4407 (0.6158)  time: 0.2048  data: 0.0005  max mem: 31525
Test:  [1500/4000]  eta: 0:08:38  inter: 19202.0000 (28901.5364)  union: 45634.0000 (43614.2990)  iou: 0.5471 (0.6139)  time: 0.2032  data: 0.0005  max mem: 31525
Test:  [1550/4000]  eta: 0:08:28  inter: 22402.0000 (28786.2354)  union: 30614.0000 (43520.0214)  iou: 0.8443 (0.6149)  time: 0.2230  data: 0.0005  max mem: 31525
Test:  [1600/4000]  eta: 0:08:18  inter: 14368.0000 (28722.0705)  union: 39110.0000 (43507.5320)  iou: 0.7626 (0.6126)  time: 0.2245  data: 0.0005  max mem: 31525
Test:  [1650/4000]  eta: 0:08:07  inter: 24690.0000 (28714.4074)  union: 40232.0000 (43526.3208)  iou: 0.4888 (0.6113)  time: 0.2029  data: 0.0005  max mem: 31525
Test:  [1700/4000]  eta: 0:07:57  inter: 16962.0000 (28683.4852)  union: 41261.0000 (43692.6942)  iou: 0.8165 (0.6094)  time: 0.2041  data: 0.0005  max mem: 31525
Test:  [1750/4000]  eta: 0:07:46  inter: 25682.0000 (28615.3298)  union: 39371.0000 (43616.7978)  iou: 0.7993 (0.6085)  time: 0.2192  data: 0.0005  max mem: 31525
Test:  [1800/4000]  eta: 0:07:36  inter: 24938.0000 (28471.6851)  union: 46068.0000 (43594.4370)  iou: 0.7132 (0.6077)  time: 0.2192  data: 0.0005  max mem: 31525
Test:  [1850/4000]  eta: 0:07:25  inter: 18904.0000 (28456.8464)  union: 35131.0000 (43712.0801)  iou: 0.4830 (0.6060)  time: 0.2059  data: 0.0005  max mem: 31525
Test:  [1900/4000]  eta: 0:07:15  inter: 39703.0000 (28395.7648)  union: 55813.0000 (43710.2624)  iou: 0.5777 (0.6066)  time: 0.2123  data: 0.0005  max mem: 31525
Test:  [1950/4000]  eta: 0:07:05  inter: 11930.0000 (28423.2988)  union: 17104.0000 (43709.4589)  iou: 0.6873 (0.6069)  time: 0.2063  data: 0.0005  max mem: 31525
Test:  [2000/4000]  eta: 0:06:55  inter: 15728.0000 (28385.2061)  union: 23156.0000 (43616.9083)  iou: 0.7476 (0.6073)  time: 0.1954  data: 0.0005  max mem: 31525
Test:  [2050/4000]  eta: 0:06:44  inter: 7093.0000 (28304.8098)  union: 56117.0000 (43801.8577)  iou: 0.2170 (0.6049)  time: 0.2315  data: 0.0005  max mem: 31525
Test:  [2100/4000]  eta: 0:06:34  inter: 19882.0000 (28294.8163)  union: 33415.0000 (43714.5044)  iou: 0.8075 (0.6056)  time: 0.1948  data: 0.0005  max mem: 31525
Test:  [2150/4000]  eta: 0:06:23  inter: 16884.0000 (28289.5603)  union: 32318.0000 (43763.5943)  iou: 0.7124 (0.6046)  time: 0.2000  data: 0.0005  max mem: 31525
Test:  [2200/4000]  eta: 0:06:13  inter: 13467.0000 (28204.8133)  union: 20620.0000 (43632.8369)  iou: 0.7341 (0.6047)  time: 0.2094  data: 0.0005  max mem: 31525
Test:  [2250/4000]  eta: 0:06:02  inter: 22888.0000 (28038.3184)  union: 38886.0000 (43514.3351)  iou: 0.7523 (0.6032)  time: 0.1961  data: 0.0005  max mem: 31525
Test:  [2300/4000]  eta: 0:05:52  inter: 35280.0000 (28122.1609)  union: 42512.0000 (43496.4059)  iou: 0.6919 (0.6051)  time: 0.2093  data: 0.0005  max mem: 31525
Test:  [2350/4000]  eta: 0:05:42  inter: 15397.0000 (28040.0479)  union: 37363.0000 (43437.6329)  iou: 0.7541 (0.6053)  time: 0.2185  data: 0.0005  max mem: 31525
Test:  [2400/4000]  eta: 0:05:32  inter: 10492.0000 (28042.6735)  union: 33048.0000 (43379.4060)  iou: 0.2422 (0.6056)  time: 0.2180  data: 0.0005  max mem: 31525
Test:  [2450/4000]  eta: 0:05:21  inter: 28830.0000 (28145.7731)  union: 33214.0000 (43414.3056)  iou: 0.8945 (0.6079)  time: 0.1904  data: 0.0005  max mem: 31525
Test:  [2500/4000]  eta: 0:05:10  inter: 24635.0000 (28120.9357)  union: 38629.0000 (43386.3170)  iou: 0.8747 (0.6079)  time: 0.1940  data: 0.0005  max mem: 31525
Test:  [2550/4000]  eta: 0:05:00  inter: 29310.0000 (28235.8141)  union: 33342.0000 (43446.8411)  iou: 0.7825 (0.6089)  time: 0.2217  data: 0.0005  max mem: 31525
Test:  [2600/4000]  eta: 0:04:50  inter: 24365.0000 (28194.9749)  union: 35018.0000 (43539.6814)  iou: 0.4372 (0.6077)  time: 0.2112  data: 0.0005  max mem: 31525
Test:  [2650/4000]  eta: 0:04:39  inter: 16050.0000 (28247.3349)  union: 34511.0000 (43767.2057)  iou: 0.8870 (0.6065)  time: 0.2113  data: 0.0005  max mem: 31525
Test:  [2700/4000]  eta: 0:04:29  inter: 28873.0000 (28376.2054)  union: 31923.0000 (43853.3521)  iou: 0.8556 (0.6080)  time: 0.2032  data: 0.0005  max mem: 31525
Test:  [2750/4000]  eta: 0:04:19  inter: 22930.0000 (28431.5738)  union: 34753.0000 (43922.3653)  iou: 0.8745 (0.6071)  time: 0.1995  data: 0.0005  max mem: 31525
Test:  [2800/4000]  eta: 0:04:08  inter: 14751.0000 (28388.3409)  union: 30570.0000 (43784.1008)  iou: 0.7480 (0.6074)  time: 0.2039  data: 0.0005  max mem: 31525
Test:  [2850/4000]  eta: 0:03:58  inter: 12629.0000 (28503.2557)  union: 32936.0000 (43894.8774)  iou: 0.6433 (0.6071)  time: 0.2011  data: 0.0005  max mem: 31525
Test:  [2900/4000]  eta: 0:03:48  inter: 19988.0000 (28521.3018)  union: 26171.0000 (43939.8418)  iou: 0.7932 (0.6065)  time: 0.1959  data: 0.0005  max mem: 31525
Test:  [2950/4000]  eta: 0:03:37  inter: 22151.0000 (28540.1010)  union: 26585.0000 (43964.3358)  iou: 0.4882 (0.6063)  time: 0.1969  data: 0.0005  max mem: 31525
Test:  [3000/4000]  eta: 0:03:27  inter: 13692.0000 (28483.9466)  union: 32621.0000 (43923.4985)  iou: 0.6173 (0.6054)  time: 0.2177  data: 0.0005  max mem: 31525
Test:  [3050/4000]  eta: 0:03:17  inter: 18233.0000 (28502.0829)  union: 45589.0000 (44093.2694)  iou: 0.5278 (0.6051)  time: 0.2053  data: 0.0005  max mem: 31525
Test:  [3100/4000]  eta: 0:03:06  inter: 22524.0000 (28489.4082)  union: 47449.0000 (44072.4743)  iou: 0.4663 (0.6055)  time: 0.2059  data: 0.0005  max mem: 31525
Test:  [3150/4000]  eta: 0:02:56  inter: 16940.0000 (28376.5048)  union: 21645.0000 (43996.8142)  iou: 0.5478 (0.6046)  time: 0.2084  data: 0.0005  max mem: 31525
Test:  [3200/4000]  eta: 0:02:45  inter: 14543.0000 (28441.9480)  union: 40658.0000 (44028.7426)  iou: 0.5784 (0.6055)  time: 0.1984  data: 0.0005  max mem: 31525
Test:  [3250/4000]  eta: 0:02:35  inter: 14827.0000 (28369.1110)  union: 30368.0000 (43972.2218)  iou: 0.7202 (0.6040)  time: 0.2059  data: 0.0005  max mem: 31525
Test:  [3300/4000]  eta: 0:02:25  inter: 32856.0000 (28466.3230)  union: 48721.0000 (44081.2417)  iou: 0.8267 (0.6034)  time: 0.2208  data: 0.0005  max mem: 31525
Test:  [3350/4000]  eta: 0:02:14  inter: 9581.0000 (28453.7616)  union: 12708.0000 (44058.2684)  iou: 0.7641 (0.6037)  time: 0.1916  data: 0.0005  max mem: 31525
Test:  [3400/4000]  eta: 0:02:04  inter: 28188.0000 (28564.9203)  union: 37368.0000 (44098.7803)  iou: 0.8523 (0.6051)  time: 0.2150  data: 0.0005  max mem: 31525
Test:  [3450/4000]  eta: 0:01:53  inter: 19883.0000 (28569.8334)  union: 30006.0000 (44090.4839)  iou: 0.7795 (0.6051)  time: 0.2004  data: 0.0005  max mem: 31525
Test:  [3500/4000]  eta: 0:01:43  inter: 16691.0000 (28531.6815)  union: 21770.0000 (44037.5856)  iou: 0.8014 (0.6049)  time: 0.1969  data: 0.0005  max mem: 31525
Test:  [3550/4000]  eta: 0:01:33  inter: 29821.0000 (28532.7234)  union: 37577.0000 (44070.1168)  iou: 0.7525 (0.6042)  time: 0.1939  data: 0.0005  max mem: 31525
Test:  [3600/4000]  eta: 0:01:22  inter: 21356.0000 (28498.0719)  union: 32223.0000 (44030.6888)  iou: 0.8524 (0.6035)  time: 0.2004  data: 0.0005  max mem: 31525
Test:  [3650/4000]  eta: 0:01:12  inter: 27588.0000 (28471.4349)  union: 38736.0000 (44018.6792)  iou: 0.7085 (0.6034)  time: 0.2262  data: 0.0005  max mem: 31525
Test:  [3700/4000]  eta: 0:01:02  inter: 26515.0000 (28562.5949)  union: 36176.0000 (44037.1889)  iou: 0.8106 (0.6042)  time: 0.2015  data: 0.0005  max mem: 31525
Test:  [3750/4000]  eta: 0:00:51  inter: 30145.0000 (28618.5535)  union: 50127.0000 (44109.5616)  iou: 0.7055 (0.6050)  time: 0.2004  data: 0.0005  max mem: 31525
Test:  [3800/4000]  eta: 0:00:41  inter: 25400.0000 (28622.4483)  union: 29853.0000 (44107.5392)  iou: 0.5594 (0.6049)  time: 0.1913  data: 0.0005  max mem: 31525
Test:  [3850/4000]  eta: 0:00:31  inter: 23500.0000 (28641.3519)  union: 32507.0000 (44118.5156)  iou: 0.8928 (0.6052)  time: 0.2019  data: 0.0005  max mem: 31525
Test:  [3900/4000]  eta: 0:00:20  inter: 18883.0000 (28686.0754)  union: 42307.0000 (44202.7589)  iou: 0.6782 (0.6049)  time: 0.2040  data: 0.0005  max mem: 31525
Test:  [3950/4000]  eta: 0:00:10  inter: 17568.0000 (28636.2608)  union: 43165.0000 (44153.6350)  iou: 0.7934 (0.6049)  time: 0.1982  data: 0.0005  max mem: 31525
Test:  [3999/4000]  eta: 0:00:00  inter: 16208.0000 (28582.6455)  union: 30961.0000 (44057.3196)  iou: 0.7314 (0.6056)  time: 0.1806  data: 0.0002  max mem: 31525
Test: Total time: 0:13:49 (0.2074 s / it)
* IoU 0.606 oIoU 0.649
IoU of the network on the 4000 test images: 0.6%
Max IoU: 0.61%
huggingface/tokenizers: The current process just got forked, after parallelism has already been used. Disabling parallelism to avoid deadlocks...
To disable this warning, you can either:
	- Avoid using `tokenizers` before the fork if possible
	- Explicitly set the environment variable TOKENIZERS_PARALLELISM=(true | false)
huggingface/tokenizers: The current process just got forked, after parallelism has already been used. Disabling parallelism to avoid deadlocks...
To disable this warning, you can either:
	- Avoid using `tokenizers` before the fork if possible
	- Explicitly set the environment variable TOKENIZERS_PARALLELISM=(true | false)
huggingface/tokenizers: The current process just got forked, after parallelism has already been used. Disabling parallelism to avoid deadlocks...
To disable this warning, you can either:
	- Avoid using `tokenizers` before the fork if possible
	- Explicitly set the environment variable TOKENIZERS_PARALLELISM=(true | false)
huggingface/tokenizers: The current process just got forked, after parallelism has already been used. Disabling parallelism to avoid deadlocks...
To disable this warning, you can either:
	- Avoid using `tokenizers` before the fork if possible
	- Explicitly set the environment variable TOKENIZERS_PARALLELISM=(true | false)
huggingface/tokenizers: The current process just got forked, after parallelism has already been used. Disabling parallelism to avoid deadlocks...
To disable this warning, you can either:
	- Avoid using `tokenizers` before the fork if possible
	- Explicitly set the environment variable TOKENIZERS_PARALLELISM=(true | false)
huggingface/tokenizers: The current process just got forked, after parallelism has already been used. Disabling parallelism to avoid deadlocks...
To disable this warning, you can either:
	- Avoid using `tokenizers` before the fork if possible
	- Explicitly set the environment variable TOKENIZERS_PARALLELISM=(true | false)
huggingface/tokenizers: The current process just got forked, after parallelism has already been used. Disabling parallelism to avoid deadlocks...
To disable this warning, you can either:
	- Avoid using `tokenizers` before the fork if possible
	- Explicitly set the environment variable TOKENIZERS_PARALLELISM=(true | false)
huggingface/tokenizers: The current process just got forked, after parallelism has already been used. Disabling parallelism to avoid deadlocks...
To disable this warning, you can either:
	- Avoid using `tokenizers` before the fork if possible
	- Explicitly set the environment variable TOKENIZERS_PARALLELISM=(true | false)
Epoch: [7]  [   0/5625]  eta: 8:12:22  lr: 0.000009  train_loss: 0.1298 (0.1298)  train_iou: 0.7755 (0.7755)  time: 5.2520  data: 3.9645  max mem: 31525
Epoch: [7]  [  20/5625]  eta: 1:56:00  lr: 0.000009  train_loss: 0.1400 (0.1851)  train_iou: 0.6591 (0.6795)  time: 1.0414  data: 0.0009  max mem: 31525
Epoch: [7]  [  40/5625]  eta: 1:45:47  lr: 0.000009  train_loss: 0.1952 (0.2021)  train_iou: 0.6616 (0.6769)  time: 1.0259  data: 0.0005  max mem: 31525
Epoch: [7]  [  60/5625]  eta: 1:42:17  lr: 0.000009  train_loss: 0.1895 (0.2035)  train_iou: 0.7294 (0.6877)  time: 1.0341  data: 0.0004  max mem: 31525
Epoch: [7]  [  80/5625]  eta: 1:40:18  lr: 0.000009  train_loss: 0.1369 (0.1981)  train_iou: 0.6420 (0.6787)  time: 1.0320  data: 0.0004  max mem: 31525
Epoch: [7]  [ 100/5625]  eta: 1:38:51  lr: 0.000009  train_loss: 0.2289 (0.2060)  train_iou: 0.6571 (0.6783)  time: 1.0253  data: 0.0005  max mem: 31525
Epoch: [7]  [ 120/5625]  eta: 1:37:48  lr: 0.000009  train_loss: 0.1793 (0.2075)  train_iou: 0.7057 (0.6786)  time: 1.0283  data: 0.0004  max mem: 31525
Epoch: [7]  [ 140/5625]  eta: 1:37:01  lr: 0.000009  train_loss: 0.1999 (0.2090)  train_iou: 0.6642 (0.6794)  time: 1.0325  data: 0.0005  max mem: 31525
Epoch: [7]  [ 160/5625]  eta: 1:36:22  lr: 0.000009  train_loss: 0.1609 (0.2044)  train_iou: 0.6346 (0.6737)  time: 1.0351  data: 0.0005  max mem: 31525
Epoch: [7]  [ 180/5625]  eta: 1:35:47  lr: 0.000009  train_loss: 0.1564 (0.2000)  train_iou: 0.6990 (0.6758)  time: 1.0357  data: 0.0004  max mem: 31525
Epoch: [7]  [ 200/5625]  eta: 1:35:14  lr: 0.000009  train_loss: 0.1514 (0.1999)  train_iou: 0.6890 (0.6788)  time: 1.0336  data: 0.0004  max mem: 31525
Epoch: [7]  [ 220/5625]  eta: 1:34:43  lr: 0.000009  train_loss: 0.1370 (0.2006)  train_iou: 0.6602 (0.6781)  time: 1.0338  data: 0.0005  max mem: 31525
Epoch: [7]  [ 240/5625]  eta: 1:34:14  lr: 0.000009  train_loss: 0.2116 (0.2030)  train_iou: 0.7249 (0.6813)  time: 1.0327  data: 0.0004  max mem: 31525
Epoch: [7]  [ 260/5625]  eta: 1:33:47  lr: 0.000009  train_loss: 0.2111 (0.2046)  train_iou: 0.6454 (0.6793)  time: 1.0363  data: 0.0004  max mem: 31525
Epoch: [7]  [ 280/5625]  eta: 1:33:21  lr: 0.000009  train_loss: 0.1690 (0.2041)  train_iou: 0.6959 (0.6806)  time: 1.0338  data: 0.0005  max mem: 31525
Epoch: [7]  [ 300/5625]  eta: 1:32:55  lr: 0.000009  train_loss: 0.1254 (0.2026)  train_iou: 0.6659 (0.6807)  time: 1.0342  data: 0.0005  max mem: 31525
Epoch: [7]  [ 320/5625]  eta: 1:32:29  lr: 0.000009  train_loss: 0.1896 (0.2050)  train_iou: 0.6856 (0.6784)  time: 1.0328  data: 0.0004  max mem: 31525
Epoch: [7]  [ 340/5625]  eta: 1:32:05  lr: 0.000009  train_loss: 0.1548 (0.2061)  train_iou: 0.6574 (0.6771)  time: 1.0358  data: 0.0005  max mem: 31525
Epoch: [7]  [ 360/5625]  eta: 1:31:39  lr: 0.000009  train_loss: 0.1574 (0.2054)  train_iou: 0.7461 (0.6781)  time: 1.0283  data: 0.0004  max mem: 31525
Epoch: [7]  [ 380/5625]  eta: 1:31:15  lr: 0.000009  train_loss: 0.1660 (0.2049)  train_iou: 0.7163 (0.6784)  time: 1.0326  data: 0.0004  max mem: 31525
Epoch: [7]  [ 400/5625]  eta: 1:30:52  lr: 0.000009  train_loss: 0.1539 (0.2066)  train_iou: 0.6785 (0.6788)  time: 1.0371  data: 0.0005  max mem: 31525
Epoch: [7]  [ 420/5625]  eta: 1:30:29  lr: 0.000009  train_loss: 0.1660 (0.2077)  train_iou: 0.6556 (0.6779)  time: 1.0350  data: 0.0004  max mem: 31525
Epoch: [7]  [ 440/5625]  eta: 1:30:06  lr: 0.000009  train_loss: 0.1818 (0.2070)  train_iou: 0.6831 (0.6780)  time: 1.0339  data: 0.0005  max mem: 31525
Epoch: [7]  [ 460/5625]  eta: 1:29:42  lr: 0.000009  train_loss: 0.1922 (0.2092)  train_iou: 0.6639 (0.6783)  time: 1.0294  data: 0.0004  max mem: 31525
Epoch: [7]  [ 480/5625]  eta: 1:29:19  lr: 0.000009  train_loss: 0.1686 (0.2084)  train_iou: 0.6764 (0.6794)  time: 1.0323  data: 0.0004  max mem: 31525
Epoch: [7]  [ 500/5625]  eta: 1:28:58  lr: 0.000009  train_loss: 0.1207 (0.2075)  train_iou: 0.6567 (0.6792)  time: 1.0370  data: 0.0005  max mem: 31525
Epoch: [7]  [ 520/5625]  eta: 1:28:34  lr: 0.000009  train_loss: 0.1636 (0.2084)  train_iou: 0.6639 (0.6797)  time: 1.0284  data: 0.0004  max mem: 31525
Epoch: [7]  [ 540/5625]  eta: 1:28:12  lr: 0.000009  train_loss: 0.1851 (0.2092)  train_iou: 0.5624 (0.6773)  time: 1.0345  data: 0.0004  max mem: 31525
Epoch: [7]  [ 560/5625]  eta: 1:27:50  lr: 0.000009  train_loss: 0.2047 (0.2095)  train_iou: 0.7028 (0.6780)  time: 1.0310  data: 0.0005  max mem: 31525
Epoch: [7]  [ 580/5625]  eta: 1:27:27  lr: 0.000009  train_loss: 0.1909 (0.2114)  train_iou: 0.6392 (0.6758)  time: 1.0293  data: 0.0004  max mem: 31525
Epoch: [7]  [ 600/5625]  eta: 1:27:04  lr: 0.000009  train_loss: 0.2026 (0.2111)  train_iou: 0.6808 (0.6753)  time: 1.0299  data: 0.0004  max mem: 31525
Epoch: [7]  [ 620/5625]  eta: 1:26:42  lr: 0.000009  train_loss: 0.2260 (0.2125)  train_iou: 0.6703 (0.6745)  time: 1.0296  data: 0.0004  max mem: 31525
Epoch: [7]  [ 640/5625]  eta: 1:26:20  lr: 0.000009  train_loss: 0.2454 (0.2148)  train_iou: 0.6406 (0.6734)  time: 1.0342  data: 0.0004  max mem: 31525
Epoch: [7]  [ 660/5625]  eta: 1:25:59  lr: 0.000009  train_loss: 0.2364 (0.2158)  train_iou: 0.6218 (0.6733)  time: 1.0370  data: 0.0004  max mem: 31525
Epoch: [7]  [ 680/5625]  eta: 1:25:37  lr: 0.000009  train_loss: 0.1574 (0.2161)  train_iou: 0.6502 (0.6729)  time: 1.0331  data: 0.0005  max mem: 31525
Epoch: [7]  [ 700/5625]  eta: 1:25:16  lr: 0.000009  train_loss: 0.1244 (0.2162)  train_iou: 0.6651 (0.6725)  time: 1.0318  data: 0.0004  max mem: 31525
Epoch: [7]  [ 720/5625]  eta: 1:24:55  lr: 0.000009  train_loss: 0.1735 (0.2162)  train_iou: 0.6952 (0.6727)  time: 1.0368  data: 0.0004  max mem: 31525
Epoch: [7]  [ 740/5625]  eta: 1:24:33  lr: 0.000009  train_loss: 0.1825 (0.2159)  train_iou: 0.7500 (0.6743)  time: 1.0351  data: 0.0004  max mem: 31525
Epoch: [7]  [ 760/5625]  eta: 1:24:12  lr: 0.000009  train_loss: 0.2269 (0.2164)  train_iou: 0.6900 (0.6746)  time: 1.0359  data: 0.0004  max mem: 31525
Epoch: [7]  [ 780/5625]  eta: 1:23:51  lr: 0.000009  train_loss: 0.1669 (0.2163)  train_iou: 0.6454 (0.6736)  time: 1.0345  data: 0.0004  max mem: 31525
Epoch: [7]  [ 800/5625]  eta: 1:23:30  lr: 0.000009  train_loss: 0.1872 (0.2159)  train_iou: 0.6490 (0.6726)  time: 1.0366  data: 0.0005  max mem: 31525
Epoch: [7]  [ 820/5625]  eta: 1:23:09  lr: 0.000009  train_loss: 0.1798 (0.2161)  train_iou: 0.7287 (0.6738)  time: 1.0326  data: 0.0004  max mem: 31525
Epoch: [7]  [ 840/5625]  eta: 1:22:47  lr: 0.000009  train_loss: 0.2075 (0.2169)  train_iou: 0.7444 (0.6742)  time: 1.0344  data: 0.0005  max mem: 31525
Epoch: [7]  [ 860/5625]  eta: 1:22:26  lr: 0.000009  train_loss: 0.2036 (0.2175)  train_iou: 0.6515 (0.6744)  time: 1.0369  data: 0.0004  max mem: 31525
Epoch: [7]  [ 880/5625]  eta: 1:22:05  lr: 0.000009  train_loss: 0.1811 (0.2181)  train_iou: 0.6585 (0.6737)  time: 1.0354  data: 0.0005  max mem: 31525
Epoch: [7]  [ 900/5625]  eta: 1:21:45  lr: 0.000009  train_loss: 0.1605 (0.2177)  train_iou: 0.7128 (0.6745)  time: 1.0386  data: 0.0005  max mem: 31525
Epoch: [7]  [ 920/5625]  eta: 1:21:24  lr: 0.000009  train_loss: 0.2089 (0.2175)  train_iou: 0.7163 (0.6752)  time: 1.0352  data: 0.0004  max mem: 31525
Epoch: [7]  [ 940/5625]  eta: 1:21:16  lr: 0.000009  train_loss: 0.1739 (0.2174)  train_iou: 0.7181 (0.6754)  time: 1.1664  data: 0.0004  max mem: 31525
Epoch: [7]  [ 960/5625]  eta: 1:20:54  lr: 0.000009  train_loss: 0.1404 (0.2176)  train_iou: 0.7055 (0.6761)  time: 1.0325  data: 0.0004  max mem: 31525
Epoch: [7]  [ 980/5625]  eta: 1:20:32  lr: 0.000009  train_loss: 0.2510 (0.2189)  train_iou: 0.5367 (0.6743)  time: 1.0337  data: 0.0005  max mem: 31525
Epoch: [7]  [1000/5625]  eta: 1:20:11  lr: 0.000009  train_loss: 0.1567 (0.2183)  train_iou: 0.6239 (0.6732)  time: 1.0328  data: 0.0005  max mem: 31525
Epoch: [7]  [1020/5625]  eta: 1:19:50  lr: 0.000009  train_loss: 0.1529 (0.2191)  train_iou: 0.6367 (0.6724)  time: 1.0336  data: 0.0005  max mem: 31525
Epoch: [7]  [1040/5625]  eta: 1:19:29  lr: 0.000009  train_loss: 0.2886 (0.2213)  train_iou: 0.6688 (0.6717)  time: 1.0383  data: 0.0005  max mem: 31525
Epoch: [7]  [1060/5625]  eta: 1:19:07  lr: 0.000009  train_loss: 0.1538 (0.2206)  train_iou: 0.7820 (0.6728)  time: 1.0322  data: 0.0004  max mem: 31525
Epoch: [7]  [1080/5625]  eta: 1:18:46  lr: 0.000009  train_loss: 0.1676 (0.2203)  train_iou: 0.6667 (0.6721)  time: 1.0316  data: 0.0004  max mem: 31525
Epoch: [7]  [1100/5625]  eta: 1:18:25  lr: 0.000009  train_loss: 0.1477 (0.2200)  train_iou: 0.6707 (0.6724)  time: 1.0381  data: 0.0005  max mem: 31525
Epoch: [7]  [1120/5625]  eta: 1:18:03  lr: 0.000009  train_loss: 0.1531 (0.2194)  train_iou: 0.7465 (0.6737)  time: 1.0334  data: 0.0004  max mem: 31525
Epoch: [7]  [1140/5625]  eta: 1:17:42  lr: 0.000009  train_loss: 0.2697 (0.2198)  train_iou: 0.6421 (0.6731)  time: 1.0385  data: 0.0005  max mem: 31525
Epoch: [7]  [1160/5625]  eta: 1:17:21  lr: 0.000009  train_loss: 0.1673 (0.2197)  train_iou: 0.6165 (0.6727)  time: 1.0360  data: 0.0004  max mem: 31525
Epoch: [7]  [1180/5625]  eta: 1:17:00  lr: 0.000009  train_loss: 0.1478 (0.2192)  train_iou: 0.6824 (0.6727)  time: 1.0362  data: 0.0004  max mem: 31525
Epoch: [7]  [1200/5625]  eta: 1:16:40  lr: 0.000009  train_loss: 0.1761 (0.2195)  train_iou: 0.6477 (0.6724)  time: 1.0422  data: 0.0004  max mem: 31525
Epoch: [7]  [1220/5625]  eta: 1:16:19  lr: 0.000009  train_loss: 0.2135 (0.2198)  train_iou: 0.6392 (0.6718)  time: 1.0338  data: 0.0005  max mem: 31525
Epoch: [7]  [1240/5625]  eta: 1:15:57  lr: 0.000009  train_loss: 0.1362 (0.2194)  train_iou: 0.7129 (0.6725)  time: 1.0338  data: 0.0004  max mem: 31525
Epoch: [7]  [1260/5625]  eta: 1:15:37  lr: 0.000009  train_loss: 0.1478 (0.2189)  train_iou: 0.6697 (0.6729)  time: 1.0407  data: 0.0004  max mem: 31525
Epoch: [7]  [1280/5625]  eta: 1:15:15  lr: 0.000009  train_loss: 0.1748 (0.2189)  train_iou: 0.7263 (0.6735)  time: 1.0328  data: 0.0004  max mem: 31525
Epoch: [7]  [1300/5625]  eta: 1:14:54  lr: 0.000009  train_loss: 0.1774 (0.2188)  train_iou: 0.6687 (0.6732)  time: 1.0338  data: 0.0005  max mem: 31525
Epoch: [7]  [1320/5625]  eta: 1:14:33  lr: 0.000009  train_loss: 0.2640 (0.2198)  train_iou: 0.5935 (0.6723)  time: 1.0355  data: 0.0004  max mem: 31525
Epoch: [7]  [1340/5625]  eta: 1:14:12  lr: 0.000009  train_loss: 0.2177 (0.2202)  train_iou: 0.6579 (0.6718)  time: 1.0359  data: 0.0004  max mem: 31525
Epoch: [7]  [1360/5625]  eta: 1:13:51  lr: 0.000009  train_loss: 0.1902 (0.2203)  train_iou: 0.6892 (0.6719)  time: 1.0338  data: 0.0005  max mem: 31525
Epoch: [7]  [1380/5625]  eta: 1:13:30  lr: 0.000009  train_loss: 0.1623 (0.2202)  train_iou: 0.6591 (0.6718)  time: 1.0355  data: 0.0004  max mem: 31525
Epoch: [7]  [1400/5625]  eta: 1:13:09  lr: 0.000009  train_loss: 0.1244 (0.2199)  train_iou: 0.6677 (0.6723)  time: 1.0332  data: 0.0004  max mem: 31525
Epoch: [7]  [1420/5625]  eta: 1:12:48  lr: 0.000009  train_loss: 0.1605 (0.2198)  train_iou: 0.7329 (0.6726)  time: 1.0352  data: 0.0005  max mem: 31525
Epoch: [7]  [1440/5625]  eta: 1:12:27  lr: 0.000009  train_loss: 0.1896 (0.2197)  train_iou: 0.6830 (0.6725)  time: 1.0354  data: 0.0004  max mem: 31525
Epoch: [7]  [1460/5625]  eta: 1:12:06  lr: 0.000009  train_loss: 0.1853 (0.2197)  train_iou: 0.5889 (0.6718)  time: 1.0355  data: 0.0004  max mem: 31525
Epoch: [7]  [1480/5625]  eta: 1:11:45  lr: 0.000009  train_loss: 0.1648 (0.2193)  train_iou: 0.6679 (0.6718)  time: 1.0350  data: 0.0005  max mem: 31525
Epoch: [7]  [1500/5625]  eta: 1:11:24  lr: 0.000009  train_loss: 0.1470 (0.2189)  train_iou: 0.6863 (0.6723)  time: 1.0270  data: 0.0004  max mem: 31525
Epoch: [7]  [1520/5625]  eta: 1:11:02  lr: 0.000009  train_loss: 0.1463 (0.2182)  train_iou: 0.7312 (0.6729)  time: 1.0155  data: 0.0004  max mem: 31525
Epoch: [7]  [1540/5625]  eta: 1:10:40  lr: 0.000009  train_loss: 0.1414 (0.2182)  train_iou: 0.7413 (0.6735)  time: 1.0166  data: 0.0004  max mem: 31525
Epoch: [7]  [1560/5625]  eta: 1:10:18  lr: 0.000009  train_loss: 0.2230 (0.2182)  train_iou: 0.6692 (0.6736)  time: 1.0135  data: 0.0004  max mem: 31525
Epoch: [7]  [1580/5625]  eta: 1:09:56  lr: 0.000009  train_loss: 0.1646 (0.2189)  train_iou: 0.6578 (0.6735)  time: 1.0156  data: 0.0004  max mem: 31525
Epoch: [7]  [1600/5625]  eta: 1:09:34  lr: 0.000009  train_loss: 0.1977 (0.2189)  train_iou: 0.7024 (0.6738)  time: 1.0200  data: 0.0004  max mem: 31525
Epoch: [7]  [1620/5625]  eta: 1:09:13  lr: 0.000009  train_loss: 0.2134 (0.2189)  train_iou: 0.6805 (0.6738)  time: 1.0212  data: 0.0004  max mem: 31525
Epoch: [7]  [1640/5625]  eta: 1:08:51  lr: 0.000009  train_loss: 0.1782 (0.2187)  train_iou: 0.6919 (0.6737)  time: 1.0139  data: 0.0004  max mem: 31525
Epoch: [7]  [1660/5625]  eta: 1:08:29  lr: 0.000009  train_loss: 0.2023 (0.2190)  train_iou: 0.6551 (0.6737)  time: 1.0176  data: 0.0005  max mem: 31525
Epoch: [7]  [1680/5625]  eta: 1:08:08  lr: 0.000009  train_loss: 0.1680 (0.2191)  train_iou: 0.7393 (0.6743)  time: 1.0235  data: 0.0004  max mem: 31525
Epoch: [7]  [1700/5625]  eta: 1:07:46  lr: 0.000009  train_loss: 0.1407 (0.2189)  train_iou: 0.6453 (0.6740)  time: 1.0201  data: 0.0004  max mem: 31525
Epoch: [7]  [1720/5625]  eta: 1:07:25  lr: 0.000009  train_loss: 0.2243 (0.2191)  train_iou: 0.6336 (0.6737)  time: 1.0177  data: 0.0005  max mem: 31525
Epoch: [7]  [1740/5625]  eta: 1:07:03  lr: 0.000009  train_loss: 0.1827 (0.2191)  train_iou: 0.6855 (0.6740)  time: 1.0140  data: 0.0004  max mem: 31525
Epoch: [7]  [1760/5625]  eta: 1:06:41  lr: 0.000009  train_loss: 0.2702 (0.2196)  train_iou: 0.6573 (0.6740)  time: 1.0161  data: 0.0004  max mem: 31525
Epoch: [7]  [1780/5625]  eta: 1:06:20  lr: 0.000009  train_loss: 0.1529 (0.2197)  train_iou: 0.6385 (0.6740)  time: 1.0205  data: 0.0005  max mem: 31525
Epoch: [7]  [1800/5625]  eta: 1:05:59  lr: 0.000009  train_loss: 0.2155 (0.2201)  train_iou: 0.5841 (0.6737)  time: 1.0193  data: 0.0004  max mem: 31525
Epoch: [7]  [1820/5625]  eta: 1:05:37  lr: 0.000009  train_loss: 0.2162 (0.2205)  train_iou: 0.7314 (0.6743)  time: 1.0170  data: 0.0004  max mem: 31525
Epoch: [7]  [1840/5625]  eta: 1:05:16  lr: 0.000009  train_loss: 0.1731 (0.2204)  train_iou: 0.6828 (0.6741)  time: 1.0175  data: 0.0005  max mem: 31525
Epoch: [7]  [1860/5625]  eta: 1:04:54  lr: 0.000009  train_loss: 0.1472 (0.2200)  train_iou: 0.6759 (0.6742)  time: 1.0145  data: 0.0004  max mem: 31525
Epoch: [7]  [1880/5625]  eta: 1:04:33  lr: 0.000009  train_loss: 0.2319 (0.2201)  train_iou: 0.5591 (0.6734)  time: 1.0184  data: 0.0004  max mem: 31525
Epoch: [7]  [1900/5625]  eta: 1:04:12  lr: 0.000009  train_loss: 0.1892 (0.2204)  train_iou: 0.7105 (0.6735)  time: 1.0191  data: 0.0004  max mem: 31525
Epoch: [7]  [1920/5625]  eta: 1:03:50  lr: 0.000009  train_loss: 0.1637 (0.2202)  train_iou: 0.6493 (0.6734)  time: 1.0154  data: 0.0004  max mem: 31525
Epoch: [7]  [1940/5625]  eta: 1:03:29  lr: 0.000009  train_loss: 0.1254 (0.2198)  train_iou: 0.6651 (0.6731)  time: 1.0168  data: 0.0004  max mem: 31525
Epoch: [7]  [1960/5625]  eta: 1:03:08  lr: 0.000009  train_loss: 0.1739 (0.2195)  train_iou: 0.6834 (0.6732)  time: 1.0178  data: 0.0005  max mem: 31525
Epoch: [7]  [1980/5625]  eta: 1:02:46  lr: 0.000009  train_loss: 0.1360 (0.2191)  train_iou: 0.7086 (0.6736)  time: 1.0148  data: 0.0004  max mem: 31525
Epoch: [7]  [2000/5625]  eta: 1:02:25  lr: 0.000009  train_loss: 0.1431 (0.2187)  train_iou: 0.7369 (0.6741)  time: 1.0112  data: 0.0004  max mem: 31525
Epoch: [7]  [2020/5625]  eta: 1:02:04  lr: 0.000009  train_loss: 0.1283 (0.2185)  train_iou: 0.6441 (0.6742)  time: 1.0170  data: 0.0004  max mem: 31525
Epoch: [7]  [2040/5625]  eta: 1:01:42  lr: 0.000009  train_loss: 0.1412 (0.2184)  train_iou: 0.7453 (0.6747)  time: 1.0178  data: 0.0005  max mem: 31525
Epoch: [7]  [2060/5625]  eta: 1:01:21  lr: 0.000009  train_loss: 0.2170 (0.2185)  train_iou: 0.6582 (0.6747)  time: 1.0179  data: 0.0004  max mem: 31525
Epoch: [7]  [2080/5625]  eta: 1:01:00  lr: 0.000009  train_loss: 0.1763 (0.2181)  train_iou: 0.7445 (0.6754)  time: 1.0166  data: 0.0004  max mem: 31525
Epoch: [7]  [2100/5625]  eta: 1:00:39  lr: 0.000009  train_loss: 0.2159 (0.2181)  train_iou: 0.6655 (0.6754)  time: 1.0153  data: 0.0004  max mem: 31525
Epoch: [7]  [2120/5625]  eta: 1:00:18  lr: 0.000009  train_loss: 0.1697 (0.2179)  train_iou: 0.6739 (0.6753)  time: 1.0183  data: 0.0004  max mem: 31525
Epoch: [7]  [2140/5625]  eta: 0:59:57  lr: 0.000009  train_loss: 0.2296 (0.2183)  train_iou: 0.6572 (0.6753)  time: 1.0225  data: 0.0004  max mem: 31525
Epoch: [7]  [2160/5625]  eta: 0:59:36  lr: 0.000009  train_loss: 0.1964 (0.2185)  train_iou: 0.6739 (0.6754)  time: 1.0168  data: 0.0004  max mem: 31525
Epoch: [7]  [2180/5625]  eta: 0:59:15  lr: 0.000009  train_loss: 0.1551 (0.2184)  train_iou: 0.6512 (0.6751)  time: 1.0188  data: 0.0004  max mem: 31525
Epoch: [7]  [2200/5625]  eta: 0:58:54  lr: 0.000009  train_loss: 0.1844 (0.2186)  train_iou: 0.6696 (0.6751)  time: 1.0216  data: 0.0004  max mem: 31525
Epoch: [7]  [2220/5625]  eta: 0:58:33  lr: 0.000009  train_loss: 0.1643 (0.2183)  train_iou: 0.7004 (0.6753)  time: 1.0240  data: 0.0004  max mem: 31525
Epoch: [7]  [2240/5625]  eta: 0:58:12  lr: 0.000009  train_loss: 0.1829 (0.2183)  train_iou: 0.6365 (0.6748)  time: 1.0174  data: 0.0004  max mem: 31525
Epoch: [7]  [2260/5625]  eta: 0:57:51  lr: 0.000009  train_loss: 0.2103 (0.2184)  train_iou: 0.6613 (0.6749)  time: 1.0217  data: 0.0004  max mem: 31525
Epoch: [7]  [2280/5625]  eta: 0:57:33  lr: 0.000009  train_loss: 0.2506 (0.2186)  train_iou: 0.6414 (0.6747)  time: 1.1446  data: 0.0004  max mem: 31525
Epoch: [7]  [2300/5625]  eta: 0:57:12  lr: 0.000009  train_loss: 0.2075 (0.2188)  train_iou: 0.7097 (0.6747)  time: 1.0176  data: 0.0004  max mem: 31525
Epoch: [7]  [2320/5625]  eta: 0:56:51  lr: 0.000009  train_loss: 0.2169 (0.2190)  train_iou: 0.6477 (0.6746)  time: 1.0198  data: 0.0004  max mem: 31525
Epoch: [7]  [2340/5625]  eta: 0:56:30  lr: 0.000009  train_loss: 0.2126 (0.2190)  train_iou: 0.6772 (0.6745)  time: 1.0181  data: 0.0004  max mem: 31525
Epoch: [7]  [2360/5625]  eta: 0:56:09  lr: 0.000009  train_loss: 0.1689 (0.2190)  train_iou: 0.7251 (0.6745)  time: 1.0123  data: 0.0004  max mem: 31525
Epoch: [7]  [2380/5625]  eta: 0:55:48  lr: 0.000009  train_loss: 0.1508 (0.2189)  train_iou: 0.6587 (0.6745)  time: 1.0146  data: 0.0004  max mem: 31525
Epoch: [7]  [2400/5625]  eta: 0:55:27  lr: 0.000009  train_loss: 0.2106 (0.2191)  train_iou: 0.6977 (0.6745)  time: 1.0169  data: 0.0004  max mem: 31525
Epoch: [7]  [2420/5625]  eta: 0:55:06  lr: 0.000009  train_loss: 0.2379 (0.2199)  train_iou: 0.6599 (0.6744)  time: 1.0192  data: 0.0005  max mem: 31525
Epoch: [7]  [2440/5625]  eta: 0:54:45  lr: 0.000009  train_loss: 0.2170 (0.2203)  train_iou: 0.6325 (0.6742)  time: 1.0140  data: 0.0004  max mem: 31525
Epoch: [7]  [2460/5625]  eta: 0:54:24  lr: 0.000009  train_loss: 0.2068 (0.2205)  train_iou: 0.6740 (0.6743)  time: 1.0182  data: 0.0004  max mem: 31525
Epoch: [7]  [2480/5625]  eta: 0:54:03  lr: 0.000009  train_loss: 0.1593 (0.2204)  train_iou: 0.7210 (0.6744)  time: 1.0221  data: 0.0004  max mem: 31525
Epoch: [7]  [2500/5625]  eta: 0:53:42  lr: 0.000009  train_loss: 0.1967 (0.2205)  train_iou: 0.6997 (0.6746)  time: 1.0178  data: 0.0004  max mem: 31525
Epoch: [7]  [2520/5625]  eta: 0:53:21  lr: 0.000009  train_loss: 0.2337 (0.2209)  train_iou: 0.6408 (0.6743)  time: 1.0180  data: 0.0004  max mem: 31525
Epoch: [7]  [2540/5625]  eta: 0:53:00  lr: 0.000009  train_loss: 0.1990 (0.2210)  train_iou: 0.6709 (0.6742)  time: 1.0195  data: 0.0004  max mem: 31525
Epoch: [7]  [2560/5625]  eta: 0:52:39  lr: 0.000009  train_loss: 0.1795 (0.2212)  train_iou: 0.6886 (0.6744)  time: 1.0148  data: 0.0004  max mem: 31525
Epoch: [7]  [2580/5625]  eta: 0:52:18  lr: 0.000009  train_loss: 0.2070 (0.2214)  train_iou: 0.6243 (0.6739)  time: 1.0169  data: 0.0004  max mem: 31525
Epoch: [7]  [2600/5625]  eta: 0:51:57  lr: 0.000009  train_loss: 0.1809 (0.2213)  train_iou: 0.6939 (0.6740)  time: 1.0170  data: 0.0005  max mem: 31525
Epoch: [7]  [2620/5625]  eta: 0:51:36  lr: 0.000009  train_loss: 0.2783 (0.2217)  train_iou: 0.7223 (0.6744)  time: 1.0158  data: 0.0004  max mem: 31525
Epoch: [7]  [2640/5625]  eta: 0:51:15  lr: 0.000009  train_loss: 0.1913 (0.2217)  train_iou: 0.6667 (0.6742)  time: 1.0145  data: 0.0004  max mem: 31525
Epoch: [7]  [2660/5625]  eta: 0:50:55  lr: 0.000009  train_loss: 0.2521 (0.2219)  train_iou: 0.6631 (0.6742)  time: 1.0211  data: 0.0004  max mem: 31525
Epoch: [7]  [2680/5625]  eta: 0:50:34  lr: 0.000009  train_loss: 0.2103 (0.2221)  train_iou: 0.6480 (0.6741)  time: 1.0154  data: 0.0005  max mem: 31525
Epoch: [7]  [2700/5625]  eta: 0:50:13  lr: 0.000009  train_loss: 0.1566 (0.2222)  train_iou: 0.6984 (0.6741)  time: 1.0149  data: 0.0004  max mem: 31525
Epoch: [7]  [2720/5625]  eta: 0:49:52  lr: 0.000009  train_loss: 0.1838 (0.2222)  train_iou: 0.6670 (0.6741)  time: 1.0179  data: 0.0004  max mem: 31525
Epoch: [7]  [2740/5625]  eta: 0:49:31  lr: 0.000009  train_loss: 0.1889 (0.2225)  train_iou: 0.6575 (0.6741)  time: 1.0192  data: 0.0005  max mem: 31525
Epoch: [7]  [2760/5625]  eta: 0:49:10  lr: 0.000009  train_loss: 0.2070 (0.2226)  train_iou: 0.6896 (0.6741)  time: 1.0159  data: 0.0004  max mem: 31525
Epoch: [7]  [2780/5625]  eta: 0:48:49  lr: 0.000009  train_loss: 0.2003 (0.2225)  train_iou: 0.7161 (0.6741)  time: 1.0156  data: 0.0004  max mem: 31525
Epoch: [7]  [2800/5625]  eta: 0:48:28  lr: 0.000009  train_loss: 0.1403 (0.2222)  train_iou: 0.7142 (0.6742)  time: 1.0163  data: 0.0005  max mem: 31525
Epoch: [7]  [2820/5625]  eta: 0:48:08  lr: 0.000009  train_loss: 0.1798 (0.2227)  train_iou: 0.7258 (0.6744)  time: 1.0188  data: 0.0004  max mem: 31525
Epoch: [7]  [2840/5625]  eta: 0:47:47  lr: 0.000009  train_loss: 0.1561 (0.2229)  train_iou: 0.6923 (0.6745)  time: 1.0161  data: 0.0004  max mem: 31525
Epoch: [7]  [2860/5625]  eta: 0:47:26  lr: 0.000009  train_loss: 0.1543 (0.2229)  train_iou: 0.6686 (0.6745)  time: 1.0228  data: 0.0004  max mem: 31525
Epoch: [7]  [2880/5625]  eta: 0:47:05  lr: 0.000009  train_loss: 0.2871 (0.2233)  train_iou: 0.5953 (0.6742)  time: 1.0168  data: 0.0004  max mem: 31525
Epoch: [7]  [2900/5625]  eta: 0:46:44  lr: 0.000009  train_loss: 0.1581 (0.2231)  train_iou: 0.6176 (0.6740)  time: 1.0176  data: 0.0004  max mem: 31525
Epoch: [7]  [2920/5625]  eta: 0:46:23  lr: 0.000009  train_loss: 0.1809 (0.2232)  train_iou: 0.6910 (0.6740)  time: 1.0161  data: 0.0004  max mem: 31525
Epoch: [7]  [2940/5625]  eta: 0:46:03  lr: 0.000009  train_loss: 0.1577 (0.2233)  train_iou: 0.6439 (0.6738)  time: 1.0208  data: 0.0004  max mem: 31525
Epoch: [7]  [2960/5625]  eta: 0:45:42  lr: 0.000009  train_loss: 0.2311 (0.2236)  train_iou: 0.7112 (0.6741)  time: 1.0236  data: 0.0004  max mem: 31525
Epoch: [7]  [2980/5625]  eta: 0:45:21  lr: 0.000009  train_loss: 0.1829 (0.2235)  train_iou: 0.6799 (0.6742)  time: 1.0240  data: 0.0004  max mem: 31525
Epoch: [7]  [3000/5625]  eta: 0:45:01  lr: 0.000009  train_loss: 0.1904 (0.2235)  train_iou: 0.6892 (0.6743)  time: 1.0174  data: 0.0004  max mem: 31525
Epoch: [7]  [3020/5625]  eta: 0:44:40  lr: 0.000009  train_loss: 0.1781 (0.2234)  train_iou: 0.6505 (0.6741)  time: 1.0232  data: 0.0004  max mem: 31525
Epoch: [7]  [3040/5625]  eta: 0:44:19  lr: 0.000009  train_loss: 0.2022 (0.2237)  train_iou: 0.6355 (0.6738)  time: 1.0177  data: 0.0004  max mem: 31525
Epoch: [7]  [3060/5625]  eta: 0:43:58  lr: 0.000009  train_loss: 0.1883 (0.2235)  train_iou: 0.6906 (0.6739)  time: 1.0205  data: 0.0004  max mem: 31525
Epoch: [7]  [3080/5625]  eta: 0:43:38  lr: 0.000009  train_loss: 0.1862 (0.2238)  train_iou: 0.6341 (0.6736)  time: 1.0270  data: 0.0004  max mem: 31525
Epoch: [7]  [3100/5625]  eta: 0:43:17  lr: 0.000009  train_loss: 0.1898 (0.2238)  train_iou: 0.6665 (0.6736)  time: 1.0187  data: 0.0004  max mem: 31525
Epoch: [7]  [3120/5625]  eta: 0:42:56  lr: 0.000009  train_loss: 0.1606 (0.2236)  train_iou: 0.6782 (0.6734)  time: 1.0256  data: 0.0004  max mem: 31525
Epoch: [7]  [3140/5625]  eta: 0:42:36  lr: 0.000009  train_loss: 0.1602 (0.2235)  train_iou: 0.6705 (0.6733)  time: 1.0156  data: 0.0005  max mem: 31525
Epoch: [7]  [3160/5625]  eta: 0:42:15  lr: 0.000009  train_loss: 0.1451 (0.2232)  train_iou: 0.6548 (0.6733)  time: 1.0140  data: 0.0004  max mem: 31525
Epoch: [7]  [3180/5625]  eta: 0:41:54  lr: 0.000009  train_loss: 0.2411 (0.2232)  train_iou: 0.6901 (0.6734)  time: 1.0252  data: 0.0004  max mem: 31525
Epoch: [7]  [3200/5625]  eta: 0:41:34  lr: 0.000009  train_loss: 0.1546 (0.2230)  train_iou: 0.6943 (0.6735)  time: 1.0273  data: 0.0005  max mem: 31525
Epoch: [7]  [3220/5625]  eta: 0:41:13  lr: 0.000009  train_loss: 0.1503 (0.2228)  train_iou: 0.7526 (0.6739)  time: 1.0170  data: 0.0004  max mem: 31525
Epoch: [7]  [3240/5625]  eta: 0:40:52  lr: 0.000009  train_loss: 0.1987 (0.2226)  train_iou: 0.6741 (0.6740)  time: 1.0156  data: 0.0004  max mem: 31525
Epoch: [7]  [3260/5625]  eta: 0:40:31  lr: 0.000009  train_loss: 0.1883 (0.2228)  train_iou: 0.6841 (0.6740)  time: 1.0218  data: 0.0004  max mem: 31525
Epoch: [7]  [3280/5625]  eta: 0:40:11  lr: 0.000009  train_loss: 0.1729 (0.2228)  train_iou: 0.7021 (0.6740)  time: 1.0202  data: 0.0004  max mem: 31525
Epoch: [7]  [3300/5625]  eta: 0:39:50  lr: 0.000009  train_loss: 0.2035 (0.2230)  train_iou: 0.7243 (0.6741)  time: 1.0158  data: 0.0004  max mem: 31525
Epoch: [7]  [3320/5625]  eta: 0:39:29  lr: 0.000009  train_loss: 0.1707 (0.2229)  train_iou: 0.6994 (0.6743)  time: 1.0163  data: 0.0004  max mem: 31525
Epoch: [7]  [3340/5625]  eta: 0:39:09  lr: 0.000009  train_loss: 0.2288 (0.2230)  train_iou: 0.6706 (0.6743)  time: 1.0227  data: 0.0004  max mem: 31525
Epoch: [7]  [3360/5625]  eta: 0:38:48  lr: 0.000009  train_loss: 0.2334 (0.2231)  train_iou: 0.7047 (0.6745)  time: 1.0172  data: 0.0004  max mem: 31525
Epoch: [7]  [3380/5625]  eta: 0:38:27  lr: 0.000009  train_loss: 0.2073 (0.2232)  train_iou: 0.6567 (0.6745)  time: 1.0161  data: 0.0004  max mem: 31525
Epoch: [7]  [3400/5625]  eta: 0:38:07  lr: 0.000009  train_loss: 0.1582 (0.2231)  train_iou: 0.6572 (0.6743)  time: 1.0170  data: 0.0004  max mem: 31525
Epoch: [7]  [3420/5625]  eta: 0:37:46  lr: 0.000009  train_loss: 0.1966 (0.2231)  train_iou: 0.6903 (0.6743)  time: 1.0169  data: 0.0004  max mem: 31525
Epoch: [7]  [3440/5625]  eta: 0:37:25  lr: 0.000009  train_loss: 0.1809 (0.2233)  train_iou: 0.6527 (0.6743)  time: 1.0183  data: 0.0004  max mem: 31525
Epoch: [7]  [3460/5625]  eta: 0:37:05  lr: 0.000009  train_loss: 0.1686 (0.2230)  train_iou: 0.7599 (0.6745)  time: 1.0267  data: 0.0004  max mem: 31525
Epoch: [7]  [3480/5625]  eta: 0:36:44  lr: 0.000009  train_loss: 0.1929 (0.2230)  train_iou: 0.6433 (0.6743)  time: 1.0217  data: 0.0005  max mem: 31525
Epoch: [7]  [3500/5625]  eta: 0:36:23  lr: 0.000009  train_loss: 0.1763 (0.2229)  train_iou: 0.6677 (0.6743)  time: 1.0207  data: 0.0004  max mem: 31525
Epoch: [7]  [3520/5625]  eta: 0:36:03  lr: 0.000009  train_loss: 0.1828 (0.2230)  train_iou: 0.6439 (0.6742)  time: 1.0208  data: 0.0004  max mem: 31525
Epoch: [7]  [3540/5625]  eta: 0:35:42  lr: 0.000009  train_loss: 0.2002 (0.2232)  train_iou: 0.6686 (0.6742)  time: 1.0262  data: 0.0005  max mem: 31525
Epoch: [7]  [3560/5625]  eta: 0:35:21  lr: 0.000009  train_loss: 0.1801 (0.2233)  train_iou: 0.7563 (0.6743)  time: 1.0184  data: 0.0004  max mem: 31525
Epoch: [7]  [3580/5625]  eta: 0:35:01  lr: 0.000009  train_loss: 0.1367 (0.2231)  train_iou: 0.6748 (0.6742)  time: 1.0256  data: 0.0004  max mem: 31525
Epoch: [7]  [3600/5625]  eta: 0:34:42  lr: 0.000009  train_loss: 0.2341 (0.2232)  train_iou: 0.6623 (0.6742)  time: 1.1417  data: 0.0005  max mem: 31525
Epoch: [7]  [3620/5625]  eta: 0:34:21  lr: 0.000009  train_loss: 0.2271 (0.2236)  train_iou: 0.5799 (0.6740)  time: 1.0238  data: 0.0004  max mem: 31525
Epoch: [7]  [3640/5625]  eta: 0:34:00  lr: 0.000009  train_loss: 0.2019 (0.2236)  train_iou: 0.7065 (0.6742)  time: 1.0207  data: 0.0004  max mem: 31525
Epoch: [7]  [3660/5625]  eta: 0:33:40  lr: 0.000009  train_loss: 0.1740 (0.2234)  train_iou: 0.6721 (0.6743)  time: 1.0260  data: 0.0004  max mem: 31525
Epoch: [7]  [3680/5625]  eta: 0:33:19  lr: 0.000009  train_loss: 0.2125 (0.2235)  train_iou: 0.6834 (0.6745)  time: 1.0189  data: 0.0004  max mem: 31525
Epoch: [7]  [3700/5625]  eta: 0:32:59  lr: 0.000009  train_loss: 0.1518 (0.2234)  train_iou: 0.6840 (0.6745)  time: 1.0211  data: 0.0004  max mem: 31525
Epoch: [7]  [3720/5625]  eta: 0:32:38  lr: 0.000009  train_loss: 0.1945 (0.2234)  train_iou: 0.6604 (0.6744)  time: 1.0199  data: 0.0004  max mem: 31525
Epoch: [7]  [3740/5625]  eta: 0:32:17  lr: 0.000009  train_loss: 0.2194 (0.2235)  train_iou: 0.6716 (0.6745)  time: 1.0199  data: 0.0004  max mem: 31525
Epoch: [7]  [3760/5625]  eta: 0:31:57  lr: 0.000009  train_loss: 0.2330 (0.2237)  train_iou: 0.6851 (0.6744)  time: 1.0222  data: 0.0004  max mem: 31525
Epoch: [7]  [3780/5625]  eta: 0:31:36  lr: 0.000009  train_loss: 0.2050 (0.2237)  train_iou: 0.6628 (0.6744)  time: 1.0228  data: 0.0004  max mem: 31525
Epoch: [7]  [3800/5625]  eta: 0:31:15  lr: 0.000009  train_loss: 0.1543 (0.2235)  train_iou: 0.7354 (0.6746)  time: 1.0248  data: 0.0004  max mem: 31525
Epoch: [7]  [3820/5625]  eta: 0:30:55  lr: 0.000009  train_loss: 0.2006 (0.2236)  train_iou: 0.6320 (0.6743)  time: 1.0204  data: 0.0005  max mem: 31525
Epoch: [7]  [3840/5625]  eta: 0:30:34  lr: 0.000009  train_loss: 0.1833 (0.2234)  train_iou: 0.6682 (0.6743)  time: 1.0179  data: 0.0004  max mem: 31525
Epoch: [7]  [3860/5625]  eta: 0:30:14  lr: 0.000009  train_loss: 0.2032 (0.2235)  train_iou: 0.6881 (0.6745)  time: 1.0238  data: 0.0004  max mem: 31525
Epoch: [7]  [3880/5625]  eta: 0:29:53  lr: 0.000009  train_loss: 0.1653 (0.2237)  train_iou: 0.6137 (0.6742)  time: 1.0270  data: 0.0005  max mem: 31525
Epoch: [7]  [3900/5625]  eta: 0:29:32  lr: 0.000009  train_loss: 0.1796 (0.2236)  train_iou: 0.7524 (0.6743)  time: 1.0192  data: 0.0004  max mem: 31525
Epoch: [7]  [3920/5625]  eta: 0:29:12  lr: 0.000009  train_loss: 0.2106 (0.2236)  train_iou: 0.6490 (0.6740)  time: 1.0178  data: 0.0004  max mem: 31525
Epoch: [7]  [3940/5625]  eta: 0:28:51  lr: 0.000009  train_loss: 0.1991 (0.2236)  train_iou: 0.6591 (0.6740)  time: 1.0191  data: 0.0004  max mem: 31525
Epoch: [7]  [3960/5625]  eta: 0:28:30  lr: 0.000009  train_loss: 0.1793 (0.2236)  train_iou: 0.6475 (0.6738)  time: 1.0236  data: 0.0005  max mem: 31525
Epoch: [7]  [3980/5625]  eta: 0:28:10  lr: 0.000009  train_loss: 0.1630 (0.2236)  train_iou: 0.6429 (0.6738)  time: 1.0194  data: 0.0004  max mem: 31525
Epoch: [7]  [4000/5625]  eta: 0:27:49  lr: 0.000009  train_loss: 0.1424 (0.2234)  train_iou: 0.6598 (0.6738)  time: 1.0268  data: 0.0004  max mem: 31525
Epoch: [7]  [4020/5625]  eta: 0:27:29  lr: 0.000009  train_loss: 0.1847 (0.2232)  train_iou: 0.6814 (0.6740)  time: 1.0217  data: 0.0004  max mem: 31525
Epoch: [7]  [4040/5625]  eta: 0:27:08  lr: 0.000009  train_loss: 0.1434 (0.2232)  train_iou: 0.6604 (0.6739)  time: 1.0257  data: 0.0004  max mem: 31525
Epoch: [7]  [4060/5625]  eta: 0:26:48  lr: 0.000009  train_loss: 0.1580 (0.2232)  train_iou: 0.7167 (0.6741)  time: 1.0236  data: 0.0004  max mem: 31525
Epoch: [7]  [4080/5625]  eta: 0:26:27  lr: 0.000009  train_loss: 0.1736 (0.2231)  train_iou: 0.6848 (0.6741)  time: 1.0238  data: 0.0005  max mem: 31525
Epoch: [7]  [4100/5625]  eta: 0:26:06  lr: 0.000009  train_loss: 0.1995 (0.2233)  train_iou: 0.6499 (0.6742)  time: 1.0196  data: 0.0004  max mem: 31525
Epoch: [7]  [4120/5625]  eta: 0:25:46  lr: 0.000009  train_loss: 0.3126 (0.2237)  train_iou: 0.6034 (0.6738)  time: 1.0195  data: 0.0004  max mem: 31525
Epoch: [7]  [4140/5625]  eta: 0:25:25  lr: 0.000009  train_loss: 0.1783 (0.2236)  train_iou: 0.6907 (0.6740)  time: 1.0228  data: 0.0004  max mem: 31525
Epoch: [7]  [4160/5625]  eta: 0:25:05  lr: 0.000009  train_loss: 0.1633 (0.2235)  train_iou: 0.7244 (0.6741)  time: 1.0201  data: 0.0004  max mem: 31525
Epoch: [7]  [4180/5625]  eta: 0:24:44  lr: 0.000009  train_loss: 0.2076 (0.2235)  train_iou: 0.7650 (0.6744)  time: 1.0195  data: 0.0004  max mem: 31525
Epoch: [7]  [4200/5625]  eta: 0:24:23  lr: 0.000009  train_loss: 0.2233 (0.2236)  train_iou: 0.6499 (0.6742)  time: 1.0226  data: 0.0004  max mem: 31525
Epoch: [7]  [4220/5625]  eta: 0:24:03  lr: 0.000009  train_loss: 0.2184 (0.2236)  train_iou: 0.6937 (0.6743)  time: 1.0256  data: 0.0005  max mem: 31525
Epoch: [7]  [4240/5625]  eta: 0:23:42  lr: 0.000009  train_loss: 0.1969 (0.2237)  train_iou: 0.6555 (0.6743)  time: 1.0181  data: 0.0004  max mem: 31525
Epoch: [7]  [4260/5625]  eta: 0:23:22  lr: 0.000009  train_loss: 0.1982 (0.2237)  train_iou: 0.6680 (0.6744)  time: 1.0242  data: 0.0004  max mem: 31525
Epoch: [7]  [4280/5625]  eta: 0:23:01  lr: 0.000009  train_loss: 0.2016 (0.2237)  train_iou: 0.6762 (0.6744)  time: 1.0250  data: 0.0004  max mem: 31525
Epoch: [7]  [4300/5625]  eta: 0:22:41  lr: 0.000009  train_loss: 0.2298 (0.2237)  train_iou: 0.6780 (0.6744)  time: 1.0196  data: 0.0004  max mem: 31525
Epoch: [7]  [4320/5625]  eta: 0:22:20  lr: 0.000009  train_loss: 0.1331 (0.2236)  train_iou: 0.6534 (0.6742)  time: 1.0230  data: 0.0004  max mem: 31525
Epoch: [7]  [4340/5625]  eta: 0:21:59  lr: 0.000009  train_loss: 0.1825 (0.2235)  train_iou: 0.6673 (0.6742)  time: 1.0230  data: 0.0004  max mem: 31525
Epoch: [7]  [4360/5625]  eta: 0:21:39  lr: 0.000009  train_loss: 0.1647 (0.2235)  train_iou: 0.7072 (0.6743)  time: 1.0241  data: 0.0004  max mem: 31525
Epoch: [7]  [4380/5625]  eta: 0:21:18  lr: 0.000009  train_loss: 0.1699 (0.2235)  train_iou: 0.7536 (0.6746)  time: 1.0234  data: 0.0004  max mem: 31525
Epoch: [7]  [4400/5625]  eta: 0:20:58  lr: 0.000009  train_loss: 0.1648 (0.2233)  train_iou: 0.7090 (0.6747)  time: 1.0175  data: 0.0004  max mem: 31525
Epoch: [7]  [4420/5625]  eta: 0:20:37  lr: 0.000009  train_loss: 0.1715 (0.2233)  train_iou: 0.6434 (0.6748)  time: 1.0190  data: 0.0004  max mem: 31525
Epoch: [7]  [4440/5625]  eta: 0:20:17  lr: 0.000009  train_loss: 0.1561 (0.2231)  train_iou: 0.6521 (0.6749)  time: 1.0226  data: 0.0004  max mem: 31525
Epoch: [7]  [4460/5625]  eta: 0:19:56  lr: 0.000009  train_loss: 0.2696 (0.2233)  train_iou: 0.6859 (0.6747)  time: 1.0231  data: 0.0004  max mem: 31525
Epoch: [7]  [4480/5625]  eta: 0:19:35  lr: 0.000009  train_loss: 0.1780 (0.2232)  train_iou: 0.7603 (0.6750)  time: 1.0260  data: 0.0004  max mem: 31525
Epoch: [7]  [4500/5625]  eta: 0:19:15  lr: 0.000009  train_loss: 0.1993 (0.2233)  train_iou: 0.6909 (0.6751)  time: 1.0210  data: 0.0004  max mem: 31525
Epoch: [7]  [4520/5625]  eta: 0:18:54  lr: 0.000009  train_loss: 0.1856 (0.2233)  train_iou: 0.6075 (0.6749)  time: 1.0202  data: 0.0004  max mem: 31525
Epoch: [7]  [4540/5625]  eta: 0:18:34  lr: 0.000009  train_loss: 0.1677 (0.2232)  train_iou: 0.6516 (0.6748)  time: 1.0229  data: 0.0004  max mem: 31525
Epoch: [7]  [4560/5625]  eta: 0:18:13  lr: 0.000009  train_loss: 0.2127 (0.2232)  train_iou: 0.6687 (0.6748)  time: 1.0221  data: 0.0004  max mem: 31525
Epoch: [7]  [4580/5625]  eta: 0:17:53  lr: 0.000009  train_loss: 0.2666 (0.2235)  train_iou: 0.6187 (0.6746)  time: 1.0203  data: 0.0004  max mem: 31525
Epoch: [7]  [4600/5625]  eta: 0:17:32  lr: 0.000009  train_loss: 0.2105 (0.2236)  train_iou: 0.6979 (0.6746)  time: 1.0205  data: 0.0004  max mem: 31525
Epoch: [7]  [4620/5625]  eta: 0:17:11  lr: 0.000009  train_loss: 0.1845 (0.2236)  train_iou: 0.7048 (0.6747)  time: 1.0217  data: 0.0004  max mem: 31525
Epoch: [7]  [4640/5625]  eta: 0:16:51  lr: 0.000009  train_loss: 0.2510 (0.2237)  train_iou: 0.6179 (0.6745)  time: 1.0233  data: 0.0004  max mem: 31525
Epoch: [7]  [4660/5625]  eta: 0:16:30  lr: 0.000009  train_loss: 0.1411 (0.2235)  train_iou: 0.6758 (0.6746)  time: 1.0205  data: 0.0004  max mem: 31525
Epoch: [7]  [4680/5625]  eta: 0:16:10  lr: 0.000009  train_loss: 0.2409 (0.2237)  train_iou: 0.6492 (0.6744)  time: 1.0234  data: 0.0004  max mem: 31525
Epoch: [7]  [4700/5625]  eta: 0:15:49  lr: 0.000009  train_loss: 0.1674 (0.2236)  train_iou: 0.6321 (0.6744)  time: 1.0183  data: 0.0004  max mem: 31525
Epoch: [7]  [4720/5625]  eta: 0:15:29  lr: 0.000009  train_loss: 0.1571 (0.2234)  train_iou: 0.6955 (0.6744)  time: 1.0199  data: 0.0004  max mem: 31525
Epoch: [7]  [4740/5625]  eta: 0:15:08  lr: 0.000009  train_loss: 0.2284 (0.2236)  train_iou: 0.6617 (0.6744)  time: 1.0246  data: 0.0004  max mem: 31525
Epoch: [7]  [4760/5625]  eta: 0:14:48  lr: 0.000009  train_loss: 0.2549 (0.2237)  train_iou: 0.7310 (0.6745)  time: 1.0281  data: 0.0004  max mem: 31525
Epoch: [7]  [4780/5625]  eta: 0:14:27  lr: 0.000009  train_loss: 0.2234 (0.2238)  train_iou: 0.6554 (0.6744)  time: 1.0199  data: 0.0004  max mem: 31525
Epoch: [7]  [4800/5625]  eta: 0:14:06  lr: 0.000009  train_loss: 0.2030 (0.2239)  train_iou: 0.6091 (0.6743)  time: 1.0189  data: 0.0004  max mem: 31525
Epoch: [7]  [4820/5625]  eta: 0:13:46  lr: 0.000009  train_loss: 0.1406 (0.2236)  train_iou: 0.6449 (0.6740)  time: 1.0198  data: 0.0004  max mem: 31525
Epoch: [7]  [4840/5625]  eta: 0:13:25  lr: 0.000009  train_loss: 0.2272 (0.2237)  train_iou: 0.6613 (0.6740)  time: 1.0235  data: 0.0004  max mem: 31525
Epoch: [7]  [4860/5625]  eta: 0:13:05  lr: 0.000009  train_loss: 0.1442 (0.2235)  train_iou: 0.7089 (0.6741)  time: 1.0228  data: 0.0004  max mem: 31525
Epoch: [7]  [4880/5625]  eta: 0:12:44  lr: 0.000009  train_loss: 0.1646 (0.2236)  train_iou: 0.6668 (0.6742)  time: 1.0220  data: 0.0004  max mem: 31525
Epoch: [7]  [4900/5625]  eta: 0:12:24  lr: 0.000009  train_loss: 0.2024 (0.2237)  train_iou: 0.7174 (0.6742)  time: 1.0207  data: 0.0004  max mem: 31525
Epoch: [7]  [4920/5625]  eta: 0:12:03  lr: 0.000009  train_loss: 0.1559 (0.2236)  train_iou: 0.6470 (0.6741)  time: 1.0207  data: 0.0004  max mem: 31525
Epoch: [7]  [4940/5625]  eta: 0:11:43  lr: 0.000009  train_loss: 0.1607 (0.2234)  train_iou: 0.7299 (0.6744)  time: 1.1411  data: 0.0004  max mem: 31525
Epoch: [7]  [4960/5625]  eta: 0:11:22  lr: 0.000009  train_loss: 0.1636 (0.2234)  train_iou: 0.6592 (0.6744)  time: 1.0291  data: 0.0004  max mem: 31525
Epoch: [7]  [4980/5625]  eta: 0:11:02  lr: 0.000009  train_loss: 0.1461 (0.2232)  train_iou: 0.7474 (0.6745)  time: 1.0203  data: 0.0004  max mem: 31525
Epoch: [7]  [5000/5625]  eta: 0:10:41  lr: 0.000009  train_loss: 0.1909 (0.2232)  train_iou: 0.6880 (0.6744)  time: 1.0147  data: 0.0005  max mem: 31525
Epoch: [7]  [5020/5625]  eta: 0:10:21  lr: 0.000009  train_loss: 0.2297 (0.2233)  train_iou: 0.6634 (0.6744)  time: 1.0169  data: 0.0004  max mem: 31525
Epoch: [7]  [5040/5625]  eta: 0:10:00  lr: 0.000009  train_loss: 0.1601 (0.2232)  train_iou: 0.7097 (0.6746)  time: 1.0226  data: 0.0004  max mem: 31525
Epoch: [7]  [5060/5625]  eta: 0:09:40  lr: 0.000009  train_loss: 0.1806 (0.2231)  train_iou: 0.6785 (0.6747)  time: 1.0296  data: 0.0005  max mem: 31525
Epoch: [7]  [5080/5625]  eta: 0:09:19  lr: 0.000009  train_loss: 0.1895 (0.2230)  train_iou: 0.6891 (0.6747)  time: 1.0234  data: 0.0004  max mem: 31525
Epoch: [7]  [5100/5625]  eta: 0:08:59  lr: 0.000009  train_loss: 0.2156 (0.2230)  train_iou: 0.6395 (0.6747)  time: 1.0306  data: 0.0004  max mem: 31525
Epoch: [7]  [5120/5625]  eta: 0:08:38  lr: 0.000009  train_loss: 0.2349 (0.2231)  train_iou: 0.6486 (0.6746)  time: 1.0253  data: 0.0005  max mem: 31525
Epoch: [7]  [5140/5625]  eta: 0:08:18  lr: 0.000009  train_loss: 0.1492 (0.2230)  train_iou: 0.7470 (0.6747)  time: 1.0209  data: 0.0004  max mem: 31525
Epoch: [7]  [5160/5625]  eta: 0:07:57  lr: 0.000009  train_loss: 0.1433 (0.2230)  train_iou: 0.7453 (0.6749)  time: 1.0252  data: 0.0004  max mem: 31525
Epoch: [7]  [5180/5625]  eta: 0:07:36  lr: 0.000009  train_loss: 0.2180 (0.2231)  train_iou: 0.6993 (0.6750)  time: 1.0222  data: 0.0004  max mem: 31525
Epoch: [7]  [5200/5625]  eta: 0:07:16  lr: 0.000009  train_loss: 0.1611 (0.2232)  train_iou: 0.6532 (0.6750)  time: 1.0191  data: 0.0004  max mem: 31525
Epoch: [7]  [5220/5625]  eta: 0:06:55  lr: 0.000009  train_loss: 0.1616 (0.2233)  train_iou: 0.6453 (0.6749)  time: 1.0278  data: 0.0004  max mem: 31525
Epoch: [7]  [5240/5625]  eta: 0:06:35  lr: 0.000009  train_loss: 0.1824 (0.2232)  train_iou: 0.6905 (0.6750)  time: 1.0223  data: 0.0004  max mem: 31525
Epoch: [7]  [5260/5625]  eta: 0:06:14  lr: 0.000009  train_loss: 0.1341 (0.2230)  train_iou: 0.6542 (0.6751)  time: 1.0240  data: 0.0004  max mem: 31525
Epoch: [7]  [5280/5625]  eta: 0:05:54  lr: 0.000009  train_loss: 0.2048 (0.2230)  train_iou: 0.7031 (0.6751)  time: 1.0238  data: 0.0004  max mem: 31525
Epoch: [7]  [5300/5625]  eta: 0:05:33  lr: 0.000009  train_loss: 0.1830 (0.2229)  train_iou: 0.6665 (0.6752)  time: 1.0201  data: 0.0004  max mem: 31525
Epoch: [7]  [5320/5625]  eta: 0:05:13  lr: 0.000009  train_loss: 0.2215 (0.2230)  train_iou: 0.6655 (0.6751)  time: 1.0213  data: 0.0004  max mem: 31525
Epoch: [7]  [5340/5625]  eta: 0:04:52  lr: 0.000009  train_loss: 0.2239 (0.2231)  train_iou: 0.7165 (0.6753)  time: 1.0200  data: 0.0004  max mem: 31525
Epoch: [7]  [5360/5625]  eta: 0:04:32  lr: 0.000009  train_loss: 0.1954 (0.2231)  train_iou: 0.6569 (0.6752)  time: 1.0250  data: 0.0004  max mem: 31525
Epoch: [7]  [5380/5625]  eta: 0:04:11  lr: 0.000009  train_loss: 0.2003 (0.2232)  train_iou: 0.7369 (0.6753)  time: 1.0260  data: 0.0004  max mem: 31525
Epoch: [7]  [5400/5625]  eta: 0:03:50  lr: 0.000009  train_loss: 0.1739 (0.2231)  train_iou: 0.6611 (0.6753)  time: 1.0228  data: 0.0004  max mem: 31525
Epoch: [7]  [5420/5625]  eta: 0:03:30  lr: 0.000009  train_loss: 0.2389 (0.2232)  train_iou: 0.6129 (0.6751)  time: 1.0238  data: 0.0004  max mem: 31525
Epoch: [7]  [5440/5625]  eta: 0:03:09  lr: 0.000009  train_loss: 0.1676 (0.2233)  train_iou: 0.6815 (0.6752)  time: 1.0224  data: 0.0004  max mem: 31525
Epoch: [7]  [5460/5625]  eta: 0:02:49  lr: 0.000009  train_loss: 0.1532 (0.2232)  train_iou: 0.6863 (0.6752)  time: 1.0245  data: 0.0004  max mem: 31525
Epoch: [7]  [5480/5625]  eta: 0:02:28  lr: 0.000009  train_loss: 0.1686 (0.2232)  train_iou: 0.7329 (0.6753)  time: 1.0199  data: 0.0004  max mem: 31525
Epoch: [7]  [5500/5625]  eta: 0:02:08  lr: 0.000009  train_loss: 0.1920 (0.2232)  train_iou: 0.6593 (0.6753)  time: 1.0257  data: 0.0004  max mem: 31525
Epoch: [7]  [5520/5625]  eta: 0:01:47  lr: 0.000009  train_loss: 0.1941 (0.2232)  train_iou: 0.6625 (0.6752)  time: 1.0203  data: 0.0004  max mem: 31525
Epoch: [7]  [5540/5625]  eta: 0:01:27  lr: 0.000009  train_loss: 0.1867 (0.2231)  train_iou: 0.7157 (0.6754)  time: 1.0192  data: 0.0004  max mem: 31525
Epoch: [7]  [5560/5625]  eta: 0:01:06  lr: 0.000009  train_loss: 0.1661 (0.2230)  train_iou: 0.7043 (0.6755)  time: 1.0218  data: 0.0004  max mem: 31525
Epoch: [7]  [5580/5625]  eta: 0:00:46  lr: 0.000009  train_loss: 0.1266 (0.2227)  train_iou: 0.7548 (0.6757)  time: 1.0251  data: 0.0004  max mem: 31525
Epoch: [7]  [5600/5625]  eta: 0:00:25  lr: 0.000009  train_loss: 0.1295 (0.2226)  train_iou: 0.6683 (0.6759)  time: 1.0196  data: 0.0004  max mem: 31525
Epoch: [7]  [5620/5625]  eta: 0:00:05  lr: 0.000009  train_loss: 0.1785 (0.2226)  train_iou: 0.6439 (0.6757)  time: 0.9377  data: 0.0003  max mem: 31525
Epoch: [7]  [5624/5625]  eta: 0:00:01  lr: 0.000009  train_loss: 0.1904 (0.2226)  train_iou: 0.6244 (0.6757)  time: 0.9090  data: 0.0002  max mem: 31525
Epoch: [7] Total time: 1:36:12 (1.0263 s / it)
Averaged stats: lr: 0.000009  train_loss: 0.1904 (0.2226)  train_iou: 0.6244 (0.6757)
huggingface/tokenizers: The current process just got forked, after parallelism has already been used. Disabling parallelism to avoid deadlocks...
To disable this warning, you can either:
	- Avoid using `tokenizers` before the fork if possible
	- Explicitly set the environment variable TOKENIZERS_PARALLELISM=(true | false)
huggingface/tokenizers: The current process just got forked, after parallelism has already been used. Disabling parallelism to avoid deadlocks...
To disable this warning, you can either:
	- Avoid using `tokenizers` before the fork if possible
	- Explicitly set the environment variable TOKENIZERS_PARALLELISM=(true | false)
huggingface/tokenizers: The current process just got forked, after parallelism has already been used. Disabling parallelism to avoid deadlocks...
To disable this warning, you can either:
	- Avoid using `tokenizers` before the fork if possible
	- Explicitly set the environment variable TOKENIZERS_PARALLELISM=(true | false)
huggingface/tokenizers: The current process just got forked, after parallelism has already been used. Disabling parallelism to avoid deadlocks...
To disable this warning, you can either:
	- Avoid using `tokenizers` before the fork if possible
	- Explicitly set the environment variable TOKENIZERS_PARALLELISM=(true | false)
huggingface/tokenizers: The current process just got forked, after parallelism has already been used. Disabling parallelism to avoid deadlocks...
To disable this warning, you can either:
	- Avoid using `tokenizers` before the fork if possible
	- Explicitly set the environment variable TOKENIZERS_PARALLELISM=(true | false)
huggingface/tokenizers: The current process just got forked, after parallelism has already been used. Disabling parallelism to avoid deadlocks...
To disable this warning, you can either:
	- Avoid using `tokenizers` before the fork if possible
	- Explicitly set the environment variable TOKENIZERS_PARALLELISM=(true | false)
huggingface/tokenizers: The current process just got forked, after parallelism has already been used. Disabling parallelism to avoid deadlocks...
To disable this warning, you can either:
	- Avoid using `tokenizers` before the fork if possible
	- Explicitly set the environment variable TOKENIZERS_PARALLELISM=(true | false)
huggingface/tokenizers: The current process just got forked, after parallelism has already been used. Disabling parallelism to avoid deadlocks...
To disable this warning, you can either:
	- Avoid using `tokenizers` before the fork if possible
	- Explicitly set the environment variable TOKENIZERS_PARALLELISM=(true | false)
Test:  [   0/4000]  eta: 1:55:00  inter: 33277.0000 (33277.0000)  union: 36213.0000 (36213.0000)  iou: 0.9189 (0.9189)  time: 1.7251  data: 1.4771  max mem: 31525
Test:  [  50/4000]  eta: 0:15:07  inter: 13971.0000 (24533.1875)  union: 53949.0000 (49231.0781)  iou: 0.1966 (0.5070)  time: 0.2055  data: 0.0005  max mem: 31525
Test:  [ 100/4000]  eta: 0:14:12  inter: 23933.0000 (28154.2868)  union: 49026.0000 (46772.5809)  iou: 0.7860 (0.5967)  time: 0.2022  data: 0.0005  max mem: 31525
Test:  [ 150/4000]  eta: 0:13:49  inter: 18949.0000 (27344.8660)  union: 30182.0000 (43482.7177)  iou: 0.8499 (0.6228)  time: 0.2139  data: 0.0005  max mem: 31525
Test:  [ 200/4000]  eta: 0:13:24  inter: 34274.0000 (27918.5934)  union: 37528.0000 (42579.5201)  iou: 0.8155 (0.6352)  time: 0.1981  data: 0.0005  max mem: 31525
Test:  [ 250/4000]  eta: 0:13:01  inter: 15441.0000 (30082.7440)  union: 32677.0000 (44243.5422)  iou: 0.6546 (0.6330)  time: 0.1923  data: 0.0005  max mem: 31525
Test:  [ 300/4000]  eta: 0:12:50  inter: 22334.0000 (29642.3027)  union: 24632.0000 (43333.6402)  iou: 0.8736 (0.6293)  time: 0.2099  data: 0.0005  max mem: 31525
Test:  [ 350/4000]  eta: 0:12:42  inter: 8552.0000 (28558.9690)  union: 34726.0000 (43365.5434)  iou: 0.3716 (0.6160)  time: 0.2147  data: 0.0005  max mem: 31525
Test:  [ 400/4000]  eta: 0:12:33  inter: 30575.0000 (27888.2143)  union: 36264.0000 (42442.3589)  iou: 0.7395 (0.6137)  time: 0.2000  data: 0.0005  max mem: 31525
Test:  [ 450/4000]  eta: 0:12:21  inter: 18893.0000 (27778.2698)  union: 38879.0000 (42754.4000)  iou: 0.6994 (0.6125)  time: 0.2190  data: 0.0005  max mem: 31525
Test:  [ 500/4000]  eta: 0:12:08  inter: 17401.0000 (28679.6633)  union: 36372.0000 (43737.5086)  iou: 0.7675 (0.6144)  time: 0.1969  data: 0.0005  max mem: 31525
Test:  [ 550/4000]  eta: 0:12:00  inter: 23746.0000 (28736.4332)  union: 29163.0000 (43380.8432)  iou: 0.8646 (0.6227)  time: 0.2120  data: 0.0005  max mem: 31525
Test:  [ 600/4000]  eta: 0:11:48  inter: 10369.0000 (28713.1408)  union: 31241.0000 (43347.9172)  iou: 0.7994 (0.6195)  time: 0.2065  data: 0.0005  max mem: 31525
Test:  [ 650/4000]  eta: 0:11:35  inter: 30353.0000 (29240.0586)  union: 42327.0000 (43642.4906)  iou: 0.7292 (0.6202)  time: 0.1973  data: 0.0005  max mem: 31525
Test:  [ 700/4000]  eta: 0:11:23  inter: 17431.0000 (28844.2074)  union: 28815.0000 (43351.8368)  iou: 0.4151 (0.6147)  time: 0.1973  data: 0.0008  max mem: 31525
Test:  [ 750/4000]  eta: 0:11:15  inter: 27472.0000 (28632.4282)  union: 29783.0000 (43045.7735)  iou: 0.8408 (0.6149)  time: 0.2218  data: 0.0005  max mem: 31525
Test:  [ 800/4000]  eta: 0:11:03  inter: 26441.0000 (28348.5420)  union: 46937.0000 (42680.2652)  iou: 0.5970 (0.6137)  time: 0.2105  data: 0.0005  max mem: 31525
Test:  [ 850/4000]  eta: 0:10:54  inter: 22025.0000 (28370.0887)  union: 34041.0000 (42675.5347)  iou: 0.7991 (0.6139)  time: 0.1954  data: 0.0005  max mem: 31525
Test:  [ 900/4000]  eta: 0:10:43  inter: 16538.0000 (28493.1810)  union: 27214.0000 (43068.0206)  iou: 0.6142 (0.6098)  time: 0.1942  data: 0.0005  max mem: 31525
Test:  [ 950/4000]  eta: 0:10:32  inter: 24944.0000 (28657.5851)  union: 30684.0000 (43089.0113)  iou: 0.8572 (0.6096)  time: 0.2042  data: 0.0005  max mem: 31525
Test:  [1000/4000]  eta: 0:10:21  inter: 26790.0000 (28857.3820)  union: 37573.0000 (43300.9237)  iou: 0.7201 (0.6104)  time: 0.1945  data: 0.0005  max mem: 31525
Test:  [1050/4000]  eta: 0:10:10  inter: 28816.0000 (28956.3374)  union: 39157.0000 (43328.8694)  iou: 0.6792 (0.6116)  time: 0.2085  data: 0.0005  max mem: 31525
Test:  [1100/4000]  eta: 0:09:59  inter: 22321.0000 (28726.3906)  union: 30352.0000 (42999.0033)  iou: 0.7309 (0.6100)  time: 0.2036  data: 0.0005  max mem: 31525
Test:  [1150/4000]  eta: 0:09:50  inter: 14620.0000 (28816.5093)  union: 23837.0000 (42849.8852)  iou: 0.6395 (0.6138)  time: 0.2146  data: 0.0005  max mem: 31525
Test:  [1200/4000]  eta: 0:09:39  inter: 11545.0000 (28897.9162)  union: 29295.0000 (43120.3775)  iou: 0.7916 (0.6123)  time: 0.2079  data: 0.0005  max mem: 31525
Test:  [1250/4000]  eta: 0:09:30  inter: 9816.0000 (28615.9682)  union: 33461.0000 (42939.1244)  iou: 0.1574 (0.6100)  time: 0.2184  data: 0.0005  max mem: 31525
Test:  [1300/4000]  eta: 0:09:19  inter: 25068.0000 (28329.9443)  union: 36791.0000 (42652.1344)  iou: 0.6352 (0.6105)  time: 0.2084  data: 0.0005  max mem: 31525
Test:  [1350/4000]  eta: 0:09:09  inter: 26140.0000 (28361.5721)  union: 33851.0000 (42705.0321)  iou: 0.7840 (0.6109)  time: 0.2082  data: 0.0005  max mem: 31525
Test:  [1400/4000]  eta: 0:08:59  inter: 9927.0000 (28460.7444)  union: 12045.0000 (42972.3376)  iou: 0.7571 (0.6083)  time: 0.2080  data: 0.0005  max mem: 31525
Test:  [1450/4000]  eta: 0:08:49  inter: 15839.0000 (28285.4939)  union: 45963.0000 (42835.1932)  iou: 0.4406 (0.6062)  time: 0.2044  data: 0.0005  max mem: 31525
Test:  [1500/4000]  eta: 0:08:38  inter: 18871.0000 (28323.9470)  union: 37406.0000 (42924.6320)  iou: 0.5653 (0.6042)  time: 0.2033  data: 0.0005  max mem: 31525
Test:  [1550/4000]  eta: 0:08:28  inter: 22264.0000 (28199.4918)  union: 30263.0000 (42849.7372)  iou: 0.7505 (0.6049)  time: 0.2218  data: 0.0005  max mem: 31525
Test:  [1600/4000]  eta: 0:08:18  inter: 13231.0000 (28137.7519)  union: 39174.0000 (42874.2644)  iou: 0.7702 (0.6026)  time: 0.2248  data: 0.0005  max mem: 31525
Test:  [1650/4000]  eta: 0:08:07  inter: 18670.0000 (28113.7346)  union: 35007.0000 (42891.5356)  iou: 0.5251 (0.6008)  time: 0.2034  data: 0.0005  max mem: 31525
Test:  [1700/4000]  eta: 0:07:57  inter: 16771.0000 (28079.7209)  union: 39122.0000 (43004.0401)  iou: 0.7215 (0.5992)  time: 0.2035  data: 0.0005  max mem: 31525
Test:  [1750/4000]  eta: 0:07:46  inter: 25715.0000 (27983.6066)  union: 39658.0000 (42898.6645)  iou: 0.8216 (0.5983)  time: 0.2191  data: 0.0005  max mem: 31525
Test:  [1800/4000]  eta: 0:07:36  inter: 14903.0000 (27850.2799)  union: 41490.0000 (42922.3695)  iou: 0.6820 (0.5975)  time: 0.2196  data: 0.0005  max mem: 31525
Test:  [1850/4000]  eta: 0:07:25  inter: 634.0000 (27830.0352)  union: 34305.0000 (43112.6912)  iou: 0.3994 (0.5955)  time: 0.2062  data: 0.0005  max mem: 31525
Test:  [1900/4000]  eta: 0:07:15  inter: 22984.0000 (27717.7879)  union: 54801.0000 (43100.4704)  iou: 0.4902 (0.5945)  time: 0.2121  data: 0.0005  max mem: 31525
Test:  [1950/4000]  eta: 0:07:05  inter: 12086.0000 (27762.9428)  union: 17067.0000 (43090.6577)  iou: 0.7025 (0.5953)  time: 0.2064  data: 0.0005  max mem: 31525
Test:  [2000/4000]  eta: 0:06:55  inter: 15231.0000 (27716.3481)  union: 22329.0000 (42992.9203)  iou: 0.7063 (0.5954)  time: 0.1951  data: 0.0005  max mem: 31525
Test:  [2050/4000]  eta: 0:06:44  inter: 7306.0000 (27612.6399)  union: 52700.0000 (43143.0544)  iou: 0.2306 (0.5925)  time: 0.2304  data: 0.0005  max mem: 31525
Test:  [2100/4000]  eta: 0:06:34  inter: 16374.0000 (27578.5128)  union: 36586.0000 (43062.1204)  iou: 0.7815 (0.5923)  time: 0.1959  data: 0.0005  max mem: 31525
Test:  [2150/4000]  eta: 0:06:23  inter: 16518.0000 (27579.4252)  union: 30226.0000 (43133.0102)  iou: 0.8178 (0.5914)  time: 0.2001  data: 0.0005  max mem: 31525
Test:  [2200/4000]  eta: 0:06:13  inter: 12948.0000 (27513.6583)  union: 20714.0000 (42971.1705)  iou: 0.6987 (0.5916)  time: 0.2080  data: 0.0005  max mem: 31525
Test:  [2250/4000]  eta: 0:06:02  inter: 19323.0000 (27366.3537)  union: 37578.0000 (42842.7675)  iou: 0.7607 (0.5903)  time: 0.1951  data: 0.0005  max mem: 31525
Test:  [2300/4000]  eta: 0:05:52  inter: 35303.0000 (27447.8727)  union: 42669.0000 (42833.4666)  iou: 0.6488 (0.5921)  time: 0.2101  data: 0.0005  max mem: 31525
Test:  [2350/4000]  eta: 0:05:42  inter: 15316.0000 (27344.5218)  union: 37402.0000 (42751.6347)  iou: 0.8041 (0.5923)  time: 0.2177  data: 0.0005  max mem: 31525
Test:  [2400/4000]  eta: 0:05:32  inter: 10398.0000 (27337.5056)  union: 33048.0000 (42686.0613)  iou: 0.2272 (0.5921)  time: 0.2179  data: 0.0005  max mem: 31525
Test:  [2450/4000]  eta: 0:05:21  inter: 28431.0000 (27456.3351)  union: 32996.0000 (42713.3122)  iou: 0.8868 (0.5947)  time: 0.1905  data: 0.0005  max mem: 31525
Test:  [2500/4000]  eta: 0:05:10  inter: 25021.0000 (27420.5766)  union: 38575.0000 (42689.9394)  iou: 0.8683 (0.5947)  time: 0.1941  data: 0.0005  max mem: 31525
Test:  [2550/4000]  eta: 0:05:00  inter: 29562.0000 (27562.4063)  union: 33216.0000 (42793.3267)  iou: 0.8273 (0.5956)  time: 0.2209  data: 0.0005  max mem: 31525
Test:  [2600/4000]  eta: 0:04:50  inter: 21687.0000 (27484.7268)  union: 34689.0000 (42840.4765)  iou: 0.4490 (0.5941)  time: 0.2116  data: 0.0005  max mem: 31525
Test:  [2650/4000]  eta: 0:04:39  inter: 16301.0000 (27536.4425)  union: 34402.0000 (43082.9431)  iou: 0.8909 (0.5929)  time: 0.2118  data: 0.0005  max mem: 31525
Test:  [2700/4000]  eta: 0:04:29  inter: 23558.0000 (27646.3019)  union: 30529.0000 (43142.4799)  iou: 0.8627 (0.5941)  time: 0.2031  data: 0.0005  max mem: 31525
Test:  [2750/4000]  eta: 0:04:19  inter: 23296.0000 (27682.4726)  union: 32071.0000 (43218.3748)  iou: 0.8612 (0.5932)  time: 0.2007  data: 0.0005  max mem: 31525
Test:  [2800/4000]  eta: 0:04:08  inter: 14721.0000 (27620.5721)  union: 30582.0000 (43081.9135)  iou: 0.7926 (0.5932)  time: 0.2034  data: 0.0005  max mem: 31525
Test:  [2850/4000]  eta: 0:03:58  inter: 12460.0000 (27740.7084)  union: 38397.0000 (43200.4255)  iou: 0.7006 (0.5927)  time: 0.2006  data: 0.0005  max mem: 31525
Test:  [2900/4000]  eta: 0:03:48  inter: 18004.0000 (27744.1655)  union: 26072.0000 (43259.5933)  iou: 0.7918 (0.5920)  time: 0.1974  data: 0.0005  max mem: 31525
Test:  [2950/4000]  eta: 0:03:37  inter: 21550.0000 (27754.2851)  union: 26547.0000 (43264.6623)  iou: 0.5151 (0.5915)  time: 0.1967  data: 0.0005  max mem: 31525
Test:  [3000/4000]  eta: 0:03:27  inter: 10581.0000 (27697.1529)  union: 32747.0000 (43250.6592)  iou: 0.5251 (0.5904)  time: 0.2178  data: 0.0005  max mem: 31525
Test:  [3050/4000]  eta: 0:03:17  inter: 18226.0000 (27719.6928)  union: 31360.0000 (43433.8275)  iou: 0.4844 (0.5902)  time: 0.2061  data: 0.0005  max mem: 31525
Test:  [3100/4000]  eta: 0:03:06  inter: 17994.0000 (27691.6592)  union: 46502.0000 (43385.6233)  iou: 0.4653 (0.5902)  time: 0.2055  data: 0.0005  max mem: 31525
Test:  [3150/4000]  eta: 0:02:56  inter: 14704.0000 (27581.4979)  union: 21610.0000 (43291.2638)  iou: 0.5174 (0.5892)  time: 0.2073  data: 0.0005  max mem: 31525
Test:  [3200/4000]  eta: 0:02:45  inter: 14013.0000 (27623.5718)  union: 40896.0000 (43323.8075)  iou: 0.5833 (0.5896)  time: 0.1988  data: 0.0005  max mem: 31525
Test:  [3250/4000]  eta: 0:02:35  inter: 11580.0000 (27551.5914)  union: 25878.0000 (43261.3838)  iou: 0.7512 (0.5883)  time: 0.2062  data: 0.0005  max mem: 31525
Test:  [3300/4000]  eta: 0:02:25  inter: 35493.0000 (27659.9103)  union: 48770.0000 (43392.4177)  iou: 0.8239 (0.5880)  time: 0.2210  data: 0.0005  max mem: 31525
Test:  [3350/4000]  eta: 0:02:14  inter: 9483.0000 (27640.9018)  union: 12693.0000 (43391.0017)  iou: 0.7645 (0.5882)  time: 0.1916  data: 0.0005  max mem: 31525
Test:  [3400/4000]  eta: 0:02:04  inter: 28026.0000 (27751.8064)  union: 37198.0000 (43426.9466)  iou: 0.8627 (0.5895)  time: 0.2159  data: 0.0005  max mem: 31525
Test:  [3450/4000]  eta: 0:01:53  inter: 19547.0000 (27745.3245)  union: 29186.0000 (43410.3027)  iou: 0.7657 (0.5892)  time: 0.2011  data: 0.0005  max mem: 31525
Test:  [3500/4000]  eta: 0:01:43  inter: 16763.0000 (27703.2646)  union: 21476.0000 (43342.7782)  iou: 0.8027 (0.5893)  time: 0.1971  data: 0.0005  max mem: 31525
Test:  [3550/4000]  eta: 0:01:33  inter: 29776.0000 (27697.9972)  union: 36960.0000 (43353.5280)  iou: 0.7601 (0.5884)  time: 0.1954  data: 0.0005  max mem: 31525
Test:  [3600/4000]  eta: 0:01:22  inter: 21207.0000 (27660.8618)  union: 31503.0000 (43324.3999)  iou: 0.8611 (0.5873)  time: 0.2004  data: 0.0005  max mem: 31525
Test:  [3650/4000]  eta: 0:01:12  inter: 27571.0000 (27642.9521)  union: 38826.0000 (43299.6437)  iou: 0.8431 (0.5874)  time: 0.2258  data: 0.0005  max mem: 31525
Test:  [3700/4000]  eta: 0:01:02  inter: 26553.0000 (27731.1774)  union: 36163.0000 (43321.5740)  iou: 0.8336 (0.5881)  time: 0.2019  data: 0.0005  max mem: 31525
Test:  [3750/4000]  eta: 0:00:51  inter: 30414.0000 (27787.4115)  union: 50297.0000 (43396.2466)  iou: 0.6948 (0.5889)  time: 0.1996  data: 0.0005  max mem: 31525
Test:  [3800/4000]  eta: 0:00:41  inter: 22894.0000 (27796.7206)  union: 30170.0000 (43443.2417)  iou: 0.5969 (0.5891)  time: 0.1912  data: 0.0005  max mem: 31525
Test:  [3850/4000]  eta: 0:00:31  inter: 18643.0000 (27785.4512)  union: 33052.0000 (43445.5599)  iou: 0.8766 (0.5890)  time: 0.2022  data: 0.0005  max mem: 31525
Test:  [3900/4000]  eta: 0:00:20  inter: 18858.0000 (27824.4178)  union: 36075.0000 (43506.0381)  iou: 0.6992 (0.5887)  time: 0.2043  data: 0.0005  max mem: 31525
Test:  [3950/4000]  eta: 0:00:10  inter: 17561.0000 (27781.9290)  union: 38439.0000 (43458.7881)  iou: 0.7376 (0.5888)  time: 0.1977  data: 0.0005  max mem: 31525
Test:  [3999/4000]  eta: 0:00:00  inter: 16206.0000 (27734.3121)  union: 30832.0000 (43353.4620)  iou: 0.7291 (0.5898)  time: 0.1811  data: 0.0002  max mem: 31525
Test: Total time: 0:13:49 (0.2074 s / it)
* IoU 0.590 oIoU 0.640
IoU of the network on the 4000 test images: 0.6%
Max IoU: 0.61%
huggingface/tokenizers: The current process just got forked, after parallelism has already been used. Disabling parallelism to avoid deadlocks...
To disable this warning, you can either:
	- Avoid using `tokenizers` before the fork if possible
	- Explicitly set the environment variable TOKENIZERS_PARALLELISM=(true | false)
huggingface/tokenizers: The current process just got forked, after parallelism has already been used. Disabling parallelism to avoid deadlocks...
To disable this warning, you can either:
	- Avoid using `tokenizers` before the fork if possible
	- Explicitly set the environment variable TOKENIZERS_PARALLELISM=(true | false)
huggingface/tokenizers: The current process just got forked, after parallelism has already been used. Disabling parallelism to avoid deadlocks...
To disable this warning, you can either:
	- Avoid using `tokenizers` before the fork if possible
	- Explicitly set the environment variable TOKENIZERS_PARALLELISM=(true | false)
huggingface/tokenizers: The current process just got forked, after parallelism has already been used. Disabling parallelism to avoid deadlocks...
To disable this warning, you can either:
	- Avoid using `tokenizers` before the fork if possible
	- Explicitly set the environment variable TOKENIZERS_PARALLELISM=(true | false)
huggingface/tokenizers: The current process just got forked, after parallelism has already been used. Disabling parallelism to avoid deadlocks...
To disable this warning, you can either:
	- Avoid using `tokenizers` before the fork if possible
	- Explicitly set the environment variable TOKENIZERS_PARALLELISM=(true | false)
huggingface/tokenizers: The current process just got forked, after parallelism has already been used. Disabling parallelism to avoid deadlocks...
To disable this warning, you can either:
	- Avoid using `tokenizers` before the fork if possible
	- Explicitly set the environment variable TOKENIZERS_PARALLELISM=(true | false)
huggingface/tokenizers: The current process just got forked, after parallelism has already been used. Disabling parallelism to avoid deadlocks...
To disable this warning, you can either:
	- Avoid using `tokenizers` before the fork if possible
	- Explicitly set the environment variable TOKENIZERS_PARALLELISM=(true | false)
huggingface/tokenizers: The current process just got forked, after parallelism has already been used. Disabling parallelism to avoid deadlocks...
To disable this warning, you can either:
	- Avoid using `tokenizers` before the fork if possible
	- Explicitly set the environment variable TOKENIZERS_PARALLELISM=(true | false)
Epoch: [8]  [   0/5625]  eta: 8:20:59  lr: 0.000009  train_loss: 0.1473 (0.1473)  train_iou: 0.6523 (0.6523)  time: 5.3439  data: 3.6213  max mem: 31525
Epoch: [8]  [  20/5625]  eta: 1:54:08  lr: 0.000009  train_loss: 0.1289 (0.1983)  train_iou: 0.7364 (0.7165)  time: 1.0157  data: 0.0005  max mem: 31525
Epoch: [8]  [  40/5625]  eta: 1:44:27  lr: 0.000009  train_loss: 0.1896 (0.2526)  train_iou: 0.6296 (0.6784)  time: 1.0175  data: 0.0005  max mem: 31525
Epoch: [8]  [  60/5625]  eta: 1:40:59  lr: 0.000009  train_loss: 0.1837 (0.2346)  train_iou: 0.6735 (0.6751)  time: 1.0206  data: 0.0005  max mem: 31525
Epoch: [8]  [  80/5625]  eta: 1:39:09  lr: 0.000009  train_loss: 0.1765 (0.2364)  train_iou: 0.6270 (0.6663)  time: 1.0246  data: 0.0005  max mem: 31525
Epoch: [8]  [ 100/5625]  eta: 1:37:55  lr: 0.000009  train_loss: 0.1639 (0.2295)  train_iou: 0.6353 (0.6650)  time: 1.0245  data: 0.0005  max mem: 31525
Epoch: [8]  [ 120/5625]  eta: 1:36:56  lr: 0.000009  train_loss: 0.1578 (0.2265)  train_iou: 0.6208 (0.6604)  time: 1.0218  data: 0.0005  max mem: 31525
Epoch: [8]  [ 140/5625]  eta: 1:36:09  lr: 0.000009  train_loss: 0.1892 (0.2252)  train_iou: 0.6446 (0.6595)  time: 1.0231  data: 0.0005  max mem: 31525
Epoch: [8]  [ 160/5625]  eta: 1:35:33  lr: 0.000009  train_loss: 0.1992 (0.2264)  train_iou: 0.6914 (0.6648)  time: 1.0304  data: 0.0004  max mem: 31525
Epoch: [8]  [ 180/5625]  eta: 1:34:57  lr: 0.000009  train_loss: 0.1875 (0.2254)  train_iou: 0.6325 (0.6649)  time: 1.0245  data: 0.0005  max mem: 31525
Epoch: [8]  [ 200/5625]  eta: 1:34:22  lr: 0.000009  train_loss: 0.1795 (0.2230)  train_iou: 0.6978 (0.6675)  time: 1.0203  data: 0.0006  max mem: 31525
Epoch: [8]  [ 220/5625]  eta: 1:33:48  lr: 0.000009  train_loss: 0.1795 (0.2207)  train_iou: 0.6961 (0.6700)  time: 1.0162  data: 0.0004  max mem: 31525
Epoch: [8]  [ 240/5625]  eta: 1:33:17  lr: 0.000009  train_loss: 0.2265 (0.2228)  train_iou: 0.6544 (0.6685)  time: 1.0192  data: 0.0004  max mem: 31525
Epoch: [8]  [ 260/5625]  eta: 1:32:50  lr: 0.000009  train_loss: 0.1698 (0.2207)  train_iou: 0.7099 (0.6718)  time: 1.0251  data: 0.0005  max mem: 31525
Epoch: [8]  [ 280/5625]  eta: 1:32:23  lr: 0.000009  train_loss: 0.1404 (0.2184)  train_iou: 0.7100 (0.6744)  time: 1.0204  data: 0.0005  max mem: 31525
Epoch: [8]  [ 300/5625]  eta: 1:31:54  lr: 0.000009  train_loss: 0.1380 (0.2180)  train_iou: 0.6266 (0.6731)  time: 1.0155  data: 0.0005  max mem: 31525
Epoch: [8]  [ 320/5625]  eta: 1:31:30  lr: 0.000009  train_loss: 0.1870 (0.2194)  train_iou: 0.6652 (0.6726)  time: 1.0247  data: 0.0005  max mem: 31525
Epoch: [8]  [ 340/5625]  eta: 1:31:08  lr: 0.000009  train_loss: 0.1485 (0.2169)  train_iou: 0.6781 (0.6735)  time: 1.0290  data: 0.0004  max mem: 31525
Epoch: [8]  [ 360/5625]  eta: 1:30:44  lr: 0.000009  train_loss: 0.2101 (0.2196)  train_iou: 0.6494 (0.6742)  time: 1.0261  data: 0.0005  max mem: 31525
Epoch: [8]  [ 380/5625]  eta: 1:30:20  lr: 0.000009  train_loss: 0.1552 (0.2197)  train_iou: 0.7376 (0.6755)  time: 1.0201  data: 0.0005  max mem: 31525
Epoch: [8]  [ 400/5625]  eta: 1:29:55  lr: 0.000009  train_loss: 0.1932 (0.2190)  train_iou: 0.7034 (0.6763)  time: 1.0179  data: 0.0004  max mem: 31525
Epoch: [8]  [ 420/5625]  eta: 1:29:31  lr: 0.000009  train_loss: 0.1933 (0.2200)  train_iou: 0.6892 (0.6766)  time: 1.0189  data: 0.0004  max mem: 31525
Epoch: [8]  [ 440/5625]  eta: 1:29:08  lr: 0.000009  train_loss: 0.1452 (0.2186)  train_iou: 0.7322 (0.6789)  time: 1.0198  data: 0.0004  max mem: 31525
Epoch: [8]  [ 460/5625]  eta: 1:28:45  lr: 0.000009  train_loss: 0.1518 (0.2177)  train_iou: 0.6561 (0.6787)  time: 1.0249  data: 0.0004  max mem: 31525
Epoch: [8]  [ 480/5625]  eta: 1:28:24  lr: 0.000009  train_loss: 0.1512 (0.2160)  train_iou: 0.7328 (0.6805)  time: 1.0254  data: 0.0005  max mem: 31525
Epoch: [8]  [ 500/5625]  eta: 1:28:01  lr: 0.000009  train_loss: 0.1770 (0.2157)  train_iou: 0.7067 (0.6820)  time: 1.0198  data: 0.0005  max mem: 31525
Epoch: [8]  [ 520/5625]  eta: 1:27:37  lr: 0.000009  train_loss: 0.1978 (0.2169)  train_iou: 0.6858 (0.6821)  time: 1.0165  data: 0.0004  max mem: 31525
Epoch: [8]  [ 540/5625]  eta: 1:27:17  lr: 0.000009  train_loss: 0.1556 (0.2170)  train_iou: 0.6654 (0.6821)  time: 1.0310  data: 0.0004  max mem: 31525
Epoch: [8]  [ 560/5625]  eta: 1:26:56  lr: 0.000009  train_loss: 0.2362 (0.2181)  train_iou: 0.6737 (0.6818)  time: 1.0278  data: 0.0005  max mem: 31525
Epoch: [8]  [ 580/5625]  eta: 1:26:36  lr: 0.000009  train_loss: 0.1263 (0.2167)  train_iou: 0.7223 (0.6827)  time: 1.0328  data: 0.0004  max mem: 31525
Epoch: [8]  [ 600/5625]  eta: 1:26:14  lr: 0.000009  train_loss: 0.1516 (0.2159)  train_iou: 0.6760 (0.6820)  time: 1.0232  data: 0.0004  max mem: 31525
Epoch: [8]  [ 620/5625]  eta: 1:25:52  lr: 0.000009  train_loss: 0.2193 (0.2161)  train_iou: 0.6456 (0.6808)  time: 1.0205  data: 0.0004  max mem: 31525
Epoch: [8]  [ 640/5625]  eta: 1:25:32  lr: 0.000009  train_loss: 0.1713 (0.2154)  train_iou: 0.7670 (0.6818)  time: 1.0304  data: 0.0004  max mem: 31525
Epoch: [8]  [ 660/5625]  eta: 1:25:11  lr: 0.000009  train_loss: 0.1734 (0.2160)  train_iou: 0.6526 (0.6816)  time: 1.0287  data: 0.0004  max mem: 31525
Epoch: [8]  [ 680/5625]  eta: 1:24:50  lr: 0.000009  train_loss: 0.1374 (0.2146)  train_iou: 0.6856 (0.6822)  time: 1.0290  data: 0.0004  max mem: 31525
Epoch: [8]  [ 700/5625]  eta: 1:24:28  lr: 0.000009  train_loss: 0.1755 (0.2142)  train_iou: 0.7181 (0.6821)  time: 1.0215  data: 0.0004  max mem: 31525
Epoch: [8]  [ 720/5625]  eta: 1:24:07  lr: 0.000009  train_loss: 0.1777 (0.2148)  train_iou: 0.6715 (0.6822)  time: 1.0238  data: 0.0005  max mem: 31525
Epoch: [8]  [ 740/5625]  eta: 1:23:46  lr: 0.000009  train_loss: 0.1493 (0.2145)  train_iou: 0.7017 (0.6829)  time: 1.0216  data: 0.0005  max mem: 31525
Epoch: [8]  [ 760/5625]  eta: 1:23:24  lr: 0.000009  train_loss: 0.1563 (0.2140)  train_iou: 0.6612 (0.6821)  time: 1.0182  data: 0.0004  max mem: 31525
Epoch: [8]  [ 780/5625]  eta: 1:23:19  lr: 0.000009  train_loss: 0.1969 (0.2145)  train_iou: 0.6834 (0.6811)  time: 1.1552  data: 0.0004  max mem: 31525
Epoch: [8]  [ 800/5625]  eta: 1:22:56  lr: 0.000009  train_loss: 0.1271 (0.2136)  train_iou: 0.7383 (0.6820)  time: 1.0149  data: 0.0004  max mem: 31525
Epoch: [8]  [ 820/5625]  eta: 1:22:35  lr: 0.000009  train_loss: 0.1476 (0.2126)  train_iou: 0.7125 (0.6823)  time: 1.0244  data: 0.0004  max mem: 31525
Epoch: [8]  [ 840/5625]  eta: 1:22:13  lr: 0.000009  train_loss: 0.1608 (0.2125)  train_iou: 0.6645 (0.6820)  time: 1.0197  data: 0.0004  max mem: 31525
Epoch: [8]  [ 860/5625]  eta: 1:21:51  lr: 0.000009  train_loss: 0.1292 (0.2118)  train_iou: 0.6758 (0.6827)  time: 1.0242  data: 0.0004  max mem: 31525
Epoch: [8]  [ 880/5625]  eta: 1:21:30  lr: 0.000009  train_loss: 0.2393 (0.2128)  train_iou: 0.6524 (0.6820)  time: 1.0249  data: 0.0004  max mem: 31525
Epoch: [8]  [ 900/5625]  eta: 1:21:08  lr: 0.000009  train_loss: 0.1457 (0.2127)  train_iou: 0.7181 (0.6826)  time: 1.0168  data: 0.0004  max mem: 31525
Epoch: [8]  [ 920/5625]  eta: 1:20:46  lr: 0.000009  train_loss: 0.1999 (0.2128)  train_iou: 0.7240 (0.6831)  time: 1.0163  data: 0.0004  max mem: 31525
Epoch: [8]  [ 940/5625]  eta: 1:20:24  lr: 0.000009  train_loss: 0.1762 (0.2122)  train_iou: 0.6553 (0.6824)  time: 1.0209  data: 0.0004  max mem: 31525
Epoch: [8]  [ 960/5625]  eta: 1:20:03  lr: 0.000009  train_loss: 0.1778 (0.2127)  train_iou: 0.6975 (0.6830)  time: 1.0183  data: 0.0004  max mem: 31525
Epoch: [8]  [ 980/5625]  eta: 1:19:42  lr: 0.000009  train_loss: 0.1683 (0.2131)  train_iou: 0.6665 (0.6824)  time: 1.0248  data: 0.0004  max mem: 31525
Epoch: [8]  [1000/5625]  eta: 1:19:21  lr: 0.000009  train_loss: 0.1768 (0.2127)  train_iou: 0.6938 (0.6829)  time: 1.0250  data: 0.0004  max mem: 31525
Epoch: [8]  [1020/5625]  eta: 1:18:59  lr: 0.000009  train_loss: 0.1668 (0.2123)  train_iou: 0.6811 (0.6832)  time: 1.0222  data: 0.0005  max mem: 31525
Epoch: [8]  [1040/5625]  eta: 1:18:38  lr: 0.000009  train_loss: 0.1652 (0.2118)  train_iou: 0.7181 (0.6833)  time: 1.0210  data: 0.0004  max mem: 31525
Epoch: [8]  [1060/5625]  eta: 1:18:18  lr: 0.000009  train_loss: 0.1545 (0.2119)  train_iou: 0.7126 (0.6838)  time: 1.0304  data: 0.0004  max mem: 31525
Epoch: [8]  [1080/5625]  eta: 1:17:57  lr: 0.000009  train_loss: 0.1589 (0.2117)  train_iou: 0.6606 (0.6833)  time: 1.0268  data: 0.0004  max mem: 31525
Epoch: [8]  [1100/5625]  eta: 1:17:35  lr: 0.000009  train_loss: 0.1845 (0.2116)  train_iou: 0.6649 (0.6831)  time: 1.0192  data: 0.0004  max mem: 31525
Epoch: [8]  [1120/5625]  eta: 1:17:14  lr: 0.000009  train_loss: 0.1539 (0.2114)  train_iou: 0.6430 (0.6826)  time: 1.0191  data: 0.0004  max mem: 31525
Epoch: [8]  [1140/5625]  eta: 1:16:53  lr: 0.000009  train_loss: 0.1776 (0.2115)  train_iou: 0.7138 (0.6824)  time: 1.0202  data: 0.0005  max mem: 31525
Epoch: [8]  [1160/5625]  eta: 1:16:31  lr: 0.000009  train_loss: 0.2076 (0.2121)  train_iou: 0.6829 (0.6819)  time: 1.0181  data: 0.0004  max mem: 31525
Epoch: [8]  [1180/5625]  eta: 1:16:11  lr: 0.000009  train_loss: 0.1700 (0.2123)  train_iou: 0.6698 (0.6817)  time: 1.0243  data: 0.0004  max mem: 31525
Epoch: [8]  [1200/5625]  eta: 1:15:50  lr: 0.000009  train_loss: 0.2695 (0.2136)  train_iou: 0.6424 (0.6813)  time: 1.0312  data: 0.0005  max mem: 31525
Epoch: [8]  [1220/5625]  eta: 1:15:30  lr: 0.000009  train_loss: 0.1614 (0.2132)  train_iou: 0.6609 (0.6807)  time: 1.0289  data: 0.0004  max mem: 31525
Epoch: [8]  [1240/5625]  eta: 1:15:09  lr: 0.000009  train_loss: 0.1735 (0.2131)  train_iou: 0.6732 (0.6808)  time: 1.0209  data: 0.0004  max mem: 31525
Epoch: [8]  [1260/5625]  eta: 1:14:48  lr: 0.000009  train_loss: 0.1409 (0.2122)  train_iou: 0.7435 (0.6814)  time: 1.0303  data: 0.0004  max mem: 31525
Epoch: [8]  [1280/5625]  eta: 1:14:27  lr: 0.000009  train_loss: 0.1315 (0.2117)  train_iou: 0.7058 (0.6817)  time: 1.0191  data: 0.0004  max mem: 31525
Epoch: [8]  [1300/5625]  eta: 1:14:06  lr: 0.000009  train_loss: 0.1603 (0.2116)  train_iou: 0.6356 (0.6812)  time: 1.0186  data: 0.0004  max mem: 31525
Epoch: [8]  [1320/5625]  eta: 1:13:45  lr: 0.000009  train_loss: 0.1319 (0.2110)  train_iou: 0.6830 (0.6812)  time: 1.0271  data: 0.0004  max mem: 31525
Epoch: [8]  [1340/5625]  eta: 1:13:24  lr: 0.000009  train_loss: 0.1948 (0.2111)  train_iou: 0.6441 (0.6803)  time: 1.0232  data: 0.0004  max mem: 31525
Epoch: [8]  [1360/5625]  eta: 1:13:04  lr: 0.000009  train_loss: 0.1804 (0.2110)  train_iou: 0.6617 (0.6804)  time: 1.0355  data: 0.0004  max mem: 31525
Epoch: [8]  [1380/5625]  eta: 1:12:44  lr: 0.000009  train_loss: 0.1501 (0.2106)  train_iou: 0.7056 (0.6807)  time: 1.0310  data: 0.0004  max mem: 31525
Epoch: [8]  [1400/5625]  eta: 1:12:23  lr: 0.000009  train_loss: 0.1248 (0.2101)  train_iou: 0.7347 (0.6811)  time: 1.0248  data: 0.0005  max mem: 31525
Epoch: [8]  [1420/5625]  eta: 1:12:03  lr: 0.000009  train_loss: 0.2124 (0.2104)  train_iou: 0.6453 (0.6807)  time: 1.0282  data: 0.0004  max mem: 31525
Epoch: [8]  [1440/5625]  eta: 1:11:42  lr: 0.000009  train_loss: 0.1980 (0.2105)  train_iou: 0.6450 (0.6803)  time: 1.0342  data: 0.0005  max mem: 31525
Epoch: [8]  [1460/5625]  eta: 1:11:22  lr: 0.000009  train_loss: 0.1410 (0.2100)  train_iou: 0.6594 (0.6801)  time: 1.0283  data: 0.0005  max mem: 31525
Epoch: [8]  [1480/5625]  eta: 1:11:00  lr: 0.000009  train_loss: 0.1717 (0.2099)  train_iou: 0.6534 (0.6800)  time: 1.0149  data: 0.0004  max mem: 31525
Epoch: [8]  [1500/5625]  eta: 1:10:39  lr: 0.000009  train_loss: 0.2634 (0.2106)  train_iou: 0.6535 (0.6797)  time: 1.0173  data: 0.0004  max mem: 31525
Epoch: [8]  [1520/5625]  eta: 1:10:18  lr: 0.000009  train_loss: 0.2216 (0.2105)  train_iou: 0.6570 (0.6795)  time: 1.0218  data: 0.0005  max mem: 31525
Epoch: [8]  [1540/5625]  eta: 1:09:58  lr: 0.000009  train_loss: 0.1694 (0.2105)  train_iou: 0.6689 (0.6794)  time: 1.0210  data: 0.0004  max mem: 31525
Epoch: [8]  [1560/5625]  eta: 1:09:37  lr: 0.000009  train_loss: 0.1949 (0.2107)  train_iou: 0.7171 (0.6795)  time: 1.0210  data: 0.0004  max mem: 31525
Epoch: [8]  [1580/5625]  eta: 1:09:16  lr: 0.000009  train_loss: 0.1665 (0.2109)  train_iou: 0.6778 (0.6792)  time: 1.0322  data: 0.0005  max mem: 31525
Epoch: [8]  [1600/5625]  eta: 1:08:56  lr: 0.000009  train_loss: 0.1874 (0.2109)  train_iou: 0.6979 (0.6793)  time: 1.0325  data: 0.0004  max mem: 31525
Epoch: [8]  [1620/5625]  eta: 1:08:35  lr: 0.000009  train_loss: 0.2844 (0.2117)  train_iou: 0.6665 (0.6788)  time: 1.0231  data: 0.0004  max mem: 31525
Epoch: [8]  [1640/5625]  eta: 1:08:14  lr: 0.000009  train_loss: 0.1203 (0.2114)  train_iou: 0.6790 (0.6788)  time: 1.0194  data: 0.0004  max mem: 31525
Epoch: [8]  [1660/5625]  eta: 1:07:54  lr: 0.000009  train_loss: 0.1816 (0.2112)  train_iou: 0.6823 (0.6789)  time: 1.0319  data: 0.0005  max mem: 31525
Epoch: [8]  [1680/5625]  eta: 1:07:33  lr: 0.000009  train_loss: 0.1469 (0.2111)  train_iou: 0.7161 (0.6791)  time: 1.0241  data: 0.0004  max mem: 31525
Epoch: [8]  [1700/5625]  eta: 1:07:13  lr: 0.000009  train_loss: 0.1414 (0.2108)  train_iou: 0.7181 (0.6794)  time: 1.0286  data: 0.0005  max mem: 31525
Epoch: [8]  [1720/5625]  eta: 1:06:52  lr: 0.000009  train_loss: 0.1819 (0.2107)  train_iou: 0.6448 (0.6790)  time: 1.0267  data: 0.0004  max mem: 31525
Epoch: [8]  [1740/5625]  eta: 1:06:32  lr: 0.000009  train_loss: 0.1644 (0.2108)  train_iou: 0.6569 (0.6792)  time: 1.0395  data: 0.0004  max mem: 31525
Epoch: [8]  [1760/5625]  eta: 1:06:12  lr: 0.000009  train_loss: 0.1358 (0.2103)  train_iou: 0.6985 (0.6796)  time: 1.0323  data: 0.0005  max mem: 31525
Epoch: [8]  [1780/5625]  eta: 1:05:51  lr: 0.000009  train_loss: 0.1883 (0.2102)  train_iou: 0.6785 (0.6798)  time: 1.0300  data: 0.0005  max mem: 31525
Epoch: [8]  [1800/5625]  eta: 1:05:31  lr: 0.000009  train_loss: 0.1393 (0.2099)  train_iou: 0.6577 (0.6798)  time: 1.0231  data: 0.0004  max mem: 31525
Epoch: [8]  [1820/5625]  eta: 1:05:10  lr: 0.000009  train_loss: 0.2271 (0.2101)  train_iou: 0.6444 (0.6794)  time: 1.0288  data: 0.0004  max mem: 31525
Epoch: [8]  [1840/5625]  eta: 1:04:49  lr: 0.000009  train_loss: 0.1895 (0.2106)  train_iou: 0.6997 (0.6797)  time: 1.0280  data: 0.0005  max mem: 31525
Epoch: [8]  [1860/5625]  eta: 1:04:28  lr: 0.000009  train_loss: 0.1630 (0.2104)  train_iou: 0.6486 (0.6793)  time: 1.0165  data: 0.0004  max mem: 31525
Epoch: [8]  [1880/5625]  eta: 1:04:08  lr: 0.000009  train_loss: 0.1793 (0.2102)  train_iou: 0.6117 (0.6790)  time: 1.0269  data: 0.0004  max mem: 31525
Epoch: [8]  [1900/5625]  eta: 1:03:47  lr: 0.000009  train_loss: 0.2031 (0.2105)  train_iou: 0.6443 (0.6788)  time: 1.0275  data: 0.0005  max mem: 31525
Epoch: [8]  [1920/5625]  eta: 1:03:27  lr: 0.000009  train_loss: 0.1526 (0.2103)  train_iou: 0.7068 (0.6789)  time: 1.0270  data: 0.0004  max mem: 31525
Epoch: [8]  [1940/5625]  eta: 1:03:07  lr: 0.000009  train_loss: 0.1731 (0.2103)  train_iou: 0.6416 (0.6787)  time: 1.0357  data: 0.0004  max mem: 31525
Epoch: [8]  [1960/5625]  eta: 1:02:46  lr: 0.000009  train_loss: 0.1627 (0.2105)  train_iou: 0.6708 (0.6789)  time: 1.0378  data: 0.0004  max mem: 31525
Epoch: [8]  [1980/5625]  eta: 1:02:26  lr: 0.000009  train_loss: 0.2074 (0.2108)  train_iou: 0.6590 (0.6787)  time: 1.0281  data: 0.0004  max mem: 31525
Epoch: [8]  [2000/5625]  eta: 1:02:05  lr: 0.000009  train_loss: 0.1565 (0.2111)  train_iou: 0.6699 (0.6789)  time: 1.0270  data: 0.0004  max mem: 31525
Epoch: [8]  [2020/5625]  eta: 1:01:45  lr: 0.000009  train_loss: 0.2037 (0.2112)  train_iou: 0.7247 (0.6791)  time: 1.0278  data: 0.0004  max mem: 31525
Epoch: [8]  [2040/5625]  eta: 1:01:24  lr: 0.000009  train_loss: 0.1471 (0.2108)  train_iou: 0.7374 (0.6794)  time: 1.0231  data: 0.0004  max mem: 31525
Epoch: [8]  [2060/5625]  eta: 1:01:03  lr: 0.000009  train_loss: 0.1387 (0.2108)  train_iou: 0.7320 (0.6798)  time: 1.0176  data: 0.0004  max mem: 31525
Epoch: [8]  [2080/5625]  eta: 1:00:42  lr: 0.000009  train_loss: 0.1494 (0.2105)  train_iou: 0.7153 (0.6799)  time: 1.0242  data: 0.0004  max mem: 31525
Epoch: [8]  [2100/5625]  eta: 1:00:26  lr: 0.000009  train_loss: 0.1953 (0.2106)  train_iou: 0.6477 (0.6798)  time: 1.1446  data: 0.0004  max mem: 31525
Epoch: [8]  [2120/5625]  eta: 1:00:05  lr: 0.000009  train_loss: 0.1454 (0.2103)  train_iou: 0.6752 (0.6799)  time: 1.0215  data: 0.0004  max mem: 31525
Epoch: [8]  [2140/5625]  eta: 0:59:44  lr: 0.000009  train_loss: 0.1422 (0.2104)  train_iou: 0.7042 (0.6801)  time: 1.0279  data: 0.0004  max mem: 31525
Epoch: [8]  [2160/5625]  eta: 0:59:24  lr: 0.000009  train_loss: 0.2144 (0.2108)  train_iou: 0.6596 (0.6799)  time: 1.0327  data: 0.0004  max mem: 31525
Epoch: [8]  [2180/5625]  eta: 0:59:03  lr: 0.000009  train_loss: 0.1535 (0.2108)  train_iou: 0.6060 (0.6797)  time: 1.0293  data: 0.0004  max mem: 31525
Epoch: [8]  [2200/5625]  eta: 0:58:43  lr: 0.000009  train_loss: 0.2238 (0.2108)  train_iou: 0.7051 (0.6800)  time: 1.0362  data: 0.0005  max mem: 31525
Epoch: [8]  [2220/5625]  eta: 0:58:22  lr: 0.000009  train_loss: 0.1534 (0.2107)  train_iou: 0.7307 (0.6801)  time: 1.0314  data: 0.0004  max mem: 31525
Epoch: [8]  [2240/5625]  eta: 0:58:02  lr: 0.000009  train_loss: 0.1615 (0.2105)  train_iou: 0.7617 (0.6805)  time: 1.0289  data: 0.0004  max mem: 31525
Epoch: [8]  [2260/5625]  eta: 0:57:41  lr: 0.000009  train_loss: 0.2490 (0.2108)  train_iou: 0.6212 (0.6801)  time: 1.0325  data: 0.0004  max mem: 31525
Epoch: [8]  [2280/5625]  eta: 0:57:21  lr: 0.000009  train_loss: 0.1686 (0.2108)  train_iou: 0.6432 (0.6801)  time: 1.0291  data: 0.0004  max mem: 31525
Epoch: [8]  [2300/5625]  eta: 0:57:00  lr: 0.000009  train_loss: 0.1833 (0.2106)  train_iou: 0.7429 (0.6806)  time: 1.0345  data: 0.0004  max mem: 31525
Epoch: [8]  [2320/5625]  eta: 0:56:40  lr: 0.000009  train_loss: 0.1965 (0.2109)  train_iou: 0.6560 (0.6803)  time: 1.0305  data: 0.0005  max mem: 31525
Epoch: [8]  [2340/5625]  eta: 0:56:19  lr: 0.000009  train_loss: 0.1820 (0.2109)  train_iou: 0.7051 (0.6806)  time: 1.0295  data: 0.0004  max mem: 31525
Epoch: [8]  [2360/5625]  eta: 0:55:59  lr: 0.000009  train_loss: 0.1966 (0.2113)  train_iou: 0.7281 (0.6809)  time: 1.0336  data: 0.0005  max mem: 31525
Epoch: [8]  [2380/5625]  eta: 0:55:39  lr: 0.000009  train_loss: 0.1578 (0.2111)  train_iou: 0.7371 (0.6813)  time: 1.0374  data: 0.0004  max mem: 31525
Epoch: [8]  [2400/5625]  eta: 0:55:18  lr: 0.000009  train_loss: 0.1603 (0.2109)  train_iou: 0.7087 (0.6813)  time: 1.0283  data: 0.0004  max mem: 31525
Epoch: [8]  [2420/5625]  eta: 0:54:57  lr: 0.000009  train_loss: 0.1350 (0.2108)  train_iou: 0.6590 (0.6811)  time: 1.0301  data: 0.0004  max mem: 31525
slurmstepd: error: *** JOB 133281 ON d1004 CANCELLED AT 2025-04-20T09:44:01 DUE TO TIME LIMIT ***
