Architecture:          x86_64
CPU op-mode(s):        32-bit, 64-bit
Byte Order:            Little Endian
CPU(s):                28
On-line CPU(s) list:   0-27
Thread(s) per core:    1
Core(s) per socket:    14
Socket(s):             2
NUMA node(s):          2
Vendor ID:             GenuineIntel
CPU family:            6
Model:                 85
Model name:            Intel(R) Xeon(R) Gold 6132 CPU @ 2.60GHz
Stepping:              4
CPU MHz:               3385.046
CPU max MHz:           3700.0000
CPU min MHz:           1000.0000
BogoMIPS:              5200.00
Virtualization:        VT-x
L1d cache:             32K
L1i cache:             32K
L2 cache:              1024K
L3 cache:              19712K
NUMA node0 CPU(s):     0,2,4,6,8,10,12,14,16,18,20,22,24,26
NUMA node1 CPU(s):     1,3,5,7,9,11,13,15,17,19,21,23,25,27
Flags:                 fpu vme de pse tsc msr pae mce cx8 apic sep mtrr pge mca cmov pat pse36 clflush dts acpi mmx fxsr sse sse2 ss ht tm pbe syscall nx pdpe1gb rdtscp lm constant_tsc art arch_perfmon pebs bts rep_good nopl xtopology nonstop_tsc aperfmperf eagerfpu pni pclmulqdq dtes64 monitor ds_cpl vmx smx est tm2 ssse3 sdbg fma cx16 xtpr pdcm pcid dca sse4_1 sse4_2 x2apic movbe popcnt tsc_deadline_timer aes xsave avx f16c rdrand lahf_lm abm 3dnowprefetch epb cat_l3 cdp_l3 invpcid_single intel_ppin intel_pt ssbd mba ibrs ibpb stibp tpr_shadow vnmi flexpriority ept vpid fsgsbase tsc_adjust bmi1 hle avx2 smep bmi2 erms invpcid rtm cqm mpx rdt_a avx512f avx512dq rdseed adx smap clflushopt clwb avx512cd avx512bw avx512vl xsaveopt xsavec xgetbv1 cqm_llc cqm_occup_llc cqm_mbm_total cqm_mbm_local dtherm ida arat pln pts pku ospke md_clear spec_ctrl intel_stibp flush_l1d arch_capabilities
Mon Apr 21 00:39:05 2025       
+---------------------------------------------------------------------------------------+
| NVIDIA-SMI 545.23.08              Driver Version: 545.23.08    CUDA Version: 12.3     |
|-----------------------------------------+----------------------+----------------------+
| GPU  Name                 Persistence-M | Bus-Id        Disp.A | Volatile Uncorr. ECC |
| Fan  Temp   Perf          Pwr:Usage/Cap |         Memory-Usage | GPU-Util  Compute M. |
|                                         |                      |               MIG M. |
|=========================================+======================+======================|
|   0  Tesla V100-SXM2-32GB           Off | 00000000:AF:00.0 Off |                    0 |
| N/A   44C    P0              60W / 300W |      0MiB / 32768MiB |      2%      Default |
|                                         |                      |                  N/A |
+-----------------------------------------+----------------------+----------------------+
                                                                                         
+---------------------------------------------------------------------------------------+
| Processes:                                                                            |
|  GPU   GI   CI        PID   Type   Process name                            GPU Memory |
|        ID   ID                                                             Usage      |
|=======================================================================================|
|  No running processes found                                                           |
+---------------------------------------------------------------------------------------+
/home/akula.ha/.conda/envs/refseg/lib/python3.10/site-packages/torch/distributed/launch.py:181: FutureWarning: The module torch.distributed.launch is deprecated
and will be removed in future. Use torchrun.
Note that --use-env is set by default in torchrun.
If your script expects `--local-rank` argument to be set, please
change it to read from `os.environ['LOCAL_RANK']` instead. See 
https://pytorch.org/docs/stable/distributed.html#launch-utility for 
further instructions

  warnings.warn(
| distributed init (rank 0): env://
Namespace(batch_size=8, epochs=50, model='ReMamber_Conv_PEFT', pretrain_path='./pretrain', input_size=480, drop=0.0, drop_path=0.1, model_ema=False, model_ema_decay=0.9999, model_ema_force_cpu=False, opt='adamw', opt_eps=1e-08, opt_betas=None, clip_grad=None, momentum=0.9, weight_decay=0.0001, sched='cosine', lr=9e-06, lr_decoder=5e-05, lr_backbone=2.5e-05, lr_vssm=2.5e-05, warmup_lr=1e-06, min_lr=1e-06, decay_epochs=30, warmup_epochs=0, cooldown_epochs=10, patience_epochs=10, decay_rate=0.1, train_mode=True, finetune='pretrain/ReMamber_Conv.pth', data_path='./ref_dataset/data', data_set='refzom', output_dir='./outputs', device='cuda', seed=0, resume='outputs/checkpoint_model:28e854b1.pth', start_epoch=0, eval=False, dist_eval=False, num_workers=8, pin_mem=True, distributed=True, world_size=1, dist_url='env://', if_amp=True, debug_mode=False, local_rank=0, model_title='model', logging='model', decoder_adapter=True, continue_lr=None, partial_freeze=False, single_epoch=False, lite_baseline=False, rank=0, gpu=0, dist_backend='nccl')
True val
./ref_dataset/data refzom zom
loading dataset refzom into memory...
creating index...
index created.
DONE (t=10.70s)
Preparing dataset ......
False val
./ref_dataset/data refzom zom
loading dataset refzom into memory...
creating index...
index created.
DONE (t=10.83s)
Preparing dataset ......
length of train set: 57624
length of val set: 15406
/home/akula.ha/.conda/envs/refseg/lib/python3.10/site-packages/torch/utils/data/dataloader.py:557: UserWarning: This DataLoader will create 8 worker processes in total. Our suggested max number of worker in current system is 1, which is smaller than what this DataLoader is going to create. Please be aware that excessive worker creation might get DataLoader running slow or even freeze, lower the worker number to avoid potential slowness/freeze if necessary.
  warnings.warn(_create_warning_msg(
Creating model: ReMamber_Conv_PEFT
kwargs {'use_adapters': True}
Finetuning half decoder with adapters
True
number of params: 16548707
Loaded checkpoint from 'outputs/checkpoint_model:28e854b1.pth'
Continuing training from epoch 8...
Model id is - model:45ab2aad
length of train set: 45000
length of val set: 4000
Start training for 50 epochs
Learning rate: 9e-06
/home/akula.ha/.conda/envs/refseg/lib/python3.10/site-packages/torch/autograd/__init__.py:251: UserWarning: Grad strides do not match bucket view strides. This may indicate grad was not created according to the gradient layout contract, or that the param's strides changed since DDP was constructed.  This is not an error, but may impair performance.
grad.sizes() = [512, 192, 1, 1], strides() = [192, 1, 192, 192]
bucket_view.sizes() = [512, 192, 1, 1], strides() = [192, 1, 1, 1] (Triggered internally at ../torch/csrc/distributed/c10d/reducer.cpp:320.)
  Variable._execution_engine.run_backward(  # Calls into the C++ engine to run the backward pass
Epoch: [8]  [   0/5625]  eta: 1 day, 19:29:02  lr: 0.000009  train_loss: 0.1946 (0.1946)  train_iou: 0.8516 (0.8516)  time: 27.8297  data: 7.1575  max mem: 31528
Epoch: [8]  [  20/5625]  eta: 3:33:29  lr: 0.000009  train_loss: 0.2090 (0.2306)  train_iou: 0.6321 (0.6556)  time: 1.0082  data: 0.0005  max mem: 31528
Epoch: [8]  [  40/5625]  eta: 2:34:47  lr: 0.000009  train_loss: 0.1763 (0.2217)  train_iou: 0.6616 (0.6436)  time: 1.0093  data: 0.0005  max mem: 31528
Epoch: [8]  [  60/5625]  eta: 2:14:23  lr: 0.000009  train_loss: 0.2561 (0.2316)  train_iou: 0.6162 (0.6374)  time: 1.0105  data: 0.0005  max mem: 31528
Epoch: [8]  [  80/5625]  eta: 2:04:04  lr: 0.000009  train_loss: 0.1609 (0.2260)  train_iou: 0.6649 (0.6454)  time: 1.0181  data: 0.0005  max mem: 31528
Epoch: [8]  [ 100/5625]  eta: 1:57:43  lr: 0.000009  train_loss: 0.1275 (0.2208)  train_iou: 0.6671 (0.6481)  time: 1.0184  data: 0.0005  max mem: 31528
Epoch: [8]  [ 120/5625]  eta: 1:53:06  lr: 0.000009  train_loss: 0.1631 (0.2307)  train_iou: 0.6349 (0.6472)  time: 1.0030  data: 0.0004  max mem: 31528
Epoch: [8]  [ 140/5625]  eta: 1:49:50  lr: 0.000009  train_loss: 0.1381 (0.2273)  train_iou: 0.6664 (0.6420)  time: 1.0121  data: 0.0005  max mem: 31528
Epoch: [8]  [ 160/5625]  eta: 1:47:19  lr: 0.000009  train_loss: 0.1568 (0.2224)  train_iou: 0.6062 (0.6403)  time: 1.0144  data: 0.0005  max mem: 31528
Epoch: [8]  [ 180/5625]  eta: 1:45:15  lr: 0.000009  train_loss: 0.2362 (0.2283)  train_iou: 0.5143 (0.6319)  time: 1.0117  data: 0.0005  max mem: 31528
Epoch: [8]  [ 200/5625]  eta: 1:43:26  lr: 0.000009  train_loss: 0.1957 (0.2253)  train_iou: 0.7294 (0.6391)  time: 0.9999  data: 0.0005  max mem: 31528
Epoch: [8]  [ 220/5625]  eta: 1:41:58  lr: 0.000009  train_loss: 0.2476 (0.2295)  train_iou: 0.6477 (0.6425)  time: 1.0117  data: 0.0004  max mem: 31528
Epoch: [8]  [ 240/5625]  eta: 1:40:42  lr: 0.000009  train_loss: 0.1754 (0.2265)  train_iou: 0.6337 (0.6420)  time: 1.0128  data: 0.0004  max mem: 31528
Epoch: [8]  [ 260/5625]  eta: 1:39:35  lr: 0.000009  train_loss: 0.2176 (0.2295)  train_iou: 0.6570 (0.6432)  time: 1.0138  data: 0.0005  max mem: 31528
Epoch: [8]  [ 280/5625]  eta: 1:38:34  lr: 0.000009  train_loss: 0.1975 (0.2292)  train_iou: 0.6703 (0.6438)  time: 1.0104  data: 0.0005  max mem: 31528
Epoch: [8]  [ 300/5625]  eta: 1:37:32  lr: 0.000009  train_loss: 0.1042 (0.2243)  train_iou: 0.6509 (0.6445)  time: 0.9960  data: 0.0005  max mem: 31528
Epoch: [8]  [ 320/5625]  eta: 1:36:42  lr: 0.000009  train_loss: 0.1241 (0.2206)  train_iou: 0.6764 (0.6482)  time: 1.0128  data: 0.0005  max mem: 31528
Epoch: [8]  [ 340/5625]  eta: 1:35:54  lr: 0.000009  train_loss: 0.1399 (0.2183)  train_iou: 0.6599 (0.6478)  time: 1.0109  data: 0.0005  max mem: 31528
Epoch: [8]  [ 360/5625]  eta: 1:35:10  lr: 0.000009  train_loss: 0.1650 (0.2185)  train_iou: 0.6162 (0.6457)  time: 1.0122  data: 0.0005  max mem: 31528
Epoch: [8]  [ 380/5625]  eta: 1:34:25  lr: 0.000009  train_loss: 0.1647 (0.2212)  train_iou: 0.5794 (0.6431)  time: 0.9990  data: 0.0006  max mem: 31528
Epoch: [8]  [ 400/5625]  eta: 1:33:46  lr: 0.000009  train_loss: 0.2245 (0.2230)  train_iou: 0.6162 (0.6404)  time: 1.0147  data: 0.0005  max mem: 31528
Epoch: [8]  [ 420/5625]  eta: 1:33:08  lr: 0.000009  train_loss: 0.1635 (0.2218)  train_iou: 0.6462 (0.6413)  time: 1.0093  data: 0.0004  max mem: 31528
Epoch: [8]  [ 440/5625]  eta: 1:32:32  lr: 0.000009  train_loss: 0.2114 (0.2212)  train_iou: 0.6289 (0.6409)  time: 1.0124  data: 0.0004  max mem: 31528
Epoch: [8]  [ 460/5625]  eta: 1:31:57  lr: 0.000009  train_loss: 0.1282 (0.2201)  train_iou: 0.6180 (0.6395)  time: 1.0082  data: 0.0005  max mem: 31528
Epoch: [8]  [ 480/5625]  eta: 1:31:22  lr: 0.000009  train_loss: 0.1028 (0.2166)  train_iou: 0.6582 (0.6394)  time: 1.0041  data: 0.0005  max mem: 31528
Epoch: [8]  [ 500/5625]  eta: 1:30:50  lr: 0.000009  train_loss: 0.1227 (0.2173)  train_iou: 0.6500 (0.6394)  time: 1.0144  data: 0.0004  max mem: 31528
Epoch: [8]  [ 520/5625]  eta: 1:30:19  lr: 0.000009  train_loss: 0.1200 (0.2157)  train_iou: 0.6298 (0.6390)  time: 1.0139  data: 0.0005  max mem: 31528
Epoch: [8]  [ 540/5625]  eta: 1:29:49  lr: 0.000009  train_loss: 0.1569 (0.2147)  train_iou: 0.6538 (0.6397)  time: 1.0166  data: 0.0005  max mem: 31528
Epoch: [8]  [ 560/5625]  eta: 1:29:17  lr: 0.000009  train_loss: 0.0988 (0.2117)  train_iou: 0.5905 (0.6393)  time: 0.9979  data: 0.0004  max mem: 31528
Epoch: [8]  [ 580/5625]  eta: 1:28:48  lr: 0.000009  train_loss: 0.1347 (0.2109)  train_iou: 0.6861 (0.6409)  time: 1.0131  data: 0.0004  max mem: 31528
Epoch: [8]  [ 600/5625]  eta: 1:28:20  lr: 0.000009  train_loss: 0.2231 (0.2111)  train_iou: 0.6575 (0.6412)  time: 1.0135  data: 0.0005  max mem: 31528
Epoch: [8]  [ 620/5625]  eta: 1:27:52  lr: 0.000009  train_loss: 0.1685 (0.2118)  train_iou: 0.6813 (0.6424)  time: 1.0133  data: 0.0005  max mem: 31528
Epoch: [8]  [ 640/5625]  eta: 1:27:24  lr: 0.000009  train_loss: 0.1171 (0.2107)  train_iou: 0.6330 (0.6431)  time: 1.0106  data: 0.0005  max mem: 31528
Epoch: [8]  [ 660/5625]  eta: 1:26:56  lr: 0.000009  train_loss: 0.1395 (0.2112)  train_iou: 0.6380 (0.6429)  time: 1.0081  data: 0.0005  max mem: 31528
Epoch: [8]  [ 680/5625]  eta: 1:26:30  lr: 0.000009  train_loss: 0.1765 (0.2105)  train_iou: 0.6558 (0.6428)  time: 1.0136  data: 0.0004  max mem: 31528
Epoch: [8]  [ 700/5625]  eta: 1:26:04  lr: 0.000009  train_loss: 0.1669 (0.2105)  train_iou: 0.6553 (0.6425)  time: 1.0163  data: 0.0004  max mem: 31528
Epoch: [8]  [ 720/5625]  eta: 1:25:39  lr: 0.000009  train_loss: 0.1627 (0.2100)  train_iou: 0.6390 (0.6431)  time: 1.0153  data: 0.0005  max mem: 31528
Epoch: [8]  [ 740/5625]  eta: 1:25:12  lr: 0.000009  train_loss: 0.1864 (0.2105)  train_iou: 0.6111 (0.6426)  time: 1.0023  data: 0.0005  max mem: 31528
Epoch: [8]  [ 760/5625]  eta: 1:24:47  lr: 0.000009  train_loss: 0.1533 (0.2099)  train_iou: 0.6733 (0.6437)  time: 1.0143  data: 0.0004  max mem: 31528
Epoch: [8]  [ 780/5625]  eta: 1:24:22  lr: 0.000009  train_loss: 0.1388 (0.2107)  train_iou: 0.5615 (0.6423)  time: 1.0156  data: 0.0005  max mem: 31528
Epoch: [8]  [ 800/5625]  eta: 1:23:57  lr: 0.000009  train_loss: 0.1575 (0.2104)  train_iou: 0.6401 (0.6423)  time: 1.0136  data: 0.0005  max mem: 31528
Epoch: [8]  [ 820/5625]  eta: 1:23:33  lr: 0.000009  train_loss: 0.1325 (0.2101)  train_iou: 0.6255 (0.6416)  time: 1.0099  data: 0.0005  max mem: 31528
Epoch: [8]  [ 840/5625]  eta: 1:23:08  lr: 0.000009  train_loss: 0.1317 (0.2090)  train_iou: 0.7290 (0.6424)  time: 1.0130  data: 0.0004  max mem: 31528
Epoch: [8]  [ 860/5625]  eta: 1:22:46  lr: 0.000009  train_loss: 0.1363 (0.2089)  train_iou: 0.6572 (0.6423)  time: 1.0276  data: 0.0005  max mem: 31528
Epoch: [8]  [ 880/5625]  eta: 1:22:22  lr: 0.000009  train_loss: 0.1633 (0.2086)  train_iou: 0.6195 (0.6417)  time: 1.0123  data: 0.0005  max mem: 31528
Epoch: [8]  [ 900/5625]  eta: 1:21:58  lr: 0.000009  train_loss: 0.1728 (0.2087)  train_iou: 0.6321 (0.6414)  time: 1.0163  data: 0.0004  max mem: 31528
Epoch: [8]  [ 920/5625]  eta: 1:21:32  lr: 0.000009  train_loss: 0.1364 (0.2083)  train_iou: 0.5999 (0.6409)  time: 0.9930  data: 0.0004  max mem: 31528
Epoch: [8]  [ 940/5625]  eta: 1:21:08  lr: 0.000009  train_loss: 0.1231 (0.2076)  train_iou: 0.6690 (0.6416)  time: 1.0059  data: 0.0004  max mem: 31528
Epoch: [8]  [ 960/5625]  eta: 1:20:45  lr: 0.000009  train_loss: 0.2198 (0.2081)  train_iou: 0.6614 (0.6414)  time: 1.0101  data: 0.0005  max mem: 31528
Epoch: [8]  [ 980/5625]  eta: 1:20:21  lr: 0.000009  train_loss: 0.1396 (0.2076)  train_iou: 0.6438 (0.6415)  time: 1.0125  data: 0.0005  max mem: 31528
Epoch: [8]  [1000/5625]  eta: 1:19:58  lr: 0.000009  train_loss: 0.1357 (0.2072)  train_iou: 0.6954 (0.6424)  time: 1.0071  data: 0.0005  max mem: 31528
Epoch: [8]  [1020/5625]  eta: 1:19:34  lr: 0.000009  train_loss: 0.1646 (0.2073)  train_iou: 0.6575 (0.6427)  time: 1.0051  data: 0.0004  max mem: 31528
Epoch: [8]  [1040/5625]  eta: 1:19:11  lr: 0.000009  train_loss: 0.1317 (0.2079)  train_iou: 0.6305 (0.6423)  time: 1.0143  data: 0.0004  max mem: 31528
Epoch: [8]  [1060/5625]  eta: 1:18:49  lr: 0.000009  train_loss: 0.1615 (0.2075)  train_iou: 0.6756 (0.6431)  time: 1.0149  data: 0.0004  max mem: 31528
Epoch: [8]  [1080/5625]  eta: 1:18:26  lr: 0.000009  train_loss: 0.2109 (0.2081)  train_iou: 0.6202 (0.6426)  time: 1.0141  data: 0.0004  max mem: 31528
Epoch: [8]  [1100/5625]  eta: 1:18:02  lr: 0.000009  train_loss: 0.1752 (0.2082)  train_iou: 0.6157 (0.6423)  time: 0.9962  data: 0.0004  max mem: 31528
Epoch: [8]  [1120/5625]  eta: 1:17:40  lr: 0.000009  train_loss: 0.1882 (0.2086)  train_iou: 0.6529 (0.6424)  time: 1.0112  data: 0.0005  max mem: 31528
Epoch: [8]  [1140/5625]  eta: 1:17:17  lr: 0.000009  train_loss: 0.1448 (0.2084)  train_iou: 0.6289 (0.6423)  time: 1.0122  data: 0.0004  max mem: 31528
Epoch: [8]  [1160/5625]  eta: 1:16:55  lr: 0.000009  train_loss: 0.1843 (0.2092)  train_iou: 0.5901 (0.6418)  time: 1.0099  data: 0.0004  max mem: 31528
Epoch: [8]  [1180/5625]  eta: 1:16:32  lr: 0.000009  train_loss: 0.1116 (0.2086)  train_iou: 0.6387 (0.6419)  time: 1.0029  data: 0.0004  max mem: 31528
Epoch: [8]  [1200/5625]  eta: 1:16:10  lr: 0.000009  train_loss: 0.1649 (0.2089)  train_iou: 0.5785 (0.6416)  time: 1.0179  data: 0.0004  max mem: 31528
Epoch: [8]  [1220/5625]  eta: 1:15:48  lr: 0.000009  train_loss: 0.1755 (0.2094)  train_iou: 0.5788 (0.6409)  time: 1.0134  data: 0.0004  max mem: 31528
Epoch: [8]  [1240/5625]  eta: 1:15:26  lr: 0.000009  train_loss: 0.1415 (0.2096)  train_iou: 0.6439 (0.6406)  time: 1.0117  data: 0.0004  max mem: 31528
Epoch: [8]  [1260/5625]  eta: 1:15:04  lr: 0.000009  train_loss: 0.1282 (0.2095)  train_iou: 0.6311 (0.6403)  time: 1.0175  data: 0.0005  max mem: 31528
Epoch: [8]  [1280/5625]  eta: 1:14:41  lr: 0.000009  train_loss: 0.1387 (0.2096)  train_iou: 0.6953 (0.6410)  time: 1.0008  data: 0.0004  max mem: 31528
Epoch: [8]  [1300/5625]  eta: 1:14:19  lr: 0.000009  train_loss: 0.2314 (0.2097)  train_iou: 0.5565 (0.6405)  time: 1.0106  data: 0.0004  max mem: 31528
Epoch: [8]  [1320/5625]  eta: 1:13:58  lr: 0.000009  train_loss: 0.1262 (0.2095)  train_iou: 0.5990 (0.6398)  time: 1.0196  data: 0.0005  max mem: 31528
Epoch: [8]  [1340/5625]  eta: 1:13:36  lr: 0.000009  train_loss: 0.1306 (0.2089)  train_iou: 0.6438 (0.6395)  time: 1.0174  data: 0.0004  max mem: 31528
Epoch: [8]  [1360/5625]  eta: 1:13:14  lr: 0.000009  train_loss: 0.2152 (0.2091)  train_iou: 0.6417 (0.6391)  time: 1.0013  data: 0.0004  max mem: 31528
Epoch: [8]  [1380/5625]  eta: 1:12:53  lr: 0.000009  train_loss: 0.1039 (0.2093)  train_iou: 0.6466 (0.6393)  time: 1.0157  data: 0.0004  max mem: 31528
Epoch: [8]  [1400/5625]  eta: 1:12:31  lr: 0.000009  train_loss: 0.2090 (0.2102)  train_iou: 0.5945 (0.6389)  time: 1.0165  data: 0.0004  max mem: 31528
Epoch: [8]  [1420/5625]  eta: 1:12:20  lr: 0.000009  train_loss: 0.2274 (0.2109)  train_iou: 0.6447 (0.6383)  time: 1.1989  data: 0.0004  max mem: 31528
Epoch: [8]  [1440/5625]  eta: 1:11:59  lr: 0.000009  train_loss: 0.1720 (0.2117)  train_iou: 0.6496 (0.6387)  time: 1.0106  data: 0.0004  max mem: 31528
Epoch: [8]  [1460/5625]  eta: 1:11:36  lr: 0.000009  train_loss: 0.1403 (0.2115)  train_iou: 0.6829 (0.6393)  time: 0.9993  data: 0.0004  max mem: 31528
Epoch: [8]  [1480/5625]  eta: 1:11:15  lr: 0.000009  train_loss: 0.1644 (0.2116)  train_iou: 0.6423 (0.6394)  time: 1.0180  data: 0.0004  max mem: 31528
Epoch: [8]  [1500/5625]  eta: 1:10:53  lr: 0.000009  train_loss: 0.1814 (0.2113)  train_iou: 0.6636 (0.6395)  time: 1.0140  data: 0.0004  max mem: 31528
Epoch: [8]  [1520/5625]  eta: 1:10:32  lr: 0.000009  train_loss: 0.2352 (0.2116)  train_iou: 0.6255 (0.6395)  time: 1.0169  data: 0.0004  max mem: 31528
Epoch: [8]  [1540/5625]  eta: 1:10:09  lr: 0.000009  train_loss: 0.1580 (0.2112)  train_iou: 0.6631 (0.6395)  time: 0.9998  data: 0.0004  max mem: 31528
Epoch: [8]  [1560/5625]  eta: 1:09:48  lr: 0.000009  train_loss: 0.2107 (0.2114)  train_iou: 0.6477 (0.6397)  time: 1.0189  data: 0.0004  max mem: 31528
Epoch: [8]  [1580/5625]  eta: 1:09:27  lr: 0.000009  train_loss: 0.1833 (0.2112)  train_iou: 0.6621 (0.6399)  time: 1.0149  data: 0.0004  max mem: 31528
Epoch: [8]  [1600/5625]  eta: 1:09:05  lr: 0.000009  train_loss: 0.2199 (0.2113)  train_iou: 0.6514 (0.6401)  time: 1.0134  data: 0.0004  max mem: 31528
Epoch: [8]  [1620/5625]  eta: 1:08:44  lr: 0.000009  train_loss: 0.1395 (0.2109)  train_iou: 0.6710 (0.6405)  time: 1.0098  data: 0.0004  max mem: 31528
Epoch: [8]  [1640/5625]  eta: 1:08:22  lr: 0.000009  train_loss: 0.2638 (0.2118)  train_iou: 0.6677 (0.6408)  time: 1.0101  data: 0.0005  max mem: 31528
Epoch: [8]  [1660/5625]  eta: 1:08:01  lr: 0.000009  train_loss: 0.1821 (0.2117)  train_iou: 0.6657 (0.6415)  time: 1.0168  data: 0.0004  max mem: 31528
Epoch: [8]  [1680/5625]  eta: 1:07:40  lr: 0.000009  train_loss: 0.1378 (0.2111)  train_iou: 0.7077 (0.6424)  time: 1.0102  data: 0.0004  max mem: 31528
Epoch: [8]  [1700/5625]  eta: 1:07:18  lr: 0.000009  train_loss: 0.1266 (0.2109)  train_iou: 0.6687 (0.6427)  time: 1.0104  data: 0.0004  max mem: 31528
Epoch: [8]  [1720/5625]  eta: 1:06:56  lr: 0.000009  train_loss: 0.1931 (0.2107)  train_iou: 0.6259 (0.6423)  time: 1.0020  data: 0.0004  max mem: 31528
Epoch: [8]  [1740/5625]  eta: 1:06:35  lr: 0.000009  train_loss: 0.1486 (0.2106)  train_iou: 0.6263 (0.6422)  time: 1.0116  data: 0.0004  max mem: 31528
Epoch: [8]  [1760/5625]  eta: 1:06:14  lr: 0.000009  train_loss: 0.1519 (0.2102)  train_iou: 0.6757 (0.6424)  time: 1.0200  data: 0.0004  max mem: 31528
Epoch: [8]  [1780/5625]  eta: 1:05:53  lr: 0.000009  train_loss: 0.1103 (0.2097)  train_iou: 0.7061 (0.6427)  time: 1.0160  data: 0.0004  max mem: 31528
Epoch: [8]  [1800/5625]  eta: 1:05:31  lr: 0.000009  train_loss: 0.2039 (0.2102)  train_iou: 0.6332 (0.6426)  time: 0.9944  data: 0.0004  max mem: 31528
Epoch: [8]  [1820/5625]  eta: 1:05:10  lr: 0.000009  train_loss: 0.1490 (0.2098)  train_iou: 0.6544 (0.6428)  time: 1.0176  data: 0.0004  max mem: 31528
Epoch: [8]  [1840/5625]  eta: 1:04:49  lr: 0.000009  train_loss: 0.2008 (0.2104)  train_iou: 0.5730 (0.6423)  time: 1.0176  data: 0.0004  max mem: 31528
Epoch: [8]  [1860/5625]  eta: 1:04:28  lr: 0.000009  train_loss: 0.1751 (0.2102)  train_iou: 0.6130 (0.6422)  time: 1.0165  data: 0.0004  max mem: 31528
Epoch: [8]  [1880/5625]  eta: 1:04:07  lr: 0.000009  train_loss: 0.1324 (0.2103)  train_iou: 0.6369 (0.6424)  time: 1.0098  data: 0.0004  max mem: 31528
Epoch: [8]  [1900/5625]  eta: 1:03:45  lr: 0.000009  train_loss: 0.1945 (0.2105)  train_iou: 0.5518 (0.6417)  time: 0.9990  data: 0.0004  max mem: 31528
Epoch: [8]  [1920/5625]  eta: 1:03:24  lr: 0.000009  train_loss: 0.1371 (0.2103)  train_iou: 0.6877 (0.6420)  time: 1.0095  data: 0.0004  max mem: 31528
Epoch: [8]  [1940/5625]  eta: 1:03:03  lr: 0.000009  train_loss: 0.1406 (0.2101)  train_iou: 0.6752 (0.6423)  time: 1.0116  data: 0.0004  max mem: 31528
Epoch: [8]  [1960/5625]  eta: 1:02:42  lr: 0.000009  train_loss: 0.1628 (0.2102)  train_iou: 0.6552 (0.6423)  time: 1.0193  data: 0.0004  max mem: 31528
Epoch: [8]  [1980/5625]  eta: 1:02:21  lr: 0.000009  train_loss: 0.1961 (0.2101)  train_iou: 0.7180 (0.6427)  time: 1.0057  data: 0.0004  max mem: 31528
Epoch: [8]  [2000/5625]  eta: 1:02:00  lr: 0.000009  train_loss: 0.1164 (0.2098)  train_iou: 0.6720 (0.6429)  time: 1.0169  data: 0.0004  max mem: 31528
Epoch: [8]  [2020/5625]  eta: 1:01:39  lr: 0.000009  train_loss: 0.1060 (0.2091)  train_iou: 0.6936 (0.6433)  time: 1.0142  data: 0.0004  max mem: 31528
Epoch: [8]  [2040/5625]  eta: 1:01:18  lr: 0.000009  train_loss: 0.1175 (0.2088)  train_iou: 0.6715 (0.6438)  time: 1.0158  data: 0.0004  max mem: 31528
Epoch: [8]  [2060/5625]  eta: 1:00:57  lr: 0.000009  train_loss: 0.1182 (0.2082)  train_iou: 0.7468 (0.6445)  time: 1.0058  data: 0.0004  max mem: 31528
Epoch: [8]  [2080/5625]  eta: 1:00:35  lr: 0.000009  train_loss: 0.1263 (0.2081)  train_iou: 0.6197 (0.6442)  time: 1.0065  data: 0.0004  max mem: 31528
Epoch: [8]  [2100/5625]  eta: 1:00:15  lr: 0.000009  train_loss: 0.1591 (0.2079)  train_iou: 0.6140 (0.6441)  time: 1.0177  data: 0.0004  max mem: 31528
Epoch: [8]  [2120/5625]  eta: 0:59:54  lr: 0.000009  train_loss: 0.2305 (0.2081)  train_iou: 0.6314 (0.6442)  time: 1.0179  data: 0.0004  max mem: 31528
Epoch: [8]  [2140/5625]  eta: 0:59:33  lr: 0.000009  train_loss: 0.1730 (0.2084)  train_iou: 0.5936 (0.6441)  time: 1.0151  data: 0.0004  max mem: 31528
Epoch: [8]  [2160/5625]  eta: 0:59:12  lr: 0.000009  train_loss: 0.2465 (0.2088)  train_iou: 0.6245 (0.6437)  time: 1.0006  data: 0.0005  max mem: 31528
Epoch: [8]  [2180/5625]  eta: 0:58:51  lr: 0.000009  train_loss: 0.1271 (0.2086)  train_iou: 0.6529 (0.6435)  time: 1.0183  data: 0.0004  max mem: 31528
Epoch: [8]  [2200/5625]  eta: 0:58:31  lr: 0.000009  train_loss: 0.1172 (0.2084)  train_iou: 0.6474 (0.6436)  time: 1.0234  data: 0.0004  max mem: 31528
Epoch: [8]  [2220/5625]  eta: 0:58:10  lr: 0.000009  train_loss: 0.1249 (0.2082)  train_iou: 0.6520 (0.6438)  time: 1.0194  data: 0.0004  max mem: 31528
Epoch: [8]  [2240/5625]  eta: 0:57:49  lr: 0.000009  train_loss: 0.2368 (0.2087)  train_iou: 0.6186 (0.6436)  time: 1.0104  data: 0.0004  max mem: 31528
Epoch: [8]  [2260/5625]  eta: 0:57:28  lr: 0.000009  train_loss: 0.2145 (0.2090)  train_iou: 0.6689 (0.6436)  time: 1.0042  data: 0.0004  max mem: 31528
Epoch: [8]  [2280/5625]  eta: 0:57:07  lr: 0.000009  train_loss: 0.1247 (0.2089)  train_iou: 0.6147 (0.6434)  time: 1.0102  data: 0.0004  max mem: 31528
Epoch: [8]  [2300/5625]  eta: 0:56:46  lr: 0.000009  train_loss: 0.1253 (0.2085)  train_iou: 0.6284 (0.6435)  time: 1.0162  data: 0.0005  max mem: 31528
Epoch: [8]  [2320/5625]  eta: 0:56:25  lr: 0.000009  train_loss: 0.1053 (0.2082)  train_iou: 0.6811 (0.6439)  time: 1.0177  data: 0.0004  max mem: 31528
Epoch: [8]  [2340/5625]  eta: 0:56:04  lr: 0.000009  train_loss: 0.1202 (0.2079)  train_iou: 0.6483 (0.6438)  time: 1.0042  data: 0.0004  max mem: 31528
Epoch: [8]  [2360/5625]  eta: 0:55:44  lr: 0.000009  train_loss: 0.1459 (0.2077)  train_iou: 0.7269 (0.6439)  time: 1.0141  data: 0.0004  max mem: 31528
Epoch: [8]  [2380/5625]  eta: 0:55:23  lr: 0.000009  train_loss: 0.1608 (0.2075)  train_iou: 0.6242 (0.6438)  time: 1.0187  data: 0.0004  max mem: 31528
Epoch: [8]  [2400/5625]  eta: 0:55:02  lr: 0.000009  train_loss: 0.1291 (0.2074)  train_iou: 0.6874 (0.6441)  time: 1.0179  data: 0.0004  max mem: 31528
Epoch: [8]  [2420/5625]  eta: 0:54:42  lr: 0.000009  train_loss: 0.1164 (0.2071)  train_iou: 0.6817 (0.6443)  time: 1.0330  data: 0.0005  max mem: 31528
Epoch: [8]  [2440/5625]  eta: 0:54:22  lr: 0.000009  train_loss: 0.1258 (0.2071)  train_iou: 0.7278 (0.6446)  time: 1.0379  data: 0.0005  max mem: 31528
Epoch: [8]  [2460/5625]  eta: 0:54:01  lr: 0.000009  train_loss: 0.1563 (0.2070)  train_iou: 0.6630 (0.6448)  time: 1.0194  data: 0.0004  max mem: 31528
Epoch: [8]  [2480/5625]  eta: 0:53:41  lr: 0.000009  train_loss: 0.2311 (0.2076)  train_iou: 0.6427 (0.6444)  time: 1.0194  data: 0.0004  max mem: 31528
Epoch: [8]  [2500/5625]  eta: 0:53:20  lr: 0.000009  train_loss: 0.1078 (0.2072)  train_iou: 0.6636 (0.6443)  time: 1.0159  data: 0.0004  max mem: 31528
Epoch: [8]  [2520/5625]  eta: 0:52:59  lr: 0.000009  train_loss: 0.1221 (0.2070)  train_iou: 0.6046 (0.6440)  time: 1.0069  data: 0.0005  max mem: 31528
Epoch: [8]  [2540/5625]  eta: 0:52:38  lr: 0.000009  train_loss: 0.1671 (0.2069)  train_iou: 0.6696 (0.6442)  time: 1.0166  data: 0.0004  max mem: 31528
Epoch: [8]  [2560/5625]  eta: 0:52:18  lr: 0.000009  train_loss: 0.1745 (0.2069)  train_iou: 0.5671 (0.6438)  time: 1.0135  data: 0.0004  max mem: 31528
Epoch: [8]  [2580/5625]  eta: 0:51:57  lr: 0.000009  train_loss: 0.1459 (0.2071)  train_iou: 0.6744 (0.6438)  time: 1.0176  data: 0.0005  max mem: 31528
Epoch: [8]  [2600/5625]  eta: 0:51:37  lr: 0.000009  train_loss: 0.1908 (0.2073)  train_iou: 0.6392 (0.6438)  time: 1.0186  data: 0.0004  max mem: 31528
Epoch: [8]  [2620/5625]  eta: 0:51:15  lr: 0.000009  train_loss: 0.1351 (0.2072)  train_iou: 0.6424 (0.6439)  time: 0.9987  data: 0.0004  max mem: 31528
Epoch: [8]  [2640/5625]  eta: 0:50:55  lr: 0.000009  train_loss: 0.1895 (0.2076)  train_iou: 0.5438 (0.6437)  time: 1.0153  data: 0.0004  max mem: 31528
Epoch: [8]  [2660/5625]  eta: 0:50:34  lr: 0.000009  train_loss: 0.1846 (0.2076)  train_iou: 0.6593 (0.6438)  time: 1.0164  data: 0.0005  max mem: 31528
Epoch: [8]  [2680/5625]  eta: 0:50:13  lr: 0.000009  train_loss: 0.1349 (0.2075)  train_iou: 0.5881 (0.6436)  time: 1.0147  data: 0.0005  max mem: 31528
Epoch: [8]  [2700/5625]  eta: 0:49:53  lr: 0.000009  train_loss: 0.0979 (0.2073)  train_iou: 0.7315 (0.6437)  time: 1.0067  data: 0.0004  max mem: 31528
Epoch: [8]  [2720/5625]  eta: 0:49:32  lr: 0.000009  train_loss: 0.1597 (0.2073)  train_iou: 0.6507 (0.6438)  time: 1.0137  data: 0.0004  max mem: 31528
Epoch: [8]  [2740/5625]  eta: 0:49:11  lr: 0.000009  train_loss: 0.1087 (0.2071)  train_iou: 0.6820 (0.6438)  time: 1.0165  data: 0.0004  max mem: 31528
Epoch: [8]  [2760/5625]  eta: 0:48:51  lr: 0.000009  train_loss: 0.1220 (0.2073)  train_iou: 0.6360 (0.6439)  time: 1.0123  data: 0.0004  max mem: 31528
Epoch: [8]  [2780/5625]  eta: 0:48:30  lr: 0.000009  train_loss: 0.1535 (0.2071)  train_iou: 0.7295 (0.6443)  time: 1.0022  data: 0.0004  max mem: 31528
Epoch: [8]  [2800/5625]  eta: 0:48:09  lr: 0.000009  train_loss: 0.2180 (0.2075)  train_iou: 0.5718 (0.6439)  time: 1.0100  data: 0.0004  max mem: 31528
Epoch: [8]  [2820/5625]  eta: 0:47:48  lr: 0.000009  train_loss: 0.2090 (0.2075)  train_iou: 0.5638 (0.6433)  time: 1.0147  data: 0.0004  max mem: 31528
Epoch: [8]  [2840/5625]  eta: 0:47:28  lr: 0.000009  train_loss: 0.2297 (0.2078)  train_iou: 0.6365 (0.6434)  time: 1.0184  data: 0.0004  max mem: 31528
Epoch: [8]  [2860/5625]  eta: 0:47:07  lr: 0.000009  train_loss: 0.1430 (0.2075)  train_iou: 0.7155 (0.6438)  time: 1.0175  data: 0.0004  max mem: 31528
Epoch: [8]  [2880/5625]  eta: 0:46:46  lr: 0.000009  train_loss: 0.1053 (0.2074)  train_iou: 0.6840 (0.6442)  time: 0.9979  data: 0.0004  max mem: 31528
Epoch: [8]  [2900/5625]  eta: 0:46:26  lr: 0.000009  train_loss: 0.2023 (0.2074)  train_iou: 0.6100 (0.6441)  time: 1.0187  data: 0.0004  max mem: 31528
Epoch: [8]  [2920/5625]  eta: 0:46:05  lr: 0.000009  train_loss: 0.1602 (0.2075)  train_iou: 0.6607 (0.6443)  time: 1.0120  data: 0.0004  max mem: 31528
Epoch: [8]  [2940/5625]  eta: 0:45:45  lr: 0.000009  train_loss: 0.1493 (0.2073)  train_iou: 0.5963 (0.6442)  time: 1.0112  data: 0.0004  max mem: 31528
Epoch: [8]  [2960/5625]  eta: 0:45:24  lr: 0.000009  train_loss: 0.1805 (0.2073)  train_iou: 0.5723 (0.6439)  time: 0.9956  data: 0.0004  max mem: 31528
Epoch: [8]  [2980/5625]  eta: 0:45:03  lr: 0.000009  train_loss: 0.1627 (0.2072)  train_iou: 0.6289 (0.6439)  time: 1.0108  data: 0.0005  max mem: 31528
Epoch: [8]  [3000/5625]  eta: 0:44:42  lr: 0.000009  train_loss: 0.1327 (0.2075)  train_iou: 0.6557 (0.6439)  time: 1.0108  data: 0.0004  max mem: 31528
Epoch: [8]  [3020/5625]  eta: 0:44:22  lr: 0.000009  train_loss: 0.1456 (0.2076)  train_iou: 0.6634 (0.6441)  time: 1.0152  data: 0.0004  max mem: 31528
Epoch: [8]  [3040/5625]  eta: 0:44:01  lr: 0.000009  train_loss: 0.1835 (0.2076)  train_iou: 0.6279 (0.6438)  time: 1.0148  data: 0.0004  max mem: 31528
Epoch: [8]  [3060/5625]  eta: 0:43:40  lr: 0.000009  train_loss: 0.2016 (0.2078)  train_iou: 0.6381 (0.6437)  time: 0.9999  data: 0.0004  max mem: 31528
Epoch: [8]  [3080/5625]  eta: 0:43:20  lr: 0.000009  train_loss: 0.1614 (0.2079)  train_iou: 0.6830 (0.6437)  time: 1.0109  data: 0.0004  max mem: 31528
Epoch: [8]  [3100/5625]  eta: 0:43:02  lr: 0.000009  train_loss: 0.1455 (0.2079)  train_iou: 0.6045 (0.6438)  time: 1.1815  data: 0.0004  max mem: 31528
Epoch: [8]  [3120/5625]  eta: 0:42:41  lr: 0.000009  train_loss: 0.1151 (0.2075)  train_iou: 0.6542 (0.6439)  time: 1.0125  data: 0.0004  max mem: 31528
Epoch: [8]  [3140/5625]  eta: 0:42:20  lr: 0.000009  train_loss: 0.2005 (0.2076)  train_iou: 0.6706 (0.6439)  time: 0.9933  data: 0.0004  max mem: 31528
Epoch: [8]  [3160/5625]  eta: 0:42:00  lr: 0.000009  train_loss: 0.2094 (0.2080)  train_iou: 0.6444 (0.6440)  time: 1.0149  data: 0.0004  max mem: 31528
Epoch: [8]  [3180/5625]  eta: 0:41:39  lr: 0.000009  train_loss: 0.1691 (0.2082)  train_iou: 0.6607 (0.6442)  time: 1.0188  data: 0.0004  max mem: 31528
Epoch: [8]  [3200/5625]  eta: 0:41:19  lr: 0.000009  train_loss: 0.1779 (0.2082)  train_iou: 0.6763 (0.6443)  time: 1.0138  data: 0.0004  max mem: 31528
Epoch: [8]  [3220/5625]  eta: 0:40:58  lr: 0.000009  train_loss: 0.2283 (0.2086)  train_iou: 0.5614 (0.6441)  time: 1.0045  data: 0.0004  max mem: 31528
Epoch: [8]  [3240/5625]  eta: 0:40:38  lr: 0.000009  train_loss: 0.2055 (0.2089)  train_iou: 0.6413 (0.6442)  time: 1.0119  data: 0.0004  max mem: 31528
Epoch: [8]  [3260/5625]  eta: 0:40:17  lr: 0.000009  train_loss: 0.1954 (0.2090)  train_iou: 0.6970 (0.6444)  time: 1.0144  data: 0.0004  max mem: 31528
Epoch: [8]  [3280/5625]  eta: 0:39:56  lr: 0.000009  train_loss: 0.1171 (0.2087)  train_iou: 0.6732 (0.6447)  time: 1.0081  data: 0.0004  max mem: 31528
Epoch: [8]  [3300/5625]  eta: 0:39:36  lr: 0.000009  train_loss: 0.1342 (0.2088)  train_iou: 0.6515 (0.6447)  time: 1.0103  data: 0.0004  max mem: 31528
Epoch: [8]  [3320/5625]  eta: 0:39:15  lr: 0.000009  train_loss: 0.1342 (0.2087)  train_iou: 0.5602 (0.6444)  time: 0.9952  data: 0.0004  max mem: 31528
Epoch: [8]  [3340/5625]  eta: 0:38:54  lr: 0.000009  train_loss: 0.1460 (0.2087)  train_iou: 0.6928 (0.6445)  time: 1.0161  data: 0.0004  max mem: 31528
Epoch: [8]  [3360/5625]  eta: 0:38:34  lr: 0.000009  train_loss: 0.1424 (0.2087)  train_iou: 0.6889 (0.6448)  time: 1.0117  data: 0.0004  max mem: 31528
Epoch: [8]  [3380/5625]  eta: 0:38:13  lr: 0.000009  train_loss: 0.1676 (0.2086)  train_iou: 0.6351 (0.6448)  time: 1.0143  data: 0.0004  max mem: 31528
Epoch: [8]  [3400/5625]  eta: 0:37:53  lr: 0.000009  train_loss: 0.1339 (0.2086)  train_iou: 0.6699 (0.6450)  time: 0.9982  data: 0.0004  max mem: 31528
Epoch: [8]  [3420/5625]  eta: 0:37:32  lr: 0.000009  train_loss: 0.1231 (0.2085)  train_iou: 0.6506 (0.6449)  time: 1.0132  data: 0.0004  max mem: 31528
Epoch: [8]  [3440/5625]  eta: 0:37:11  lr: 0.000009  train_loss: 0.1558 (0.2086)  train_iou: 0.6415 (0.6449)  time: 1.0139  data: 0.0004  max mem: 31528
Epoch: [8]  [3460/5625]  eta: 0:36:51  lr: 0.000009  train_loss: 0.1162 (0.2083)  train_iou: 0.6167 (0.6448)  time: 1.0112  data: 0.0004  max mem: 31528
Epoch: [8]  [3480/5625]  eta: 0:36:30  lr: 0.000009  train_loss: 0.1084 (0.2080)  train_iou: 0.6949 (0.6451)  time: 1.0047  data: 0.0004  max mem: 31528
Epoch: [8]  [3500/5625]  eta: 0:36:10  lr: 0.000009  train_loss: 0.1626 (0.2081)  train_iou: 0.5998 (0.6449)  time: 1.0031  data: 0.0004  max mem: 31528
Epoch: [8]  [3520/5625]  eta: 0:35:49  lr: 0.000009  train_loss: 0.1305 (0.2081)  train_iou: 0.5936 (0.6446)  time: 1.0126  data: 0.0004  max mem: 31528
Epoch: [8]  [3540/5625]  eta: 0:35:29  lr: 0.000009  train_loss: 0.2240 (0.2081)  train_iou: 0.6672 (0.6448)  time: 1.0160  data: 0.0004  max mem: 31528
Epoch: [8]  [3560/5625]  eta: 0:35:08  lr: 0.000009  train_loss: 0.1661 (0.2081)  train_iou: 0.5705 (0.6444)  time: 1.0184  data: 0.0004  max mem: 31528
Epoch: [8]  [3580/5625]  eta: 0:34:47  lr: 0.000009  train_loss: 0.1308 (0.2081)  train_iou: 0.7585 (0.6449)  time: 1.0014  data: 0.0004  max mem: 31528
Epoch: [8]  [3600/5625]  eta: 0:34:27  lr: 0.000009  train_loss: 0.1376 (0.2082)  train_iou: 0.5827 (0.6446)  time: 1.0141  data: 0.0005  max mem: 31528
Epoch: [8]  [3620/5625]  eta: 0:34:07  lr: 0.000009  train_loss: 0.1993 (0.2083)  train_iou: 0.6482 (0.6445)  time: 1.0180  data: 0.0004  max mem: 31528
Epoch: [8]  [3640/5625]  eta: 0:33:46  lr: 0.000009  train_loss: 0.1459 (0.2083)  train_iou: 0.6512 (0.6446)  time: 1.0127  data: 0.0004  max mem: 31528
Epoch: [8]  [3660/5625]  eta: 0:33:25  lr: 0.000009  train_loss: 0.1606 (0.2084)  train_iou: 0.6620 (0.6448)  time: 1.0013  data: 0.0004  max mem: 31528
Epoch: [8]  [3680/5625]  eta: 0:33:05  lr: 0.000009  train_loss: 0.1240 (0.2083)  train_iou: 0.6206 (0.6447)  time: 1.0177  data: 0.0004  max mem: 31528
Epoch: [8]  [3700/5625]  eta: 0:32:45  lr: 0.000009  train_loss: 0.1734 (0.2084)  train_iou: 0.5564 (0.6444)  time: 1.0182  data: 0.0004  max mem: 31528
Epoch: [8]  [3720/5625]  eta: 0:32:24  lr: 0.000009  train_loss: 0.1427 (0.2083)  train_iou: 0.6606 (0.6445)  time: 1.0119  data: 0.0004  max mem: 31528
Epoch: [8]  [3740/5625]  eta: 0:32:04  lr: 0.000009  train_loss: 0.1778 (0.2082)  train_iou: 0.6230 (0.6443)  time: 1.0126  data: 0.0004  max mem: 31528
Epoch: [8]  [3760/5625]  eta: 0:31:43  lr: 0.000009  train_loss: 0.2006 (0.2082)  train_iou: 0.6009 (0.6441)  time: 1.0014  data: 0.0004  max mem: 31528
Epoch: [8]  [3780/5625]  eta: 0:31:22  lr: 0.000009  train_loss: 0.1949 (0.2082)  train_iou: 0.6747 (0.6443)  time: 1.0137  data: 0.0004  max mem: 31528
Epoch: [8]  [3800/5625]  eta: 0:31:02  lr: 0.000009  train_loss: 0.1656 (0.2081)  train_iou: 0.5837 (0.6441)  time: 1.0206  data: 0.0004  max mem: 31528
Epoch: [8]  [3820/5625]  eta: 0:30:42  lr: 0.000009  train_loss: 0.1449 (0.2081)  train_iou: 0.6960 (0.6444)  time: 1.0155  data: 0.0004  max mem: 31528
Epoch: [8]  [3840/5625]  eta: 0:30:21  lr: 0.000009  train_loss: 0.1984 (0.2082)  train_iou: 0.6463 (0.6444)  time: 0.9992  data: 0.0004  max mem: 31528
Epoch: [8]  [3860/5625]  eta: 0:30:01  lr: 0.000009  train_loss: 0.2096 (0.2084)  train_iou: 0.6285 (0.6444)  time: 1.0163  data: 0.0004  max mem: 31528
Epoch: [8]  [3880/5625]  eta: 0:29:40  lr: 0.000009  train_loss: 0.2518 (0.2086)  train_iou: 0.6343 (0.6443)  time: 1.0160  data: 0.0004  max mem: 31528
Epoch: [8]  [3900/5625]  eta: 0:29:20  lr: 0.000009  train_loss: 0.1182 (0.2083)  train_iou: 0.6816 (0.6446)  time: 1.0185  data: 0.0004  max mem: 31528
Epoch: [8]  [3920/5625]  eta: 0:28:59  lr: 0.000009  train_loss: 0.1322 (0.2082)  train_iou: 0.6407 (0.6447)  time: 1.0143  data: 0.0004  max mem: 31528
Epoch: [8]  [3940/5625]  eta: 0:28:39  lr: 0.000009  train_loss: 0.1199 (0.2078)  train_iou: 0.6786 (0.6448)  time: 1.0054  data: 0.0004  max mem: 31528
Epoch: [8]  [3960/5625]  eta: 0:28:18  lr: 0.000009  train_loss: 0.2464 (0.2080)  train_iou: 0.6544 (0.6448)  time: 1.0096  data: 0.0004  max mem: 31528
Epoch: [8]  [3980/5625]  eta: 0:27:58  lr: 0.000009  train_loss: 0.1511 (0.2079)  train_iou: 0.6540 (0.6448)  time: 1.0117  data: 0.0004  max mem: 31528
Epoch: [8]  [4000/5625]  eta: 0:27:37  lr: 0.000009  train_loss: 0.2088 (0.2081)  train_iou: 0.6417 (0.6447)  time: 1.0183  data: 0.0004  max mem: 31528
Epoch: [8]  [4020/5625]  eta: 0:27:17  lr: 0.000009  train_loss: 0.1997 (0.2080)  train_iou: 0.6455 (0.6447)  time: 0.9995  data: 0.0005  max mem: 31528
Epoch: [8]  [4040/5625]  eta: 0:26:56  lr: 0.000009  train_loss: 0.1481 (0.2079)  train_iou: 0.6560 (0.6446)  time: 1.0125  data: 0.0004  max mem: 31528
Epoch: [8]  [4060/5625]  eta: 0:26:36  lr: 0.000009  train_loss: 0.1455 (0.2079)  train_iou: 0.6560 (0.6446)  time: 1.0189  data: 0.0004  max mem: 31528
Epoch: [8]  [4080/5625]  eta: 0:26:15  lr: 0.000009  train_loss: 0.1602 (0.2080)  train_iou: 0.6319 (0.6446)  time: 1.0146  data: 0.0004  max mem: 31528
Epoch: [8]  [4100/5625]  eta: 0:25:55  lr: 0.000009  train_loss: 0.1367 (0.2079)  train_iou: 0.6585 (0.6446)  time: 1.0063  data: 0.0004  max mem: 31528
Epoch: [8]  [4120/5625]  eta: 0:25:34  lr: 0.000009  train_loss: 0.1464 (0.2080)  train_iou: 0.6484 (0.6446)  time: 1.0093  data: 0.0004  max mem: 31528
Epoch: [8]  [4140/5625]  eta: 0:25:14  lr: 0.000009  train_loss: 0.1329 (0.2079)  train_iou: 0.6672 (0.6447)  time: 1.0138  data: 0.0004  max mem: 31528
Epoch: [8]  [4160/5625]  eta: 0:24:54  lr: 0.000009  train_loss: 0.1576 (0.2078)  train_iou: 0.6714 (0.6448)  time: 1.0129  data: 0.0004  max mem: 31528
Epoch: [8]  [4180/5625]  eta: 0:24:33  lr: 0.000009  train_loss: 0.1880 (0.2081)  train_iou: 0.6426 (0.6447)  time: 1.0246  data: 0.0004  max mem: 31528
Epoch: [8]  [4200/5625]  eta: 0:24:13  lr: 0.000009  train_loss: 0.1793 (0.2083)  train_iou: 0.6552 (0.6448)  time: 1.0003  data: 0.0004  max mem: 31528
Epoch: [8]  [4220/5625]  eta: 0:23:52  lr: 0.000009  train_loss: 0.1949 (0.2084)  train_iou: 0.7062 (0.6450)  time: 1.0133  data: 0.0005  max mem: 31528
Epoch: [8]  [4240/5625]  eta: 0:23:32  lr: 0.000009  train_loss: 0.1616 (0.2086)  train_iou: 0.7504 (0.6454)  time: 1.0183  data: 0.0004  max mem: 31528
Epoch: [8]  [4260/5625]  eta: 0:23:11  lr: 0.000009  train_loss: 0.1714 (0.2087)  train_iou: 0.6244 (0.6452)  time: 1.0203  data: 0.0004  max mem: 31528
Epoch: [8]  [4280/5625]  eta: 0:22:51  lr: 0.000009  train_loss: 0.1823 (0.2088)  train_iou: 0.5974 (0.6451)  time: 1.0024  data: 0.0004  max mem: 31528
Epoch: [8]  [4300/5625]  eta: 0:22:30  lr: 0.000009  train_loss: 0.2389 (0.2091)  train_iou: 0.6059 (0.6451)  time: 1.0121  data: 0.0004  max mem: 31528
Epoch: [8]  [4320/5625]  eta: 0:22:10  lr: 0.000009  train_loss: 0.1504 (0.2090)  train_iou: 0.6288 (0.6450)  time: 1.0198  data: 0.0004  max mem: 31528
Epoch: [8]  [4340/5625]  eta: 0:21:50  lr: 0.000009  train_loss: 0.1223 (0.2088)  train_iou: 0.6330 (0.6450)  time: 1.0191  data: 0.0004  max mem: 31528
Epoch: [8]  [4360/5625]  eta: 0:21:29  lr: 0.000009  train_loss: 0.1494 (0.2087)  train_iou: 0.6013 (0.6449)  time: 1.0153  data: 0.0004  max mem: 31528
Epoch: [8]  [4380/5625]  eta: 0:21:09  lr: 0.000009  train_loss: 0.1339 (0.2086)  train_iou: 0.6647 (0.6450)  time: 1.0010  data: 0.0004  max mem: 31528
Epoch: [8]  [4400/5625]  eta: 0:20:48  lr: 0.000009  train_loss: 0.1694 (0.2086)  train_iou: 0.6608 (0.6451)  time: 1.0122  data: 0.0004  max mem: 31528
Epoch: [8]  [4420/5625]  eta: 0:20:29  lr: 0.000009  train_loss: 0.1849 (0.2086)  train_iou: 0.6642 (0.6450)  time: 1.1712  data: 0.0004  max mem: 31528
Epoch: [8]  [4440/5625]  eta: 0:20:08  lr: 0.000009  train_loss: 0.1710 (0.2087)  train_iou: 0.6050 (0.6449)  time: 1.0141  data: 0.0004  max mem: 31528
Epoch: [8]  [4460/5625]  eta: 0:19:48  lr: 0.000009  train_loss: 0.1672 (0.2088)  train_iou: 0.6600 (0.6449)  time: 0.9991  data: 0.0004  max mem: 31528
Epoch: [8]  [4480/5625]  eta: 0:19:27  lr: 0.000009  train_loss: 0.1184 (0.2085)  train_iou: 0.6487 (0.6449)  time: 1.0102  data: 0.0005  max mem: 31528
Epoch: [8]  [4500/5625]  eta: 0:19:07  lr: 0.000009  train_loss: 0.1932 (0.2086)  train_iou: 0.6223 (0.6448)  time: 1.0097  data: 0.0004  max mem: 31528
Epoch: [8]  [4520/5625]  eta: 0:18:47  lr: 0.000009  train_loss: 0.1519 (0.2085)  train_iou: 0.6112 (0.6447)  time: 1.0212  data: 0.0004  max mem: 31528
Epoch: [8]  [4540/5625]  eta: 0:18:26  lr: 0.000009  train_loss: 0.1342 (0.2085)  train_iou: 0.6665 (0.6448)  time: 1.0051  data: 0.0005  max mem: 31528
Epoch: [8]  [4560/5625]  eta: 0:18:06  lr: 0.000009  train_loss: 0.1027 (0.2082)  train_iou: 0.6552 (0.6450)  time: 1.0088  data: 0.0004  max mem: 31528
Epoch: [8]  [4580/5625]  eta: 0:17:45  lr: 0.000009  train_loss: 0.1459 (0.2084)  train_iou: 0.6379 (0.6450)  time: 1.0173  data: 0.0004  max mem: 31528
Epoch: [8]  [4600/5625]  eta: 0:17:25  lr: 0.000009  train_loss: 0.1110 (0.2083)  train_iou: 0.6562 (0.6450)  time: 1.0228  data: 0.0004  max mem: 31528
Epoch: [8]  [4620/5625]  eta: 0:17:04  lr: 0.000009  train_loss: 0.1121 (0.2082)  train_iou: 0.6422 (0.6449)  time: 1.0180  data: 0.0004  max mem: 31528
Epoch: [8]  [4640/5625]  eta: 0:16:44  lr: 0.000009  train_loss: 0.2197 (0.2082)  train_iou: 0.5537 (0.6445)  time: 1.0080  data: 0.0005  max mem: 31528
Epoch: [8]  [4660/5625]  eta: 0:16:24  lr: 0.000009  train_loss: 0.1398 (0.2082)  train_iou: 0.6537 (0.6445)  time: 1.0098  data: 0.0004  max mem: 31528
Epoch: [8]  [4680/5625]  eta: 0:16:03  lr: 0.000009  train_loss: 0.1146 (0.2080)  train_iou: 0.6330 (0.6443)  time: 1.0174  data: 0.0004  max mem: 31528
Epoch: [8]  [4700/5625]  eta: 0:15:43  lr: 0.000009  train_loss: 0.1909 (0.2081)  train_iou: 0.6487 (0.6443)  time: 1.0153  data: 0.0004  max mem: 31528
Epoch: [8]  [4720/5625]  eta: 0:15:22  lr: 0.000009  train_loss: 0.1268 (0.2081)  train_iou: 0.7283 (0.6445)  time: 1.0106  data: 0.0005  max mem: 31528
Epoch: [8]  [4740/5625]  eta: 0:15:02  lr: 0.000009  train_loss: 0.1368 (0.2079)  train_iou: 0.6582 (0.6446)  time: 1.0149  data: 0.0004  max mem: 31528
Epoch: [8]  [4760/5625]  eta: 0:14:41  lr: 0.000009  train_loss: 0.2350 (0.2081)  train_iou: 0.6434 (0.6445)  time: 1.0002  data: 0.0004  max mem: 31528
Epoch: [8]  [4780/5625]  eta: 0:14:21  lr: 0.000009  train_loss: 0.2182 (0.2081)  train_iou: 0.6510 (0.6446)  time: 1.0135  data: 0.0004  max mem: 31528
Epoch: [8]  [4800/5625]  eta: 0:14:01  lr: 0.000009  train_loss: 0.2029 (0.2083)  train_iou: 0.6311 (0.6445)  time: 1.0104  data: 0.0004  max mem: 31528
Epoch: [8]  [4820/5625]  eta: 0:13:40  lr: 0.000009  train_loss: 0.2043 (0.2085)  train_iou: 0.6716 (0.6446)  time: 0.9961  data: 0.0005  max mem: 31528
Epoch: [8]  [4840/5625]  eta: 0:13:20  lr: 0.000009  train_loss: 0.1565 (0.2084)  train_iou: 0.5883 (0.6446)  time: 1.0035  data: 0.0004  max mem: 31528
Epoch: [8]  [4860/5625]  eta: 0:12:59  lr: 0.000009  train_loss: 0.1204 (0.2083)  train_iou: 0.6598 (0.6447)  time: 1.0008  data: 0.0004  max mem: 31528
Epoch: [8]  [4880/5625]  eta: 0:12:39  lr: 0.000009  train_loss: 0.1396 (0.2081)  train_iou: 0.7242 (0.6449)  time: 0.9965  data: 0.0005  max mem: 31528
Epoch: [8]  [4900/5625]  eta: 0:12:18  lr: 0.000009  train_loss: 0.1398 (0.2081)  train_iou: 0.6707 (0.6450)  time: 0.9958  data: 0.0005  max mem: 31528
Epoch: [8]  [4920/5625]  eta: 0:11:58  lr: 0.000009  train_loss: 0.1584 (0.2081)  train_iou: 0.6222 (0.6449)  time: 0.9920  data: 0.0004  max mem: 31528
Epoch: [8]  [4940/5625]  eta: 0:11:37  lr: 0.000009  train_loss: 0.1906 (0.2082)  train_iou: 0.5787 (0.6446)  time: 1.0051  data: 0.0005  max mem: 31528
Epoch: [8]  [4960/5625]  eta: 0:11:17  lr: 0.000009  train_loss: 0.2723 (0.2085)  train_iou: 0.6659 (0.6445)  time: 1.0020  data: 0.0004  max mem: 31528
Epoch: [8]  [4980/5625]  eta: 0:10:57  lr: 0.000009  train_loss: 0.1767 (0.2086)  train_iou: 0.6639 (0.6446)  time: 0.9956  data: 0.0004  max mem: 31528
Epoch: [8]  [5000/5625]  eta: 0:10:36  lr: 0.000009  train_loss: 0.1266 (0.2086)  train_iou: 0.6465 (0.6445)  time: 0.9938  data: 0.0004  max mem: 31528
Epoch: [8]  [5020/5625]  eta: 0:10:16  lr: 0.000009  train_loss: 0.1500 (0.2085)  train_iou: 0.6585 (0.6445)  time: 1.0005  data: 0.0004  max mem: 31528
Epoch: [8]  [5040/5625]  eta: 0:09:55  lr: 0.000009  train_loss: 0.1548 (0.2085)  train_iou: 0.6514 (0.6447)  time: 1.0040  data: 0.0004  max mem: 31528
Epoch: [8]  [5060/5625]  eta: 0:09:35  lr: 0.000009  train_loss: 0.1513 (0.2086)  train_iou: 0.6630 (0.6447)  time: 1.0057  data: 0.0004  max mem: 31528
Epoch: [8]  [5080/5625]  eta: 0:09:15  lr: 0.000009  train_loss: 0.1415 (0.2086)  train_iou: 0.6961 (0.6448)  time: 1.0030  data: 0.0004  max mem: 31528
Epoch: [8]  [5100/5625]  eta: 0:08:54  lr: 0.000009  train_loss: 0.2299 (0.2088)  train_iou: 0.6317 (0.6448)  time: 0.9935  data: 0.0004  max mem: 31528
Epoch: [8]  [5120/5625]  eta: 0:08:34  lr: 0.000009  train_loss: 0.1927 (0.2088)  train_iou: 0.5826 (0.6447)  time: 1.0048  data: 0.0004  max mem: 31528
Epoch: [8]  [5140/5625]  eta: 0:08:13  lr: 0.000009  train_loss: 0.1087 (0.2086)  train_iou: 0.6644 (0.6448)  time: 1.0060  data: 0.0004  max mem: 31528
Epoch: [8]  [5160/5625]  eta: 0:07:53  lr: 0.000009  train_loss: 0.0992 (0.2084)  train_iou: 0.5957 (0.6447)  time: 1.0042  data: 0.0004  max mem: 31528
Epoch: [8]  [5180/5625]  eta: 0:07:33  lr: 0.000009  train_loss: 0.1263 (0.2082)  train_iou: 0.6508 (0.6447)  time: 0.9923  data: 0.0004  max mem: 31528
Epoch: [8]  [5200/5625]  eta: 0:07:12  lr: 0.000009  train_loss: 0.1916 (0.2084)  train_iou: 0.6422 (0.6447)  time: 1.0063  data: 0.0004  max mem: 31528
Epoch: [8]  [5220/5625]  eta: 0:06:52  lr: 0.000009  train_loss: 0.1045 (0.2081)  train_iou: 0.6653 (0.6450)  time: 1.0062  data: 0.0004  max mem: 31528
Epoch: [8]  [5240/5625]  eta: 0:06:31  lr: 0.000009  train_loss: 0.1268 (0.2081)  train_iou: 0.6330 (0.6450)  time: 1.0020  data: 0.0005  max mem: 31528
Epoch: [8]  [5260/5625]  eta: 0:06:11  lr: 0.000009  train_loss: 0.1610 (0.2080)  train_iou: 0.6405 (0.6449)  time: 0.9841  data: 0.0005  max mem: 31528
Epoch: [8]  [5280/5625]  eta: 0:05:51  lr: 0.000009  train_loss: 0.2147 (0.2080)  train_iou: 0.6442 (0.6448)  time: 0.9995  data: 0.0004  max mem: 31528
Epoch: [8]  [5300/5625]  eta: 0:05:30  lr: 0.000009  train_loss: 0.2012 (0.2081)  train_iou: 0.6295 (0.6447)  time: 1.0031  data: 0.0004  max mem: 31528
Epoch: [8]  [5320/5625]  eta: 0:05:10  lr: 0.000009  train_loss: 0.1522 (0.2082)  train_iou: 0.7139 (0.6446)  time: 1.0046  data: 0.0004  max mem: 31528
Epoch: [8]  [5340/5625]  eta: 0:04:49  lr: 0.000009  train_loss: 0.1960 (0.2081)  train_iou: 0.6530 (0.6446)  time: 1.0029  data: 0.0004  max mem: 31528
Epoch: [8]  [5360/5625]  eta: 0:04:29  lr: 0.000009  train_loss: 0.1341 (0.2080)  train_iou: 0.6861 (0.6447)  time: 0.9857  data: 0.0004  max mem: 31528
Epoch: [8]  [5380/5625]  eta: 0:04:09  lr: 0.000009  train_loss: 0.1020 (0.2078)  train_iou: 0.6567 (0.6448)  time: 0.9990  data: 0.0004  max mem: 31528
Epoch: [8]  [5400/5625]  eta: 0:03:48  lr: 0.000009  train_loss: 0.1578 (0.2077)  train_iou: 0.7066 (0.6449)  time: 1.0066  data: 0.0004  max mem: 31528
Epoch: [8]  [5420/5625]  eta: 0:03:28  lr: 0.000009  train_loss: 0.1154 (0.2075)  train_iou: 0.7047 (0.6451)  time: 1.0026  data: 0.0004  max mem: 31528
Epoch: [8]  [5440/5625]  eta: 0:03:08  lr: 0.000009  train_loss: 0.1051 (0.2073)  train_iou: 0.6540 (0.6451)  time: 0.9919  data: 0.0004  max mem: 31528
Epoch: [8]  [5460/5625]  eta: 0:02:47  lr: 0.000009  train_loss: 0.1335 (0.2072)  train_iou: 0.6416 (0.6450)  time: 1.0007  data: 0.0004  max mem: 31528
Epoch: [8]  [5480/5625]  eta: 0:02:27  lr: 0.000009  train_loss: 0.1844 (0.2073)  train_iou: 0.6301 (0.6448)  time: 1.0021  data: 0.0004  max mem: 31528
Epoch: [8]  [5500/5625]  eta: 0:02:07  lr: 0.000009  train_loss: 0.1738 (0.2073)  train_iou: 0.6558 (0.6449)  time: 1.0058  data: 0.0004  max mem: 31528
Epoch: [8]  [5520/5625]  eta: 0:01:46  lr: 0.000009  train_loss: 0.1272 (0.2072)  train_iou: 0.6605 (0.6450)  time: 0.9889  data: 0.0004  max mem: 31528
Epoch: [8]  [5540/5625]  eta: 0:01:26  lr: 0.000009  train_loss: 0.1628 (0.2072)  train_iou: 0.6240 (0.6449)  time: 0.9955  data: 0.0004  max mem: 31528
Epoch: [8]  [5560/5625]  eta: 0:01:06  lr: 0.000009  train_loss: 0.1501 (0.2073)  train_iou: 0.6427 (0.6448)  time: 1.0248  data: 0.0004  max mem: 31528
Epoch: [8]  [5580/5625]  eta: 0:00:45  lr: 0.000009  train_loss: 0.2267 (0.2075)  train_iou: 0.6239 (0.6448)  time: 0.9977  data: 0.0004  max mem: 31528
Epoch: [8]  [5600/5625]  eta: 0:00:25  lr: 0.000009  train_loss: 0.1278 (0.2075)  train_iou: 0.5626 (0.6447)  time: 1.0000  data: 0.0004  max mem: 31528
Epoch: [8]  [5620/5625]  eta: 0:00:05  lr: 0.000009  train_loss: 0.1363 (0.2076)  train_iou: 0.6731 (0.6448)  time: 0.9304  data: 0.0003  max mem: 31528
Epoch: [8]  [5624/5625]  eta: 0:00:01  lr: 0.000009  train_loss: 0.1481 (0.2076)  train_iou: 0.6320 (0.6448)  time: 0.9084  data: 0.0002  max mem: 31528
Epoch: [8] Total time: 1:35:18 (1.0166 s / it)
Averaged stats: lr: 0.000009  train_loss: 0.1481 (0.2076)  train_iou: 0.6320 (0.6448)
huggingface/tokenizers: The current process just got forked, after parallelism has already been used. Disabling parallelism to avoid deadlocks...
To disable this warning, you can either:
	- Avoid using `tokenizers` before the fork if possible
	- Explicitly set the environment variable TOKENIZERS_PARALLELISM=(true | false)
huggingface/tokenizers: The current process just got forked, after parallelism has already been used. Disabling parallelism to avoid deadlocks...
To disable this warning, you can either:
	- Avoid using `tokenizers` before the fork if possible
	- Explicitly set the environment variable TOKENIZERS_PARALLELISM=(true | false)
huggingface/tokenizers: The current process just got forked, after parallelism has already been used. Disabling parallelism to avoid deadlocks...
To disable this warning, you can either:
	- Avoid using `tokenizers` before the fork if possible
	- Explicitly set the environment variable TOKENIZERS_PARALLELISM=(true | false)
huggingface/tokenizers: The current process just got forked, after parallelism has already been used. Disabling parallelism to avoid deadlocks...
To disable this warning, you can either:
	- Avoid using `tokenizers` before the fork if possible
	- Explicitly set the environment variable TOKENIZERS_PARALLELISM=(true | false)
huggingface/tokenizers: The current process just got forked, after parallelism has already been used. Disabling parallelism to avoid deadlocks...
To disable this warning, you can either:
	- Avoid using `tokenizers` before the fork if possible
	- Explicitly set the environment variable TOKENIZERS_PARALLELISM=(true | false)
huggingface/tokenizers: The current process just got forked, after parallelism has already been used. Disabling parallelism to avoid deadlocks...
To disable this warning, you can either:
	- Avoid using `tokenizers` before the fork if possible
	- Explicitly set the environment variable TOKENIZERS_PARALLELISM=(true | false)
huggingface/tokenizers: The current process just got forked, after parallelism has already been used. Disabling parallelism to avoid deadlocks...
To disable this warning, you can either:
	- Avoid using `tokenizers` before the fork if possible
	- Explicitly set the environment variable TOKENIZERS_PARALLELISM=(true | false)
huggingface/tokenizers: The current process just got forked, after parallelism has already been used. Disabling parallelism to avoid deadlocks...
To disable this warning, you can either:
	- Avoid using `tokenizers` before the fork if possible
	- Explicitly set the environment variable TOKENIZERS_PARALLELISM=(true | false)
Test:  [   0/4000]  eta: 9:03:09  inter: 33387.0000 (33387.0000)  union: 37635.0000 (37635.0000)  iou: 0.8871 (0.8871)  time: 8.1473  data: 1.6412  max mem: 31528
Test:  [  50/4000]  eta: 0:46:11  inter: 14626.0000 (24585.6719)  union: 49503.0000 (41806.6406)  iou: 0.5178 (0.5650)  time: 0.1985  data: 0.0005  max mem: 31528
Test:  [ 100/4000]  eta: 0:35:30  inter: 23722.0000 (25962.0368)  union: 45866.0000 (41808.6544)  iou: 0.6064 (0.6043)  time: 0.1975  data: 0.0005  max mem: 31528
Test:  [ 150/4000]  eta: 0:27:52  inter: 18969.0000 (25643.7656)  union: 30155.0000 (39730.9761)  iou: 0.8489 (0.6295)  time: 0.2118  data: 0.0005  max mem: 31528
Test:  [ 200/4000]  eta: 0:23:47  inter: 33533.0000 (26319.8938)  union: 36714.0000 (39595.6740)  iou: 0.8367 (0.6388)  time: 0.1990  data: 0.0005  max mem: 31528
Test:  [ 250/4000]  eta: 0:21:11  inter: 14867.0000 (28314.3012)  union: 32126.0000 (41266.3072)  iou: 0.6103 (0.6375)  time: 0.1853  data: 0.0005  max mem: 31528
Test:  [ 300/4000]  eta: 0:19:27  inter: 13056.0000 (27547.1290)  union: 24264.0000 (40889.7816)  iou: 0.5390 (0.6261)  time: 0.2122  data: 0.0005  max mem: 31528
Test:  [ 350/4000]  eta: 0:18:20  inter: 9425.0000 (26490.9835)  union: 29901.0000 (40681.1942)  iou: 0.4475 (0.6125)  time: 0.2175  data: 0.0005  max mem: 31528
Test:  [ 400/4000]  eta: 0:19:09  inter: 30465.0000 (25861.1839)  union: 35591.0000 (39936.0929)  iou: 0.6908 (0.6104)  time: 0.2026  data: 0.0005  max mem: 31528
Test:  [ 450/4000]  eta: 0:18:09  inter: 12926.0000 (25591.2111)  union: 28811.0000 (39739.6524)  iou: 0.6595 (0.6099)  time: 0.2224  data: 0.0005  max mem: 31528
Test:  [ 500/4000]  eta: 0:17:18  inter: 17310.0000 (26002.8639)  union: 33456.0000 (40691.6218)  iou: 0.5519 (0.6052)  time: 0.1955  data: 0.0005  max mem: 31528
Test:  [ 550/4000]  eta: 0:16:38  inter: 23765.0000 (25976.9473)  union: 27923.0000 (40412.3997)  iou: 0.8303 (0.6117)  time: 0.2127  data: 0.0005  max mem: 31528
Test:  [ 600/4000]  eta: 0:16:00  inter: 9560.0000 (25812.6047)  union: 34232.0000 (40466.2391)  iou: 0.8020 (0.6070)  time: 0.2092  data: 0.0005  max mem: 31528
Test:  [ 650/4000]  eta: 0:15:24  inter: 24206.0000 (26275.1923)  union: 40745.0000 (40810.0376)  iou: 0.6189 (0.6061)  time: 0.1963  data: 0.0005  max mem: 31528
Test:  [ 700/4000]  eta: 0:14:52  inter: 13714.0000 (25727.6745)  union: 28922.0000 (40494.9446)  iou: 0.3528 (0.5984)  time: 0.2005  data: 0.0005  max mem: 31528
Test:  [ 750/4000]  eta: 0:14:27  inter: 27418.0000 (25668.3254)  union: 29684.0000 (40397.7793)  iou: 0.8529 (0.6004)  time: 0.2288  data: 0.0005  max mem: 31528
Test:  [ 800/4000]  eta: 0:14:01  inter: 19510.0000 (25465.5071)  union: 46762.0000 (39951.7679)  iou: 0.6112 (0.6006)  time: 0.2142  data: 0.0005  max mem: 31528
Test:  [ 850/4000]  eta: 0:13:39  inter: 21542.0000 (25492.3381)  union: 33270.0000 (39933.7590)  iou: 0.7917 (0.6000)  time: 0.1977  data: 0.0005  max mem: 31528
Test:  [ 900/4000]  eta: 0:13:17  inter: 12539.0000 (25531.8206)  union: 27444.0000 (40180.1470)  iou: 0.6977 (0.5958)  time: 0.1957  data: 0.0005  max mem: 31528
Test:  [ 950/4000]  eta: 0:12:55  inter: 24964.0000 (25739.9400)  union: 30629.0000 (40234.5641)  iou: 0.8421 (0.5966)  time: 0.2033  data: 0.0005  max mem: 31528
Test:  [1000/4000]  eta: 0:12:35  inter: 22332.0000 (25981.9366)  union: 37235.0000 (40386.0221)  iou: 0.7426 (0.5980)  time: 0.1911  data: 0.0005  max mem: 31528
Test:  [1050/4000]  eta: 0:12:16  inter: 18664.0000 (26010.1748)  union: 36998.0000 (40395.4252)  iou: 0.4825 (0.5980)  time: 0.2075  data: 0.0005  max mem: 31528
Test:  [1100/4000]  eta: 0:11:57  inter: 22424.0000 (25872.9186)  union: 30880.0000 (40148.3229)  iou: 0.7187 (0.5968)  time: 0.2001  data: 0.0005  max mem: 31528
Test:  [1150/4000]  eta: 0:11:39  inter: 9961.0000 (25993.2345)  union: 23822.0000 (40079.4808)  iou: 0.4184 (0.6003)  time: 0.2153  data: 0.0005  max mem: 31528
Test:  [1200/4000]  eta: 0:11:23  inter: 15908.0000 (26028.0345)  union: 29196.0000 (40224.6463)  iou: 0.7846 (0.5988)  time: 0.2154  data: 0.0005  max mem: 31528
Test:  [1250/4000]  eta: 0:11:08  inter: 1149.0000 (25783.6633)  union: 33695.0000 (39976.2186)  iou: 0.0125 (0.5971)  time: 0.2238  data: 0.0005  max mem: 31528
Test:  [1300/4000]  eta: 0:10:52  inter: 17491.0000 (25582.5860)  union: 36136.0000 (39814.7275)  iou: 0.4129 (0.5982)  time: 0.2101  data: 0.0005  max mem: 31528
Test:  [1350/4000]  eta: 0:10:37  inter: 26300.0000 (25615.4595)  union: 35019.0000 (39839.6832)  iou: 0.8074 (0.5986)  time: 0.2126  data: 0.0005  max mem: 31528
Test:  [1400/4000]  eta: 0:10:22  inter: 9913.0000 (25721.5425)  union: 11978.0000 (39981.8770)  iou: 0.7520 (0.5967)  time: 0.2120  data: 0.0005  max mem: 31528
Test:  [1450/4000]  eta: 0:10:08  inter: 15757.0000 (25636.9731)  union: 42186.0000 (39937.6660)  iou: 0.6335 (0.5956)  time: 0.2101  data: 0.0005  max mem: 31528
Test:  [1500/4000]  eta: 0:09:54  inter: 16671.0000 (25609.2692)  union: 39947.0000 (40017.1589)  iou: 0.4782 (0.5933)  time: 0.2090  data: 0.0005  max mem: 31528
Test:  [1550/4000]  eta: 0:09:41  inter: 21277.0000 (25565.0890)  union: 30356.0000 (39974.6665)  iou: 0.8427 (0.5948)  time: 0.2304  data: 0.0005  max mem: 31528
Test:  [1600/4000]  eta: 0:09:45  inter: 11119.0000 (25444.6496)  union: 24022.0000 (39933.6342)  iou: 0.6982 (0.5916)  time: 0.8438  data: 0.0005  max mem: 31528
Test:  [1650/4000]  eta: 0:09:31  inter: 15829.0000 (25438.1561)  union: 33490.0000 (39925.1604)  iou: 0.5483 (0.5907)  time: 0.2125  data: 0.0005  max mem: 31528
Test:  [1700/4000]  eta: 0:09:16  inter: 16793.0000 (25402.3634)  union: 36192.0000 (39998.7159)  iou: 0.6944 (0.5889)  time: 0.2035  data: 0.0005  max mem: 31528
Test:  [1750/4000]  eta: 0:09:01  inter: 16997.0000 (25352.5968)  union: 32717.0000 (39938.6941)  iou: 0.7865 (0.5887)  time: 0.2148  data: 0.0009  max mem: 31528
Test:  [1800/4000]  eta: 0:08:48  inter: 24444.0000 (25270.0514)  union: 35469.0000 (39837.6137)  iou: 0.7591 (0.5888)  time: 0.2132  data: 0.0005  max mem: 31528
Test:  [1850/4000]  eta: 0:08:33  inter: 11164.0000 (25214.3126)  union: 34037.0000 (39917.6169)  iou: 0.3443 (0.5870)  time: 0.2007  data: 0.0005  max mem: 31528
Test:  [1900/4000]  eta: 0:08:19  inter: 37201.0000 (25154.2326)  union: 55543.0000 (39817.5449)  iou: 0.5924 (0.5882)  time: 0.2033  data: 0.0005  max mem: 31528
Test:  [1950/4000]  eta: 0:08:05  inter: 11794.0000 (25136.5436)  union: 16769.0000 (39792.7483)  iou: 0.7033 (0.5887)  time: 0.1924  data: 0.0004  max mem: 31528
Test:  [2000/4000]  eta: 0:07:51  inter: 15452.0000 (25142.4090)  union: 22226.0000 (39740.9359)  iou: 0.7490 (0.5892)  time: 0.1922  data: 0.0005  max mem: 31528
Test:  [2050/4000]  eta: 0:07:38  inter: 6736.0000 (25013.5276)  union: 49613.0000 (39838.6313)  iou: 0.1974 (0.5865)  time: 0.2347  data: 0.0005  max mem: 31528
Test:  [2100/4000]  eta: 0:07:25  inter: 20066.0000 (25028.3024)  union: 33166.0000 (39797.7974)  iou: 0.7811 (0.5874)  time: 0.1931  data: 0.0005  max mem: 31528
Test:  [2150/4000]  eta: 0:07:11  inter: 23853.0000 (25022.0924)  union: 30200.0000 (39840.3922)  iou: 0.7829 (0.5867)  time: 0.1957  data: 0.0005  max mem: 31528
Test:  [2200/4000]  eta: 0:06:58  inter: 13392.0000 (24979.1925)  union: 21345.0000 (39766.6351)  iou: 0.7198 (0.5871)  time: 0.2051  data: 0.0005  max mem: 31528
Test:  [2250/4000]  eta: 0:06:46  inter: 18937.0000 (24853.3524)  union: 36733.0000 (39636.4641)  iou: 0.7216 (0.5862)  time: 0.1928  data: 0.0005  max mem: 31528
Test:  [2300/4000]  eta: 0:06:33  inter: 25127.0000 (24951.0009)  union: 37246.0000 (39620.9809)  iou: 0.6144 (0.5883)  time: 0.2009  data: 0.0005  max mem: 31528
Test:  [2350/4000]  eta: 0:06:20  inter: 15428.0000 (24890.8618)  union: 37711.0000 (39587.4598)  iou: 0.7638 (0.5885)  time: 0.2108  data: 0.0007  max mem: 31528
Test:  [2400/4000]  eta: 0:06:08  inter: 10031.0000 (24935.9626)  union: 33048.0000 (39563.8182)  iou: 0.2038 (0.5889)  time: 0.2073  data: 0.0005  max mem: 31528
Test:  [2450/4000]  eta: 0:05:55  inter: 29134.0000 (25040.0133)  union: 32756.0000 (39613.6626)  iou: 0.8333 (0.5906)  time: 0.1810  data: 0.0005  max mem: 31528
Test:  [2500/4000]  eta: 0:05:42  inter: 24770.0000 (24992.1100)  union: 38459.0000 (39614.4984)  iou: 0.7982 (0.5902)  time: 0.1843  data: 0.0005  max mem: 31528
Test:  [2550/4000]  eta: 0:05:30  inter: 30373.0000 (25101.7718)  union: 33112.0000 (39719.2822)  iou: 0.8227 (0.5909)  time: 0.2145  data: 0.0005  max mem: 31528
Test:  [2600/4000]  eta: 0:05:18  inter: 12755.0000 (25018.8456)  union: 28481.0000 (39663.0464)  iou: 0.5128 (0.5895)  time: 0.2084  data: 0.0005  max mem: 31528
Test:  [2650/4000]  eta: 0:05:06  inter: 16363.0000 (25037.0156)  union: 34496.0000 (39888.4103)  iou: 0.8102 (0.5884)  time: 0.2037  data: 0.0005  max mem: 31528
Test:  [2700/4000]  eta: 0:04:54  inter: 22315.0000 (25122.6072)  union: 30483.0000 (39958.5538)  iou: 0.8673 (0.5893)  time: 0.1969  data: 0.0005  max mem: 31528
Test:  [2750/4000]  eta: 0:04:42  inter: 22794.0000 (25213.3144)  union: 28983.0000 (40062.7741)  iou: 0.8208 (0.5888)  time: 0.1969  data: 0.0005  max mem: 31528
Test:  [2800/4000]  eta: 0:04:30  inter: 14767.0000 (25195.7571)  union: 26419.0000 (39953.7391)  iou: 0.5972 (0.5892)  time: 0.1968  data: 0.0005  max mem: 31528
Test:  [2850/4000]  eta: 0:04:19  inter: 12385.0000 (25324.8300)  union: 32935.0000 (40046.8786)  iou: 0.3228 (0.5888)  time: 0.1964  data: 0.0005  max mem: 31528
Test:  [2900/4000]  eta: 0:04:07  inter: 17671.0000 (25353.3628)  union: 26125.0000 (40073.1702)  iou: 0.7329 (0.5884)  time: 0.1826  data: 0.0004  max mem: 31528
Test:  [2950/4000]  eta: 0:03:55  inter: 19983.0000 (25398.9829)  union: 26541.0000 (40082.7356)  iou: 0.4410 (0.5883)  time: 0.1913  data: 0.0005  max mem: 31528
Test:  [3000/4000]  eta: 0:03:44  inter: 16224.0000 (25334.7173)  union: 32542.0000 (40038.7535)  iou: 0.4084 (0.5872)  time: 0.2129  data: 0.0005  max mem: 31528
Test:  [3050/4000]  eta: 0:03:32  inter: 13474.0000 (25285.0722)  union: 29462.0000 (40097.3033)  iou: 0.4600 (0.5866)  time: 0.2020  data: 0.0005  max mem: 31528
Test:  [3100/4000]  eta: 0:03:21  inter: 16848.0000 (25278.4411)  union: 37309.0000 (40063.6592)  iou: 0.4766 (0.5870)  time: 0.2005  data: 0.0005  max mem: 31528
Test:  [3150/4000]  eta: 0:03:09  inter: 16440.0000 (25166.3410)  union: 21624.0000 (39955.7706)  iou: 0.5533 (0.5865)  time: 0.1994  data: 0.0005  max mem: 31528
Test:  [3200/4000]  eta: 0:02:58  inter: 12753.0000 (25189.7340)  union: 41023.0000 (40009.7466)  iou: 0.5959 (0.5867)  time: 0.1929  data: 0.0005  max mem: 31528
Test:  [3250/4000]  eta: 0:02:46  inter: 14422.0000 (25124.1444)  union: 26098.0000 (39946.4041)  iou: 0.7649 (0.5854)  time: 0.2008  data: 0.0005  max mem: 31528
Test:  [3300/4000]  eta: 0:02:35  inter: 24903.0000 (25210.9129)  union: 43762.0000 (40052.6553)  iou: 0.8081 (0.5845)  time: 0.2136  data: 0.0005  max mem: 31528
Test:  [3350/4000]  eta: 0:02:23  inter: 9525.0000 (25182.5857)  union: 12713.0000 (40072.6939)  iou: 0.7589 (0.5846)  time: 0.1695  data: 0.0004  max mem: 31528
Test:  [3400/4000]  eta: 0:02:12  inter: 25148.0000 (25284.4507)  union: 37227.0000 (40130.8323)  iou: 0.8479 (0.5859)  time: 0.2106  data: 0.0005  max mem: 31528
Test:  [3450/4000]  eta: 0:02:01  inter: 16619.0000 (25299.4588)  union: 28808.0000 (40115.1380)  iou: 0.5497 (0.5860)  time: 0.1948  data: 0.0005  max mem: 31528
Test:  [3500/4000]  eta: 0:01:50  inter: 15254.0000 (25282.5533)  union: 21392.0000 (40037.8431)  iou: 0.8005 (0.5864)  time: 0.1918  data: 0.0005  max mem: 31528
Test:  [3550/4000]  eta: 0:01:39  inter: 22099.0000 (25266.3930)  union: 36851.0000 (40058.7796)  iou: 0.7758 (0.5855)  time: 0.1892  data: 0.0005  max mem: 31528
Test:  [3600/4000]  eta: 0:01:28  inter: 22146.0000 (25218.3063)  union: 31608.0000 (40022.5248)  iou: 0.6944 (0.5845)  time: 0.1947  data: 0.0005  max mem: 31528
Test:  [3650/4000]  eta: 0:01:16  inter: 18646.0000 (25163.6637)  union: 38741.0000 (40021.1954)  iou: 0.4361 (0.5839)  time: 0.2192  data: 0.0005  max mem: 31528
Test:  [3700/4000]  eta: 0:01:05  inter: 20669.0000 (25250.7489)  union: 36121.0000 (40053.9148)  iou: 0.6960 (0.5845)  time: 0.1940  data: 0.0005  max mem: 31528
Test:  [3750/4000]  eta: 0:00:54  inter: 22644.0000 (25286.7187)  union: 42923.0000 (40089.9114)  iou: 0.5764 (0.5852)  time: 0.1899  data: 0.0005  max mem: 31528
Test:  [3800/4000]  eta: 0:00:43  inter: 22072.0000 (25319.4836)  union: 29639.0000 (40082.1853)  iou: 0.5696 (0.5854)  time: 0.1760  data: 0.0004  max mem: 31528
Test:  [3850/4000]  eta: 0:00:32  inter: 21704.0000 (25328.1855)  union: 33758.0000 (40094.0090)  iou: 0.8805 (0.5858)  time: 0.1952  data: 0.0005  max mem: 31528
Test:  [3900/4000]  eta: 0:00:21  inter: 18723.0000 (25357.6097)  union: 27264.0000 (40151.7678)  iou: 0.6740 (0.5854)  time: 0.1984  data: 0.0005  max mem: 31528
Test:  [3950/4000]  eta: 0:00:10  inter: 17618.0000 (25324.7092)  union: 35461.0000 (40116.3158)  iou: 0.6631 (0.5856)  time: 0.1927  data: 0.0005  max mem: 31528
Test:  [3999/4000]  eta: 0:00:00  inter: 15894.0000 (25286.3419)  union: 30882.0000 (40043.9961)  iou: 0.7303 (0.5864)  time: 0.1784  data: 0.0002  max mem: 31528
Test: Total time: 0:14:32 (0.2182 s / it)
* IoU 0.586 oIoU 0.631
IoU of the network on the 4000 test images: 0.6%
Max IoU: 0.59%
huggingface/tokenizers: The current process just got forked, after parallelism has already been used. Disabling parallelism to avoid deadlocks...
To disable this warning, you can either:
	- Avoid using `tokenizers` before the fork if possible
	- Explicitly set the environment variable TOKENIZERS_PARALLELISM=(true | false)
huggingface/tokenizers: The current process just got forked, after parallelism has already been used. Disabling parallelism to avoid deadlocks...
To disable this warning, you can either:
	- Avoid using `tokenizers` before the fork if possible
	- Explicitly set the environment variable TOKENIZERS_PARALLELISM=(true | false)
huggingface/tokenizers: The current process just got forked, after parallelism has already been used. Disabling parallelism to avoid deadlocks...
To disable this warning, you can either:
	- Avoid using `tokenizers` before the fork if possible
	- Explicitly set the environment variable TOKENIZERS_PARALLELISM=(true | false)
huggingface/tokenizers: The current process just got forked, after parallelism has already been used. Disabling parallelism to avoid deadlocks...
To disable this warning, you can either:
	- Avoid using `tokenizers` before the fork if possible
	- Explicitly set the environment variable TOKENIZERS_PARALLELISM=(true | false)
huggingface/tokenizers: The current process just got forked, after parallelism has already been used. Disabling parallelism to avoid deadlocks...
To disable this warning, you can either:
	- Avoid using `tokenizers` before the fork if possible
	- Explicitly set the environment variable TOKENIZERS_PARALLELISM=(true | false)
huggingface/tokenizers: The current process just got forked, after parallelism has already been used. Disabling parallelism to avoid deadlocks...
To disable this warning, you can either:
	- Avoid using `tokenizers` before the fork if possible
	- Explicitly set the environment variable TOKENIZERS_PARALLELISM=(true | false)
huggingface/tokenizers: The current process just got forked, after parallelism has already been used. Disabling parallelism to avoid deadlocks...
To disable this warning, you can either:
	- Avoid using `tokenizers` before the fork if possible
	- Explicitly set the environment variable TOKENIZERS_PARALLELISM=(true | false)
huggingface/tokenizers: The current process just got forked, after parallelism has already been used. Disabling parallelism to avoid deadlocks...
To disable this warning, you can either:
	- Avoid using `tokenizers` before the fork if possible
	- Explicitly set the environment variable TOKENIZERS_PARALLELISM=(true | false)
Epoch: [9]  [   0/5625]  eta: 9:10:51  lr: 0.000009  train_loss: 0.1942 (0.1942)  train_iou: 0.5005 (0.5005)  time: 5.8759  data: 3.4196  max mem: 31528
Epoch: [9]  [  20/5625]  eta: 1:58:47  lr: 0.000009  train_loss: 0.2188 (0.2515)  train_iou: 0.5604 (0.6236)  time: 1.0415  data: 0.0004  max mem: 31528
Epoch: [9]  [  40/5625]  eta: 1:47:24  lr: 0.000009  train_loss: 0.1416 (0.2313)  train_iou: 0.6277 (0.6417)  time: 1.0301  data: 0.0005  max mem: 31528
Epoch: [9]  [  60/5625]  eta: 1:42:37  lr: 0.000009  train_loss: 0.1278 (0.2175)  train_iou: 0.6717 (0.6568)  time: 1.0093  data: 0.0004  max mem: 31528
Epoch: [9]  [  80/5625]  eta: 1:40:27  lr: 0.000009  train_loss: 0.1565 (0.2172)  train_iou: 0.6120 (0.6510)  time: 1.0281  data: 0.0005  max mem: 31528
Epoch: [9]  [ 100/5625]  eta: 1:38:54  lr: 0.000009  train_loss: 0.1813 (0.2140)  train_iou: 0.7137 (0.6583)  time: 1.0220  data: 0.0005  max mem: 31528
Epoch: [9]  [ 120/5625]  eta: 1:37:46  lr: 0.000009  train_loss: 0.1139 (0.2060)  train_iou: 0.6495 (0.6598)  time: 1.0227  data: 0.0005  max mem: 31528
Epoch: [9]  [ 140/5625]  eta: 1:39:03  lr: 0.000009  train_loss: 0.1117 (0.1961)  train_iou: 0.6732 (0.6636)  time: 1.1915  data: 0.0005  max mem: 31528
Epoch: [9]  [ 160/5625]  eta: 1:38:00  lr: 0.000009  train_loss: 0.1266 (0.1967)  train_iou: 0.6357 (0.6608)  time: 1.0227  data: 0.0005  max mem: 31528
Epoch: [9]  [ 180/5625]  eta: 1:37:08  lr: 0.000009  train_loss: 0.2019 (0.1967)  train_iou: 0.6031 (0.6534)  time: 1.0256  data: 0.0005  max mem: 31528
Epoch: [9]  [ 200/5625]  eta: 1:36:22  lr: 0.000009  train_loss: 0.1381 (0.1935)  train_iou: 0.5648 (0.6474)  time: 1.0251  data: 0.0005  max mem: 31528
Epoch: [9]  [ 220/5625]  eta: 1:35:41  lr: 0.000009  train_loss: 0.1006 (0.1900)  train_iou: 0.6786 (0.6499)  time: 1.0250  data: 0.0005  max mem: 31528
Epoch: [9]  [ 240/5625]  eta: 1:34:55  lr: 0.000009  train_loss: 0.1557 (0.1915)  train_iou: 0.6505 (0.6496)  time: 1.0070  data: 0.0004  max mem: 31528
Epoch: [9]  [ 260/5625]  eta: 1:34:20  lr: 0.000009  train_loss: 0.1670 (0.1931)  train_iou: 0.6360 (0.6508)  time: 1.0249  data: 0.0005  max mem: 31528
Epoch: [9]  [ 280/5625]  eta: 1:33:50  lr: 0.000009  train_loss: 0.1206 (0.1921)  train_iou: 0.6571 (0.6515)  time: 1.0304  data: 0.0004  max mem: 31528
Epoch: [9]  [ 300/5625]  eta: 1:33:18  lr: 0.000009  train_loss: 0.1173 (0.1901)  train_iou: 0.6827 (0.6548)  time: 1.0226  data: 0.0005  max mem: 31528
Epoch: [9]  [ 320/5625]  eta: 1:32:45  lr: 0.000009  train_loss: 0.1269 (0.1912)  train_iou: 0.6258 (0.6524)  time: 1.0150  data: 0.0005  max mem: 31528
Epoch: [9]  [ 340/5625]  eta: 1:32:16  lr: 0.000009  train_loss: 0.1210 (0.1919)  train_iou: 0.6224 (0.6522)  time: 1.0244  data: 0.0005  max mem: 31528
Epoch: [9]  [ 360/5625]  eta: 1:31:49  lr: 0.000009  train_loss: 0.1966 (0.1933)  train_iou: 0.6641 (0.6530)  time: 1.0270  data: 0.0005  max mem: 31528
Epoch: [9]  [ 380/5625]  eta: 1:31:23  lr: 0.000009  train_loss: 0.1906 (0.1949)  train_iou: 0.5689 (0.6506)  time: 1.0269  data: 0.0005  max mem: 31528
Epoch: [9]  [ 400/5625]  eta: 1:30:56  lr: 0.000009  train_loss: 0.2253 (0.1983)  train_iou: 0.5639 (0.6474)  time: 1.0245  data: 0.0005  max mem: 31528
Epoch: [9]  [ 420/5625]  eta: 1:30:27  lr: 0.000009  train_loss: 0.1237 (0.1967)  train_iou: 0.5821 (0.6445)  time: 1.0103  data: 0.0005  max mem: 31528
Epoch: [9]  [ 440/5625]  eta: 1:30:02  lr: 0.000009  train_loss: 0.1114 (0.1942)  train_iou: 0.6822 (0.6460)  time: 1.0259  data: 0.0005  max mem: 31528
Epoch: [9]  [ 460/5625]  eta: 1:29:38  lr: 0.000009  train_loss: 0.1155 (0.1944)  train_iou: 0.6374 (0.6456)  time: 1.0271  data: 0.0005  max mem: 31528
Epoch: [9]  [ 480/5625]  eta: 1:29:14  lr: 0.000009  train_loss: 0.1488 (0.1938)  train_iou: 0.6689 (0.6468)  time: 1.0247  data: 0.0005  max mem: 31528
Epoch: [9]  [ 500/5625]  eta: 1:28:48  lr: 0.000009  train_loss: 0.1588 (0.1944)  train_iou: 0.6019 (0.6449)  time: 1.0186  data: 0.0005  max mem: 31528
Epoch: [9]  [ 520/5625]  eta: 1:28:23  lr: 0.000009  train_loss: 0.1214 (0.1942)  train_iou: 0.6589 (0.6452)  time: 1.0137  data: 0.0005  max mem: 31528
Epoch: [9]  [ 540/5625]  eta: 1:28:01  lr: 0.000009  train_loss: 0.1237 (0.1931)  train_iou: 0.6579 (0.6462)  time: 1.0347  data: 0.0005  max mem: 31528
Epoch: [9]  [ 560/5625]  eta: 1:27:41  lr: 0.000009  train_loss: 0.1859 (0.1937)  train_iou: 0.6407 (0.6462)  time: 1.0406  data: 0.0005  max mem: 31528
Epoch: [9]  [ 580/5625]  eta: 1:27:17  lr: 0.000009  train_loss: 0.1230 (0.1930)  train_iou: 0.6250 (0.6451)  time: 1.0205  data: 0.0004  max mem: 31528
Epoch: [9]  [ 600/5625]  eta: 1:26:51  lr: 0.000009  train_loss: 0.1670 (0.1932)  train_iou: 0.6994 (0.6467)  time: 1.0064  data: 0.0004  max mem: 31528
Epoch: [9]  [ 620/5625]  eta: 1:26:28  lr: 0.000009  train_loss: 0.1760 (0.1935)  train_iou: 0.6659 (0.6469)  time: 1.0254  data: 0.0005  max mem: 31528
Epoch: [9]  [ 640/5625]  eta: 1:26:06  lr: 0.000009  train_loss: 0.2151 (0.1945)  train_iou: 0.6802 (0.6472)  time: 1.0260  data: 0.0004  max mem: 31528
Epoch: [9]  [ 660/5625]  eta: 1:25:43  lr: 0.000009  train_loss: 0.1393 (0.1942)  train_iou: 0.6244 (0.6477)  time: 1.0259  data: 0.0005  max mem: 31528
Epoch: [9]  [ 680/5625]  eta: 1:25:21  lr: 0.000009  train_loss: 0.1737 (0.1947)  train_iou: 0.6373 (0.6480)  time: 1.0219  data: 0.0005  max mem: 31528
Epoch: [9]  [ 700/5625]  eta: 1:24:56  lr: 0.000009  train_loss: 0.1846 (0.1950)  train_iou: 0.7032 (0.6491)  time: 1.0110  data: 0.0004  max mem: 31528
Epoch: [9]  [ 720/5625]  eta: 1:24:35  lr: 0.000009  train_loss: 0.1186 (0.1944)  train_iou: 0.5634 (0.6486)  time: 1.0295  data: 0.0004  max mem: 31528
Epoch: [9]  [ 740/5625]  eta: 1:24:13  lr: 0.000009  train_loss: 0.1560 (0.1943)  train_iou: 0.6555 (0.6487)  time: 1.0229  data: 0.0005  max mem: 31528
Epoch: [9]  [ 760/5625]  eta: 1:23:50  lr: 0.000009  train_loss: 0.1648 (0.1948)  train_iou: 0.6820 (0.6497)  time: 1.0226  data: 0.0005  max mem: 31528
Epoch: [9]  [ 780/5625]  eta: 1:23:29  lr: 0.000009  train_loss: 0.1133 (0.1945)  train_iou: 0.5948 (0.6485)  time: 1.0253  data: 0.0005  max mem: 31528
Epoch: [9]  [ 800/5625]  eta: 1:23:06  lr: 0.000009  train_loss: 0.1403 (0.1956)  train_iou: 0.5995 (0.6473)  time: 1.0152  data: 0.0004  max mem: 31528
Epoch: [9]  [ 820/5625]  eta: 1:22:45  lr: 0.000009  train_loss: 0.1431 (0.1954)  train_iou: 0.6604 (0.6477)  time: 1.0312  data: 0.0005  max mem: 31528
Epoch: [9]  [ 840/5625]  eta: 1:22:23  lr: 0.000009  train_loss: 0.1689 (0.1959)  train_iou: 0.6298 (0.6474)  time: 1.0271  data: 0.0005  max mem: 31528
Epoch: [9]  [ 860/5625]  eta: 1:22:01  lr: 0.000009  train_loss: 0.1840 (0.1957)  train_iou: 0.5975 (0.6467)  time: 1.0211  data: 0.0004  max mem: 31528
Epoch: [9]  [ 880/5625]  eta: 1:21:39  lr: 0.000009  train_loss: 0.1069 (0.1960)  train_iou: 0.6447 (0.6466)  time: 1.0125  data: 0.0005  max mem: 31528
Epoch: [9]  [ 900/5625]  eta: 1:21:17  lr: 0.000009  train_loss: 0.1307 (0.1957)  train_iou: 0.7129 (0.6474)  time: 1.0248  data: 0.0005  max mem: 31528
Epoch: [9]  [ 920/5625]  eta: 1:20:56  lr: 0.000009  train_loss: 0.1333 (0.1949)  train_iou: 0.6439 (0.6476)  time: 1.0236  data: 0.0005  max mem: 31528
Epoch: [9]  [ 940/5625]  eta: 1:20:34  lr: 0.000009  train_loss: 0.1225 (0.1944)  train_iou: 0.6869 (0.6482)  time: 1.0253  data: 0.0004  max mem: 31528
Epoch: [9]  [ 960/5625]  eta: 1:20:12  lr: 0.000009  train_loss: 0.1036 (0.1935)  train_iou: 0.6490 (0.6483)  time: 1.0190  data: 0.0004  max mem: 31528
Epoch: [9]  [ 980/5625]  eta: 1:19:50  lr: 0.000009  train_loss: 0.1062 (0.1931)  train_iou: 0.6583 (0.6488)  time: 1.0096  data: 0.0005  max mem: 31528
Epoch: [9]  [1000/5625]  eta: 1:19:29  lr: 0.000009  train_loss: 0.1597 (0.1932)  train_iou: 0.6348 (0.6483)  time: 1.0256  data: 0.0005  max mem: 31528
Epoch: [9]  [1020/5625]  eta: 1:19:08  lr: 0.000009  train_loss: 0.1203 (0.1930)  train_iou: 0.6617 (0.6487)  time: 1.0277  data: 0.0005  max mem: 31528
Epoch: [9]  [1040/5625]  eta: 1:18:46  lr: 0.000009  train_loss: 0.1086 (0.1927)  train_iou: 0.6656 (0.6499)  time: 1.0215  data: 0.0004  max mem: 31528
Epoch: [9]  [1060/5625]  eta: 1:18:25  lr: 0.000009  train_loss: 0.0975 (0.1916)  train_iou: 0.6278 (0.6491)  time: 1.0218  data: 0.0005  max mem: 31528
Epoch: [9]  [1080/5625]  eta: 1:18:02  lr: 0.000009  train_loss: 0.1066 (0.1910)  train_iou: 0.7411 (0.6503)  time: 1.0108  data: 0.0004  max mem: 31528
Epoch: [9]  [1100/5625]  eta: 1:17:41  lr: 0.000009  train_loss: 0.1374 (0.1909)  train_iou: 0.6258 (0.6492)  time: 1.0225  data: 0.0004  max mem: 31528
Epoch: [9]  [1120/5625]  eta: 1:17:20  lr: 0.000009  train_loss: 0.2168 (0.1921)  train_iou: 0.6234 (0.6483)  time: 1.0252  data: 0.0004  max mem: 31528
Epoch: [9]  [1140/5625]  eta: 1:16:59  lr: 0.000009  train_loss: 0.1400 (0.1919)  train_iou: 0.5551 (0.6477)  time: 1.0198  data: 0.0004  max mem: 31528
Epoch: [9]  [1160/5625]  eta: 1:16:36  lr: 0.000009  train_loss: 0.1593 (0.1919)  train_iou: 0.6504 (0.6481)  time: 1.0076  data: 0.0004  max mem: 31528
Epoch: [9]  [1180/5625]  eta: 1:16:16  lr: 0.000009  train_loss: 0.1904 (0.1923)  train_iou: 0.6545 (0.6479)  time: 1.0323  data: 0.0004  max mem: 31528
Epoch: [9]  [1200/5625]  eta: 1:15:56  lr: 0.000009  train_loss: 0.1535 (0.1923)  train_iou: 0.6788 (0.6483)  time: 1.0325  data: 0.0005  max mem: 31528
Epoch: [9]  [1220/5625]  eta: 1:15:34  lr: 0.000009  train_loss: 0.1602 (0.1924)  train_iou: 0.6571 (0.6485)  time: 1.0214  data: 0.0004  max mem: 31528
Epoch: [9]  [1240/5625]  eta: 1:15:14  lr: 0.000009  train_loss: 0.1582 (0.1925)  train_iou: 0.6823 (0.6494)  time: 1.0261  data: 0.0004  max mem: 31528
Epoch: [9]  [1260/5625]  eta: 1:14:52  lr: 0.000009  train_loss: 0.1736 (0.1923)  train_iou: 0.6778 (0.6492)  time: 1.0072  data: 0.0004  max mem: 31528
Epoch: [9]  [1280/5625]  eta: 1:14:31  lr: 0.000009  train_loss: 0.1677 (0.1930)  train_iou: 0.6762 (0.6498)  time: 1.0256  data: 0.0005  max mem: 31528
Epoch: [9]  [1300/5625]  eta: 1:14:10  lr: 0.000009  train_loss: 0.2377 (0.1938)  train_iou: 0.6658 (0.6497)  time: 1.0231  data: 0.0004  max mem: 31528
Epoch: [9]  [1320/5625]  eta: 1:13:48  lr: 0.000009  train_loss: 0.1305 (0.1941)  train_iou: 0.7112 (0.6502)  time: 1.0176  data: 0.0004  max mem: 31528
Epoch: [9]  [1340/5625]  eta: 1:13:27  lr: 0.000009  train_loss: 0.1471 (0.1939)  train_iou: 0.6430 (0.6504)  time: 1.0197  data: 0.0005  max mem: 31528
Epoch: [9]  [1360/5625]  eta: 1:13:05  lr: 0.000009  train_loss: 0.1643 (0.1941)  train_iou: 0.7371 (0.6510)  time: 1.0059  data: 0.0004  max mem: 31528
Epoch: [9]  [1380/5625]  eta: 1:12:44  lr: 0.000009  train_loss: 0.1676 (0.1944)  train_iou: 0.6677 (0.6510)  time: 1.0239  data: 0.0004  max mem: 31528
Epoch: [9]  [1400/5625]  eta: 1:12:23  lr: 0.000009  train_loss: 0.1233 (0.1948)  train_iou: 0.6314 (0.6511)  time: 1.0131  data: 0.0004  max mem: 31528
Epoch: [9]  [1420/5625]  eta: 1:12:02  lr: 0.000009  train_loss: 0.1469 (0.1949)  train_iou: 0.5683 (0.6502)  time: 1.0202  data: 0.0004  max mem: 31528
Epoch: [9]  [1440/5625]  eta: 1:11:41  lr: 0.000009  train_loss: 0.1326 (0.1943)  train_iou: 0.6357 (0.6503)  time: 1.0135  data: 0.0004  max mem: 31528
Epoch: [9]  [1460/5625]  eta: 1:11:19  lr: 0.000009  train_loss: 0.1243 (0.1944)  train_iou: 0.6642 (0.6508)  time: 1.0168  data: 0.0004  max mem: 31528
Epoch: [9]  [1480/5625]  eta: 1:10:58  lr: 0.000009  train_loss: 0.1587 (0.1944)  train_iou: 0.6311 (0.6507)  time: 1.0177  data: 0.0005  max mem: 31528
Epoch: [9]  [1500/5625]  eta: 1:10:37  lr: 0.000009  train_loss: 0.1425 (0.1944)  train_iou: 0.6474 (0.6503)  time: 1.0228  data: 0.0004  max mem: 31528
Epoch: [9]  [1520/5625]  eta: 1:10:17  lr: 0.000009  train_loss: 0.1317 (0.1948)  train_iou: 0.5803 (0.6499)  time: 1.0213  data: 0.0004  max mem: 31528
Epoch: [9]  [1540/5625]  eta: 1:09:55  lr: 0.000009  train_loss: 0.1401 (0.1949)  train_iou: 0.6765 (0.6508)  time: 1.0079  data: 0.0004  max mem: 31528
Epoch: [9]  [1560/5625]  eta: 1:09:34  lr: 0.000009  train_loss: 0.0923 (0.1943)  train_iou: 0.6657 (0.6508)  time: 1.0246  data: 0.0005  max mem: 31528
Epoch: [9]  [1580/5625]  eta: 1:09:14  lr: 0.000009  train_loss: 0.1390 (0.1943)  train_iou: 0.7011 (0.6513)  time: 1.0262  data: 0.0004  max mem: 31528
Epoch: [9]  [1600/5625]  eta: 1:08:53  lr: 0.000009  train_loss: 0.1336 (0.1941)  train_iou: 0.6182 (0.6509)  time: 1.0201  data: 0.0004  max mem: 31528
Epoch: [9]  [1620/5625]  eta: 1:08:32  lr: 0.000009  train_loss: 0.1259 (0.1942)  train_iou: 0.6332 (0.6509)  time: 1.0257  data: 0.0004  max mem: 31528
Epoch: [9]  [1640/5625]  eta: 1:08:11  lr: 0.000009  train_loss: 0.2602 (0.1951)  train_iou: 0.6411 (0.6504)  time: 1.0057  data: 0.0005  max mem: 31528
Epoch: [9]  [1660/5625]  eta: 1:07:50  lr: 0.000009  train_loss: 0.1854 (0.1951)  train_iou: 0.6750 (0.6511)  time: 1.0262  data: 0.0004  max mem: 31528
Epoch: [9]  [1680/5625]  eta: 1:07:29  lr: 0.000009  train_loss: 0.1740 (0.1949)  train_iou: 0.6611 (0.6512)  time: 1.0244  data: 0.0004  max mem: 31528
Epoch: [9]  [1700/5625]  eta: 1:07:09  lr: 0.000009  train_loss: 0.1354 (0.1948)  train_iou: 0.6155 (0.6510)  time: 1.0298  data: 0.0004  max mem: 31528
Epoch: [9]  [1720/5625]  eta: 1:06:49  lr: 0.000009  train_loss: 0.1249 (0.1945)  train_iou: 0.6779 (0.6513)  time: 1.0299  data: 0.0005  max mem: 31528
Epoch: [9]  [1740/5625]  eta: 1:06:28  lr: 0.000009  train_loss: 0.1786 (0.1947)  train_iou: 0.6544 (0.6514)  time: 1.0154  data: 0.0004  max mem: 31528
Epoch: [9]  [1760/5625]  eta: 1:06:07  lr: 0.000009  train_loss: 0.1846 (0.1951)  train_iou: 0.5804 (0.6511)  time: 1.0284  data: 0.0004  max mem: 31528
Epoch: [9]  [1780/5625]  eta: 1:05:46  lr: 0.000009  train_loss: 0.1435 (0.1950)  train_iou: 0.6406 (0.6510)  time: 1.0182  data: 0.0004  max mem: 31528
Epoch: [9]  [1800/5625]  eta: 1:05:33  lr: 0.000009  train_loss: 0.1603 (0.1950)  train_iou: 0.7487 (0.6512)  time: 1.1872  data: 0.0005  max mem: 31528
Epoch: [9]  [1820/5625]  eta: 1:05:11  lr: 0.000009  train_loss: 0.1529 (0.1949)  train_iou: 0.6888 (0.6514)  time: 1.0146  data: 0.0004  max mem: 31528
Epoch: [9]  [1840/5625]  eta: 1:04:51  lr: 0.000009  train_loss: 0.1392 (0.1946)  train_iou: 0.6197 (0.6507)  time: 1.0270  data: 0.0004  max mem: 31528
Epoch: [9]  [1860/5625]  eta: 1:04:30  lr: 0.000009  train_loss: 0.1576 (0.1946)  train_iou: 0.6250 (0.6502)  time: 1.0235  data: 0.0004  max mem: 31528
Epoch: [9]  [1880/5625]  eta: 1:04:09  lr: 0.000009  train_loss: 0.1718 (0.1949)  train_iou: 0.6339 (0.6503)  time: 1.0163  data: 0.0004  max mem: 31528
Epoch: [9]  [1900/5625]  eta: 1:03:48  lr: 0.000009  train_loss: 0.1474 (0.1947)  train_iou: 0.5834 (0.6500)  time: 1.0216  data: 0.0004  max mem: 31528
Epoch: [9]  [1920/5625]  eta: 1:03:27  lr: 0.000009  train_loss: 0.1953 (0.1947)  train_iou: 0.6408 (0.6497)  time: 1.0086  data: 0.0004  max mem: 31528
Epoch: [9]  [1940/5625]  eta: 1:03:07  lr: 0.000009  train_loss: 0.1587 (0.1949)  train_iou: 0.6419 (0.6495)  time: 1.0307  data: 0.0004  max mem: 31528
Epoch: [9]  [1960/5625]  eta: 1:02:46  lr: 0.000009  train_loss: 0.1295 (0.1949)  train_iou: 0.7252 (0.6501)  time: 1.0268  data: 0.0005  max mem: 31528
Epoch: [9]  [1980/5625]  eta: 1:02:25  lr: 0.000009  train_loss: 0.2251 (0.1953)  train_iou: 0.6622 (0.6502)  time: 1.0243  data: 0.0005  max mem: 31528
Epoch: [9]  [2000/5625]  eta: 1:02:04  lr: 0.000009  train_loss: 0.1676 (0.1953)  train_iou: 0.6790 (0.6504)  time: 1.0168  data: 0.0004  max mem: 31528
Epoch: [9]  [2020/5625]  eta: 1:01:43  lr: 0.000009  train_loss: 0.1131 (0.1948)  train_iou: 0.6507 (0.6502)  time: 1.0129  data: 0.0004  max mem: 31528
Epoch: [9]  [2040/5625]  eta: 1:01:23  lr: 0.000009  train_loss: 0.1514 (0.1953)  train_iou: 0.6389 (0.6502)  time: 1.0225  data: 0.0005  max mem: 31528
Epoch: [9]  [2060/5625]  eta: 1:01:02  lr: 0.000009  train_loss: 0.1101 (0.1952)  train_iou: 0.6728 (0.6503)  time: 1.0151  data: 0.0004  max mem: 31528
Epoch: [9]  [2080/5625]  eta: 1:00:41  lr: 0.000009  train_loss: 0.1711 (0.1951)  train_iou: 0.6703 (0.6503)  time: 1.0212  data: 0.0004  max mem: 31528
Epoch: [9]  [2100/5625]  eta: 1:00:20  lr: 0.000009  train_loss: 0.1203 (0.1950)  train_iou: 0.6770 (0.6504)  time: 1.0084  data: 0.0004  max mem: 31528
Epoch: [9]  [2120/5625]  eta: 0:59:59  lr: 0.000009  train_loss: 0.2195 (0.1953)  train_iou: 0.6492 (0.6502)  time: 1.0246  data: 0.0005  max mem: 31528
Epoch: [9]  [2140/5625]  eta: 0:59:38  lr: 0.000009  train_loss: 0.1152 (0.1951)  train_iou: 0.6776 (0.6505)  time: 1.0237  data: 0.0004  max mem: 31528
Epoch: [9]  [2160/5625]  eta: 0:59:18  lr: 0.000009  train_loss: 0.1030 (0.1946)  train_iou: 0.6597 (0.6503)  time: 1.0296  data: 0.0004  max mem: 31528
Epoch: [9]  [2180/5625]  eta: 0:58:57  lr: 0.000009  train_loss: 0.1600 (0.1947)  train_iou: 0.6192 (0.6500)  time: 1.0260  data: 0.0004  max mem: 31528
Epoch: [9]  [2200/5625]  eta: 0:58:36  lr: 0.000009  train_loss: 0.1989 (0.1949)  train_iou: 0.6518 (0.6501)  time: 1.0096  data: 0.0004  max mem: 31528
Epoch: [9]  [2220/5625]  eta: 0:58:16  lr: 0.000009  train_loss: 0.1358 (0.1948)  train_iou: 0.6718 (0.6503)  time: 1.0269  data: 0.0004  max mem: 31528
Epoch: [9]  [2240/5625]  eta: 0:57:55  lr: 0.000009  train_loss: 0.1489 (0.1948)  train_iou: 0.6176 (0.6501)  time: 1.0270  data: 0.0004  max mem: 31528
Epoch: [9]  [2260/5625]  eta: 0:57:34  lr: 0.000009  train_loss: 0.2525 (0.1954)  train_iou: 0.5792 (0.6498)  time: 1.0167  data: 0.0004  max mem: 31528
Epoch: [9]  [2280/5625]  eta: 0:57:14  lr: 0.000009  train_loss: 0.1286 (0.1955)  train_iou: 0.6790 (0.6500)  time: 1.0156  data: 0.0005  max mem: 31528
Epoch: [9]  [2300/5625]  eta: 0:56:53  lr: 0.000009  train_loss: 0.1890 (0.1959)  train_iou: 0.6255 (0.6500)  time: 1.0166  data: 0.0004  max mem: 31528
Epoch: [9]  [2320/5625]  eta: 0:56:32  lr: 0.000009  train_loss: 0.1968 (0.1961)  train_iou: 0.6374 (0.6498)  time: 1.0280  data: 0.0004  max mem: 31528
Epoch: [9]  [2340/5625]  eta: 0:56:12  lr: 0.000009  train_loss: 0.2211 (0.1966)  train_iou: 0.5656 (0.6495)  time: 1.0244  data: 0.0004  max mem: 31528
Epoch: [9]  [2360/5625]  eta: 0:55:51  lr: 0.000009  train_loss: 0.1188 (0.1964)  train_iou: 0.6532 (0.6497)  time: 1.0183  data: 0.0004  max mem: 31528
Epoch: [9]  [2380/5625]  eta: 0:55:30  lr: 0.000009  train_loss: 0.1234 (0.1964)  train_iou: 0.6792 (0.6499)  time: 1.0058  data: 0.0004  max mem: 31528
Epoch: [9]  [2400/5625]  eta: 0:55:09  lr: 0.000009  train_loss: 0.1230 (0.1963)  train_iou: 0.6465 (0.6496)  time: 1.0216  data: 0.0004  max mem: 31528
Epoch: [9]  [2420/5625]  eta: 0:54:49  lr: 0.000009  train_loss: 0.2304 (0.1966)  train_iou: 0.5579 (0.6491)  time: 1.0236  data: 0.0004  max mem: 31528
Epoch: [9]  [2440/5625]  eta: 0:54:28  lr: 0.000009  train_loss: 0.1557 (0.1968)  train_iou: 0.6389 (0.6493)  time: 1.0209  data: 0.0004  max mem: 31528
Epoch: [9]  [2460/5625]  eta: 0:54:07  lr: 0.000009  train_loss: 0.1330 (0.1966)  train_iou: 0.6470 (0.6493)  time: 1.0191  data: 0.0004  max mem: 31528
Epoch: [9]  [2480/5625]  eta: 0:53:46  lr: 0.000009  train_loss: 0.1780 (0.1971)  train_iou: 0.6656 (0.6496)  time: 1.0086  data: 0.0004  max mem: 31528
Epoch: [9]  [2500/5625]  eta: 0:53:26  lr: 0.000009  train_loss: 0.1118 (0.1968)  train_iou: 0.6689 (0.6497)  time: 1.0286  data: 0.0004  max mem: 31528
Epoch: [9]  [2520/5625]  eta: 0:53:05  lr: 0.000009  train_loss: 0.2542 (0.1973)  train_iou: 0.6397 (0.6495)  time: 1.0222  data: 0.0004  max mem: 31528
Epoch: [9]  [2540/5625]  eta: 0:52:45  lr: 0.000009  train_loss: 0.1127 (0.1972)  train_iou: 0.6633 (0.6498)  time: 1.0222  data: 0.0004  max mem: 31528
Epoch: [9]  [2560/5625]  eta: 0:52:24  lr: 0.000009  train_loss: 0.1283 (0.1969)  train_iou: 0.5688 (0.6494)  time: 1.0086  data: 0.0004  max mem: 31528
Epoch: [9]  [2580/5625]  eta: 0:52:03  lr: 0.000009  train_loss: 0.1530 (0.1969)  train_iou: 0.6136 (0.6495)  time: 1.0223  data: 0.0004  max mem: 31528
Epoch: [9]  [2600/5625]  eta: 0:51:42  lr: 0.000009  train_loss: 0.1412 (0.1968)  train_iou: 0.6099 (0.6494)  time: 1.0247  data: 0.0004  max mem: 31528
Epoch: [9]  [2620/5625]  eta: 0:51:22  lr: 0.000009  train_loss: 0.2332 (0.1971)  train_iou: 0.5737 (0.6490)  time: 1.0288  data: 0.0004  max mem: 31528
Epoch: [9]  [2640/5625]  eta: 0:51:02  lr: 0.000009  train_loss: 0.1302 (0.1971)  train_iou: 0.6373 (0.6487)  time: 1.0344  data: 0.0004  max mem: 31528
Epoch: [9]  [2660/5625]  eta: 0:50:41  lr: 0.000009  train_loss: 0.1547 (0.1969)  train_iou: 0.6624 (0.6488)  time: 1.0247  data: 0.0004  max mem: 31528
Epoch: [9]  [2680/5625]  eta: 0:50:21  lr: 0.000009  train_loss: 0.1155 (0.1965)  train_iou: 0.6495 (0.6487)  time: 1.0369  data: 0.0004  max mem: 31528
Epoch: [9]  [2700/5625]  eta: 0:50:00  lr: 0.000009  train_loss: 0.2509 (0.1970)  train_iou: 0.5912 (0.6482)  time: 1.0280  data: 0.0004  max mem: 31528
Epoch: [9]  [2720/5625]  eta: 0:49:40  lr: 0.000009  train_loss: 0.1251 (0.1968)  train_iou: 0.5561 (0.6479)  time: 1.0233  data: 0.0004  max mem: 31528
Epoch: [9]  [2740/5625]  eta: 0:49:19  lr: 0.000009  train_loss: 0.1297 (0.1965)  train_iou: 0.6853 (0.6484)  time: 1.0140  data: 0.0004  max mem: 31528
Epoch: [9]  [2760/5625]  eta: 0:48:58  lr: 0.000009  train_loss: 0.2070 (0.1968)  train_iou: 0.6447 (0.6482)  time: 1.0200  data: 0.0004  max mem: 31528
Epoch: [9]  [2780/5625]  eta: 0:48:38  lr: 0.000009  train_loss: 0.1959 (0.1970)  train_iou: 0.5863 (0.6478)  time: 1.0291  data: 0.0004  max mem: 31528
Epoch: [9]  [2800/5625]  eta: 0:48:17  lr: 0.000009  train_loss: 0.0982 (0.1970)  train_iou: 0.6538 (0.6478)  time: 1.0254  data: 0.0004  max mem: 31528
Epoch: [9]  [2820/5625]  eta: 0:47:57  lr: 0.000009  train_loss: 0.2237 (0.1972)  train_iou: 0.6504 (0.6478)  time: 1.0436  data: 0.0005  max mem: 31528
Epoch: [9]  [2840/5625]  eta: 0:47:37  lr: 0.000009  train_loss: 0.1367 (0.1970)  train_iou: 0.6334 (0.6477)  time: 1.0234  data: 0.0004  max mem: 31528
Epoch: [9]  [2860/5625]  eta: 0:47:16  lr: 0.000009  train_loss: 0.1522 (0.1973)  train_iou: 0.6684 (0.6480)  time: 1.0412  data: 0.0004  max mem: 31528
Epoch: [9]  [2880/5625]  eta: 0:46:56  lr: 0.000009  train_loss: 0.1243 (0.1973)  train_iou: 0.6578 (0.6480)  time: 1.0299  data: 0.0004  max mem: 31528
Epoch: [9]  [2900/5625]  eta: 0:46:35  lr: 0.000009  train_loss: 0.1952 (0.1975)  train_iou: 0.5778 (0.6475)  time: 1.0232  data: 0.0004  max mem: 31528
Epoch: [9]  [2920/5625]  eta: 0:46:15  lr: 0.000009  train_loss: 0.1493 (0.1974)  train_iou: 0.6715 (0.6478)  time: 1.0155  data: 0.0004  max mem: 31528
Epoch: [9]  [2940/5625]  eta: 0:45:54  lr: 0.000009  train_loss: 0.1139 (0.1971)  train_iou: 0.6741 (0.6480)  time: 1.0218  data: 0.0004  max mem: 31528
Epoch: [9]  [2960/5625]  eta: 0:45:34  lr: 0.000009  train_loss: 0.1383 (0.1972)  train_iou: 0.6435 (0.6479)  time: 1.0295  data: 0.0004  max mem: 31528
Epoch: [9]  [2980/5625]  eta: 0:45:13  lr: 0.000009  train_loss: 0.1246 (0.1970)  train_iou: 0.6218 (0.6480)  time: 1.0216  data: 0.0004  max mem: 31528
Epoch: [9]  [3000/5625]  eta: 0:44:53  lr: 0.000009  train_loss: 0.1256 (0.1970)  train_iou: 0.6623 (0.6479)  time: 1.0293  data: 0.0004  max mem: 31528
Epoch: [9]  [3020/5625]  eta: 0:44:32  lr: 0.000009  train_loss: 0.1289 (0.1970)  train_iou: 0.6532 (0.6480)  time: 1.0074  data: 0.0004  max mem: 31528
Epoch: [9]  [3040/5625]  eta: 0:44:12  lr: 0.000009  train_loss: 0.1177 (0.1971)  train_iou: 0.7290 (0.6481)  time: 1.0525  data: 0.0004  max mem: 31528
Epoch: [9]  [3060/5625]  eta: 0:43:51  lr: 0.000009  train_loss: 0.1353 (0.1968)  train_iou: 0.6517 (0.6481)  time: 1.0364  data: 0.0005  max mem: 31528
Epoch: [9]  [3080/5625]  eta: 0:43:31  lr: 0.000009  train_loss: 0.1147 (0.1969)  train_iou: 0.6635 (0.6482)  time: 1.0289  data: 0.0004  max mem: 31528
Epoch: [9]  [3100/5625]  eta: 0:43:10  lr: 0.000009  train_loss: 0.1227 (0.1969)  train_iou: 0.6204 (0.6483)  time: 1.0208  data: 0.0004  max mem: 31528
Epoch: [9]  [3120/5625]  eta: 0:42:50  lr: 0.000009  train_loss: 0.1898 (0.1969)  train_iou: 0.6681 (0.6485)  time: 1.0253  data: 0.0004  max mem: 31528
Epoch: [9]  [3140/5625]  eta: 0:42:32  lr: 0.000009  train_loss: 0.1336 (0.1968)  train_iou: 0.6909 (0.6488)  time: 1.1792  data: 0.0004  max mem: 31528
Epoch: [9]  [3160/5625]  eta: 0:42:11  lr: 0.000009  train_loss: 0.1738 (0.1968)  train_iou: 0.6783 (0.6488)  time: 1.0323  data: 0.0004  max mem: 31528
Epoch: [9]  [3180/5625]  eta: 0:41:51  lr: 0.000009  train_loss: 0.1331 (0.1968)  train_iou: 0.6464 (0.6487)  time: 1.0269  data: 0.0004  max mem: 31528
Epoch: [9]  [3200/5625]  eta: 0:41:30  lr: 0.000009  train_loss: 0.1285 (0.1967)  train_iou: 0.6359 (0.6487)  time: 1.0048  data: 0.0004  max mem: 31528
Epoch: [9]  [3220/5625]  eta: 0:41:09  lr: 0.000009  train_loss: 0.1477 (0.1968)  train_iou: 0.6530 (0.6487)  time: 1.0243  data: 0.0004  max mem: 31528
Epoch: [9]  [3240/5625]  eta: 0:40:49  lr: 0.000009  train_loss: 0.1251 (0.1966)  train_iou: 0.6764 (0.6489)  time: 1.0269  data: 0.0004  max mem: 31528
Epoch: [9]  [3260/5625]  eta: 0:40:28  lr: 0.000009  train_loss: 0.1556 (0.1965)  train_iou: 0.6821 (0.6490)  time: 1.0241  data: 0.0004  max mem: 31528
Epoch: [9]  [3280/5625]  eta: 0:40:07  lr: 0.000009  train_loss: 0.1280 (0.1965)  train_iou: 0.6907 (0.6494)  time: 1.0119  data: 0.0004  max mem: 31528
Epoch: [9]  [3300/5625]  eta: 0:39:47  lr: 0.000009  train_loss: 0.1682 (0.1966)  train_iou: 0.5883 (0.6490)  time: 1.0282  data: 0.0004  max mem: 31528
Epoch: [9]  [3320/5625]  eta: 0:39:26  lr: 0.000009  train_loss: 0.1379 (0.1965)  train_iou: 0.7068 (0.6490)  time: 1.0240  data: 0.0004  max mem: 31528
Epoch: [9]  [3340/5625]  eta: 0:39:06  lr: 0.000009  train_loss: 0.1051 (0.1963)  train_iou: 0.6411 (0.6489)  time: 1.0334  data: 0.0004  max mem: 31528
Epoch: [9]  [3360/5625]  eta: 0:38:45  lr: 0.000009  train_loss: 0.1300 (0.1961)  train_iou: 0.6089 (0.6487)  time: 1.0189  data: 0.0004  max mem: 31528
Epoch: [9]  [3380/5625]  eta: 0:38:25  lr: 0.000009  train_loss: 0.1598 (0.1962)  train_iou: 0.6019 (0.6484)  time: 1.0252  data: 0.0004  max mem: 31528
Epoch: [9]  [3400/5625]  eta: 0:38:04  lr: 0.000009  train_loss: 0.1879 (0.1963)  train_iou: 0.6470 (0.6482)  time: 1.0249  data: 0.0004  max mem: 31528
Epoch: [9]  [3420/5625]  eta: 0:37:43  lr: 0.000009  train_loss: 0.1565 (0.1963)  train_iou: 0.5976 (0.6479)  time: 1.0239  data: 0.0004  max mem: 31528
Epoch: [9]  [3440/5625]  eta: 0:37:23  lr: 0.000009  train_loss: 0.1569 (0.1963)  train_iou: 0.6561 (0.6479)  time: 1.0264  data: 0.0004  max mem: 31528
Epoch: [9]  [3460/5625]  eta: 0:37:02  lr: 0.000009  train_loss: 0.1170 (0.1961)  train_iou: 0.6174 (0.6478)  time: 1.0133  data: 0.0004  max mem: 31528
Epoch: [9]  [3480/5625]  eta: 0:36:42  lr: 0.000009  train_loss: 0.1255 (0.1964)  train_iou: 0.5641 (0.6474)  time: 1.0263  data: 0.0004  max mem: 31528
Epoch: [9]  [3500/5625]  eta: 0:36:21  lr: 0.000009  train_loss: 0.1518 (0.1965)  train_iou: 0.6283 (0.6472)  time: 1.0252  data: 0.0005  max mem: 31528
Epoch: [9]  [3520/5625]  eta: 0:36:01  lr: 0.000009  train_loss: 0.2595 (0.1970)  train_iou: 0.5490 (0.6468)  time: 1.0298  data: 0.0005  max mem: 31528
Epoch: [9]  [3540/5625]  eta: 0:35:40  lr: 0.000009  train_loss: 0.1395 (0.1970)  train_iou: 0.6378 (0.6468)  time: 1.0162  data: 0.0004  max mem: 31528
Epoch: [9]  [3560/5625]  eta: 0:35:19  lr: 0.000009  train_loss: 0.1111 (0.1968)  train_iou: 0.6727 (0.6469)  time: 1.0263  data: 0.0004  max mem: 31528
Epoch: [9]  [3580/5625]  eta: 0:34:59  lr: 0.000009  train_loss: 0.1097 (0.1965)  train_iou: 0.6477 (0.6470)  time: 1.0263  data: 0.0004  max mem: 31528
Epoch: [9]  [3600/5625]  eta: 0:34:38  lr: 0.000009  train_loss: 0.2198 (0.1967)  train_iou: 0.6732 (0.6470)  time: 1.0361  data: 0.0004  max mem: 31528
Epoch: [9]  [3620/5625]  eta: 0:34:18  lr: 0.000009  train_loss: 0.1328 (0.1965)  train_iou: 0.6367 (0.6470)  time: 1.0171  data: 0.0004  max mem: 31528
Epoch: [9]  [3640/5625]  eta: 0:33:57  lr: 0.000009  train_loss: 0.1203 (0.1966)  train_iou: 0.6142 (0.6469)  time: 1.0262  data: 0.0004  max mem: 31528
Epoch: [9]  [3660/5625]  eta: 0:33:37  lr: 0.000009  train_loss: 0.1449 (0.1967)  train_iou: 0.6382 (0.6469)  time: 1.0268  data: 0.0004  max mem: 31528
Epoch: [9]  [3680/5625]  eta: 0:33:16  lr: 0.000009  train_loss: 0.1339 (0.1966)  train_iou: 0.6901 (0.6471)  time: 1.0308  data: 0.0004  max mem: 31528
Epoch: [9]  [3700/5625]  eta: 0:32:56  lr: 0.000009  train_loss: 0.1502 (0.1965)  train_iou: 0.5688 (0.6468)  time: 1.0173  data: 0.0004  max mem: 31528
Epoch: [9]  [3720/5625]  eta: 0:32:35  lr: 0.000009  train_loss: 0.1984 (0.1966)  train_iou: 0.6223 (0.6465)  time: 1.0261  data: 0.0004  max mem: 31528
Epoch: [9]  [3740/5625]  eta: 0:32:15  lr: 0.000009  train_loss: 0.2022 (0.1969)  train_iou: 0.5753 (0.6464)  time: 1.0223  data: 0.0004  max mem: 31528
Epoch: [9]  [3760/5625]  eta: 0:31:54  lr: 0.000009  train_loss: 0.2052 (0.1969)  train_iou: 0.6469 (0.6463)  time: 1.0288  data: 0.0004  max mem: 31528
Epoch: [9]  [3780/5625]  eta: 0:31:33  lr: 0.000009  train_loss: 0.1914 (0.1969)  train_iou: 0.6743 (0.6463)  time: 1.0213  data: 0.0004  max mem: 31528
Epoch: [9]  [3800/5625]  eta: 0:31:13  lr: 0.000009  train_loss: 0.1582 (0.1970)  train_iou: 0.6536 (0.6464)  time: 1.0130  data: 0.0004  max mem: 31528
Epoch: [9]  [3820/5625]  eta: 0:30:52  lr: 0.000009  train_loss: 0.1487 (0.1968)  train_iou: 0.6877 (0.6466)  time: 1.0293  data: 0.0004  max mem: 31528
Epoch: [9]  [3840/5625]  eta: 0:30:32  lr: 0.000009  train_loss: 0.1534 (0.1967)  train_iou: 0.6667 (0.6469)  time: 1.0270  data: 0.0004  max mem: 31528
Epoch: [9]  [3860/5625]  eta: 0:30:11  lr: 0.000009  train_loss: 0.1856 (0.1967)  train_iou: 0.6012 (0.6467)  time: 1.0265  data: 0.0004  max mem: 31528
Epoch: [9]  [3880/5625]  eta: 0:29:51  lr: 0.000009  train_loss: 0.1019 (0.1965)  train_iou: 0.6767 (0.6467)  time: 1.0077  data: 0.0004  max mem: 31528
Epoch: [9]  [3900/5625]  eta: 0:29:30  lr: 0.000009  train_loss: 0.1722 (0.1966)  train_iou: 0.6629 (0.6468)  time: 1.0296  data: 0.0004  max mem: 31528
Epoch: [9]  [3920/5625]  eta: 0:29:10  lr: 0.000009  train_loss: 0.2009 (0.1966)  train_iou: 0.6602 (0.6470)  time: 1.0291  data: 0.0004  max mem: 31528
Epoch: [9]  [3940/5625]  eta: 0:28:49  lr: 0.000009  train_loss: 0.1482 (0.1967)  train_iou: 0.6477 (0.6471)  time: 1.0274  data: 0.0004  max mem: 31528
Epoch: [9]  [3960/5625]  eta: 0:28:28  lr: 0.000009  train_loss: 0.1405 (0.1966)  train_iou: 0.6525 (0.6471)  time: 1.0103  data: 0.0004  max mem: 31528
Epoch: [9]  [3980/5625]  eta: 0:28:08  lr: 0.000009  train_loss: 0.1518 (0.1967)  train_iou: 0.5918 (0.6469)  time: 1.0238  data: 0.0004  max mem: 31528
Epoch: [9]  [4000/5625]  eta: 0:27:47  lr: 0.000009  train_loss: 0.2204 (0.1968)  train_iou: 0.6293 (0.6469)  time: 1.0242  data: 0.0004  max mem: 31528
Epoch: [9]  [4020/5625]  eta: 0:27:27  lr: 0.000009  train_loss: 0.0940 (0.1965)  train_iou: 0.6782 (0.6471)  time: 1.0264  data: 0.0004  max mem: 31528
Epoch: [9]  [4040/5625]  eta: 0:27:06  lr: 0.000009  train_loss: 0.1299 (0.1966)  train_iou: 0.6695 (0.6470)  time: 1.0160  data: 0.0004  max mem: 31528
Epoch: [9]  [4060/5625]  eta: 0:26:46  lr: 0.000009  train_loss: 0.1154 (0.1964)  train_iou: 0.6738 (0.6471)  time: 1.0245  data: 0.0004  max mem: 31528
Epoch: [9]  [4080/5625]  eta: 0:26:25  lr: 0.000009  train_loss: 0.1545 (0.1966)  train_iou: 0.6721 (0.6471)  time: 1.0234  data: 0.0004  max mem: 31528
Epoch: [9]  [4100/5625]  eta: 0:26:05  lr: 0.000009  train_loss: 0.1478 (0.1965)  train_iou: 0.6213 (0.6470)  time: 1.0229  data: 0.0005  max mem: 31528
Epoch: [9]  [4120/5625]  eta: 0:25:44  lr: 0.000009  train_loss: 0.1720 (0.1966)  train_iou: 0.6907 (0.6473)  time: 1.0221  data: 0.0004  max mem: 31528
Epoch: [9]  [4140/5625]  eta: 0:25:23  lr: 0.000009  train_loss: 0.1506 (0.1965)  train_iou: 0.6938 (0.6473)  time: 1.0135  data: 0.0004  max mem: 31528
Epoch: [9]  [4160/5625]  eta: 0:25:03  lr: 0.000009  train_loss: 0.1776 (0.1967)  train_iou: 0.6484 (0.6474)  time: 1.0239  data: 0.0004  max mem: 31528
Epoch: [9]  [4180/5625]  eta: 0:24:42  lr: 0.000009  train_loss: 0.1579 (0.1966)  train_iou: 0.6648 (0.6473)  time: 1.0242  data: 0.0004  max mem: 31528
Epoch: [9]  [4200/5625]  eta: 0:24:22  lr: 0.000009  train_loss: 0.1371 (0.1968)  train_iou: 0.5876 (0.6471)  time: 1.0266  data: 0.0004  max mem: 31528
Epoch: [9]  [4220/5625]  eta: 0:24:01  lr: 0.000009  train_loss: 0.1602 (0.1968)  train_iou: 0.6535 (0.6471)  time: 1.0204  data: 0.0004  max mem: 31528
Epoch: [9]  [4240/5625]  eta: 0:23:41  lr: 0.000009  train_loss: 0.1619 (0.1968)  train_iou: 0.6558 (0.6472)  time: 1.0235  data: 0.0004  max mem: 31528
Epoch: [9]  [4260/5625]  eta: 0:23:20  lr: 0.000009  train_loss: 0.1891 (0.1969)  train_iou: 0.6625 (0.6473)  time: 1.0342  data: 0.0004  max mem: 31528
Epoch: [9]  [4280/5625]  eta: 0:23:00  lr: 0.000009  train_loss: 0.1283 (0.1969)  train_iou: 0.6278 (0.6472)  time: 1.0241  data: 0.0004  max mem: 31528
Epoch: [9]  [4300/5625]  eta: 0:22:39  lr: 0.000009  train_loss: 0.1543 (0.1970)  train_iou: 0.6419 (0.6473)  time: 1.0177  data: 0.0004  max mem: 31528
Epoch: [9]  [4320/5625]  eta: 0:22:19  lr: 0.000009  train_loss: 0.1285 (0.1969)  train_iou: 0.6648 (0.6475)  time: 1.0252  data: 0.0004  max mem: 31528
Epoch: [9]  [4340/5625]  eta: 0:21:58  lr: 0.000009  train_loss: 0.1105 (0.1967)  train_iou: 0.6571 (0.6476)  time: 1.0272  data: 0.0004  max mem: 31528
Epoch: [9]  [4360/5625]  eta: 0:21:37  lr: 0.000009  train_loss: 0.1848 (0.1968)  train_iou: 0.6543 (0.6476)  time: 1.0257  data: 0.0004  max mem: 31528
Epoch: [9]  [4380/5625]  eta: 0:21:17  lr: 0.000009  train_loss: 0.2273 (0.1971)  train_iou: 0.6102 (0.6475)  time: 1.0156  data: 0.0004  max mem: 31528
Epoch: [9]  [4400/5625]  eta: 0:20:56  lr: 0.000009  train_loss: 0.1662 (0.1971)  train_iou: 0.6978 (0.6477)  time: 1.0251  data: 0.0004  max mem: 31528
Epoch: [9]  [4420/5625]  eta: 0:20:36  lr: 0.000009  train_loss: 0.1440 (0.1971)  train_iou: 0.7153 (0.6479)  time: 1.0275  data: 0.0004  max mem: 31528
Epoch: [9]  [4440/5625]  eta: 0:20:15  lr: 0.000009  train_loss: 0.2075 (0.1972)  train_iou: 0.6720 (0.6480)  time: 1.0222  data: 0.0004  max mem: 31528
Epoch: [9]  [4460/5625]  eta: 0:19:56  lr: 0.000009  train_loss: 0.1386 (0.1974)  train_iou: 0.6433 (0.6481)  time: 1.1685  data: 0.0004  max mem: 31528
Epoch: [9]  [4480/5625]  eta: 0:19:35  lr: 0.000009  train_loss: 0.1413 (0.1974)  train_iou: 0.6184 (0.6480)  time: 1.0192  data: 0.0004  max mem: 31528
Epoch: [9]  [4500/5625]  eta: 0:19:14  lr: 0.000009  train_loss: 0.0939 (0.1974)  train_iou: 0.6641 (0.6479)  time: 1.0223  data: 0.0004  max mem: 31528
Epoch: [9]  [4520/5625]  eta: 0:18:54  lr: 0.000009  train_loss: 0.1140 (0.1971)  train_iou: 0.7301 (0.6482)  time: 1.0237  data: 0.0004  max mem: 31528
Epoch: [9]  [4540/5625]  eta: 0:18:33  lr: 0.000009  train_loss: 0.1331 (0.1971)  train_iou: 0.6439 (0.6483)  time: 1.0266  data: 0.0004  max mem: 31528
Epoch: [9]  [4560/5625]  eta: 0:18:13  lr: 0.000009  train_loss: 0.1161 (0.1972)  train_iou: 0.6757 (0.6486)  time: 1.0140  data: 0.0004  max mem: 31528
Epoch: [9]  [4580/5625]  eta: 0:17:52  lr: 0.000009  train_loss: 0.1392 (0.1972)  train_iou: 0.6888 (0.6487)  time: 1.0224  data: 0.0004  max mem: 31528
Epoch: [9]  [4600/5625]  eta: 0:17:32  lr: 0.000009  train_loss: 0.2456 (0.1974)  train_iou: 0.6561 (0.6487)  time: 1.0249  data: 0.0005  max mem: 31528
Epoch: [9]  [4620/5625]  eta: 0:17:11  lr: 0.000009  train_loss: 0.1194 (0.1971)  train_iou: 0.6532 (0.6488)  time: 1.0252  data: 0.0004  max mem: 31528
Epoch: [9]  [4640/5625]  eta: 0:16:51  lr: 0.000009  train_loss: 0.2369 (0.1974)  train_iou: 0.5714 (0.6485)  time: 1.0104  data: 0.0004  max mem: 31528
Epoch: [9]  [4660/5625]  eta: 0:16:30  lr: 0.000009  train_loss: 0.1217 (0.1972)  train_iou: 0.6719 (0.6487)  time: 1.0226  data: 0.0004  max mem: 31528
Epoch: [9]  [4680/5625]  eta: 0:16:09  lr: 0.000009  train_loss: 0.2247 (0.1973)  train_iou: 0.5610 (0.6486)  time: 1.0246  data: 0.0004  max mem: 31528
Epoch: [9]  [4700/5625]  eta: 0:15:49  lr: 0.000009  train_loss: 0.1268 (0.1973)  train_iou: 0.6390 (0.6486)  time: 1.0252  data: 0.0004  max mem: 31528
Epoch: [9]  [4720/5625]  eta: 0:15:28  lr: 0.000009  train_loss: 0.1437 (0.1972)  train_iou: 0.7525 (0.6490)  time: 1.0145  data: 0.0004  max mem: 31528
Epoch: [9]  [4740/5625]  eta: 0:15:08  lr: 0.000009  train_loss: 0.1225 (0.1973)  train_iou: 0.6327 (0.6489)  time: 1.0252  data: 0.0004  max mem: 31528
Epoch: [9]  [4760/5625]  eta: 0:14:47  lr: 0.000009  train_loss: 0.1687 (0.1975)  train_iou: 0.6030 (0.6488)  time: 1.0318  data: 0.0004  max mem: 31528
Epoch: [9]  [4780/5625]  eta: 0:14:27  lr: 0.000009  train_loss: 0.1486 (0.1975)  train_iou: 0.6511 (0.6488)  time: 1.0264  data: 0.0004  max mem: 31528
Epoch: [9]  [4800/5625]  eta: 0:14:06  lr: 0.000009  train_loss: 0.1263 (0.1975)  train_iou: 0.6225 (0.6486)  time: 1.0177  data: 0.0004  max mem: 31528
Epoch: [9]  [4820/5625]  eta: 0:13:46  lr: 0.000009  train_loss: 0.1439 (0.1976)  train_iou: 0.6474 (0.6485)  time: 1.0245  data: 0.0004  max mem: 31528
Epoch: [9]  [4840/5625]  eta: 0:13:25  lr: 0.000009  train_loss: 0.2106 (0.1977)  train_iou: 0.5913 (0.6483)  time: 1.0250  data: 0.0004  max mem: 31528
Epoch: [9]  [4860/5625]  eta: 0:13:05  lr: 0.000009  train_loss: 0.1243 (0.1977)  train_iou: 0.6130 (0.6481)  time: 1.0288  data: 0.0004  max mem: 31528
Epoch: [9]  [4880/5625]  eta: 0:12:44  lr: 0.000009  train_loss: 0.1249 (0.1978)  train_iou: 0.5550 (0.6479)  time: 1.0291  data: 0.0004  max mem: 31528
Epoch: [9]  [4900/5625]  eta: 0:12:24  lr: 0.000009  train_loss: 0.1288 (0.1978)  train_iou: 0.6694 (0.6480)  time: 1.0201  data: 0.0004  max mem: 31528
Epoch: [9]  [4920/5625]  eta: 0:12:03  lr: 0.000009  train_loss: 0.1221 (0.1977)  train_iou: 0.6640 (0.6480)  time: 1.0221  data: 0.0004  max mem: 31528
Epoch: [9]  [4940/5625]  eta: 0:11:43  lr: 0.000009  train_loss: 0.1255 (0.1976)  train_iou: 0.6386 (0.6480)  time: 1.0280  data: 0.0004  max mem: 31528
Epoch: [9]  [4960/5625]  eta: 0:11:22  lr: 0.000009  train_loss: 0.1588 (0.1976)  train_iou: 0.6182 (0.6479)  time: 1.0300  data: 0.0004  max mem: 31528
Epoch: [9]  [4980/5625]  eta: 0:11:01  lr: 0.000009  train_loss: 0.1854 (0.1977)  train_iou: 0.6233 (0.6477)  time: 1.0107  data: 0.0004  max mem: 31528
Epoch: [9]  [5000/5625]  eta: 0:10:41  lr: 0.000009  train_loss: 0.1359 (0.1976)  train_iou: 0.6709 (0.6477)  time: 1.0267  data: 0.0004  max mem: 31528
Epoch: [9]  [5020/5625]  eta: 0:10:20  lr: 0.000009  train_loss: 0.2002 (0.1977)  train_iou: 0.5811 (0.6477)  time: 1.0191  data: 0.0004  max mem: 31528
Epoch: [9]  [5040/5625]  eta: 0:10:00  lr: 0.000009  train_loss: 0.1432 (0.1977)  train_iou: 0.6506 (0.6476)  time: 1.0294  data: 0.0004  max mem: 31528
Epoch: [9]  [5060/5625]  eta: 0:09:39  lr: 0.000009  train_loss: 0.1354 (0.1977)  train_iou: 0.6199 (0.6475)  time: 1.0109  data: 0.0004  max mem: 31528
Epoch: [9]  [5080/5625]  eta: 0:09:19  lr: 0.000009  train_loss: 0.1623 (0.1977)  train_iou: 0.6734 (0.6476)  time: 1.0213  data: 0.0004  max mem: 31528
Epoch: [9]  [5100/5625]  eta: 0:08:58  lr: 0.000009  train_loss: 0.1442 (0.1976)  train_iou: 0.7598 (0.6478)  time: 1.0218  data: 0.0004  max mem: 31528
Epoch: [9]  [5120/5625]  eta: 0:08:38  lr: 0.000009  train_loss: 0.1374 (0.1977)  train_iou: 0.6487 (0.6477)  time: 1.0248  data: 0.0004  max mem: 31528
Epoch: [9]  [5140/5625]  eta: 0:08:17  lr: 0.000009  train_loss: 0.1940 (0.1977)  train_iou: 0.6444 (0.6476)  time: 1.0224  data: 0.0004  max mem: 31528
Epoch: [9]  [5160/5625]  eta: 0:07:57  lr: 0.000009  train_loss: 0.1283 (0.1977)  train_iou: 0.6799 (0.6478)  time: 1.0211  data: 0.0004  max mem: 31528
Epoch: [9]  [5180/5625]  eta: 0:07:36  lr: 0.000009  train_loss: 0.1624 (0.1976)  train_iou: 0.6733 (0.6478)  time: 1.0244  data: 0.0004  max mem: 31528
Epoch: [9]  [5200/5625]  eta: 0:07:16  lr: 0.000009  train_loss: 0.1103 (0.1975)  train_iou: 0.6847 (0.6481)  time: 1.0252  data: 0.0004  max mem: 31528
Epoch: [9]  [5220/5625]  eta: 0:06:55  lr: 0.000009  train_loss: 0.1734 (0.1976)  train_iou: 0.7270 (0.6482)  time: 1.0240  data: 0.0004  max mem: 31528
Epoch: [9]  [5240/5625]  eta: 0:06:35  lr: 0.000009  train_loss: 0.1898 (0.1978)  train_iou: 0.6764 (0.6484)  time: 1.0167  data: 0.0004  max mem: 31528
Epoch: [9]  [5260/5625]  eta: 0:06:14  lr: 0.000009  train_loss: 0.1542 (0.1981)  train_iou: 0.6461 (0.6484)  time: 1.0203  data: 0.0004  max mem: 31528
Epoch: [9]  [5280/5625]  eta: 0:05:53  lr: 0.000009  train_loss: 0.1932 (0.1982)  train_iou: 0.6480 (0.6484)  time: 1.0280  data: 0.0004  max mem: 31528
Epoch: [9]  [5300/5625]  eta: 0:05:33  lr: 0.000009  train_loss: 0.2189 (0.1983)  train_iou: 0.6374 (0.6483)  time: 1.0262  data: 0.0004  max mem: 31528
Epoch: [9]  [5320/5625]  eta: 0:05:12  lr: 0.000009  train_loss: 0.2330 (0.1986)  train_iou: 0.6607 (0.6483)  time: 1.0102  data: 0.0004  max mem: 31528
Epoch: [9]  [5340/5625]  eta: 0:04:52  lr: 0.000009  train_loss: 0.1616 (0.1989)  train_iou: 0.6394 (0.6482)  time: 1.0240  data: 0.0004  max mem: 31528
Epoch: [9]  [5360/5625]  eta: 0:04:31  lr: 0.000009  train_loss: 0.1540 (0.1989)  train_iou: 0.6672 (0.6483)  time: 1.0246  data: 0.0004  max mem: 31528
Epoch: [9]  [5380/5625]  eta: 0:04:11  lr: 0.000009  train_loss: 0.1901 (0.1991)  train_iou: 0.5889 (0.6481)  time: 1.0286  data: 0.0004  max mem: 31528
Epoch: [9]  [5400/5625]  eta: 0:03:50  lr: 0.000009  train_loss: 0.1930 (0.1991)  train_iou: 0.6558 (0.6481)  time: 1.0168  data: 0.0004  max mem: 31528
Epoch: [9]  [5420/5625]  eta: 0:03:30  lr: 0.000009  train_loss: 0.1186 (0.1991)  train_iou: 0.6527 (0.6481)  time: 1.0220  data: 0.0004  max mem: 31528
Epoch: [9]  [5440/5625]  eta: 0:03:09  lr: 0.000009  train_loss: 0.1346 (0.1989)  train_iou: 0.6571 (0.6481)  time: 1.0175  data: 0.0004  max mem: 31528
Epoch: [9]  [5460/5625]  eta: 0:02:49  lr: 0.000009  train_loss: 0.1275 (0.1988)  train_iou: 0.6586 (0.6482)  time: 1.0246  data: 0.0004  max mem: 31528
Epoch: [9]  [5480/5625]  eta: 0:02:28  lr: 0.000009  train_loss: 0.1548 (0.1987)  train_iou: 0.6474 (0.6481)  time: 1.0228  data: 0.0004  max mem: 31528
Epoch: [9]  [5500/5625]  eta: 0:02:08  lr: 0.000009  train_loss: 0.1765 (0.1988)  train_iou: 0.5557 (0.6479)  time: 1.0152  data: 0.0004  max mem: 31528
Epoch: [9]  [5520/5625]  eta: 0:01:47  lr: 0.000009  train_loss: 0.1093 (0.1986)  train_iou: 0.6739 (0.6481)  time: 1.0262  data: 0.0004  max mem: 31528
Epoch: [9]  [5540/5625]  eta: 0:01:27  lr: 0.000009  train_loss: 0.1445 (0.1987)  train_iou: 0.6721 (0.6482)  time: 1.0254  data: 0.0004  max mem: 31528
Epoch: [9]  [5560/5625]  eta: 0:01:06  lr: 0.000009  train_loss: 0.1663 (0.1987)  train_iou: 0.6761 (0.6483)  time: 1.0301  data: 0.0004  max mem: 31528
Epoch: [9]  [5580/5625]  eta: 0:00:46  lr: 0.000009  train_loss: 0.1789 (0.1988)  train_iou: 0.6794 (0.6483)  time: 1.0077  data: 0.0004  max mem: 31528
Epoch: [9]  [5600/5625]  eta: 0:00:25  lr: 0.000009  train_loss: 0.2009 (0.1988)  train_iou: 0.7515 (0.6485)  time: 1.0229  data: 0.0004  max mem: 31528
Epoch: [9]  [5620/5625]  eta: 0:00:05  lr: 0.000009  train_loss: 0.1721 (0.1988)  train_iou: 0.5765 (0.6482)  time: 0.9365  data: 0.0003  max mem: 31528
Epoch: [9]  [5624/5625]  eta: 0:00:01  lr: 0.000009  train_loss: 0.1860 (0.1988)  train_iou: 0.5612 (0.6481)  time: 0.9105  data: 0.0002  max mem: 31528
Epoch: [9] Total time: 1:36:09 (1.0256 s / it)
Averaged stats: lr: 0.000009  train_loss: 0.1860 (0.1988)  train_iou: 0.5612 (0.6481)
huggingface/tokenizers: The current process just got forked, after parallelism has already been used. Disabling parallelism to avoid deadlocks...
To disable this warning, you can either:
	- Avoid using `tokenizers` before the fork if possible
	- Explicitly set the environment variable TOKENIZERS_PARALLELISM=(true | false)
huggingface/tokenizers: The current process just got forked, after parallelism has already been used. Disabling parallelism to avoid deadlocks...
To disable this warning, you can either:
	- Avoid using `tokenizers` before the fork if possible
	- Explicitly set the environment variable TOKENIZERS_PARALLELISM=(true | false)
huggingface/tokenizers: The current process just got forked, after parallelism has already been used. Disabling parallelism to avoid deadlocks...
To disable this warning, you can either:
	- Avoid using `tokenizers` before the fork if possible
	- Explicitly set the environment variable TOKENIZERS_PARALLELISM=(true | false)
huggingface/tokenizers: The current process just got forked, after parallelism has already been used. Disabling parallelism to avoid deadlocks...
To disable this warning, you can either:
	- Avoid using `tokenizers` before the fork if possible
	- Explicitly set the environment variable TOKENIZERS_PARALLELISM=(true | false)
huggingface/tokenizers: The current process just got forked, after parallelism has already been used. Disabling parallelism to avoid deadlocks...
To disable this warning, you can either:
	- Avoid using `tokenizers` before the fork if possible
	- Explicitly set the environment variable TOKENIZERS_PARALLELISM=(true | false)
huggingface/tokenizers: The current process just got forked, after parallelism has already been used. Disabling parallelism to avoid deadlocks...
To disable this warning, you can either:
	- Avoid using `tokenizers` before the fork if possible
	- Explicitly set the environment variable TOKENIZERS_PARALLELISM=(true | false)
huggingface/tokenizers: The current process just got forked, after parallelism has already been used. Disabling parallelism to avoid deadlocks...
To disable this warning, you can either:
	- Avoid using `tokenizers` before the fork if possible
	- Explicitly set the environment variable TOKENIZERS_PARALLELISM=(true | false)
huggingface/tokenizers: The current process just got forked, after parallelism has already been used. Disabling parallelism to avoid deadlocks...
To disable this warning, you can either:
	- Avoid using `tokenizers` before the fork if possible
	- Explicitly set the environment variable TOKENIZERS_PARALLELISM=(true | false)
Test:  [   0/4000]  eta: 2:11:49  inter: 33346.0000 (33346.0000)  union: 35494.0000 (35494.0000)  iou: 0.9395 (0.9395)  time: 1.9773  data: 1.5648  max mem: 31528
Test:  [  50/4000]  eta: 0:15:15  inter: 17781.0000 (25398.6875)  union: 49430.0000 (43840.7188)  iou: 0.5030 (0.5648)  time: 0.2018  data: 0.0005  max mem: 31528
Test:  [ 100/4000]  eta: 0:14:12  inter: 23930.0000 (27124.2059)  union: 47975.0000 (43152.4632)  iou: 0.7473 (0.6104)  time: 0.1981  data: 0.0005  max mem: 31528
Test:  [ 150/4000]  eta: 0:13:37  inter: 18682.0000 (26578.3684)  union: 30156.0000 (40698.8995)  iou: 0.8492 (0.6333)  time: 0.2110  data: 0.0005  max mem: 31528
Test:  [ 200/4000]  eta: 0:13:14  inter: 33897.0000 (27145.4982)  union: 36879.0000 (40298.8681)  iou: 0.9113 (0.6429)  time: 0.1954  data: 0.0005  max mem: 31528
Test:  [ 250/4000]  eta: 0:12:52  inter: 14553.0000 (29027.3163)  union: 33023.0000 (42082.7440)  iou: 0.6049 (0.6380)  time: 0.1905  data: 0.0005  max mem: 31528
Test:  [ 300/4000]  eta: 0:12:43  inter: 17839.0000 (28341.5955)  union: 24365.0000 (41632.5161)  iou: 0.5695 (0.6300)  time: 0.2121  data: 0.0005  max mem: 31528
Test:  [ 350/4000]  eta: 0:12:36  inter: 9623.0000 (27210.3099)  union: 30174.0000 (41520.1054)  iou: 0.4439 (0.6155)  time: 0.2146  data: 0.0005  max mem: 31528
Test:  [ 400/4000]  eta: 0:12:26  inter: 30592.0000 (26614.4357)  union: 35819.0000 (40822.3679)  iou: 0.7675 (0.6137)  time: 0.1925  data: 0.0005  max mem: 31528
Test:  [ 450/4000]  eta: 0:12:14  inter: 13807.0000 (26388.7635)  union: 29541.0000 (40614.7476)  iou: 0.6940 (0.6137)  time: 0.2182  data: 0.0005  max mem: 31528
Test:  [ 500/4000]  eta: 0:12:01  inter: 17227.0000 (26835.1447)  union: 31414.0000 (41598.5530)  iou: 0.5294 (0.6094)  time: 0.1932  data: 0.0005  max mem: 31528
Test:  [ 550/4000]  eta: 0:11:50  inter: 23856.0000 (26840.8586)  union: 28111.0000 (41326.4126)  iou: 0.8709 (0.6164)  time: 0.1937  data: 0.0004  max mem: 31528
Test:  [ 600/4000]  eta: 0:11:38  inter: 9912.0000 (26727.1396)  union: 34944.0000 (41327.7834)  iou: 0.8022 (0.6130)  time: 0.2059  data: 0.0005  max mem: 31528
Test:  [ 650/4000]  eta: 0:11:25  inter: 25600.0000 (27322.9812)  union: 42028.0000 (41699.2840)  iou: 0.7998 (0.6136)  time: 0.1930  data: 0.0005  max mem: 31528
Test:  [ 700/4000]  eta: 0:11:13  inter: 13794.0000 (26853.2526)  union: 29017.0000 (41304.7906)  iou: 0.3371 (0.6064)  time: 0.1926  data: 0.0005  max mem: 31528
Test:  [ 750/4000]  eta: 0:11:04  inter: 27074.0000 (26770.2588)  union: 29893.0000 (41229.1846)  iou: 0.8438 (0.6084)  time: 0.2195  data: 0.0005  max mem: 31528
Test:  [ 800/4000]  eta: 0:10:53  inter: 19618.0000 (26517.3491)  union: 46702.0000 (40785.5652)  iou: 0.6214 (0.6076)  time: 0.2051  data: 0.0005  max mem: 31528
Test:  [ 850/4000]  eta: 0:10:43  inter: 22304.0000 (26548.3967)  union: 40275.0000 (40796.5397)  iou: 0.8000 (0.6077)  time: 0.1910  data: 0.0005  max mem: 31528
Test:  [ 900/4000]  eta: 0:10:34  inter: 12612.0000 (26629.0403)  union: 28619.0000 (41062.0862)  iou: 0.6633 (0.6031)  time: 0.1964  data: 0.0005  max mem: 31528
Test:  [ 950/4000]  eta: 0:10:23  inter: 24741.0000 (26869.4366)  union: 30812.0000 (41123.4126)  iou: 0.8362 (0.6041)  time: 0.1996  data: 0.0005  max mem: 31528
Test:  [1000/4000]  eta: 0:10:11  inter: 24116.0000 (27094.8810)  union: 37129.0000 (41310.2880)  iou: 0.7668 (0.6065)  time: 0.1847  data: 0.0005  max mem: 31528
Test:  [1050/4000]  eta: 0:10:00  inter: 18697.0000 (27107.5279)  union: 37150.0000 (41319.4721)  iou: 0.4784 (0.6061)  time: 0.2071  data: 0.0005  max mem: 31528
Test:  [1100/4000]  eta: 0:09:49  inter: 22578.0000 (26941.8262)  union: 31469.0000 (41122.8776)  iou: 0.6669 (0.6042)  time: 0.1979  data: 0.0005  max mem: 31528
Test:  [1150/4000]  eta: 0:09:40  inter: 10075.0000 (27051.6557)  union: 23976.0000 (41037.2940)  iou: 0.4724 (0.6074)  time: 0.2130  data: 0.0005  max mem: 31528
Test:  [1200/4000]  eta: 0:09:30  inter: 16421.0000 (27132.7004)  union: 29181.0000 (41299.2253)  iou: 0.7914 (0.6055)  time: 0.2062  data: 0.0005  max mem: 31528
Test:  [1250/4000]  eta: 0:09:21  inter: 9854.0000 (26886.1618)  union: 33764.0000 (41085.1528)  iou: 0.2210 (0.6036)  time: 0.2175  data: 0.0005  max mem: 31528
Test:  [1300/4000]  eta: 0:09:10  inter: 19321.0000 (26677.9241)  union: 36042.0000 (40980.1879)  iou: 0.5495 (0.6049)  time: 0.2055  data: 0.0005  max mem: 31528
Test:  [1350/4000]  eta: 0:09:00  inter: 26293.0000 (26698.6879)  union: 34489.0000 (41061.4974)  iou: 0.8284 (0.6051)  time: 0.2091  data: 0.0005  max mem: 31528
Test:  [1400/4000]  eta: 0:08:50  inter: 10005.0000 (26812.7034)  union: 12253.0000 (41238.8730)  iou: 0.7681 (0.6031)  time: 0.1920  data: 0.0004  max mem: 31528
Test:  [1450/4000]  eta: 0:08:39  inter: 15886.0000 (26705.9672)  union: 37590.0000 (41138.7017)  iou: 0.6896 (0.6020)  time: 0.1994  data: 0.0005  max mem: 31528
Test:  [1500/4000]  eta: 0:08:29  inter: 16763.0000 (26690.4059)  union: 40103.0000 (41234.9948)  iou: 0.4714 (0.5993)  time: 0.2012  data: 0.0005  max mem: 31528
Test:  [1550/4000]  eta: 0:08:20  inter: 22338.0000 (26641.7701)  union: 30555.0000 (41172.1127)  iou: 0.8684 (0.6009)  time: 0.2220  data: 0.0005  max mem: 31528
Test:  [1600/4000]  eta: 0:08:10  inter: 12942.0000 (26499.9229)  union: 25698.0000 (41109.8889)  iou: 0.6855 (0.5977)  time: 0.2248  data: 0.0005  max mem: 31528
Test:  [1650/4000]  eta: 0:07:59  inter: 16216.0000 (26483.1844)  union: 33137.0000 (41096.9940)  iou: 0.4855 (0.5964)  time: 0.1992  data: 0.0005  max mem: 31528
Test:  [1700/4000]  eta: 0:07:49  inter: 17071.0000 (26498.6375)  union: 38340.0000 (41197.9166)  iou: 0.7905 (0.5951)  time: 0.2034  data: 0.0005  max mem: 31528
Test:  [1750/4000]  eta: 0:07:39  inter: 25819.0000 (26482.9011)  union: 32935.0000 (41134.1556)  iou: 0.8242 (0.5958)  time: 0.2184  data: 0.0005  max mem: 31528
Test:  [1800/4000]  eta: 0:07:29  inter: 24261.0000 (26372.7275)  union: 35246.0000 (41019.7397)  iou: 0.6756 (0.5954)  time: 0.2191  data: 0.0005  max mem: 31528
Test:  [1850/4000]  eta: 0:07:18  inter: 11209.0000 (26330.2161)  union: 35015.0000 (41111.9372)  iou: 0.3428 (0.5934)  time: 0.1972  data: 0.0005  max mem: 31528
Test:  [1900/4000]  eta: 0:07:08  inter: 31862.0000 (26240.8651)  union: 51207.0000 (40995.6698)  iou: 0.5766 (0.5941)  time: 0.2105  data: 0.0005  max mem: 31528
Test:  [1950/4000]  eta: 0:06:58  inter: 12136.0000 (26212.3799)  union: 16941.0000 (40968.1901)  iou: 0.7155 (0.5943)  time: 0.2083  data: 0.0005  max mem: 31528
Test:  [2000/4000]  eta: 0:06:48  inter: 15873.0000 (26209.8754)  union: 22498.0000 (40924.4600)  iou: 0.7636 (0.5948)  time: 0.1934  data: 0.0005  max mem: 31528
Test:  [2050/4000]  eta: 0:06:38  inter: 7000.0000 (26076.0548)  union: 52369.0000 (41048.8218)  iou: 0.1831 (0.5922)  time: 0.2312  data: 0.0005  max mem: 31528
Test:  [2100/4000]  eta: 0:06:27  inter: 20850.0000 (26071.9009)  union: 33118.0000 (40989.0597)  iou: 0.8176 (0.5928)  time: 0.1930  data: 0.0005  max mem: 31528
Test:  [2150/4000]  eta: 0:06:17  inter: 16146.0000 (26064.9432)  union: 30204.0000 (41019.1713)  iou: 0.7316 (0.5921)  time: 0.2005  data: 0.0005  max mem: 31528
Test:  [2200/4000]  eta: 0:06:07  inter: 13994.0000 (26024.1054)  union: 21013.0000 (40943.8317)  iou: 0.7298 (0.5923)  time: 0.2052  data: 0.0005  max mem: 31528
Test:  [2250/4000]  eta: 0:05:56  inter: 19139.0000 (25883.0277)  union: 36378.0000 (40811.1652)  iou: 0.7201 (0.5912)  time: 0.1784  data: 0.0004  max mem: 31528
Test:  [2300/4000]  eta: 0:05:46  inter: 25137.0000 (25977.9529)  union: 37043.0000 (40808.5464)  iou: 0.5841 (0.5932)  time: 0.2016  data: 0.0005  max mem: 31528
Test:  [2350/4000]  eta: 0:05:36  inter: 19615.0000 (25920.1981)  union: 38900.0000 (40771.3147)  iou: 0.8239 (0.5937)  time: 0.2181  data: 0.0005  max mem: 31528
Test:  [2400/4000]  eta: 0:05:26  inter: 10133.0000 (25953.7110)  union: 33048.0000 (40746.1956)  iou: 0.3249 (0.5939)  time: 0.2122  data: 0.0006  max mem: 31528
Test:  [2450/4000]  eta: 0:05:16  inter: 29240.0000 (26066.0107)  union: 33336.0000 (40799.9060)  iou: 0.8575 (0.5958)  time: 0.1865  data: 0.0005  max mem: 31528
Test:  [2500/4000]  eta: 0:05:05  inter: 26684.0000 (26021.9366)  union: 39463.0000 (40794.5869)  iou: 0.7989 (0.5955)  time: 0.1908  data: 0.0005  max mem: 31528
Test:  [2550/4000]  eta: 0:04:55  inter: 28750.0000 (26118.6201)  union: 33192.0000 (40883.6070)  iou: 0.8241 (0.5961)  time: 0.2167  data: 0.0005  max mem: 31528
Test:  [2600/4000]  eta: 0:04:45  inter: 11314.0000 (26033.9932)  union: 30108.0000 (40829.9484)  iou: 0.5740 (0.5948)  time: 0.2088  data: 0.0005  max mem: 31528
Test:  [2650/4000]  eta: 0:04:34  inter: 16468.0000 (26091.9125)  union: 34668.0000 (41064.6028)  iou: 0.8846 (0.5939)  time: 0.2039  data: 0.0005  max mem: 31528
Test:  [2700/4000]  eta: 0:04:24  inter: 22699.0000 (26180.5401)  union: 30572.0000 (41162.1678)  iou: 0.8620 (0.5948)  time: 0.1937  data: 0.0004  max mem: 31528
Test:  [2750/4000]  eta: 0:04:14  inter: 22933.0000 (26250.9559)  union: 29503.0000 (41247.9672)  iou: 0.8780 (0.5942)  time: 0.1972  data: 0.0005  max mem: 31528
Test:  [2800/4000]  eta: 0:04:04  inter: 14773.0000 (26226.5480)  union: 30680.0000 (41146.5091)  iou: 0.5591 (0.5945)  time: 0.1977  data: 0.0005  max mem: 31528
Test:  [2850/4000]  eta: 0:03:54  inter: 12269.0000 (26352.6132)  union: 38301.0000 (41242.9848)  iou: 0.3239 (0.5943)  time: 0.1975  data: 0.0005  max mem: 31528
Test:  [2900/4000]  eta: 0:03:44  inter: 17903.0000 (26388.6255)  union: 26135.0000 (41294.4478)  iou: 0.7873 (0.5937)  time: 0.1907  data: 0.0005  max mem: 31528
Test:  [2950/4000]  eta: 0:03:33  inter: 19762.0000 (26427.7452)  union: 26627.0000 (41304.8752)  iou: 0.4217 (0.5935)  time: 0.1933  data: 0.0005  max mem: 31528
Test:  [3000/4000]  eta: 0:03:23  inter: 21173.0000 (26374.0437)  union: 32590.0000 (41264.1309)  iou: 0.6152 (0.5925)  time: 0.2148  data: 0.0005  max mem: 31528
Test:  [3050/4000]  eta: 0:03:13  inter: 14041.0000 (26332.5929)  union: 31356.0000 (41332.9359)  iou: 0.4610 (0.5920)  time: 0.2026  data: 0.0005  max mem: 31528
Test:  [3100/4000]  eta: 0:03:03  inter: 17547.0000 (26325.2507)  union: 37690.0000 (41296.7694)  iou: 0.4815 (0.5923)  time: 0.1945  data: 0.0004  max mem: 31528
Test:  [3150/4000]  eta: 0:02:53  inter: 16490.0000 (26210.7630)  union: 22470.0000 (41189.5540)  iou: 0.5135 (0.5918)  time: 0.2004  data: 0.0005  max mem: 31528
Test:  [3200/4000]  eta: 0:02:42  inter: 16490.0000 (26234.7944)  union: 42108.0000 (41230.6464)  iou: 0.6369 (0.5922)  time: 0.1938  data: 0.0005  max mem: 31528
Test:  [3250/4000]  eta: 0:02:32  inter: 15651.0000 (26169.6686)  union: 26557.0000 (41180.7534)  iou: 0.7439 (0.5908)  time: 0.2021  data: 0.0005  max mem: 31528
Test:  [3300/4000]  eta: 0:02:22  inter: 24925.0000 (26257.5920)  union: 43841.0000 (41298.3999)  iou: 0.8168 (0.5898)  time: 0.2172  data: 0.0005  max mem: 31528
Test:  [3350/4000]  eta: 0:02:12  inter: 9644.0000 (26237.3812)  union: 12698.0000 (41319.9987)  iou: 0.7464 (0.5900)  time: 0.1865  data: 0.0005  max mem: 31528
Test:  [3400/4000]  eta: 0:02:02  inter: 25732.0000 (26359.4845)  union: 37422.0000 (41368.6666)  iou: 0.8639 (0.5915)  time: 0.2091  data: 0.0005  max mem: 31528
Test:  [3450/4000]  eta: 0:01:51  inter: 17812.0000 (26385.0434)  union: 30469.0000 (41372.9200)  iou: 0.5531 (0.5916)  time: 0.1958  data: 0.0005  max mem: 31528
Test:  [3500/4000]  eta: 0:01:41  inter: 13393.0000 (26352.5850)  union: 21628.0000 (41287.3692)  iou: 0.4196 (0.5918)  time: 0.1924  data: 0.0005  max mem: 31528
Test:  [3550/4000]  eta: 0:01:31  inter: 24146.0000 (26339.8208)  union: 37116.0000 (41306.9608)  iou: 0.8151 (0.5910)  time: 0.1762  data: 0.0004  max mem: 31528
Test:  [3600/4000]  eta: 0:01:21  inter: 21326.0000 (26282.0658)  union: 31810.0000 (41267.6206)  iou: 0.5849 (0.5897)  time: 0.1987  data: 0.0005  max mem: 31528
Test:  [3650/4000]  eta: 0:01:11  inter: 17345.0000 (26236.1372)  union: 38814.0000 (41258.9265)  iou: 0.4879 (0.5892)  time: 0.2248  data: 0.0005  max mem: 31528
Test:  [3700/4000]  eta: 0:01:01  inter: 18883.0000 (26316.2676)  union: 36156.0000 (41281.3199)  iou: 0.7736 (0.5897)  time: 0.1994  data: 0.0005  max mem: 31528
Test:  [3750/4000]  eta: 0:00:50  inter: 22944.0000 (26361.8931)  union: 44302.0000 (41325.2436)  iou: 0.5769 (0.5905)  time: 0.1939  data: 0.0005  max mem: 31528
Test:  [3800/4000]  eta: 0:00:40  inter: 22257.0000 (26385.6024)  union: 29592.0000 (41324.0740)  iou: 0.5746 (0.5906)  time: 0.1842  data: 0.0005  max mem: 31528
Test:  [3850/4000]  eta: 0:00:30  inter: 21751.0000 (26391.5865)  union: 33737.0000 (41337.2717)  iou: 0.8718 (0.5908)  time: 0.1959  data: 0.0005  max mem: 31528
Test:  [3900/4000]  eta: 0:00:20  inter: 19004.0000 (26434.9366)  union: 29744.0000 (41409.8574)  iou: 0.6416 (0.5905)  time: 0.1993  data: 0.0005  max mem: 31528
Test:  [3950/4000]  eta: 0:00:10  inter: 17651.0000 (26399.5820)  union: 34558.0000 (41350.6517)  iou: 0.7169 (0.5908)  time: 0.1895  data: 0.0004  max mem: 31528
Test:  [3999/4000]  eta: 0:00:00  inter: 16019.0000 (26373.3139)  union: 30872.0000 (41262.2698)  iou: 0.7417 (0.5918)  time: 0.1762  data: 0.0002  max mem: 31528
Test: Total time: 0:13:33 (0.2034 s / it)
* IoU 0.592 oIoU 0.639
IoU of the network on the 4000 test images: 0.6%
Max IoU: 0.59%
huggingface/tokenizers: The current process just got forked, after parallelism has already been used. Disabling parallelism to avoid deadlocks...
To disable this warning, you can either:
	- Avoid using `tokenizers` before the fork if possible
	- Explicitly set the environment variable TOKENIZERS_PARALLELISM=(true | false)
huggingface/tokenizers: The current process just got forked, after parallelism has already been used. Disabling parallelism to avoid deadlocks...
To disable this warning, you can either:
	- Avoid using `tokenizers` before the fork if possible
	- Explicitly set the environment variable TOKENIZERS_PARALLELISM=(true | false)
huggingface/tokenizers: The current process just got forked, after parallelism has already been used. Disabling parallelism to avoid deadlocks...
To disable this warning, you can either:
	- Avoid using `tokenizers` before the fork if possible
	- Explicitly set the environment variable TOKENIZERS_PARALLELISM=(true | false)
huggingface/tokenizers: The current process just got forked, after parallelism has already been used. Disabling parallelism to avoid deadlocks...
To disable this warning, you can either:
	- Avoid using `tokenizers` before the fork if possible
	- Explicitly set the environment variable TOKENIZERS_PARALLELISM=(true | false)
huggingface/tokenizers: The current process just got forked, after parallelism has already been used. Disabling parallelism to avoid deadlocks...
To disable this warning, you can either:
	- Avoid using `tokenizers` before the fork if possible
	- Explicitly set the environment variable TOKENIZERS_PARALLELISM=(true | false)
huggingface/tokenizers: The current process just got forked, after parallelism has already been used. Disabling parallelism to avoid deadlocks...
To disable this warning, you can either:
	- Avoid using `tokenizers` before the fork if possible
	- Explicitly set the environment variable TOKENIZERS_PARALLELISM=(true | false)
huggingface/tokenizers: The current process just got forked, after parallelism has already been used. Disabling parallelism to avoid deadlocks...
To disable this warning, you can either:
	- Avoid using `tokenizers` before the fork if possible
	- Explicitly set the environment variable TOKENIZERS_PARALLELISM=(true | false)
huggingface/tokenizers: The current process just got forked, after parallelism has already been used. Disabling parallelism to avoid deadlocks...
To disable this warning, you can either:
	- Avoid using `tokenizers` before the fork if possible
	- Explicitly set the environment variable TOKENIZERS_PARALLELISM=(true | false)
Epoch: [10]  [   0/5625]  eta: 9:15:19  lr: 0.000008  train_loss: 0.2344 (0.2344)  train_iou: 0.5602 (0.5602)  time: 5.9235  data: 4.0715  max mem: 31528
Epoch: [10]  [  20/5625]  eta: 1:58:29  lr: 0.000008  train_loss: 0.2373 (0.2646)  train_iou: 0.5831 (0.6151)  time: 1.0357  data: 0.0009  max mem: 31528
Epoch: [10]  [  40/5625]  eta: 1:47:14  lr: 0.000008  train_loss: 0.1275 (0.2216)  train_iou: 0.6178 (0.6221)  time: 1.0301  data: 0.0005  max mem: 31528
Epoch: [10]  [  60/5625]  eta: 1:43:11  lr: 0.000008  train_loss: 0.1288 (0.2113)  train_iou: 0.6472 (0.6385)  time: 1.0314  data: 0.0005  max mem: 31528
Epoch: [10]  [  80/5625]  eta: 1:40:34  lr: 0.000008  train_loss: 0.1995 (0.2101)  train_iou: 0.6176 (0.6346)  time: 1.0143  data: 0.0004  max mem: 31528
Epoch: [10]  [ 100/5625]  eta: 1:39:03  lr: 0.000008  train_loss: 0.2098 (0.2075)  train_iou: 0.6343 (0.6328)  time: 1.0252  data: 0.0005  max mem: 31528
Epoch: [10]  [ 120/5625]  eta: 1:37:57  lr: 0.000008  train_loss: 0.1037 (0.2003)  train_iou: 0.6421 (0.6338)  time: 1.0267  data: 0.0005  max mem: 31528
Epoch: [10]  [ 140/5625]  eta: 1:39:44  lr: 0.000008  train_loss: 0.1421 (0.1994)  train_iou: 0.6691 (0.6352)  time: 1.2321  data: 0.0005  max mem: 31528
Epoch: [10]  [ 160/5625]  eta: 1:38:32  lr: 0.000008  train_loss: 0.1894 (0.2009)  train_iou: 0.6399 (0.6344)  time: 1.0171  data: 0.0005  max mem: 31528
Epoch: [10]  [ 180/5625]  eta: 1:37:37  lr: 0.000008  train_loss: 0.1451 (0.1986)  train_iou: 0.6741 (0.6391)  time: 1.0262  data: 0.0005  max mem: 31528
Epoch: [10]  [ 200/5625]  eta: 1:36:48  lr: 0.000008  train_loss: 0.1068 (0.1938)  train_iou: 0.6543 (0.6391)  time: 1.0251  data: 0.0005  max mem: 31528
Epoch: [10]  [ 220/5625]  eta: 1:36:07  lr: 0.000008  train_loss: 0.0954 (0.1881)  train_iou: 0.6713 (0.6394)  time: 1.0305  data: 0.0004  max mem: 31528
Epoch: [10]  [ 240/5625]  eta: 1:35:22  lr: 0.000008  train_loss: 0.1206 (0.1860)  train_iou: 0.6846 (0.6415)  time: 1.0146  data: 0.0005  max mem: 31528
Epoch: [10]  [ 260/5625]  eta: 1:34:47  lr: 0.000008  train_loss: 0.2012 (0.1899)  train_iou: 0.6604 (0.6428)  time: 1.0300  data: 0.0005  max mem: 31528
Epoch: [10]  [ 280/5625]  eta: 1:34:14  lr: 0.000008  train_loss: 0.1107 (0.1881)  train_iou: 0.6843 (0.6455)  time: 1.0293  data: 0.0005  max mem: 31528
Epoch: [10]  [ 300/5625]  eta: 1:33:42  lr: 0.000008  train_loss: 0.2049 (0.1909)  train_iou: 0.6094 (0.6433)  time: 1.0273  data: 0.0005  max mem: 31528
Epoch: [10]  [ 320/5625]  eta: 1:33:12  lr: 0.000008  train_loss: 0.1850 (0.1923)  train_iou: 0.6724 (0.6433)  time: 1.0275  data: 0.0005  max mem: 31528
Epoch: [10]  [ 340/5625]  eta: 1:32:38  lr: 0.000008  train_loss: 0.1228 (0.1908)  train_iou: 0.6556 (0.6446)  time: 1.0140  data: 0.0005  max mem: 31528
Epoch: [10]  [ 360/5625]  eta: 1:32:11  lr: 0.000008  train_loss: 0.1370 (0.1896)  train_iou: 0.6643 (0.6461)  time: 1.0287  data: 0.0005  max mem: 31528
Epoch: [10]  [ 380/5625]  eta: 1:31:44  lr: 0.000008  train_loss: 0.1487 (0.1940)  train_iou: 0.6032 (0.6447)  time: 1.0294  data: 0.0005  max mem: 31528
Epoch: [10]  [ 400/5625]  eta: 1:31:19  lr: 0.000008  train_loss: 0.1072 (0.1920)  train_iou: 0.5679 (0.6429)  time: 1.0349  data: 0.0005  max mem: 31528
Epoch: [10]  [ 420/5625]  eta: 1:30:50  lr: 0.000008  train_loss: 0.2143 (0.1944)  train_iou: 0.6576 (0.6438)  time: 1.0149  data: 0.0004  max mem: 31528
Epoch: [10]  [ 440/5625]  eta: 1:30:24  lr: 0.000008  train_loss: 0.1388 (0.1931)  train_iou: 0.6867 (0.6448)  time: 1.0282  data: 0.0004  max mem: 31528
Epoch: [10]  [ 460/5625]  eta: 1:29:59  lr: 0.000008  train_loss: 0.1160 (0.1937)  train_iou: 0.6395 (0.6437)  time: 1.0275  data: 0.0005  max mem: 31528
Epoch: [10]  [ 480/5625]  eta: 1:29:35  lr: 0.000008  train_loss: 0.1480 (0.1939)  train_iou: 0.6786 (0.6441)  time: 1.0293  data: 0.0005  max mem: 31528
Epoch: [10]  [ 500/5625]  eta: 1:29:08  lr: 0.000008  train_loss: 0.1343 (0.1937)  train_iou: 0.6466 (0.6448)  time: 1.0167  data: 0.0005  max mem: 31528
Epoch: [10]  [ 520/5625]  eta: 1:28:45  lr: 0.000008  train_loss: 0.1261 (0.1923)  train_iou: 0.7119 (0.6467)  time: 1.0312  data: 0.0004  max mem: 31528
Epoch: [10]  [ 540/5625]  eta: 1:28:21  lr: 0.000008  train_loss: 0.1370 (0.1925)  train_iou: 0.6622 (0.6474)  time: 1.0280  data: 0.0005  max mem: 31528
Epoch: [10]  [ 560/5625]  eta: 1:27:58  lr: 0.000008  train_loss: 0.1807 (0.1951)  train_iou: 0.6648 (0.6493)  time: 1.0318  data: 0.0005  max mem: 31528
Epoch: [10]  [ 580/5625]  eta: 1:27:35  lr: 0.000008  train_loss: 0.1013 (0.1931)  train_iou: 0.6779 (0.6506)  time: 1.0271  data: 0.0005  max mem: 31528
Epoch: [10]  [ 600/5625]  eta: 1:27:09  lr: 0.000008  train_loss: 0.1163 (0.1935)  train_iou: 0.6906 (0.6517)  time: 1.0104  data: 0.0004  max mem: 31528
Epoch: [10]  [ 620/5625]  eta: 1:26:45  lr: 0.000008  train_loss: 0.1366 (0.1936)  train_iou: 0.6745 (0.6520)  time: 1.0252  data: 0.0005  max mem: 31528
Epoch: [10]  [ 640/5625]  eta: 1:26:23  lr: 0.000008  train_loss: 0.1320 (0.1933)  train_iou: 0.6651 (0.6524)  time: 1.0287  data: 0.0005  max mem: 31528
Epoch: [10]  [ 660/5625]  eta: 1:26:01  lr: 0.000008  train_loss: 0.1692 (0.1936)  train_iou: 0.6588 (0.6520)  time: 1.0299  data: 0.0005  max mem: 31528
Epoch: [10]  [ 680/5625]  eta: 1:25:36  lr: 0.000008  train_loss: 0.1825 (0.1944)  train_iou: 0.6408 (0.6519)  time: 1.0120  data: 0.0005  max mem: 31528
Epoch: [10]  [ 700/5625]  eta: 1:25:14  lr: 0.000008  train_loss: 0.1165 (0.1940)  train_iou: 0.6514 (0.6518)  time: 1.0285  data: 0.0005  max mem: 31528
Epoch: [10]  [ 720/5625]  eta: 1:24:51  lr: 0.000008  train_loss: 0.1471 (0.1935)  train_iou: 0.6554 (0.6524)  time: 1.0260  data: 0.0004  max mem: 31528
Epoch: [10]  [ 740/5625]  eta: 1:24:29  lr: 0.000008  train_loss: 0.0996 (0.1923)  train_iou: 0.7205 (0.6540)  time: 1.0247  data: 0.0005  max mem: 31528
Epoch: [10]  [ 760/5625]  eta: 1:24:05  lr: 0.000008  train_loss: 0.1100 (0.1912)  train_iou: 0.7375 (0.6553)  time: 1.0121  data: 0.0004  max mem: 31528
Epoch: [10]  [ 780/5625]  eta: 1:23:43  lr: 0.000008  train_loss: 0.1415 (0.1907)  train_iou: 0.6738 (0.6554)  time: 1.0273  data: 0.0004  max mem: 31528
Epoch: [10]  [ 800/5625]  eta: 1:23:20  lr: 0.000008  train_loss: 0.1342 (0.1907)  train_iou: 0.6048 (0.6549)  time: 1.0242  data: 0.0005  max mem: 31528
Epoch: [10]  [ 820/5625]  eta: 1:22:59  lr: 0.000008  train_loss: 0.1315 (0.1910)  train_iou: 0.6762 (0.6546)  time: 1.0287  data: 0.0005  max mem: 31528
Epoch: [10]  [ 840/5625]  eta: 1:22:36  lr: 0.000008  train_loss: 0.1227 (0.1901)  train_iou: 0.6590 (0.6540)  time: 1.0210  data: 0.0004  max mem: 31528
Epoch: [10]  [ 860/5625]  eta: 1:22:14  lr: 0.000008  train_loss: 0.1204 (0.1904)  train_iou: 0.6738 (0.6543)  time: 1.0178  data: 0.0005  max mem: 31528
Epoch: [10]  [ 880/5625]  eta: 1:21:52  lr: 0.000008  train_loss: 0.2376 (0.1920)  train_iou: 0.5560 (0.6525)  time: 1.0258  data: 0.0004  max mem: 31528
Epoch: [10]  [ 900/5625]  eta: 1:21:30  lr: 0.000008  train_loss: 0.1224 (0.1909)  train_iou: 0.6725 (0.6534)  time: 1.0274  data: 0.0005  max mem: 31528
Epoch: [10]  [ 920/5625]  eta: 1:21:10  lr: 0.000008  train_loss: 0.1173 (0.1906)  train_iou: 0.6920 (0.6535)  time: 1.0342  data: 0.0004  max mem: 31528
Epoch: [10]  [ 940/5625]  eta: 1:20:46  lr: 0.000008  train_loss: 0.1714 (0.1902)  train_iou: 0.6594 (0.6539)  time: 1.0108  data: 0.0004  max mem: 31528
Epoch: [10]  [ 960/5625]  eta: 1:20:25  lr: 0.000008  train_loss: 0.1848 (0.1914)  train_iou: 0.5703 (0.6523)  time: 1.0246  data: 0.0005  max mem: 31528
Epoch: [10]  [ 980/5625]  eta: 1:20:03  lr: 0.000008  train_loss: 0.1404 (0.1917)  train_iou: 0.6890 (0.6526)  time: 1.0255  data: 0.0005  max mem: 31528
Epoch: [10]  [1000/5625]  eta: 1:19:42  lr: 0.000008  train_loss: 0.1138 (0.1915)  train_iou: 0.6344 (0.6521)  time: 1.0317  data: 0.0004  max mem: 31528
Epoch: [10]  [1020/5625]  eta: 1:19:20  lr: 0.000008  train_loss: 0.1152 (0.1909)  train_iou: 0.6577 (0.6516)  time: 1.0171  data: 0.0004  max mem: 31528
Epoch: [10]  [1040/5625]  eta: 1:18:59  lr: 0.000008  train_loss: 0.1182 (0.1900)  train_iou: 0.6537 (0.6515)  time: 1.0269  data: 0.0005  max mem: 31528
Epoch: [10]  [1060/5625]  eta: 1:18:38  lr: 0.000008  train_loss: 0.1303 (0.1899)  train_iou: 0.6734 (0.6516)  time: 1.0321  data: 0.0004  max mem: 31528
Epoch: [10]  [1080/5625]  eta: 1:18:17  lr: 0.000008  train_loss: 0.1387 (0.1899)  train_iou: 0.6715 (0.6516)  time: 1.0266  data: 0.0004  max mem: 31528
Epoch: [10]  [1100/5625]  eta: 1:17:54  lr: 0.000008  train_loss: 0.1942 (0.1903)  train_iou: 0.5605 (0.6504)  time: 1.0141  data: 0.0004  max mem: 31528
Epoch: [10]  [1120/5625]  eta: 1:17:33  lr: 0.000008  train_loss: 0.1209 (0.1901)  train_iou: 0.6818 (0.6511)  time: 1.0258  data: 0.0005  max mem: 31528
Epoch: [10]  [1140/5625]  eta: 1:17:12  lr: 0.000008  train_loss: 0.1920 (0.1900)  train_iou: 0.6792 (0.6515)  time: 1.0208  data: 0.0005  max mem: 31528
Epoch: [10]  [1160/5625]  eta: 1:16:51  lr: 0.000008  train_loss: 0.2179 (0.1906)  train_iou: 0.6620 (0.6518)  time: 1.0288  data: 0.0004  max mem: 31528
Epoch: [10]  [1180/5625]  eta: 1:16:29  lr: 0.000008  train_loss: 0.1100 (0.1898)  train_iou: 0.6182 (0.6520)  time: 1.0224  data: 0.0004  max mem: 31528
Epoch: [10]  [1200/5625]  eta: 1:16:08  lr: 0.000008  train_loss: 0.1373 (0.1903)  train_iou: 0.6686 (0.6523)  time: 1.0229  data: 0.0005  max mem: 31528
Epoch: [10]  [1220/5625]  eta: 1:15:47  lr: 0.000008  train_loss: 0.1209 (0.1902)  train_iou: 0.6189 (0.6522)  time: 1.0272  data: 0.0004  max mem: 31528
Epoch: [10]  [1240/5625]  eta: 1:15:26  lr: 0.000008  train_loss: 0.1208 (0.1900)  train_iou: 0.6768 (0.6527)  time: 1.0319  data: 0.0004  max mem: 31528
Epoch: [10]  [1260/5625]  eta: 1:15:06  lr: 0.000008  train_loss: 0.1779 (0.1901)  train_iou: 0.6449 (0.6527)  time: 1.0333  data: 0.0004  max mem: 31528
Epoch: [10]  [1280/5625]  eta: 1:14:44  lr: 0.000008  train_loss: 0.1405 (0.1897)  train_iou: 0.6614 (0.6529)  time: 1.0157  data: 0.0005  max mem: 31528
Epoch: [10]  [1300/5625]  eta: 1:14:23  lr: 0.000008  train_loss: 0.1759 (0.1901)  train_iou: 0.6679 (0.6530)  time: 1.0268  data: 0.0004  max mem: 31528
Epoch: [10]  [1320/5625]  eta: 1:14:02  lr: 0.000008  train_loss: 0.1224 (0.1902)  train_iou: 0.6433 (0.6523)  time: 1.0256  data: 0.0004  max mem: 31528
Epoch: [10]  [1340/5625]  eta: 1:13:41  lr: 0.000008  train_loss: 0.1210 (0.1899)  train_iou: 0.6184 (0.6519)  time: 1.0359  data: 0.0004  max mem: 31528
Epoch: [10]  [1360/5625]  eta: 1:13:20  lr: 0.000008  train_loss: 0.2358 (0.1912)  train_iou: 0.6390 (0.6517)  time: 1.0135  data: 0.0004  max mem: 31528
Epoch: [10]  [1380/5625]  eta: 1:12:59  lr: 0.000008  train_loss: 0.1837 (0.1915)  train_iou: 0.5623 (0.6513)  time: 1.0257  data: 0.0004  max mem: 31528
Epoch: [10]  [1400/5625]  eta: 1:12:38  lr: 0.000008  train_loss: 0.1874 (0.1919)  train_iou: 0.6548 (0.6512)  time: 1.0270  data: 0.0005  max mem: 31528
Epoch: [10]  [1420/5625]  eta: 1:12:17  lr: 0.000008  train_loss: 0.1348 (0.1917)  train_iou: 0.6718 (0.6513)  time: 1.0237  data: 0.0005  max mem: 31528
Epoch: [10]  [1440/5625]  eta: 1:11:55  lr: 0.000008  train_loss: 0.1656 (0.1918)  train_iou: 0.6429 (0.6511)  time: 1.0077  data: 0.0004  max mem: 31528
Epoch: [10]  [1460/5625]  eta: 1:11:34  lr: 0.000008  train_loss: 0.1201 (0.1919)  train_iou: 0.5407 (0.6503)  time: 1.0344  data: 0.0005  max mem: 31528
Epoch: [10]  [1480/5625]  eta: 1:11:22  lr: 0.000008  train_loss: 0.1384 (0.1915)  train_iou: 0.6627 (0.6505)  time: 1.1909  data: 0.0004  max mem: 31528
Epoch: [10]  [1500/5625]  eta: 1:11:02  lr: 0.000008  train_loss: 0.1493 (0.1915)  train_iou: 0.6241 (0.6501)  time: 1.0320  data: 0.0004  max mem: 31528
Epoch: [10]  [1520/5625]  eta: 1:10:40  lr: 0.000008  train_loss: 0.1058 (0.1913)  train_iou: 0.6603 (0.6501)  time: 1.0180  data: 0.0004  max mem: 31528
Epoch: [10]  [1540/5625]  eta: 1:10:19  lr: 0.000008  train_loss: 0.1420 (0.1914)  train_iou: 0.6567 (0.6503)  time: 1.0213  data: 0.0004  max mem: 31528
Epoch: [10]  [1560/5625]  eta: 1:09:58  lr: 0.000008  train_loss: 0.1158 (0.1910)  train_iou: 0.6336 (0.6503)  time: 1.0269  data: 0.0004  max mem: 31528
Epoch: [10]  [1580/5625]  eta: 1:09:37  lr: 0.000008  train_loss: 0.1801 (0.1909)  train_iou: 0.6379 (0.6505)  time: 1.0257  data: 0.0004  max mem: 31528
Epoch: [10]  [1600/5625]  eta: 1:09:16  lr: 0.000008  train_loss: 0.1202 (0.1907)  train_iou: 0.7616 (0.6509)  time: 1.0269  data: 0.0005  max mem: 31528
Epoch: [10]  [1620/5625]  eta: 1:08:54  lr: 0.000008  train_loss: 0.1640 (0.1911)  train_iou: 0.6428 (0.6510)  time: 1.0145  data: 0.0004  max mem: 31528
Epoch: [10]  [1640/5625]  eta: 1:08:34  lr: 0.000008  train_loss: 0.1081 (0.1906)  train_iou: 0.6742 (0.6515)  time: 1.0282  data: 0.0004  max mem: 31528
Epoch: [10]  [1660/5625]  eta: 1:08:13  lr: 0.000008  train_loss: 0.1039 (0.1900)  train_iou: 0.5664 (0.6510)  time: 1.0271  data: 0.0005  max mem: 31528
Epoch: [10]  [1680/5625]  eta: 1:07:52  lr: 0.000008  train_loss: 0.1405 (0.1899)  train_iou: 0.6608 (0.6508)  time: 1.0257  data: 0.0004  max mem: 31528
Epoch: [10]  [1700/5625]  eta: 1:07:30  lr: 0.000008  train_loss: 0.1286 (0.1896)  train_iou: 0.6720 (0.6508)  time: 1.0150  data: 0.0004  max mem: 31528
Epoch: [10]  [1720/5625]  eta: 1:07:10  lr: 0.000008  train_loss: 0.1639 (0.1895)  train_iou: 0.6363 (0.6507)  time: 1.0294  data: 0.0004  max mem: 31528
Epoch: [10]  [1740/5625]  eta: 1:06:49  lr: 0.000008  train_loss: 0.1088 (0.1892)  train_iou: 0.6628 (0.6507)  time: 1.0293  data: 0.0004  max mem: 31528
Epoch: [10]  [1760/5625]  eta: 1:06:28  lr: 0.000008  train_loss: 0.1713 (0.1898)  train_iou: 0.6438 (0.6508)  time: 1.0323  data: 0.0004  max mem: 31528
Epoch: [10]  [1780/5625]  eta: 1:06:07  lr: 0.000008  train_loss: 0.1474 (0.1897)  train_iou: 0.7287 (0.6516)  time: 1.0138  data: 0.0004  max mem: 31528
Epoch: [10]  [1800/5625]  eta: 1:05:46  lr: 0.000008  train_loss: 0.0878 (0.1892)  train_iou: 0.6877 (0.6517)  time: 1.0199  data: 0.0004  max mem: 31528
Epoch: [10]  [1820/5625]  eta: 1:05:25  lr: 0.000008  train_loss: 0.2007 (0.1896)  train_iou: 0.6380 (0.6515)  time: 1.0309  data: 0.0004  max mem: 31528
Epoch: [10]  [1840/5625]  eta: 1:05:04  lr: 0.000008  train_loss: 0.1270 (0.1894)  train_iou: 0.6007 (0.6511)  time: 1.0277  data: 0.0004  max mem: 31528
Epoch: [10]  [1860/5625]  eta: 1:04:43  lr: 0.000008  train_loss: 0.1237 (0.1892)  train_iou: 0.6394 (0.6509)  time: 1.0275  data: 0.0004  max mem: 31528
Epoch: [10]  [1880/5625]  eta: 1:04:22  lr: 0.000008  train_loss: 0.1155 (0.1891)  train_iou: 0.6678 (0.6512)  time: 1.0177  data: 0.0004  max mem: 31528
Epoch: [10]  [1900/5625]  eta: 1:04:01  lr: 0.000008  train_loss: 0.1287 (0.1893)  train_iou: 0.5438 (0.6504)  time: 1.0232  data: 0.0004  max mem: 31528
Epoch: [10]  [1920/5625]  eta: 1:03:41  lr: 0.000008  train_loss: 0.1307 (0.1894)  train_iou: 0.6743 (0.6508)  time: 1.0320  data: 0.0004  max mem: 31528
Epoch: [10]  [1940/5625]  eta: 1:03:20  lr: 0.000008  train_loss: 0.1934 (0.1900)  train_iou: 0.5887 (0.6506)  time: 1.0363  data: 0.0004  max mem: 31528
Epoch: [10]  [1960/5625]  eta: 1:02:59  lr: 0.000008  train_loss: 0.1671 (0.1900)  train_iou: 0.6654 (0.6508)  time: 1.0090  data: 0.0004  max mem: 31528
Epoch: [10]  [1980/5625]  eta: 1:02:38  lr: 0.000008  train_loss: 0.1927 (0.1903)  train_iou: 0.6797 (0.6512)  time: 1.0219  data: 0.0004  max mem: 31528
Epoch: [10]  [2000/5625]  eta: 1:02:17  lr: 0.000008  train_loss: 0.1351 (0.1902)  train_iou: 0.6666 (0.6512)  time: 1.0313  data: 0.0004  max mem: 31528
Epoch: [10]  [2020/5625]  eta: 1:01:56  lr: 0.000008  train_loss: 0.1259 (0.1902)  train_iou: 0.6666 (0.6513)  time: 1.0309  data: 0.0005  max mem: 31528
Epoch: [10]  [2040/5625]  eta: 1:01:35  lr: 0.000008  train_loss: 0.1546 (0.1900)  train_iou: 0.6620 (0.6513)  time: 1.0082  data: 0.0004  max mem: 31528
Epoch: [10]  [2060/5625]  eta: 1:01:14  lr: 0.000008  train_loss: 0.1468 (0.1901)  train_iou: 0.6535 (0.6514)  time: 1.0256  data: 0.0004  max mem: 31528
Epoch: [10]  [2080/5625]  eta: 1:00:53  lr: 0.000008  train_loss: 0.1598 (0.1903)  train_iou: 0.6306 (0.6514)  time: 1.0258  data: 0.0004  max mem: 31528
Epoch: [10]  [2100/5625]  eta: 1:00:33  lr: 0.000008  train_loss: 0.1330 (0.1901)  train_iou: 0.6022 (0.6512)  time: 1.0288  data: 0.0004  max mem: 31528
Epoch: [10]  [2120/5625]  eta: 1:00:12  lr: 0.000008  train_loss: 0.1337 (0.1901)  train_iou: 0.6187 (0.6507)  time: 1.0169  data: 0.0004  max mem: 31528
Epoch: [10]  [2140/5625]  eta: 0:59:51  lr: 0.000008  train_loss: 0.1910 (0.1902)  train_iou: 0.6495 (0.6507)  time: 1.0314  data: 0.0004  max mem: 31528
Epoch: [10]  [2160/5625]  eta: 0:59:30  lr: 0.000008  train_loss: 0.1282 (0.1900)  train_iou: 0.6127 (0.6504)  time: 1.0184  data: 0.0004  max mem: 31528
Epoch: [10]  [2180/5625]  eta: 0:59:09  lr: 0.000008  train_loss: 0.2063 (0.1904)  train_iou: 0.6015 (0.6501)  time: 1.0276  data: 0.0004  max mem: 31528
Epoch: [10]  [2200/5625]  eta: 0:58:49  lr: 0.000008  train_loss: 0.1596 (0.1907)  train_iou: 0.6576 (0.6500)  time: 1.0241  data: 0.0004  max mem: 31528
Epoch: [10]  [2220/5625]  eta: 0:58:27  lr: 0.000008  train_loss: 0.0931 (0.1903)  train_iou: 0.6318 (0.6500)  time: 1.0091  data: 0.0004  max mem: 31528
Epoch: [10]  [2240/5625]  eta: 0:58:07  lr: 0.000008  train_loss: 0.1112 (0.1901)  train_iou: 0.6465 (0.6501)  time: 1.0279  data: 0.0004  max mem: 31528
Epoch: [10]  [2260/5625]  eta: 0:57:46  lr: 0.000008  train_loss: 0.1294 (0.1901)  train_iou: 0.6482 (0.6501)  time: 1.0289  data: 0.0005  max mem: 31528
Epoch: [10]  [2280/5625]  eta: 0:57:25  lr: 0.000008  train_loss: 0.1294 (0.1900)  train_iou: 0.6549 (0.6501)  time: 1.0286  data: 0.0004  max mem: 31528
Epoch: [10]  [2300/5625]  eta: 0:57:04  lr: 0.000008  train_loss: 0.1941 (0.1901)  train_iou: 0.6512 (0.6503)  time: 1.0178  data: 0.0004  max mem: 31528
Epoch: [10]  [2320/5625]  eta: 0:56:44  lr: 0.000008  train_loss: 0.1384 (0.1900)  train_iou: 0.7327 (0.6507)  time: 1.0252  data: 0.0004  max mem: 31528
Epoch: [10]  [2340/5625]  eta: 0:56:23  lr: 0.000008  train_loss: 0.1866 (0.1902)  train_iou: 0.6631 (0.6508)  time: 1.0243  data: 0.0004  max mem: 31528
Epoch: [10]  [2360/5625]  eta: 0:56:02  lr: 0.000008  train_loss: 0.1577 (0.1903)  train_iou: 0.6581 (0.6507)  time: 1.0262  data: 0.0004  max mem: 31528
Epoch: [10]  [2380/5625]  eta: 0:55:41  lr: 0.000008  train_loss: 0.1357 (0.1904)  train_iou: 0.6714 (0.6507)  time: 1.0215  data: 0.0005  max mem: 31528
Epoch: [10]  [2400/5625]  eta: 0:55:21  lr: 0.000008  train_loss: 0.1534 (0.1908)  train_iou: 0.6608 (0.6505)  time: 1.0188  data: 0.0004  max mem: 31528
Epoch: [10]  [2420/5625]  eta: 0:55:00  lr: 0.000008  train_loss: 0.1255 (0.1908)  train_iou: 0.7030 (0.6509)  time: 1.0241  data: 0.0004  max mem: 31528
Epoch: [10]  [2440/5625]  eta: 0:54:39  lr: 0.000008  train_loss: 0.1393 (0.1908)  train_iou: 0.6832 (0.6510)  time: 1.0253  data: 0.0004  max mem: 31528
Epoch: [10]  [2460/5625]  eta: 0:54:18  lr: 0.000008  train_loss: 0.1145 (0.1907)  train_iou: 0.6684 (0.6514)  time: 1.0236  data: 0.0004  max mem: 31528
Epoch: [10]  [2480/5625]  eta: 0:53:57  lr: 0.000008  train_loss: 0.1198 (0.1905)  train_iou: 0.6855 (0.6518)  time: 1.0120  data: 0.0004  max mem: 31528
Epoch: [10]  [2500/5625]  eta: 0:53:37  lr: 0.000008  train_loss: 0.1377 (0.1907)  train_iou: 0.6558 (0.6516)  time: 1.0243  data: 0.0004  max mem: 31528
Epoch: [10]  [2520/5625]  eta: 0:53:16  lr: 0.000008  train_loss: 0.1185 (0.1908)  train_iou: 0.6474 (0.6518)  time: 1.0264  data: 0.0004  max mem: 31528
Epoch: [10]  [2540/5625]  eta: 0:52:55  lr: 0.000008  train_loss: 0.1536 (0.1908)  train_iou: 0.6649 (0.6520)  time: 1.0340  data: 0.0005  max mem: 31528
Epoch: [10]  [2560/5625]  eta: 0:52:35  lr: 0.000008  train_loss: 0.1311 (0.1908)  train_iou: 0.6905 (0.6520)  time: 1.0203  data: 0.0004  max mem: 31528
Epoch: [10]  [2580/5625]  eta: 0:52:14  lr: 0.000008  train_loss: 0.1564 (0.1908)  train_iou: 0.6563 (0.6521)  time: 1.0206  data: 0.0004  max mem: 31528
Epoch: [10]  [2600/5625]  eta: 0:51:53  lr: 0.000008  train_loss: 0.1654 (0.1909)  train_iou: 0.6705 (0.6522)  time: 1.0268  data: 0.0004  max mem: 31528
Epoch: [10]  [2620/5625]  eta: 0:51:33  lr: 0.000008  train_loss: 0.2269 (0.1909)  train_iou: 0.6501 (0.6523)  time: 1.0277  data: 0.0004  max mem: 31528
Epoch: [10]  [2640/5625]  eta: 0:51:11  lr: 0.000008  train_loss: 0.1051 (0.1903)  train_iou: 0.6848 (0.6524)  time: 1.0094  data: 0.0004  max mem: 31528
Epoch: [10]  [2660/5625]  eta: 0:50:51  lr: 0.000008  train_loss: 0.2220 (0.1906)  train_iou: 0.6637 (0.6525)  time: 1.0250  data: 0.0004  max mem: 31528
Epoch: [10]  [2680/5625]  eta: 0:50:30  lr: 0.000008  train_loss: 0.1500 (0.1907)  train_iou: 0.6662 (0.6526)  time: 1.0262  data: 0.0004  max mem: 31528
Epoch: [10]  [2700/5625]  eta: 0:50:10  lr: 0.000008  train_loss: 0.1642 (0.1907)  train_iou: 0.6721 (0.6528)  time: 1.0299  data: 0.0004  max mem: 31528
Epoch: [10]  [2720/5625]  eta: 0:49:49  lr: 0.000008  train_loss: 0.1331 (0.1910)  train_iou: 0.6365 (0.6526)  time: 1.0248  data: 0.0004  max mem: 31528
Epoch: [10]  [2740/5625]  eta: 0:49:28  lr: 0.000008  train_loss: 0.1219 (0.1907)  train_iou: 0.7785 (0.6534)  time: 1.0086  data: 0.0004  max mem: 31528
Epoch: [10]  [2760/5625]  eta: 0:49:07  lr: 0.000008  train_loss: 0.1257 (0.1908)  train_iou: 0.6963 (0.6536)  time: 1.0287  data: 0.0004  max mem: 31528
Epoch: [10]  [2780/5625]  eta: 0:48:47  lr: 0.000008  train_loss: 0.1764 (0.1910)  train_iou: 0.6629 (0.6538)  time: 1.0288  data: 0.0004  max mem: 31528
Epoch: [10]  [2800/5625]  eta: 0:48:29  lr: 0.000008  train_loss: 0.1965 (0.1911)  train_iou: 0.6116 (0.6538)  time: 1.1856  data: 0.0004  max mem: 31528
Epoch: [10]  [2820/5625]  eta: 0:48:09  lr: 0.000008  train_loss: 0.1453 (0.1911)  train_iou: 0.6547 (0.6537)  time: 1.0291  data: 0.0004  max mem: 31528
Epoch: [10]  [2840/5625]  eta: 0:47:48  lr: 0.000008  train_loss: 0.1183 (0.1911)  train_iou: 0.6396 (0.6536)  time: 1.0413  data: 0.0004  max mem: 31528
Epoch: [10]  [2860/5625]  eta: 0:47:28  lr: 0.000008  train_loss: 0.1193 (0.1908)  train_iou: 0.7464 (0.6538)  time: 1.0472  data: 0.0004  max mem: 31528
Epoch: [10]  [2880/5625]  eta: 0:47:08  lr: 0.000008  train_loss: 0.1641 (0.1908)  train_iou: 0.6129 (0.6534)  time: 1.0391  data: 0.0004  max mem: 31528
Epoch: [10]  [2900/5625]  eta: 0:46:47  lr: 0.000008  train_loss: 0.1245 (0.1907)  train_iou: 0.6783 (0.6533)  time: 1.0231  data: 0.0004  max mem: 31528
Epoch: [10]  [2920/5625]  eta: 0:46:26  lr: 0.000008  train_loss: 0.1382 (0.1907)  train_iou: 0.6576 (0.6533)  time: 1.0362  data: 0.0004  max mem: 31528
Epoch: [10]  [2940/5625]  eta: 0:46:06  lr: 0.000008  train_loss: 0.1854 (0.1908)  train_iou: 0.6183 (0.6530)  time: 1.0442  data: 0.0004  max mem: 31528
Epoch: [10]  [2960/5625]  eta: 0:45:46  lr: 0.000008  train_loss: 0.1484 (0.1909)  train_iou: 0.6182 (0.6528)  time: 1.0372  data: 0.0004  max mem: 31528
Epoch: [10]  [2980/5625]  eta: 0:45:25  lr: 0.000008  train_loss: 0.1912 (0.1912)  train_iou: 0.6222 (0.6528)  time: 1.0233  data: 0.0004  max mem: 31528
Epoch: [10]  [3000/5625]  eta: 0:45:04  lr: 0.000008  train_loss: 0.1227 (0.1916)  train_iou: 0.6418 (0.6529)  time: 1.0362  data: 0.0005  max mem: 31528
Epoch: [10]  [3020/5625]  eta: 0:44:44  lr: 0.000008  train_loss: 0.2066 (0.1918)  train_iou: 0.6552 (0.6527)  time: 1.0422  data: 0.0004  max mem: 31528
Epoch: [10]  [3040/5625]  eta: 0:44:23  lr: 0.000008  train_loss: 0.1641 (0.1921)  train_iou: 0.6895 (0.6528)  time: 1.0403  data: 0.0004  max mem: 31528
Epoch: [10]  [3060/5625]  eta: 0:44:03  lr: 0.000008  train_loss: 0.1391 (0.1922)  train_iou: 0.6392 (0.6525)  time: 1.0307  data: 0.0004  max mem: 31528
Epoch: [10]  [3080/5625]  eta: 0:43:42  lr: 0.000008  train_loss: 0.1396 (0.1921)  train_iou: 0.6557 (0.6526)  time: 1.0296  data: 0.0004  max mem: 31528
Epoch: [10]  [3100/5625]  eta: 0:43:22  lr: 0.000008  train_loss: 0.1719 (0.1922)  train_iou: 0.6664 (0.6526)  time: 1.0394  data: 0.0004  max mem: 31528
Epoch: [10]  [3120/5625]  eta: 0:43:01  lr: 0.000008  train_loss: 0.0997 (0.1920)  train_iou: 0.6659 (0.6525)  time: 1.0385  data: 0.0004  max mem: 31528
Epoch: [10]  [3140/5625]  eta: 0:42:41  lr: 0.000008  train_loss: 0.1692 (0.1921)  train_iou: 0.6561 (0.6525)  time: 1.0382  data: 0.0004  max mem: 31528
Epoch: [10]  [3160/5625]  eta: 0:42:20  lr: 0.000008  train_loss: 0.1148 (0.1921)  train_iou: 0.6490 (0.6524)  time: 1.0232  data: 0.0004  max mem: 31528
Epoch: [10]  [3180/5625]  eta: 0:42:00  lr: 0.000008  train_loss: 0.1184 (0.1919)  train_iou: 0.6592 (0.6524)  time: 1.0358  data: 0.0004  max mem: 31528
Epoch: [10]  [3200/5625]  eta: 0:41:39  lr: 0.000008  train_loss: 0.1495 (0.1920)  train_iou: 0.6334 (0.6522)  time: 1.0345  data: 0.0004  max mem: 31528
Epoch: [10]  [3220/5625]  eta: 0:41:19  lr: 0.000008  train_loss: 0.1365 (0.1919)  train_iou: 0.6303 (0.6519)  time: 1.0404  data: 0.0004  max mem: 31528
Epoch: [10]  [3240/5625]  eta: 0:40:58  lr: 0.000008  train_loss: 0.1178 (0.1918)  train_iou: 0.6568 (0.6518)  time: 1.0231  data: 0.0004  max mem: 31528
Epoch: [10]  [3260/5625]  eta: 0:40:37  lr: 0.000008  train_loss: 0.1180 (0.1919)  train_iou: 0.5487 (0.6515)  time: 1.0313  data: 0.0004  max mem: 31528
Epoch: [10]  [3280/5625]  eta: 0:40:17  lr: 0.000008  train_loss: 0.2002 (0.1922)  train_iou: 0.6145 (0.6512)  time: 1.0323  data: 0.0005  max mem: 31528
Epoch: [10]  [3300/5625]  eta: 0:39:56  lr: 0.000008  train_loss: 0.1295 (0.1923)  train_iou: 0.6290 (0.6512)  time: 1.0368  data: 0.0004  max mem: 31528
Epoch: [10]  [3320/5625]  eta: 0:39:35  lr: 0.000008  train_loss: 0.1402 (0.1924)  train_iou: 0.6412 (0.6513)  time: 1.0274  data: 0.0004  max mem: 31528
Epoch: [10]  [3340/5625]  eta: 0:39:15  lr: 0.000008  train_loss: 0.2007 (0.1928)  train_iou: 0.6630 (0.6511)  time: 1.0390  data: 0.0004  max mem: 31528
Epoch: [10]  [3360/5625]  eta: 0:38:54  lr: 0.000008  train_loss: 0.1371 (0.1927)  train_iou: 0.6211 (0.6511)  time: 1.0383  data: 0.0004  max mem: 31528
Epoch: [10]  [3380/5625]  eta: 0:38:34  lr: 0.000008  train_loss: 0.1232 (0.1924)  train_iou: 0.6306 (0.6512)  time: 1.0415  data: 0.0004  max mem: 31528
Epoch: [10]  [3400/5625]  eta: 0:38:13  lr: 0.000008  train_loss: 0.1728 (0.1925)  train_iou: 0.6441 (0.6510)  time: 1.0260  data: 0.0004  max mem: 31528
Epoch: [10]  [3420/5625]  eta: 0:37:53  lr: 0.000008  train_loss: 0.2048 (0.1927)  train_iou: 0.6513 (0.6511)  time: 1.0315  data: 0.0004  max mem: 31528
Epoch: [10]  [3440/5625]  eta: 0:37:32  lr: 0.000008  train_loss: 0.1200 (0.1926)  train_iou: 0.6344 (0.6510)  time: 1.0383  data: 0.0004  max mem: 31528
Epoch: [10]  [3460/5625]  eta: 0:37:12  lr: 0.000008  train_loss: 0.1458 (0.1926)  train_iou: 0.6614 (0.6511)  time: 1.0359  data: 0.0004  max mem: 31528
Epoch: [10]  [3480/5625]  eta: 0:36:51  lr: 0.000008  train_loss: 0.1356 (0.1925)  train_iou: 0.7366 (0.6513)  time: 1.0304  data: 0.0004  max mem: 31528
Epoch: [10]  [3500/5625]  eta: 0:36:30  lr: 0.000008  train_loss: 0.1404 (0.1924)  train_iou: 0.6545 (0.6515)  time: 1.0298  data: 0.0004  max mem: 31528
Epoch: [10]  [3520/5625]  eta: 0:36:10  lr: 0.000008  train_loss: 0.1381 (0.1927)  train_iou: 0.6377 (0.6514)  time: 1.0443  data: 0.0004  max mem: 31528
Epoch: [10]  [3540/5625]  eta: 0:35:49  lr: 0.000008  train_loss: 0.1144 (0.1924)  train_iou: 0.5923 (0.6513)  time: 1.0413  data: 0.0004  max mem: 31528
Epoch: [10]  [3560/5625]  eta: 0:35:29  lr: 0.000008  train_loss: 0.1517 (0.1924)  train_iou: 0.6561 (0.6512)  time: 1.0385  data: 0.0004  max mem: 31528
Epoch: [10]  [3580/5625]  eta: 0:35:08  lr: 0.000008  train_loss: 0.1263 (0.1922)  train_iou: 0.6806 (0.6513)  time: 1.0250  data: 0.0004  max mem: 31528
Epoch: [10]  [3600/5625]  eta: 0:34:47  lr: 0.000008  train_loss: 0.2156 (0.1924)  train_iou: 0.6555 (0.6513)  time: 1.0351  data: 0.0004  max mem: 31528
Epoch: [10]  [3620/5625]  eta: 0:34:27  lr: 0.000008  train_loss: 0.1509 (0.1924)  train_iou: 0.6610 (0.6513)  time: 1.0364  data: 0.0004  max mem: 31528
Epoch: [10]  [3640/5625]  eta: 0:34:06  lr: 0.000008  train_loss: 0.1482 (0.1925)  train_iou: 0.6371 (0.6512)  time: 1.0359  data: 0.0004  max mem: 31528
Epoch: [10]  [3660/5625]  eta: 0:33:46  lr: 0.000008  train_loss: 0.1751 (0.1925)  train_iou: 0.6639 (0.6510)  time: 1.0224  data: 0.0004  max mem: 31528
Epoch: [10]  [3680/5625]  eta: 0:33:25  lr: 0.000008  train_loss: 0.1281 (0.1924)  train_iou: 0.6616 (0.6509)  time: 1.0363  data: 0.0004  max mem: 31528
Epoch: [10]  [3700/5625]  eta: 0:33:05  lr: 0.000008  train_loss: 0.1184 (0.1927)  train_iou: 0.6679 (0.6511)  time: 1.0407  data: 0.0004  max mem: 31528
Epoch: [10]  [3720/5625]  eta: 0:32:44  lr: 0.000008  train_loss: 0.1231 (0.1925)  train_iou: 0.6442 (0.6512)  time: 1.0356  data: 0.0004  max mem: 31528
Epoch: [10]  [3740/5625]  eta: 0:32:23  lr: 0.000008  train_loss: 0.1435 (0.1926)  train_iou: 0.6715 (0.6514)  time: 1.0165  data: 0.0004  max mem: 31528
Epoch: [10]  [3760/5625]  eta: 0:32:03  lr: 0.000008  train_loss: 0.2099 (0.1927)  train_iou: 0.6550 (0.6515)  time: 1.0393  data: 0.0004  max mem: 31528
Epoch: [10]  [3780/5625]  eta: 0:31:42  lr: 0.000008  train_loss: 0.2028 (0.1927)  train_iou: 0.6683 (0.6515)  time: 1.0358  data: 0.0004  max mem: 31528
Epoch: [10]  [3800/5625]  eta: 0:31:22  lr: 0.000008  train_loss: 0.2565 (0.1931)  train_iou: 0.6287 (0.6512)  time: 1.0366  data: 0.0004  max mem: 31528
Epoch: [10]  [3820/5625]  eta: 0:31:01  lr: 0.000008  train_loss: 0.1205 (0.1930)  train_iou: 0.7302 (0.6515)  time: 1.0320  data: 0.0004  max mem: 31528
Epoch: [10]  [3840/5625]  eta: 0:30:40  lr: 0.000008  train_loss: 0.1540 (0.1929)  train_iou: 0.6093 (0.6512)  time: 1.0301  data: 0.0004  max mem: 31528
Epoch: [10]  [3860/5625]  eta: 0:30:20  lr: 0.000008  train_loss: 0.1401 (0.1930)  train_iou: 0.6553 (0.6512)  time: 1.0366  data: 0.0004  max mem: 31528
Epoch: [10]  [3880/5625]  eta: 0:29:59  lr: 0.000008  train_loss: 0.1522 (0.1931)  train_iou: 0.6685 (0.6512)  time: 1.0371  data: 0.0004  max mem: 31528
Epoch: [10]  [3900/5625]  eta: 0:29:39  lr: 0.000008  train_loss: 0.1101 (0.1931)  train_iou: 0.5692 (0.6509)  time: 1.0426  data: 0.0004  max mem: 31528
Epoch: [10]  [3920/5625]  eta: 0:29:18  lr: 0.000008  train_loss: 0.1203 (0.1932)  train_iou: 0.6656 (0.6509)  time: 1.0236  data: 0.0004  max mem: 31528
Epoch: [10]  [3940/5625]  eta: 0:28:57  lr: 0.000008  train_loss: 0.1035 (0.1930)  train_iou: 0.6506 (0.6508)  time: 1.0357  data: 0.0004  max mem: 31528
Epoch: [10]  [3960/5625]  eta: 0:28:37  lr: 0.000008  train_loss: 0.1177 (0.1930)  train_iou: 0.6727 (0.6510)  time: 1.0358  data: 0.0004  max mem: 31528
Epoch: [10]  [3980/5625]  eta: 0:28:16  lr: 0.000008  train_loss: 0.1446 (0.1930)  train_iou: 0.6638 (0.6511)  time: 1.0412  data: 0.0004  max mem: 31528
Epoch: [10]  [4000/5625]  eta: 0:27:55  lr: 0.000008  train_loss: 0.1146 (0.1929)  train_iou: 0.6796 (0.6514)  time: 1.0207  data: 0.0004  max mem: 31528
Epoch: [10]  [4020/5625]  eta: 0:27:35  lr: 0.000008  train_loss: 0.1200 (0.1927)  train_iou: 0.6441 (0.6514)  time: 1.0319  data: 0.0004  max mem: 31528
Epoch: [10]  [4040/5625]  eta: 0:27:14  lr: 0.000008  train_loss: 0.1228 (0.1927)  train_iou: 0.5816 (0.6512)  time: 1.0359  data: 0.0004  max mem: 31528
Epoch: [10]  [4060/5625]  eta: 0:26:54  lr: 0.000008  train_loss: 0.1084 (0.1925)  train_iou: 0.6603 (0.6513)  time: 1.0338  data: 0.0004  max mem: 31528
Epoch: [10]  [4080/5625]  eta: 0:26:33  lr: 0.000008  train_loss: 0.1171 (0.1925)  train_iou: 0.6810 (0.6514)  time: 1.0375  data: 0.0004  max mem: 31528
Epoch: [10]  [4100/5625]  eta: 0:26:12  lr: 0.000008  train_loss: 0.1600 (0.1926)  train_iou: 0.6820 (0.6514)  time: 1.0229  data: 0.0004  max mem: 31528
Epoch: [10]  [4120/5625]  eta: 0:25:52  lr: 0.000008  train_loss: 0.1207 (0.1924)  train_iou: 0.6485 (0.6514)  time: 1.0309  data: 0.0004  max mem: 31528
Epoch: [10]  [4140/5625]  eta: 0:25:32  lr: 0.000008  train_loss: 0.1222 (0.1924)  train_iou: 0.6437 (0.6513)  time: 1.1920  data: 0.0004  max mem: 31528
Epoch: [10]  [4160/5625]  eta: 0:25:12  lr: 0.000008  train_loss: 0.2151 (0.1927)  train_iou: 0.6573 (0.6513)  time: 1.0364  data: 0.0004  max mem: 31528
Epoch: [10]  [4180/5625]  eta: 0:24:51  lr: 0.000008  train_loss: 0.1358 (0.1926)  train_iou: 0.7096 (0.6515)  time: 1.0240  data: 0.0004  max mem: 31528
Epoch: [10]  [4200/5625]  eta: 0:24:30  lr: 0.000008  train_loss: 0.1172 (0.1925)  train_iou: 0.6638 (0.6517)  time: 1.0352  data: 0.0004  max mem: 31528
Epoch: [10]  [4220/5625]  eta: 0:24:10  lr: 0.000008  train_loss: 0.1303 (0.1926)  train_iou: 0.6219 (0.6516)  time: 1.0347  data: 0.0004  max mem: 31528
Epoch: [10]  [4240/5625]  eta: 0:23:49  lr: 0.000008  train_loss: 0.1798 (0.1926)  train_iou: 0.6585 (0.6517)  time: 1.0415  data: 0.0004  max mem: 31528
Epoch: [10]  [4260/5625]  eta: 0:23:28  lr: 0.000008  train_loss: 0.1287 (0.1925)  train_iou: 0.6495 (0.6517)  time: 1.0241  data: 0.0004  max mem: 31528
Epoch: [10]  [4280/5625]  eta: 0:23:08  lr: 0.000008  train_loss: 0.1430 (0.1925)  train_iou: 0.6044 (0.6516)  time: 1.0361  data: 0.0004  max mem: 31528
Epoch: [10]  [4300/5625]  eta: 0:22:47  lr: 0.000008  train_loss: 0.1409 (0.1924)  train_iou: 0.6660 (0.6516)  time: 1.0356  data: 0.0004  max mem: 31528
Epoch: [10]  [4320/5625]  eta: 0:22:27  lr: 0.000008  train_loss: 0.1194 (0.1924)  train_iou: 0.6330 (0.6516)  time: 1.0408  data: 0.0004  max mem: 31528
Epoch: [10]  [4340/5625]  eta: 0:22:06  lr: 0.000008  train_loss: 0.1395 (0.1924)  train_iou: 0.6509 (0.6516)  time: 1.0192  data: 0.0004  max mem: 31528
Epoch: [10]  [4360/5625]  eta: 0:21:45  lr: 0.000008  train_loss: 0.1853 (0.1924)  train_iou: 0.6286 (0.6515)  time: 1.0410  data: 0.0004  max mem: 31528
Epoch: [10]  [4380/5625]  eta: 0:21:25  lr: 0.000008  train_loss: 0.1209 (0.1926)  train_iou: 0.6740 (0.6516)  time: 1.0381  data: 0.0004  max mem: 31528
Epoch: [10]  [4400/5625]  eta: 0:21:04  lr: 0.000008  train_loss: 0.0895 (0.1924)  train_iou: 0.6711 (0.6518)  time: 1.0398  data: 0.0004  max mem: 31528
Epoch: [10]  [4420/5625]  eta: 0:20:43  lr: 0.000008  train_loss: 0.1443 (0.1925)  train_iou: 0.6507 (0.6518)  time: 1.0238  data: 0.0004  max mem: 31528
Epoch: [10]  [4440/5625]  eta: 0:20:23  lr: 0.000008  train_loss: 0.2009 (0.1927)  train_iou: 0.6904 (0.6518)  time: 1.0352  data: 0.0004  max mem: 31528
Epoch: [10]  [4460/5625]  eta: 0:20:02  lr: 0.000008  train_loss: 0.2050 (0.1928)  train_iou: 0.6031 (0.6516)  time: 1.0338  data: 0.0004  max mem: 31528
Epoch: [10]  [4480/5625]  eta: 0:19:41  lr: 0.000008  train_loss: 0.1494 (0.1927)  train_iou: 0.6427 (0.6515)  time: 1.0380  data: 0.0004  max mem: 31528
Epoch: [10]  [4500/5625]  eta: 0:19:21  lr: 0.000008  train_loss: 0.1567 (0.1927)  train_iou: 0.6524 (0.6515)  time: 1.0295  data: 0.0004  max mem: 31528
Epoch: [10]  [4520/5625]  eta: 0:19:00  lr: 0.000008  train_loss: 0.1938 (0.1927)  train_iou: 0.6540 (0.6515)  time: 1.0218  data: 0.0004  max mem: 31528
Epoch: [10]  [4540/5625]  eta: 0:18:39  lr: 0.000008  train_loss: 0.1198 (0.1927)  train_iou: 0.6585 (0.6516)  time: 1.0320  data: 0.0004  max mem: 31528
Epoch: [10]  [4560/5625]  eta: 0:18:19  lr: 0.000008  train_loss: 0.1028 (0.1927)  train_iou: 0.6461 (0.6514)  time: 1.0384  data: 0.0004  max mem: 31528
Epoch: [10]  [4580/5625]  eta: 0:17:58  lr: 0.000008  train_loss: 0.1242 (0.1928)  train_iou: 0.6510 (0.6515)  time: 1.0400  data: 0.0004  max mem: 31528
Epoch: [10]  [4600/5625]  eta: 0:17:38  lr: 0.000008  train_loss: 0.1262 (0.1928)  train_iou: 0.5514 (0.6512)  time: 1.0203  data: 0.0004  max mem: 31528
Epoch: [10]  [4620/5625]  eta: 0:17:17  lr: 0.000008  train_loss: 0.1469 (0.1927)  train_iou: 0.6566 (0.6512)  time: 1.0373  data: 0.0004  max mem: 31528
Epoch: [10]  [4640/5625]  eta: 0:16:56  lr: 0.000008  train_loss: 0.1198 (0.1928)  train_iou: 0.6568 (0.6511)  time: 1.0391  data: 0.0004  max mem: 31528
Epoch: [10]  [4660/5625]  eta: 0:16:36  lr: 0.000008  train_loss: 0.1129 (0.1928)  train_iou: 0.6629 (0.6512)  time: 1.0361  data: 0.0004  max mem: 31528
Epoch: [10]  [4680/5625]  eta: 0:16:15  lr: 0.000008  train_loss: 0.1523 (0.1928)  train_iou: 0.6072 (0.6510)  time: 1.0239  data: 0.0004  max mem: 31528
Epoch: [10]  [4700/5625]  eta: 0:15:54  lr: 0.000008  train_loss: 0.1319 (0.1928)  train_iou: 0.5871 (0.6510)  time: 1.0375  data: 0.0004  max mem: 31528
Epoch: [10]  [4720/5625]  eta: 0:15:34  lr: 0.000008  train_loss: 0.1405 (0.1928)  train_iou: 0.6663 (0.6510)  time: 1.0394  data: 0.0005  max mem: 31528
Epoch: [10]  [4740/5625]  eta: 0:15:13  lr: 0.000008  train_loss: 0.1704 (0.1928)  train_iou: 0.6037 (0.6510)  time: 1.0347  data: 0.0004  max mem: 31528
Epoch: [10]  [4760/5625]  eta: 0:14:52  lr: 0.000008  train_loss: 0.1937 (0.1928)  train_iou: 0.6457 (0.6510)  time: 1.0304  data: 0.0004  max mem: 31528
Epoch: [10]  [4780/5625]  eta: 0:14:32  lr: 0.000008  train_loss: 0.2728 (0.1930)  train_iou: 0.6500 (0.6510)  time: 1.0361  data: 0.0004  max mem: 31528
Epoch: [10]  [4800/5625]  eta: 0:14:11  lr: 0.000008  train_loss: 0.1225 (0.1929)  train_iou: 0.6638 (0.6511)  time: 1.0374  data: 0.0004  max mem: 31528
Epoch: [10]  [4820/5625]  eta: 0:13:51  lr: 0.000008  train_loss: 0.1096 (0.1928)  train_iou: 0.6660 (0.6512)  time: 1.0413  data: 0.0004  max mem: 31528
Epoch: [10]  [4840/5625]  eta: 0:13:30  lr: 0.000008  train_loss: 0.1632 (0.1928)  train_iou: 0.6617 (0.6513)  time: 1.0212  data: 0.0004  max mem: 31528
Epoch: [10]  [4860/5625]  eta: 0:13:09  lr: 0.000008  train_loss: 0.1166 (0.1927)  train_iou: 0.5488 (0.6511)  time: 1.0331  data: 0.0004  max mem: 31528
Epoch: [10]  [4880/5625]  eta: 0:12:49  lr: 0.000008  train_loss: 0.1931 (0.1928)  train_iou: 0.6944 (0.6512)  time: 1.0367  data: 0.0004  max mem: 31528
Epoch: [10]  [4900/5625]  eta: 0:12:28  lr: 0.000008  train_loss: 0.1407 (0.1927)  train_iou: 0.6931 (0.6514)  time: 1.0310  data: 0.0004  max mem: 31528
Epoch: [10]  [4920/5625]  eta: 0:12:07  lr: 0.000008  train_loss: 0.1707 (0.1929)  train_iou: 0.6207 (0.6513)  time: 1.0384  data: 0.0004  max mem: 31528
Epoch: [10]  [4940/5625]  eta: 0:11:47  lr: 0.000008  train_loss: 0.0918 (0.1927)  train_iou: 0.6710 (0.6513)  time: 1.0207  data: 0.0004  max mem: 31528
Epoch: [10]  [4960/5625]  eta: 0:11:26  lr: 0.000008  train_loss: 0.1234 (0.1926)  train_iou: 0.7377 (0.6515)  time: 1.0343  data: 0.0004  max mem: 31528
Epoch: [10]  [4980/5625]  eta: 0:11:05  lr: 0.000008  train_loss: 0.1172 (0.1924)  train_iou: 0.6839 (0.6516)  time: 1.0367  data: 0.0004  max mem: 31528
Epoch: [10]  [5000/5625]  eta: 0:10:45  lr: 0.000008  train_loss: 0.1222 (0.1924)  train_iou: 0.6772 (0.6518)  time: 1.0353  data: 0.0004  max mem: 31528
Epoch: [10]  [5020/5625]  eta: 0:10:24  lr: 0.000008  train_loss: 0.0969 (0.1924)  train_iou: 0.6579 (0.6517)  time: 1.0197  data: 0.0004  max mem: 31528
Epoch: [10]  [5040/5625]  eta: 0:10:03  lr: 0.000008  train_loss: 0.1305 (0.1925)  train_iou: 0.6745 (0.6517)  time: 1.0349  data: 0.0004  max mem: 31528
Epoch: [10]  [5060/5625]  eta: 0:09:43  lr: 0.000008  train_loss: 0.1181 (0.1924)  train_iou: 0.6759 (0.6519)  time: 1.0405  data: 0.0004  max mem: 31528
Epoch: [10]  [5080/5625]  eta: 0:09:22  lr: 0.000008  train_loss: 0.1093 (0.1923)  train_iou: 0.6481 (0.6518)  time: 1.0385  data: 0.0004  max mem: 31528
Epoch: [10]  [5100/5625]  eta: 0:09:01  lr: 0.000008  train_loss: 0.2008 (0.1924)  train_iou: 0.6700 (0.6518)  time: 1.0222  data: 0.0004  max mem: 31528
Epoch: [10]  [5120/5625]  eta: 0:08:41  lr: 0.000008  train_loss: 0.1272 (0.1924)  train_iou: 0.6644 (0.6518)  time: 1.0298  data: 0.0004  max mem: 31528
Epoch: [10]  [5140/5625]  eta: 0:08:20  lr: 0.000008  train_loss: 0.2052 (0.1924)  train_iou: 0.6563 (0.6518)  time: 1.0340  data: 0.0004  max mem: 31528
Epoch: [10]  [5160/5625]  eta: 0:08:00  lr: 0.000008  train_loss: 0.1151 (0.1924)  train_iou: 0.6454 (0.6517)  time: 1.0358  data: 0.0004  max mem: 31528
Epoch: [10]  [5180/5625]  eta: 0:07:39  lr: 0.000008  train_loss: 0.2058 (0.1925)  train_iou: 0.6237 (0.6517)  time: 1.0306  data: 0.0004  max mem: 31528
Epoch: [10]  [5200/5625]  eta: 0:07:18  lr: 0.000008  train_loss: 0.1194 (0.1925)  train_iou: 0.7468 (0.6519)  time: 1.0293  data: 0.0004  max mem: 31528
Epoch: [10]  [5220/5625]  eta: 0:06:58  lr: 0.000008  train_loss: 0.1196 (0.1924)  train_iou: 0.6382 (0.6518)  time: 1.0355  data: 0.0004  max mem: 31528
Epoch: [10]  [5240/5625]  eta: 0:06:37  lr: 0.000008  train_loss: 0.1728 (0.1925)  train_iou: 0.6325 (0.6517)  time: 1.0387  data: 0.0004  max mem: 31528
Epoch: [10]  [5260/5625]  eta: 0:06:16  lr: 0.000008  train_loss: 0.1190 (0.1924)  train_iou: 0.6439 (0.6516)  time: 1.0367  data: 0.0004  max mem: 31528
Epoch: [10]  [5280/5625]  eta: 0:05:56  lr: 0.000008  train_loss: 0.1937 (0.1925)  train_iou: 0.6258 (0.6515)  time: 1.0198  data: 0.0004  max mem: 31528
Epoch: [10]  [5300/5625]  eta: 0:05:35  lr: 0.000008  train_loss: 0.1084 (0.1926)  train_iou: 0.6654 (0.6515)  time: 1.0311  data: 0.0004  max mem: 31528
Epoch: [10]  [5320/5625]  eta: 0:05:14  lr: 0.000008  train_loss: 0.1581 (0.1927)  train_iou: 0.6444 (0.6515)  time: 1.0356  data: 0.0004  max mem: 31528
Epoch: [10]  [5340/5625]  eta: 0:04:54  lr: 0.000008  train_loss: 0.1373 (0.1926)  train_iou: 0.6583 (0.6515)  time: 1.0350  data: 0.0004  max mem: 31528
Epoch: [10]  [5360/5625]  eta: 0:04:33  lr: 0.000008  train_loss: 0.1442 (0.1926)  train_iou: 0.6544 (0.6516)  time: 1.0213  data: 0.0004  max mem: 31528
Epoch: [10]  [5380/5625]  eta: 0:04:12  lr: 0.000008  train_loss: 0.1801 (0.1927)  train_iou: 0.6343 (0.6516)  time: 1.0350  data: 0.0004  max mem: 31528
Epoch: [10]  [5400/5625]  eta: 0:03:52  lr: 0.000008  train_loss: 0.1349 (0.1926)  train_iou: 0.6509 (0.6516)  time: 1.0393  data: 0.0004  max mem: 31528
Epoch: [10]  [5420/5625]  eta: 0:03:31  lr: 0.000008  train_loss: 0.2250 (0.1928)  train_iou: 0.5636 (0.6514)  time: 1.0397  data: 0.0004  max mem: 31528
Epoch: [10]  [5440/5625]  eta: 0:03:10  lr: 0.000008  train_loss: 0.2267 (0.1931)  train_iou: 0.5686 (0.6512)  time: 1.0238  data: 0.0004  max mem: 31528
Epoch: [10]  [5460/5625]  eta: 0:02:50  lr: 0.000008  train_loss: 0.1419 (0.1930)  train_iou: 0.6557 (0.6512)  time: 1.1919  data: 0.0004  max mem: 31528
Epoch: [10]  [5480/5625]  eta: 0:02:29  lr: 0.000008  train_loss: 0.1172 (0.1928)  train_iou: 0.5670 (0.6510)  time: 1.0402  data: 0.0004  max mem: 31528
Epoch: [10]  [5500/5625]  eta: 0:02:09  lr: 0.000008  train_loss: 0.1589 (0.1928)  train_iou: 0.5966 (0.6509)  time: 1.0372  data: 0.0004  max mem: 31528
Epoch: [10]  [5520/5625]  eta: 0:01:48  lr: 0.000008  train_loss: 0.1208 (0.1927)  train_iou: 0.6567 (0.6510)  time: 1.0248  data: 0.0004  max mem: 31528
Epoch: [10]  [5540/5625]  eta: 0:01:27  lr: 0.000008  train_loss: 0.1270 (0.1927)  train_iou: 0.5675 (0.6509)  time: 1.0245  data: 0.0004  max mem: 31528
Epoch: [10]  [5560/5625]  eta: 0:01:07  lr: 0.000008  train_loss: 0.1192 (0.1926)  train_iou: 0.6380 (0.6508)  time: 1.0363  data: 0.0004  max mem: 31528
Epoch: [10]  [5580/5625]  eta: 0:00:46  lr: 0.000008  train_loss: 0.1338 (0.1926)  train_iou: 0.6600 (0.6509)  time: 1.0438  data: 0.0004  max mem: 31528
Epoch: [10]  [5600/5625]  eta: 0:00:25  lr: 0.000008  train_loss: 0.1682 (0.1926)  train_iou: 0.6258 (0.6507)  time: 1.0386  data: 0.0005  max mem: 31528
Epoch: [10]  [5620/5625]  eta: 0:00:05  lr: 0.000008  train_loss: 0.1403 (0.1927)  train_iou: 0.6681 (0.6508)  time: 0.9360  data: 0.0003  max mem: 31528
Epoch: [10]  [5624/5625]  eta: 0:00:01  lr: 0.000008  train_loss: 0.1403 (0.1927)  train_iou: 0.6681 (0.6508)  time: 0.9092  data: 0.0002  max mem: 31528
Epoch: [10] Total time: 1:36:49 (1.0328 s / it)
Averaged stats: lr: 0.000008  train_loss: 0.1403 (0.1927)  train_iou: 0.6681 (0.6508)
huggingface/tokenizers: The current process just got forked, after parallelism has already been used. Disabling parallelism to avoid deadlocks...
To disable this warning, you can either:
	- Avoid using `tokenizers` before the fork if possible
	- Explicitly set the environment variable TOKENIZERS_PARALLELISM=(true | false)
huggingface/tokenizers: The current process just got forked, after parallelism has already been used. Disabling parallelism to avoid deadlocks...
To disable this warning, you can either:
	- Avoid using `tokenizers` before the fork if possible
	- Explicitly set the environment variable TOKENIZERS_PARALLELISM=(true | false)
huggingface/tokenizers: The current process just got forked, after parallelism has already been used. Disabling parallelism to avoid deadlocks...
To disable this warning, you can either:
	- Avoid using `tokenizers` before the fork if possible
	- Explicitly set the environment variable TOKENIZERS_PARALLELISM=(true | false)
huggingface/tokenizers: The current process just got forked, after parallelism has already been used. Disabling parallelism to avoid deadlocks...
To disable this warning, you can either:
	- Avoid using `tokenizers` before the fork if possible
	- Explicitly set the environment variable TOKENIZERS_PARALLELISM=(true | false)
huggingface/tokenizers: The current process just got forked, after parallelism has already been used. Disabling parallelism to avoid deadlocks...
To disable this warning, you can either:
	- Avoid using `tokenizers` before the fork if possible
	- Explicitly set the environment variable TOKENIZERS_PARALLELISM=(true | false)
huggingface/tokenizers: The current process just got forked, after parallelism has already been used. Disabling parallelism to avoid deadlocks...
To disable this warning, you can either:
	- Avoid using `tokenizers` before the fork if possible
	- Explicitly set the environment variable TOKENIZERS_PARALLELISM=(true | false)
huggingface/tokenizers: The current process just got forked, after parallelism has already been used. Disabling parallelism to avoid deadlocks...
To disable this warning, you can either:
	- Avoid using `tokenizers` before the fork if possible
	- Explicitly set the environment variable TOKENIZERS_PARALLELISM=(true | false)
huggingface/tokenizers: The current process just got forked, after parallelism has already been used. Disabling parallelism to avoid deadlocks...
To disable this warning, you can either:
	- Avoid using `tokenizers` before the fork if possible
	- Explicitly set the environment variable TOKENIZERS_PARALLELISM=(true | false)
Test:  [   0/4000]  eta: 2:13:30  inter: 33318.0000 (33318.0000)  union: 37917.0000 (37917.0000)  iou: 0.8787 (0.8787)  time: 2.0026  data: 1.7513  max mem: 31528
Test:  [  50/4000]  eta: 0:15:30  inter: 17562.0000 (22325.0625)  union: 49126.0000 (41909.3281)  iou: 0.5103 (0.5251)  time: 0.2038  data: 0.0005  max mem: 31528
Test:  [ 100/4000]  eta: 0:14:27  inter: 19241.0000 (24191.1544)  union: 47689.0000 (41817.4338)  iou: 0.6044 (0.5752)  time: 0.2021  data: 0.0005  max mem: 31528
Test:  [ 150/4000]  eta: 0:14:02  inter: 18890.0000 (24349.1100)  union: 29974.0000 (39618.6746)  iou: 0.8470 (0.6072)  time: 0.2166  data: 0.0005  max mem: 31528
Test:  [ 200/4000]  eta: 0:13:33  inter: 33654.0000 (24966.8535)  union: 36686.0000 (39296.5934)  iou: 0.8590 (0.6166)  time: 0.2003  data: 0.0005  max mem: 31528
Test:  [ 250/4000]  eta: 0:13:10  inter: 14824.0000 (26864.0120)  union: 33563.0000 (40926.6657)  iou: 0.4334 (0.6121)  time: 0.1946  data: 0.0005  max mem: 31528
Test:  [ 300/4000]  eta: 0:12:58  inter: 17807.0000 (26170.9355)  union: 24406.0000 (40122.6973)  iou: 0.5295 (0.6024)  time: 0.2077  data: 0.0005  max mem: 31528
Test:  [ 350/4000]  eta: 0:12:47  inter: 9085.0000 (25074.6798)  union: 29866.0000 (39879.1777)  iou: 0.4391 (0.5884)  time: 0.2190  data: 0.0005  max mem: 31528
Test:  [ 400/4000]  eta: 0:12:38  inter: 30463.0000 (24548.8661)  union: 35731.0000 (39312.6018)  iou: 0.6523 (0.5880)  time: 0.2018  data: 0.0005  max mem: 31528
Test:  [ 450/4000]  eta: 0:12:25  inter: 13563.0000 (24255.8079)  union: 28854.0000 (39233.5476)  iou: 0.5881 (0.5854)  time: 0.2225  data: 0.0005  max mem: 31528
Test:  [ 500/4000]  eta: 0:12:13  inter: 14531.0000 (24465.4799)  union: 31127.0000 (40205.5458)  iou: 0.4227 (0.5775)  time: 0.2001  data: 0.0005  max mem: 31528
Test:  [ 550/4000]  eta: 0:12:05  inter: 23777.0000 (24542.2159)  union: 27881.0000 (39896.3021)  iou: 0.8529 (0.5872)  time: 0.2133  data: 0.0005  max mem: 31528
Test:  [ 600/4000]  eta: 0:11:53  inter: 10616.0000 (24489.1669)  union: 34706.0000 (39942.0639)  iou: 0.7501 (0.5845)  time: 0.2059  data: 0.0005  max mem: 31528
Test:  [ 650/4000]  eta: 0:11:39  inter: 24991.0000 (24871.1315)  union: 39354.0000 (40251.0630)  iou: 0.6548 (0.5837)  time: 0.1958  data: 0.0005  max mem: 31528
Test:  [ 700/4000]  eta: 0:11:28  inter: 3272.0000 (24364.4374)  union: 28976.0000 (39914.0483)  iou: 0.2590 (0.5763)  time: 0.1994  data: 0.0005  max mem: 31528
Test:  [ 750/4000]  eta: 0:11:17  inter: 27095.0000 (24319.8478)  union: 29725.0000 (39816.6613)  iou: 0.8451 (0.5788)  time: 0.2034  data: 0.0005  max mem: 31528
Test:  [ 800/4000]  eta: 0:11:05  inter: 19788.0000 (24120.0839)  union: 44177.0000 (39358.3804)  iou: 0.5812 (0.5795)  time: 0.2098  data: 0.0005  max mem: 31528
Test:  [ 850/4000]  eta: 0:10:55  inter: 21769.0000 (24189.1071)  union: 33489.0000 (39337.9172)  iou: 0.8062 (0.5785)  time: 0.1963  data: 0.0005  max mem: 31528
Test:  [ 900/4000]  eta: 0:10:45  inter: 10557.0000 (24137.9929)  union: 27382.0000 (39613.9889)  iou: 0.4757 (0.5735)  time: 0.1943  data: 0.0005  max mem: 31528
Test:  [ 950/4000]  eta: 0:10:34  inter: 24618.0000 (24244.4996)  union: 30099.0000 (39725.6504)  iou: 0.8311 (0.5732)  time: 0.2056  data: 0.0005  max mem: 31528
Test:  [1000/4000]  eta: 0:10:23  inter: 20465.0000 (24565.8632)  union: 37589.0000 (39900.1618)  iou: 0.7513 (0.5757)  time: 0.1933  data: 0.0005  max mem: 31528
Test:  [1050/4000]  eta: 0:10:12  inter: 18117.0000 (24630.5109)  union: 37034.0000 (39917.3707)  iou: 0.5164 (0.5762)  time: 0.2088  data: 0.0005  max mem: 31528
Test:  [1100/4000]  eta: 0:10:01  inter: 22432.0000 (24532.2272)  union: 30905.0000 (39690.4102)  iou: 0.6586 (0.5757)  time: 0.2029  data: 0.0005  max mem: 31528
Test:  [1150/4000]  eta: 0:09:51  inter: 9849.0000 (24665.7308)  union: 23718.0000 (39623.2711)  iou: 0.4153 (0.5797)  time: 0.2141  data: 0.0005  max mem: 31528
Test:  [1200/4000]  eta: 0:09:40  inter: 9948.0000 (24628.8264)  union: 29133.0000 (39822.1106)  iou: 0.7927 (0.5770)  time: 0.2061  data: 0.0005  max mem: 31528
Test:  [1250/4000]  eta: 0:09:30  inter: 370.0000 (24444.3833)  union: 34075.0000 (39589.6116)  iou: 0.0081 (0.5759)  time: 0.2170  data: 0.0005  max mem: 31528
Test:  [1300/4000]  eta: 0:09:20  inter: 18683.0000 (24275.0945)  union: 36487.0000 (39399.7706)  iou: 0.6265 (0.5772)  time: 0.2064  data: 0.0005  max mem: 31528
Test:  [1350/4000]  eta: 0:09:09  inter: 26361.0000 (24275.5411)  union: 33979.0000 (39426.2463)  iou: 0.7879 (0.5773)  time: 0.2064  data: 0.0005  max mem: 31528
Test:  [1400/4000]  eta: 0:08:59  inter: 9852.0000 (24410.5359)  union: 11563.0000 (39545.3806)  iou: 0.7625 (0.5761)  time: 0.2092  data: 0.0005  max mem: 31528
Test:  [1450/4000]  eta: 0:08:49  inter: 15210.0000 (24359.1340)  union: 37636.0000 (39468.7623)  iou: 0.5361 (0.5754)  time: 0.2035  data: 0.0005  max mem: 31528
Test:  [1500/4000]  eta: 0:08:38  inter: 16732.0000 (24357.0118)  union: 39779.0000 (39536.4044)  iou: 0.3990 (0.5735)  time: 0.2078  data: 0.0005  max mem: 31528
Test:  [1550/4000]  eta: 0:08:29  inter: 21738.0000 (24249.1095)  union: 29790.0000 (39485.5242)  iou: 0.8359 (0.5743)  time: 0.2277  data: 0.0005  max mem: 31528
Test:  [1600/4000]  eta: 0:08:19  inter: 11090.0000 (24134.6351)  union: 24074.0000 (39459.1842)  iou: 0.4386 (0.5713)  time: 0.2141  data: 0.0005  max mem: 31528
Test:  [1650/4000]  eta: 0:08:07  inter: 15597.0000 (24101.7646)  union: 33203.0000 (39455.8761)  iou: 0.4783 (0.5696)  time: 0.2023  data: 0.0005  max mem: 31528
Test:  [1700/4000]  eta: 0:07:57  inter: 16754.0000 (24023.8298)  union: 35679.0000 (39483.0876)  iou: 0.6463 (0.5678)  time: 0.2040  data: 0.0005  max mem: 31528
Test:  [1750/4000]  eta: 0:07:46  inter: 17541.0000 (23954.4984)  union: 32803.0000 (39449.3865)  iou: 0.5479 (0.5670)  time: 0.2207  data: 0.0005  max mem: 31528
Test:  [1800/4000]  eta: 0:07:37  inter: 14518.0000 (23862.0903)  union: 34085.0000 (39328.9729)  iou: 0.5052 (0.5666)  time: 0.2185  data: 0.0005  max mem: 31528
Test:  [1850/4000]  eta: 0:07:26  inter: 11118.0000 (23843.3414)  union: 33354.0000 (39421.4383)  iou: 0.3409 (0.5652)  time: 0.2065  data: 0.0005  max mem: 31528
Test:  [1900/4000]  eta: 0:07:16  inter: 15505.0000 (23780.3325)  union: 49306.0000 (39332.5859)  iou: 0.4909 (0.5659)  time: 0.2175  data: 0.0005  max mem: 31528
Test:  [1950/4000]  eta: 0:07:06  inter: 11830.0000 (23754.3890)  union: 16782.0000 (39328.1912)  iou: 0.7134 (0.5661)  time: 0.2080  data: 0.0005  max mem: 31528
Test:  [2000/4000]  eta: 0:06:55  inter: 14672.0000 (23763.2054)  union: 22247.0000 (39294.1700)  iou: 0.7600 (0.5665)  time: 0.1970  data: 0.0005  max mem: 31528
Test:  [2050/4000]  eta: 0:06:45  inter: 5973.0000 (23661.5600)  union: 42132.0000 (39379.2229)  iou: 0.1972 (0.5645)  time: 0.2254  data: 0.0005  max mem: 31528
Test:  [2100/4000]  eta: 0:06:34  inter: 15381.0000 (23654.4268)  union: 32548.0000 (39345.3823)  iou: 0.8229 (0.5650)  time: 0.1965  data: 0.0005  max mem: 31528
Test:  [2150/4000]  eta: 0:06:23  inter: 15280.0000 (23658.4348)  union: 30170.0000 (39391.0175)  iou: 0.6247 (0.5641)  time: 0.2000  data: 0.0005  max mem: 31528
Test:  [2200/4000]  eta: 0:06:13  inter: 13836.0000 (23612.5474)  union: 21277.0000 (39300.1460)  iou: 0.7005 (0.5641)  time: 0.2132  data: 0.0005  max mem: 31528
Test:  [2250/4000]  eta: 0:06:03  inter: 19008.0000 (23505.2196)  union: 36429.0000 (39162.3398)  iou: 0.7181 (0.5634)  time: 0.1964  data: 0.0005  max mem: 31528
Test:  [2300/4000]  eta: 0:05:52  inter: 19060.0000 (23581.1211)  union: 37266.0000 (39139.7060)  iou: 0.5906 (0.5647)  time: 0.2090  data: 0.0005  max mem: 31528
Test:  [2350/4000]  eta: 0:05:42  inter: 15622.0000 (23505.4399)  union: 38246.0000 (39100.8115)  iou: 0.7101 (0.5648)  time: 0.2208  data: 0.0005  max mem: 31528
Test:  [2400/4000]  eta: 0:05:32  inter: 10066.0000 (23560.3621)  union: 33048.0000 (39076.5884)  iou: 0.1995 (0.5651)  time: 0.2170  data: 0.0005  max mem: 31528
Test:  [2450/4000]  eta: 0:05:21  inter: 28931.0000 (23675.7135)  union: 33275.0000 (39133.0809)  iou: 0.8297 (0.5670)  time: 0.1737  data: 0.0004  max mem: 31528
Test:  [2500/4000]  eta: 0:05:10  inter: 24727.0000 (23627.1626)  union: 38493.0000 (39141.6221)  iou: 0.7025 (0.5662)  time: 0.1924  data: 0.0005  max mem: 31528
Test:  [2550/4000]  eta: 0:05:00  inter: 28771.0000 (23733.5967)  union: 33067.0000 (39254.4470)  iou: 0.8252 (0.5668)  time: 0.2233  data: 0.0005  max mem: 31528
Test:  [2600/4000]  eta: 0:04:50  inter: 11682.0000 (23661.5577)  union: 28346.0000 (39186.8178)  iou: 0.3659 (0.5655)  time: 0.2125  data: 0.0005  max mem: 31528
Test:  [2650/4000]  eta: 0:04:39  inter: 11904.0000 (23682.1791)  union: 34613.0000 (39400.1026)  iou: 0.8365 (0.5647)  time: 0.2102  data: 0.0005  max mem: 31528
Test:  [2700/4000]  eta: 0:04:29  inter: 22257.0000 (23769.8911)  union: 30370.0000 (39484.1870)  iou: 0.8376 (0.5653)  time: 0.2006  data: 0.0005  max mem: 31528
Test:  [2750/4000]  eta: 0:04:19  inter: 22816.0000 (23871.4161)  union: 29001.0000 (39581.9910)  iou: 0.8624 (0.5649)  time: 0.2005  data: 0.0005  max mem: 31528
Test:  [2800/4000]  eta: 0:04:08  inter: 14801.0000 (23845.5371)  union: 26399.0000 (39485.0805)  iou: 0.7831 (0.5653)  time: 0.2029  data: 0.0005  max mem: 31528
Test:  [2850/4000]  eta: 0:03:58  inter: 12212.0000 (23987.5359)  union: 38019.0000 (39557.8956)  iou: 0.3211 (0.5653)  time: 0.2027  data: 0.0005  max mem: 31528
Test:  [2900/4000]  eta: 0:03:48  inter: 17654.0000 (24022.8879)  union: 26107.0000 (39592.0640)  iou: 0.5751 (0.5650)  time: 0.1908  data: 0.0005  max mem: 31528
Test:  [2950/4000]  eta: 0:03:37  inter: 18719.0000 (24043.0250)  union: 26373.0000 (39571.9144)  iou: 0.3904 (0.5646)  time: 0.1954  data: 0.0005  max mem: 31528
Test:  [3000/4000]  eta: 0:03:27  inter: 15109.0000 (23967.0076)  union: 32417.0000 (39528.2141)  iou: 0.4440 (0.5634)  time: 0.2125  data: 0.0005  max mem: 31528
Test:  [3050/4000]  eta: 0:03:16  inter: 13337.0000 (23924.6398)  union: 29183.0000 (39592.6321)  iou: 0.4609 (0.5630)  time: 0.2086  data: 0.0005  max mem: 31528
Test:  [3100/4000]  eta: 0:03:06  inter: 17856.0000 (23915.0014)  union: 37485.0000 (39567.6165)  iou: 0.4328 (0.5634)  time: 0.2048  data: 0.0005  max mem: 31528
Test:  [3150/4000]  eta: 0:02:56  inter: 14847.0000 (23814.1476)  union: 22480.0000 (39441.3309)  iou: 0.4659 (0.5630)  time: 0.2064  data: 0.0005  max mem: 31528
Test:  [3200/4000]  eta: 0:02:45  inter: 7949.0000 (23813.6599)  union: 40747.0000 (39500.1558)  iou: 0.3830 (0.5627)  time: 0.2006  data: 0.0005  max mem: 31528
Test:  [3250/4000]  eta: 0:02:35  inter: 15534.0000 (23762.5307)  union: 25176.0000 (39437.2366)  iou: 0.7870 (0.5617)  time: 0.2073  data: 0.0005  max mem: 31528
Test:  [3300/4000]  eta: 0:02:24  inter: 24851.0000 (23856.0197)  union: 43794.0000 (39547.1511)  iou: 0.7582 (0.5612)  time: 0.2082  data: 0.0005  max mem: 31528
Test:  [3350/4000]  eta: 0:02:14  inter: 9154.0000 (23830.9299)  union: 12605.0000 (39577.5970)  iou: 0.7441 (0.5614)  time: 0.1892  data: 0.0005  max mem: 31528
Test:  [3400/4000]  eta: 0:02:04  inter: 26021.0000 (23940.2474)  union: 37476.0000 (39637.0202)  iou: 0.8641 (0.5629)  time: 0.2147  data: 0.0005  max mem: 31528
Test:  [3450/4000]  eta: 0:01:53  inter: 15096.0000 (23947.6675)  union: 29670.0000 (39622.4715)  iou: 0.4596 (0.5628)  time: 0.2009  data: 0.0006  max mem: 31528
Test:  [3500/4000]  eta: 0:01:43  inter: 12141.0000 (23920.8611)  union: 21187.0000 (39551.4296)  iou: 0.3999 (0.5630)  time: 0.1989  data: 0.0005  max mem: 31528
Test:  [3550/4000]  eta: 0:01:33  inter: 14595.0000 (23906.6762)  union: 35678.0000 (39557.7152)  iou: 0.6240 (0.5617)  time: 0.1980  data: 0.0005  max mem: 31528
Test:  [3600/4000]  eta: 0:01:22  inter: 21217.0000 (23842.5124)  union: 29908.0000 (39511.3756)  iou: 0.4774 (0.5604)  time: 0.2034  data: 0.0005  max mem: 31528
Test:  [3650/4000]  eta: 0:01:12  inter: 16298.0000 (23782.1339)  union: 38736.0000 (39498.6152)  iou: 0.4501 (0.5598)  time: 0.2294  data: 0.0005  max mem: 31528
Test:  [3700/4000]  eta: 0:01:02  inter: 18808.0000 (23881.2647)  union: 39511.0000 (39536.8449)  iou: 0.6311 (0.5605)  time: 0.2070  data: 0.0009  max mem: 31528
Test:  [3750/4000]  eta: 0:00:51  inter: 22617.0000 (23891.3072)  union: 44428.0000 (39577.9392)  iou: 0.5861 (0.5611)  time: 0.1957  data: 0.0005  max mem: 31528
Test:  [3800/4000]  eta: 0:00:41  inter: 21721.0000 (23928.3549)  union: 29282.0000 (39572.2647)  iou: 0.5714 (0.5615)  time: 0.1932  data: 0.0005  max mem: 31528
Test:  [3850/4000]  eta: 0:00:31  inter: 20504.0000 (23936.2343)  union: 33314.0000 (39591.3007)  iou: 0.8552 (0.5617)  time: 0.2077  data: 0.0005  max mem: 31528
Test:  [3900/4000]  eta: 0:00:20  inter: 18537.0000 (23981.8995)  union: 27249.0000 (39649.9406)  iou: 0.6837 (0.5616)  time: 0.2030  data: 0.0005  max mem: 31528
Test:  [3950/4000]  eta: 0:00:10  inter: 17501.0000 (23965.5345)  union: 35458.0000 (39601.9968)  iou: 0.6798 (0.5621)  time: 0.1978  data: 0.0005  max mem: 31528
Test:  [3999/4000]  eta: 0:00:00  inter: 14901.0000 (23929.5975)  union: 30904.0000 (39523.7934)  iou: 0.4512 (0.5630)  time: 0.1842  data: 0.0002  max mem: 31528
Test: Total time: 0:13:49 (0.2073 s / it)
* IoU 0.563 oIoU 0.605
IoU of the network on the 4000 test images: 0.6%
Max IoU: 0.59%
huggingface/tokenizers: The current process just got forked, after parallelism has already been used. Disabling parallelism to avoid deadlocks...
To disable this warning, you can either:
	- Avoid using `tokenizers` before the fork if possible
	- Explicitly set the environment variable TOKENIZERS_PARALLELISM=(true | false)
huggingface/tokenizers: The current process just got forked, after parallelism has already been used. Disabling parallelism to avoid deadlocks...
To disable this warning, you can either:
	- Avoid using `tokenizers` before the fork if possible
	- Explicitly set the environment variable TOKENIZERS_PARALLELISM=(true | false)
huggingface/tokenizers: The current process just got forked, after parallelism has already been used. Disabling parallelism to avoid deadlocks...
To disable this warning, you can either:
	- Avoid using `tokenizers` before the fork if possible
	- Explicitly set the environment variable TOKENIZERS_PARALLELISM=(true | false)
huggingface/tokenizers: The current process just got forked, after parallelism has already been used. Disabling parallelism to avoid deadlocks...
To disable this warning, you can either:
	- Avoid using `tokenizers` before the fork if possible
	- Explicitly set the environment variable TOKENIZERS_PARALLELISM=(true | false)
huggingface/tokenizers: The current process just got forked, after parallelism has already been used. Disabling parallelism to avoid deadlocks...
To disable this warning, you can either:
	- Avoid using `tokenizers` before the fork if possible
	- Explicitly set the environment variable TOKENIZERS_PARALLELISM=(true | false)
huggingface/tokenizers: The current process just got forked, after parallelism has already been used. Disabling parallelism to avoid deadlocks...
To disable this warning, you can either:
	- Avoid using `tokenizers` before the fork if possible
	- Explicitly set the environment variable TOKENIZERS_PARALLELISM=(true | false)
huggingface/tokenizers: The current process just got forked, after parallelism has already been used. Disabling parallelism to avoid deadlocks...
To disable this warning, you can either:
	- Avoid using `tokenizers` before the fork if possible
	- Explicitly set the environment variable TOKENIZERS_PARALLELISM=(true | false)
huggingface/tokenizers: The current process just got forked, after parallelism has already been used. Disabling parallelism to avoid deadlocks...
To disable this warning, you can either:
	- Avoid using `tokenizers` before the fork if possible
	- Explicitly set the environment variable TOKENIZERS_PARALLELISM=(true | false)
Epoch: [11]  [   0/5625]  eta: 10:12:17  lr: 0.000008  train_loss: 0.1504 (0.1504)  train_iou: 0.7293 (0.7293)  time: 6.5312  data: 5.1539  max mem: 31528
Epoch: [11]  [  20/5625]  eta: 2:01:29  lr: 0.000008  train_loss: 0.1400 (0.2012)  train_iou: 0.6706 (0.6440)  time: 1.0390  data: 0.0015  max mem: 31528
Epoch: [11]  [  40/5625]  eta: 1:48:35  lr: 0.000008  train_loss: 0.1957 (0.1947)  train_iou: 0.6085 (0.6394)  time: 1.0261  data: 0.0005  max mem: 31528
Epoch: [11]  [  60/5625]  eta: 1:44:09  lr: 0.000008  train_loss: 0.1135 (0.1822)  train_iou: 0.6094 (0.6331)  time: 1.0332  data: 0.0005  max mem: 31528
Epoch: [11]  [  80/5625]  eta: 1:41:52  lr: 0.000008  train_loss: 0.1178 (0.1767)  train_iou: 0.6768 (0.6433)  time: 1.0394  data: 0.0005  max mem: 31528
Epoch: [11]  [ 100/5625]  eta: 1:40:26  lr: 0.000008  train_loss: 0.1468 (0.1815)  train_iou: 0.5838 (0.6374)  time: 1.0443  data: 0.0005  max mem: 31528
Epoch: [11]  [ 120/5625]  eta: 1:39:03  lr: 0.000008  train_loss: 0.1738 (0.1865)  train_iou: 0.6855 (0.6408)  time: 1.0234  data: 0.0005  max mem: 31528
Epoch: [11]  [ 140/5625]  eta: 1:38:10  lr: 0.000008  train_loss: 0.2063 (0.1907)  train_iou: 0.6481 (0.6399)  time: 1.0395  data: 0.0005  max mem: 31528
Epoch: [11]  [ 160/5625]  eta: 1:37:27  lr: 0.000008  train_loss: 0.1151 (0.1898)  train_iou: 0.6121 (0.6378)  time: 1.0412  data: 0.0005  max mem: 31528
Epoch: [11]  [ 180/5625]  eta: 1:36:45  lr: 0.000008  train_loss: 0.1742 (0.1922)  train_iou: 0.6215 (0.6340)  time: 1.0370  data: 0.0005  max mem: 31528
Epoch: [11]  [ 200/5625]  eta: 1:35:44  lr: 0.000008  train_loss: 0.1293 (0.1894)  train_iou: 0.6589 (0.6367)  time: 0.9930  data: 0.0004  max mem: 31528
Epoch: [11]  [ 220/5625]  eta: 1:34:50  lr: 0.000008  train_loss: 0.1502 (0.1914)  train_iou: 0.6852 (0.6389)  time: 0.9911  data: 0.0004  max mem: 31528
Epoch: [11]  [ 240/5625]  eta: 1:34:01  lr: 0.000008  train_loss: 0.1614 (0.1910)  train_iou: 0.6450 (0.6387)  time: 0.9908  data: 0.0004  max mem: 31528
Epoch: [11]  [ 260/5625]  eta: 1:33:12  lr: 0.000008  train_loss: 0.1238 (0.1891)  train_iou: 0.6823 (0.6425)  time: 0.9799  data: 0.0004  max mem: 31528
Epoch: [11]  [ 280/5625]  eta: 1:32:27  lr: 0.000008  train_loss: 0.1008 (0.1866)  train_iou: 0.6014 (0.6390)  time: 0.9790  data: 0.0004  max mem: 31528
Epoch: [11]  [ 300/5625]  eta: 1:31:46  lr: 0.000008  train_loss: 0.1382 (0.1864)  train_iou: 0.6286 (0.6394)  time: 0.9805  data: 0.0004  max mem: 31528
Epoch: [11]  [ 320/5625]  eta: 1:31:08  lr: 0.000008  train_loss: 0.1459 (0.1866)  train_iou: 0.6085 (0.6403)  time: 0.9796  data: 0.0004  max mem: 31528
Epoch: [11]  [ 340/5625]  eta: 1:30:32  lr: 0.000008  train_loss: 0.1330 (0.1876)  train_iou: 0.6280 (0.6381)  time: 0.9834  data: 0.0004  max mem: 31528
Epoch: [11]  [ 360/5625]  eta: 1:29:58  lr: 0.000008  train_loss: 0.1351 (0.1870)  train_iou: 0.6540 (0.6386)  time: 0.9823  data: 0.0004  max mem: 31528
Epoch: [11]  [ 380/5625]  eta: 1:29:25  lr: 0.000008  train_loss: 0.1745 (0.1873)  train_iou: 0.6419 (0.6374)  time: 0.9782  data: 0.0005  max mem: 31528
Epoch: [11]  [ 400/5625]  eta: 1:28:53  lr: 0.000008  train_loss: 0.1196 (0.1863)  train_iou: 0.6803 (0.6402)  time: 0.9794  data: 0.0004  max mem: 31528
Epoch: [11]  [ 420/5625]  eta: 1:28:24  lr: 0.000008  train_loss: 0.1065 (0.1854)  train_iou: 0.6606 (0.6392)  time: 0.9836  data: 0.0004  max mem: 31528
Epoch: [11]  [ 440/5625]  eta: 1:27:55  lr: 0.000008  train_loss: 0.2053 (0.1863)  train_iou: 0.7063 (0.6410)  time: 0.9859  data: 0.0004  max mem: 31528
Epoch: [11]  [ 460/5625]  eta: 1:27:26  lr: 0.000008  train_loss: 0.1433 (0.1873)  train_iou: 0.6888 (0.6440)  time: 0.9794  data: 0.0004  max mem: 31528
Epoch: [11]  [ 480/5625]  eta: 1:26:58  lr: 0.000008  train_loss: 0.1500 (0.1878)  train_iou: 0.6300 (0.6435)  time: 0.9787  data: 0.0004  max mem: 31528
Epoch: [11]  [ 500/5625]  eta: 1:26:31  lr: 0.000008  train_loss: 0.1509 (0.1874)  train_iou: 0.6915 (0.6463)  time: 0.9830  data: 0.0004  max mem: 31528
Epoch: [11]  [ 520/5625]  eta: 1:26:05  lr: 0.000008  train_loss: 0.1736 (0.1874)  train_iou: 0.6506 (0.6462)  time: 0.9807  data: 0.0004  max mem: 31528
Epoch: [11]  [ 540/5625]  eta: 1:25:39  lr: 0.000008  train_loss: 0.1516 (0.1881)  train_iou: 0.6152 (0.6446)  time: 0.9816  data: 0.0004  max mem: 31528
Epoch: [11]  [ 560/5625]  eta: 1:25:13  lr: 0.000008  train_loss: 0.0990 (0.1861)  train_iou: 0.6525 (0.6462)  time: 0.9770  data: 0.0004  max mem: 31528
Epoch: [11]  [ 580/5625]  eta: 1:24:48  lr: 0.000008  train_loss: 0.1503 (0.1860)  train_iou: 0.6509 (0.6460)  time: 0.9813  data: 0.0004  max mem: 31528
Epoch: [11]  [ 600/5625]  eta: 1:24:23  lr: 0.000008  train_loss: 0.1835 (0.1866)  train_iou: 0.6589 (0.6454)  time: 0.9812  data: 0.0004  max mem: 31528
Epoch: [11]  [ 620/5625]  eta: 1:24:00  lr: 0.000008  train_loss: 0.1210 (0.1858)  train_iou: 0.6012 (0.6441)  time: 0.9887  data: 0.0004  max mem: 31528
Epoch: [11]  [ 640/5625]  eta: 1:23:35  lr: 0.000008  train_loss: 0.1528 (0.1861)  train_iou: 0.6530 (0.6448)  time: 0.9799  data: 0.0004  max mem: 31528
Epoch: [11]  [ 660/5625]  eta: 1:23:12  lr: 0.000008  train_loss: 0.1300 (0.1850)  train_iou: 0.7679 (0.6477)  time: 0.9843  data: 0.0004  max mem: 31528
Epoch: [11]  [ 680/5625]  eta: 1:22:48  lr: 0.000008  train_loss: 0.1903 (0.1853)  train_iou: 0.6284 (0.6476)  time: 0.9803  data: 0.0004  max mem: 31528
Epoch: [11]  [ 700/5625]  eta: 1:22:25  lr: 0.000008  train_loss: 0.1892 (0.1853)  train_iou: 0.5705 (0.6467)  time: 0.9828  data: 0.0004  max mem: 31528
Epoch: [11]  [ 720/5625]  eta: 1:22:02  lr: 0.000008  train_loss: 0.1030 (0.1853)  train_iou: 0.6600 (0.6466)  time: 0.9803  data: 0.0004  max mem: 31528
Epoch: [11]  [ 740/5625]  eta: 1:21:38  lr: 0.000008  train_loss: 0.1427 (0.1855)  train_iou: 0.6665 (0.6470)  time: 0.9804  data: 0.0004  max mem: 31528
Epoch: [11]  [ 760/5625]  eta: 1:21:15  lr: 0.000008  train_loss: 0.1137 (0.1847)  train_iou: 0.7228 (0.6487)  time: 0.9795  data: 0.0004  max mem: 31528
Epoch: [11]  [ 780/5625]  eta: 1:20:53  lr: 0.000008  train_loss: 0.1010 (0.1832)  train_iou: 0.6780 (0.6496)  time: 0.9804  data: 0.0004  max mem: 31528
Epoch: [11]  [ 800/5625]  eta: 1:20:30  lr: 0.000008  train_loss: 0.1708 (0.1846)  train_iou: 0.6488 (0.6496)  time: 0.9819  data: 0.0005  max mem: 31528
Epoch: [11]  [ 820/5625]  eta: 1:20:08  lr: 0.000008  train_loss: 0.1673 (0.1850)  train_iou: 0.7097 (0.6507)  time: 0.9822  data: 0.0004  max mem: 31528
Epoch: [11]  [ 840/5625]  eta: 1:19:46  lr: 0.000008  train_loss: 0.2302 (0.1864)  train_iou: 0.6802 (0.6506)  time: 0.9794  data: 0.0004  max mem: 31528
Epoch: [11]  [ 860/5625]  eta: 1:19:24  lr: 0.000008  train_loss: 0.1188 (0.1863)  train_iou: 0.6739 (0.6515)  time: 0.9833  data: 0.0004  max mem: 31528
Epoch: [11]  [ 880/5625]  eta: 1:19:01  lr: 0.000008  train_loss: 0.1171 (0.1856)  train_iou: 0.6884 (0.6527)  time: 0.9769  data: 0.0004  max mem: 31528
Epoch: [11]  [ 900/5625]  eta: 1:18:40  lr: 0.000008  train_loss: 0.2560 (0.1866)  train_iou: 0.5760 (0.6505)  time: 0.9882  data: 0.0004  max mem: 31528
Epoch: [11]  [ 920/5625]  eta: 1:18:18  lr: 0.000008  train_loss: 0.1191 (0.1862)  train_iou: 0.6540 (0.6510)  time: 0.9790  data: 0.0004  max mem: 31528
Epoch: [11]  [ 940/5625]  eta: 1:17:56  lr: 0.000008  train_loss: 0.1968 (0.1868)  train_iou: 0.6588 (0.6508)  time: 0.9810  data: 0.0004  max mem: 31528
Epoch: [11]  [ 960/5625]  eta: 1:17:34  lr: 0.000008  train_loss: 0.1566 (0.1875)  train_iou: 0.5444 (0.6490)  time: 0.9782  data: 0.0005  max mem: 31528
Epoch: [11]  [ 980/5625]  eta: 1:17:13  lr: 0.000008  train_loss: 0.1600 (0.1872)  train_iou: 0.6670 (0.6494)  time: 0.9835  data: 0.0004  max mem: 31528
Epoch: [11]  [1000/5625]  eta: 1:16:52  lr: 0.000008  train_loss: 0.1010 (0.1866)  train_iou: 0.7481 (0.6501)  time: 0.9820  data: 0.0004  max mem: 31528
Epoch: [11]  [1020/5625]  eta: 1:16:30  lr: 0.000008  train_loss: 0.1136 (0.1866)  train_iou: 0.7227 (0.6512)  time: 0.9789  data: 0.0004  max mem: 31528
Epoch: [11]  [1040/5625]  eta: 1:16:09  lr: 0.000008  train_loss: 0.1046 (0.1858)  train_iou: 0.6727 (0.6515)  time: 0.9855  data: 0.0004  max mem: 31528
Epoch: [11]  [1060/5625]  eta: 1:15:48  lr: 0.000008  train_loss: 0.1671 (0.1864)  train_iou: 0.6696 (0.6521)  time: 0.9801  data: 0.0004  max mem: 31528
Epoch: [11]  [1080/5625]  eta: 1:15:26  lr: 0.000008  train_loss: 0.1175 (0.1854)  train_iou: 0.6829 (0.6532)  time: 0.9784  data: 0.0004  max mem: 31528
Epoch: [11]  [1100/5625]  eta: 1:15:06  lr: 0.000008  train_loss: 0.1530 (0.1867)  train_iou: 0.6451 (0.6526)  time: 0.9892  data: 0.0004  max mem: 31528
Epoch: [11]  [1120/5625]  eta: 1:14:45  lr: 0.000008  train_loss: 0.1283 (0.1867)  train_iou: 0.6604 (0.6525)  time: 0.9803  data: 0.0004  max mem: 31528
Epoch: [11]  [1140/5625]  eta: 1:14:37  lr: 0.000008  train_loss: 0.1060 (0.1865)  train_iou: 0.6708 (0.6521)  time: 1.1485  data: 0.0004  max mem: 31528
Epoch: [11]  [1160/5625]  eta: 1:14:16  lr: 0.000008  train_loss: 0.1090 (0.1856)  train_iou: 0.6925 (0.6526)  time: 0.9828  data: 0.0004  max mem: 31528
Epoch: [11]  [1180/5625]  eta: 1:13:54  lr: 0.000008  train_loss: 0.1165 (0.1850)  train_iou: 0.6460 (0.6528)  time: 0.9814  data: 0.0004  max mem: 31528
Epoch: [11]  [1200/5625]  eta: 1:13:33  lr: 0.000008  train_loss: 0.0984 (0.1844)  train_iou: 0.6565 (0.6530)  time: 0.9800  data: 0.0004  max mem: 31528
Epoch: [11]  [1220/5625]  eta: 1:13:12  lr: 0.000008  train_loss: 0.1208 (0.1840)  train_iou: 0.6731 (0.6531)  time: 0.9870  data: 0.0004  max mem: 31528
Epoch: [11]  [1240/5625]  eta: 1:12:51  lr: 0.000008  train_loss: 0.1812 (0.1843)  train_iou: 0.5769 (0.6523)  time: 0.9798  data: 0.0004  max mem: 31528
Epoch: [11]  [1260/5625]  eta: 1:12:30  lr: 0.000008  train_loss: 0.1474 (0.1843)  train_iou: 0.6519 (0.6518)  time: 0.9824  data: 0.0004  max mem: 31528
Epoch: [11]  [1280/5625]  eta: 1:12:09  lr: 0.000008  train_loss: 0.1481 (0.1844)  train_iou: 0.7130 (0.6526)  time: 0.9822  data: 0.0004  max mem: 31528
Epoch: [11]  [1300/5625]  eta: 1:11:49  lr: 0.000008  train_loss: 0.1001 (0.1841)  train_iou: 0.6639 (0.6526)  time: 0.9829  data: 0.0004  max mem: 31528
Epoch: [11]  [1320/5625]  eta: 1:11:28  lr: 0.000008  train_loss: 0.1079 (0.1837)  train_iou: 0.6707 (0.6525)  time: 0.9828  data: 0.0004  max mem: 31528
Epoch: [11]  [1340/5625]  eta: 1:11:07  lr: 0.000008  train_loss: 0.1449 (0.1836)  train_iou: 0.6656 (0.6528)  time: 0.9827  data: 0.0004  max mem: 31528
Epoch: [11]  [1360/5625]  eta: 1:10:46  lr: 0.000008  train_loss: 0.1676 (0.1836)  train_iou: 0.6564 (0.6530)  time: 0.9787  data: 0.0004  max mem: 31528
Epoch: [11]  [1380/5625]  eta: 1:10:25  lr: 0.000008  train_loss: 0.1147 (0.1830)  train_iou: 0.6695 (0.6532)  time: 0.9849  data: 0.0004  max mem: 31528
Epoch: [11]  [1400/5625]  eta: 1:10:05  lr: 0.000008  train_loss: 0.1612 (0.1838)  train_iou: 0.6375 (0.6529)  time: 0.9820  data: 0.0004  max mem: 31528
Epoch: [11]  [1420/5625]  eta: 1:09:44  lr: 0.000008  train_loss: 0.1332 (0.1841)  train_iou: 0.5510 (0.6520)  time: 0.9807  data: 0.0004  max mem: 31528
Epoch: [11]  [1440/5625]  eta: 1:09:23  lr: 0.000008  train_loss: 0.1453 (0.1838)  train_iou: 0.6889 (0.6525)  time: 0.9797  data: 0.0005  max mem: 31528
Epoch: [11]  [1460/5625]  eta: 1:09:03  lr: 0.000008  train_loss: 0.1335 (0.1843)  train_iou: 0.5615 (0.6517)  time: 0.9832  data: 0.0004  max mem: 31528
Epoch: [11]  [1480/5625]  eta: 1:08:42  lr: 0.000008  train_loss: 0.1083 (0.1839)  train_iou: 0.6379 (0.6517)  time: 0.9827  data: 0.0004  max mem: 31528
Epoch: [11]  [1500/5625]  eta: 1:08:21  lr: 0.000008  train_loss: 0.1333 (0.1836)  train_iou: 0.6903 (0.6522)  time: 0.9806  data: 0.0004  max mem: 31528
Epoch: [11]  [1520/5625]  eta: 1:08:01  lr: 0.000008  train_loss: 0.1007 (0.1836)  train_iou: 0.6511 (0.6520)  time: 0.9797  data: 0.0004  max mem: 31528
Epoch: [11]  [1540/5625]  eta: 1:07:40  lr: 0.000008  train_loss: 0.1500 (0.1835)  train_iou: 0.6480 (0.6519)  time: 0.9812  data: 0.0004  max mem: 31528
Epoch: [11]  [1560/5625]  eta: 1:07:20  lr: 0.000008  train_loss: 0.1140 (0.1830)  train_iou: 0.6565 (0.6523)  time: 0.9814  data: 0.0004  max mem: 31528
Epoch: [11]  [1580/5625]  eta: 1:06:59  lr: 0.000008  train_loss: 0.1267 (0.1833)  train_iou: 0.6150 (0.6516)  time: 0.9792  data: 0.0004  max mem: 31528
Epoch: [11]  [1600/5625]  eta: 1:06:39  lr: 0.000008  train_loss: 0.1058 (0.1831)  train_iou: 0.6569 (0.6517)  time: 0.9841  data: 0.0004  max mem: 31528
Epoch: [11]  [1620/5625]  eta: 1:06:18  lr: 0.000008  train_loss: 0.1951 (0.1835)  train_iou: 0.7463 (0.6526)  time: 0.9802  data: 0.0004  max mem: 31528
Epoch: [11]  [1640/5625]  eta: 1:05:58  lr: 0.000008  train_loss: 0.1009 (0.1828)  train_iou: 0.6736 (0.6529)  time: 0.9799  data: 0.0004  max mem: 31528
Epoch: [11]  [1660/5625]  eta: 1:05:37  lr: 0.000008  train_loss: 0.1061 (0.1829)  train_iou: 0.6593 (0.6527)  time: 0.9756  data: 0.0004  max mem: 31528
Epoch: [11]  [1680/5625]  eta: 1:05:16  lr: 0.000008  train_loss: 0.1121 (0.1831)  train_iou: 0.6567 (0.6528)  time: 0.9783  data: 0.0004  max mem: 31528
Epoch: [11]  [1700/5625]  eta: 1:04:56  lr: 0.000008  train_loss: 0.1102 (0.1832)  train_iou: 0.6758 (0.6531)  time: 0.9797  data: 0.0004  max mem: 31528
Epoch: [11]  [1720/5625]  eta: 1:04:35  lr: 0.000008  train_loss: 0.1366 (0.1830)  train_iou: 0.7022 (0.6533)  time: 0.9781  data: 0.0004  max mem: 31528
Epoch: [11]  [1740/5625]  eta: 1:04:15  lr: 0.000008  train_loss: 0.1258 (0.1833)  train_iou: 0.6475 (0.6530)  time: 0.9827  data: 0.0004  max mem: 31528
Epoch: [11]  [1760/5625]  eta: 1:03:55  lr: 0.000008  train_loss: 0.1906 (0.1834)  train_iou: 0.6824 (0.6531)  time: 0.9841  data: 0.0004  max mem: 31528
Epoch: [11]  [1780/5625]  eta: 1:03:34  lr: 0.000008  train_loss: 0.1562 (0.1838)  train_iou: 0.6166 (0.6529)  time: 0.9814  data: 0.0004  max mem: 31528
Epoch: [11]  [1800/5625]  eta: 1:03:14  lr: 0.000008  train_loss: 0.1283 (0.1833)  train_iou: 0.7347 (0.6535)  time: 0.9810  data: 0.0004  max mem: 31528
Epoch: [11]  [1820/5625]  eta: 1:02:54  lr: 0.000008  train_loss: 0.1145 (0.1832)  train_iou: 0.6548 (0.6535)  time: 0.9792  data: 0.0004  max mem: 31528
Epoch: [11]  [1840/5625]  eta: 1:02:33  lr: 0.000008  train_loss: 0.1471 (0.1835)  train_iou: 0.6875 (0.6538)  time: 0.9797  data: 0.0004  max mem: 31528
Epoch: [11]  [1860/5625]  eta: 1:02:13  lr: 0.000008  train_loss: 0.1652 (0.1838)  train_iou: 0.5751 (0.6530)  time: 0.9795  data: 0.0004  max mem: 31528
Epoch: [11]  [1880/5625]  eta: 1:01:53  lr: 0.000008  train_loss: 0.1473 (0.1841)  train_iou: 0.6656 (0.6531)  time: 0.9831  data: 0.0004  max mem: 31528
Epoch: [11]  [1900/5625]  eta: 1:01:33  lr: 0.000008  train_loss: 0.1893 (0.1843)  train_iou: 0.6809 (0.6533)  time: 0.9804  data: 0.0004  max mem: 31528
Epoch: [11]  [1920/5625]  eta: 1:01:12  lr: 0.000008  train_loss: 0.1171 (0.1839)  train_iou: 0.6746 (0.6538)  time: 0.9813  data: 0.0004  max mem: 31528
Epoch: [11]  [1940/5625]  eta: 1:00:52  lr: 0.000008  train_loss: 0.1514 (0.1843)  train_iou: 0.6340 (0.6535)  time: 0.9845  data: 0.0004  max mem: 31528
Epoch: [11]  [1960/5625]  eta: 1:00:32  lr: 0.000008  train_loss: 0.0988 (0.1838)  train_iou: 0.6690 (0.6537)  time: 0.9807  data: 0.0004  max mem: 31528
Epoch: [11]  [1980/5625]  eta: 1:00:12  lr: 0.000008  train_loss: 0.1149 (0.1836)  train_iou: 0.6666 (0.6539)  time: 0.9819  data: 0.0004  max mem: 31528
Epoch: [11]  [2000/5625]  eta: 0:59:52  lr: 0.000008  train_loss: 0.1101 (0.1833)  train_iou: 0.6705 (0.6542)  time: 0.9819  data: 0.0004  max mem: 31528
Epoch: [11]  [2020/5625]  eta: 0:59:32  lr: 0.000008  train_loss: 0.1622 (0.1832)  train_iou: 0.6655 (0.6542)  time: 0.9793  data: 0.0004  max mem: 31528
Epoch: [11]  [2040/5625]  eta: 0:59:11  lr: 0.000008  train_loss: 0.1275 (0.1835)  train_iou: 0.6700 (0.6545)  time: 0.9803  data: 0.0004  max mem: 31528
Epoch: [11]  [2060/5625]  eta: 0:58:51  lr: 0.000008  train_loss: 0.1384 (0.1836)  train_iou: 0.6686 (0.6547)  time: 0.9789  data: 0.0004  max mem: 31528
Epoch: [11]  [2080/5625]  eta: 0:58:31  lr: 0.000008  train_loss: 0.1141 (0.1833)  train_iou: 0.6797 (0.6547)  time: 0.9832  data: 0.0004  max mem: 31528
Epoch: [11]  [2100/5625]  eta: 0:58:11  lr: 0.000008  train_loss: 0.1748 (0.1834)  train_iou: 0.6080 (0.6543)  time: 0.9780  data: 0.0004  max mem: 31528
Epoch: [11]  [2120/5625]  eta: 0:57:51  lr: 0.000008  train_loss: 0.2053 (0.1838)  train_iou: 0.5600 (0.6538)  time: 0.9899  data: 0.0004  max mem: 31528
Epoch: [11]  [2140/5625]  eta: 0:57:31  lr: 0.000008  train_loss: 0.1375 (0.1839)  train_iou: 0.6531 (0.6537)  time: 0.9807  data: 0.0004  max mem: 31528
Epoch: [11]  [2160/5625]  eta: 0:57:11  lr: 0.000008  train_loss: 0.1198 (0.1841)  train_iou: 0.6273 (0.6533)  time: 0.9781  data: 0.0004  max mem: 31528
Epoch: [11]  [2180/5625]  eta: 0:56:51  lr: 0.000008  train_loss: 0.1100 (0.1842)  train_iou: 0.7318 (0.6537)  time: 0.9785  data: 0.0005  max mem: 31528
Epoch: [11]  [2200/5625]  eta: 0:56:31  lr: 0.000008  train_loss: 0.1124 (0.1839)  train_iou: 0.6634 (0.6537)  time: 0.9880  data: 0.0004  max mem: 31528
Epoch: [11]  [2220/5625]  eta: 0:56:10  lr: 0.000008  train_loss: 0.1100 (0.1837)  train_iou: 0.6664 (0.6538)  time: 0.9788  data: 0.0004  max mem: 31528
Epoch: [11]  [2240/5625]  eta: 0:55:50  lr: 0.000008  train_loss: 0.1131 (0.1840)  train_iou: 0.6725 (0.6539)  time: 0.9785  data: 0.0004  max mem: 31528
Epoch: [11]  [2260/5625]  eta: 0:55:30  lr: 0.000008  train_loss: 0.1085 (0.1838)  train_iou: 0.6796 (0.6541)  time: 0.9826  data: 0.0004  max mem: 31528
Epoch: [11]  [2280/5625]  eta: 0:55:10  lr: 0.000008  train_loss: 0.1250 (0.1840)  train_iou: 0.6136 (0.6535)  time: 0.9773  data: 0.0004  max mem: 31528
Epoch: [11]  [2300/5625]  eta: 0:54:50  lr: 0.000008  train_loss: 0.1197 (0.1837)  train_iou: 0.6691 (0.6536)  time: 0.9808  data: 0.0004  max mem: 31528
Epoch: [11]  [2320/5625]  eta: 0:54:30  lr: 0.000008  train_loss: 0.1241 (0.1836)  train_iou: 0.6545 (0.6540)  time: 0.9832  data: 0.0004  max mem: 31528
Epoch: [11]  [2340/5625]  eta: 0:54:10  lr: 0.000008  train_loss: 0.1197 (0.1837)  train_iou: 0.6274 (0.6538)  time: 0.9788  data: 0.0004  max mem: 31528
Epoch: [11]  [2360/5625]  eta: 0:53:50  lr: 0.000008  train_loss: 0.1221 (0.1835)  train_iou: 0.6433 (0.6540)  time: 0.9738  data: 0.0004  max mem: 31528
Epoch: [11]  [2380/5625]  eta: 0:53:30  lr: 0.000008  train_loss: 0.1098 (0.1838)  train_iou: 0.7126 (0.6545)  time: 0.9818  data: 0.0004  max mem: 31528
Epoch: [11]  [2400/5625]  eta: 0:53:10  lr: 0.000008  train_loss: 0.1285 (0.1839)  train_iou: 0.6962 (0.6548)  time: 0.9791  data: 0.0005  max mem: 31528
Epoch: [11]  [2420/5625]  eta: 0:52:50  lr: 0.000008  train_loss: 0.1746 (0.1843)  train_iou: 0.6202 (0.6546)  time: 0.9850  data: 0.0004  max mem: 31528
Epoch: [11]  [2440/5625]  eta: 0:52:30  lr: 0.000008  train_loss: 0.1456 (0.1844)  train_iou: 0.6183 (0.6544)  time: 0.9767  data: 0.0004  max mem: 31528
Epoch: [11]  [2460/5625]  eta: 0:52:14  lr: 0.000008  train_loss: 0.1282 (0.1843)  train_iou: 0.5566 (0.6539)  time: 1.1369  data: 0.0004  max mem: 31528
Epoch: [11]  [2480/5625]  eta: 0:51:54  lr: 0.000008  train_loss: 0.1163 (0.1842)  train_iou: 0.6350 (0.6538)  time: 0.9812  data: 0.0004  max mem: 31528
Epoch: [11]  [2500/5625]  eta: 0:51:34  lr: 0.000008  train_loss: 0.1213 (0.1843)  train_iou: 0.6212 (0.6536)  time: 0.9816  data: 0.0004  max mem: 31528
Epoch: [11]  [2520/5625]  eta: 0:51:14  lr: 0.000008  train_loss: 0.1145 (0.1843)  train_iou: 0.6599 (0.6539)  time: 0.9875  data: 0.0004  max mem: 31528
Epoch: [11]  [2540/5625]  eta: 0:50:54  lr: 0.000008  train_loss: 0.1698 (0.1843)  train_iou: 0.6710 (0.6541)  time: 0.9832  data: 0.0004  max mem: 31528
Epoch: [11]  [2560/5625]  eta: 0:50:34  lr: 0.000008  train_loss: 0.1624 (0.1843)  train_iou: 0.5847 (0.6538)  time: 0.9830  data: 0.0004  max mem: 31528
Epoch: [11]  [2580/5625]  eta: 0:50:14  lr: 0.000008  train_loss: 0.1879 (0.1845)  train_iou: 0.6585 (0.6537)  time: 0.9796  data: 0.0004  max mem: 31528
Epoch: [11]  [2600/5625]  eta: 0:49:54  lr: 0.000008  train_loss: 0.1606 (0.1846)  train_iou: 0.7035 (0.6540)  time: 0.9794  data: 0.0004  max mem: 31528
Epoch: [11]  [2620/5625]  eta: 0:49:34  lr: 0.000008  train_loss: 0.1325 (0.1848)  train_iou: 0.6780 (0.6542)  time: 0.9797  data: 0.0004  max mem: 31528
Epoch: [11]  [2640/5625]  eta: 0:49:14  lr: 0.000008  train_loss: 0.1131 (0.1847)  train_iou: 0.6460 (0.6541)  time: 0.9828  data: 0.0004  max mem: 31528
Epoch: [11]  [2660/5625]  eta: 0:48:54  lr: 0.000008  train_loss: 0.1467 (0.1849)  train_iou: 0.5684 (0.6537)  time: 0.9799  data: 0.0004  max mem: 31528
Epoch: [11]  [2680/5625]  eta: 0:48:34  lr: 0.000008  train_loss: 0.1238 (0.1850)  train_iou: 0.6520 (0.6538)  time: 0.9794  data: 0.0004  max mem: 31528
Epoch: [11]  [2700/5625]  eta: 0:48:14  lr: 0.000008  train_loss: 0.1046 (0.1850)  train_iou: 0.6568 (0.6538)  time: 0.9862  data: 0.0004  max mem: 31528
Epoch: [11]  [2720/5625]  eta: 0:47:54  lr: 0.000008  train_loss: 0.1624 (0.1849)  train_iou: 0.6482 (0.6537)  time: 0.9805  data: 0.0004  max mem: 31528
Epoch: [11]  [2740/5625]  eta: 0:47:34  lr: 0.000008  train_loss: 0.1699 (0.1850)  train_iou: 0.6691 (0.6539)  time: 0.9807  data: 0.0004  max mem: 31528
Epoch: [11]  [2760/5625]  eta: 0:47:14  lr: 0.000008  train_loss: 0.1016 (0.1848)  train_iou: 0.6403 (0.6538)  time: 0.9777  data: 0.0004  max mem: 31528
Epoch: [11]  [2780/5625]  eta: 0:46:54  lr: 0.000008  train_loss: 0.1485 (0.1847)  train_iou: 0.5762 (0.6534)  time: 0.9811  data: 0.0004  max mem: 31528
Epoch: [11]  [2800/5625]  eta: 0:46:34  lr: 0.000008  train_loss: 0.1116 (0.1845)  train_iou: 0.6245 (0.6534)  time: 0.9841  data: 0.0004  max mem: 31528
Epoch: [11]  [2820/5625]  eta: 0:46:14  lr: 0.000008  train_loss: 0.1215 (0.1843)  train_iou: 0.6894 (0.6537)  time: 0.9827  data: 0.0004  max mem: 31528
Epoch: [11]  [2840/5625]  eta: 0:45:54  lr: 0.000008  train_loss: 0.1101 (0.1844)  train_iou: 0.7344 (0.6539)  time: 0.9836  data: 0.0005  max mem: 31528
Epoch: [11]  [2860/5625]  eta: 0:45:34  lr: 0.000008  train_loss: 0.2009 (0.1844)  train_iou: 0.6389 (0.6538)  time: 0.9840  data: 0.0004  max mem: 31528
Epoch: [11]  [2880/5625]  eta: 0:45:15  lr: 0.000008  train_loss: 0.1629 (0.1846)  train_iou: 0.6805 (0.6540)  time: 0.9852  data: 0.0004  max mem: 31528
Epoch: [11]  [2900/5625]  eta: 0:44:55  lr: 0.000008  train_loss: 0.1277 (0.1844)  train_iou: 0.6543 (0.6541)  time: 0.9830  data: 0.0004  max mem: 31528
Epoch: [11]  [2920/5625]  eta: 0:44:35  lr: 0.000008  train_loss: 0.2042 (0.1849)  train_iou: 0.6791 (0.6541)  time: 0.9797  data: 0.0004  max mem: 31528
Epoch: [11]  [2940/5625]  eta: 0:44:15  lr: 0.000008  train_loss: 0.1726 (0.1849)  train_iou: 0.6808 (0.6540)  time: 0.9872  data: 0.0004  max mem: 31528
Epoch: [11]  [2960/5625]  eta: 0:43:55  lr: 0.000008  train_loss: 0.1101 (0.1844)  train_iou: 0.6511 (0.6542)  time: 0.9810  data: 0.0004  max mem: 31528
Epoch: [11]  [2980/5625]  eta: 0:43:35  lr: 0.000008  train_loss: 0.1144 (0.1842)  train_iou: 0.6775 (0.6544)  time: 0.9811  data: 0.0004  max mem: 31528
Epoch: [11]  [3000/5625]  eta: 0:43:15  lr: 0.000008  train_loss: 0.1398 (0.1844)  train_iou: 0.6650 (0.6543)  time: 0.9830  data: 0.0004  max mem: 31528
Epoch: [11]  [3020/5625]  eta: 0:42:55  lr: 0.000008  train_loss: 0.2077 (0.1845)  train_iou: 0.6461 (0.6542)  time: 0.9853  data: 0.0004  max mem: 31528
Epoch: [11]  [3040/5625]  eta: 0:42:36  lr: 0.000008  train_loss: 0.1434 (0.1845)  train_iou: 0.6658 (0.6544)  time: 0.9863  data: 0.0004  max mem: 31528
Epoch: [11]  [3060/5625]  eta: 0:42:16  lr: 0.000008  train_loss: 0.2082 (0.1847)  train_iou: 0.6442 (0.6543)  time: 0.9835  data: 0.0004  max mem: 31528
Epoch: [11]  [3080/5625]  eta: 0:41:56  lr: 0.000008  train_loss: 0.1437 (0.1846)  train_iou: 0.6971 (0.6546)  time: 0.9864  data: 0.0004  max mem: 31528
Epoch: [11]  [3100/5625]  eta: 0:41:36  lr: 0.000008  train_loss: 0.2025 (0.1852)  train_iou: 0.6687 (0.6546)  time: 0.9803  data: 0.0004  max mem: 31528
Epoch: [11]  [3120/5625]  eta: 0:41:16  lr: 0.000008  train_loss: 0.1765 (0.1855)  train_iou: 0.7065 (0.6548)  time: 0.9803  data: 0.0004  max mem: 31528
Epoch: [11]  [3140/5625]  eta: 0:40:56  lr: 0.000008  train_loss: 0.1020 (0.1851)  train_iou: 0.6672 (0.6549)  time: 0.9800  data: 0.0004  max mem: 31528
Epoch: [11]  [3160/5625]  eta: 0:40:36  lr: 0.000008  train_loss: 0.1039 (0.1850)  train_iou: 0.6648 (0.6550)  time: 0.9813  data: 0.0004  max mem: 31528
Epoch: [11]  [3180/5625]  eta: 0:40:16  lr: 0.000008  train_loss: 0.0999 (0.1848)  train_iou: 0.6497 (0.6549)  time: 0.9839  data: 0.0004  max mem: 31528
Epoch: [11]  [3200/5625]  eta: 0:39:56  lr: 0.000008  train_loss: 0.2098 (0.1850)  train_iou: 0.5451 (0.6546)  time: 0.9779  data: 0.0004  max mem: 31528
Epoch: [11]  [3220/5625]  eta: 0:39:37  lr: 0.000008  train_loss: 0.1267 (0.1848)  train_iou: 0.6664 (0.6545)  time: 0.9792  data: 0.0004  max mem: 31528
Epoch: [11]  [3240/5625]  eta: 0:39:17  lr: 0.000008  train_loss: 0.1843 (0.1850)  train_iou: 0.6921 (0.6547)  time: 0.9814  data: 0.0004  max mem: 31528
Epoch: [11]  [3260/5625]  eta: 0:38:57  lr: 0.000008  train_loss: 0.1244 (0.1850)  train_iou: 0.6720 (0.6548)  time: 0.9853  data: 0.0004  max mem: 31528
Epoch: [11]  [3280/5625]  eta: 0:38:37  lr: 0.000008  train_loss: 0.1103 (0.1849)  train_iou: 0.6714 (0.6549)  time: 0.9866  data: 0.0004  max mem: 31528
Epoch: [11]  [3300/5625]  eta: 0:38:17  lr: 0.000008  train_loss: 0.1120 (0.1850)  train_iou: 0.5432 (0.6546)  time: 0.9849  data: 0.0004  max mem: 31528
Epoch: [11]  [3320/5625]  eta: 0:37:57  lr: 0.000008  train_loss: 0.1440 (0.1849)  train_iou: 0.6470 (0.6545)  time: 0.9796  data: 0.0004  max mem: 31528
Epoch: [11]  [3340/5625]  eta: 0:37:38  lr: 0.000008  train_loss: 0.0992 (0.1847)  train_iou: 0.6488 (0.6543)  time: 0.9867  data: 0.0005  max mem: 31528
Epoch: [11]  [3360/5625]  eta: 0:37:18  lr: 0.000008  train_loss: 0.1606 (0.1847)  train_iou: 0.6723 (0.6545)  time: 0.9804  data: 0.0004  max mem: 31528
Epoch: [11]  [3380/5625]  eta: 0:36:58  lr: 0.000008  train_loss: 0.1355 (0.1847)  train_iou: 0.6781 (0.6547)  time: 0.9824  data: 0.0004  max mem: 31528
Epoch: [11]  [3400/5625]  eta: 0:36:38  lr: 0.000008  train_loss: 0.1786 (0.1846)  train_iou: 0.6253 (0.6544)  time: 0.9830  data: 0.0004  max mem: 31528
Epoch: [11]  [3420/5625]  eta: 0:36:18  lr: 0.000008  train_loss: 0.1339 (0.1845)  train_iou: 0.6711 (0.6546)  time: 0.9849  data: 0.0004  max mem: 31528
Epoch: [11]  [3440/5625]  eta: 0:35:58  lr: 0.000008  train_loss: 0.1374 (0.1843)  train_iou: 0.6728 (0.6547)  time: 0.9829  data: 0.0004  max mem: 31528
Epoch: [11]  [3460/5625]  eta: 0:35:39  lr: 0.000008  train_loss: 0.1138 (0.1842)  train_iou: 0.6957 (0.6549)  time: 0.9827  data: 0.0004  max mem: 31528
Epoch: [11]  [3480/5625]  eta: 0:35:19  lr: 0.000008  train_loss: 0.1543 (0.1846)  train_iou: 0.6322 (0.6548)  time: 0.9791  data: 0.0004  max mem: 31528
Epoch: [11]  [3500/5625]  eta: 0:34:59  lr: 0.000008  train_loss: 0.1142 (0.1845)  train_iou: 0.6383 (0.6548)  time: 0.9772  data: 0.0004  max mem: 31528
Epoch: [11]  [3520/5625]  eta: 0:34:39  lr: 0.000008  train_loss: 0.1742 (0.1845)  train_iou: 0.6200 (0.6545)  time: 0.9785  data: 0.0004  max mem: 31528
Epoch: [11]  [3540/5625]  eta: 0:34:19  lr: 0.000008  train_loss: 0.2181 (0.1846)  train_iou: 0.6617 (0.6543)  time: 0.9814  data: 0.0004  max mem: 31528
Epoch: [11]  [3560/5625]  eta: 0:33:59  lr: 0.000008  train_loss: 0.1101 (0.1843)  train_iou: 0.6738 (0.6546)  time: 0.9829  data: 0.0004  max mem: 31528
Epoch: [11]  [3580/5625]  eta: 0:33:39  lr: 0.000008  train_loss: 0.1298 (0.1842)  train_iou: 0.6765 (0.6547)  time: 0.9793  data: 0.0004  max mem: 31528
Epoch: [11]  [3600/5625]  eta: 0:33:20  lr: 0.000008  train_loss: 0.0999 (0.1841)  train_iou: 0.6824 (0.6549)  time: 0.9791  data: 0.0004  max mem: 31528
Epoch: [11]  [3620/5625]  eta: 0:33:00  lr: 0.000008  train_loss: 0.1440 (0.1841)  train_iou: 0.6949 (0.6550)  time: 0.9815  data: 0.0004  max mem: 31528
Epoch: [11]  [3640/5625]  eta: 0:32:40  lr: 0.000008  train_loss: 0.1292 (0.1839)  train_iou: 0.6608 (0.6551)  time: 0.9833  data: 0.0004  max mem: 31528
Epoch: [11]  [3660/5625]  eta: 0:32:20  lr: 0.000008  train_loss: 0.1387 (0.1839)  train_iou: 0.6388 (0.6550)  time: 0.9801  data: 0.0004  max mem: 31528
Epoch: [11]  [3680/5625]  eta: 0:32:00  lr: 0.000008  train_loss: 0.1448 (0.1839)  train_iou: 0.6857 (0.6551)  time: 0.9814  data: 0.0004  max mem: 31528
Epoch: [11]  [3700/5625]  eta: 0:31:40  lr: 0.000008  train_loss: 0.1043 (0.1837)  train_iou: 0.6829 (0.6553)  time: 0.9789  data: 0.0004  max mem: 31528
Epoch: [11]  [3720/5625]  eta: 0:31:21  lr: 0.000008  train_loss: 0.1668 (0.1838)  train_iou: 0.6555 (0.6553)  time: 0.9847  data: 0.0004  max mem: 31528
Epoch: [11]  [3740/5625]  eta: 0:31:01  lr: 0.000008  train_loss: 0.1117 (0.1838)  train_iou: 0.6520 (0.6551)  time: 0.9795  data: 0.0004  max mem: 31528
Epoch: [11]  [3760/5625]  eta: 0:30:41  lr: 0.000008  train_loss: 0.1104 (0.1836)  train_iou: 0.6504 (0.6551)  time: 0.9811  data: 0.0004  max mem: 31528
Epoch: [11]  [3780/5625]  eta: 0:30:21  lr: 0.000008  train_loss: 0.1602 (0.1836)  train_iou: 0.5486 (0.6548)  time: 0.9791  data: 0.0004  max mem: 31528
Epoch: [11]  [3800/5625]  eta: 0:30:03  lr: 0.000008  train_loss: 0.2060 (0.1839)  train_iou: 0.6536 (0.6548)  time: 1.1513  data: 0.0004  max mem: 31528
Epoch: [11]  [3820/5625]  eta: 0:29:44  lr: 0.000008  train_loss: 0.1498 (0.1838)  train_iou: 0.6305 (0.6548)  time: 1.0410  data: 0.0004  max mem: 31528
Epoch: [11]  [3840/5625]  eta: 0:29:24  lr: 0.000008  train_loss: 0.1439 (0.1840)  train_iou: 0.6454 (0.6548)  time: 1.0264  data: 0.0004  max mem: 31528
Epoch: [11]  [3860/5625]  eta: 0:29:05  lr: 0.000008  train_loss: 0.1136 (0.1837)  train_iou: 0.7015 (0.6551)  time: 0.9830  data: 0.0004  max mem: 31528
Epoch: [11]  [3880/5625]  eta: 0:28:45  lr: 0.000008  train_loss: 0.1231 (0.1836)  train_iou: 0.7207 (0.6553)  time: 0.9817  data: 0.0004  max mem: 31528
Epoch: [11]  [3900/5625]  eta: 0:28:25  lr: 0.000008  train_loss: 0.1513 (0.1837)  train_iou: 0.6236 (0.6551)  time: 0.9777  data: 0.0004  max mem: 31528
Epoch: [11]  [3920/5625]  eta: 0:28:05  lr: 0.000008  train_loss: 0.1344 (0.1837)  train_iou: 0.5728 (0.6551)  time: 0.9985  data: 0.0004  max mem: 31528
Epoch: [11]  [3940/5625]  eta: 0:27:45  lr: 0.000008  train_loss: 0.1239 (0.1836)  train_iou: 0.6546 (0.6550)  time: 1.0024  data: 0.0004  max mem: 31528
Epoch: [11]  [3960/5625]  eta: 0:27:26  lr: 0.000008  train_loss: 0.1745 (0.1838)  train_iou: 0.5909 (0.6548)  time: 0.9910  data: 0.0004  max mem: 31528
Epoch: [11]  [3980/5625]  eta: 0:27:06  lr: 0.000008  train_loss: 0.2134 (0.1840)  train_iou: 0.6452 (0.6547)  time: 0.9830  data: 0.0004  max mem: 31528
Epoch: [11]  [4000/5625]  eta: 0:26:46  lr: 0.000008  train_loss: 0.1275 (0.1840)  train_iou: 0.6627 (0.6548)  time: 0.9865  data: 0.0004  max mem: 31528
Epoch: [11]  [4020/5625]  eta: 0:26:26  lr: 0.000008  train_loss: 0.1246 (0.1839)  train_iou: 0.6305 (0.6547)  time: 0.9883  data: 0.0004  max mem: 31528
Epoch: [11]  [4040/5625]  eta: 0:26:07  lr: 0.000008  train_loss: 0.1062 (0.1838)  train_iou: 0.6653 (0.6549)  time: 0.9801  data: 0.0004  max mem: 31528
Epoch: [11]  [4060/5625]  eta: 0:25:47  lr: 0.000008  train_loss: 0.1276 (0.1837)  train_iou: 0.5849 (0.6549)  time: 0.9840  data: 0.0004  max mem: 31528
Epoch: [11]  [4080/5625]  eta: 0:25:27  lr: 0.000008  train_loss: 0.1087 (0.1836)  train_iou: 0.6745 (0.6552)  time: 0.9788  data: 0.0004  max mem: 31528
Epoch: [11]  [4100/5625]  eta: 0:25:07  lr: 0.000008  train_loss: 0.0909 (0.1834)  train_iou: 0.6193 (0.6550)  time: 0.9842  data: 0.0004  max mem: 31528
Epoch: [11]  [4120/5625]  eta: 0:24:47  lr: 0.000008  train_loss: 0.1244 (0.1833)  train_iou: 0.6871 (0.6551)  time: 0.9832  data: 0.0004  max mem: 31528
Epoch: [11]  [4140/5625]  eta: 0:24:27  lr: 0.000008  train_loss: 0.1902 (0.1835)  train_iou: 0.6926 (0.6552)  time: 0.9833  data: 0.0004  max mem: 31528
Epoch: [11]  [4160/5625]  eta: 0:24:08  lr: 0.000008  train_loss: 0.1490 (0.1835)  train_iou: 0.6502 (0.6552)  time: 0.9842  data: 0.0004  max mem: 31528
Epoch: [11]  [4180/5625]  eta: 0:23:48  lr: 0.000008  train_loss: 0.1307 (0.1836)  train_iou: 0.6698 (0.6553)  time: 0.9858  data: 0.0004  max mem: 31528
Epoch: [11]  [4200/5625]  eta: 0:23:28  lr: 0.000008  train_loss: 0.1350 (0.1836)  train_iou: 0.6530 (0.6552)  time: 0.9863  data: 0.0004  max mem: 31528
Epoch: [11]  [4220/5625]  eta: 0:23:08  lr: 0.000008  train_loss: 0.1029 (0.1836)  train_iou: 0.6524 (0.6552)  time: 0.9788  data: 0.0004  max mem: 31528
Epoch: [11]  [4240/5625]  eta: 0:22:48  lr: 0.000008  train_loss: 0.1816 (0.1837)  train_iou: 0.6522 (0.6551)  time: 0.9836  data: 0.0004  max mem: 31528
Epoch: [11]  [4260/5625]  eta: 0:22:29  lr: 0.000008  train_loss: 0.1230 (0.1838)  train_iou: 0.6343 (0.6551)  time: 0.9837  data: 0.0004  max mem: 31528
Epoch: [11]  [4280/5625]  eta: 0:22:09  lr: 0.000008  train_loss: 0.1158 (0.1837)  train_iou: 0.7442 (0.6554)  time: 0.9885  data: 0.0004  max mem: 31528
Epoch: [11]  [4300/5625]  eta: 0:21:49  lr: 0.000008  train_loss: 0.1475 (0.1838)  train_iou: 0.7219 (0.6557)  time: 0.9884  data: 0.0004  max mem: 31528
Epoch: [11]  [4320/5625]  eta: 0:21:29  lr: 0.000008  train_loss: 0.1587 (0.1839)  train_iou: 0.6898 (0.6559)  time: 0.9819  data: 0.0004  max mem: 31528
Epoch: [11]  [4340/5625]  eta: 0:21:10  lr: 0.000008  train_loss: 0.1297 (0.1840)  train_iou: 0.6312 (0.6557)  time: 0.9898  data: 0.0004  max mem: 31528
Epoch: [11]  [4360/5625]  eta: 0:20:50  lr: 0.000008  train_loss: 0.1198 (0.1839)  train_iou: 0.6473 (0.6558)  time: 0.9943  data: 0.0004  max mem: 31528
Epoch: [11]  [4380/5625]  eta: 0:20:30  lr: 0.000008  train_loss: 0.1322 (0.1838)  train_iou: 0.6841 (0.6558)  time: 0.9935  data: 0.0004  max mem: 31528
Epoch: [11]  [4400/5625]  eta: 0:20:10  lr: 0.000008  train_loss: 0.2361 (0.1842)  train_iou: 0.6650 (0.6559)  time: 0.9918  data: 0.0004  max mem: 31528
Epoch: [11]  [4420/5625]  eta: 0:19:51  lr: 0.000008  train_loss: 0.1253 (0.1841)  train_iou: 0.6773 (0.6559)  time: 0.9918  data: 0.0004  max mem: 31528
Epoch: [11]  [4440/5625]  eta: 0:19:31  lr: 0.000008  train_loss: 0.2371 (0.1845)  train_iou: 0.6357 (0.6557)  time: 0.9947  data: 0.0004  max mem: 31528
Epoch: [11]  [4460/5625]  eta: 0:19:11  lr: 0.000008  train_loss: 0.1226 (0.1847)  train_iou: 0.6818 (0.6558)  time: 0.9872  data: 0.0004  max mem: 31528
Epoch: [11]  [4480/5625]  eta: 0:18:51  lr: 0.000008  train_loss: 0.2462 (0.1850)  train_iou: 0.6524 (0.6558)  time: 0.9901  data: 0.0004  max mem: 31528
Epoch: [11]  [4500/5625]  eta: 0:18:32  lr: 0.000008  train_loss: 0.1209 (0.1850)  train_iou: 0.6874 (0.6559)  time: 0.9890  data: 0.0004  max mem: 31528
Epoch: [11]  [4520/5625]  eta: 0:18:12  lr: 0.000008  train_loss: 0.2268 (0.1854)  train_iou: 0.6558 (0.6559)  time: 0.9901  data: 0.0004  max mem: 31528
Epoch: [11]  [4540/5625]  eta: 0:17:52  lr: 0.000008  train_loss: 0.1945 (0.1855)  train_iou: 0.6442 (0.6557)  time: 0.9970  data: 0.0004  max mem: 31528
Epoch: [11]  [4560/5625]  eta: 0:17:32  lr: 0.000008  train_loss: 0.1036 (0.1855)  train_iou: 0.6423 (0.6556)  time: 0.9882  data: 0.0004  max mem: 31528
Epoch: [11]  [4580/5625]  eta: 0:17:12  lr: 0.000008  train_loss: 0.1306 (0.1856)  train_iou: 0.7158 (0.6556)  time: 0.9908  data: 0.0004  max mem: 31528
Epoch: [11]  [4600/5625]  eta: 0:16:53  lr: 0.000008  train_loss: 0.1709 (0.1856)  train_iou: 0.6492 (0.6556)  time: 0.9848  data: 0.0004  max mem: 31528
Epoch: [11]  [4620/5625]  eta: 0:16:33  lr: 0.000008  train_loss: 0.1186 (0.1856)  train_iou: 0.6057 (0.6555)  time: 0.9818  data: 0.0004  max mem: 31528
Epoch: [11]  [4640/5625]  eta: 0:16:13  lr: 0.000008  train_loss: 0.1492 (0.1856)  train_iou: 0.6694 (0.6556)  time: 0.9814  data: 0.0004  max mem: 31528
Epoch: [11]  [4660/5625]  eta: 0:15:53  lr: 0.000008  train_loss: 0.0990 (0.1855)  train_iou: 0.6464 (0.6556)  time: 0.9802  data: 0.0004  max mem: 31528
Epoch: [11]  [4680/5625]  eta: 0:15:34  lr: 0.000008  train_loss: 0.1674 (0.1858)  train_iou: 0.6275 (0.6554)  time: 0.9806  data: 0.0004  max mem: 31528
Epoch: [11]  [4700/5625]  eta: 0:15:14  lr: 0.000008  train_loss: 0.1526 (0.1859)  train_iou: 0.6267 (0.6554)  time: 0.9920  data: 0.0004  max mem: 31528
Epoch: [11]  [4720/5625]  eta: 0:14:54  lr: 0.000008  train_loss: 0.1473 (0.1858)  train_iou: 0.7101 (0.6556)  time: 0.9857  data: 0.0004  max mem: 31528
Epoch: [11]  [4740/5625]  eta: 0:14:34  lr: 0.000008  train_loss: 0.2298 (0.1859)  train_iou: 0.6482 (0.6557)  time: 0.9828  data: 0.0004  max mem: 31528
Epoch: [11]  [4760/5625]  eta: 0:14:14  lr: 0.000008  train_loss: 0.1395 (0.1859)  train_iou: 0.6699 (0.6557)  time: 0.9907  data: 0.0004  max mem: 31528
Epoch: [11]  [4780/5625]  eta: 0:13:55  lr: 0.000008  train_loss: 0.1484 (0.1862)  train_iou: 0.6511 (0.6557)  time: 0.9910  data: 0.0004  max mem: 31528
Epoch: [11]  [4800/5625]  eta: 0:13:35  lr: 0.000008  train_loss: 0.1087 (0.1861)  train_iou: 0.6838 (0.6558)  time: 0.9894  data: 0.0004  max mem: 31528
Epoch: [11]  [4820/5625]  eta: 0:13:15  lr: 0.000008  train_loss: 0.1988 (0.1862)  train_iou: 0.6465 (0.6558)  time: 0.9848  data: 0.0004  max mem: 31528
Epoch: [11]  [4840/5625]  eta: 0:12:55  lr: 0.000008  train_loss: 0.1205 (0.1861)  train_iou: 0.6735 (0.6560)  time: 1.0001  data: 0.0004  max mem: 31528
Epoch: [11]  [4860/5625]  eta: 0:12:36  lr: 0.000008  train_loss: 0.1550 (0.1862)  train_iou: 0.6669 (0.6560)  time: 0.9815  data: 0.0004  max mem: 31528
Epoch: [11]  [4880/5625]  eta: 0:12:16  lr: 0.000008  train_loss: 0.1232 (0.1861)  train_iou: 0.6566 (0.6560)  time: 0.9821  data: 0.0004  max mem: 31528
Epoch: [11]  [4900/5625]  eta: 0:11:56  lr: 0.000008  train_loss: 0.1914 (0.1863)  train_iou: 0.6275 (0.6559)  time: 0.9831  data: 0.0004  max mem: 31528
Epoch: [11]  [4920/5625]  eta: 0:11:36  lr: 0.000008  train_loss: 0.0950 (0.1862)  train_iou: 0.6455 (0.6559)  time: 0.9786  data: 0.0004  max mem: 31528
Epoch: [11]  [4940/5625]  eta: 0:11:16  lr: 0.000008  train_loss: 0.1179 (0.1862)  train_iou: 0.6591 (0.6559)  time: 0.9824  data: 0.0004  max mem: 31528
Epoch: [11]  [4960/5625]  eta: 0:10:57  lr: 0.000008  train_loss: 0.1133 (0.1862)  train_iou: 0.6133 (0.6558)  time: 0.9845  data: 0.0004  max mem: 31528
Epoch: [11]  [4980/5625]  eta: 0:10:37  lr: 0.000008  train_loss: 0.1197 (0.1861)  train_iou: 0.6701 (0.6558)  time: 0.9841  data: 0.0004  max mem: 31528
Epoch: [11]  [5000/5625]  eta: 0:10:17  lr: 0.000008  train_loss: 0.1101 (0.1861)  train_iou: 0.6511 (0.6558)  time: 0.9924  data: 0.0004  max mem: 31528
Epoch: [11]  [5020/5625]  eta: 0:09:57  lr: 0.000008  train_loss: 0.1445 (0.1861)  train_iou: 0.6467 (0.6556)  time: 0.9874  data: 0.0004  max mem: 31528
Epoch: [11]  [5040/5625]  eta: 0:09:38  lr: 0.000008  train_loss: 0.1717 (0.1861)  train_iou: 0.6724 (0.6556)  time: 0.9822  data: 0.0004  max mem: 31528
Epoch: [11]  [5060/5625]  eta: 0:09:18  lr: 0.000008  train_loss: 0.1394 (0.1861)  train_iou: 0.6632 (0.6557)  time: 0.9819  data: 0.0004  max mem: 31528
Epoch: [11]  [5080/5625]  eta: 0:08:58  lr: 0.000008  train_loss: 0.2112 (0.1862)  train_iou: 0.6334 (0.6554)  time: 0.9861  data: 0.0004  max mem: 31528
Epoch: [11]  [5100/5625]  eta: 0:08:38  lr: 0.000008  train_loss: 0.1175 (0.1861)  train_iou: 0.6687 (0.6555)  time: 0.9859  data: 0.0004  max mem: 31528
Epoch: [11]  [5120/5625]  eta: 0:08:19  lr: 0.000008  train_loss: 0.1595 (0.1864)  train_iou: 0.6402 (0.6553)  time: 1.1375  data: 0.0004  max mem: 31528
Epoch: [11]  [5140/5625]  eta: 0:07:59  lr: 0.000008  train_loss: 0.1480 (0.1865)  train_iou: 0.6695 (0.6555)  time: 0.9941  data: 0.0004  max mem: 31528
Epoch: [11]  [5160/5625]  eta: 0:07:39  lr: 0.000008  train_loss: 0.1434 (0.1865)  train_iou: 0.6311 (0.6552)  time: 0.9848  data: 0.0004  max mem: 31528
Epoch: [11]  [5180/5625]  eta: 0:07:20  lr: 0.000008  train_loss: 0.1143 (0.1863)  train_iou: 0.7090 (0.6555)  time: 0.9922  data: 0.0004  max mem: 31528
Epoch: [11]  [5200/5625]  eta: 0:07:00  lr: 0.000008  train_loss: 0.1139 (0.1864)  train_iou: 0.6704 (0.6555)  time: 0.9891  data: 0.0004  max mem: 31528
Epoch: [11]  [5220/5625]  eta: 0:06:40  lr: 0.000008  train_loss: 0.1154 (0.1864)  train_iou: 0.6398 (0.6555)  time: 0.9847  data: 0.0004  max mem: 31528
Epoch: [11]  [5240/5625]  eta: 0:06:20  lr: 0.000008  train_loss: 0.1829 (0.1864)  train_iou: 0.6565 (0.6555)  time: 0.9816  data: 0.0004  max mem: 31528
Epoch: [11]  [5260/5625]  eta: 0:06:00  lr: 0.000008  train_loss: 0.1573 (0.1864)  train_iou: 0.6537 (0.6554)  time: 0.9949  data: 0.0004  max mem: 31528
Epoch: [11]  [5280/5625]  eta: 0:05:41  lr: 0.000008  train_loss: 0.1472 (0.1865)  train_iou: 0.6486 (0.6554)  time: 0.9828  data: 0.0004  max mem: 31528
Epoch: [11]  [5300/5625]  eta: 0:05:21  lr: 0.000008  train_loss: 0.2312 (0.1866)  train_iou: 0.6094 (0.6553)  time: 0.9889  data: 0.0004  max mem: 31528
Epoch: [11]  [5320/5625]  eta: 0:05:01  lr: 0.000008  train_loss: 0.1744 (0.1866)  train_iou: 0.6778 (0.6553)  time: 0.9911  data: 0.0004  max mem: 31528
Epoch: [11]  [5340/5625]  eta: 0:04:41  lr: 0.000008  train_loss: 0.1399 (0.1866)  train_iou: 0.6893 (0.6553)  time: 0.9912  data: 0.0004  max mem: 31528
Epoch: [11]  [5360/5625]  eta: 0:04:22  lr: 0.000008  train_loss: 0.0960 (0.1865)  train_iou: 0.6529 (0.6553)  time: 0.9912  data: 0.0004  max mem: 31528
Epoch: [11]  [5380/5625]  eta: 0:04:02  lr: 0.000008  train_loss: 0.1244 (0.1867)  train_iou: 0.6780 (0.6554)  time: 0.9964  data: 0.0004  max mem: 31528
Epoch: [11]  [5400/5625]  eta: 0:03:42  lr: 0.000008  train_loss: 0.1531 (0.1868)  train_iou: 0.6238 (0.6553)  time: 0.9943  data: 0.0004  max mem: 31528
Epoch: [11]  [5420/5625]  eta: 0:03:22  lr: 0.000008  train_loss: 0.1343 (0.1868)  train_iou: 0.6597 (0.6554)  time: 0.9959  data: 0.0004  max mem: 31528
Epoch: [11]  [5440/5625]  eta: 0:03:02  lr: 0.000008  train_loss: 0.2079 (0.1869)  train_iou: 0.6337 (0.6553)  time: 0.9837  data: 0.0004  max mem: 31528
Epoch: [11]  [5460/5625]  eta: 0:02:43  lr: 0.000008  train_loss: 0.1457 (0.1870)  train_iou: 0.6415 (0.6550)  time: 0.9898  data: 0.0004  max mem: 31528
Epoch: [11]  [5480/5625]  eta: 0:02:23  lr: 0.000008  train_loss: 0.1047 (0.1869)  train_iou: 0.6659 (0.6551)  time: 0.9883  data: 0.0004  max mem: 31528
Epoch: [11]  [5500/5625]  eta: 0:02:03  lr: 0.000008  train_loss: 0.1185 (0.1867)  train_iou: 0.6639 (0.6551)  time: 0.9931  data: 0.0004  max mem: 31528
Epoch: [11]  [5520/5625]  eta: 0:01:43  lr: 0.000008  train_loss: 0.1367 (0.1867)  train_iou: 0.6535 (0.6550)  time: 0.9873  data: 0.0004  max mem: 31528
Epoch: [11]  [5540/5625]  eta: 0:01:24  lr: 0.000008  train_loss: 0.1302 (0.1867)  train_iou: 0.6398 (0.6549)  time: 0.9855  data: 0.0004  max mem: 31528
Epoch: [11]  [5560/5625]  eta: 0:01:04  lr: 0.000008  train_loss: 0.1231 (0.1867)  train_iou: 0.5781 (0.6547)  time: 0.9883  data: 0.0004  max mem: 31528
Epoch: [11]  [5580/5625]  eta: 0:00:44  lr: 0.000008  train_loss: 0.1263 (0.1868)  train_iou: 0.6731 (0.6549)  time: 0.9857  data: 0.0004  max mem: 31528
Epoch: [11]  [5600/5625]  eta: 0:00:24  lr: 0.000008  train_loss: 0.1179 (0.1867)  train_iou: 0.6952 (0.6549)  time: 0.9893  data: 0.0004  max mem: 31528
Epoch: [11]  [5620/5625]  eta: 0:00:04  lr: 0.000008  train_loss: 0.1328 (0.1868)  train_iou: 0.6739 (0.6549)  time: 0.9220  data: 0.0003  max mem: 31528
Epoch: [11]  [5624/5625]  eta: 0:00:00  lr: 0.000008  train_loss: 0.1499 (0.1869)  train_iou: 0.6759 (0.6550)  time: 0.8989  data: 0.0002  max mem: 31528
Epoch: [11] Total time: 1:32:41 (0.9887 s / it)
Averaged stats: lr: 0.000008  train_loss: 0.1499 (0.1869)  train_iou: 0.6759 (0.6550)
huggingface/tokenizers: The current process just got forked, after parallelism has already been used. Disabling parallelism to avoid deadlocks...
To disable this warning, you can either:
	- Avoid using `tokenizers` before the fork if possible
	- Explicitly set the environment variable TOKENIZERS_PARALLELISM=(true | false)
huggingface/tokenizers: The current process just got forked, after parallelism has already been used. Disabling parallelism to avoid deadlocks...
To disable this warning, you can either:
	- Avoid using `tokenizers` before the fork if possible
	- Explicitly set the environment variable TOKENIZERS_PARALLELISM=(true | false)
huggingface/tokenizers: The current process just got forked, after parallelism has already been used. Disabling parallelism to avoid deadlocks...
To disable this warning, you can either:
	- Avoid using `tokenizers` before the fork if possible
	- Explicitly set the environment variable TOKENIZERS_PARALLELISM=(true | false)
huggingface/tokenizers: The current process just got forked, after parallelism has already been used. Disabling parallelism to avoid deadlocks...
To disable this warning, you can either:
	- Avoid using `tokenizers` before the fork if possible
	- Explicitly set the environment variable TOKENIZERS_PARALLELISM=(true | false)
huggingface/tokenizers: The current process just got forked, after parallelism has already been used. Disabling parallelism to avoid deadlocks...
To disable this warning, you can either:
	- Avoid using `tokenizers` before the fork if possible
	- Explicitly set the environment variable TOKENIZERS_PARALLELISM=(true | false)
huggingface/tokenizers: The current process just got forked, after parallelism has already been used. Disabling parallelism to avoid deadlocks...
To disable this warning, you can either:
	- Avoid using `tokenizers` before the fork if possible
	- Explicitly set the environment variable TOKENIZERS_PARALLELISM=(true | false)
huggingface/tokenizers: The current process just got forked, after parallelism has already been used. Disabling parallelism to avoid deadlocks...
To disable this warning, you can either:
	- Avoid using `tokenizers` before the fork if possible
	- Explicitly set the environment variable TOKENIZERS_PARALLELISM=(true | false)
huggingface/tokenizers: The current process just got forked, after parallelism has already been used. Disabling parallelism to avoid deadlocks...
To disable this warning, you can either:
	- Avoid using `tokenizers` before the fork if possible
	- Explicitly set the environment variable TOKENIZERS_PARALLELISM=(true | false)
Test:  [   0/4000]  eta: 2:05:53  inter: 33151.0000 (33151.0000)  union: 37110.0000 (37110.0000)  iou: 0.8933 (0.8933)  time: 1.8884  data: 1.5044  max mem: 31528
Test:  [  50/4000]  eta: 0:14:03  inter: 15695.0000 (22745.8125)  union: 49002.0000 (41031.4844)  iou: 0.5446 (0.5339)  time: 0.1863  data: 0.0005  max mem: 31528
Test:  [ 100/4000]  eta: 0:13:05  inter: 20515.0000 (24174.8015)  union: 46816.0000 (41340.9412)  iou: 0.6097 (0.5791)  time: 0.1834  data: 0.0005  max mem: 31528
Test:  [ 150/4000]  eta: 0:12:42  inter: 18417.0000 (24309.5742)  union: 29836.0000 (39281.7751)  iou: 0.8565 (0.6096)  time: 0.1964  data: 0.0005  max mem: 31528
Test:  [ 200/4000]  eta: 0:12:15  inter: 33607.0000 (24647.4396)  union: 36563.0000 (39075.8718)  iou: 0.9114 (0.6130)  time: 0.1799  data: 0.0005  max mem: 31528
Test:  [ 250/4000]  eta: 0:11:52  inter: 14529.0000 (26766.5512)  union: 31333.0000 (40731.3193)  iou: 0.4880 (0.6112)  time: 0.1714  data: 0.0004  max mem: 31528
Test:  [ 300/4000]  eta: 0:11:42  inter: 16673.0000 (26046.1687)  union: 24337.0000 (39906.3871)  iou: 0.5267 (0.6019)  time: 0.1957  data: 0.0005  max mem: 31528
Test:  [ 350/4000]  eta: 0:11:38  inter: 9314.0000 (24992.1715)  union: 29889.0000 (39691.1488)  iou: 0.4367 (0.5885)  time: 0.1978  data: 0.0004  max mem: 31528
Test:  [ 400/4000]  eta: 0:11:30  inter: 30314.0000 (24491.6375)  union: 35622.0000 (39053.0429)  iou: 0.6349 (0.5887)  time: 0.1785  data: 0.0004  max mem: 31528
Test:  [ 450/4000]  eta: 0:11:18  inter: 12796.0000 (24340.3556)  union: 28781.0000 (38959.1825)  iou: 0.5826 (0.5897)  time: 0.2031  data: 0.0004  max mem: 31528
Test:  [ 500/4000]  eta: 0:11:07  inter: 17157.0000 (24655.8797)  union: 31399.0000 (39963.2937)  iou: 0.5415 (0.5845)  time: 0.1764  data: 0.0005  max mem: 31528
Test:  [ 550/4000]  eta: 0:10:59  inter: 23724.0000 (24640.7095)  union: 27876.0000 (39684.9653)  iou: 0.8455 (0.5915)  time: 0.1949  data: 0.0005  max mem: 31528
Test:  [ 600/4000]  eta: 0:10:48  inter: 10483.0000 (24530.2249)  union: 33699.0000 (39726.8592)  iou: 0.7422 (0.5878)  time: 0.1882  data: 0.0004  max mem: 31528
Test:  [ 650/4000]  eta: 0:10:35  inter: 25419.0000 (25093.3160)  union: 38719.0000 (40040.2055)  iou: 0.6592 (0.5887)  time: 0.1768  data: 0.0004  max mem: 31528
Test:  [ 700/4000]  eta: 0:10:24  inter: 3249.0000 (24641.9456)  union: 28927.0000 (39765.4251)  iou: 0.2549 (0.5813)  time: 0.1781  data: 0.0004  max mem: 31528
Test:  [ 750/4000]  eta: 0:10:16  inter: 26801.0000 (24590.8668)  union: 29704.0000 (39661.6413)  iou: 0.8325 (0.5839)  time: 0.2068  data: 0.0004  max mem: 31528
Test:  [ 800/4000]  eta: 0:10:06  inter: 12872.0000 (24312.2420)  union: 46592.0000 (39234.7982)  iou: 0.5771 (0.5840)  time: 0.1931  data: 0.0004  max mem: 31528
Test:  [ 850/4000]  eta: 0:09:58  inter: 21678.0000 (24376.1238)  union: 33264.0000 (39209.5222)  iou: 0.7892 (0.5843)  time: 0.1777  data: 0.0004  max mem: 31528
Test:  [ 900/4000]  eta: 0:09:48  inter: 11004.0000 (24311.2047)  union: 27246.0000 (39457.5960)  iou: 0.3659 (0.5789)  time: 0.1760  data: 0.0004  max mem: 31528
Test:  [ 950/4000]  eta: 0:09:38  inter: 24589.0000 (24437.7614)  union: 30946.0000 (39595.6549)  iou: 0.7942 (0.5787)  time: 0.1854  data: 0.0004  max mem: 31528
Test:  [1000/4000]  eta: 0:09:28  inter: 20327.0000 (24698.4448)  union: 37331.0000 (39770.7320)  iou: 0.7202 (0.5808)  time: 0.1798  data: 0.0004  max mem: 31528
Test:  [1050/4000]  eta: 0:09:18  inter: 18318.0000 (24755.6823)  union: 36907.0000 (39807.0878)  iou: 0.4861 (0.5813)  time: 0.1899  data: 0.0005  max mem: 31528
Test:  [1100/4000]  eta: 0:09:08  inter: 22279.0000 (24639.9108)  union: 28182.0000 (39557.6452)  iou: 0.7257 (0.5808)  time: 0.1855  data: 0.0004  max mem: 31528
Test:  [1150/4000]  eta: 0:08:59  inter: 9951.0000 (24793.1110)  union: 23829.0000 (39488.6991)  iou: 0.4186 (0.5846)  time: 0.1970  data: 0.0004  max mem: 31528
Test:  [1200/4000]  eta: 0:08:50  inter: 16090.0000 (24822.0315)  union: 28978.0000 (39701.2378)  iou: 0.7936 (0.5822)  time: 0.1888  data: 0.0004  max mem: 31528
Test:  [1250/4000]  eta: 0:08:41  inter: 5452.0000 (24615.0153)  union: 34102.0000 (39474.6758)  iou: 0.1416 (0.5808)  time: 0.2013  data: 0.0005  max mem: 31528
Test:  [1300/4000]  eta: 0:08:32  inter: 16126.0000 (24424.6166)  union: 33946.0000 (39296.0246)  iou: 0.5785 (0.5819)  time: 0.1938  data: 0.0005  max mem: 31528
Test:  [1350/4000]  eta: 0:08:22  inter: 26139.0000 (24469.1442)  union: 33483.0000 (39323.6753)  iou: 0.7935 (0.5823)  time: 0.1910  data: 0.0004  max mem: 31528
Test:  [1400/4000]  eta: 0:08:14  inter: 9924.0000 (24638.1584)  union: 11788.0000 (39448.3122)  iou: 0.7584 (0.5811)  time: 0.1975  data: 0.0004  max mem: 31528
Test:  [1450/4000]  eta: 0:08:04  inter: 15546.0000 (24585.8112)  union: 46374.0000 (39395.1276)  iou: 0.6341 (0.5805)  time: 0.1830  data: 0.0004  max mem: 31528
Test:  [1500/4000]  eta: 0:07:54  inter: 16514.0000 (24562.1788)  union: 39610.0000 (39447.3936)  iou: 0.4680 (0.5782)  time: 0.1825  data: 0.0004  max mem: 31528
Test:  [1550/4000]  eta: 0:07:46  inter: 22153.0000 (24507.5561)  union: 29964.0000 (39394.7477)  iou: 0.8534 (0.5799)  time: 0.2071  data: 0.0005  max mem: 31528
Test:  [1600/4000]  eta: 0:07:36  inter: 11114.0000 (24337.8444)  union: 24056.0000 (39366.4777)  iou: 0.5158 (0.5763)  time: 0.2091  data: 0.0005  max mem: 31528
Test:  [1650/4000]  eta: 0:07:26  inter: 15249.0000 (24303.9970)  union: 33101.0000 (39360.4413)  iou: 0.3896 (0.5747)  time: 0.1814  data: 0.0004  max mem: 31528
Test:  [1700/4000]  eta: 0:07:16  inter: 16816.0000 (24255.0763)  union: 35964.0000 (39415.7785)  iou: 0.7848 (0.5728)  time: 0.1888  data: 0.0005  max mem: 31528
Test:  [1750/4000]  eta: 0:07:07  inter: 17688.0000 (24230.7905)  union: 32674.0000 (39367.7626)  iou: 0.7344 (0.5732)  time: 0.2040  data: 0.0004  max mem: 31528
Test:  [1800/4000]  eta: 0:06:58  inter: 15303.0000 (24145.1991)  union: 33998.0000 (39252.6031)  iou: 0.5072 (0.5730)  time: 0.2027  data: 0.0004  max mem: 31528
Test:  [1850/4000]  eta: 0:06:48  inter: 11045.0000 (24091.4352)  union: 33185.0000 (39333.5590)  iou: 0.3389 (0.5706)  time: 0.1904  data: 0.0005  max mem: 31528
Test:  [1900/4000]  eta: 0:06:39  inter: 31654.0000 (24038.6780)  union: 53790.0000 (39245.0347)  iou: 0.5781 (0.5719)  time: 0.1933  data: 0.0004  max mem: 31528
Test:  [1950/4000]  eta: 0:06:30  inter: 11907.0000 (24026.8830)  union: 16776.0000 (39226.6961)  iou: 0.7119 (0.5724)  time: 0.1877  data: 0.0004  max mem: 31528
Test:  [2000/4000]  eta: 0:06:20  inter: 15657.0000 (24042.9324)  union: 22255.0000 (39184.6137)  iou: 0.7806 (0.5731)  time: 0.1822  data: 0.0005  max mem: 31528
Test:  [2050/4000]  eta: 0:06:10  inter: 6811.0000 (23930.1323)  union: 49463.0000 (39278.7357)  iou: 0.2163 (0.5709)  time: 0.2139  data: 0.0004  max mem: 31528
Test:  [2100/4000]  eta: 0:06:01  inter: 16403.0000 (23898.7003)  union: 32309.0000 (39243.4393)  iou: 0.7620 (0.5710)  time: 0.1778  data: 0.0005  max mem: 31528
Test:  [2150/4000]  eta: 0:05:51  inter: 16025.0000 (23887.7531)  union: 30148.0000 (39281.8296)  iou: 0.7215 (0.5701)  time: 0.1813  data: 0.0005  max mem: 31528
Test:  [2200/4000]  eta: 0:05:41  inter: 13632.0000 (23860.9845)  union: 20951.0000 (39211.1805)  iou: 0.7463 (0.5707)  time: 0.1886  data: 0.0004  max mem: 31528
Test:  [2250/4000]  eta: 0:05:32  inter: 18827.0000 (23747.3096)  union: 35944.0000 (39080.9541)  iou: 0.7010 (0.5700)  time: 0.1799  data: 0.0005  max mem: 31528
Test:  [2300/4000]  eta: 0:05:22  inter: 18898.0000 (23823.9331)  union: 36767.0000 (39073.3171)  iou: 0.6183 (0.5715)  time: 0.1943  data: 0.0004  max mem: 31528
Test:  [2350/4000]  eta: 0:05:13  inter: 15369.0000 (23777.5450)  union: 37778.0000 (39050.6134)  iou: 0.7448 (0.5716)  time: 0.2070  data: 0.0004  max mem: 31528
Test:  [2400/4000]  eta: 0:05:04  inter: 9965.0000 (23825.7487)  union: 32623.0000 (39039.8527)  iou: 0.2070 (0.5718)  time: 0.2019  data: 0.0005  max mem: 31528
Test:  [2450/4000]  eta: 0:04:54  inter: 29168.0000 (23919.9271)  union: 32392.0000 (39104.8846)  iou: 0.8411 (0.5733)  time: 0.1706  data: 0.0004  max mem: 31528
Test:  [2500/4000]  eta: 0:04:44  inter: 24759.0000 (23863.2115)  union: 38384.0000 (39117.5522)  iou: 0.7961 (0.5725)  time: 0.1747  data: 0.0004  max mem: 31528
Test:  [2550/4000]  eta: 0:04:35  inter: 28232.0000 (23953.3704)  union: 32948.0000 (39227.2505)  iou: 0.8162 (0.5730)  time: 0.2073  data: 0.0005  max mem: 31528
Test:  [2600/4000]  eta: 0:04:25  inter: 12214.0000 (23886.4112)  union: 28391.0000 (39170.3328)  iou: 0.4304 (0.5719)  time: 0.1917  data: 0.0004  max mem: 31528
Test:  [2650/4000]  eta: 0:04:16  inter: 16159.0000 (23900.5473)  union: 34508.0000 (39387.1799)  iou: 0.8109 (0.5707)  time: 0.1934  data: 0.0004  max mem: 31528
Test:  [2700/4000]  eta: 0:04:06  inter: 21795.0000 (23987.0868)  union: 30445.0000 (39464.7999)  iou: 0.8296 (0.5715)  time: 0.1891  data: 0.0005  max mem: 31528
Test:  [2750/4000]  eta: 0:03:57  inter: 22931.0000 (24074.2718)  union: 28973.0000 (39559.5330)  iou: 0.8596 (0.5712)  time: 0.1794  data: 0.0004  max mem: 31528
Test:  [2800/4000]  eta: 0:03:47  inter: 14763.0000 (24058.9980)  union: 30711.0000 (39468.8728)  iou: 0.5689 (0.5715)  time: 0.1864  data: 0.0005  max mem: 31528
Test:  [2850/4000]  eta: 0:03:38  inter: 12106.0000 (24195.7522)  union: 32774.0000 (39563.9776)  iou: 0.3220 (0.5713)  time: 0.1833  data: 0.0005  max mem: 31528
Test:  [2900/4000]  eta: 0:03:29  inter: 17731.0000 (24229.4343)  union: 26036.0000 (39625.2742)  iou: 0.7464 (0.5706)  time: 0.1790  data: 0.0004  max mem: 31528
Test:  [2950/4000]  eta: 0:03:19  inter: 20152.0000 (24272.2252)  union: 26465.0000 (39611.0062)  iou: 0.5234 (0.5707)  time: 0.1803  data: 0.0005  max mem: 31528
Test:  [3000/4000]  eta: 0:03:10  inter: 10737.0000 (24189.9336)  union: 32165.0000 (39561.6580)  iou: 0.3951 (0.5691)  time: 0.2049  data: 0.0005  max mem: 31528
Test:  [3050/4000]  eta: 0:03:00  inter: 13336.0000 (24140.2346)  union: 29474.0000 (39624.6440)  iou: 0.4594 (0.5686)  time: 0.1883  data: 0.0005  max mem: 31528
Test:  [3100/4000]  eta: 0:02:51  inter: 16121.0000 (24100.6891)  union: 37348.0000 (39594.9678)  iou: 0.4107 (0.5687)  time: 0.1864  data: 0.0004  max mem: 31528
Test:  [3150/4000]  eta: 0:02:41  inter: 15818.0000 (24005.7389)  union: 21588.0000 (39473.2166)  iou: 0.5321 (0.5686)  time: 0.1862  data: 0.0004  max mem: 31528
Test:  [3200/4000]  eta: 0:02:31  inter: 12625.0000 (24014.0252)  union: 38307.0000 (39503.7114)  iou: 0.5949 (0.5688)  time: 0.1757  data: 0.0004  max mem: 31528
Test:  [3250/4000]  eta: 0:02:22  inter: 14315.0000 (23945.8583)  union: 25097.0000 (39428.0739)  iou: 0.7670 (0.5676)  time: 0.1868  data: 0.0004  max mem: 31528
Test:  [3300/4000]  eta: 0:02:12  inter: 24888.0000 (24029.1955)  union: 43676.0000 (39539.8682)  iou: 0.7647 (0.5668)  time: 0.2017  data: 0.0004  max mem: 31528
Test:  [3350/4000]  eta: 0:02:03  inter: 9386.0000 (23994.9431)  union: 12677.0000 (39570.1247)  iou: 0.7321 (0.5666)  time: 0.1698  data: 0.0004  max mem: 31528
Test:  [3400/4000]  eta: 0:01:53  inter: 25497.0000 (24110.5337)  union: 37176.0000 (39628.5562)  iou: 0.8669 (0.5681)  time: 0.1953  data: 0.0004  max mem: 31528
Test:  [3450/4000]  eta: 0:01:44  inter: 17115.0000 (24131.3140)  union: 28242.0000 (39607.9412)  iou: 0.5438 (0.5683)  time: 0.1820  data: 0.0004  max mem: 31528
Test:  [3500/4000]  eta: 0:01:34  inter: 13269.0000 (24112.1219)  union: 21199.0000 (39544.8062)  iou: 0.4225 (0.5685)  time: 0.1773  data: 0.0004  max mem: 31528
Test:  [3550/4000]  eta: 0:01:25  inter: 22027.0000 (24110.1366)  union: 36960.0000 (39567.6246)  iou: 0.7051 (0.5678)  time: 0.1761  data: 0.0004  max mem: 31528
Test:  [3600/4000]  eta: 0:01:15  inter: 21237.0000 (24051.4574)  union: 31551.0000 (39530.6590)  iou: 0.6430 (0.5666)  time: 0.1817  data: 0.0004  max mem: 31528
Test:  [3650/4000]  eta: 0:01:06  inter: 17453.0000 (24010.9204)  union: 38602.0000 (39519.8785)  iou: 0.4886 (0.5663)  time: 0.2095  data: 0.0004  max mem: 31528
Test:  [3700/4000]  eta: 0:00:56  inter: 18835.0000 (24104.7914)  union: 36081.0000 (39551.3381)  iou: 0.6501 (0.5671)  time: 0.1854  data: 0.0004  max mem: 31528
Test:  [3750/4000]  eta: 0:00:47  inter: 20884.0000 (24130.0984)  union: 41790.0000 (39585.1219)  iou: 0.5621 (0.5678)  time: 0.1826  data: 0.0004  max mem: 31528
Test:  [3800/4000]  eta: 0:00:37  inter: 21908.0000 (24174.6632)  union: 29485.0000 (39575.3932)  iou: 0.5731 (0.5684)  time: 0.1685  data: 0.0004  max mem: 31528
Test:  [3850/4000]  eta: 0:00:28  inter: 18710.0000 (24184.6932)  union: 32881.0000 (39588.2679)  iou: 0.8765 (0.5687)  time: 0.1867  data: 0.0005  max mem: 31528
Test:  [3900/4000]  eta: 0:00:18  inter: 18691.0000 (24232.8523)  union: 30026.0000 (39645.2032)  iou: 0.6833 (0.5686)  time: 0.1850  data: 0.0004  max mem: 31528
Test:  [3950/4000]  eta: 0:00:09  inter: 17381.0000 (24203.5088)  union: 35341.0000 (39598.5859)  iou: 0.6805 (0.5689)  time: 0.1813  data: 0.0004  max mem: 31528
Test:  [3999/4000]  eta: 0:00:00  inter: 15453.0000 (24179.9626)  union: 30877.0000 (39524.1352)  iou: 0.5344 (0.5699)  time: 0.1615  data: 0.0002  max mem: 31528
Test: Total time: 0:12:39 (0.1898 s / it)
* IoU 0.570 oIoU 0.612
IoU of the network on the 4000 test images: 0.6%
Max IoU: 0.59%
huggingface/tokenizers: The current process just got forked, after parallelism has already been used. Disabling parallelism to avoid deadlocks...
To disable this warning, you can either:
	- Avoid using `tokenizers` before the fork if possible
	- Explicitly set the environment variable TOKENIZERS_PARALLELISM=(true | false)
huggingface/tokenizers: The current process just got forked, after parallelism has already been used. Disabling parallelism to avoid deadlocks...
To disable this warning, you can either:
	- Avoid using `tokenizers` before the fork if possible
	- Explicitly set the environment variable TOKENIZERS_PARALLELISM=(true | false)
huggingface/tokenizers: The current process just got forked, after parallelism has already been used. Disabling parallelism to avoid deadlocks...
To disable this warning, you can either:
	- Avoid using `tokenizers` before the fork if possible
	- Explicitly set the environment variable TOKENIZERS_PARALLELISM=(true | false)
huggingface/tokenizers: The current process just got forked, after parallelism has already been used. Disabling parallelism to avoid deadlocks...
To disable this warning, you can either:
	- Avoid using `tokenizers` before the fork if possible
	- Explicitly set the environment variable TOKENIZERS_PARALLELISM=(true | false)
huggingface/tokenizers: The current process just got forked, after parallelism has already been used. Disabling parallelism to avoid deadlocks...
To disable this warning, you can either:
	- Avoid using `tokenizers` before the fork if possible
	- Explicitly set the environment variable TOKENIZERS_PARALLELISM=(true | false)
huggingface/tokenizers: The current process just got forked, after parallelism has already been used. Disabling parallelism to avoid deadlocks...
To disable this warning, you can either:
	- Avoid using `tokenizers` before the fork if possible
	- Explicitly set the environment variable TOKENIZERS_PARALLELISM=(true | false)
huggingface/tokenizers: The current process just got forked, after parallelism has already been used. Disabling parallelism to avoid deadlocks...
To disable this warning, you can either:
	- Avoid using `tokenizers` before the fork if possible
	- Explicitly set the environment variable TOKENIZERS_PARALLELISM=(true | false)
huggingface/tokenizers: The current process just got forked, after parallelism has already been used. Disabling parallelism to avoid deadlocks...
To disable this warning, you can either:
	- Avoid using `tokenizers` before the fork if possible
	- Explicitly set the environment variable TOKENIZERS_PARALLELISM=(true | false)
Epoch: [12]  [   0/5625]  eta: 8:59:38  lr: 0.000008  train_loss: 0.1344 (0.1344)  train_iou: 0.7315 (0.7315)  time: 5.7561  data: 4.4472  max mem: 31528
Epoch: [12]  [  20/5625]  eta: 1:53:42  lr: 0.000008  train_loss: 0.1287 (0.1483)  train_iou: 0.6701 (0.6863)  time: 0.9902  data: 0.0006  max mem: 31528
Epoch: [12]  [  40/5625]  eta: 1:42:41  lr: 0.000008  train_loss: 0.1082 (0.1459)  train_iou: 0.6856 (0.6755)  time: 0.9835  data: 0.0006  max mem: 31528
Epoch: [12]  [  60/5625]  eta: 1:38:33  lr: 0.000008  train_loss: 0.1042 (0.1499)  train_iou: 0.5594 (0.6603)  time: 0.9795  data: 0.0005  max mem: 31528
Epoch: [12]  [  80/5625]  eta: 1:36:21  lr: 0.000008  train_loss: 0.1005 (0.1535)  train_iou: 0.6551 (0.6665)  time: 0.9816  data: 0.0004  max mem: 31528
Epoch: [12]  [ 100/5625]  eta: 1:34:50  lr: 0.000008  train_loss: 0.1416 (0.1549)  train_iou: 0.6592 (0.6672)  time: 0.9790  data: 0.0004  max mem: 31528
Epoch: [12]  [ 120/5625]  eta: 1:33:46  lr: 0.000008  train_loss: 0.1461 (0.1591)  train_iou: 0.6943 (0.6714)  time: 0.9815  data: 0.0004  max mem: 31528
Epoch: [12]  [ 140/5625]  eta: 1:32:54  lr: 0.000008  train_loss: 0.1284 (0.1632)  train_iou: 0.6838 (0.6685)  time: 0.9817  data: 0.0004  max mem: 31528
Epoch: [12]  [ 160/5625]  eta: 1:32:11  lr: 0.000008  train_loss: 0.1147 (0.1630)  train_iou: 0.6493 (0.6659)  time: 0.9833  data: 0.0004  max mem: 31528
Epoch: [12]  [ 180/5625]  eta: 1:31:34  lr: 0.000008  train_loss: 0.1382 (0.1685)  train_iou: 0.6643 (0.6641)  time: 0.9840  data: 0.0004  max mem: 31528
Epoch: [12]  [ 200/5625]  eta: 1:31:01  lr: 0.000008  train_loss: 0.2515 (0.1743)  train_iou: 0.6786 (0.6609)  time: 0.9861  data: 0.0004  max mem: 31528
Epoch: [12]  [ 220/5625]  eta: 1:30:28  lr: 0.000008  train_loss: 0.1022 (0.1725)  train_iou: 0.6575 (0.6620)  time: 0.9808  data: 0.0004  max mem: 31528
Epoch: [12]  [ 240/5625]  eta: 1:29:59  lr: 0.000008  train_loss: 0.1304 (0.1782)  train_iou: 0.6777 (0.6614)  time: 0.9830  data: 0.0004  max mem: 31528
Epoch: [12]  [ 260/5625]  eta: 1:29:32  lr: 0.000008  train_loss: 0.0991 (0.1735)  train_iou: 0.7204 (0.6656)  time: 0.9856  data: 0.0004  max mem: 31528
Epoch: [12]  [ 280/5625]  eta: 1:29:06  lr: 0.000008  train_loss: 0.1541 (0.1759)  train_iou: 0.6684 (0.6637)  time: 0.9863  data: 0.0004  max mem: 31528
Epoch: [12]  [ 300/5625]  eta: 1:28:42  lr: 0.000008  train_loss: 0.1416 (0.1771)  train_iou: 0.6398 (0.6607)  time: 0.9895  data: 0.0004  max mem: 31528
Epoch: [12]  [ 320/5625]  eta: 1:28:20  lr: 0.000008  train_loss: 0.0942 (0.1756)  train_iou: 0.6477 (0.6610)  time: 0.9918  data: 0.0004  max mem: 31528
Epoch: [12]  [ 340/5625]  eta: 1:27:56  lr: 0.000008  train_loss: 0.1929 (0.1807)  train_iou: 0.6535 (0.6611)  time: 0.9878  data: 0.0004  max mem: 31528
Epoch: [12]  [ 360/5625]  eta: 1:27:31  lr: 0.000008  train_loss: 0.1434 (0.1821)  train_iou: 0.6347 (0.6583)  time: 0.9793  data: 0.0005  max mem: 31528
Epoch: [12]  [ 380/5625]  eta: 1:27:08  lr: 0.000008  train_loss: 0.0949 (0.1789)  train_iou: 0.6895 (0.6601)  time: 0.9892  data: 0.0004  max mem: 31528
Epoch: [12]  [ 400/5625]  eta: 1:26:46  lr: 0.000008  train_loss: 0.1038 (0.1773)  train_iou: 0.6344 (0.6582)  time: 0.9859  data: 0.0004  max mem: 31528
Epoch: [12]  [ 420/5625]  eta: 1:26:23  lr: 0.000008  train_loss: 0.0983 (0.1760)  train_iou: 0.6887 (0.6601)  time: 0.9846  data: 0.0005  max mem: 31528
Epoch: [12]  [ 440/5625]  eta: 1:26:00  lr: 0.000008  train_loss: 0.1116 (0.1741)  train_iou: 0.6631 (0.6596)  time: 0.9824  data: 0.0004  max mem: 31528
Epoch: [12]  [ 460/5625]  eta: 1:25:42  lr: 0.000008  train_loss: 0.0986 (0.1722)  train_iou: 0.6350 (0.6591)  time: 1.0054  data: 0.0005  max mem: 31528
Epoch: [12]  [ 480/5625]  eta: 1:25:23  lr: 0.000008  train_loss: 0.1651 (0.1737)  train_iou: 0.6216 (0.6583)  time: 0.9994  data: 0.0004  max mem: 31528
Epoch: [12]  [ 500/5625]  eta: 1:25:05  lr: 0.000008  train_loss: 0.1464 (0.1732)  train_iou: 0.7378 (0.6586)  time: 1.0034  data: 0.0004  max mem: 31528
Epoch: [12]  [ 520/5625]  eta: 1:24:45  lr: 0.000008  train_loss: 0.1205 (0.1738)  train_iou: 0.6467 (0.6580)  time: 0.9988  data: 0.0004  max mem: 31528
Epoch: [12]  [ 540/5625]  eta: 1:24:25  lr: 0.000008  train_loss: 0.1057 (0.1738)  train_iou: 0.6026 (0.6568)  time: 0.9952  data: 0.0004  max mem: 31528
Epoch: [12]  [ 560/5625]  eta: 1:24:04  lr: 0.000008  train_loss: 0.1121 (0.1731)  train_iou: 0.6618 (0.6578)  time: 0.9880  data: 0.0004  max mem: 31528
Epoch: [12]  [ 580/5625]  eta: 1:23:42  lr: 0.000008  train_loss: 0.2201 (0.1743)  train_iou: 0.6088 (0.6568)  time: 0.9877  data: 0.0004  max mem: 31528
Epoch: [12]  [ 600/5625]  eta: 1:23:22  lr: 0.000008  train_loss: 0.0964 (0.1742)  train_iou: 0.6603 (0.6562)  time: 0.9954  data: 0.0005  max mem: 31528
Epoch: [12]  [ 620/5625]  eta: 1:23:02  lr: 0.000008  train_loss: 0.1295 (0.1742)  train_iou: 0.6112 (0.6553)  time: 0.9909  data: 0.0004  max mem: 31528
Epoch: [12]  [ 640/5625]  eta: 1:22:41  lr: 0.000008  train_loss: 0.1370 (0.1739)  train_iou: 0.5655 (0.6534)  time: 0.9931  data: 0.0004  max mem: 31528
Epoch: [12]  [ 660/5625]  eta: 1:22:22  lr: 0.000008  train_loss: 0.2007 (0.1762)  train_iou: 0.6388 (0.6525)  time: 0.9994  data: 0.0004  max mem: 31528
Epoch: [12]  [ 680/5625]  eta: 1:22:03  lr: 0.000008  train_loss: 0.1362 (0.1764)  train_iou: 0.6718 (0.6526)  time: 0.9977  data: 0.0004  max mem: 31528
Epoch: [12]  [ 700/5625]  eta: 1:21:42  lr: 0.000008  train_loss: 0.1425 (0.1777)  train_iou: 0.6207 (0.6524)  time: 0.9893  data: 0.0004  max mem: 31528
Epoch: [12]  [ 720/5625]  eta: 1:21:21  lr: 0.000008  train_loss: 0.1245 (0.1768)  train_iou: 0.6643 (0.6532)  time: 0.9920  data: 0.0004  max mem: 31528
Epoch: [12]  [ 740/5625]  eta: 1:21:03  lr: 0.000008  train_loss: 0.1355 (0.1769)  train_iou: 0.6419 (0.6530)  time: 1.0069  data: 0.0004  max mem: 31528
Epoch: [12]  [ 760/5625]  eta: 1:20:43  lr: 0.000008  train_loss: 0.1062 (0.1762)  train_iou: 0.6637 (0.6538)  time: 0.9926  data: 0.0004  max mem: 31528
Epoch: [12]  [ 780/5625]  eta: 1:20:22  lr: 0.000008  train_loss: 0.1241 (0.1757)  train_iou: 0.7282 (0.6545)  time: 0.9914  data: 0.0004  max mem: 31528
Epoch: [12]  [ 800/5625]  eta: 1:20:00  lr: 0.000008  train_loss: 0.1583 (0.1763)  train_iou: 0.6384 (0.6541)  time: 0.9748  data: 0.0004  max mem: 31528
Epoch: [12]  [ 820/5625]  eta: 1:19:38  lr: 0.000008  train_loss: 0.1670 (0.1765)  train_iou: 0.6408 (0.6537)  time: 0.9755  data: 0.0004  max mem: 31528
Epoch: [12]  [ 840/5625]  eta: 1:19:16  lr: 0.000008  train_loss: 0.1153 (0.1763)  train_iou: 0.6527 (0.6541)  time: 0.9776  data: 0.0004  max mem: 31528
Epoch: [12]  [ 860/5625]  eta: 1:18:54  lr: 0.000008  train_loss: 0.1218 (0.1755)  train_iou: 0.6144 (0.6543)  time: 0.9763  data: 0.0004  max mem: 31528
Epoch: [12]  [ 880/5625]  eta: 1:18:33  lr: 0.000008  train_loss: 0.1210 (0.1759)  train_iou: 0.6871 (0.6550)  time: 0.9803  data: 0.0004  max mem: 31528
Epoch: [12]  [ 900/5625]  eta: 1:18:12  lr: 0.000008  train_loss: 0.1610 (0.1761)  train_iou: 0.6701 (0.6556)  time: 0.9809  data: 0.0004  max mem: 31528
Epoch: [12]  [ 920/5625]  eta: 1:17:50  lr: 0.000008  train_loss: 0.1348 (0.1764)  train_iou: 0.5731 (0.6552)  time: 0.9758  data: 0.0004  max mem: 31528
Epoch: [12]  [ 940/5625]  eta: 1:17:29  lr: 0.000008  train_loss: 0.1046 (0.1762)  train_iou: 0.6696 (0.6555)  time: 0.9776  data: 0.0004  max mem: 31528
Epoch: [12]  [ 960/5625]  eta: 1:17:07  lr: 0.000008  train_loss: 0.1083 (0.1754)  train_iou: 0.7231 (0.6569)  time: 0.9723  data: 0.0004  max mem: 31528
Epoch: [12]  [ 980/5625]  eta: 1:16:45  lr: 0.000008  train_loss: 0.1125 (0.1754)  train_iou: 0.6186 (0.6567)  time: 0.9711  data: 0.0004  max mem: 31528
Epoch: [12]  [1000/5625]  eta: 1:16:23  lr: 0.000008  train_loss: 0.1054 (0.1746)  train_iou: 0.6522 (0.6563)  time: 0.9705  data: 0.0004  max mem: 31528
Epoch: [12]  [1020/5625]  eta: 1:16:02  lr: 0.000008  train_loss: 0.1176 (0.1744)  train_iou: 0.6347 (0.6559)  time: 0.9793  data: 0.0004  max mem: 31528
Epoch: [12]  [1040/5625]  eta: 1:15:41  lr: 0.000008  train_loss: 0.1414 (0.1747)  train_iou: 0.7319 (0.6565)  time: 0.9728  data: 0.0004  max mem: 31528
Epoch: [12]  [1060/5625]  eta: 1:15:20  lr: 0.000008  train_loss: 0.1119 (0.1741)  train_iou: 0.6492 (0.6558)  time: 0.9780  data: 0.0004  max mem: 31528
Epoch: [12]  [1080/5625]  eta: 1:14:59  lr: 0.000008  train_loss: 0.1362 (0.1736)  train_iou: 0.5786 (0.6551)  time: 0.9727  data: 0.0005  max mem: 31528
Epoch: [12]  [1100/5625]  eta: 1:14:38  lr: 0.000008  train_loss: 0.1131 (0.1735)  train_iou: 0.6683 (0.6560)  time: 0.9728  data: 0.0004  max mem: 31528
Epoch: [12]  [1120/5625]  eta: 1:14:16  lr: 0.000008  train_loss: 0.1431 (0.1737)  train_iou: 0.7188 (0.6570)  time: 0.9717  data: 0.0004  max mem: 31528
Epoch: [12]  [1140/5625]  eta: 1:13:55  lr: 0.000008  train_loss: 0.1304 (0.1735)  train_iou: 0.6664 (0.6570)  time: 0.9715  data: 0.0004  max mem: 31528
Epoch: [12]  [1160/5625]  eta: 1:13:34  lr: 0.000008  train_loss: 0.1248 (0.1737)  train_iou: 0.6683 (0.6573)  time: 0.9762  data: 0.0004  max mem: 31528
Epoch: [12]  [1180/5625]  eta: 1:13:14  lr: 0.000008  train_loss: 0.1091 (0.1731)  train_iou: 0.6529 (0.6572)  time: 0.9747  data: 0.0004  max mem: 31528
Epoch: [12]  [1200/5625]  eta: 1:12:52  lr: 0.000008  train_loss: 0.1006 (0.1730)  train_iou: 0.6751 (0.6579)  time: 0.9692  data: 0.0004  max mem: 31528
Epoch: [12]  [1220/5625]  eta: 1:12:32  lr: 0.000008  train_loss: 0.1328 (0.1728)  train_iou: 0.7325 (0.6585)  time: 0.9772  data: 0.0004  max mem: 31528
Epoch: [12]  [1240/5625]  eta: 1:12:11  lr: 0.000008  train_loss: 0.1508 (0.1730)  train_iou: 0.6601 (0.6586)  time: 0.9758  data: 0.0004  max mem: 31528
Epoch: [12]  [1260/5625]  eta: 1:11:51  lr: 0.000008  train_loss: 0.1243 (0.1728)  train_iou: 0.6181 (0.6580)  time: 0.9755  data: 0.0004  max mem: 31528
Epoch: [12]  [1280/5625]  eta: 1:11:30  lr: 0.000008  train_loss: 0.1032 (0.1723)  train_iou: 0.6801 (0.6583)  time: 0.9717  data: 0.0004  max mem: 31528
Epoch: [12]  [1300/5625]  eta: 1:11:10  lr: 0.000008  train_loss: 0.1246 (0.1727)  train_iou: 0.6790 (0.6584)  time: 0.9821  data: 0.0004  max mem: 31528
Epoch: [12]  [1320/5625]  eta: 1:10:49  lr: 0.000008  train_loss: 0.1218 (0.1737)  train_iou: 0.6768 (0.6587)  time: 0.9797  data: 0.0004  max mem: 31528
Epoch: [12]  [1340/5625]  eta: 1:10:39  lr: 0.000008  train_loss: 0.1735 (0.1738)  train_iou: 0.6374 (0.6585)  time: 1.1361  data: 0.0004  max mem: 31528
Epoch: [12]  [1360/5625]  eta: 1:10:18  lr: 0.000008  train_loss: 0.1035 (0.1737)  train_iou: 0.6090 (0.6580)  time: 0.9745  data: 0.0004  max mem: 31528
Epoch: [12]  [1380/5625]  eta: 1:09:58  lr: 0.000008  train_loss: 0.1067 (0.1735)  train_iou: 0.7006 (0.6585)  time: 0.9748  data: 0.0004  max mem: 31528
Epoch: [12]  [1400/5625]  eta: 1:09:37  lr: 0.000008  train_loss: 0.1416 (0.1735)  train_iou: 0.6699 (0.6583)  time: 0.9722  data: 0.0004  max mem: 31528
Epoch: [12]  [1420/5625]  eta: 1:09:16  lr: 0.000008  train_loss: 0.1049 (0.1731)  train_iou: 0.6635 (0.6583)  time: 0.9705  data: 0.0004  max mem: 31528
Epoch: [12]  [1440/5625]  eta: 1:08:56  lr: 0.000008  train_loss: 0.1745 (0.1736)  train_iou: 0.6748 (0.6586)  time: 0.9765  data: 0.0004  max mem: 31528
Epoch: [12]  [1460/5625]  eta: 1:08:35  lr: 0.000008  train_loss: 0.1105 (0.1734)  train_iou: 0.6661 (0.6590)  time: 0.9762  data: 0.0004  max mem: 31528
Epoch: [12]  [1480/5625]  eta: 1:08:15  lr: 0.000008  train_loss: 0.1696 (0.1739)  train_iou: 0.6642 (0.6591)  time: 0.9728  data: 0.0004  max mem: 31528
Epoch: [12]  [1500/5625]  eta: 1:07:54  lr: 0.000008  train_loss: 0.1016 (0.1733)  train_iou: 0.6364 (0.6590)  time: 0.9716  data: 0.0004  max mem: 31528
Epoch: [12]  [1520/5625]  eta: 1:07:33  lr: 0.000008  train_loss: 0.1100 (0.1730)  train_iou: 0.6389 (0.6592)  time: 0.9737  data: 0.0004  max mem: 31528
Epoch: [12]  [1540/5625]  eta: 1:07:13  lr: 0.000008  train_loss: 0.1738 (0.1733)  train_iou: 0.5811 (0.6588)  time: 0.9721  data: 0.0004  max mem: 31528
Epoch: [12]  [1560/5625]  eta: 1:06:53  lr: 0.000008  train_loss: 0.0898 (0.1727)  train_iou: 0.6998 (0.6596)  time: 0.9776  data: 0.0004  max mem: 31528
Epoch: [12]  [1580/5625]  eta: 1:06:32  lr: 0.000008  train_loss: 0.1378 (0.1732)  train_iou: 0.6698 (0.6599)  time: 0.9750  data: 0.0004  max mem: 31528
Epoch: [12]  [1600/5625]  eta: 1:06:12  lr: 0.000008  train_loss: 0.1377 (0.1733)  train_iou: 0.6693 (0.6600)  time: 0.9744  data: 0.0004  max mem: 31528
Epoch: [12]  [1620/5625]  eta: 1:05:52  lr: 0.000008  train_loss: 0.2397 (0.1743)  train_iou: 0.5772 (0.6595)  time: 0.9792  data: 0.0004  max mem: 31528
Epoch: [12]  [1640/5625]  eta: 1:05:32  lr: 0.000008  train_loss: 0.1385 (0.1747)  train_iou: 0.5752 (0.6591)  time: 0.9821  data: 0.0004  max mem: 31528
Epoch: [12]  [1660/5625]  eta: 1:05:12  lr: 0.000008  train_loss: 0.1248 (0.1747)  train_iou: 0.6971 (0.6594)  time: 0.9767  data: 0.0004  max mem: 31528
Epoch: [12]  [1680/5625]  eta: 1:04:51  lr: 0.000008  train_loss: 0.1567 (0.1747)  train_iou: 0.7223 (0.6601)  time: 0.9713  data: 0.0004  max mem: 31528
Epoch: [12]  [1700/5625]  eta: 1:04:31  lr: 0.000008  train_loss: 0.1121 (0.1744)  train_iou: 0.6334 (0.6601)  time: 0.9719  data: 0.0004  max mem: 31528
Epoch: [12]  [1720/5625]  eta: 1:04:10  lr: 0.000008  train_loss: 0.1149 (0.1744)  train_iou: 0.6759 (0.6599)  time: 0.9754  data: 0.0004  max mem: 31528
Epoch: [12]  [1740/5625]  eta: 1:03:50  lr: 0.000008  train_loss: 0.1594 (0.1745)  train_iou: 0.6443 (0.6597)  time: 0.9713  data: 0.0004  max mem: 31528
Epoch: [12]  [1760/5625]  eta: 1:03:30  lr: 0.000008  train_loss: 0.0927 (0.1741)  train_iou: 0.6517 (0.6591)  time: 0.9739  data: 0.0004  max mem: 31528
Epoch: [12]  [1780/5625]  eta: 1:03:09  lr: 0.000008  train_loss: 0.1340 (0.1744)  train_iou: 0.6411 (0.6588)  time: 0.9700  data: 0.0004  max mem: 31528
Epoch: [12]  [1800/5625]  eta: 1:02:49  lr: 0.000008  train_loss: 0.1148 (0.1742)  train_iou: 0.6513 (0.6589)  time: 0.9751  data: 0.0004  max mem: 31528
Epoch: [12]  [1820/5625]  eta: 1:02:29  lr: 0.000008  train_loss: 0.1468 (0.1745)  train_iou: 0.6815 (0.6590)  time: 0.9730  data: 0.0004  max mem: 31528
Epoch: [12]  [1840/5625]  eta: 1:02:09  lr: 0.000008  train_loss: 0.0962 (0.1741)  train_iou: 0.7185 (0.6596)  time: 0.9770  data: 0.0004  max mem: 31528
Epoch: [12]  [1860/5625]  eta: 1:01:49  lr: 0.000008  train_loss: 0.1667 (0.1741)  train_iou: 0.6674 (0.6596)  time: 0.9719  data: 0.0004  max mem: 31528
Epoch: [12]  [1880/5625]  eta: 1:01:29  lr: 0.000008  train_loss: 0.1516 (0.1742)  train_iou: 0.6795 (0.6599)  time: 0.9737  data: 0.0004  max mem: 31528
Epoch: [12]  [1900/5625]  eta: 1:01:08  lr: 0.000008  train_loss: 0.1214 (0.1739)  train_iou: 0.6756 (0.6601)  time: 0.9711  data: 0.0004  max mem: 31528
Epoch: [12]  [1920/5625]  eta: 1:00:48  lr: 0.000008  train_loss: 0.1483 (0.1741)  train_iou: 0.6315 (0.6599)  time: 0.9732  data: 0.0004  max mem: 31528
Epoch: [12]  [1940/5625]  eta: 1:00:28  lr: 0.000008  train_loss: 0.1223 (0.1743)  train_iou: 0.6396 (0.6599)  time: 0.9732  data: 0.0004  max mem: 31528
Epoch: [12]  [1960/5625]  eta: 1:00:08  lr: 0.000008  train_loss: 0.1141 (0.1742)  train_iou: 0.6974 (0.6602)  time: 0.9701  data: 0.0004  max mem: 31528
Epoch: [12]  [1980/5625]  eta: 0:59:48  lr: 0.000008  train_loss: 0.1122 (0.1740)  train_iou: 0.6721 (0.6603)  time: 0.9751  data: 0.0004  max mem: 31528
Epoch: [12]  [2000/5625]  eta: 0:59:28  lr: 0.000008  train_loss: 0.1418 (0.1744)  train_iou: 0.6204 (0.6600)  time: 0.9745  data: 0.0004  max mem: 31528
Epoch: [12]  [2020/5625]  eta: 0:59:08  lr: 0.000008  train_loss: 0.1055 (0.1743)  train_iou: 0.6355 (0.6599)  time: 0.9738  data: 0.0004  max mem: 31528
Epoch: [12]  [2040/5625]  eta: 0:58:48  lr: 0.000008  train_loss: 0.1242 (0.1741)  train_iou: 0.6426 (0.6598)  time: 0.9757  data: 0.0004  max mem: 31528
Epoch: [12]  [2060/5625]  eta: 0:58:28  lr: 0.000008  train_loss: 0.1182 (0.1744)  train_iou: 0.6701 (0.6599)  time: 0.9730  data: 0.0004  max mem: 31528
Epoch: [12]  [2080/5625]  eta: 0:58:07  lr: 0.000008  train_loss: 0.1289 (0.1743)  train_iou: 0.6779 (0.6599)  time: 0.9707  data: 0.0004  max mem: 31528
Epoch: [12]  [2100/5625]  eta: 0:57:47  lr: 0.000008  train_loss: 0.1382 (0.1746)  train_iou: 0.6762 (0.6598)  time: 0.9731  data: 0.0004  max mem: 31528
Epoch: [12]  [2120/5625]  eta: 0:57:27  lr: 0.000008  train_loss: 0.1456 (0.1746)  train_iou: 0.6410 (0.6595)  time: 0.9715  data: 0.0005  max mem: 31528
Epoch: [12]  [2140/5625]  eta: 0:57:07  lr: 0.000008  train_loss: 0.1396 (0.1751)  train_iou: 0.6530 (0.6595)  time: 0.9776  data: 0.0004  max mem: 31528
Epoch: [12]  [2160/5625]  eta: 0:56:47  lr: 0.000008  train_loss: 0.1412 (0.1753)  train_iou: 0.5771 (0.6592)  time: 0.9748  data: 0.0004  max mem: 31528
Epoch: [12]  [2180/5625]  eta: 0:56:28  lr: 0.000008  train_loss: 0.1098 (0.1753)  train_iou: 0.6471 (0.6592)  time: 0.9776  data: 0.0004  max mem: 31528
Epoch: [12]  [2200/5625]  eta: 0:56:08  lr: 0.000008  train_loss: 0.1785 (0.1754)  train_iou: 0.6620 (0.6595)  time: 0.9732  data: 0.0004  max mem: 31528
Epoch: [12]  [2220/5625]  eta: 0:55:48  lr: 0.000008  train_loss: 0.1856 (0.1757)  train_iou: 0.6383 (0.6591)  time: 0.9768  data: 0.0004  max mem: 31528
Epoch: [12]  [2240/5625]  eta: 0:55:28  lr: 0.000008  train_loss: 0.1648 (0.1759)  train_iou: 0.6604 (0.6591)  time: 0.9735  data: 0.0004  max mem: 31528
Epoch: [12]  [2260/5625]  eta: 0:55:08  lr: 0.000008  train_loss: 0.2073 (0.1763)  train_iou: 0.6324 (0.6591)  time: 0.9739  data: 0.0004  max mem: 31528
Epoch: [12]  [2280/5625]  eta: 0:54:48  lr: 0.000008  train_loss: 0.1042 (0.1761)  train_iou: 0.6789 (0.6592)  time: 0.9734  data: 0.0004  max mem: 31528
Epoch: [12]  [2300/5625]  eta: 0:54:28  lr: 0.000008  train_loss: 0.1246 (0.1762)  train_iou: 0.6419 (0.6592)  time: 0.9763  data: 0.0004  max mem: 31528
Epoch: [12]  [2320/5625]  eta: 0:54:08  lr: 0.000008  train_loss: 0.1392 (0.1762)  train_iou: 0.6805 (0.6592)  time: 0.9772  data: 0.0004  max mem: 31528
Epoch: [12]  [2340/5625]  eta: 0:53:48  lr: 0.000008  train_loss: 0.1329 (0.1761)  train_iou: 0.6921 (0.6596)  time: 0.9753  data: 0.0004  max mem: 31528
Epoch: [12]  [2360/5625]  eta: 0:53:28  lr: 0.000008  train_loss: 0.1406 (0.1761)  train_iou: 0.6418 (0.6592)  time: 0.9729  data: 0.0004  max mem: 31528
Epoch: [12]  [2380/5625]  eta: 0:53:09  lr: 0.000008  train_loss: 0.1085 (0.1757)  train_iou: 0.6736 (0.6592)  time: 0.9788  data: 0.0004  max mem: 31528
Epoch: [12]  [2400/5625]  eta: 0:52:49  lr: 0.000008  train_loss: 0.1108 (0.1758)  train_iou: 0.6380 (0.6592)  time: 0.9752  data: 0.0004  max mem: 31528
Epoch: [12]  [2420/5625]  eta: 0:52:29  lr: 0.000008  train_loss: 0.1148 (0.1757)  train_iou: 0.6609 (0.6590)  time: 0.9723  data: 0.0004  max mem: 31528
Epoch: [12]  [2440/5625]  eta: 0:52:09  lr: 0.000008  train_loss: 0.1450 (0.1762)  train_iou: 0.6956 (0.6592)  time: 0.9735  data: 0.0004  max mem: 31528
Epoch: [12]  [2460/5625]  eta: 0:51:49  lr: 0.000008  train_loss: 0.1118 (0.1760)  train_iou: 0.6927 (0.6597)  time: 0.9750  data: 0.0004  max mem: 31528
Epoch: [12]  [2480/5625]  eta: 0:51:29  lr: 0.000008  train_loss: 0.1029 (0.1761)  train_iou: 0.6699 (0.6599)  time: 0.9700  data: 0.0004  max mem: 31528
Epoch: [12]  [2500/5625]  eta: 0:51:09  lr: 0.000008  train_loss: 0.1147 (0.1758)  train_iou: 0.7121 (0.6601)  time: 0.9800  data: 0.0004  max mem: 31528
Epoch: [12]  [2520/5625]  eta: 0:50:50  lr: 0.000008  train_loss: 0.1196 (0.1758)  train_iou: 0.7150 (0.6606)  time: 0.9944  data: 0.0004  max mem: 31528
Epoch: [12]  [2540/5625]  eta: 0:50:30  lr: 0.000008  train_loss: 0.1463 (0.1760)  train_iou: 0.6565 (0.6606)  time: 0.9759  data: 0.0004  max mem: 31528
Epoch: [12]  [2560/5625]  eta: 0:50:10  lr: 0.000008  train_loss: 0.1298 (0.1761)  train_iou: 0.6535 (0.6606)  time: 0.9725  data: 0.0004  max mem: 31528
Epoch: [12]  [2580/5625]  eta: 0:49:51  lr: 0.000008  train_loss: 0.1387 (0.1760)  train_iou: 0.6853 (0.6607)  time: 0.9748  data: 0.0004  max mem: 31528
Epoch: [12]  [2600/5625]  eta: 0:49:31  lr: 0.000008  train_loss: 0.0983 (0.1758)  train_iou: 0.6565 (0.6606)  time: 0.9770  data: 0.0004  max mem: 31528
Epoch: [12]  [2620/5625]  eta: 0:49:11  lr: 0.000008  train_loss: 0.1123 (0.1758)  train_iou: 0.6514 (0.6606)  time: 0.9747  data: 0.0004  max mem: 31528
Epoch: [12]  [2640/5625]  eta: 0:48:51  lr: 0.000008  train_loss: 0.2143 (0.1762)  train_iou: 0.6313 (0.6601)  time: 0.9762  data: 0.0004  max mem: 31528
slurmstepd: error: *** JOB 48370195 ON d1011 CANCELLED AT 2025-04-21T08:39:12 DUE TO TIME LIMIT ***
