Architecture:                       x86_64
CPU op-mode(s):                     32-bit, 64-bit
Address sizes:                      46 bits physical, 48 bits virtual
Byte Order:                         Little Endian
CPU(s):                             28
On-line CPU(s) list:                0-27
Vendor ID:                          GenuineIntel
Model name:                         Intel(R) Xeon(R) Gold 6132 CPU @ 2.60GHz
CPU family:                         6
Model:                              85
Thread(s) per core:                 1
Core(s) per socket:                 14
Socket(s):                          2
Stepping:                           4
CPU max MHz:                        3700.0000
CPU min MHz:                        1000.0000
BogoMIPS:                           5200.00
Flags:                              fpu vme de pse tsc msr pae mce cx8 apic sep mtrr pge mca cmov pat pse36 clflush dts acpi mmx fxsr sse sse2 ss ht tm pbe syscall nx pdpe1gb rdtscp lm constant_tsc art arch_perfmon pebs bts rep_good nopl xtopology nonstop_tsc cpuid aperfmperf pni pclmulqdq dtes64 monitor ds_cpl smx est tm2 ssse3 sdbg fma cx16 xtpr pdcm pcid dca sse4_1 sse4_2 x2apic movbe popcnt tsc_deadline_timer aes xsave avx f16c rdrand lahf_lm abm 3dnowprefetch cpuid_fault epb cat_l3 cdp_l3 invpcid_single pti intel_ppin ssbd mba ibrs ibpb stibp fsgsbase tsc_adjust bmi1 hle avx2 smep bmi2 erms invpcid rtm cqm mpx rdt_a avx512f avx512dq rdseed adx smap clflushopt clwb intel_pt avx512cd avx512bw avx512vl xsaveopt xsavec xgetbv1 xsaves cqm_llc cqm_occup_llc cqm_mbm_total cqm_mbm_local dtherm ida arat pln pts pku ospke md_clear flush_l1d arch_capabilities
L1d cache:                          896 KiB (28 instances)
L1i cache:                          896 KiB (28 instances)
L2 cache:                           28 MiB (28 instances)
L3 cache:                           38.5 MiB (2 instances)
NUMA node(s):                       2
NUMA node0 CPU(s):                  0,2,4,6,8,10,12,14,16,18,20,22,24,26
NUMA node1 CPU(s):                  1,3,5,7,9,11,13,15,17,19,21,23,25,27
Vulnerability Gather data sampling: Mitigation; Microcode
Vulnerability Itlb multihit:        KVM: Mitigation: VMX unsupported
Vulnerability L1tf:                 Mitigation; PTE Inversion
Vulnerability Mds:                  Mitigation; Clear CPU buffers; SMT disabled
Vulnerability Meltdown:             Mitigation; PTI
Vulnerability Mmio stale data:      Mitigation; Clear CPU buffers; SMT disabled
Vulnerability Retbleed:             Mitigation; IBRS
Vulnerability Spec rstack overflow: Not affected
Vulnerability Spec store bypass:    Mitigation; Speculative Store Bypass disabled via prctl
Vulnerability Spectre v1:           Mitigation; usercopy/swapgs barriers and __user pointer sanitization
Vulnerability Spectre v2:           Mitigation; IBRS, IBPB conditional, RSB filling, PBRSB-eIBRS Not affected
Vulnerability Srbds:                Not affected
Vulnerability Tsx async abort:      Mitigation; Clear CPU buffers; SMT disabled
Sat Apr 19 16:44:47 2025       
+---------------------------------------------------------------------------------------+
| NVIDIA-SMI 545.23.08              Driver Version: 545.23.08    CUDA Version: 12.3     |
|-----------------------------------------+----------------------+----------------------+
| GPU  Name                 Persistence-M | Bus-Id        Disp.A | Volatile Uncorr. ECC |
| Fan  Temp   Perf          Pwr:Usage/Cap |         Memory-Usage | GPU-Util  Compute M. |
|                                         |                      |               MIG M. |
|=========================================+======================+======================|
|   0  Tesla V100-SXM2-32GB           On  | 00000000:3B:00.0 Off |                    0 |
| N/A   36C    P0              43W / 300W |      0MiB / 32768MiB |      0%      Default |
|                                         |                      |                  N/A |
+-----------------------------------------+----------------------+----------------------+
                                                                                         
+---------------------------------------------------------------------------------------+
| Processes:                                                                            |
|  GPU   GI   CI        PID   Type   Process name                            GPU Memory |
|        ID   ID                                                             Usage      |
|=======================================================================================|
|  No running processes found                                                           |
+---------------------------------------------------------------------------------------+
/home/akula.ha/.conda/envs/refseg/lib/python3.10/site-packages/torch/distributed/launch.py:181: FutureWarning: The module torch.distributed.launch is deprecated
and will be removed in future. Use torchrun.
Note that --use-env is set by default in torchrun.
If your script expects `--local-rank` argument to be set, please
change it to read from `os.environ['LOCAL_RANK']` instead. See 
https://pytorch.org/docs/stable/distributed.html#launch-utility for 
further instructions

  warnings.warn(
| distributed init (rank 0): env://
Namespace(batch_size=8, epochs=50, model='ReMamber_Conv_PEFT', pretrain_path='./pretrain', input_size=480, drop=0.0, drop_path=0.1, model_ema=False, model_ema_decay=0.9999, model_ema_force_cpu=False, opt='adamw', opt_eps=1e-08, opt_betas=None, clip_grad=None, momentum=0.9, weight_decay=0.0001, sched='cosine', lr=9e-06, lr_decoder=5e-05, lr_backbone=2.5e-05, lr_vssm=2.5e-05, warmup_lr=1e-06, min_lr=1e-06, decay_epochs=30, warmup_epochs=0, cooldown_epochs=10, patience_epochs=10, decay_rate=0.1, train_mode=True, finetune='pretrain/ReMamber_Conv.pth', data_path='./ref_dataset/data', data_set='refzom', output_dir='./outputs', device='cuda', seed=0, resume='', start_epoch=0, eval=False, dist_eval=False, num_workers=8, pin_mem=True, distributed=True, world_size=1, dist_url='env://', if_amp=True, debug_mode=False, local_rank=0, model_title='model', logging='model', decoder_adapter=False, continue_lr=None, rank=0, gpu=0, dist_backend='nccl')
True val
./ref_dataset/data refzom zom
loading dataset refzom into memory...
creating index...
index created.
DONE (t=10.24s)
Preparing dataset ......
False val
./ref_dataset/data refzom zom
loading dataset refzom into memory...
creating index...
index created.
DONE (t=10.46s)
Preparing dataset ......
length of train set: 57624
length of val set: 15406
/home/akula.ha/.conda/envs/refseg/lib/python3.10/site-packages/torch/utils/data/dataloader.py:557: UserWarning: This DataLoader will create 8 worker processes in total. Our suggested max number of worker in current system is 1, which is smaller than what this DataLoader is going to create. Please be aware that excessive worker creation might get DataLoader running slow or even freeze, lower the worker number to avoid potential slowness/freeze if necessary.
  warnings.warn(_create_warning_msg(
Creating model: ReMamber_Conv_PEFT
kwargs {'use_adapters': False}
Training the full decoder
False
number of params: 17193760
Model id is - model:330c832c
length of train set: 45000
length of val set: 4000
Start training for 50 epochs
Learning rate: 9e-06
/home/akula.ha/.conda/envs/refseg/lib/python3.10/site-packages/torch/autograd/__init__.py:251: UserWarning: Grad strides do not match bucket view strides. This may indicate grad was not created according to the gradient layout contract, or that the param's strides changed since DDP was constructed.  This is not an error, but may impair performance.
grad.sizes() = [512, 768, 1, 1], strides() = [768, 1, 768, 768]
bucket_view.sizes() = [512, 768, 1, 1], strides() = [768, 1, 1, 1] (Triggered internally at ../torch/csrc/distributed/c10d/reducer.cpp:320.)
  Variable._execution_engine.run_backward(  # Calls into the C++ engine to run the backward pass
Epoch: [0]  [   0/5625]  eta: 1 day, 17:37:55  lr: 0.000009  train_loss: 10.7328 (10.7328)  train_iou: 0.3129 (0.3129)  time: 26.6445  data: 6.8445  max mem: 31176
Epoch: [0]  [  20/5625]  eta: 3:34:58  lr: 0.000009  train_loss: 3.1468 (4.2722)  train_iou: 0.3636 (0.3714)  time: 1.0841  data: 0.0006  max mem: 31176
Epoch: [0]  [  40/5625]  eta: 2:39:01  lr: 0.000009  train_loss: 1.9269 (3.2298)  train_iou: 0.2373 (0.3106)  time: 1.0858  data: 0.0005  max mem: 31176
Epoch: [0]  [  60/5625]  eta: 2:18:51  lr: 0.000009  train_loss: 1.5823 (2.8365)  train_iou: 0.3196 (0.3204)  time: 1.0641  data: 0.0005  max mem: 31176
Epoch: [0]  [  80/5625]  eta: 2:08:52  lr: 0.000009  train_loss: 1.2804 (2.4807)  train_iou: 0.2866 (0.3110)  time: 1.0813  data: 0.0005  max mem: 31176
Epoch: [0]  [ 100/5625]  eta: 2:02:37  lr: 0.000009  train_loss: 1.2130 (2.2477)  train_iou: 0.3489 (0.3210)  time: 1.0774  data: 0.0005  max mem: 31176
Epoch: [0]  [ 120/5625]  eta: 1:58:19  lr: 0.000009  train_loss: 1.0059 (2.0492)  train_iou: 0.3532 (0.3300)  time: 1.0772  data: 0.0006  max mem: 31176
Epoch: [0]  [ 140/5625]  eta: 1:55:02  lr: 0.000009  train_loss: 0.8869 (1.8947)  train_iou: 0.3408 (0.3343)  time: 1.0696  data: 0.0005  max mem: 31176
Epoch: [0]  [ 160/5625]  eta: 1:52:16  lr: 0.000009  train_loss: 1.0310 (1.7955)  train_iou: 0.3548 (0.3380)  time: 1.0514  data: 0.0005  max mem: 31176
Epoch: [0]  [ 180/5625]  eta: 1:50:01  lr: 0.000009  train_loss: 0.7846 (1.6976)  train_iou: 0.4247 (0.3458)  time: 1.0486  data: 0.0005  max mem: 31176
Epoch: [0]  [ 200/5625]  eta: 1:48:06  lr: 0.000009  train_loss: 0.8091 (1.6129)  train_iou: 0.4184 (0.3529)  time: 1.0448  data: 0.0005  max mem: 31176
Epoch: [0]  [ 220/5625]  eta: 1:46:34  lr: 0.000009  train_loss: 0.8093 (1.5458)  train_iou: 0.3673 (0.3547)  time: 1.0562  data: 0.0005  max mem: 31176
Epoch: [0]  [ 240/5625]  eta: 1:45:12  lr: 0.000009  train_loss: 0.8703 (1.4947)  train_iou: 0.3537 (0.3579)  time: 1.0517  data: 0.0005  max mem: 31176
Epoch: [0]  [ 260/5625]  eta: 1:44:05  lr: 0.000009  train_loss: 0.8352 (1.4479)  train_iou: 0.4464 (0.3632)  time: 1.0667  data: 0.0005  max mem: 31176
Epoch: [0]  [ 280/5625]  eta: 1:43:01  lr: 0.000009  train_loss: 0.7969 (1.4046)  train_iou: 0.3579 (0.3650)  time: 1.0584  data: 0.0005  max mem: 31176
Epoch: [0]  [ 300/5625]  eta: 1:42:01  lr: 0.000009  train_loss: 0.8064 (1.3688)  train_iou: 0.3663 (0.3661)  time: 1.0516  data: 0.0005  max mem: 31176
Epoch: [0]  [ 320/5625]  eta: 1:41:08  lr: 0.000009  train_loss: 0.6837 (1.3279)  train_iou: 0.4801 (0.3727)  time: 1.0576  data: 0.0005  max mem: 31176
Epoch: [0]  [ 340/5625]  eta: 1:40:15  lr: 0.000009  train_loss: 0.7054 (1.2936)  train_iou: 0.4671 (0.3782)  time: 1.0483  data: 0.0005  max mem: 31176
Epoch: [0]  [ 360/5625]  eta: 1:39:26  lr: 0.000009  train_loss: 0.7685 (1.2670)  train_iou: 0.3777 (0.3786)  time: 1.0487  data: 0.0005  max mem: 31176
Epoch: [0]  [ 380/5625]  eta: 1:38:41  lr: 0.000009  train_loss: 0.7250 (1.2413)  train_iou: 0.4111 (0.3814)  time: 1.0499  data: 0.0005  max mem: 31176
Epoch: [0]  [ 400/5625]  eta: 1:37:56  lr: 0.000009  train_loss: 0.7032 (1.2169)  train_iou: 0.4092 (0.3853)  time: 1.0431  data: 0.0005  max mem: 31176
Epoch: [0]  [ 420/5625]  eta: 1:37:15  lr: 0.000009  train_loss: 0.7108 (1.1969)  train_iou: 0.4046 (0.3861)  time: 1.0519  data: 0.0005  max mem: 31176
Epoch: [0]  [ 440/5625]  eta: 1:36:37  lr: 0.000009  train_loss: 0.6779 (1.1747)  train_iou: 0.4389 (0.3891)  time: 1.0544  data: 0.0005  max mem: 31176
Epoch: [0]  [ 460/5625]  eta: 1:35:59  lr: 0.000009  train_loss: 0.7163 (1.1551)  train_iou: 0.4756 (0.3925)  time: 1.0474  data: 0.0005  max mem: 31176
Epoch: [0]  [ 480/5625]  eta: 1:35:21  lr: 0.000009  train_loss: 0.6948 (1.1346)  train_iou: 0.4766 (0.3975)  time: 1.0427  data: 0.0005  max mem: 31176
Epoch: [0]  [ 500/5625]  eta: 1:34:46  lr: 0.000009  train_loss: 0.7568 (1.1191)  train_iou: 0.4111 (0.3983)  time: 1.0515  data: 0.0005  max mem: 31176
Epoch: [0]  [ 520/5625]  eta: 1:34:14  lr: 0.000009  train_loss: 0.7596 (1.1053)  train_iou: 0.4332 (0.4004)  time: 1.0568  data: 0.0005  max mem: 31176
Epoch: [0]  [ 540/5625]  eta: 1:33:41  lr: 0.000009  train_loss: 0.7074 (1.0960)  train_iou: 0.4767 (0.4023)  time: 1.0476  data: 0.0005  max mem: 31176
Epoch: [0]  [ 560/5625]  eta: 1:33:08  lr: 0.000009  train_loss: 0.7111 (1.0830)  train_iou: 0.4358 (0.4050)  time: 1.0485  data: 0.0005  max mem: 31176
Epoch: [0]  [ 580/5625]  eta: 1:32:38  lr: 0.000009  train_loss: 0.6696 (1.0726)  train_iou: 0.4831 (0.4071)  time: 1.0555  data: 0.0005  max mem: 31176
Epoch: [0]  [ 600/5625]  eta: 1:32:06  lr: 0.000009  train_loss: 0.6580 (1.0588)  train_iou: 0.4968 (0.4104)  time: 1.0438  data: 0.0005  max mem: 31176
Epoch: [0]  [ 620/5625]  eta: 1:31:36  lr: 0.000009  train_loss: 0.7293 (1.0505)  train_iou: 0.4017 (0.4100)  time: 1.0525  data: 0.0005  max mem: 31176
Epoch: [0]  [ 640/5625]  eta: 1:31:06  lr: 0.000009  train_loss: 0.6878 (1.0393)  train_iou: 0.4664 (0.4120)  time: 1.0450  data: 0.0005  max mem: 31176
Epoch: [0]  [ 660/5625]  eta: 1:30:38  lr: 0.000009  train_loss: 0.6710 (1.0282)  train_iou: 0.4562 (0.4141)  time: 1.0547  data: 0.0005  max mem: 31176
Epoch: [0]  [ 680/5625]  eta: 1:30:10  lr: 0.000009  train_loss: 0.7853 (1.0211)  train_iou: 0.4191 (0.4147)  time: 1.0566  data: 0.0005  max mem: 31176
Epoch: [0]  [ 700/5625]  eta: 1:29:41  lr: 0.000009  train_loss: 0.6659 (1.0117)  train_iou: 0.4806 (0.4162)  time: 1.0436  data: 0.0005  max mem: 31176
Epoch: [0]  [ 720/5625]  eta: 1:29:13  lr: 0.000009  train_loss: 0.7870 (1.0058)  train_iou: 0.4361 (0.4174)  time: 1.0420  data: 0.0005  max mem: 31176
Epoch: [0]  [ 740/5625]  eta: 1:28:44  lr: 0.000009  train_loss: 0.7545 (1.0024)  train_iou: 0.4399 (0.4183)  time: 1.0427  data: 0.0005  max mem: 31176
Epoch: [0]  [ 760/5625]  eta: 1:28:17  lr: 0.000009  train_loss: 0.6210 (0.9956)  train_iou: 0.4925 (0.4202)  time: 1.0427  data: 0.0005  max mem: 31176
Epoch: [0]  [ 780/5625]  eta: 1:27:49  lr: 0.000009  train_loss: 0.6237 (0.9886)  train_iou: 0.5001 (0.4222)  time: 1.0401  data: 0.0005  max mem: 31176
Epoch: [0]  [ 800/5625]  eta: 1:27:21  lr: 0.000009  train_loss: 0.6526 (0.9821)  train_iou: 0.4503 (0.4223)  time: 1.0386  data: 0.0005  max mem: 31176
Epoch: [0]  [ 820/5625]  eta: 1:26:54  lr: 0.000009  train_loss: 0.6884 (0.9758)  train_iou: 0.4683 (0.4232)  time: 1.0406  data: 0.0005  max mem: 31176
Epoch: [0]  [ 840/5625]  eta: 1:26:27  lr: 0.000009  train_loss: 0.6973 (0.9690)  train_iou: 0.4968 (0.4250)  time: 1.0401  data: 0.0005  max mem: 31176
Epoch: [0]  [ 860/5625]  eta: 1:26:02  lr: 0.000009  train_loss: 0.6455 (0.9627)  train_iou: 0.4924 (0.4264)  time: 1.0556  data: 0.0005  max mem: 31176
Epoch: [0]  [ 880/5625]  eta: 1:25:37  lr: 0.000009  train_loss: 0.6551 (0.9563)  train_iou: 0.4732 (0.4279)  time: 1.0480  data: 0.0005  max mem: 31176
Epoch: [0]  [ 900/5625]  eta: 1:25:12  lr: 0.000009  train_loss: 0.5640 (0.9484)  train_iou: 0.5619 (0.4306)  time: 1.0485  data: 0.0005  max mem: 31176
Epoch: [0]  [ 920/5625]  eta: 1:24:47  lr: 0.000009  train_loss: 0.6388 (0.9433)  train_iou: 0.4873 (0.4314)  time: 1.0576  data: 0.0005  max mem: 31176
Epoch: [0]  [ 940/5625]  eta: 1:24:23  lr: 0.000009  train_loss: 0.7301 (0.9393)  train_iou: 0.3945 (0.4318)  time: 1.0517  data: 0.0005  max mem: 31176
Epoch: [0]  [ 960/5625]  eta: 1:23:57  lr: 0.000009  train_loss: 0.6566 (0.9338)  train_iou: 0.5143 (0.4331)  time: 1.0412  data: 0.0005  max mem: 31176
Epoch: [0]  [ 980/5625]  eta: 1:23:34  lr: 0.000009  train_loss: 0.6256 (0.9279)  train_iou: 0.4909 (0.4343)  time: 1.0565  data: 0.0005  max mem: 31176
Epoch: [0]  [1000/5625]  eta: 1:23:09  lr: 0.000009  train_loss: 0.6271 (0.9227)  train_iou: 0.4970 (0.4353)  time: 1.0473  data: 0.0005  max mem: 31176
Epoch: [0]  [1020/5625]  eta: 1:22:44  lr: 0.000009  train_loss: 0.6921 (0.9175)  train_iou: 0.4712 (0.4362)  time: 1.0405  data: 0.0005  max mem: 31176
Epoch: [0]  [1040/5625]  eta: 1:22:19  lr: 0.000009  train_loss: 0.5401 (0.9118)  train_iou: 0.5544 (0.4378)  time: 1.0363  data: 0.0005  max mem: 31176
Epoch: [0]  [1060/5625]  eta: 1:21:54  lr: 0.000009  train_loss: 0.6718 (0.9078)  train_iou: 0.4726 (0.4384)  time: 1.0397  data: 0.0005  max mem: 31176
Epoch: [0]  [1080/5625]  eta: 1:21:29  lr: 0.000009  train_loss: 0.6528 (0.9045)  train_iou: 0.4807 (0.4393)  time: 1.0414  data: 0.0005  max mem: 31176
Epoch: [0]  [1100/5625]  eta: 1:21:17  lr: 0.000009  train_loss: 0.6413 (0.8995)  train_iou: 0.4601 (0.4402)  time: 1.1916  data: 0.0005  max mem: 31176
Epoch: [0]  [1120/5625]  eta: 1:20:53  lr: 0.000009  train_loss: 0.6361 (0.8949)  train_iou: 0.4800 (0.4412)  time: 1.0406  data: 0.0005  max mem: 31176
Epoch: [0]  [1140/5625]  eta: 1:20:29  lr: 0.000009  train_loss: 0.6655 (0.8909)  train_iou: 0.4630 (0.4420)  time: 1.0525  data: 0.0005  max mem: 31176
Epoch: [0]  [1160/5625]  eta: 1:20:06  lr: 0.000009  train_loss: 0.5271 (0.8851)  train_iou: 0.5432 (0.4437)  time: 1.0551  data: 0.0005  max mem: 31176
Epoch: [0]  [1180/5625]  eta: 1:19:42  lr: 0.000009  train_loss: 0.6218 (0.8802)  train_iou: 0.5517 (0.4455)  time: 1.0413  data: 0.0005  max mem: 31176
Epoch: [0]  [1200/5625]  eta: 1:19:19  lr: 0.000009  train_loss: 0.6115 (0.8768)  train_iou: 0.4551 (0.4460)  time: 1.0551  data: 0.0005  max mem: 31176
Epoch: [0]  [1220/5625]  eta: 1:18:55  lr: 0.000009  train_loss: 0.6394 (0.8732)  train_iou: 0.4788 (0.4468)  time: 1.0438  data: 0.0005  max mem: 31176
Epoch: [0]  [1240/5625]  eta: 1:18:32  lr: 0.000009  train_loss: 0.6626 (0.8693)  train_iou: 0.4905 (0.4477)  time: 1.0565  data: 0.0005  max mem: 31176
Epoch: [0]  [1260/5625]  eta: 1:18:09  lr: 0.000009  train_loss: 0.6788 (0.8659)  train_iou: 0.4743 (0.4482)  time: 1.0449  data: 0.0005  max mem: 31176
Epoch: [0]  [1280/5625]  eta: 1:17:46  lr: 0.000009  train_loss: 0.6637 (0.8630)  train_iou: 0.4705 (0.4485)  time: 1.0544  data: 0.0005  max mem: 31176
Epoch: [0]  [1300/5625]  eta: 1:17:23  lr: 0.000009  train_loss: 0.5935 (0.8592)  train_iou: 0.4905 (0.4491)  time: 1.0540  data: 0.0005  max mem: 31176
Epoch: [0]  [1320/5625]  eta: 1:17:00  lr: 0.000009  train_loss: 0.6071 (0.8558)  train_iou: 0.4898 (0.4497)  time: 1.0484  data: 0.0005  max mem: 31176
Epoch: [0]  [1340/5625]  eta: 1:16:38  lr: 0.000009  train_loss: 0.5600 (0.8527)  train_iou: 0.5313 (0.4505)  time: 1.0610  data: 0.0005  max mem: 31176
Epoch: [0]  [1360/5625]  eta: 1:16:15  lr: 0.000009  train_loss: 0.5887 (0.8493)  train_iou: 0.5451 (0.4516)  time: 1.0479  data: 0.0005  max mem: 31176
Epoch: [0]  [1380/5625]  eta: 1:15:52  lr: 0.000009  train_loss: 0.6096 (0.8464)  train_iou: 0.5111 (0.4525)  time: 1.0471  data: 0.0005  max mem: 31176
Epoch: [0]  [1400/5625]  eta: 1:15:30  lr: 0.000009  train_loss: 0.6284 (0.8438)  train_iou: 0.5008 (0.4531)  time: 1.0615  data: 0.0005  max mem: 31176
Epoch: [0]  [1420/5625]  eta: 1:15:07  lr: 0.000009  train_loss: 0.6910 (0.8413)  train_iou: 0.4566 (0.4534)  time: 1.0504  data: 0.0005  max mem: 31176
Epoch: [0]  [1440/5625]  eta: 1:14:44  lr: 0.000009  train_loss: 0.5761 (0.8383)  train_iou: 0.5212 (0.4543)  time: 1.0545  data: 0.0005  max mem: 31176
Epoch: [0]  [1460/5625]  eta: 1:14:22  lr: 0.000009  train_loss: 0.5908 (0.8349)  train_iou: 0.5205 (0.4552)  time: 1.0473  data: 0.0005  max mem: 31176
Epoch: [0]  [1480/5625]  eta: 1:13:59  lr: 0.000009  train_loss: 0.6878 (0.8331)  train_iou: 0.4553 (0.4551)  time: 1.0493  data: 0.0005  max mem: 31176
Epoch: [0]  [1500/5625]  eta: 1:13:36  lr: 0.000009  train_loss: 0.5763 (0.8306)  train_iou: 0.4879 (0.4556)  time: 1.0406  data: 0.0005  max mem: 31176
Epoch: [0]  [1520/5625]  eta: 1:13:14  lr: 0.000009  train_loss: 0.6287 (0.8276)  train_iou: 0.5135 (0.4562)  time: 1.0560  data: 0.0005  max mem: 31176
Epoch: [0]  [1540/5625]  eta: 1:12:52  lr: 0.000009  train_loss: 0.5676 (0.8243)  train_iou: 0.5409 (0.4573)  time: 1.0573  data: 0.0005  max mem: 31176
Epoch: [0]  [1560/5625]  eta: 1:12:29  lr: 0.000009  train_loss: 0.5773 (0.8212)  train_iou: 0.5252 (0.4585)  time: 1.0491  data: 0.0005  max mem: 31176
Epoch: [0]  [1580/5625]  eta: 1:12:06  lr: 0.000009  train_loss: 0.6209 (0.8185)  train_iou: 0.4805 (0.4593)  time: 1.0442  data: 0.0005  max mem: 31176
Epoch: [0]  [1600/5625]  eta: 1:11:43  lr: 0.000009  train_loss: 0.6129 (0.8166)  train_iou: 0.5023 (0.4598)  time: 1.0404  data: 0.0005  max mem: 31176
Epoch: [0]  [1620/5625]  eta: 1:11:21  lr: 0.000009  train_loss: 0.6303 (0.8143)  train_iou: 0.4971 (0.4603)  time: 1.0481  data: 0.0005  max mem: 31176
Epoch: [0]  [1640/5625]  eta: 1:10:59  lr: 0.000009  train_loss: 0.5421 (0.8115)  train_iou: 0.5316 (0.4611)  time: 1.0467  data: 0.0005  max mem: 31176
Epoch: [0]  [1660/5625]  eta: 1:10:36  lr: 0.000009  train_loss: 0.6771 (0.8096)  train_iou: 0.5068 (0.4616)  time: 1.0493  data: 0.0005  max mem: 31176
Epoch: [0]  [1680/5625]  eta: 1:10:14  lr: 0.000009  train_loss: 0.4903 (0.8070)  train_iou: 0.6048 (0.4631)  time: 1.0511  data: 0.0005  max mem: 31176
Epoch: [0]  [1700/5625]  eta: 1:09:51  lr: 0.000009  train_loss: 0.5903 (0.8046)  train_iou: 0.5040 (0.4637)  time: 1.0400  data: 0.0005  max mem: 31176
Epoch: [0]  [1720/5625]  eta: 1:09:29  lr: 0.000009  train_loss: 0.5863 (0.8024)  train_iou: 0.5087 (0.4642)  time: 1.0427  data: 0.0005  max mem: 31176
Epoch: [0]  [1740/5625]  eta: 1:09:07  lr: 0.000009  train_loss: 0.6447 (0.8006)  train_iou: 0.4834 (0.4646)  time: 1.0474  data: 0.0005  max mem: 31176
Epoch: [0]  [1760/5625]  eta: 1:08:44  lr: 0.000009  train_loss: 0.5617 (0.7983)  train_iou: 0.5257 (0.4654)  time: 1.0465  data: 0.0005  max mem: 31176
Epoch: [0]  [1780/5625]  eta: 1:08:22  lr: 0.000009  train_loss: 0.5669 (0.7962)  train_iou: 0.5333 (0.4660)  time: 1.0536  data: 0.0005  max mem: 31176
Epoch: [0]  [1800/5625]  eta: 1:08:01  lr: 0.000009  train_loss: 0.5477 (0.7938)  train_iou: 0.4987 (0.4667)  time: 1.0549  data: 0.0005  max mem: 31176
Epoch: [0]  [1820/5625]  eta: 1:07:39  lr: 0.000009  train_loss: 0.5831 (0.7915)  train_iou: 0.5340 (0.4674)  time: 1.0522  data: 0.0005  max mem: 31176
Epoch: [0]  [1840/5625]  eta: 1:07:17  lr: 0.000009  train_loss: 0.6224 (0.7895)  train_iou: 0.5706 (0.4680)  time: 1.0581  data: 0.0005  max mem: 31176
Epoch: [0]  [1860/5625]  eta: 1:06:55  lr: 0.000009  train_loss: 0.6543 (0.7884)  train_iou: 0.4766 (0.4682)  time: 1.0532  data: 0.0005  max mem: 31176
Epoch: [0]  [1880/5625]  eta: 1:06:33  lr: 0.000009  train_loss: 0.6421 (0.7870)  train_iou: 0.4413 (0.4683)  time: 1.0419  data: 0.0005  max mem: 31176
Epoch: [0]  [1900/5625]  eta: 1:06:11  lr: 0.000009  train_loss: 0.6775 (0.7857)  train_iou: 0.5006 (0.4686)  time: 1.0545  data: 0.0005  max mem: 31176
Epoch: [0]  [1920/5625]  eta: 1:05:48  lr: 0.000009  train_loss: 0.5346 (0.7835)  train_iou: 0.5310 (0.4695)  time: 1.0347  data: 0.0005  max mem: 31176
Epoch: [0]  [1940/5625]  eta: 1:05:26  lr: 0.000009  train_loss: 0.5735 (0.7817)  train_iou: 0.5042 (0.4701)  time: 1.0427  data: 0.0005  max mem: 31176
Epoch: [0]  [1960/5625]  eta: 1:05:04  lr: 0.000009  train_loss: 0.6677 (0.7806)  train_iou: 0.4387 (0.4700)  time: 1.0486  data: 0.0005  max mem: 31176
Epoch: [0]  [1980/5625]  eta: 1:04:42  lr: 0.000009  train_loss: 0.4960 (0.7786)  train_iou: 0.5929 (0.4710)  time: 1.0533  data: 0.0005  max mem: 31176
Epoch: [0]  [2000/5625]  eta: 1:04:21  lr: 0.000009  train_loss: 0.5485 (0.7766)  train_iou: 0.5210 (0.4718)  time: 1.0557  data: 0.0005  max mem: 31176
Epoch: [0]  [2020/5625]  eta: 1:03:59  lr: 0.000009  train_loss: 0.5614 (0.7747)  train_iou: 0.5324 (0.4723)  time: 1.0504  data: 0.0005  max mem: 31176
Epoch: [0]  [2040/5625]  eta: 1:03:37  lr: 0.000009  train_loss: 0.5645 (0.7727)  train_iou: 0.5179 (0.4730)  time: 1.0438  data: 0.0005  max mem: 31176
Epoch: [0]  [2060/5625]  eta: 1:03:15  lr: 0.000009  train_loss: 0.6173 (0.7714)  train_iou: 0.4825 (0.4732)  time: 1.0539  data: 0.0005  max mem: 31176
Epoch: [0]  [2080/5625]  eta: 1:02:53  lr: 0.000009  train_loss: 0.6048 (0.7698)  train_iou: 0.5345 (0.4737)  time: 1.0461  data: 0.0005  max mem: 31176
Epoch: [0]  [2100/5625]  eta: 1:02:31  lr: 0.000009  train_loss: 0.5950 (0.7684)  train_iou: 0.5040 (0.4741)  time: 1.0460  data: 0.0005  max mem: 31176
Epoch: [0]  [2120/5625]  eta: 1:02:10  lr: 0.000009  train_loss: 0.5315 (0.7666)  train_iou: 0.5433 (0.4748)  time: 1.0581  data: 0.0005  max mem: 31176
Epoch: [0]  [2140/5625]  eta: 1:01:48  lr: 0.000009  train_loss: 0.5021 (0.7645)  train_iou: 0.5606 (0.4758)  time: 1.0516  data: 0.0005  max mem: 31176
Epoch: [0]  [2160/5625]  eta: 1:01:27  lr: 0.000009  train_loss: 0.5218 (0.7620)  train_iou: 0.5770 (0.4768)  time: 1.0531  data: 0.0005  max mem: 31176
Epoch: [0]  [2180/5625]  eta: 1:01:05  lr: 0.000009  train_loss: 0.5710 (0.7604)  train_iou: 0.5058 (0.4773)  time: 1.0450  data: 0.0005  max mem: 31176
Epoch: [0]  [2200/5625]  eta: 1:00:43  lr: 0.000009  train_loss: 0.6287 (0.7597)  train_iou: 0.4994 (0.4776)  time: 1.0486  data: 0.0005  max mem: 31176
Epoch: [0]  [2220/5625]  eta: 1:00:22  lr: 0.000009  train_loss: 0.5590 (0.7583)  train_iou: 0.5772 (0.4781)  time: 1.0588  data: 0.0005  max mem: 31176
Epoch: [0]  [2240/5625]  eta: 1:00:00  lr: 0.000009  train_loss: 0.5010 (0.7565)  train_iou: 0.5878 (0.4789)  time: 1.0563  data: 0.0005  max mem: 31176
Epoch: [0]  [2260/5625]  eta: 0:59:38  lr: 0.000009  train_loss: 0.5505 (0.7552)  train_iou: 0.5218 (0.4791)  time: 1.0444  data: 0.0005  max mem: 31176
Epoch: [0]  [2280/5625]  eta: 0:59:17  lr: 0.000009  train_loss: 0.4627 (0.7530)  train_iou: 0.5901 (0.4800)  time: 1.0656  data: 0.0005  max mem: 31176
Epoch: [0]  [2300/5625]  eta: 0:58:55  lr: 0.000009  train_loss: 0.5574 (0.7516)  train_iou: 0.5833 (0.4807)  time: 1.0519  data: 0.0005  max mem: 31176
Epoch: [0]  [2320/5625]  eta: 0:58:34  lr: 0.000009  train_loss: 0.5470 (0.7499)  train_iou: 0.5583 (0.4813)  time: 1.0523  data: 0.0004  max mem: 31176
Epoch: [0]  [2340/5625]  eta: 0:58:12  lr: 0.000009  train_loss: 0.5934 (0.7488)  train_iou: 0.5058 (0.4814)  time: 1.0574  data: 0.0005  max mem: 31176
Epoch: [0]  [2360/5625]  eta: 0:57:51  lr: 0.000009  train_loss: 0.6113 (0.7477)  train_iou: 0.5156 (0.4817)  time: 1.0439  data: 0.0005  max mem: 31176
Epoch: [0]  [2380/5625]  eta: 0:57:29  lr: 0.000009  train_loss: 0.5873 (0.7460)  train_iou: 0.5632 (0.4823)  time: 1.0554  data: 0.0005  max mem: 31176
Epoch: [0]  [2400/5625]  eta: 0:57:08  lr: 0.000009  train_loss: 0.5622 (0.7447)  train_iou: 0.5342 (0.4827)  time: 1.0528  data: 0.0005  max mem: 31176
Epoch: [0]  [2420/5625]  eta: 0:56:46  lr: 0.000009  train_loss: 0.5740 (0.7434)  train_iou: 0.5456 (0.4831)  time: 1.0474  data: 0.0005  max mem: 31176
Epoch: [0]  [2440/5625]  eta: 0:56:28  lr: 0.000009  train_loss: 0.5256 (0.7419)  train_iou: 0.5479 (0.4837)  time: 1.1801  data: 0.0005  max mem: 31176
Epoch: [0]  [2460/5625]  eta: 0:56:06  lr: 0.000009  train_loss: 0.5625 (0.7405)  train_iou: 0.5505 (0.4842)  time: 1.0513  data: 0.0005  max mem: 31176
Epoch: [0]  [2480/5625]  eta: 0:55:44  lr: 0.000009  train_loss: 0.5558 (0.7392)  train_iou: 0.5315 (0.4845)  time: 1.0465  data: 0.0005  max mem: 31176
Epoch: [0]  [2500/5625]  eta: 0:55:23  lr: 0.000009  train_loss: 0.5224 (0.7376)  train_iou: 0.5526 (0.4852)  time: 1.0406  data: 0.0005  max mem: 31176
Epoch: [0]  [2520/5625]  eta: 0:55:01  lr: 0.000009  train_loss: 0.5608 (0.7365)  train_iou: 0.5236 (0.4855)  time: 1.0435  data: 0.0005  max mem: 31176
Epoch: [0]  [2540/5625]  eta: 0:54:39  lr: 0.000009  train_loss: 0.5524 (0.7352)  train_iou: 0.5088 (0.4860)  time: 1.0511  data: 0.0005  max mem: 31176
Epoch: [0]  [2560/5625]  eta: 0:54:18  lr: 0.000009  train_loss: 0.5977 (0.7339)  train_iou: 0.5260 (0.4867)  time: 1.0600  data: 0.0005  max mem: 31176
Epoch: [0]  [2580/5625]  eta: 0:53:56  lr: 0.000009  train_loss: 0.6204 (0.7334)  train_iou: 0.4578 (0.4866)  time: 1.0566  data: 0.0005  max mem: 31176
Epoch: [0]  [2600/5625]  eta: 0:53:35  lr: 0.000009  train_loss: 0.5251 (0.7322)  train_iou: 0.5321 (0.4869)  time: 1.0597  data: 0.0005  max mem: 31176
Epoch: [0]  [2620/5625]  eta: 0:53:14  lr: 0.000009  train_loss: 0.4970 (0.7306)  train_iou: 0.5697 (0.4874)  time: 1.0669  data: 0.0005  max mem: 31176
Epoch: [0]  [2640/5625]  eta: 0:52:53  lr: 0.000009  train_loss: 0.5727 (0.7293)  train_iou: 0.5383 (0.4878)  time: 1.0663  data: 0.0005  max mem: 31176
Epoch: [0]  [2660/5625]  eta: 0:52:31  lr: 0.000009  train_loss: 0.5700 (0.7282)  train_iou: 0.5453 (0.4884)  time: 1.0582  data: 0.0005  max mem: 31176
Epoch: [0]  [2680/5625]  eta: 0:52:10  lr: 0.000009  train_loss: 0.4702 (0.7263)  train_iou: 0.5576 (0.4893)  time: 1.0619  data: 0.0005  max mem: 31176
Epoch: [0]  [2700/5625]  eta: 0:51:49  lr: 0.000009  train_loss: 0.5316 (0.7250)  train_iou: 0.5586 (0.4897)  time: 1.0594  data: 0.0005  max mem: 31176
Epoch: [0]  [2720/5625]  eta: 0:51:27  lr: 0.000009  train_loss: 0.4984 (0.7236)  train_iou: 0.6037 (0.4904)  time: 1.0509  data: 0.0005  max mem: 31176
Epoch: [0]  [2740/5625]  eta: 0:51:06  lr: 0.000009  train_loss: 0.5279 (0.7225)  train_iou: 0.5635 (0.4907)  time: 1.0578  data: 0.0005  max mem: 31176
Epoch: [0]  [2760/5625]  eta: 0:50:45  lr: 0.000009  train_loss: 0.5436 (0.7212)  train_iou: 0.5911 (0.4915)  time: 1.0612  data: 0.0005  max mem: 31176
Epoch: [0]  [2780/5625]  eta: 0:50:23  lr: 0.000009  train_loss: 0.5308 (0.7201)  train_iou: 0.5816 (0.4921)  time: 1.0408  data: 0.0005  max mem: 31176
Epoch: [0]  [2800/5625]  eta: 0:50:01  lr: 0.000009  train_loss: 0.5613 (0.7192)  train_iou: 0.5204 (0.4923)  time: 1.0466  data: 0.0005  max mem: 31176
Epoch: [0]  [2820/5625]  eta: 0:49:40  lr: 0.000009  train_loss: 0.5029 (0.7178)  train_iou: 0.5664 (0.4928)  time: 1.0481  data: 0.0005  max mem: 31176
Epoch: [0]  [2840/5625]  eta: 0:49:18  lr: 0.000009  train_loss: 0.5345 (0.7167)  train_iou: 0.4968 (0.4931)  time: 1.0553  data: 0.0005  max mem: 31176
Epoch: [0]  [2860/5625]  eta: 0:48:57  lr: 0.000009  train_loss: 0.5168 (0.7153)  train_iou: 0.5718 (0.4937)  time: 1.0594  data: 0.0005  max mem: 31176
Epoch: [0]  [2880/5625]  eta: 0:48:36  lr: 0.000009  train_loss: 0.5324 (0.7145)  train_iou: 0.5306 (0.4940)  time: 1.0544  data: 0.0005  max mem: 31176
Epoch: [0]  [2900/5625]  eta: 0:48:14  lr: 0.000009  train_loss: 0.5383 (0.7135)  train_iou: 0.5501 (0.4946)  time: 1.0523  data: 0.0005  max mem: 31176
Epoch: [0]  [2920/5625]  eta: 0:47:53  lr: 0.000009  train_loss: 0.5794 (0.7127)  train_iou: 0.4760 (0.4948)  time: 1.0494  data: 0.0005  max mem: 31176
Epoch: [0]  [2940/5625]  eta: 0:47:31  lr: 0.000009  train_loss: 0.5537 (0.7117)  train_iou: 0.5372 (0.4951)  time: 1.0457  data: 0.0005  max mem: 31176
Epoch: [0]  [2960/5625]  eta: 0:47:10  lr: 0.000009  train_loss: 0.4978 (0.7107)  train_iou: 0.5567 (0.4955)  time: 1.0468  data: 0.0005  max mem: 31176
Epoch: [0]  [2980/5625]  eta: 0:46:48  lr: 0.000009  train_loss: 0.5929 (0.7098)  train_iou: 0.4966 (0.4958)  time: 1.0455  data: 0.0005  max mem: 31176
Epoch: [0]  [3000/5625]  eta: 0:46:27  lr: 0.000009  train_loss: 0.5728 (0.7092)  train_iou: 0.5164 (0.4960)  time: 1.0488  data: 0.0005  max mem: 31176
Epoch: [0]  [3020/5625]  eta: 0:46:05  lr: 0.000009  train_loss: 0.5207 (0.7079)  train_iou: 0.5713 (0.4967)  time: 1.0463  data: 0.0005  max mem: 31176
Epoch: [0]  [3040/5625]  eta: 0:45:44  lr: 0.000009  train_loss: 0.5055 (0.7067)  train_iou: 0.5888 (0.4973)  time: 1.0421  data: 0.0005  max mem: 31176
Epoch: [0]  [3060/5625]  eta: 0:45:22  lr: 0.000009  train_loss: 0.5715 (0.7058)  train_iou: 0.5379 (0.4977)  time: 1.0466  data: 0.0005  max mem: 31176
Epoch: [0]  [3080/5625]  eta: 0:45:01  lr: 0.000009  train_loss: 0.4909 (0.7046)  train_iou: 0.5691 (0.4983)  time: 1.0527  data: 0.0005  max mem: 31176
Epoch: [0]  [3100/5625]  eta: 0:44:39  lr: 0.000009  train_loss: 0.5869 (0.7036)  train_iou: 0.5472 (0.4988)  time: 1.0497  data: 0.0005  max mem: 31176
Epoch: [0]  [3120/5625]  eta: 0:44:18  lr: 0.000009  train_loss: 0.5293 (0.7025)  train_iou: 0.5429 (0.4992)  time: 1.0405  data: 0.0005  max mem: 31176
Epoch: [0]  [3140/5625]  eta: 0:43:56  lr: 0.000009  train_loss: 0.5495 (0.7014)  train_iou: 0.5201 (0.4995)  time: 1.0548  data: 0.0005  max mem: 31176
Epoch: [0]  [3160/5625]  eta: 0:43:35  lr: 0.000009  train_loss: 0.4512 (0.7000)  train_iou: 0.6253 (0.5003)  time: 1.0559  data: 0.0005  max mem: 31176
Epoch: [0]  [3180/5625]  eta: 0:43:14  lr: 0.000009  train_loss: 0.5483 (0.6990)  train_iou: 0.5089 (0.5007)  time: 1.0564  data: 0.0005  max mem: 31176
Epoch: [0]  [3200/5625]  eta: 0:42:53  lr: 0.000009  train_loss: 0.5421 (0.6980)  train_iou: 0.5583 (0.5010)  time: 1.0586  data: 0.0005  max mem: 31176
Epoch: [0]  [3220/5625]  eta: 0:42:31  lr: 0.000009  train_loss: 0.4223 (0.6965)  train_iou: 0.5795 (0.5017)  time: 1.0577  data: 0.0005  max mem: 31176
Epoch: [0]  [3240/5625]  eta: 0:42:10  lr: 0.000009  train_loss: 0.5939 (0.6959)  train_iou: 0.5501 (0.5020)  time: 1.0428  data: 0.0005  max mem: 31176
Epoch: [0]  [3260/5625]  eta: 0:41:48  lr: 0.000009  train_loss: 0.5804 (0.6952)  train_iou: 0.5207 (0.5021)  time: 1.0507  data: 0.0005  max mem: 31176
Epoch: [0]  [3280/5625]  eta: 0:41:27  lr: 0.000009  train_loss: 0.4940 (0.6941)  train_iou: 0.5887 (0.5026)  time: 1.0509  data: 0.0005  max mem: 31176
Epoch: [0]  [3300/5625]  eta: 0:41:06  lr: 0.000009  train_loss: 0.4268 (0.6928)  train_iou: 0.6089 (0.5033)  time: 1.0347  data: 0.0005  max mem: 31176
Epoch: [0]  [3320/5625]  eta: 0:40:44  lr: 0.000009  train_loss: 0.4704 (0.6914)  train_iou: 0.5762 (0.5040)  time: 1.0428  data: 0.0005  max mem: 31176
Epoch: [0]  [3340/5625]  eta: 0:40:23  lr: 0.000009  train_loss: 0.4923 (0.6905)  train_iou: 0.5868 (0.5044)  time: 1.0439  data: 0.0005  max mem: 31176
Epoch: [0]  [3360/5625]  eta: 0:40:01  lr: 0.000009  train_loss: 0.4855 (0.6897)  train_iou: 0.5893 (0.5048)  time: 1.0452  data: 0.0005  max mem: 31176
Epoch: [0]  [3380/5625]  eta: 0:39:40  lr: 0.000009  train_loss: 0.4979 (0.6887)  train_iou: 0.5814 (0.5052)  time: 1.0467  data: 0.0005  max mem: 31176
Epoch: [0]  [3400/5625]  eta: 0:39:18  lr: 0.000009  train_loss: 0.4806 (0.6877)  train_iou: 0.5941 (0.5057)  time: 1.0400  data: 0.0005  max mem: 31176
Epoch: [0]  [3420/5625]  eta: 0:38:57  lr: 0.000009  train_loss: 0.5492 (0.6871)  train_iou: 0.5571 (0.5059)  time: 1.0463  data: 0.0005  max mem: 31176
Epoch: [0]  [3440/5625]  eta: 0:38:36  lr: 0.000009  train_loss: 0.5633 (0.6864)  train_iou: 0.5379 (0.5062)  time: 1.0592  data: 0.0005  max mem: 31176
Epoch: [0]  [3460/5625]  eta: 0:38:14  lr: 0.000009  train_loss: 0.6136 (0.6858)  train_iou: 0.5779 (0.5066)  time: 1.0517  data: 0.0005  max mem: 31176
Epoch: [0]  [3480/5625]  eta: 0:37:53  lr: 0.000009  train_loss: 0.5216 (0.6851)  train_iou: 0.5308 (0.5067)  time: 1.0514  data: 0.0005  max mem: 31176
Epoch: [0]  [3500/5625]  eta: 0:37:32  lr: 0.000009  train_loss: 0.5057 (0.6840)  train_iou: 0.5703 (0.5073)  time: 1.0481  data: 0.0005  max mem: 31176
Epoch: [0]  [3520/5625]  eta: 0:37:10  lr: 0.000009  train_loss: 0.5012 (0.6831)  train_iou: 0.5606 (0.5077)  time: 1.0431  data: 0.0005  max mem: 31176
Epoch: [0]  [3540/5625]  eta: 0:36:49  lr: 0.000009  train_loss: 0.4934 (0.6821)  train_iou: 0.6242 (0.5083)  time: 1.0459  data: 0.0005  max mem: 31176
Epoch: [0]  [3560/5625]  eta: 0:36:28  lr: 0.000009  train_loss: 0.4858 (0.6810)  train_iou: 0.6055 (0.5088)  time: 1.0451  data: 0.0005  max mem: 31176
Epoch: [0]  [3580/5625]  eta: 0:36:06  lr: 0.000009  train_loss: 0.4512 (0.6798)  train_iou: 0.5909 (0.5093)  time: 1.0435  data: 0.0005  max mem: 31176
Epoch: [0]  [3600/5625]  eta: 0:35:45  lr: 0.000009  train_loss: 0.4209 (0.6791)  train_iou: 0.6074 (0.5097)  time: 1.0465  data: 0.0005  max mem: 31176
Epoch: [0]  [3620/5625]  eta: 0:35:24  lr: 0.000009  train_loss: 0.5650 (0.6785)  train_iou: 0.5571 (0.5100)  time: 1.0443  data: 0.0005  max mem: 31176
Epoch: [0]  [3640/5625]  eta: 0:35:02  lr: 0.000009  train_loss: 0.4728 (0.6776)  train_iou: 0.5704 (0.5103)  time: 1.0616  data: 0.0004  max mem: 31176
Epoch: [0]  [3660/5625]  eta: 0:34:41  lr: 0.000009  train_loss: 0.4601 (0.6766)  train_iou: 0.6306 (0.5108)  time: 1.0508  data: 0.0005  max mem: 31176
Epoch: [0]  [3680/5625]  eta: 0:34:20  lr: 0.000009  train_loss: 0.5297 (0.6758)  train_iou: 0.5302 (0.5110)  time: 1.0707  data: 0.0005  max mem: 31176
Epoch: [0]  [3700/5625]  eta: 0:33:59  lr: 0.000009  train_loss: 0.4894 (0.6750)  train_iou: 0.5037 (0.5112)  time: 1.0568  data: 0.0005  max mem: 31176
Epoch: [0]  [3720/5625]  eta: 0:33:38  lr: 0.000009  train_loss: 0.4499 (0.6739)  train_iou: 0.5345 (0.5115)  time: 1.0542  data: 0.0005  max mem: 31176
Epoch: [0]  [3740/5625]  eta: 0:33:16  lr: 0.000009  train_loss: 0.5093 (0.6731)  train_iou: 0.5898 (0.5118)  time: 1.0534  data: 0.0005  max mem: 31176
Epoch: [0]  [3760/5625]  eta: 0:32:56  lr: 0.000009  train_loss: 0.4672 (0.6725)  train_iou: 0.5750 (0.5120)  time: 1.1701  data: 0.0005  max mem: 31176
Epoch: [0]  [3780/5625]  eta: 0:32:35  lr: 0.000009  train_loss: 0.3835 (0.6714)  train_iou: 0.6023 (0.5124)  time: 1.0573  data: 0.0004  max mem: 31176
Epoch: [0]  [3800/5625]  eta: 0:32:14  lr: 0.000009  train_loss: 0.4249 (0.6703)  train_iou: 0.5341 (0.5125)  time: 1.0632  data: 0.0005  max mem: 31176
Epoch: [0]  [3820/5625]  eta: 0:31:53  lr: 0.000009  train_loss: 0.4423 (0.6691)  train_iou: 0.5699 (0.5128)  time: 1.0445  data: 0.0005  max mem: 31176
Epoch: [0]  [3840/5625]  eta: 0:31:31  lr: 0.000009  train_loss: 0.3791 (0.6679)  train_iou: 0.5314 (0.5131)  time: 1.0572  data: 0.0005  max mem: 31176
Epoch: [0]  [3860/5625]  eta: 0:31:10  lr: 0.000009  train_loss: 0.5127 (0.6673)  train_iou: 0.5412 (0.5131)  time: 1.0492  data: 0.0005  max mem: 31176
Epoch: [0]  [3880/5625]  eta: 0:30:49  lr: 0.000009  train_loss: 0.5206 (0.6666)  train_iou: 0.5506 (0.5134)  time: 1.0466  data: 0.0005  max mem: 31176
Epoch: [0]  [3900/5625]  eta: 0:30:28  lr: 0.000009  train_loss: 0.4507 (0.6656)  train_iou: 0.5763 (0.5138)  time: 1.0585  data: 0.0005  max mem: 31176
Epoch: [0]  [3920/5625]  eta: 0:30:06  lr: 0.000009  train_loss: 0.4154 (0.6646)  train_iou: 0.5363 (0.5141)  time: 1.0578  data: 0.0005  max mem: 31176
Epoch: [0]  [3940/5625]  eta: 0:29:45  lr: 0.000009  train_loss: 0.4722 (0.6638)  train_iou: 0.5615 (0.5144)  time: 1.0551  data: 0.0005  max mem: 31176
Epoch: [0]  [3960/5625]  eta: 0:29:24  lr: 0.000009  train_loss: 0.4099 (0.6627)  train_iou: 0.5689 (0.5147)  time: 1.0646  data: 0.0005  max mem: 31176
Epoch: [0]  [3980/5625]  eta: 0:29:03  lr: 0.000009  train_loss: 0.4022 (0.6617)  train_iou: 0.5993 (0.5151)  time: 1.0479  data: 0.0005  max mem: 31176
Epoch: [0]  [4000/5625]  eta: 0:28:41  lr: 0.000009  train_loss: 0.5292 (0.6610)  train_iou: 0.5584 (0.5154)  time: 1.0420  data: 0.0005  max mem: 31176
Epoch: [0]  [4020/5625]  eta: 0:28:20  lr: 0.000009  train_loss: 0.4607 (0.6600)  train_iou: 0.6449 (0.5160)  time: 1.0457  data: 0.0005  max mem: 31176
Epoch: [0]  [4040/5625]  eta: 0:27:59  lr: 0.000009  train_loss: 0.4284 (0.6589)  train_iou: 0.6006 (0.5165)  time: 1.0436  data: 0.0005  max mem: 31176
Epoch: [0]  [4060/5625]  eta: 0:27:37  lr: 0.000009  train_loss: 0.4470 (0.6579)  train_iou: 0.6149 (0.5169)  time: 1.0427  data: 0.0005  max mem: 31176
Epoch: [0]  [4080/5625]  eta: 0:27:16  lr: 0.000009  train_loss: 0.4474 (0.6568)  train_iou: 0.5824 (0.5173)  time: 1.0425  data: 0.0004  max mem: 31176
Epoch: [0]  [4100/5625]  eta: 0:26:55  lr: 0.000009  train_loss: 0.4453 (0.6563)  train_iou: 0.5462 (0.5176)  time: 1.0434  data: 0.0005  max mem: 31176
Epoch: [0]  [4120/5625]  eta: 0:26:33  lr: 0.000009  train_loss: 0.5154 (0.6555)  train_iou: 0.5633 (0.5179)  time: 1.0404  data: 0.0005  max mem: 31176
Epoch: [0]  [4140/5625]  eta: 0:26:12  lr: 0.000009  train_loss: 0.3765 (0.6545)  train_iou: 0.5900 (0.5182)  time: 1.0413  data: 0.0004  max mem: 31176
Epoch: [0]  [4160/5625]  eta: 0:25:51  lr: 0.000009  train_loss: 0.3966 (0.6536)  train_iou: 0.5558 (0.5184)  time: 1.0448  data: 0.0004  max mem: 31176
Epoch: [0]  [4180/5625]  eta: 0:25:30  lr: 0.000009  train_loss: 0.3703 (0.6523)  train_iou: 0.5877 (0.5187)  time: 1.0436  data: 0.0005  max mem: 31176
Epoch: [0]  [4200/5625]  eta: 0:25:08  lr: 0.000009  train_loss: 0.4373 (0.6516)  train_iou: 0.5570 (0.5190)  time: 1.0477  data: 0.0005  max mem: 31176
Epoch: [0]  [4220/5625]  eta: 0:24:47  lr: 0.000009  train_loss: 0.3479 (0.6506)  train_iou: 0.5757 (0.5193)  time: 1.0412  data: 0.0005  max mem: 31176
Epoch: [0]  [4240/5625]  eta: 0:24:26  lr: 0.000009  train_loss: 0.4111 (0.6495)  train_iou: 0.5973 (0.5196)  time: 1.0497  data: 0.0005  max mem: 31176
Epoch: [0]  [4260/5625]  eta: 0:24:05  lr: 0.000009  train_loss: 0.4045 (0.6487)  train_iou: 0.5487 (0.5198)  time: 1.0544  data: 0.0005  max mem: 31176
Epoch: [0]  [4280/5625]  eta: 0:23:43  lr: 0.000009  train_loss: 0.3952 (0.6477)  train_iou: 0.6001 (0.5201)  time: 1.0441  data: 0.0005  max mem: 31176
Epoch: [0]  [4300/5625]  eta: 0:23:22  lr: 0.000009  train_loss: 0.3940 (0.6467)  train_iou: 0.5810 (0.5205)  time: 1.0457  data: 0.0004  max mem: 31176
Epoch: [0]  [4320/5625]  eta: 0:23:01  lr: 0.000009  train_loss: 0.4180 (0.6456)  train_iou: 0.6168 (0.5210)  time: 1.0447  data: 0.0005  max mem: 31176
Epoch: [0]  [4340/5625]  eta: 0:22:40  lr: 0.000009  train_loss: 0.3821 (0.6445)  train_iou: 0.5771 (0.5213)  time: 1.0446  data: 0.0005  max mem: 31176
Epoch: [0]  [4360/5625]  eta: 0:22:18  lr: 0.000009  train_loss: 0.3991 (0.6434)  train_iou: 0.5699 (0.5214)  time: 1.0438  data: 0.0005  max mem: 31176
Epoch: [0]  [4380/5625]  eta: 0:21:57  lr: 0.000009  train_loss: 0.3636 (0.6425)  train_iou: 0.5613 (0.5217)  time: 1.0449  data: 0.0005  max mem: 31176
Epoch: [0]  [4400/5625]  eta: 0:21:36  lr: 0.000009  train_loss: 0.4099 (0.6416)  train_iou: 0.6064 (0.5221)  time: 1.0478  data: 0.0005  max mem: 31176
Epoch: [0]  [4420/5625]  eta: 0:21:15  lr: 0.000009  train_loss: 0.4104 (0.6406)  train_iou: 0.5619 (0.5222)  time: 1.0464  data: 0.0005  max mem: 31176
Epoch: [0]  [4440/5625]  eta: 0:20:53  lr: 0.000009  train_loss: 0.4020 (0.6399)  train_iou: 0.5561 (0.5223)  time: 1.0474  data: 0.0005  max mem: 31176
Epoch: [0]  [4460/5625]  eta: 0:20:32  lr: 0.000009  train_loss: 0.4112 (0.6391)  train_iou: 0.6254 (0.5227)  time: 1.0492  data: 0.0005  max mem: 31176
Epoch: [0]  [4480/5625]  eta: 0:20:11  lr: 0.000009  train_loss: 0.3923 (0.6382)  train_iou: 0.5942 (0.5230)  time: 1.0488  data: 0.0005  max mem: 31176
Epoch: [0]  [4500/5625]  eta: 0:19:50  lr: 0.000009  train_loss: 0.5363 (0.6378)  train_iou: 0.5453 (0.5232)  time: 1.0453  data: 0.0005  max mem: 31176
Epoch: [0]  [4520/5625]  eta: 0:19:29  lr: 0.000009  train_loss: 0.3203 (0.6367)  train_iou: 0.5656 (0.5234)  time: 1.0472  data: 0.0005  max mem: 31176
Epoch: [0]  [4540/5625]  eta: 0:19:07  lr: 0.000009  train_loss: 0.4487 (0.6359)  train_iou: 0.5855 (0.5237)  time: 1.0487  data: 0.0005  max mem: 31176
Epoch: [0]  [4560/5625]  eta: 0:18:46  lr: 0.000009  train_loss: 0.4288 (0.6355)  train_iou: 0.5958 (0.5240)  time: 1.0443  data: 0.0005  max mem: 31176
Epoch: [0]  [4580/5625]  eta: 0:18:25  lr: 0.000009  train_loss: 0.4606 (0.6348)  train_iou: 0.5247 (0.5242)  time: 1.0435  data: 0.0005  max mem: 31176
Epoch: [0]  [4600/5625]  eta: 0:18:04  lr: 0.000009  train_loss: 0.3658 (0.6337)  train_iou: 0.6161 (0.5246)  time: 1.0432  data: 0.0005  max mem: 31176
Epoch: [0]  [4620/5625]  eta: 0:17:42  lr: 0.000009  train_loss: 0.3589 (0.6326)  train_iou: 0.6141 (0.5250)  time: 1.0480  data: 0.0005  max mem: 31176
Epoch: [0]  [4640/5625]  eta: 0:17:21  lr: 0.000009  train_loss: 0.4396 (0.6318)  train_iou: 0.5770 (0.5253)  time: 1.0413  data: 0.0004  max mem: 31176
Epoch: [0]  [4660/5625]  eta: 0:17:00  lr: 0.000009  train_loss: 0.3765 (0.6308)  train_iou: 0.6239 (0.5257)  time: 1.0459  data: 0.0005  max mem: 31176
Epoch: [0]  [4680/5625]  eta: 0:16:39  lr: 0.000009  train_loss: 0.3237 (0.6297)  train_iou: 0.5888 (0.5260)  time: 1.0482  data: 0.0005  max mem: 31176
Epoch: [0]  [4700/5625]  eta: 0:16:18  lr: 0.000009  train_loss: 0.4128 (0.6288)  train_iou: 0.6178 (0.5264)  time: 1.0421  data: 0.0005  max mem: 31176
Epoch: [0]  [4720/5625]  eta: 0:15:56  lr: 0.000009  train_loss: 0.4180 (0.6279)  train_iou: 0.5052 (0.5265)  time: 1.0460  data: 0.0005  max mem: 31176
Epoch: [0]  [4740/5625]  eta: 0:15:35  lr: 0.000009  train_loss: 0.3671 (0.6270)  train_iou: 0.6527 (0.5268)  time: 1.0475  data: 0.0005  max mem: 31176
Epoch: [0]  [4760/5625]  eta: 0:15:14  lr: 0.000009  train_loss: 0.4253 (0.6262)  train_iou: 0.5778 (0.5270)  time: 1.0447  data: 0.0005  max mem: 31176
Epoch: [0]  [4780/5625]  eta: 0:14:53  lr: 0.000009  train_loss: 0.3855 (0.6253)  train_iou: 0.6153 (0.5273)  time: 1.0469  data: 0.0005  max mem: 31176
Epoch: [0]  [4800/5625]  eta: 0:14:32  lr: 0.000009  train_loss: 0.3898 (0.6244)  train_iou: 0.5473 (0.5275)  time: 1.0448  data: 0.0005  max mem: 31176
Epoch: [0]  [4820/5625]  eta: 0:14:11  lr: 0.000009  train_loss: 0.3222 (0.6233)  train_iou: 0.5776 (0.5278)  time: 1.0507  data: 0.0005  max mem: 31176
Epoch: [0]  [4840/5625]  eta: 0:13:49  lr: 0.000009  train_loss: 0.3137 (0.6222)  train_iou: 0.5776 (0.5282)  time: 1.0449  data: 0.0005  max mem: 31176
Epoch: [0]  [4860/5625]  eta: 0:13:28  lr: 0.000009  train_loss: 0.3734 (0.6213)  train_iou: 0.6727 (0.5286)  time: 1.0528  data: 0.0004  max mem: 31176
Epoch: [0]  [4880/5625]  eta: 0:13:07  lr: 0.000009  train_loss: 0.3948 (0.6204)  train_iou: 0.5836 (0.5289)  time: 1.0515  data: 0.0005  max mem: 31176
Epoch: [0]  [4900/5625]  eta: 0:12:46  lr: 0.000009  train_loss: 0.4631 (0.6199)  train_iou: 0.5574 (0.5290)  time: 1.0476  data: 0.0005  max mem: 31176
Epoch: [0]  [4920/5625]  eta: 0:12:25  lr: 0.000009  train_loss: 0.3876 (0.6191)  train_iou: 0.5886 (0.5292)  time: 1.0469  data: 0.0005  max mem: 31176
Epoch: [0]  [4940/5625]  eta: 0:12:04  lr: 0.000009  train_loss: 0.4304 (0.6185)  train_iou: 0.5369 (0.5293)  time: 1.0403  data: 0.0005  max mem: 31176
Epoch: [0]  [4960/5625]  eta: 0:11:42  lr: 0.000009  train_loss: 0.3691 (0.6176)  train_iou: 0.5724 (0.5296)  time: 1.0425  data: 0.0005  max mem: 31176
Epoch: [0]  [4980/5625]  eta: 0:11:21  lr: 0.000009  train_loss: 0.3730 (0.6169)  train_iou: 0.5446 (0.5296)  time: 1.0472  data: 0.0005  max mem: 31176
Epoch: [0]  [5000/5625]  eta: 0:11:00  lr: 0.000009  train_loss: 0.3489 (0.6160)  train_iou: 0.6302 (0.5300)  time: 1.0475  data: 0.0005  max mem: 31176
Epoch: [0]  [5020/5625]  eta: 0:10:39  lr: 0.000009  train_loss: 0.3176 (0.6151)  train_iou: 0.6115 (0.5303)  time: 1.0478  data: 0.0005  max mem: 31176
Epoch: [0]  [5040/5625]  eta: 0:10:18  lr: 0.000009  train_loss: 0.4957 (0.6146)  train_iou: 0.5489 (0.5304)  time: 1.0434  data: 0.0005  max mem: 31176
Epoch: [0]  [5060/5625]  eta: 0:09:57  lr: 0.000009  train_loss: 0.3676 (0.6138)  train_iou: 0.5908 (0.5306)  time: 1.0448  data: 0.0005  max mem: 31176
Epoch: [0]  [5080/5625]  eta: 0:09:35  lr: 0.000009  train_loss: 0.5588 (0.6135)  train_iou: 0.4973 (0.5305)  time: 1.0454  data: 0.0005  max mem: 31176
Epoch: [0]  [5100/5625]  eta: 0:09:14  lr: 0.000009  train_loss: 0.4189 (0.6129)  train_iou: 0.5619 (0.5306)  time: 1.1671  data: 0.0005  max mem: 31176
Epoch: [0]  [5120/5625]  eta: 0:08:53  lr: 0.000009  train_loss: 0.3791 (0.6120)  train_iou: 0.5648 (0.5308)  time: 1.0472  data: 0.0005  max mem: 31176
Epoch: [0]  [5140/5625]  eta: 0:08:32  lr: 0.000009  train_loss: 0.4174 (0.6114)  train_iou: 0.5569 (0.5308)  time: 1.0449  data: 0.0005  max mem: 31176
Epoch: [0]  [5160/5625]  eta: 0:08:11  lr: 0.000009  train_loss: 0.3772 (0.6106)  train_iou: 0.6156 (0.5311)  time: 1.0468  data: 0.0005  max mem: 31176
Epoch: [0]  [5180/5625]  eta: 0:07:50  lr: 0.000009  train_loss: 0.3154 (0.6096)  train_iou: 0.5750 (0.5314)  time: 1.0476  data: 0.0005  max mem: 31176
Epoch: [0]  [5200/5625]  eta: 0:07:29  lr: 0.000009  train_loss: 0.3665 (0.6090)  train_iou: 0.7054 (0.5320)  time: 1.0453  data: 0.0005  max mem: 31176
Epoch: [0]  [5220/5625]  eta: 0:07:08  lr: 0.000009  train_loss: 0.4505 (0.6086)  train_iou: 0.5466 (0.5321)  time: 1.0463  data: 0.0005  max mem: 31176
Epoch: [0]  [5240/5625]  eta: 0:06:46  lr: 0.000009  train_loss: 0.3216 (0.6077)  train_iou: 0.6320 (0.5324)  time: 1.0437  data: 0.0005  max mem: 31176
Epoch: [0]  [5260/5625]  eta: 0:06:25  lr: 0.000009  train_loss: 0.4178 (0.6071)  train_iou: 0.6263 (0.5326)  time: 1.0433  data: 0.0004  max mem: 31176
Epoch: [0]  [5280/5625]  eta: 0:06:04  lr: 0.000009  train_loss: 0.3538 (0.6064)  train_iou: 0.5615 (0.5328)  time: 1.0457  data: 0.0005  max mem: 31176
Epoch: [0]  [5300/5625]  eta: 0:05:43  lr: 0.000009  train_loss: 0.3412 (0.6055)  train_iou: 0.6505 (0.5331)  time: 1.0450  data: 0.0005  max mem: 31176
Epoch: [0]  [5320/5625]  eta: 0:05:22  lr: 0.000009  train_loss: 0.4620 (0.6051)  train_iou: 0.5214 (0.5332)  time: 1.0423  data: 0.0005  max mem: 31176
Epoch: [0]  [5340/5625]  eta: 0:05:01  lr: 0.000009  train_loss: 0.3342 (0.6042)  train_iou: 0.5980 (0.5335)  time: 1.0456  data: 0.0005  max mem: 31176
Epoch: [0]  [5360/5625]  eta: 0:04:39  lr: 0.000009  train_loss: 0.3114 (0.6032)  train_iou: 0.6211 (0.5338)  time: 1.0460  data: 0.0004  max mem: 31176
Epoch: [0]  [5380/5625]  eta: 0:04:18  lr: 0.000009  train_loss: 0.2653 (0.6023)  train_iou: 0.5937 (0.5340)  time: 1.0451  data: 0.0005  max mem: 31176
Epoch: [0]  [5400/5625]  eta: 0:03:57  lr: 0.000009  train_loss: 0.3667 (0.6017)  train_iou: 0.5812 (0.5342)  time: 1.0448  data: 0.0005  max mem: 31176
Epoch: [0]  [5420/5625]  eta: 0:03:36  lr: 0.000009  train_loss: 0.4175 (0.6010)  train_iou: 0.5718 (0.5344)  time: 1.0428  data: 0.0005  max mem: 31176
Epoch: [0]  [5440/5625]  eta: 0:03:15  lr: 0.000009  train_loss: 0.3419 (0.6002)  train_iou: 0.5507 (0.5346)  time: 1.0408  data: 0.0005  max mem: 31176
Epoch: [0]  [5460/5625]  eta: 0:02:54  lr: 0.000009  train_loss: 0.3600 (0.5994)  train_iou: 0.5554 (0.5347)  time: 1.0430  data: 0.0005  max mem: 31176
Epoch: [0]  [5480/5625]  eta: 0:02:33  lr: 0.000009  train_loss: 0.3848 (0.5987)  train_iou: 0.6269 (0.5350)  time: 1.0438  data: 0.0005  max mem: 31176
Epoch: [0]  [5500/5625]  eta: 0:02:12  lr: 0.000009  train_loss: 0.3649 (0.5980)  train_iou: 0.6128 (0.5352)  time: 1.0488  data: 0.0005  max mem: 31176
Epoch: [0]  [5520/5625]  eta: 0:01:50  lr: 0.000009  train_loss: 0.3428 (0.5972)  train_iou: 0.6694 (0.5356)  time: 1.0476  data: 0.0005  max mem: 31176
Epoch: [0]  [5540/5625]  eta: 0:01:29  lr: 0.000009  train_loss: 0.3210 (0.5963)  train_iou: 0.6224 (0.5358)  time: 1.0415  data: 0.0005  max mem: 31176
Epoch: [0]  [5560/5625]  eta: 0:01:08  lr: 0.000009  train_loss: 0.3681 (0.5955)  train_iou: 0.5834 (0.5359)  time: 1.0419  data: 0.0005  max mem: 31176
Epoch: [0]  [5580/5625]  eta: 0:00:47  lr: 0.000009  train_loss: 0.4071 (0.5949)  train_iou: 0.5481 (0.5360)  time: 1.0443  data: 0.0005  max mem: 31176
Epoch: [0]  [5600/5625]  eta: 0:00:26  lr: 0.000009  train_loss: 0.4242 (0.5943)  train_iou: 0.5723 (0.5360)  time: 1.0452  data: 0.0005  max mem: 31176
Epoch: [0]  [5620/5625]  eta: 0:00:05  lr: 0.000009  train_loss: 0.3955 (0.5938)  train_iou: 0.5535 (0.5362)  time: 0.9529  data: 0.0003  max mem: 31176
Epoch: [0]  [5624/5625]  eta: 0:00:01  lr: 0.000009  train_loss: 0.3569 (0.5936)  train_iou: 0.5535 (0.5363)  time: 0.9229  data: 0.0002  max mem: 31176
Epoch: [0] Total time: 1:38:58 (1.0557 s / it)
Averaged stats: lr: 0.000009  train_loss: 0.3569 (0.5936)  train_iou: 0.5535 (0.5363)
huggingface/tokenizers: The current process just got forked, after parallelism has already been used. Disabling parallelism to avoid deadlocks...
To disable this warning, you can either:
	- Avoid using `tokenizers` before the fork if possible
	- Explicitly set the environment variable TOKENIZERS_PARALLELISM=(true | false)
huggingface/tokenizers: The current process just got forked, after parallelism has already been used. Disabling parallelism to avoid deadlocks...
To disable this warning, you can either:
	- Avoid using `tokenizers` before the fork if possible
	- Explicitly set the environment variable TOKENIZERS_PARALLELISM=(true | false)
huggingface/tokenizers: The current process just got forked, after parallelism has already been used. Disabling parallelism to avoid deadlocks...
To disable this warning, you can either:
	- Avoid using `tokenizers` before the fork if possible
	- Explicitly set the environment variable TOKENIZERS_PARALLELISM=(true | false)
huggingface/tokenizers: The current process just got forked, after parallelism has already been used. Disabling parallelism to avoid deadlocks...
To disable this warning, you can either:
	- Avoid using `tokenizers` before the fork if possible
	- Explicitly set the environment variable TOKENIZERS_PARALLELISM=(true | false)
huggingface/tokenizers: The current process just got forked, after parallelism has already been used. Disabling parallelism to avoid deadlocks...
To disable this warning, you can either:
	- Avoid using `tokenizers` before the fork if possible
	- Explicitly set the environment variable TOKENIZERS_PARALLELISM=(true | false)
huggingface/tokenizers: The current process just got forked, after parallelism has already been used. Disabling parallelism to avoid deadlocks...
To disable this warning, you can either:
	- Avoid using `tokenizers` before the fork if possible
	- Explicitly set the environment variable TOKENIZERS_PARALLELISM=(true | false)
huggingface/tokenizers: The current process just got forked, after parallelism has already been used. Disabling parallelism to avoid deadlocks...
To disable this warning, you can either:
	- Avoid using `tokenizers` before the fork if possible
	- Explicitly set the environment variable TOKENIZERS_PARALLELISM=(true | false)
huggingface/tokenizers: The current process just got forked, after parallelism has already been used. Disabling parallelism to avoid deadlocks...
To disable this warning, you can either:
	- Avoid using `tokenizers` before the fork if possible
	- Explicitly set the environment variable TOKENIZERS_PARALLELISM=(true | false)
Test:  [   0/4000]  eta: 8:19:42  inter: 32900.0000 (32900.0000)  union: 36916.0000 (36916.0000)  iou: 0.8912 (0.8912)  time: 7.4955  data: 1.1311  max mem: 31176
Test:  [  50/4000]  eta: 0:44:42  inter: 17675.0000 (25667.2812)  union: 54032.0000 (48601.2031)  iou: 0.2865 (0.5255)  time: 0.2176  data: 0.0005  max mem: 31176
Test:  [ 100/4000]  eta: 0:34:56  inter: 32070.0000 (28303.2794)  union: 47386.0000 (46953.6397)  iou: 0.7743 (0.5888)  time: 0.2144  data: 0.0005  max mem: 31176
Test:  [ 150/4000]  eta: 0:27:46  inter: 18802.0000 (27505.2536)  union: 29539.0000 (43923.8612)  iou: 0.8044 (0.6153)  time: 0.2254  data: 0.0005  max mem: 31176
Test:  [ 200/4000]  eta: 0:23:55  inter: 33763.0000 (28199.9634)  union: 38002.0000 (43530.7143)  iou: 0.8929 (0.6261)  time: 0.2095  data: 0.0005  max mem: 31176
Test:  [ 250/4000]  eta: 0:21:29  inter: 14853.0000 (30125.0271)  union: 33220.0000 (45194.1476)  iou: 0.5107 (0.6208)  time: 0.2046  data: 0.0005  max mem: 31176
Test:  [ 300/4000]  eta: 0:19:55  inter: 21343.0000 (29452.2208)  union: 24721.0000 (44606.5186)  iou: 0.8394 (0.6154)  time: 0.2215  data: 0.0005  max mem: 31176
Test:  [ 350/4000]  eta: 0:18:47  inter: 11835.0000 (28607.7149)  union: 34163.0000 (44461.8037)  iou: 0.4760 (0.6064)  time: 0.2252  data: 0.0005  max mem: 31176
Test:  [ 400/4000]  eta: 0:19:32  inter: 30540.0000 (27856.0250)  union: 35986.0000 (43418.4321)  iou: 0.6741 (0.6016)  time: 0.2126  data: 0.0005  max mem: 31176
Test:  [ 450/4000]  eta: 0:18:33  inter: 19316.0000 (27552.6635)  union: 33369.0000 (43355.8190)  iou: 0.6655 (0.6002)  time: 0.2309  data: 0.0005  max mem: 31176
Test:  [ 500/4000]  eta: 0:17:44  inter: 16760.0000 (28283.7966)  union: 35049.0000 (44248.8009)  iou: 0.5105 (0.6011)  time: 0.2109  data: 0.0005  max mem: 31176
Test:  [ 550/4000]  eta: 0:17:04  inter: 23116.0000 (28141.6311)  union: 32809.0000 (43779.6272)  iou: 0.7965 (0.6066)  time: 0.2258  data: 0.0008  max mem: 31176
Test:  [ 600/4000]  eta: 0:16:27  inter: 10173.0000 (28123.9870)  union: 37932.0000 (44003.9893)  iou: 0.7251 (0.6044)  time: 0.2202  data: 0.0005  max mem: 31176
Test:  [ 650/4000]  eta: 0:15:52  inter: 25238.0000 (28623.0099)  union: 42255.0000 (44329.8663)  iou: 0.6551 (0.6049)  time: 0.2104  data: 0.0005  max mem: 31176
Test:  [ 700/4000]  eta: 0:15:22  inter: 17297.0000 (28279.3912)  union: 28877.0000 (44087.6170)  iou: 0.5016 (0.5987)  time: 0.2122  data: 0.0005  max mem: 31176
Test:  [ 750/4000]  eta: 0:14:56  inter: 26919.0000 (28223.5252)  union: 33046.0000 (43862.3578)  iou: 0.8184 (0.6033)  time: 0.2334  data: 0.0005  max mem: 31176
Test:  [ 800/4000]  eta: 0:14:31  inter: 18508.0000 (27911.1054)  union: 46649.0000 (43463.3330)  iou: 0.5447 (0.5994)  time: 0.2240  data: 0.0005  max mem: 31176
Test:  [ 850/4000]  eta: 0:14:08  inter: 21927.0000 (27910.0812)  union: 42242.0000 (43355.2268)  iou: 0.8133 (0.6009)  time: 0.2090  data: 0.0005  max mem: 31176
Test:  [ 900/4000]  eta: 0:13:47  inter: 20101.0000 (27977.2292)  union: 29311.0000 (43719.7281)  iou: 0.6978 (0.5973)  time: 0.2096  data: 0.0005  max mem: 31176
Test:  [ 950/4000]  eta: 0:13:25  inter: 24959.0000 (28114.5484)  union: 30676.0000 (43702.1305)  iou: 0.8588 (0.5971)  time: 0.2181  data: 0.0005  max mem: 31176
Test:  [1000/4000]  eta: 0:13:05  inter: 25862.0000 (28296.6272)  union: 36720.0000 (43949.4733)  iou: 0.7625 (0.5976)  time: 0.2093  data: 0.0005  max mem: 31176
Test:  [1050/4000]  eta: 0:12:46  inter: 23545.0000 (28298.3721)  union: 38837.0000 (43917.1748)  iou: 0.6455 (0.5972)  time: 0.2215  data: 0.0005  max mem: 31176
Test:  [1100/4000]  eta: 0:12:27  inter: 22414.0000 (28100.6257)  union: 31981.0000 (43691.2617)  iou: 0.6037 (0.5943)  time: 0.2170  data: 0.0005  max mem: 31176
Test:  [1150/4000]  eta: 0:12:10  inter: 14288.0000 (28136.1669)  union: 23741.0000 (43454.0757)  iou: 0.7447 (0.5976)  time: 0.2280  data: 0.0005  max mem: 31176
Test:  [1200/4000]  eta: 0:11:53  inter: 11470.0000 (28248.8983)  union: 33132.0000 (43830.7568)  iou: 0.7968 (0.5957)  time: 0.2202  data: 0.0005  max mem: 31176
Test:  [1250/4000]  eta: 0:11:37  inter: 6056.0000 (27970.0460)  union: 38168.0000 (43656.2550)  iou: 0.2158 (0.5937)  time: 0.2311  data: 0.0005  max mem: 31176
Test:  [1300/4000]  eta: 0:11:21  inter: 19617.0000 (27749.5298)  union: 35908.0000 (43413.3277)  iou: 0.5159 (0.5946)  time: 0.2230  data: 0.0005  max mem: 31176
Test:  [1350/4000]  eta: 0:11:05  inter: 26001.0000 (27791.1437)  union: 34429.0000 (43478.9737)  iou: 0.8061 (0.5946)  time: 0.2228  data: 0.0005  max mem: 31176
Test:  [1400/4000]  eta: 0:10:50  inter: 9436.0000 (27854.7718)  union: 11685.0000 (43634.3401)  iou: 0.7368 (0.5924)  time: 0.2224  data: 0.0005  max mem: 31176
Test:  [1450/4000]  eta: 0:10:35  inter: 14323.0000 (27676.1169)  union: 34114.0000 (43445.0093)  iou: 0.5998 (0.5905)  time: 0.2192  data: 0.0005  max mem: 31176
Test:  [1500/4000]  eta: 0:10:20  inter: 17545.0000 (27678.6660)  union: 40394.0000 (43553.8855)  iou: 0.4294 (0.5883)  time: 0.2174  data: 0.0005  max mem: 31176
Test:  [1550/4000]  eta: 0:10:06  inter: 22264.0000 (27539.4024)  union: 29686.0000 (43470.4589)  iou: 0.5413 (0.5886)  time: 0.2348  data: 0.0005  max mem: 31176
Test:  [1600/4000]  eta: 0:10:09  inter: 13402.0000 (27441.2464)  union: 39491.0000 (43441.2001)  iou: 0.7417 (0.5861)  time: 0.8040  data: 0.0005  max mem: 31176
Test:  [1650/4000]  eta: 0:09:54  inter: 19587.0000 (27442.9335)  union: 33091.0000 (43446.5909)  iou: 0.4456 (0.5853)  time: 0.2173  data: 0.0005  max mem: 31176
Test:  [1700/4000]  eta: 0:09:39  inter: 16868.0000 (27383.0263)  union: 42465.0000 (43523.6199)  iou: 0.6842 (0.5836)  time: 0.2199  data: 0.0005  max mem: 31176
Test:  [1750/4000]  eta: 0:09:24  inter: 25684.0000 (27347.7022)  union: 39052.0000 (43418.0130)  iou: 0.6248 (0.5834)  time: 0.2313  data: 0.0005  max mem: 31176
Test:  [1800/4000]  eta: 0:09:11  inter: 25332.0000 (27223.0691)  union: 46664.0000 (43401.9026)  iou: 0.6481 (0.5819)  time: 0.2337  data: 0.0005  max mem: 31176
Test:  [1850/4000]  eta: 0:08:56  inter: 17179.0000 (27197.2479)  union: 32977.0000 (43519.4015)  iou: 0.4256 (0.5802)  time: 0.2204  data: 0.0005  max mem: 31176
Test:  [1900/4000]  eta: 0:08:42  inter: 31256.0000 (27094.8487)  union: 55559.0000 (43428.0436)  iou: 0.5316 (0.5801)  time: 0.2266  data: 0.0005  max mem: 31176
Test:  [1950/4000]  eta: 0:08:29  inter: 10992.0000 (27083.5074)  union: 17472.0000 (43369.7182)  iou: 0.5810 (0.5801)  time: 0.2218  data: 0.0005  max mem: 31176
Test:  [2000/4000]  eta: 0:08:15  inter: 16758.0000 (27063.4543)  union: 22914.0000 (43301.8612)  iou: 0.6700 (0.5804)  time: 0.2120  data: 0.0005  max mem: 31176
Test:  [2050/4000]  eta: 0:08:01  inter: 12627.0000 (26985.9431)  union: 56544.0000 (43482.5989)  iou: 0.2201 (0.5789)  time: 0.2432  data: 0.0005  max mem: 31176
Test:  [2100/4000]  eta: 0:07:48  inter: 19071.0000 (26963.4184)  union: 35786.0000 (43428.9922)  iou: 0.8199 (0.5791)  time: 0.2117  data: 0.0005  max mem: 31176
Test:  [2150/4000]  eta: 0:07:34  inter: 23881.0000 (26956.4705)  union: 39991.0000 (43458.1756)  iou: 0.6071 (0.5783)  time: 0.2163  data: 0.0005  max mem: 31176
Test:  [2200/4000]  eta: 0:07:21  inter: 9713.0000 (26891.5010)  union: 23109.0000 (43327.0870)  iou: 0.5418 (0.5782)  time: 0.2225  data: 0.0005  max mem: 31176
Test:  [2250/4000]  eta: 0:07:08  inter: 20314.0000 (26736.4364)  union: 39933.0000 (43198.9037)  iou: 0.7168 (0.5766)  time: 0.2124  data: 0.0005  max mem: 31176
Test:  [2300/4000]  eta: 0:06:55  inter: 34145.0000 (26795.8237)  union: 40116.0000 (43161.8598)  iou: 0.6116 (0.5779)  time: 0.2252  data: 0.0005  max mem: 31176
Test:  [2350/4000]  eta: 0:06:42  inter: 15174.0000 (26710.1650)  union: 43434.0000 (43106.8269)  iou: 0.6646 (0.5780)  time: 0.2316  data: 0.0005  max mem: 31176
Test:  [2400/4000]  eta: 0:06:29  inter: 10617.0000 (26742.9938)  union: 36660.0000 (43046.2555)  iou: 0.3939 (0.5790)  time: 0.2327  data: 0.0005  max mem: 31176
Test:  [2450/4000]  eta: 0:06:16  inter: 29280.0000 (26838.9939)  union: 34189.0000 (43095.3070)  iou: 0.8309 (0.5809)  time: 0.2076  data: 0.0005  max mem: 31176
Test:  [2500/4000]  eta: 0:06:03  inter: 24727.0000 (26818.2042)  union: 38500.0000 (43079.2272)  iou: 0.8171 (0.5810)  time: 0.2104  data: 0.0005  max mem: 31176
Test:  [2550/4000]  eta: 0:05:51  inter: 29627.0000 (26954.0882)  union: 33429.0000 (43189.3732)  iou: 0.7693 (0.5823)  time: 0.2359  data: 0.0005  max mem: 31176
Test:  [2600/4000]  eta: 0:05:38  inter: 16446.0000 (26892.6904)  union: 35001.0000 (43177.5038)  iou: 0.4347 (0.5812)  time: 0.2260  data: 0.0005  max mem: 31176
Test:  [2650/4000]  eta: 0:05:25  inter: 14412.0000 (26960.9339)  union: 34196.0000 (43422.8596)  iou: 0.7817 (0.5802)  time: 0.2250  data: 0.0005  max mem: 31176
Test:  [2700/4000]  eta: 0:05:13  inter: 27120.0000 (27058.5732)  union: 31729.0000 (43542.5078)  iou: 0.8149 (0.5808)  time: 0.2181  data: 0.0005  max mem: 31176
Test:  [2750/4000]  eta: 0:05:00  inter: 22740.0000 (27114.1606)  union: 34631.0000 (43684.9928)  iou: 0.8526 (0.5797)  time: 0.2164  data: 0.0005  max mem: 31176
Test:  [2800/4000]  eta: 0:04:48  inter: 14852.0000 (27076.6964)  union: 29097.0000 (43557.8368)  iou: 0.6368 (0.5801)  time: 0.2195  data: 0.0005  max mem: 31176
Test:  [2850/4000]  eta: 0:04:35  inter: 12214.0000 (27176.3380)  union: 38039.0000 (43676.5501)  iou: 0.6398 (0.5795)  time: 0.2169  data: 0.0008  max mem: 31176
Test:  [2900/4000]  eta: 0:04:23  inter: 20018.0000 (27198.7385)  union: 26079.0000 (43751.9917)  iou: 0.7667 (0.5783)  time: 0.2116  data: 0.0005  max mem: 31176
Test:  [2950/4000]  eta: 0:04:11  inter: 21771.0000 (27230.3471)  union: 27016.0000 (43770.6255)  iou: 0.5227 (0.5786)  time: 0.2124  data: 0.0005  max mem: 31176
Test:  [3000/4000]  eta: 0:03:59  inter: 21101.0000 (27182.2926)  union: 33680.0000 (43747.2335)  iou: 0.6016 (0.5777)  time: 0.2307  data: 0.0005  max mem: 31176
Test:  [3050/4000]  eta: 0:03:46  inter: 19212.0000 (27153.4324)  union: 48819.0000 (43848.8398)  iou: 0.4262 (0.5774)  time: 0.2209  data: 0.0008  max mem: 31176
Test:  [3100/4000]  eta: 0:03:34  inter: 17184.0000 (27130.1161)  union: 45599.0000 (43797.5867)  iou: 0.4804 (0.5776)  time: 0.2208  data: 0.0005  max mem: 31176
Test:  [3150/4000]  eta: 0:03:22  inter: 13973.0000 (27027.2945)  union: 21946.0000 (43701.0968)  iou: 0.4950 (0.5767)  time: 0.2230  data: 0.0005  max mem: 31176
Test:  [3200/4000]  eta: 0:03:10  inter: 13930.0000 (27075.1578)  union: 41856.0000 (43764.4284)  iou: 0.3569 (0.5773)  time: 0.2162  data: 0.0005  max mem: 31176
Test:  [3250/4000]  eta: 0:02:58  inter: 15885.0000 (27010.5201)  union: 33909.0000 (43694.3406)  iou: 0.6707 (0.5761)  time: 0.2203  data: 0.0005  max mem: 31176
Test:  [3300/4000]  eta: 0:02:46  inter: 37296.0000 (27108.7736)  union: 50683.0000 (43870.3490)  iou: 0.8056 (0.5751)  time: 0.2337  data: 0.0005  max mem: 31176
Test:  [3350/4000]  eta: 0:02:34  inter: 9672.0000 (27069.2417)  union: 16140.0000 (43851.0241)  iou: 0.7680 (0.5753)  time: 0.2092  data: 0.0006  max mem: 31176
Test:  [3400/4000]  eta: 0:02:22  inter: 27570.0000 (27187.0246)  union: 40278.0000 (43893.6833)  iou: 0.8425 (0.5766)  time: 0.2285  data: 0.0005  max mem: 31176
Test:  [3450/4000]  eta: 0:02:10  inter: 16739.0000 (27193.0582)  union: 31296.0000 (43916.2071)  iou: 0.5302 (0.5766)  time: 0.2153  data: 0.0005  max mem: 31176
Test:  [3500/4000]  eta: 0:01:58  inter: 16184.0000 (27160.5142)  union: 20433.0000 (43850.4635)  iou: 0.6966 (0.5767)  time: 0.2132  data: 0.0005  max mem: 31176
Test:  [3550/4000]  eta: 0:01:46  inter: 25888.0000 (27154.3994)  union: 37920.0000 (43876.7564)  iou: 0.8091 (0.5762)  time: 0.2113  data: 0.0005  max mem: 31176
Test:  [3600/4000]  eta: 0:01:34  inter: 21712.0000 (27104.8831)  union: 32240.0000 (43819.0534)  iou: 0.8066 (0.5752)  time: 0.2160  data: 0.0005  max mem: 31176
Test:  [3650/4000]  eta: 0:01:22  inter: 25148.0000 (27072.5874)  union: 39231.0000 (43796.1925)  iou: 0.4981 (0.5751)  time: 0.2400  data: 0.0005  max mem: 31176
Test:  [3700/4000]  eta: 0:01:10  inter: 24668.0000 (27165.1833)  union: 39646.0000 (43820.4746)  iou: 0.7941 (0.5757)  time: 0.2180  data: 0.0005  max mem: 31176
Test:  [3750/4000]  eta: 0:00:58  inter: 23085.0000 (27201.6559)  union: 47927.0000 (43881.0492)  iou: 0.5966 (0.5761)  time: 0.2152  data: 0.0005  max mem: 31176
Test:  [3800/4000]  eta: 0:00:47  inter: 21714.0000 (27209.4369)  union: 29389.0000 (43863.4770)  iou: 0.6542 (0.5764)  time: 0.2082  data: 0.0005  max mem: 31176
Test:  [3850/4000]  eta: 0:00:35  inter: 23640.0000 (27230.0690)  union: 34023.0000 (43882.1997)  iou: 0.8213 (0.5768)  time: 0.2180  data: 0.0005  max mem: 31176
Test:  [3900/4000]  eta: 0:00:23  inter: 18129.0000 (27262.2684)  union: 36178.0000 (43974.4582)  iou: 0.7351 (0.5765)  time: 0.2197  data: 0.0005  max mem: 31176
Test:  [3950/4000]  eta: 0:00:11  inter: 17315.0000 (27216.8530)  union: 40267.0000 (43899.9626)  iou: 0.6946 (0.5764)  time: 0.2137  data: 0.0005  max mem: 31176
Test:  [3999/4000]  eta: 0:00:00  inter: 15575.0000 (27157.4266)  union: 34668.0000 (43793.9208)  iou: 0.6773 (0.5772)  time: 0.1954  data: 0.0002  max mem: 31176
Test: Total time: 0:15:39 (0.2349 s / it)
* IoU 0.577 oIoU 0.620
IoU of the network on the 4000 test images: 0.6%
Max IoU: 0.58%
huggingface/tokenizers: The current process just got forked, after parallelism has already been used. Disabling parallelism to avoid deadlocks...
To disable this warning, you can either:
	- Avoid using `tokenizers` before the fork if possible
	- Explicitly set the environment variable TOKENIZERS_PARALLELISM=(true | false)
huggingface/tokenizers: The current process just got forked, after parallelism has already been used. Disabling parallelism to avoid deadlocks...
To disable this warning, you can either:
	- Avoid using `tokenizers` before the fork if possible
	- Explicitly set the environment variable TOKENIZERS_PARALLELISM=(true | false)
huggingface/tokenizers: The current process just got forked, after parallelism has already been used. Disabling parallelism to avoid deadlocks...
To disable this warning, you can either:
	- Avoid using `tokenizers` before the fork if possible
	- Explicitly set the environment variable TOKENIZERS_PARALLELISM=(true | false)
huggingface/tokenizers: The current process just got forked, after parallelism has already been used. Disabling parallelism to avoid deadlocks...
To disable this warning, you can either:
	- Avoid using `tokenizers` before the fork if possible
	- Explicitly set the environment variable TOKENIZERS_PARALLELISM=(true | false)
huggingface/tokenizers: The current process just got forked, after parallelism has already been used. Disabling parallelism to avoid deadlocks...
To disable this warning, you can either:
	- Avoid using `tokenizers` before the fork if possible
	- Explicitly set the environment variable TOKENIZERS_PARALLELISM=(true | false)
huggingface/tokenizers: The current process just got forked, after parallelism has already been used. Disabling parallelism to avoid deadlocks...
To disable this warning, you can either:
	- Avoid using `tokenizers` before the fork if possible
	- Explicitly set the environment variable TOKENIZERS_PARALLELISM=(true | false)
huggingface/tokenizers: The current process just got forked, after parallelism has already been used. Disabling parallelism to avoid deadlocks...
To disable this warning, you can either:
	- Avoid using `tokenizers` before the fork if possible
	- Explicitly set the environment variable TOKENIZERS_PARALLELISM=(true | false)
huggingface/tokenizers: The current process just got forked, after parallelism has already been used. Disabling parallelism to avoid deadlocks...
To disable this warning, you can either:
	- Avoid using `tokenizers` before the fork if possible
	- Explicitly set the environment variable TOKENIZERS_PARALLELISM=(true | false)
Epoch: [1]  [   0/5625]  eta: 8:12:25  lr: 0.000009  train_loss: 0.5060 (0.5060)  train_iou: 0.4820 (0.4820)  time: 5.2525  data: 3.5462  max mem: 31176
Epoch: [1]  [  20/5625]  eta: 2:00:01  lr: 0.000009  train_loss: 0.4179 (0.4440)  train_iou: 0.6091 (0.5789)  time: 1.0864  data: 0.0017  max mem: 31176
Epoch: [1]  [  40/5625]  eta: 1:49:36  lr: 0.000009  train_loss: 0.4153 (0.4462)  train_iou: 0.5410 (0.5555)  time: 1.0649  data: 0.0005  max mem: 31176
Epoch: [1]  [  60/5625]  eta: 1:46:30  lr: 0.000009  train_loss: 0.3578 (0.4237)  train_iou: 0.5454 (0.5605)  time: 1.0883  data: 0.0005  max mem: 31176
Epoch: [1]  [  80/5625]  eta: 1:44:11  lr: 0.000009  train_loss: 0.3445 (0.4043)  train_iou: 0.5671 (0.5747)  time: 1.0638  data: 0.0005  max mem: 31176
Epoch: [1]  [ 100/5625]  eta: 1:42:31  lr: 0.000009  train_loss: 0.2908 (0.3933)  train_iou: 0.5949 (0.5809)  time: 1.0565  data: 0.0005  max mem: 31176
Epoch: [1]  [ 120/5625]  eta: 1:41:25  lr: 0.000009  train_loss: 0.3700 (0.3965)  train_iou: 0.5533 (0.5766)  time: 1.0652  data: 0.0005  max mem: 31176
Epoch: [1]  [ 140/5625]  eta: 1:40:32  lr: 0.000009  train_loss: 0.3835 (0.3987)  train_iou: 0.6085 (0.5799)  time: 1.0657  data: 0.0005  max mem: 31176
Epoch: [1]  [ 160/5625]  eta: 1:39:47  lr: 0.000009  train_loss: 0.3838 (0.4075)  train_iou: 0.5654 (0.5822)  time: 1.0667  data: 0.0005  max mem: 31176
Epoch: [1]  [ 180/5625]  eta: 1:39:12  lr: 0.000009  train_loss: 0.2434 (0.3961)  train_iou: 0.6037 (0.5856)  time: 1.0727  data: 0.0005  max mem: 31176
Epoch: [1]  [ 200/5625]  eta: 1:38:42  lr: 0.000009  train_loss: 0.4023 (0.4004)  train_iou: 0.5612 (0.5861)  time: 1.0787  data: 0.0005  max mem: 31176
Epoch: [1]  [ 220/5625]  eta: 1:38:09  lr: 0.000009  train_loss: 0.3755 (0.4005)  train_iou: 0.5657 (0.5847)  time: 1.0690  data: 0.0005  max mem: 31176
Epoch: [1]  [ 240/5625]  eta: 1:37:38  lr: 0.000009  train_loss: 0.3683 (0.3987)  train_iou: 0.5873 (0.5849)  time: 1.0687  data: 0.0005  max mem: 31176
Epoch: [1]  [ 260/5625]  eta: 1:37:06  lr: 0.000009  train_loss: 0.3293 (0.3997)  train_iou: 0.6224 (0.5885)  time: 1.0644  data: 0.0005  max mem: 31176
Epoch: [1]  [ 280/5625]  eta: 1:36:36  lr: 0.000009  train_loss: 0.3592 (0.4030)  train_iou: 0.6106 (0.5895)  time: 1.0634  data: 0.0005  max mem: 31176
Epoch: [1]  [ 300/5625]  eta: 1:36:11  lr: 0.000009  train_loss: 0.3230 (0.3981)  train_iou: 0.6486 (0.5922)  time: 1.0745  data: 0.0005  max mem: 31176
Epoch: [1]  [ 320/5625]  eta: 1:35:45  lr: 0.000009  train_loss: 0.3409 (0.3952)  train_iou: 0.5860 (0.5926)  time: 1.0709  data: 0.0005  max mem: 31176
Epoch: [1]  [ 340/5625]  eta: 1:35:16  lr: 0.000009  train_loss: 0.2672 (0.3904)  train_iou: 0.6165 (0.5943)  time: 1.0606  data: 0.0005  max mem: 31176
Epoch: [1]  [ 360/5625]  eta: 1:34:51  lr: 0.000009  train_loss: 0.3512 (0.3890)  train_iou: 0.6169 (0.5943)  time: 1.0693  data: 0.0005  max mem: 31176
Epoch: [1]  [ 380/5625]  eta: 1:34:28  lr: 0.000009  train_loss: 0.4315 (0.3916)  train_iou: 0.6594 (0.5969)  time: 1.0752  data: 0.0005  max mem: 31176
Epoch: [1]  [ 400/5625]  eta: 1:34:00  lr: 0.000009  train_loss: 0.3282 (0.3921)  train_iou: 0.6005 (0.5962)  time: 1.0576  data: 0.0005  max mem: 31176
Epoch: [1]  [ 420/5625]  eta: 1:33:35  lr: 0.000009  train_loss: 0.3943 (0.3925)  train_iou: 0.5895 (0.5971)  time: 1.0647  data: 0.0005  max mem: 31176
Epoch: [1]  [ 440/5625]  eta: 1:33:12  lr: 0.000009  train_loss: 0.3563 (0.3929)  train_iou: 0.5832 (0.5960)  time: 1.0738  data: 0.0005  max mem: 31176
Epoch: [1]  [ 460/5625]  eta: 1:32:49  lr: 0.000009  train_loss: 0.3483 (0.3922)  train_iou: 0.6132 (0.5970)  time: 1.0709  data: 0.0005  max mem: 31176
Epoch: [1]  [ 480/5625]  eta: 1:32:25  lr: 0.000009  train_loss: 0.3918 (0.3948)  train_iou: 0.6254 (0.5968)  time: 1.0654  data: 0.0005  max mem: 31176
Epoch: [1]  [ 500/5625]  eta: 1:32:01  lr: 0.000009  train_loss: 0.3399 (0.3941)  train_iou: 0.6305 (0.5977)  time: 1.0696  data: 0.0005  max mem: 31176
Epoch: [1]  [ 520/5625]  eta: 1:31:37  lr: 0.000009  train_loss: 0.3321 (0.3936)  train_iou: 0.5827 (0.5979)  time: 1.0610  data: 0.0005  max mem: 31176
Epoch: [1]  [ 540/5625]  eta: 1:31:13  lr: 0.000009  train_loss: 0.3578 (0.3915)  train_iou: 0.6064 (0.5980)  time: 1.0637  data: 0.0005  max mem: 31176
Epoch: [1]  [ 560/5625]  eta: 1:30:52  lr: 0.000009  train_loss: 0.3975 (0.3925)  train_iou: 0.5882 (0.5978)  time: 1.0792  data: 0.0005  max mem: 31176
Epoch: [1]  [ 580/5625]  eta: 1:30:29  lr: 0.000009  train_loss: 0.3487 (0.3921)  train_iou: 0.5822 (0.5974)  time: 1.0715  data: 0.0005  max mem: 31176
Epoch: [1]  [ 600/5625]  eta: 1:30:05  lr: 0.000009  train_loss: 0.3061 (0.3901)  train_iou: 0.6057 (0.5969)  time: 1.0633  data: 0.0005  max mem: 31176
Epoch: [1]  [ 620/5625]  eta: 1:29:42  lr: 0.000009  train_loss: 0.2687 (0.3888)  train_iou: 0.6101 (0.5973)  time: 1.0650  data: 0.0005  max mem: 31176
Epoch: [1]  [ 640/5625]  eta: 1:29:19  lr: 0.000009  train_loss: 0.2991 (0.3875)  train_iou: 0.6304 (0.5984)  time: 1.0613  data: 0.0005  max mem: 31176
Epoch: [1]  [ 660/5625]  eta: 1:28:55  lr: 0.000009  train_loss: 0.2954 (0.3887)  train_iou: 0.5817 (0.5978)  time: 1.0623  data: 0.0005  max mem: 31176
Epoch: [1]  [ 680/5625]  eta: 1:28:33  lr: 0.000009  train_loss: 0.2985 (0.3876)  train_iou: 0.6165 (0.5988)  time: 1.0688  data: 0.0005  max mem: 31176
Epoch: [1]  [ 700/5625]  eta: 1:28:10  lr: 0.000009  train_loss: 0.3578 (0.3880)  train_iou: 0.5694 (0.5979)  time: 1.0659  data: 0.0005  max mem: 31176
Epoch: [1]  [ 720/5625]  eta: 1:27:47  lr: 0.000009  train_loss: 0.2675 (0.3876)  train_iou: 0.6362 (0.5988)  time: 1.0647  data: 0.0005  max mem: 31176
Epoch: [1]  [ 740/5625]  eta: 1:27:25  lr: 0.000009  train_loss: 0.3422 (0.3869)  train_iou: 0.6411 (0.6001)  time: 1.0680  data: 0.0005  max mem: 31176
Epoch: [1]  [ 760/5625]  eta: 1:27:03  lr: 0.000009  train_loss: 0.3739 (0.3869)  train_iou: 0.5781 (0.6006)  time: 1.0694  data: 0.0005  max mem: 31176
Epoch: [1]  [ 780/5625]  eta: 1:26:41  lr: 0.000009  train_loss: 0.4307 (0.3876)  train_iou: 0.5880 (0.6006)  time: 1.0710  data: 0.0005  max mem: 31176
Epoch: [1]  [ 800/5625]  eta: 1:26:20  lr: 0.000009  train_loss: 0.3224 (0.3878)  train_iou: 0.5959 (0.6011)  time: 1.0745  data: 0.0005  max mem: 31176
Epoch: [1]  [ 820/5625]  eta: 1:25:58  lr: 0.000009  train_loss: 0.3757 (0.3890)  train_iou: 0.5590 (0.6005)  time: 1.0691  data: 0.0005  max mem: 31176
Epoch: [1]  [ 840/5625]  eta: 1:25:37  lr: 0.000009  train_loss: 0.3558 (0.3880)  train_iou: 0.6399 (0.6015)  time: 1.0779  data: 0.0005  max mem: 31176
Epoch: [1]  [ 860/5625]  eta: 1:25:14  lr: 0.000009  train_loss: 0.2525 (0.3862)  train_iou: 0.5804 (0.6019)  time: 1.0626  data: 0.0005  max mem: 31176
Epoch: [1]  [ 880/5625]  eta: 1:24:52  lr: 0.000009  train_loss: 0.3296 (0.3856)  train_iou: 0.6116 (0.6022)  time: 1.0705  data: 0.0005  max mem: 31176
Epoch: [1]  [ 900/5625]  eta: 1:24:30  lr: 0.000009  train_loss: 0.3453 (0.3856)  train_iou: 0.5958 (0.6023)  time: 1.0615  data: 0.0005  max mem: 31176
Epoch: [1]  [ 920/5625]  eta: 1:24:07  lr: 0.000009  train_loss: 0.2918 (0.3837)  train_iou: 0.6173 (0.6028)  time: 1.0608  data: 0.0005  max mem: 31176
Epoch: [1]  [ 940/5625]  eta: 1:23:44  lr: 0.000009  train_loss: 0.2622 (0.3822)  train_iou: 0.6478 (0.6033)  time: 1.0614  data: 0.0005  max mem: 31176
Epoch: [1]  [ 960/5625]  eta: 1:23:22  lr: 0.000009  train_loss: 0.3736 (0.3825)  train_iou: 0.6201 (0.6028)  time: 1.0626  data: 0.0005  max mem: 31176
Epoch: [1]  [ 980/5625]  eta: 1:23:01  lr: 0.000009  train_loss: 0.2626 (0.3815)  train_iou: 0.6538 (0.6037)  time: 1.0765  data: 0.0005  max mem: 31176
Epoch: [1]  [1000/5625]  eta: 1:22:40  lr: 0.000009  train_loss: 0.2822 (0.3807)  train_iou: 0.6132 (0.6041)  time: 1.0778  data: 0.0005  max mem: 31176
Epoch: [1]  [1020/5625]  eta: 1:22:18  lr: 0.000009  train_loss: 0.2815 (0.3798)  train_iou: 0.6336 (0.6046)  time: 1.0724  data: 0.0005  max mem: 31176
Epoch: [1]  [1040/5625]  eta: 1:21:57  lr: 0.000009  train_loss: 0.3796 (0.3809)  train_iou: 0.5363 (0.6037)  time: 1.0779  data: 0.0005  max mem: 31176
Epoch: [1]  [1060/5625]  eta: 1:21:36  lr: 0.000009  train_loss: 0.3542 (0.3808)  train_iou: 0.6012 (0.6037)  time: 1.0681  data: 0.0005  max mem: 31176
Epoch: [1]  [1080/5625]  eta: 1:21:13  lr: 0.000009  train_loss: 0.3292 (0.3814)  train_iou: 0.5993 (0.6034)  time: 1.0609  data: 0.0005  max mem: 31176
Epoch: [1]  [1100/5625]  eta: 1:20:52  lr: 0.000009  train_loss: 0.2215 (0.3809)  train_iou: 0.6327 (0.6036)  time: 1.0772  data: 0.0005  max mem: 31176
Epoch: [1]  [1120/5625]  eta: 1:20:31  lr: 0.000009  train_loss: 0.3363 (0.3817)  train_iou: 0.6029 (0.6037)  time: 1.0788  data: 0.0005  max mem: 31176
Epoch: [1]  [1140/5625]  eta: 1:20:10  lr: 0.000009  train_loss: 0.3596 (0.3821)  train_iou: 0.5674 (0.6033)  time: 1.0718  data: 0.0005  max mem: 31176
Epoch: [1]  [1160/5625]  eta: 1:19:59  lr: 0.000009  train_loss: 0.3450 (0.3821)  train_iou: 0.5673 (0.6027)  time: 1.2092  data: 0.0005  max mem: 31176
Epoch: [1]  [1180/5625]  eta: 1:19:36  lr: 0.000009  train_loss: 0.3296 (0.3819)  train_iou: 0.5779 (0.6021)  time: 1.0593  data: 0.0004  max mem: 31176
Epoch: [1]  [1200/5625]  eta: 1:19:13  lr: 0.000009  train_loss: 0.4211 (0.3829)  train_iou: 0.5433 (0.6014)  time: 1.0539  data: 0.0004  max mem: 31176
Epoch: [1]  [1220/5625]  eta: 1:18:51  lr: 0.000009  train_loss: 0.3221 (0.3826)  train_iou: 0.5955 (0.6014)  time: 1.0628  data: 0.0005  max mem: 31176
Epoch: [1]  [1240/5625]  eta: 1:18:28  lr: 0.000009  train_loss: 0.3499 (0.3826)  train_iou: 0.5720 (0.6009)  time: 1.0596  data: 0.0004  max mem: 31176
Epoch: [1]  [1260/5625]  eta: 1:18:07  lr: 0.000009  train_loss: 0.3526 (0.3821)  train_iou: 0.6549 (0.6012)  time: 1.0712  data: 0.0005  max mem: 31176
Epoch: [1]  [1280/5625]  eta: 1:17:45  lr: 0.000009  train_loss: 0.3110 (0.3817)  train_iou: 0.6598 (0.6018)  time: 1.0687  data: 0.0005  max mem: 31176
Epoch: [1]  [1300/5625]  eta: 1:17:23  lr: 0.000009  train_loss: 0.3531 (0.3813)  train_iou: 0.5882 (0.6014)  time: 1.0626  data: 0.0005  max mem: 31176
Epoch: [1]  [1320/5625]  eta: 1:17:00  lr: 0.000009  train_loss: 0.2896 (0.3804)  train_iou: 0.5844 (0.6017)  time: 1.0620  data: 0.0005  max mem: 31176
Epoch: [1]  [1340/5625]  eta: 1:16:39  lr: 0.000009  train_loss: 0.3251 (0.3805)  train_iou: 0.5742 (0.6018)  time: 1.0778  data: 0.0005  max mem: 31176
Epoch: [1]  [1360/5625]  eta: 1:16:17  lr: 0.000009  train_loss: 0.3066 (0.3804)  train_iou: 0.6330 (0.6019)  time: 1.0662  data: 0.0005  max mem: 31176
Epoch: [1]  [1380/5625]  eta: 1:15:56  lr: 0.000009  train_loss: 0.2742 (0.3788)  train_iou: 0.6320 (0.6023)  time: 1.0716  data: 0.0004  max mem: 31176
Epoch: [1]  [1400/5625]  eta: 1:15:34  lr: 0.000009  train_loss: 0.3884 (0.3788)  train_iou: 0.6055 (0.6029)  time: 1.0665  data: 0.0004  max mem: 31176
Epoch: [1]  [1420/5625]  eta: 1:15:12  lr: 0.000009  train_loss: 0.3293 (0.3791)  train_iou: 0.6085 (0.6028)  time: 1.0617  data: 0.0005  max mem: 31176
Epoch: [1]  [1440/5625]  eta: 1:14:50  lr: 0.000009  train_loss: 0.3499 (0.3786)  train_iou: 0.6302 (0.6033)  time: 1.0621  data: 0.0004  max mem: 31176
Epoch: [1]  [1460/5625]  eta: 1:14:29  lr: 0.000009  train_loss: 0.3737 (0.3785)  train_iou: 0.6048 (0.6031)  time: 1.0867  data: 0.0004  max mem: 31176
Epoch: [1]  [1480/5625]  eta: 1:14:08  lr: 0.000009  train_loss: 0.3269 (0.3783)  train_iou: 0.6364 (0.6033)  time: 1.0829  data: 0.0005  max mem: 31176
Epoch: [1]  [1500/5625]  eta: 1:13:47  lr: 0.000009  train_loss: 0.2909 (0.3776)  train_iou: 0.6040 (0.6034)  time: 1.0760  data: 0.0005  max mem: 31176
Epoch: [1]  [1520/5625]  eta: 1:13:25  lr: 0.000009  train_loss: 0.3287 (0.3768)  train_iou: 0.6395 (0.6045)  time: 1.0729  data: 0.0005  max mem: 31176
Epoch: [1]  [1540/5625]  eta: 1:13:03  lr: 0.000009  train_loss: 0.2950 (0.3762)  train_iou: 0.6404 (0.6050)  time: 1.0651  data: 0.0005  max mem: 31176
Epoch: [1]  [1560/5625]  eta: 1:12:41  lr: 0.000009  train_loss: 0.2943 (0.3755)  train_iou: 0.5790 (0.6046)  time: 1.0656  data: 0.0005  max mem: 31176
Epoch: [1]  [1580/5625]  eta: 1:12:20  lr: 0.000009  train_loss: 0.3033 (0.3748)  train_iou: 0.6234 (0.6050)  time: 1.0708  data: 0.0004  max mem: 31176
Epoch: [1]  [1600/5625]  eta: 1:11:59  lr: 0.000009  train_loss: 0.3278 (0.3745)  train_iou: 0.6089 (0.6052)  time: 1.0754  data: 0.0005  max mem: 31176
Epoch: [1]  [1620/5625]  eta: 1:11:38  lr: 0.000009  train_loss: 0.2939 (0.3746)  train_iou: 0.6172 (0.6054)  time: 1.0821  data: 0.0005  max mem: 31176
Epoch: [1]  [1640/5625]  eta: 1:11:16  lr: 0.000009  train_loss: 0.3430 (0.3745)  train_iou: 0.6159 (0.6055)  time: 1.0756  data: 0.0005  max mem: 31176
Epoch: [1]  [1660/5625]  eta: 1:10:55  lr: 0.000009  train_loss: 0.2943 (0.3740)  train_iou: 0.6395 (0.6057)  time: 1.0738  data: 0.0005  max mem: 31176
Epoch: [1]  [1680/5625]  eta: 1:10:33  lr: 0.000009  train_loss: 0.2917 (0.3733)  train_iou: 0.5920 (0.6055)  time: 1.0720  data: 0.0005  max mem: 31176
Epoch: [1]  [1700/5625]  eta: 1:10:12  lr: 0.000009  train_loss: 0.3258 (0.3736)  train_iou: 0.5663 (0.6055)  time: 1.0758  data: 0.0005  max mem: 31176
Epoch: [1]  [1720/5625]  eta: 1:09:50  lr: 0.000009  train_loss: 0.2730 (0.3738)  train_iou: 0.5770 (0.6051)  time: 1.0720  data: 0.0004  max mem: 31176
Epoch: [1]  [1740/5625]  eta: 1:09:29  lr: 0.000009  train_loss: 0.2645 (0.3731)  train_iou: 0.5643 (0.6053)  time: 1.0735  data: 0.0005  max mem: 31176
Epoch: [1]  [1760/5625]  eta: 1:09:07  lr: 0.000009  train_loss: 0.3081 (0.3729)  train_iou: 0.5705 (0.6050)  time: 1.0695  data: 0.0004  max mem: 31176
Epoch: [1]  [1780/5625]  eta: 1:08:45  lr: 0.000009  train_loss: 0.2542 (0.3718)  train_iou: 0.6619 (0.6058)  time: 1.0594  data: 0.0005  max mem: 31176
Epoch: [1]  [1800/5625]  eta: 1:08:23  lr: 0.000009  train_loss: 0.2949 (0.3713)  train_iou: 0.6338 (0.6061)  time: 1.0641  data: 0.0005  max mem: 31176
Epoch: [1]  [1820/5625]  eta: 1:08:02  lr: 0.000009  train_loss: 0.2497 (0.3706)  train_iou: 0.6172 (0.6064)  time: 1.0787  data: 0.0005  max mem: 31176
Epoch: [1]  [1840/5625]  eta: 1:07:41  lr: 0.000009  train_loss: 0.2523 (0.3699)  train_iou: 0.6749 (0.6068)  time: 1.0682  data: 0.0005  max mem: 31176
Epoch: [1]  [1860/5625]  eta: 1:07:19  lr: 0.000009  train_loss: 0.2731 (0.3696)  train_iou: 0.6208 (0.6068)  time: 1.0696  data: 0.0005  max mem: 31176
Epoch: [1]  [1880/5625]  eta: 1:06:57  lr: 0.000009  train_loss: 0.2878 (0.3693)  train_iou: 0.5957 (0.6066)  time: 1.0572  data: 0.0005  max mem: 31176
Epoch: [1]  [1900/5625]  eta: 1:06:35  lr: 0.000009  train_loss: 0.3716 (0.3698)  train_iou: 0.6022 (0.6064)  time: 1.0610  data: 0.0004  max mem: 31176
Epoch: [1]  [1920/5625]  eta: 1:06:13  lr: 0.000009  train_loss: 0.3192 (0.3694)  train_iou: 0.5954 (0.6063)  time: 1.0579  data: 0.0005  max mem: 31176
Epoch: [1]  [1940/5625]  eta: 1:05:51  lr: 0.000009  train_loss: 0.3359 (0.3693)  train_iou: 0.6109 (0.6065)  time: 1.0636  data: 0.0005  max mem: 31176
Epoch: [1]  [1960/5625]  eta: 1:05:29  lr: 0.000009  train_loss: 0.3532 (0.3693)  train_iou: 0.6168 (0.6066)  time: 1.0654  data: 0.0004  max mem: 31176
Epoch: [1]  [1980/5625]  eta: 1:05:08  lr: 0.000009  train_loss: 0.2477 (0.3689)  train_iou: 0.6316 (0.6071)  time: 1.0799  data: 0.0005  max mem: 31176
Epoch: [1]  [2000/5625]  eta: 1:04:47  lr: 0.000009  train_loss: 0.3018 (0.3684)  train_iou: 0.5719 (0.6072)  time: 1.0773  data: 0.0005  max mem: 31176
Epoch: [1]  [2020/5625]  eta: 1:04:26  lr: 0.000009  train_loss: 0.3601 (0.3684)  train_iou: 0.5579 (0.6069)  time: 1.0802  data: 0.0005  max mem: 31176
Epoch: [1]  [2040/5625]  eta: 1:04:04  lr: 0.000009  train_loss: 0.2959 (0.3685)  train_iou: 0.5654 (0.6070)  time: 1.0561  data: 0.0005  max mem: 31176
Epoch: [1]  [2060/5625]  eta: 1:03:42  lr: 0.000009  train_loss: 0.3308 (0.3688)  train_iou: 0.5461 (0.6066)  time: 1.0594  data: 0.0005  max mem: 31176
Epoch: [1]  [2080/5625]  eta: 1:03:20  lr: 0.000009  train_loss: 0.2421 (0.3681)  train_iou: 0.6544 (0.6071)  time: 1.0672  data: 0.0005  max mem: 31176
Epoch: [1]  [2100/5625]  eta: 1:02:59  lr: 0.000009  train_loss: 0.2891 (0.3675)  train_iou: 0.6001 (0.6072)  time: 1.0641  data: 0.0005  max mem: 31176
Epoch: [1]  [2120/5625]  eta: 1:02:37  lr: 0.000009  train_loss: 0.2425 (0.3673)  train_iou: 0.6588 (0.6076)  time: 1.0662  data: 0.0005  max mem: 31176
Epoch: [1]  [2140/5625]  eta: 1:02:16  lr: 0.000009  train_loss: 0.3775 (0.3677)  train_iou: 0.6026 (0.6074)  time: 1.0733  data: 0.0005  max mem: 31176
Epoch: [1]  [2160/5625]  eta: 1:01:54  lr: 0.000009  train_loss: 0.3612 (0.3679)  train_iou: 0.5734 (0.6071)  time: 1.0707  data: 0.0005  max mem: 31176
Epoch: [1]  [2180/5625]  eta: 1:01:32  lr: 0.000009  train_loss: 0.2556 (0.3675)  train_iou: 0.6516 (0.6075)  time: 1.0676  data: 0.0004  max mem: 31176
Epoch: [1]  [2200/5625]  eta: 1:01:11  lr: 0.000009  train_loss: 0.3219 (0.3675)  train_iou: 0.5856 (0.6076)  time: 1.0721  data: 0.0005  max mem: 31176
Epoch: [1]  [2220/5625]  eta: 1:00:50  lr: 0.000009  train_loss: 0.3880 (0.3677)  train_iou: 0.6069 (0.6074)  time: 1.0797  data: 0.0005  max mem: 31176
Epoch: [1]  [2240/5625]  eta: 1:00:28  lr: 0.000009  train_loss: 0.2792 (0.3675)  train_iou: 0.6196 (0.6074)  time: 1.0587  data: 0.0005  max mem: 31176
Epoch: [1]  [2260/5625]  eta: 1:00:06  lr: 0.000009  train_loss: 0.2880 (0.3675)  train_iou: 0.5601 (0.6072)  time: 1.0638  data: 0.0005  max mem: 31176
Epoch: [1]  [2280/5625]  eta: 0:59:45  lr: 0.000009  train_loss: 0.3412 (0.3673)  train_iou: 0.5728 (0.6068)  time: 1.0666  data: 0.0005  max mem: 31176
Epoch: [1]  [2300/5625]  eta: 0:59:23  lr: 0.000009  train_loss: 0.2498 (0.3667)  train_iou: 0.6559 (0.6071)  time: 1.0794  data: 0.0005  max mem: 31176
Epoch: [1]  [2320/5625]  eta: 0:59:02  lr: 0.000009  train_loss: 0.2630 (0.3665)  train_iou: 0.6365 (0.6071)  time: 1.0663  data: 0.0005  max mem: 31176
Epoch: [1]  [2340/5625]  eta: 0:58:41  lr: 0.000009  train_loss: 0.2647 (0.3660)  train_iou: 0.6488 (0.6073)  time: 1.0759  data: 0.0005  max mem: 31176
Epoch: [1]  [2360/5625]  eta: 0:58:19  lr: 0.000009  train_loss: 0.3708 (0.3662)  train_iou: 0.5579 (0.6071)  time: 1.0741  data: 0.0005  max mem: 31176
Epoch: [1]  [2380/5625]  eta: 0:57:57  lr: 0.000009  train_loss: 0.3878 (0.3664)  train_iou: 0.6019 (0.6070)  time: 1.0588  data: 0.0005  max mem: 31176
Epoch: [1]  [2400/5625]  eta: 0:57:36  lr: 0.000009  train_loss: 0.2655 (0.3660)  train_iou: 0.5998 (0.6072)  time: 1.0747  data: 0.0004  max mem: 31176
Epoch: [1]  [2420/5625]  eta: 0:57:15  lr: 0.000009  train_loss: 0.3881 (0.3662)  train_iou: 0.5329 (0.6069)  time: 1.0759  data: 0.0005  max mem: 31176
Epoch: [1]  [2440/5625]  eta: 0:56:53  lr: 0.000009  train_loss: 0.3149 (0.3661)  train_iou: 0.6488 (0.6069)  time: 1.0722  data: 0.0005  max mem: 31176
Epoch: [1]  [2460/5625]  eta: 0:56:32  lr: 0.000009  train_loss: 0.3938 (0.3669)  train_iou: 0.6355 (0.6069)  time: 1.0689  data: 0.0004  max mem: 31176
Epoch: [1]  [2480/5625]  eta: 0:56:14  lr: 0.000009  train_loss: 0.4028 (0.3672)  train_iou: 0.5559 (0.6066)  time: 1.2009  data: 0.0005  max mem: 31176
Epoch: [1]  [2500/5625]  eta: 0:55:52  lr: 0.000009  train_loss: 0.3081 (0.3674)  train_iou: 0.5857 (0.6063)  time: 1.0751  data: 0.0005  max mem: 31176
Epoch: [1]  [2520/5625]  eta: 0:55:31  lr: 0.000009  train_loss: 0.2544 (0.3668)  train_iou: 0.6621 (0.6067)  time: 1.0647  data: 0.0005  max mem: 31176
Epoch: [1]  [2540/5625]  eta: 0:55:09  lr: 0.000009  train_loss: 0.3325 (0.3667)  train_iou: 0.5907 (0.6068)  time: 1.0592  data: 0.0004  max mem: 31176
Epoch: [1]  [2560/5625]  eta: 0:54:47  lr: 0.000009  train_loss: 0.4082 (0.3669)  train_iou: 0.6309 (0.6067)  time: 1.0773  data: 0.0005  max mem: 31176
Epoch: [1]  [2580/5625]  eta: 0:54:26  lr: 0.000009  train_loss: 0.2901 (0.3665)  train_iou: 0.6648 (0.6070)  time: 1.0702  data: 0.0005  max mem: 31176
Epoch: [1]  [2600/5625]  eta: 0:54:05  lr: 0.000009  train_loss: 0.2975 (0.3665)  train_iou: 0.6298 (0.6072)  time: 1.0806  data: 0.0005  max mem: 31176
Epoch: [1]  [2620/5625]  eta: 0:53:43  lr: 0.000009  train_loss: 0.2854 (0.3661)  train_iou: 0.6361 (0.6075)  time: 1.0759  data: 0.0004  max mem: 31176
Epoch: [1]  [2640/5625]  eta: 0:53:22  lr: 0.000009  train_loss: 0.2767 (0.3660)  train_iou: 0.5679 (0.6074)  time: 1.0798  data: 0.0005  max mem: 31176
Epoch: [1]  [2660/5625]  eta: 0:53:01  lr: 0.000009  train_loss: 0.3017 (0.3655)  train_iou: 0.6079 (0.6074)  time: 1.0742  data: 0.0005  max mem: 31176
Epoch: [1]  [2680/5625]  eta: 0:52:39  lr: 0.000009  train_loss: 0.2669 (0.3651)  train_iou: 0.6534 (0.6076)  time: 1.0791  data: 0.0004  max mem: 31176
Epoch: [1]  [2700/5625]  eta: 0:52:18  lr: 0.000009  train_loss: 0.3311 (0.3651)  train_iou: 0.6170 (0.6077)  time: 1.0749  data: 0.0005  max mem: 31176
Epoch: [1]  [2720/5625]  eta: 0:51:56  lr: 0.000009  train_loss: 0.2969 (0.3647)  train_iou: 0.6626 (0.6080)  time: 1.0752  data: 0.0005  max mem: 31176
Epoch: [1]  [2740/5625]  eta: 0:51:35  lr: 0.000009  train_loss: 0.2807 (0.3645)  train_iou: 0.6517 (0.6081)  time: 1.0755  data: 0.0004  max mem: 31176
Epoch: [1]  [2760/5625]  eta: 0:51:14  lr: 0.000009  train_loss: 0.2981 (0.3642)  train_iou: 0.6052 (0.6083)  time: 1.0723  data: 0.0005  max mem: 31176
Epoch: [1]  [2780/5625]  eta: 0:50:52  lr: 0.000009  train_loss: 0.3292 (0.3644)  train_iou: 0.5698 (0.6080)  time: 1.0782  data: 0.0005  max mem: 31176
Epoch: [1]  [2800/5625]  eta: 0:50:31  lr: 0.000009  train_loss: 0.3732 (0.3646)  train_iou: 0.6253 (0.6079)  time: 1.0686  data: 0.0005  max mem: 31176
Epoch: [1]  [2820/5625]  eta: 0:50:09  lr: 0.000009  train_loss: 0.2608 (0.3642)  train_iou: 0.6201 (0.6082)  time: 1.0714  data: 0.0005  max mem: 31176
Epoch: [1]  [2840/5625]  eta: 0:49:48  lr: 0.000009  train_loss: 0.3786 (0.3645)  train_iou: 0.5540 (0.6081)  time: 1.0678  data: 0.0005  max mem: 31176
Epoch: [1]  [2860/5625]  eta: 0:49:26  lr: 0.000009  train_loss: 0.2662 (0.3640)  train_iou: 0.7034 (0.6087)  time: 1.0685  data: 0.0005  max mem: 31176
Epoch: [1]  [2880/5625]  eta: 0:49:04  lr: 0.000009  train_loss: 0.2930 (0.3638)  train_iou: 0.6521 (0.6090)  time: 1.0696  data: 0.0004  max mem: 31176
Epoch: [1]  [2900/5625]  eta: 0:48:43  lr: 0.000009  train_loss: 0.3479 (0.3640)  train_iou: 0.5588 (0.6086)  time: 1.0786  data: 0.0005  max mem: 31176
Epoch: [1]  [2920/5625]  eta: 0:48:22  lr: 0.000009  train_loss: 0.3009 (0.3636)  train_iou: 0.6484 (0.6089)  time: 1.0806  data: 0.0005  max mem: 31176
Epoch: [1]  [2940/5625]  eta: 0:48:00  lr: 0.000009  train_loss: 0.3446 (0.3634)  train_iou: 0.6697 (0.6092)  time: 1.0789  data: 0.0004  max mem: 31176
Epoch: [1]  [2960/5625]  eta: 0:47:39  lr: 0.000009  train_loss: 0.2885 (0.3632)  train_iou: 0.6227 (0.6095)  time: 1.0756  data: 0.0005  max mem: 31176
Epoch: [1]  [2980/5625]  eta: 0:47:18  lr: 0.000009  train_loss: 0.3407 (0.3630)  train_iou: 0.6101 (0.6095)  time: 1.0801  data: 0.0005  max mem: 31176
Epoch: [1]  [3000/5625]  eta: 0:46:56  lr: 0.000009  train_loss: 0.2598 (0.3627)  train_iou: 0.5878 (0.6094)  time: 1.0805  data: 0.0004  max mem: 31176
Epoch: [1]  [3020/5625]  eta: 0:46:35  lr: 0.000009  train_loss: 0.3814 (0.3628)  train_iou: 0.5791 (0.6093)  time: 1.0770  data: 0.0005  max mem: 31176
Epoch: [1]  [3040/5625]  eta: 0:46:14  lr: 0.000009  train_loss: 0.3377 (0.3627)  train_iou: 0.6016 (0.6092)  time: 1.0755  data: 0.0005  max mem: 31176
Epoch: [1]  [3060/5625]  eta: 0:45:52  lr: 0.000009  train_loss: 0.2690 (0.3622)  train_iou: 0.5796 (0.6092)  time: 1.0689  data: 0.0005  max mem: 31176
Epoch: [1]  [3080/5625]  eta: 0:45:31  lr: 0.000009  train_loss: 0.3189 (0.3623)  train_iou: 0.5892 (0.6092)  time: 1.0750  data: 0.0005  max mem: 31176
Epoch: [1]  [3100/5625]  eta: 0:45:09  lr: 0.000009  train_loss: 0.3069 (0.3619)  train_iou: 0.6140 (0.6092)  time: 1.0759  data: 0.0005  max mem: 31176
Epoch: [1]  [3120/5625]  eta: 0:44:48  lr: 0.000009  train_loss: 0.2217 (0.3613)  train_iou: 0.6113 (0.6094)  time: 1.0708  data: 0.0005  max mem: 31176
Epoch: [1]  [3140/5625]  eta: 0:44:26  lr: 0.000009  train_loss: 0.2741 (0.3611)  train_iou: 0.6000 (0.6093)  time: 1.0661  data: 0.0005  max mem: 31176
Epoch: [1]  [3160/5625]  eta: 0:44:05  lr: 0.000009  train_loss: 0.3493 (0.3611)  train_iou: 0.5617 (0.6092)  time: 1.0717  data: 0.0004  max mem: 31176
Epoch: [1]  [3180/5625]  eta: 0:43:43  lr: 0.000009  train_loss: 0.2817 (0.3610)  train_iou: 0.6337 (0.6093)  time: 1.0716  data: 0.0005  max mem: 31176
Epoch: [1]  [3200/5625]  eta: 0:43:22  lr: 0.000009  train_loss: 0.3048 (0.3609)  train_iou: 0.6193 (0.6095)  time: 1.0728  data: 0.0005  max mem: 31176
Epoch: [1]  [3220/5625]  eta: 0:43:00  lr: 0.000009  train_loss: 0.2492 (0.3604)  train_iou: 0.7526 (0.6098)  time: 1.0738  data: 0.0004  max mem: 31176
Epoch: [1]  [3240/5625]  eta: 0:42:39  lr: 0.000009  train_loss: 0.4034 (0.3607)  train_iou: 0.5931 (0.6098)  time: 1.0752  data: 0.0005  max mem: 31176
Epoch: [1]  [3260/5625]  eta: 0:42:17  lr: 0.000009  train_loss: 0.3065 (0.3608)  train_iou: 0.6163 (0.6098)  time: 1.0758  data: 0.0004  max mem: 31176
Epoch: [1]  [3280/5625]  eta: 0:41:56  lr: 0.000009  train_loss: 0.3273 (0.3612)  train_iou: 0.6624 (0.6099)  time: 1.0788  data: 0.0004  max mem: 31176
Epoch: [1]  [3300/5625]  eta: 0:41:35  lr: 0.000009  train_loss: 0.3391 (0.3612)  train_iou: 0.6381 (0.6100)  time: 1.0772  data: 0.0005  max mem: 31176
Epoch: [1]  [3320/5625]  eta: 0:41:13  lr: 0.000009  train_loss: 0.3602 (0.3614)  train_iou: 0.6004 (0.6100)  time: 1.0662  data: 0.0004  max mem: 31176
Epoch: [1]  [3340/5625]  eta: 0:40:52  lr: 0.000009  train_loss: 0.2592 (0.3610)  train_iou: 0.5442 (0.6099)  time: 1.0744  data: 0.0005  max mem: 31176
Epoch: [1]  [3360/5625]  eta: 0:40:30  lr: 0.000009  train_loss: 0.2654 (0.3608)  train_iou: 0.5878 (0.6098)  time: 1.0698  data: 0.0005  max mem: 31176
Epoch: [1]  [3380/5625]  eta: 0:40:09  lr: 0.000009  train_loss: 0.3324 (0.3609)  train_iou: 0.6173 (0.6097)  time: 1.0737  data: 0.0005  max mem: 31176
Epoch: [1]  [3400/5625]  eta: 0:39:47  lr: 0.000009  train_loss: 0.3520 (0.3608)  train_iou: 0.6102 (0.6098)  time: 1.0706  data: 0.0004  max mem: 31176
Epoch: [1]  [3420/5625]  eta: 0:39:26  lr: 0.000009  train_loss: 0.2680 (0.3606)  train_iou: 0.5745 (0.6098)  time: 1.0721  data: 0.0005  max mem: 31176
Epoch: [1]  [3440/5625]  eta: 0:39:04  lr: 0.000009  train_loss: 0.3038 (0.3605)  train_iou: 0.5783 (0.6098)  time: 1.0698  data: 0.0005  max mem: 31176
Epoch: [1]  [3460/5625]  eta: 0:38:43  lr: 0.000009  train_loss: 0.3364 (0.3605)  train_iou: 0.6157 (0.6097)  time: 1.0685  data: 0.0005  max mem: 31176
Epoch: [1]  [3480/5625]  eta: 0:38:21  lr: 0.000009  train_loss: 0.2923 (0.3604)  train_iou: 0.5414 (0.6095)  time: 1.0644  data: 0.0004  max mem: 31176
Epoch: [1]  [3500/5625]  eta: 0:38:00  lr: 0.000009  train_loss: 0.3057 (0.3602)  train_iou: 0.6024 (0.6096)  time: 1.0675  data: 0.0005  max mem: 31176
Epoch: [1]  [3520/5625]  eta: 0:37:38  lr: 0.000009  train_loss: 0.2927 (0.3599)  train_iou: 0.6494 (0.6098)  time: 1.0733  data: 0.0005  max mem: 31176
Epoch: [1]  [3540/5625]  eta: 0:37:17  lr: 0.000009  train_loss: 0.3041 (0.3598)  train_iou: 0.6002 (0.6098)  time: 1.0665  data: 0.0004  max mem: 31176
Epoch: [1]  [3560/5625]  eta: 0:36:55  lr: 0.000009  train_loss: 0.2769 (0.3596)  train_iou: 0.6537 (0.6098)  time: 1.0779  data: 0.0005  max mem: 31176
Epoch: [1]  [3580/5625]  eta: 0:36:34  lr: 0.000009  train_loss: 0.2592 (0.3591)  train_iou: 0.6157 (0.6100)  time: 1.0759  data: 0.0004  max mem: 31176
Epoch: [1]  [3600/5625]  eta: 0:36:12  lr: 0.000009  train_loss: 0.3486 (0.3593)  train_iou: 0.6889 (0.6103)  time: 1.0785  data: 0.0004  max mem: 31176
Epoch: [1]  [3620/5625]  eta: 0:35:51  lr: 0.000009  train_loss: 0.3911 (0.3595)  train_iou: 0.5779 (0.6102)  time: 1.0789  data: 0.0005  max mem: 31176
Epoch: [1]  [3640/5625]  eta: 0:35:30  lr: 0.000009  train_loss: 0.2595 (0.3593)  train_iou: 0.6627 (0.6104)  time: 1.0781  data: 0.0005  max mem: 31176
Epoch: [1]  [3660/5625]  eta: 0:35:08  lr: 0.000009  train_loss: 0.3463 (0.3592)  train_iou: 0.6099 (0.6104)  time: 1.0699  data: 0.0004  max mem: 31176
Epoch: [1]  [3680/5625]  eta: 0:34:47  lr: 0.000009  train_loss: 0.3043 (0.3590)  train_iou: 0.6123 (0.6103)  time: 1.0770  data: 0.0004  max mem: 31176
Epoch: [1]  [3700/5625]  eta: 0:34:25  lr: 0.000009  train_loss: 0.3118 (0.3589)  train_iou: 0.5906 (0.6103)  time: 1.0782  data: 0.0005  max mem: 31176
Epoch: [1]  [3720/5625]  eta: 0:34:04  lr: 0.000009  train_loss: 0.2475 (0.3585)  train_iou: 0.6392 (0.6104)  time: 1.0703  data: 0.0004  max mem: 31176
Epoch: [1]  [3740/5625]  eta: 0:33:42  lr: 0.000009  train_loss: 0.3019 (0.3585)  train_iou: 0.6231 (0.6104)  time: 1.0806  data: 0.0005  max mem: 31176
Epoch: [1]  [3760/5625]  eta: 0:33:21  lr: 0.000009  train_loss: 0.2873 (0.3584)  train_iou: 0.6110 (0.6104)  time: 1.0834  data: 0.0005  max mem: 31176
Epoch: [1]  [3780/5625]  eta: 0:33:00  lr: 0.000009  train_loss: 0.3540 (0.3584)  train_iou: 0.6032 (0.6103)  time: 1.0742  data: 0.0005  max mem: 31176
Epoch: [1]  [3800/5625]  eta: 0:32:38  lr: 0.000009  train_loss: 0.2574 (0.3583)  train_iou: 0.6505 (0.6106)  time: 1.0629  data: 0.0004  max mem: 31176
Epoch: [1]  [3820/5625]  eta: 0:32:18  lr: 0.000009  train_loss: 0.3588 (0.3586)  train_iou: 0.6254 (0.6107)  time: 1.1874  data: 0.0004  max mem: 31176
Epoch: [1]  [3840/5625]  eta: 0:31:56  lr: 0.000009  train_loss: 0.3044 (0.3584)  train_iou: 0.5979 (0.6106)  time: 1.0770  data: 0.0005  max mem: 31176
Epoch: [1]  [3860/5625]  eta: 0:31:35  lr: 0.000009  train_loss: 0.3094 (0.3582)  train_iou: 0.5753 (0.6105)  time: 1.0679  data: 0.0004  max mem: 31176
Epoch: [1]  [3880/5625]  eta: 0:31:13  lr: 0.000009  train_loss: 0.3345 (0.3583)  train_iou: 0.6197 (0.6105)  time: 1.0769  data: 0.0005  max mem: 31176
Epoch: [1]  [3900/5625]  eta: 0:30:52  lr: 0.000009  train_loss: 0.2903 (0.3580)  train_iou: 0.6236 (0.6106)  time: 1.0822  data: 0.0004  max mem: 31176
Epoch: [1]  [3920/5625]  eta: 0:30:30  lr: 0.000009  train_loss: 0.3361 (0.3580)  train_iou: 0.6091 (0.6107)  time: 1.0809  data: 0.0004  max mem: 31176
Epoch: [1]  [3940/5625]  eta: 0:30:09  lr: 0.000009  train_loss: 0.2269 (0.3575)  train_iou: 0.6306 (0.6108)  time: 1.0721  data: 0.0005  max mem: 31176
Epoch: [1]  [3960/5625]  eta: 0:29:47  lr: 0.000009  train_loss: 0.3412 (0.3573)  train_iou: 0.6087 (0.6108)  time: 1.0687  data: 0.0004  max mem: 31176
Epoch: [1]  [3980/5625]  eta: 0:29:26  lr: 0.000009  train_loss: 0.2793 (0.3570)  train_iou: 0.6083 (0.6107)  time: 1.0779  data: 0.0004  max mem: 31176
Epoch: [1]  [4000/5625]  eta: 0:29:05  lr: 0.000009  train_loss: 0.2996 (0.3569)  train_iou: 0.6233 (0.6108)  time: 1.0838  data: 0.0005  max mem: 31176
Epoch: [1]  [4020/5625]  eta: 0:28:43  lr: 0.000009  train_loss: 0.2868 (0.3565)  train_iou: 0.6116 (0.6108)  time: 1.0646  data: 0.0005  max mem: 31176
Epoch: [1]  [4040/5625]  eta: 0:28:21  lr: 0.000009  train_loss: 0.2525 (0.3564)  train_iou: 0.5993 (0.6108)  time: 1.0724  data: 0.0004  max mem: 31176
Epoch: [1]  [4060/5625]  eta: 0:28:00  lr: 0.000009  train_loss: 0.3811 (0.3567)  train_iou: 0.5780 (0.6107)  time: 1.0776  data: 0.0005  max mem: 31176
Epoch: [1]  [4080/5625]  eta: 0:27:39  lr: 0.000009  train_loss: 0.3187 (0.3566)  train_iou: 0.6338 (0.6107)  time: 1.0690  data: 0.0005  max mem: 31176
Epoch: [1]  [4100/5625]  eta: 0:27:17  lr: 0.000009  train_loss: 0.2655 (0.3562)  train_iou: 0.6002 (0.6107)  time: 1.0814  data: 0.0004  max mem: 31176
Epoch: [1]  [4120/5625]  eta: 0:26:56  lr: 0.000009  train_loss: 0.2962 (0.3560)  train_iou: 0.7045 (0.6110)  time: 1.0782  data: 0.0004  max mem: 31176
Epoch: [1]  [4140/5625]  eta: 0:26:34  lr: 0.000009  train_loss: 0.2481 (0.3556)  train_iou: 0.6071 (0.6111)  time: 1.0688  data: 0.0005  max mem: 31176
Epoch: [1]  [4160/5625]  eta: 0:26:13  lr: 0.000009  train_loss: 0.2606 (0.3555)  train_iou: 0.6130 (0.6110)  time: 1.0588  data: 0.0004  max mem: 31176
Epoch: [1]  [4180/5625]  eta: 0:25:51  lr: 0.000009  train_loss: 0.3022 (0.3557)  train_iou: 0.5942 (0.6111)  time: 1.0639  data: 0.0004  max mem: 31176
Epoch: [1]  [4200/5625]  eta: 0:25:30  lr: 0.000009  train_loss: 0.3435 (0.3558)  train_iou: 0.6244 (0.6110)  time: 1.0829  data: 0.0005  max mem: 31176
Epoch: [1]  [4220/5625]  eta: 0:25:08  lr: 0.000009  train_loss: 0.3611 (0.3557)  train_iou: 0.6165 (0.6112)  time: 1.0766  data: 0.0005  max mem: 31176
Epoch: [1]  [4240/5625]  eta: 0:24:47  lr: 0.000009  train_loss: 0.2983 (0.3557)  train_iou: 0.6372 (0.6112)  time: 1.0651  data: 0.0004  max mem: 31176
Epoch: [1]  [4260/5625]  eta: 0:24:25  lr: 0.000009  train_loss: 0.2163 (0.3551)  train_iou: 0.6549 (0.6114)  time: 1.0655  data: 0.0004  max mem: 31176
Epoch: [1]  [4280/5625]  eta: 0:24:04  lr: 0.000009  train_loss: 0.3290 (0.3552)  train_iou: 0.5649 (0.6113)  time: 1.0846  data: 0.0005  max mem: 31176
Epoch: [1]  [4300/5625]  eta: 0:23:42  lr: 0.000009  train_loss: 0.2940 (0.3551)  train_iou: 0.5855 (0.6114)  time: 1.0663  data: 0.0004  max mem: 31176
Epoch: [1]  [4320/5625]  eta: 0:23:21  lr: 0.000009  train_loss: 0.3230 (0.3552)  train_iou: 0.6093 (0.6115)  time: 1.0642  data: 0.0005  max mem: 31176
Epoch: [1]  [4340/5625]  eta: 0:22:59  lr: 0.000009  train_loss: 0.3064 (0.3549)  train_iou: 0.6462 (0.6117)  time: 1.0692  data: 0.0004  max mem: 31176
Epoch: [1]  [4360/5625]  eta: 0:22:38  lr: 0.000009  train_loss: 0.2619 (0.3547)  train_iou: 0.5875 (0.6116)  time: 1.0584  data: 0.0004  max mem: 31176
Epoch: [1]  [4380/5625]  eta: 0:22:16  lr: 0.000009  train_loss: 0.3513 (0.3549)  train_iou: 0.6218 (0.6115)  time: 1.0687  data: 0.0004  max mem: 31176
Epoch: [1]  [4400/5625]  eta: 0:21:55  lr: 0.000009  train_loss: 0.3862 (0.3550)  train_iou: 0.6021 (0.6116)  time: 1.0725  data: 0.0004  max mem: 31176
Epoch: [1]  [4420/5625]  eta: 0:21:33  lr: 0.000009  train_loss: 0.2598 (0.3550)  train_iou: 0.6233 (0.6115)  time: 1.0698  data: 0.0004  max mem: 31176
Epoch: [1]  [4440/5625]  eta: 0:21:12  lr: 0.000009  train_loss: 0.3957 (0.3552)  train_iou: 0.6406 (0.6116)  time: 1.0720  data: 0.0004  max mem: 31176
Epoch: [1]  [4460/5625]  eta: 0:20:50  lr: 0.000009  train_loss: 0.2781 (0.3550)  train_iou: 0.6104 (0.6115)  time: 1.0845  data: 0.0004  max mem: 31176
Epoch: [1]  [4480/5625]  eta: 0:20:29  lr: 0.000009  train_loss: 0.2565 (0.3547)  train_iou: 0.6045 (0.6116)  time: 1.0699  data: 0.0004  max mem: 31176
Epoch: [1]  [4500/5625]  eta: 0:20:07  lr: 0.000009  train_loss: 0.2553 (0.3547)  train_iou: 0.6331 (0.6117)  time: 1.0714  data: 0.0004  max mem: 31176
Epoch: [1]  [4520/5625]  eta: 0:19:46  lr: 0.000009  train_loss: 0.3018 (0.3547)  train_iou: 0.6555 (0.6118)  time: 1.0709  data: 0.0004  max mem: 31176
Epoch: [1]  [4540/5625]  eta: 0:19:24  lr: 0.000009  train_loss: 0.3274 (0.3546)  train_iou: 0.6126 (0.6118)  time: 1.0646  data: 0.0004  max mem: 31176
Epoch: [1]  [4560/5625]  eta: 0:19:03  lr: 0.000009  train_loss: 0.2925 (0.3546)  train_iou: 0.5947 (0.6117)  time: 1.0733  data: 0.0004  max mem: 31176
Epoch: [1]  [4580/5625]  eta: 0:18:41  lr: 0.000009  train_loss: 0.3050 (0.3544)  train_iou: 0.6491 (0.6119)  time: 1.0649  data: 0.0004  max mem: 31176
Epoch: [1]  [4600/5625]  eta: 0:18:20  lr: 0.000009  train_loss: 0.2675 (0.3544)  train_iou: 0.5891 (0.6118)  time: 1.0791  data: 0.0004  max mem: 31176
Epoch: [1]  [4620/5625]  eta: 0:17:58  lr: 0.000009  train_loss: 0.3345 (0.3545)  train_iou: 0.6221 (0.6119)  time: 1.0684  data: 0.0004  max mem: 31176
Epoch: [1]  [4640/5625]  eta: 0:17:37  lr: 0.000009  train_loss: 0.2116 (0.3541)  train_iou: 0.6408 (0.6121)  time: 1.0683  data: 0.0005  max mem: 31176
Epoch: [1]  [4660/5625]  eta: 0:17:15  lr: 0.000009  train_loss: 0.3346 (0.3540)  train_iou: 0.5952 (0.6121)  time: 1.0731  data: 0.0004  max mem: 31176
Epoch: [1]  [4680/5625]  eta: 0:16:54  lr: 0.000009  train_loss: 0.2790 (0.3539)  train_iou: 0.6169 (0.6122)  time: 1.0795  data: 0.0004  max mem: 31176
Epoch: [1]  [4700/5625]  eta: 0:16:32  lr: 0.000009  train_loss: 0.3584 (0.3541)  train_iou: 0.5679 (0.6120)  time: 1.0662  data: 0.0005  max mem: 31176
Epoch: [1]  [4720/5625]  eta: 0:16:11  lr: 0.000009  train_loss: 0.2624 (0.3540)  train_iou: 0.6534 (0.6121)  time: 1.0644  data: 0.0004  max mem: 31176
Epoch: [1]  [4740/5625]  eta: 0:15:49  lr: 0.000009  train_loss: 0.2701 (0.3539)  train_iou: 0.5934 (0.6122)  time: 1.0689  data: 0.0005  max mem: 31176
Epoch: [1]  [4760/5625]  eta: 0:15:28  lr: 0.000009  train_loss: 0.2244 (0.3535)  train_iou: 0.6409 (0.6124)  time: 1.0762  data: 0.0004  max mem: 31176
Epoch: [1]  [4780/5625]  eta: 0:15:07  lr: 0.000009  train_loss: 0.2406 (0.3532)  train_iou: 0.6287 (0.6124)  time: 1.0735  data: 0.0004  max mem: 31176
Epoch: [1]  [4800/5625]  eta: 0:14:45  lr: 0.000009  train_loss: 0.2689 (0.3531)  train_iou: 0.6493 (0.6125)  time: 1.0772  data: 0.0005  max mem: 31176
Epoch: [1]  [4820/5625]  eta: 0:14:24  lr: 0.000009  train_loss: 0.2780 (0.3528)  train_iou: 0.6317 (0.6125)  time: 1.0729  data: 0.0004  max mem: 31176
Epoch: [1]  [4840/5625]  eta: 0:14:02  lr: 0.000009  train_loss: 0.3445 (0.3528)  train_iou: 0.6511 (0.6126)  time: 1.0688  data: 0.0005  max mem: 31176
Epoch: [1]  [4860/5625]  eta: 0:13:41  lr: 0.000009  train_loss: 0.3354 (0.3529)  train_iou: 0.5881 (0.6125)  time: 1.0762  data: 0.0004  max mem: 31176
Epoch: [1]  [4880/5625]  eta: 0:13:19  lr: 0.000009  train_loss: 0.3419 (0.3529)  train_iou: 0.6399 (0.6126)  time: 1.0786  data: 0.0004  max mem: 31176
Epoch: [1]  [4900/5625]  eta: 0:12:58  lr: 0.000009  train_loss: 0.3559 (0.3530)  train_iou: 0.5608 (0.6125)  time: 1.0730  data: 0.0004  max mem: 31176
Epoch: [1]  [4920/5625]  eta: 0:12:36  lr: 0.000009  train_loss: 0.2892 (0.3529)  train_iou: 0.6605 (0.6127)  time: 1.0712  data: 0.0004  max mem: 31176
Epoch: [1]  [4940/5625]  eta: 0:12:15  lr: 0.000009  train_loss: 0.3794 (0.3530)  train_iou: 0.5623 (0.6127)  time: 1.0694  data: 0.0004  max mem: 31176
Epoch: [1]  [4960/5625]  eta: 0:11:53  lr: 0.000009  train_loss: 0.2833 (0.3526)  train_iou: 0.6497 (0.6129)  time: 1.0722  data: 0.0004  max mem: 31176
Epoch: [1]  [4980/5625]  eta: 0:11:32  lr: 0.000009  train_loss: 0.3652 (0.3526)  train_iou: 0.6203 (0.6130)  time: 1.0672  data: 0.0004  max mem: 31176
Epoch: [1]  [5000/5625]  eta: 0:11:10  lr: 0.000009  train_loss: 0.3652 (0.3527)  train_iou: 0.5950 (0.6130)  time: 1.0721  data: 0.0004  max mem: 31176
Epoch: [1]  [5020/5625]  eta: 0:10:49  lr: 0.000009  train_loss: 0.3861 (0.3529)  train_iou: 0.5781 (0.6130)  time: 1.0708  data: 0.0004  max mem: 31176
Epoch: [1]  [5040/5625]  eta: 0:10:27  lr: 0.000009  train_loss: 0.2811 (0.3527)  train_iou: 0.6513 (0.6131)  time: 1.0754  data: 0.0004  max mem: 31176
Epoch: [1]  [5060/5625]  eta: 0:10:06  lr: 0.000009  train_loss: 0.3097 (0.3527)  train_iou: 0.6364 (0.6131)  time: 1.0791  data: 0.0004  max mem: 31176
Epoch: [1]  [5080/5625]  eta: 0:09:44  lr: 0.000009  train_loss: 0.2643 (0.3525)  train_iou: 0.6816 (0.6134)  time: 1.0705  data: 0.0004  max mem: 31176
Epoch: [1]  [5100/5625]  eta: 0:09:23  lr: 0.000009  train_loss: 0.3247 (0.3524)  train_iou: 0.6364 (0.6134)  time: 1.0761  data: 0.0004  max mem: 31176
Epoch: [1]  [5120/5625]  eta: 0:09:02  lr: 0.000009  train_loss: 0.3179 (0.3524)  train_iou: 0.6344 (0.6134)  time: 1.0786  data: 0.0004  max mem: 31176
Epoch: [1]  [5140/5625]  eta: 0:08:40  lr: 0.000009  train_loss: 0.3802 (0.3525)  train_iou: 0.6229 (0.6135)  time: 1.1960  data: 0.0004  max mem: 31176
Epoch: [1]  [5160/5625]  eta: 0:08:19  lr: 0.000009  train_loss: 0.3285 (0.3525)  train_iou: 0.6489 (0.6136)  time: 1.0611  data: 0.0004  max mem: 31176
Epoch: [1]  [5180/5625]  eta: 0:07:57  lr: 0.000009  train_loss: 0.2861 (0.3523)  train_iou: 0.6285 (0.6137)  time: 1.0648  data: 0.0004  max mem: 31176
Epoch: [1]  [5200/5625]  eta: 0:07:36  lr: 0.000009  train_loss: 0.2774 (0.3520)  train_iou: 0.6637 (0.6139)  time: 1.0755  data: 0.0004  max mem: 31176
Epoch: [1]  [5220/5625]  eta: 0:07:14  lr: 0.000009  train_loss: 0.2937 (0.3520)  train_iou: 0.6517 (0.6140)  time: 1.0748  data: 0.0004  max mem: 31176
Epoch: [1]  [5240/5625]  eta: 0:06:53  lr: 0.000009  train_loss: 0.2752 (0.3519)  train_iou: 0.5659 (0.6139)  time: 1.0656  data: 0.0004  max mem: 31176
Epoch: [1]  [5260/5625]  eta: 0:06:31  lr: 0.000009  train_loss: 0.3259 (0.3518)  train_iou: 0.6781 (0.6141)  time: 1.0606  data: 0.0004  max mem: 31176
Epoch: [1]  [5280/5625]  eta: 0:06:10  lr: 0.000009  train_loss: 0.3378 (0.3518)  train_iou: 0.5729 (0.6141)  time: 1.0628  data: 0.0004  max mem: 31176
Epoch: [1]  [5300/5625]  eta: 0:05:48  lr: 0.000009  train_loss: 0.3270 (0.3518)  train_iou: 0.5905 (0.6139)  time: 1.0735  data: 0.0004  max mem: 31176
Epoch: [1]  [5320/5625]  eta: 0:05:27  lr: 0.000009  train_loss: 0.2556 (0.3516)  train_iou: 0.5977 (0.6140)  time: 1.0882  data: 0.0005  max mem: 31176
Epoch: [1]  [5340/5625]  eta: 0:05:06  lr: 0.000009  train_loss: 0.2872 (0.3516)  train_iou: 0.5816 (0.6139)  time: 1.0824  data: 0.0004  max mem: 31176
Epoch: [1]  [5360/5625]  eta: 0:04:44  lr: 0.000009  train_loss: 0.2973 (0.3515)  train_iou: 0.6208 (0.6139)  time: 1.0739  data: 0.0004  max mem: 31176
Epoch: [1]  [5380/5625]  eta: 0:04:23  lr: 0.000009  train_loss: 0.3152 (0.3514)  train_iou: 0.6000 (0.6140)  time: 1.0773  data: 0.0005  max mem: 31176
Epoch: [1]  [5400/5625]  eta: 0:04:01  lr: 0.000009  train_loss: 0.3165 (0.3517)  train_iou: 0.6175 (0.6140)  time: 1.0667  data: 0.0004  max mem: 31176
Epoch: [1]  [5420/5625]  eta: 0:03:40  lr: 0.000009  train_loss: 0.3589 (0.3518)  train_iou: 0.6173 (0.6140)  time: 1.0751  data: 0.0004  max mem: 31176
Epoch: [1]  [5440/5625]  eta: 0:03:18  lr: 0.000009  train_loss: 0.2785 (0.3518)  train_iou: 0.5878 (0.6140)  time: 1.0700  data: 0.0005  max mem: 31176
Epoch: [1]  [5460/5625]  eta: 0:02:57  lr: 0.000009  train_loss: 0.3221 (0.3518)  train_iou: 0.6204 (0.6141)  time: 1.0758  data: 0.0005  max mem: 31176
Epoch: [1]  [5480/5625]  eta: 0:02:35  lr: 0.000009  train_loss: 0.3794 (0.3519)  train_iou: 0.6311 (0.6140)  time: 1.0690  data: 0.0005  max mem: 31176
Epoch: [1]  [5500/5625]  eta: 0:02:14  lr: 0.000009  train_loss: 0.3384 (0.3519)  train_iou: 0.6282 (0.6140)  time: 1.0806  data: 0.0004  max mem: 31176
Epoch: [1]  [5520/5625]  eta: 0:01:52  lr: 0.000009  train_loss: 0.3427 (0.3519)  train_iou: 0.5624 (0.6139)  time: 1.0826  data: 0.0004  max mem: 31176
Epoch: [1]  [5540/5625]  eta: 0:01:31  lr: 0.000009  train_loss: 0.2539 (0.3519)  train_iou: 0.6144 (0.6140)  time: 1.0749  data: 0.0004  max mem: 31176
Epoch: [1]  [5560/5625]  eta: 0:01:09  lr: 0.000009  train_loss: 0.2313 (0.3516)  train_iou: 0.6444 (0.6140)  time: 1.0684  data: 0.0004  max mem: 31176
Epoch: [1]  [5580/5625]  eta: 0:00:48  lr: 0.000009  train_loss: 0.3409 (0.3516)  train_iou: 0.5516 (0.6139)  time: 1.0650  data: 0.0005  max mem: 31176
Epoch: [1]  [5600/5625]  eta: 0:00:26  lr: 0.000009  train_loss: 0.3304 (0.3519)  train_iou: 0.6598 (0.6140)  time: 1.0742  data: 0.0004  max mem: 31176
Epoch: [1]  [5620/5625]  eta: 0:00:05  lr: 0.000009  train_loss: 0.2864 (0.3518)  train_iou: 0.5910 (0.6140)  time: 0.9647  data: 0.0003  max mem: 31176
Epoch: [1]  [5624/5625]  eta: 0:00:01  lr: 0.000009  train_loss: 0.2249 (0.3517)  train_iou: 0.5910 (0.6140)  time: 0.9284  data: 0.0002  max mem: 31176
Epoch: [1] Total time: 1:40:37 (1.0734 s / it)
Averaged stats: lr: 0.000009  train_loss: 0.2249 (0.3517)  train_iou: 0.5910 (0.6140)
huggingface/tokenizers: The current process just got forked, after parallelism has already been used. Disabling parallelism to avoid deadlocks...
To disable this warning, you can either:
	- Avoid using `tokenizers` before the fork if possible
	- Explicitly set the environment variable TOKENIZERS_PARALLELISM=(true | false)
huggingface/tokenizers: The current process just got forked, after parallelism has already been used. Disabling parallelism to avoid deadlocks...
To disable this warning, you can either:
	- Avoid using `tokenizers` before the fork if possible
	- Explicitly set the environment variable TOKENIZERS_PARALLELISM=(true | false)
huggingface/tokenizers: The current process just got forked, after parallelism has already been used. Disabling parallelism to avoid deadlocks...
To disable this warning, you can either:
	- Avoid using `tokenizers` before the fork if possible
	- Explicitly set the environment variable TOKENIZERS_PARALLELISM=(true | false)
huggingface/tokenizers: The current process just got forked, after parallelism has already been used. Disabling parallelism to avoid deadlocks...
To disable this warning, you can either:
	- Avoid using `tokenizers` before the fork if possible
	- Explicitly set the environment variable TOKENIZERS_PARALLELISM=(true | false)
huggingface/tokenizers: The current process just got forked, after parallelism has already been used. Disabling parallelism to avoid deadlocks...
To disable this warning, you can either:
	- Avoid using `tokenizers` before the fork if possible
	- Explicitly set the environment variable TOKENIZERS_PARALLELISM=(true | false)
huggingface/tokenizers: The current process just got forked, after parallelism has already been used. Disabling parallelism to avoid deadlocks...
To disable this warning, you can either:
	- Avoid using `tokenizers` before the fork if possible
	- Explicitly set the environment variable TOKENIZERS_PARALLELISM=(true | false)
huggingface/tokenizers: The current process just got forked, after parallelism has already been used. Disabling parallelism to avoid deadlocks...
To disable this warning, you can either:
	- Avoid using `tokenizers` before the fork if possible
	- Explicitly set the environment variable TOKENIZERS_PARALLELISM=(true | false)
huggingface/tokenizers: The current process just got forked, after parallelism has already been used. Disabling parallelism to avoid deadlocks...
To disable this warning, you can either:
	- Avoid using `tokenizers` before the fork if possible
	- Explicitly set the environment variable TOKENIZERS_PARALLELISM=(true | false)
Test:  [   0/4000]  eta: 1:57:14  inter: 33458.0000 (33458.0000)  union: 37361.0000 (37361.0000)  iou: 0.8955 (0.8955)  time: 1.7587  data: 1.2276  max mem: 31176
Test:  [  50/4000]  eta: 0:16:10  inter: 13246.0000 (25315.7969)  union: 54071.0000 (50258.8281)  iou: 0.2237 (0.5052)  time: 0.2197  data: 0.0005  max mem: 31176
Test:  [ 100/4000]  eta: 0:15:19  inter: 31722.0000 (28119.0735)  union: 46165.0000 (46467.5074)  iou: 0.8484 (0.5878)  time: 0.2199  data: 0.0005  max mem: 31176
Test:  [ 150/4000]  eta: 0:14:53  inter: 18456.0000 (27515.7416)  union: 29442.0000 (43468.0813)  iou: 0.7831 (0.6171)  time: 0.2285  data: 0.0005  max mem: 31176
Test:  [ 200/4000]  eta: 0:14:26  inter: 33652.0000 (28104.7143)  union: 37956.0000 (42945.1941)  iou: 0.8936 (0.6282)  time: 0.2152  data: 0.0005  max mem: 31176
Test:  [ 250/4000]  eta: 0:14:03  inter: 17076.0000 (30034.6235)  union: 31099.0000 (44507.6024)  iou: 0.6047 (0.6254)  time: 0.2114  data: 0.0005  max mem: 31176
Test:  [ 300/4000]  eta: 0:13:52  inter: 20050.0000 (29359.2258)  union: 24927.0000 (43628.7792)  iou: 0.7912 (0.6215)  time: 0.2266  data: 0.0005  max mem: 31176
Test:  [ 350/4000]  eta: 0:13:44  inter: 12332.0000 (28451.1364)  union: 34595.0000 (43904.4504)  iou: 0.4756 (0.6100)  time: 0.2313  data: 0.0005  max mem: 31176
Test:  [ 400/4000]  eta: 0:13:34  inter: 30945.0000 (27687.4000)  union: 36705.0000 (42950.1375)  iou: 0.6797 (0.6075)  time: 0.2165  data: 0.0005  max mem: 31176
Test:  [ 450/4000]  eta: 0:13:20  inter: 19571.0000 (27545.8159)  union: 37908.0000 (43095.4333)  iou: 0.6635 (0.6075)  time: 0.2321  data: 0.0005  max mem: 31176
Test:  [ 500/4000]  eta: 0:13:06  inter: 17242.0000 (28253.2822)  union: 36503.0000 (44140.4857)  iou: 0.6365 (0.6051)  time: 0.2127  data: 0.0005  max mem: 31176
Test:  [ 550/4000]  eta: 0:12:56  inter: 23571.0000 (28192.7943)  union: 34175.0000 (43738.1452)  iou: 0.8278 (0.6129)  time: 0.2271  data: 0.0005  max mem: 31176
Test:  [ 600/4000]  eta: 0:12:43  inter: 10974.0000 (28215.1420)  union: 34573.0000 (43814.5562)  iou: 0.7672 (0.6112)  time: 0.2206  data: 0.0005  max mem: 31176
Test:  [ 650/4000]  eta: 0:12:29  inter: 26102.0000 (28770.9525)  union: 42380.0000 (44086.5967)  iou: 0.7643 (0.6115)  time: 0.2122  data: 0.0005  max mem: 31176
Test:  [ 700/4000]  eta: 0:12:17  inter: 21130.0000 (28472.7084)  union: 28902.0000 (43859.8111)  iou: 0.5873 (0.6062)  time: 0.2143  data: 0.0005  max mem: 31176
Test:  [ 750/4000]  eta: 0:12:07  inter: 26975.0000 (28460.9372)  union: 30017.0000 (43637.6070)  iou: 0.8608 (0.6113)  time: 0.2357  data: 0.0005  max mem: 31176
Test:  [ 800/4000]  eta: 0:11:55  inter: 22459.0000 (28190.2768)  union: 46539.0000 (43213.7071)  iou: 0.5735 (0.6106)  time: 0.2266  data: 0.0005  max mem: 31176
Test:  [ 850/4000]  eta: 0:11:44  inter: 22273.0000 (28155.5766)  union: 40383.0000 (43059.1933)  iou: 0.8142 (0.6117)  time: 0.2111  data: 0.0005  max mem: 31176
Test:  [ 900/4000]  eta: 0:11:33  inter: 20940.0000 (28274.7913)  union: 27557.0000 (43448.3217)  iou: 0.7599 (0.6072)  time: 0.2118  data: 0.0005  max mem: 31176
Test:  [ 950/4000]  eta: 0:11:21  inter: 24859.0000 (28434.8065)  union: 30854.0000 (43501.3301)  iou: 0.8383 (0.6066)  time: 0.2199  data: 0.0005  max mem: 31176
Test:  [1000/4000]  eta: 0:11:09  inter: 27144.0000 (28688.4996)  union: 36855.0000 (43774.2438)  iou: 0.7502 (0.6087)  time: 0.2121  data: 0.0005  max mem: 31176
Test:  [1050/4000]  eta: 0:10:57  inter: 27281.0000 (28765.2959)  union: 41104.0000 (43888.1075)  iou: 0.5945 (0.6078)  time: 0.2227  data: 0.0005  max mem: 31176
Test:  [1100/4000]  eta: 0:10:45  inter: 22283.0000 (28548.3411)  union: 31765.0000 (43593.8229)  iou: 0.7015 (0.6053)  time: 0.2186  data: 0.0005  max mem: 31176
Test:  [1150/4000]  eta: 0:10:35  inter: 11327.0000 (28565.0050)  union: 24071.0000 (43381.7407)  iou: 0.5094 (0.6075)  time: 0.2283  data: 0.0005  max mem: 31176
Test:  [1200/4000]  eta: 0:10:23  inter: 14007.0000 (28695.6213)  union: 33137.0000 (43652.9970)  iou: 0.7723 (0.6061)  time: 0.2217  data: 0.0005  max mem: 31176
Test:  [1250/4000]  eta: 0:10:13  inter: 1172.0000 (28379.7995)  union: 33354.0000 (43494.8717)  iou: 0.0314 (0.6031)  time: 0.2324  data: 0.0005  max mem: 31176
Test:  [1300/4000]  eta: 0:10:02  inter: 19661.0000 (28110.0224)  union: 37011.0000 (43268.6286)  iou: 0.5093 (0.6025)  time: 0.2245  data: 0.0005  max mem: 31176
Test:  [1350/4000]  eta: 0:09:50  inter: 26891.0000 (28165.8911)  union: 34223.0000 (43328.9516)  iou: 0.7899 (0.6027)  time: 0.2234  data: 0.0005  max mem: 31176
Test:  [1400/4000]  eta: 0:09:40  inter: 9819.0000 (28224.6422)  union: 12668.0000 (43545.8188)  iou: 0.7334 (0.5997)  time: 0.2254  data: 0.0005  max mem: 31176
Test:  [1450/4000]  eta: 0:09:29  inter: 11989.0000 (28025.1790)  union: 34503.0000 (43373.5902)  iou: 0.5551 (0.5970)  time: 0.2206  data: 0.0005  max mem: 31176
Test:  [1500/4000]  eta: 0:09:17  inter: 19046.0000 (28073.6902)  union: 40125.0000 (43471.8273)  iou: 0.5390 (0.5954)  time: 0.2188  data: 0.0005  max mem: 31176
Test:  [1550/4000]  eta: 0:09:07  inter: 22109.0000 (27932.0146)  union: 30695.0000 (43387.9891)  iou: 0.4956 (0.5955)  time: 0.2364  data: 0.0005  max mem: 31176
Test:  [1600/4000]  eta: 0:08:56  inter: 14972.0000 (27831.3636)  union: 39383.0000 (43397.1538)  iou: 0.7445 (0.5929)  time: 0.2387  data: 0.0005  max mem: 31176
Test:  [1650/4000]  eta: 0:08:44  inter: 19636.0000 (27835.4863)  union: 33571.0000 (43392.9533)  iou: 0.4833 (0.5921)  time: 0.2193  data: 0.0005  max mem: 31176
Test:  [1700/4000]  eta: 0:08:33  inter: 16952.0000 (27777.6904)  union: 36102.0000 (43470.0446)  iou: 0.7684 (0.5905)  time: 0.2199  data: 0.0005  max mem: 31176
Test:  [1750/4000]  eta: 0:08:22  inter: 25989.0000 (27728.7143)  union: 38793.0000 (43381.6074)  iou: 0.6701 (0.5900)  time: 0.2336  data: 0.0005  max mem: 31176
Test:  [1800/4000]  eta: 0:08:11  inter: 20384.0000 (27597.8060)  union: 41646.0000 (43323.8394)  iou: 0.5820 (0.5896)  time: 0.2348  data: 0.0005  max mem: 31176
Test:  [1850/4000]  eta: 0:08:00  inter: 16693.0000 (27581.8253)  union: 34396.0000 (43529.8824)  iou: 0.3629 (0.5879)  time: 0.2232  data: 0.0005  max mem: 31176
Test:  [1900/4000]  eta: 0:07:49  inter: 17011.0000 (27491.4454)  union: 55624.0000 (43472.9448)  iou: 0.4928 (0.5879)  time: 0.2290  data: 0.0005  max mem: 31176
Test:  [1950/4000]  eta: 0:07:38  inter: 11838.0000 (27494.4437)  union: 17095.0000 (43416.6979)  iou: 0.6994 (0.5885)  time: 0.2214  data: 0.0005  max mem: 31176
Test:  [2000/4000]  eta: 0:07:26  inter: 15301.0000 (27460.6997)  union: 22669.0000 (43338.5868)  iou: 0.6896 (0.5886)  time: 0.2114  data: 0.0005  max mem: 31176
Test:  [2050/4000]  eta: 0:07:15  inter: 6050.0000 (27348.9207)  union: 56123.0000 (43506.9521)  iou: 0.2037 (0.5865)  time: 0.2417  data: 0.0005  max mem: 31176
Test:  [2100/4000]  eta: 0:07:04  inter: 20202.0000 (27346.9508)  union: 32639.0000 (43443.8901)  iou: 0.8428 (0.5873)  time: 0.2129  data: 0.0005  max mem: 31176
Test:  [2150/4000]  eta: 0:06:52  inter: 20778.0000 (27328.9482)  union: 33616.0000 (43484.1202)  iou: 0.6606 (0.5863)  time: 0.2165  data: 0.0005  max mem: 31176
Test:  [2200/4000]  eta: 0:06:41  inter: 12433.0000 (27251.2463)  union: 22170.0000 (43356.6960)  iou: 0.4905 (0.5858)  time: 0.2223  data: 0.0005  max mem: 31176
Test:  [2250/4000]  eta: 0:06:30  inter: 19553.0000 (27091.6501)  union: 38663.0000 (43212.5245)  iou: 0.7166 (0.5844)  time: 0.2120  data: 0.0005  max mem: 31176
Test:  [2300/4000]  eta: 0:06:19  inter: 35158.0000 (27170.5026)  union: 39431.0000 (43181.5831)  iou: 0.7923 (0.5863)  time: 0.2242  data: 0.0005  max mem: 31176
Test:  [2350/4000]  eta: 0:06:08  inter: 17205.0000 (27098.0653)  union: 37320.0000 (43114.0199)  iou: 0.6689 (0.5866)  time: 0.2305  data: 0.0005  max mem: 31176
Test:  [2400/4000]  eta: 0:05:57  inter: 10392.0000 (27107.0778)  union: 37213.0000 (43065.4965)  iou: 0.2421 (0.5869)  time: 0.2338  data: 0.0005  max mem: 31176
Test:  [2450/4000]  eta: 0:05:46  inter: 28829.0000 (27212.1130)  union: 33452.0000 (43088.9665)  iou: 0.8738 (0.5893)  time: 0.2091  data: 0.0005  max mem: 31176
Test:  [2500/4000]  eta: 0:05:34  inter: 24047.0000 (27187.9653)  union: 39976.0000 (43061.5036)  iou: 0.8277 (0.5894)  time: 0.2107  data: 0.0005  max mem: 31176
Test:  [2550/4000]  eta: 0:05:23  inter: 28927.0000 (27324.6226)  union: 34865.0000 (43142.4384)  iou: 0.7604 (0.5906)  time: 0.2357  data: 0.0005  max mem: 31176
Test:  [2600/4000]  eta: 0:05:12  inter: 14779.0000 (27255.5475)  union: 30250.0000 (43112.6022)  iou: 0.4437 (0.5893)  time: 0.2256  data: 0.0005  max mem: 31176
Test:  [2650/4000]  eta: 0:05:00  inter: 15004.0000 (27329.6402)  union: 34346.0000 (43338.2103)  iou: 0.8101 (0.5884)  time: 0.2253  data: 0.0005  max mem: 31176
Test:  [2700/4000]  eta: 0:04:49  inter: 28650.0000 (27442.9282)  union: 31692.0000 (43460.2075)  iou: 0.8094 (0.5893)  time: 0.2186  data: 0.0005  max mem: 31176
Test:  [2750/4000]  eta: 0:04:38  inter: 22871.0000 (27499.2352)  union: 34535.0000 (43594.9892)  iou: 0.8180 (0.5883)  time: 0.2178  data: 0.0005  max mem: 31176
Test:  [2800/4000]  eta: 0:04:27  inter: 14715.0000 (27461.6584)  union: 30807.0000 (43472.4028)  iou: 0.5651 (0.5887)  time: 0.2207  data: 0.0005  max mem: 31176
Test:  [2850/4000]  eta: 0:04:16  inter: 12443.0000 (27559.2525)  union: 33295.0000 (43558.2388)  iou: 0.6201 (0.5882)  time: 0.2193  data: 0.0005  max mem: 31176
Test:  [2900/4000]  eta: 0:04:05  inter: 20094.0000 (27581.1738)  union: 28295.0000 (43630.5068)  iou: 0.7738 (0.5873)  time: 0.2139  data: 0.0005  max mem: 31176
Test:  [2950/4000]  eta: 0:03:54  inter: 22584.0000 (27616.9060)  union: 26518.0000 (43644.6844)  iou: 0.4789 (0.5876)  time: 0.2143  data: 0.0005  max mem: 31176
Test:  [3000/4000]  eta: 0:03:43  inter: 21372.0000 (27555.6516)  union: 33612.0000 (43623.9622)  iou: 0.6108 (0.5866)  time: 0.2330  data: 0.0005  max mem: 31176
Test:  [3050/4000]  eta: 0:03:32  inter: 16723.0000 (27564.0214)  union: 50797.0000 (43752.4830)  iou: 0.4535 (0.5866)  time: 0.2230  data: 0.0005  max mem: 31176
Test:  [3100/4000]  eta: 0:03:20  inter: 19899.0000 (27548.7499)  union: 46677.0000 (43712.5328)  iou: 0.4754 (0.5869)  time: 0.2238  data: 0.0005  max mem: 31176
Test:  [3150/4000]  eta: 0:03:09  inter: 14256.0000 (27441.3134)  union: 22274.0000 (43630.2323)  iou: 0.5234 (0.5858)  time: 0.2242  data: 0.0005  max mem: 31176
Test:  [3200/4000]  eta: 0:02:58  inter: 14280.0000 (27511.7980)  union: 41983.0000 (43666.9613)  iou: 0.4220 (0.5867)  time: 0.2158  data: 0.0005  max mem: 31176
Test:  [3250/4000]  eta: 0:02:47  inter: 17183.0000 (27458.3853)  union: 33639.0000 (43622.6991)  iou: 0.6539 (0.5856)  time: 0.2200  data: 0.0005  max mem: 31176
Test:  [3300/4000]  eta: 0:02:36  inter: 30468.0000 (27555.8624)  union: 49658.0000 (43774.0932)  iou: 0.8118 (0.5847)  time: 0.2349  data: 0.0005  max mem: 31176
Test:  [3350/4000]  eta: 0:02:24  inter: 9675.0000 (27545.3006)  union: 16479.0000 (43754.5497)  iou: 0.7637 (0.5853)  time: 0.2094  data: 0.0005  max mem: 31176
Test:  [3400/4000]  eta: 0:02:13  inter: 26593.0000 (27656.9216)  union: 38064.0000 (43792.9858)  iou: 0.8428 (0.5867)  time: 0.2281  data: 0.0005  max mem: 31176
Test:  [3450/4000]  eta: 0:02:02  inter: 19742.0000 (27660.7053)  union: 31281.0000 (43784.8799)  iou: 0.6311 (0.5866)  time: 0.2157  data: 0.0005  max mem: 31176
Test:  [3500/4000]  eta: 0:01:51  inter: 15798.0000 (27630.3147)  union: 20868.0000 (43752.5136)  iou: 0.4179 (0.5866)  time: 0.2137  data: 0.0005  max mem: 31176
Test:  [3550/4000]  eta: 0:01:40  inter: 27541.0000 (27620.0758)  union: 37144.0000 (43779.7868)  iou: 0.8080 (0.5858)  time: 0.2113  data: 0.0005  max mem: 31176
Test:  [3600/4000]  eta: 0:01:29  inter: 22090.0000 (27593.7536)  union: 31834.0000 (43752.2732)  iou: 0.8885 (0.5850)  time: 0.2167  data: 0.0005  max mem: 31176
Test:  [3650/4000]  eta: 0:01:18  inter: 31217.0000 (27587.1913)  union: 38632.0000 (43726.3429)  iou: 0.7309 (0.5852)  time: 0.2390  data: 0.0005  max mem: 31176
Test:  [3700/4000]  eta: 0:01:06  inter: 25468.0000 (27680.5505)  union: 39838.0000 (43737.1126)  iou: 0.8395 (0.5861)  time: 0.2174  data: 0.0005  max mem: 31176
Test:  [3750/4000]  eta: 0:00:55  inter: 26222.0000 (27741.4291)  union: 50261.0000 (43811.2128)  iou: 0.6886 (0.5870)  time: 0.2160  data: 0.0005  max mem: 31176
Test:  [3800/4000]  eta: 0:00:44  inter: 22857.0000 (27747.0487)  union: 29406.0000 (43803.1746)  iou: 0.6288 (0.5871)  time: 0.2098  data: 0.0005  max mem: 31176
Test:  [3850/4000]  eta: 0:00:33  inter: 19918.0000 (27761.6057)  union: 33076.0000 (43822.3293)  iou: 0.8654 (0.5872)  time: 0.2178  data: 0.0005  max mem: 31176
Test:  [3900/4000]  eta: 0:00:22  inter: 19182.0000 (27800.5003)  union: 36787.0000 (43893.4777)  iou: 0.7460 (0.5870)  time: 0.2191  data: 0.0005  max mem: 31176
Test:  [3950/4000]  eta: 0:00:11  inter: 17709.0000 (27753.7983)  union: 45762.0000 (43841.1091)  iou: 0.7007 (0.5869)  time: 0.2147  data: 0.0005  max mem: 31176
Test:  [3999/4000]  eta: 0:00:00  inter: 16504.0000 (27702.0539)  union: 31302.0000 (43730.7701)  iou: 0.6708 (0.5878)  time: 0.1966  data: 0.0002  max mem: 31176
Test: Total time: 0:14:52 (0.2230 s / it)
* IoU 0.588 oIoU 0.633
IoU of the network on the 4000 test images: 0.6%
Max IoU: 0.59%
huggingface/tokenizers: The current process just got forked, after parallelism has already been used. Disabling parallelism to avoid deadlocks...
To disable this warning, you can either:
	- Avoid using `tokenizers` before the fork if possible
	- Explicitly set the environment variable TOKENIZERS_PARALLELISM=(true | false)
huggingface/tokenizers: The current process just got forked, after parallelism has already been used. Disabling parallelism to avoid deadlocks...
To disable this warning, you can either:
	- Avoid using `tokenizers` before the fork if possible
	- Explicitly set the environment variable TOKENIZERS_PARALLELISM=(true | false)
huggingface/tokenizers: The current process just got forked, after parallelism has already been used. Disabling parallelism to avoid deadlocks...
To disable this warning, you can either:
	- Avoid using `tokenizers` before the fork if possible
	- Explicitly set the environment variable TOKENIZERS_PARALLELISM=(true | false)
huggingface/tokenizers: The current process just got forked, after parallelism has already been used. Disabling parallelism to avoid deadlocks...
To disable this warning, you can either:
	- Avoid using `tokenizers` before the fork if possible
	- Explicitly set the environment variable TOKENIZERS_PARALLELISM=(true | false)
huggingface/tokenizers: The current process just got forked, after parallelism has already been used. Disabling parallelism to avoid deadlocks...
To disable this warning, you can either:
	- Avoid using `tokenizers` before the fork if possible
	- Explicitly set the environment variable TOKENIZERS_PARALLELISM=(true | false)
huggingface/tokenizers: The current process just got forked, after parallelism has already been used. Disabling parallelism to avoid deadlocks...
To disable this warning, you can either:
	- Avoid using `tokenizers` before the fork if possible
	- Explicitly set the environment variable TOKENIZERS_PARALLELISM=(true | false)
huggingface/tokenizers: The current process just got forked, after parallelism has already been used. Disabling parallelism to avoid deadlocks...
To disable this warning, you can either:
	- Avoid using `tokenizers` before the fork if possible
	- Explicitly set the environment variable TOKENIZERS_PARALLELISM=(true | false)
huggingface/tokenizers: The current process just got forked, after parallelism has already been used. Disabling parallelism to avoid deadlocks...
To disable this warning, you can either:
	- Avoid using `tokenizers` before the fork if possible
	- Explicitly set the environment variable TOKENIZERS_PARALLELISM=(true | false)
Epoch: [2]  [   0/5625]  eta: 8:20:11  lr: 0.000009  train_loss: 0.5883 (0.5883)  train_iou: 0.4971 (0.4971)  time: 5.3354  data: 2.9782  max mem: 31176
Epoch: [2]  [  20/5625]  eta: 1:57:48  lr: 0.000009  train_loss: 0.2255 (0.2946)  train_iou: 0.6490 (0.6507)  time: 1.0573  data: 0.0014  max mem: 31176
Epoch: [2]  [  40/5625]  eta: 1:48:18  lr: 0.000009  train_loss: 0.2727 (0.2988)  train_iou: 0.6169 (0.6320)  time: 1.0614  data: 0.0005  max mem: 31176
Epoch: [2]  [  60/5625]  eta: 1:44:51  lr: 0.000009  train_loss: 0.3374 (0.3167)  train_iou: 0.6152 (0.6285)  time: 1.0625  data: 0.0005  max mem: 31176
Epoch: [2]  [  80/5625]  eta: 1:43:15  lr: 0.000009  train_loss: 0.2827 (0.3258)  train_iou: 0.6045 (0.6220)  time: 1.0771  data: 0.0005  max mem: 31176
Epoch: [2]  [ 100/5625]  eta: 1:41:54  lr: 0.000009  train_loss: 0.3434 (0.3286)  train_iou: 0.6236 (0.6219)  time: 1.0633  data: 0.0005  max mem: 31176
Epoch: [2]  [ 120/5625]  eta: 1:40:59  lr: 0.000009  train_loss: 0.2235 (0.3210)  train_iou: 0.6537 (0.6287)  time: 1.0707  data: 0.0005  max mem: 31176
Epoch: [2]  [ 140/5625]  eta: 1:40:13  lr: 0.000009  train_loss: 0.2756 (0.3155)  train_iou: 0.6095 (0.6315)  time: 1.0708  data: 0.0005  max mem: 31176
Epoch: [2]  [ 160/5625]  eta: 1:39:29  lr: 0.000009  train_loss: 0.2389 (0.3157)  train_iou: 0.6295 (0.6275)  time: 1.0640  data: 0.0005  max mem: 31176
Epoch: [2]  [ 180/5625]  eta: 1:38:48  lr: 0.000009  train_loss: 0.3196 (0.3166)  train_iou: 0.6452 (0.6310)  time: 1.0603  data: 0.0004  max mem: 31176
Epoch: [2]  [ 200/5625]  eta: 1:38:13  lr: 0.000009  train_loss: 0.2165 (0.3084)  train_iou: 0.6067 (0.6346)  time: 1.0639  data: 0.0005  max mem: 31176
Epoch: [2]  [ 220/5625]  eta: 1:37:40  lr: 0.000009  train_loss: 0.3420 (0.3132)  train_iou: 0.6160 (0.6326)  time: 1.0637  data: 0.0005  max mem: 31176
Epoch: [2]  [ 240/5625]  eta: 1:37:12  lr: 0.000009  train_loss: 0.2616 (0.3124)  train_iou: 0.6743 (0.6331)  time: 1.0686  data: 0.0005  max mem: 31176
Epoch: [2]  [ 260/5625]  eta: 1:36:44  lr: 0.000009  train_loss: 0.2548 (0.3101)  train_iou: 0.6173 (0.6331)  time: 1.0680  data: 0.0005  max mem: 31176
Epoch: [2]  [ 280/5625]  eta: 1:36:14  lr: 0.000009  train_loss: 0.2784 (0.3105)  train_iou: 0.6265 (0.6332)  time: 1.0607  data: 0.0005  max mem: 31176
Epoch: [2]  [ 300/5625]  eta: 1:35:46  lr: 0.000009  train_loss: 0.2167 (0.3084)  train_iou: 0.6752 (0.6349)  time: 1.0609  data: 0.0005  max mem: 31176
Epoch: [2]  [ 320/5625]  eta: 1:35:17  lr: 0.000009  train_loss: 0.1788 (0.3061)  train_iou: 0.5942 (0.6344)  time: 1.0586  data: 0.0005  max mem: 31176
Epoch: [2]  [ 340/5625]  eta: 1:34:48  lr: 0.000009  train_loss: 0.2793 (0.3078)  train_iou: 0.6676 (0.6355)  time: 1.0542  data: 0.0005  max mem: 31176
Epoch: [2]  [ 360/5625]  eta: 1:34:22  lr: 0.000009  train_loss: 0.2671 (0.3065)  train_iou: 0.6008 (0.6332)  time: 1.0594  data: 0.0005  max mem: 31176
Epoch: [2]  [ 380/5625]  eta: 1:33:59  lr: 0.000009  train_loss: 0.2651 (0.3062)  train_iou: 0.5960 (0.6330)  time: 1.0691  data: 0.0005  max mem: 31176
Epoch: [2]  [ 400/5625]  eta: 1:33:34  lr: 0.000009  train_loss: 0.2417 (0.3054)  train_iou: 0.6620 (0.6351)  time: 1.0628  data: 0.0005  max mem: 31176
Epoch: [2]  [ 420/5625]  eta: 1:33:11  lr: 0.000009  train_loss: 0.2511 (0.3048)  train_iou: 0.6316 (0.6352)  time: 1.0680  data: 0.0005  max mem: 31176
Epoch: [2]  [ 440/5625]  eta: 1:32:48  lr: 0.000009  train_loss: 0.2172 (0.3030)  train_iou: 0.6002 (0.6348)  time: 1.0705  data: 0.0005  max mem: 31176
Epoch: [2]  [ 460/5625]  eta: 1:32:24  lr: 0.000009  train_loss: 0.2695 (0.3021)  train_iou: 0.6283 (0.6341)  time: 1.0615  data: 0.0005  max mem: 31176
Epoch: [2]  [ 480/5625]  eta: 1:31:59  lr: 0.000009  train_loss: 0.2232 (0.3001)  train_iou: 0.6228 (0.6342)  time: 1.0574  data: 0.0005  max mem: 31176
Epoch: [2]  [ 500/5625]  eta: 1:31:35  lr: 0.000009  train_loss: 0.3284 (0.3005)  train_iou: 0.6246 (0.6339)  time: 1.0598  data: 0.0005  max mem: 31176
Epoch: [2]  [ 520/5625]  eta: 1:31:11  lr: 0.000009  train_loss: 0.2413 (0.2994)  train_iou: 0.6568 (0.6350)  time: 1.0582  data: 0.0005  max mem: 31176
Epoch: [2]  [ 540/5625]  eta: 1:30:47  lr: 0.000009  train_loss: 0.3154 (0.3007)  train_iou: 0.6417 (0.6346)  time: 1.0569  data: 0.0005  max mem: 31176
Epoch: [2]  [ 560/5625]  eta: 1:30:24  lr: 0.000009  train_loss: 0.2817 (0.3016)  train_iou: 0.6564 (0.6353)  time: 1.0648  data: 0.0005  max mem: 31176
Epoch: [2]  [ 580/5625]  eta: 1:30:02  lr: 0.000009  train_loss: 0.2968 (0.3024)  train_iou: 0.6224 (0.6345)  time: 1.0647  data: 0.0005  max mem: 31176
Epoch: [2]  [ 600/5625]  eta: 1:29:41  lr: 0.000009  train_loss: 0.2733 (0.3024)  train_iou: 0.6795 (0.6349)  time: 1.0757  data: 0.0005  max mem: 31176
Epoch: [2]  [ 620/5625]  eta: 1:29:19  lr: 0.000009  train_loss: 0.3318 (0.3039)  train_iou: 0.6177 (0.6347)  time: 1.0705  data: 0.0005  max mem: 31176
Epoch: [2]  [ 640/5625]  eta: 1:28:56  lr: 0.000009  train_loss: 0.3237 (0.3047)  train_iou: 0.6695 (0.6357)  time: 1.0598  data: 0.0005  max mem: 31176
Epoch: [2]  [ 660/5625]  eta: 1:28:33  lr: 0.000009  train_loss: 0.3393 (0.3068)  train_iou: 0.6395 (0.6354)  time: 1.0581  data: 0.0005  max mem: 31176
Epoch: [2]  [ 680/5625]  eta: 1:28:11  lr: 0.000009  train_loss: 0.2857 (0.3077)  train_iou: 0.6813 (0.6365)  time: 1.0626  data: 0.0005  max mem: 31176
Epoch: [2]  [ 700/5625]  eta: 1:27:47  lr: 0.000009  train_loss: 0.2617 (0.3072)  train_iou: 0.5942 (0.6361)  time: 1.0571  data: 0.0005  max mem: 31176
Epoch: [2]  [ 720/5625]  eta: 1:27:24  lr: 0.000009  train_loss: 0.2432 (0.3065)  train_iou: 0.6164 (0.6360)  time: 1.0584  data: 0.0005  max mem: 31176
Epoch: [2]  [ 740/5625]  eta: 1:27:01  lr: 0.000009  train_loss: 0.3691 (0.3098)  train_iou: 0.5552 (0.6333)  time: 1.0535  data: 0.0005  max mem: 31176
Epoch: [2]  [ 760/5625]  eta: 1:26:38  lr: 0.000009  train_loss: 0.3537 (0.3110)  train_iou: 0.6177 (0.6330)  time: 1.0535  data: 0.0005  max mem: 31176
Epoch: [2]  [ 780/5625]  eta: 1:26:16  lr: 0.000009  train_loss: 0.2370 (0.3097)  train_iou: 0.6353 (0.6334)  time: 1.0647  data: 0.0005  max mem: 31176
Epoch: [2]  [ 800/5625]  eta: 1:25:54  lr: 0.000009  train_loss: 0.2667 (0.3103)  train_iou: 0.6426 (0.6338)  time: 1.0627  data: 0.0005  max mem: 31176
Epoch: [2]  [ 820/5625]  eta: 1:25:32  lr: 0.000009  train_loss: 0.2622 (0.3092)  train_iou: 0.5861 (0.6331)  time: 1.0636  data: 0.0005  max mem: 31176
Epoch: [2]  [ 840/5625]  eta: 1:25:09  lr: 0.000009  train_loss: 0.2429 (0.3087)  train_iou: 0.6578 (0.6336)  time: 1.0575  data: 0.0005  max mem: 31176
Epoch: [2]  [ 860/5625]  eta: 1:24:47  lr: 0.000009  train_loss: 0.2712 (0.3085)  train_iou: 0.6049 (0.6328)  time: 1.0597  data: 0.0005  max mem: 31176
Epoch: [2]  [ 880/5625]  eta: 1:24:25  lr: 0.000009  train_loss: 0.2929 (0.3087)  train_iou: 0.6458 (0.6336)  time: 1.0621  data: 0.0005  max mem: 31176
Epoch: [2]  [ 900/5625]  eta: 1:24:02  lr: 0.000009  train_loss: 0.2249 (0.3073)  train_iou: 0.6849 (0.6345)  time: 1.0524  data: 0.0005  max mem: 31176
Epoch: [2]  [ 920/5625]  eta: 1:23:40  lr: 0.000009  train_loss: 0.3248 (0.3088)  train_iou: 0.6277 (0.6334)  time: 1.0621  data: 0.0005  max mem: 31176
Epoch: [2]  [ 940/5625]  eta: 1:23:18  lr: 0.000009  train_loss: 0.1881 (0.3086)  train_iou: 0.6549 (0.6344)  time: 1.0561  data: 0.0005  max mem: 31176
Epoch: [2]  [ 960/5625]  eta: 1:22:56  lr: 0.000009  train_loss: 0.2349 (0.3086)  train_iou: 0.6318 (0.6348)  time: 1.0583  data: 0.0005  max mem: 31176
Epoch: [2]  [ 980/5625]  eta: 1:22:34  lr: 0.000009  train_loss: 0.2467 (0.3079)  train_iou: 0.6733 (0.6357)  time: 1.0641  data: 0.0004  max mem: 31176
Epoch: [2]  [1000/5625]  eta: 1:22:13  lr: 0.000009  train_loss: 0.2563 (0.3076)  train_iou: 0.6487 (0.6361)  time: 1.0672  data: 0.0005  max mem: 31176
Epoch: [2]  [1020/5625]  eta: 1:21:51  lr: 0.000009  train_loss: 0.2604 (0.3073)  train_iou: 0.6372 (0.6361)  time: 1.0662  data: 0.0005  max mem: 31176
Epoch: [2]  [1040/5625]  eta: 1:21:30  lr: 0.000009  train_loss: 0.2473 (0.3071)  train_iou: 0.6365 (0.6367)  time: 1.0697  data: 0.0005  max mem: 31176
Epoch: [2]  [1060/5625]  eta: 1:21:09  lr: 0.000009  train_loss: 0.3171 (0.3075)  train_iou: 0.5617 (0.6360)  time: 1.0665  data: 0.0005  max mem: 31176
Epoch: [2]  [1080/5625]  eta: 1:20:47  lr: 0.000009  train_loss: 0.3253 (0.3085)  train_iou: 0.5898 (0.6351)  time: 1.0631  data: 0.0005  max mem: 31176
Epoch: [2]  [1100/5625]  eta: 1:20:25  lr: 0.000009  train_loss: 0.2349 (0.3081)  train_iou: 0.6536 (0.6353)  time: 1.0561  data: 0.0005  max mem: 31176
Epoch: [2]  [1120/5625]  eta: 1:20:03  lr: 0.000009  train_loss: 0.2422 (0.3080)  train_iou: 0.6458 (0.6352)  time: 1.0559  data: 0.0004  max mem: 31176
Epoch: [2]  [1140/5625]  eta: 1:19:42  lr: 0.000009  train_loss: 0.2384 (0.3084)  train_iou: 0.6486 (0.6348)  time: 1.0668  data: 0.0005  max mem: 31176
Epoch: [2]  [1160/5625]  eta: 1:19:20  lr: 0.000009  train_loss: 0.2655 (0.3082)  train_iou: 0.6238 (0.6349)  time: 1.0608  data: 0.0005  max mem: 31176
Epoch: [2]  [1180/5625]  eta: 1:18:58  lr: 0.000009  train_loss: 0.2218 (0.3077)  train_iou: 0.6302 (0.6351)  time: 1.0630  data: 0.0005  max mem: 31176
Epoch: [2]  [1200/5625]  eta: 1:18:50  lr: 0.000009  train_loss: 0.3099 (0.3082)  train_iou: 0.6034 (0.6345)  time: 1.2451  data: 0.0005  max mem: 31176
Epoch: [2]  [1220/5625]  eta: 1:18:28  lr: 0.000009  train_loss: 0.2639 (0.3079)  train_iou: 0.6016 (0.6343)  time: 1.0565  data: 0.0005  max mem: 31176
Epoch: [2]  [1240/5625]  eta: 1:18:06  lr: 0.000009  train_loss: 0.2753 (0.3080)  train_iou: 0.5993 (0.6342)  time: 1.0664  data: 0.0005  max mem: 31176
Epoch: [2]  [1260/5625]  eta: 1:17:45  lr: 0.000009  train_loss: 0.2751 (0.3086)  train_iou: 0.6430 (0.6341)  time: 1.0649  data: 0.0005  max mem: 31176
Epoch: [2]  [1280/5625]  eta: 1:17:23  lr: 0.000009  train_loss: 0.2546 (0.3084)  train_iou: 0.6445 (0.6341)  time: 1.0604  data: 0.0005  max mem: 31176
Epoch: [2]  [1300/5625]  eta: 1:17:01  lr: 0.000009  train_loss: 0.2621 (0.3081)  train_iou: 0.6338 (0.6342)  time: 1.0624  data: 0.0005  max mem: 31176
Epoch: [2]  [1320/5625]  eta: 1:16:38  lr: 0.000009  train_loss: 0.3079 (0.3085)  train_iou: 0.6626 (0.6343)  time: 1.0507  data: 0.0005  max mem: 31176
Epoch: [2]  [1340/5625]  eta: 1:16:17  lr: 0.000009  train_loss: 0.2733 (0.3084)  train_iou: 0.5940 (0.6339)  time: 1.0592  data: 0.0005  max mem: 31176
Epoch: [2]  [1360/5625]  eta: 1:15:55  lr: 0.000009  train_loss: 0.2260 (0.3082)  train_iou: 0.6587 (0.6338)  time: 1.0580  data: 0.0005  max mem: 31176
Epoch: [2]  [1380/5625]  eta: 1:15:32  lr: 0.000009  train_loss: 0.3099 (0.3091)  train_iou: 0.5820 (0.6335)  time: 1.0555  data: 0.0005  max mem: 31176
Epoch: [2]  [1400/5625]  eta: 1:15:10  lr: 0.000009  train_loss: 0.2700 (0.3085)  train_iou: 0.7107 (0.6345)  time: 1.0566  data: 0.0004  max mem: 31176
Epoch: [2]  [1420/5625]  eta: 1:14:49  lr: 0.000009  train_loss: 0.2852 (0.3082)  train_iou: 0.5928 (0.6341)  time: 1.0732  data: 0.0005  max mem: 31176
Epoch: [2]  [1440/5625]  eta: 1:14:28  lr: 0.000009  train_loss: 0.2756 (0.3082)  train_iou: 0.6601 (0.6345)  time: 1.0658  data: 0.0005  max mem: 31176
Epoch: [2]  [1460/5625]  eta: 1:14:06  lr: 0.000009  train_loss: 0.2249 (0.3077)  train_iou: 0.6312 (0.6342)  time: 1.0634  data: 0.0005  max mem: 31176
Epoch: [2]  [1480/5625]  eta: 1:13:45  lr: 0.000009  train_loss: 0.2681 (0.3074)  train_iou: 0.6015 (0.6338)  time: 1.0673  data: 0.0005  max mem: 31176
Epoch: [2]  [1500/5625]  eta: 1:13:23  lr: 0.000009  train_loss: 0.2433 (0.3069)  train_iou: 0.5806 (0.6336)  time: 1.0600  data: 0.0005  max mem: 31176
Epoch: [2]  [1520/5625]  eta: 1:13:01  lr: 0.000009  train_loss: 0.2022 (0.3060)  train_iou: 0.6454 (0.6333)  time: 1.0618  data: 0.0005  max mem: 31176
Epoch: [2]  [1540/5625]  eta: 1:12:40  lr: 0.000009  train_loss: 0.2034 (0.3056)  train_iou: 0.6051 (0.6332)  time: 1.0634  data: 0.0005  max mem: 31176
Epoch: [2]  [1560/5625]  eta: 1:12:19  lr: 0.000009  train_loss: 0.2373 (0.3056)  train_iou: 0.6593 (0.6335)  time: 1.0734  data: 0.0005  max mem: 31176
Epoch: [2]  [1580/5625]  eta: 1:11:58  lr: 0.000009  train_loss: 0.2391 (0.3055)  train_iou: 0.6664 (0.6337)  time: 1.0720  data: 0.0005  max mem: 31176
Epoch: [2]  [1600/5625]  eta: 1:11:36  lr: 0.000009  train_loss: 0.2198 (0.3048)  train_iou: 0.6610 (0.6340)  time: 1.0659  data: 0.0005  max mem: 31176
Epoch: [2]  [1620/5625]  eta: 1:11:15  lr: 0.000009  train_loss: 0.2481 (0.3041)  train_iou: 0.6149 (0.6339)  time: 1.0663  data: 0.0005  max mem: 31176
Epoch: [2]  [1640/5625]  eta: 1:10:54  lr: 0.000009  train_loss: 0.2524 (0.3040)  train_iou: 0.5901 (0.6338)  time: 1.0752  data: 0.0005  max mem: 31176
Epoch: [2]  [1660/5625]  eta: 1:10:33  lr: 0.000009  train_loss: 0.2164 (0.3041)  train_iou: 0.6731 (0.6340)  time: 1.0676  data: 0.0004  max mem: 31176
Epoch: [2]  [1680/5625]  eta: 1:10:11  lr: 0.000009  train_loss: 0.2654 (0.3040)  train_iou: 0.6813 (0.6344)  time: 1.0614  data: 0.0005  max mem: 31176
Epoch: [2]  [1700/5625]  eta: 1:09:49  lr: 0.000009  train_loss: 0.2786 (0.3043)  train_iou: 0.5535 (0.6339)  time: 1.0616  data: 0.0005  max mem: 31176
Epoch: [2]  [1720/5625]  eta: 1:09:28  lr: 0.000009  train_loss: 0.2083 (0.3037)  train_iou: 0.7483 (0.6349)  time: 1.0659  data: 0.0005  max mem: 31176
Epoch: [2]  [1740/5625]  eta: 1:09:06  lr: 0.000009  train_loss: 0.1916 (0.3030)  train_iou: 0.6559 (0.6353)  time: 1.0634  data: 0.0005  max mem: 31176
Epoch: [2]  [1760/5625]  eta: 1:08:45  lr: 0.000009  train_loss: 0.2170 (0.3030)  train_iou: 0.5644 (0.6350)  time: 1.0663  data: 0.0005  max mem: 31176
Epoch: [2]  [1780/5625]  eta: 1:08:23  lr: 0.000009  train_loss: 0.3292 (0.3035)  train_iou: 0.5939 (0.6345)  time: 1.0593  data: 0.0005  max mem: 31176
Epoch: [2]  [1800/5625]  eta: 1:08:02  lr: 0.000009  train_loss: 0.3381 (0.3043)  train_iou: 0.6555 (0.6344)  time: 1.0693  data: 0.0005  max mem: 31176
Epoch: [2]  [1820/5625]  eta: 1:07:41  lr: 0.000009  train_loss: 0.2422 (0.3041)  train_iou: 0.6595 (0.6347)  time: 1.0678  data: 0.0005  max mem: 31176
Epoch: [2]  [1840/5625]  eta: 1:07:19  lr: 0.000009  train_loss: 0.2910 (0.3039)  train_iou: 0.6407 (0.6349)  time: 1.0594  data: 0.0005  max mem: 31176
Epoch: [2]  [1860/5625]  eta: 1:06:57  lr: 0.000009  train_loss: 0.2968 (0.3041)  train_iou: 0.6419 (0.6350)  time: 1.0532  data: 0.0005  max mem: 31176
Epoch: [2]  [1880/5625]  eta: 1:06:36  lr: 0.000009  train_loss: 0.2612 (0.3042)  train_iou: 0.6449 (0.6350)  time: 1.0624  data: 0.0005  max mem: 31176
Epoch: [2]  [1900/5625]  eta: 1:06:14  lr: 0.000009  train_loss: 0.3101 (0.3046)  train_iou: 0.6375 (0.6350)  time: 1.0559  data: 0.0005  max mem: 31176
Epoch: [2]  [1920/5625]  eta: 1:05:52  lr: 0.000009  train_loss: 0.2847 (0.3048)  train_iou: 0.6326 (0.6350)  time: 1.0605  data: 0.0005  max mem: 31176
Epoch: [2]  [1940/5625]  eta: 1:05:31  lr: 0.000009  train_loss: 0.3031 (0.3059)  train_iou: 0.5965 (0.6346)  time: 1.0694  data: 0.0004  max mem: 31176
Epoch: [2]  [1960/5625]  eta: 1:05:10  lr: 0.000009  train_loss: 0.2870 (0.3059)  train_iou: 0.6356 (0.6345)  time: 1.0651  data: 0.0005  max mem: 31176
Epoch: [2]  [1980/5625]  eta: 1:04:48  lr: 0.000009  train_loss: 0.2406 (0.3054)  train_iou: 0.6279 (0.6346)  time: 1.0566  data: 0.0005  max mem: 31176
Epoch: [2]  [2000/5625]  eta: 1:04:26  lr: 0.000009  train_loss: 0.2615 (0.3054)  train_iou: 0.5820 (0.6343)  time: 1.0629  data: 0.0004  max mem: 31176
Epoch: [2]  [2020/5625]  eta: 1:04:05  lr: 0.000009  train_loss: 0.2877 (0.3054)  train_iou: 0.5781 (0.6339)  time: 1.0707  data: 0.0005  max mem: 31176
Epoch: [2]  [2040/5625]  eta: 1:03:44  lr: 0.000009  train_loss: 0.3093 (0.3054)  train_iou: 0.6120 (0.6338)  time: 1.0651  data: 0.0005  max mem: 31176
Epoch: [2]  [2060/5625]  eta: 1:03:22  lr: 0.000009  train_loss: 0.2814 (0.3056)  train_iou: 0.6242 (0.6337)  time: 1.0652  data: 0.0005  max mem: 31176
Epoch: [2]  [2080/5625]  eta: 1:03:01  lr: 0.000009  train_loss: 0.3221 (0.3058)  train_iou: 0.5967 (0.6332)  time: 1.0779  data: 0.0005  max mem: 31176
Epoch: [2]  [2100/5625]  eta: 1:02:40  lr: 0.000009  train_loss: 0.3599 (0.3064)  train_iou: 0.5922 (0.6328)  time: 1.0594  data: 0.0005  max mem: 31176
Epoch: [2]  [2120/5625]  eta: 1:02:18  lr: 0.000009  train_loss: 0.2477 (0.3063)  train_iou: 0.6416 (0.6329)  time: 1.0583  data: 0.0004  max mem: 31176
Epoch: [2]  [2140/5625]  eta: 1:01:57  lr: 0.000009  train_loss: 0.3694 (0.3066)  train_iou: 0.6636 (0.6330)  time: 1.0611  data: 0.0004  max mem: 31176
Epoch: [2]  [2160/5625]  eta: 1:01:35  lr: 0.000009  train_loss: 0.2299 (0.3064)  train_iou: 0.6722 (0.6333)  time: 1.0592  data: 0.0005  max mem: 31176
Epoch: [2]  [2180/5625]  eta: 1:01:14  lr: 0.000009  train_loss: 0.2773 (0.3060)  train_iou: 0.6189 (0.6336)  time: 1.0575  data: 0.0004  max mem: 31176
Epoch: [2]  [2200/5625]  eta: 1:00:52  lr: 0.000009  train_loss: 0.2826 (0.3062)  train_iou: 0.6248 (0.6336)  time: 1.0574  data: 0.0004  max mem: 31176
Epoch: [2]  [2220/5625]  eta: 1:00:31  lr: 0.000009  train_loss: 0.2702 (0.3062)  train_iou: 0.6143 (0.6335)  time: 1.0724  data: 0.0005  max mem: 31176
Epoch: [2]  [2240/5625]  eta: 1:00:10  lr: 0.000009  train_loss: 0.2502 (0.3064)  train_iou: 0.6351 (0.6335)  time: 1.0693  data: 0.0005  max mem: 31176
Epoch: [2]  [2260/5625]  eta: 0:59:48  lr: 0.000009  train_loss: 0.3032 (0.3065)  train_iou: 0.5912 (0.6330)  time: 1.0665  data: 0.0004  max mem: 31176
Epoch: [2]  [2280/5625]  eta: 0:59:27  lr: 0.000009  train_loss: 0.2465 (0.3063)  train_iou: 0.6452 (0.6332)  time: 1.0655  data: 0.0005  max mem: 31176
Epoch: [2]  [2300/5625]  eta: 0:59:05  lr: 0.000009  train_loss: 0.3514 (0.3070)  train_iou: 0.6055 (0.6329)  time: 1.0582  data: 0.0005  max mem: 31176
Epoch: [2]  [2320/5625]  eta: 0:58:44  lr: 0.000009  train_loss: 0.2076 (0.3064)  train_iou: 0.6459 (0.6332)  time: 1.0573  data: 0.0004  max mem: 31176
Epoch: [2]  [2340/5625]  eta: 0:58:22  lr: 0.000009  train_loss: 0.3107 (0.3065)  train_iou: 0.6197 (0.6332)  time: 1.0549  data: 0.0004  max mem: 31176
Epoch: [2]  [2360/5625]  eta: 0:58:00  lr: 0.000009  train_loss: 0.2672 (0.3064)  train_iou: 0.7072 (0.6335)  time: 1.0562  data: 0.0004  max mem: 31176
Epoch: [2]  [2380/5625]  eta: 0:57:39  lr: 0.000009  train_loss: 0.2306 (0.3061)  train_iou: 0.6605 (0.6338)  time: 1.0605  data: 0.0005  max mem: 31176
Epoch: [2]  [2400/5625]  eta: 0:57:17  lr: 0.000009  train_loss: 0.3319 (0.3067)  train_iou: 0.6419 (0.6339)  time: 1.0570  data: 0.0004  max mem: 31176
Epoch: [2]  [2420/5625]  eta: 0:56:56  lr: 0.000009  train_loss: 0.3168 (0.3070)  train_iou: 0.5811 (0.6336)  time: 1.0527  data: 0.0004  max mem: 31176
Epoch: [2]  [2440/5625]  eta: 0:56:34  lr: 0.000009  train_loss: 0.2699 (0.3072)  train_iou: 0.5948 (0.6335)  time: 1.0538  data: 0.0005  max mem: 31176
Epoch: [2]  [2460/5625]  eta: 0:56:13  lr: 0.000009  train_loss: 0.2802 (0.3072)  train_iou: 0.5695 (0.6331)  time: 1.0667  data: 0.0005  max mem: 31176
Epoch: [2]  [2480/5625]  eta: 0:55:52  lr: 0.000009  train_loss: 0.2767 (0.3076)  train_iou: 0.6506 (0.6331)  time: 1.0687  data: 0.0005  max mem: 31176
Epoch: [2]  [2500/5625]  eta: 0:55:30  lr: 0.000009  train_loss: 0.2511 (0.3075)  train_iou: 0.6053 (0.6331)  time: 1.0660  data: 0.0005  max mem: 31176
Epoch: [2]  [2520/5625]  eta: 0:55:13  lr: 0.000009  train_loss: 0.2124 (0.3070)  train_iou: 0.6567 (0.6332)  time: 1.2129  data: 0.0005  max mem: 31176
Epoch: [2]  [2540/5625]  eta: 0:54:51  lr: 0.000009  train_loss: 0.2288 (0.3069)  train_iou: 0.6596 (0.6330)  time: 1.0529  data: 0.0004  max mem: 31176
Epoch: [2]  [2560/5625]  eta: 0:54:29  lr: 0.000009  train_loss: 0.3386 (0.3074)  train_iou: 0.5474 (0.6328)  time: 1.0631  data: 0.0004  max mem: 31176
Epoch: [2]  [2580/5625]  eta: 0:54:08  lr: 0.000009  train_loss: 0.2368 (0.3072)  train_iou: 0.6910 (0.6332)  time: 1.0692  data: 0.0005  max mem: 31176
Epoch: [2]  [2600/5625]  eta: 0:53:47  lr: 0.000009  train_loss: 0.2886 (0.3073)  train_iou: 0.5999 (0.6333)  time: 1.0656  data: 0.0005  max mem: 31176
Epoch: [2]  [2620/5625]  eta: 0:53:25  lr: 0.000009  train_loss: 0.3014 (0.3074)  train_iou: 0.6536 (0.6333)  time: 1.0661  data: 0.0005  max mem: 31176
Epoch: [2]  [2640/5625]  eta: 0:53:04  lr: 0.000009  train_loss: 0.2121 (0.3070)  train_iou: 0.6757 (0.6335)  time: 1.0640  data: 0.0005  max mem: 31176
Epoch: [2]  [2660/5625]  eta: 0:52:43  lr: 0.000009  train_loss: 0.2752 (0.3072)  train_iou: 0.6961 (0.6339)  time: 1.0592  data: 0.0005  max mem: 31176
Epoch: [2]  [2680/5625]  eta: 0:52:21  lr: 0.000009  train_loss: 0.2574 (0.3069)  train_iou: 0.6642 (0.6340)  time: 1.0640  data: 0.0005  max mem: 31176
Epoch: [2]  [2700/5625]  eta: 0:52:00  lr: 0.000009  train_loss: 0.2873 (0.3071)  train_iou: 0.5931 (0.6336)  time: 1.0644  data: 0.0005  max mem: 31176
Epoch: [2]  [2720/5625]  eta: 0:51:38  lr: 0.000009  train_loss: 0.3398 (0.3078)  train_iou: 0.6103 (0.6334)  time: 1.0685  data: 0.0005  max mem: 31176
Epoch: [2]  [2740/5625]  eta: 0:51:17  lr: 0.000009  train_loss: 0.2979 (0.3082)  train_iou: 0.6898 (0.6339)  time: 1.0697  data: 0.0005  max mem: 31176
Epoch: [2]  [2760/5625]  eta: 0:50:56  lr: 0.000009  train_loss: 0.3125 (0.3085)  train_iou: 0.6076 (0.6338)  time: 1.0552  data: 0.0004  max mem: 31176
Epoch: [2]  [2780/5625]  eta: 0:50:34  lr: 0.000009  train_loss: 0.2295 (0.3084)  train_iou: 0.6923 (0.6341)  time: 1.0577  data: 0.0004  max mem: 31176
Epoch: [2]  [2800/5625]  eta: 0:50:13  lr: 0.000009  train_loss: 0.2872 (0.3084)  train_iou: 0.6308 (0.6342)  time: 1.0645  data: 0.0005  max mem: 31176
Epoch: [2]  [2820/5625]  eta: 0:49:51  lr: 0.000009  train_loss: 0.3006 (0.3085)  train_iou: 0.6435 (0.6342)  time: 1.0680  data: 0.0005  max mem: 31176
Epoch: [2]  [2840/5625]  eta: 0:49:30  lr: 0.000009  train_loss: 0.2597 (0.3083)  train_iou: 0.6176 (0.6341)  time: 1.0640  data: 0.0005  max mem: 31176
Epoch: [2]  [2860/5625]  eta: 0:49:09  lr: 0.000009  train_loss: 0.2473 (0.3083)  train_iou: 0.5843 (0.6340)  time: 1.0666  data: 0.0004  max mem: 31176
Epoch: [2]  [2880/5625]  eta: 0:48:47  lr: 0.000009  train_loss: 0.1809 (0.3076)  train_iou: 0.6567 (0.6342)  time: 1.0580  data: 0.0005  max mem: 31176
Epoch: [2]  [2900/5625]  eta: 0:48:26  lr: 0.000009  train_loss: 0.2324 (0.3072)  train_iou: 0.7617 (0.6348)  time: 1.0611  data: 0.0005  max mem: 31176
Epoch: [2]  [2920/5625]  eta: 0:48:04  lr: 0.000009  train_loss: 0.2817 (0.3071)  train_iou: 0.5831 (0.6345)  time: 1.0663  data: 0.0004  max mem: 31176
Epoch: [2]  [2940/5625]  eta: 0:47:43  lr: 0.000009  train_loss: 0.2193 (0.3067)  train_iou: 0.6871 (0.6347)  time: 1.0722  data: 0.0004  max mem: 31176
Epoch: [2]  [2960/5625]  eta: 0:47:22  lr: 0.000009  train_loss: 0.2548 (0.3065)  train_iou: 0.6278 (0.6348)  time: 1.0676  data: 0.0005  max mem: 31176
Epoch: [2]  [2980/5625]  eta: 0:47:00  lr: 0.000009  train_loss: 0.2820 (0.3065)  train_iou: 0.6242 (0.6347)  time: 1.0613  data: 0.0005  max mem: 31176
Epoch: [2]  [3000/5625]  eta: 0:46:39  lr: 0.000009  train_loss: 0.2360 (0.3062)  train_iou: 0.6242 (0.6347)  time: 1.0583  data: 0.0005  max mem: 31176
Epoch: [2]  [3020/5625]  eta: 0:46:18  lr: 0.000009  train_loss: 0.2218 (0.3063)  train_iou: 0.6012 (0.6346)  time: 1.0646  data: 0.0005  max mem: 31176
Epoch: [2]  [3040/5625]  eta: 0:45:56  lr: 0.000009  train_loss: 0.2642 (0.3064)  train_iou: 0.5989 (0.6343)  time: 1.0635  data: 0.0005  max mem: 31176
Epoch: [2]  [3060/5625]  eta: 0:45:35  lr: 0.000009  train_loss: 0.2489 (0.3062)  train_iou: 0.6423 (0.6343)  time: 1.0660  data: 0.0005  max mem: 31176
Epoch: [2]  [3080/5625]  eta: 0:45:14  lr: 0.000009  train_loss: 0.2530 (0.3060)  train_iou: 0.6347 (0.6344)  time: 1.0710  data: 0.0005  max mem: 31176
Epoch: [2]  [3100/5625]  eta: 0:44:52  lr: 0.000009  train_loss: 0.3067 (0.3062)  train_iou: 0.6138 (0.6343)  time: 1.0566  data: 0.0005  max mem: 31176
Epoch: [2]  [3120/5625]  eta: 0:44:31  lr: 0.000009  train_loss: 0.2548 (0.3060)  train_iou: 0.6551 (0.6344)  time: 1.0571  data: 0.0004  max mem: 31176
Epoch: [2]  [3140/5625]  eta: 0:44:09  lr: 0.000009  train_loss: 0.2568 (0.3060)  train_iou: 0.5645 (0.6341)  time: 1.0686  data: 0.0005  max mem: 31176
Epoch: [2]  [3160/5625]  eta: 0:43:48  lr: 0.000009  train_loss: 0.2146 (0.3059)  train_iou: 0.6710 (0.6342)  time: 1.0636  data: 0.0005  max mem: 31176
Epoch: [2]  [3180/5625]  eta: 0:43:27  lr: 0.000009  train_loss: 0.3399 (0.3064)  train_iou: 0.5970 (0.6340)  time: 1.0653  data: 0.0005  max mem: 31176
Epoch: [2]  [3200/5625]  eta: 0:43:05  lr: 0.000009  train_loss: 0.2646 (0.3065)  train_iou: 0.5809 (0.6339)  time: 1.0694  data: 0.0005  max mem: 31176
Epoch: [2]  [3220/5625]  eta: 0:42:44  lr: 0.000009  train_loss: 0.2515 (0.3064)  train_iou: 0.6558 (0.6341)  time: 1.0577  data: 0.0005  max mem: 31176
Epoch: [2]  [3240/5625]  eta: 0:42:23  lr: 0.000009  train_loss: 0.2696 (0.3064)  train_iou: 0.6578 (0.6340)  time: 1.0661  data: 0.0005  max mem: 31176
Epoch: [2]  [3260/5625]  eta: 0:42:01  lr: 0.000009  train_loss: 0.2471 (0.3062)  train_iou: 0.6266 (0.6340)  time: 1.0710  data: 0.0005  max mem: 31176
Epoch: [2]  [3280/5625]  eta: 0:41:40  lr: 0.000009  train_loss: 0.3032 (0.3065)  train_iou: 0.6453 (0.6341)  time: 1.0687  data: 0.0005  max mem: 31176
Epoch: [2]  [3300/5625]  eta: 0:41:19  lr: 0.000009  train_loss: 0.2470 (0.3063)  train_iou: 0.6152 (0.6341)  time: 1.0727  data: 0.0005  max mem: 31176
Epoch: [2]  [3320/5625]  eta: 0:40:57  lr: 0.000009  train_loss: 0.2932 (0.3065)  train_iou: 0.6239 (0.6337)  time: 1.0628  data: 0.0004  max mem: 31176
Epoch: [2]  [3340/5625]  eta: 0:40:36  lr: 0.000009  train_loss: 0.2546 (0.3064)  train_iou: 0.6005 (0.6336)  time: 1.0597  data: 0.0004  max mem: 31176
Epoch: [2]  [3360/5625]  eta: 0:40:15  lr: 0.000009  train_loss: 0.2292 (0.3060)  train_iou: 0.6880 (0.6338)  time: 1.0665  data: 0.0005  max mem: 31176
Epoch: [2]  [3380/5625]  eta: 0:39:53  lr: 0.000009  train_loss: 0.2874 (0.3061)  train_iou: 0.6347 (0.6336)  time: 1.0638  data: 0.0005  max mem: 31176
Epoch: [2]  [3400/5625]  eta: 0:39:32  lr: 0.000009  train_loss: 0.2591 (0.3061)  train_iou: 0.5863 (0.6335)  time: 1.0629  data: 0.0004  max mem: 31176
Epoch: [2]  [3420/5625]  eta: 0:39:11  lr: 0.000009  train_loss: 0.2589 (0.3060)  train_iou: 0.6254 (0.6336)  time: 1.0741  data: 0.0005  max mem: 31176
Epoch: [2]  [3440/5625]  eta: 0:38:49  lr: 0.000009  train_loss: 0.1955 (0.3057)  train_iou: 0.6732 (0.6338)  time: 1.0615  data: 0.0005  max mem: 31176
Epoch: [2]  [3460/5625]  eta: 0:38:28  lr: 0.000009  train_loss: 0.2078 (0.3054)  train_iou: 0.6355 (0.6339)  time: 1.0640  data: 0.0004  max mem: 31176
Epoch: [2]  [3480/5625]  eta: 0:38:07  lr: 0.000009  train_loss: 0.2403 (0.3055)  train_iou: 0.6080 (0.6339)  time: 1.0679  data: 0.0005  max mem: 31176
Epoch: [2]  [3500/5625]  eta: 0:37:45  lr: 0.000009  train_loss: 0.2621 (0.3053)  train_iou: 0.6681 (0.6341)  time: 1.0622  data: 0.0005  max mem: 31176
Epoch: [2]  [3520/5625]  eta: 0:37:24  lr: 0.000009  train_loss: 0.2798 (0.3055)  train_iou: 0.6688 (0.6343)  time: 1.0631  data: 0.0005  max mem: 31176
Epoch: [2]  [3540/5625]  eta: 0:37:03  lr: 0.000009  train_loss: 0.1973 (0.3052)  train_iou: 0.6160 (0.6343)  time: 1.0625  data: 0.0005  max mem: 31176
Epoch: [2]  [3560/5625]  eta: 0:36:41  lr: 0.000009  train_loss: 0.2592 (0.3050)  train_iou: 0.6249 (0.6343)  time: 1.0590  data: 0.0004  max mem: 31176
Epoch: [2]  [3580/5625]  eta: 0:36:20  lr: 0.000009  train_loss: 0.2834 (0.3051)  train_iou: 0.6603 (0.6344)  time: 1.0587  data: 0.0004  max mem: 31176
Epoch: [2]  [3600/5625]  eta: 0:35:58  lr: 0.000009  train_loss: 0.2183 (0.3049)  train_iou: 0.6495 (0.6345)  time: 1.0672  data: 0.0005  max mem: 31176
Epoch: [2]  [3620/5625]  eta: 0:35:37  lr: 0.000009  train_loss: 0.2065 (0.3045)  train_iou: 0.6963 (0.6348)  time: 1.0542  data: 0.0004  max mem: 31176
Epoch: [2]  [3640/5625]  eta: 0:35:16  lr: 0.000009  train_loss: 0.1916 (0.3043)  train_iou: 0.6178 (0.6347)  time: 1.0670  data: 0.0005  max mem: 31176
Epoch: [2]  [3660/5625]  eta: 0:34:54  lr: 0.000009  train_loss: 0.2476 (0.3041)  train_iou: 0.6852 (0.6349)  time: 1.0668  data: 0.0005  max mem: 31176
Epoch: [2]  [3680/5625]  eta: 0:34:33  lr: 0.000009  train_loss: 0.2384 (0.3039)  train_iou: 0.6816 (0.6350)  time: 1.0593  data: 0.0004  max mem: 31176
Epoch: [2]  [3700/5625]  eta: 0:34:12  lr: 0.000009  train_loss: 0.3433 (0.3041)  train_iou: 0.6472 (0.6349)  time: 1.0578  data: 0.0004  max mem: 31176
Epoch: [2]  [3720/5625]  eta: 0:33:50  lr: 0.000009  train_loss: 0.2587 (0.3043)  train_iou: 0.6572 (0.6350)  time: 1.0656  data: 0.0005  max mem: 31176
Epoch: [2]  [3740/5625]  eta: 0:33:29  lr: 0.000009  train_loss: 0.2751 (0.3042)  train_iou: 0.6622 (0.6351)  time: 1.0604  data: 0.0005  max mem: 31176
Epoch: [2]  [3760/5625]  eta: 0:33:08  lr: 0.000009  train_loss: 0.1960 (0.3039)  train_iou: 0.5993 (0.6352)  time: 1.0672  data: 0.0004  max mem: 31176
Epoch: [2]  [3780/5625]  eta: 0:32:46  lr: 0.000009  train_loss: 0.2640 (0.3038)  train_iou: 0.6948 (0.6354)  time: 1.0666  data: 0.0005  max mem: 31176
Epoch: [2]  [3800/5625]  eta: 0:32:25  lr: 0.000009  train_loss: 0.2775 (0.3037)  train_iou: 0.6555 (0.6356)  time: 1.0600  data: 0.0005  max mem: 31176
Epoch: [2]  [3820/5625]  eta: 0:32:04  lr: 0.000009  train_loss: 0.2930 (0.3037)  train_iou: 0.6256 (0.6356)  time: 1.0607  data: 0.0004  max mem: 31176
Epoch: [2]  [3840/5625]  eta: 0:31:42  lr: 0.000009  train_loss: 0.2810 (0.3037)  train_iou: 0.6481 (0.6355)  time: 1.0634  data: 0.0005  max mem: 31176
Epoch: [2]  [3860/5625]  eta: 0:31:22  lr: 0.000009  train_loss: 0.3092 (0.3038)  train_iou: 0.6214 (0.6356)  time: 1.1881  data: 0.0005  max mem: 31176
Epoch: [2]  [3880/5625]  eta: 0:31:01  lr: 0.000009  train_loss: 0.2428 (0.3038)  train_iou: 0.6041 (0.6357)  time: 1.0778  data: 0.0005  max mem: 31176
Epoch: [2]  [3900/5625]  eta: 0:30:39  lr: 0.000009  train_loss: 0.2951 (0.3038)  train_iou: 0.6773 (0.6359)  time: 1.0604  data: 0.0004  max mem: 31176
Epoch: [2]  [3920/5625]  eta: 0:30:18  lr: 0.000009  train_loss: 0.2154 (0.3036)  train_iou: 0.6275 (0.6360)  time: 1.0658  data: 0.0005  max mem: 31176
Epoch: [2]  [3940/5625]  eta: 0:29:57  lr: 0.000009  train_loss: 0.2450 (0.3037)  train_iou: 0.5898 (0.6357)  time: 1.0657  data: 0.0005  max mem: 31176
Epoch: [2]  [3960/5625]  eta: 0:29:35  lr: 0.000009  train_loss: 0.3008 (0.3038)  train_iou: 0.6430 (0.6358)  time: 1.0646  data: 0.0005  max mem: 31176
Epoch: [2]  [3980/5625]  eta: 0:29:14  lr: 0.000009  train_loss: 0.2296 (0.3035)  train_iou: 0.6429 (0.6358)  time: 1.0677  data: 0.0005  max mem: 31176
Epoch: [2]  [4000/5625]  eta: 0:28:53  lr: 0.000009  train_loss: 0.2550 (0.3034)  train_iou: 0.6170 (0.6358)  time: 1.0642  data: 0.0004  max mem: 31176
Epoch: [2]  [4020/5625]  eta: 0:28:31  lr: 0.000009  train_loss: 0.3074 (0.3036)  train_iou: 0.6325 (0.6358)  time: 1.0630  data: 0.0004  max mem: 31176
Epoch: [2]  [4040/5625]  eta: 0:28:10  lr: 0.000009  train_loss: 0.2858 (0.3039)  train_iou: 0.6658 (0.6358)  time: 1.0640  data: 0.0005  max mem: 31176
Epoch: [2]  [4060/5625]  eta: 0:27:49  lr: 0.000009  train_loss: 0.2617 (0.3037)  train_iou: 0.6572 (0.6358)  time: 1.0625  data: 0.0005  max mem: 31176
Epoch: [2]  [4080/5625]  eta: 0:27:27  lr: 0.000009  train_loss: 0.2481 (0.3035)  train_iou: 0.6642 (0.6359)  time: 1.0666  data: 0.0005  max mem: 31176
Epoch: [2]  [4100/5625]  eta: 0:27:06  lr: 0.000009  train_loss: 0.3452 (0.3039)  train_iou: 0.6501 (0.6360)  time: 1.0615  data: 0.0004  max mem: 31176
Epoch: [2]  [4120/5625]  eta: 0:26:45  lr: 0.000009  train_loss: 0.2710 (0.3039)  train_iou: 0.6261 (0.6359)  time: 1.0597  data: 0.0004  max mem: 31176
Epoch: [2]  [4140/5625]  eta: 0:26:23  lr: 0.000009  train_loss: 0.3298 (0.3041)  train_iou: 0.5943 (0.6358)  time: 1.0647  data: 0.0005  max mem: 31176
Epoch: [2]  [4160/5625]  eta: 0:26:02  lr: 0.000009  train_loss: 0.3079 (0.3043)  train_iou: 0.6393 (0.6358)  time: 1.0643  data: 0.0005  max mem: 31176
Epoch: [2]  [4180/5625]  eta: 0:25:40  lr: 0.000009  train_loss: 0.2630 (0.3043)  train_iou: 0.6705 (0.6360)  time: 1.0668  data: 0.0005  max mem: 31176
Epoch: [2]  [4200/5625]  eta: 0:25:19  lr: 0.000009  train_loss: 0.2518 (0.3045)  train_iou: 0.5838 (0.6358)  time: 1.0593  data: 0.0005  max mem: 31176
Epoch: [2]  [4220/5625]  eta: 0:24:58  lr: 0.000009  train_loss: 0.2819 (0.3046)  train_iou: 0.6414 (0.6356)  time: 1.0645  data: 0.0004  max mem: 31176
Epoch: [2]  [4240/5625]  eta: 0:24:36  lr: 0.000009  train_loss: 0.3182 (0.3047)  train_iou: 0.5966 (0.6356)  time: 1.0661  data: 0.0005  max mem: 31176
Epoch: [2]  [4260/5625]  eta: 0:24:15  lr: 0.000009  train_loss: 0.2789 (0.3049)  train_iou: 0.6224 (0.6357)  time: 1.0677  data: 0.0005  max mem: 31176
Epoch: [2]  [4280/5625]  eta: 0:23:54  lr: 0.000009  train_loss: 0.2799 (0.3048)  train_iou: 0.6821 (0.6358)  time: 1.0737  data: 0.0005  max mem: 31176
Epoch: [2]  [4300/5625]  eta: 0:23:32  lr: 0.000009  train_loss: 0.2948 (0.3050)  train_iou: 0.6438 (0.6357)  time: 1.0638  data: 0.0004  max mem: 31176
Epoch: [2]  [4320/5625]  eta: 0:23:11  lr: 0.000009  train_loss: 0.2237 (0.3049)  train_iou: 0.6749 (0.6359)  time: 1.0621  data: 0.0004  max mem: 31176
Epoch: [2]  [4340/5625]  eta: 0:22:50  lr: 0.000009  train_loss: 0.2751 (0.3051)  train_iou: 0.6858 (0.6360)  time: 1.0652  data: 0.0005  max mem: 31176
Epoch: [2]  [4360/5625]  eta: 0:22:28  lr: 0.000009  train_loss: 0.3013 (0.3053)  train_iou: 0.6046 (0.6359)  time: 1.0609  data: 0.0004  max mem: 31176
Epoch: [2]  [4380/5625]  eta: 0:22:07  lr: 0.000009  train_loss: 0.2679 (0.3055)  train_iou: 0.6765 (0.6360)  time: 1.0735  data: 0.0005  max mem: 31176
Epoch: [2]  [4400/5625]  eta: 0:21:46  lr: 0.000009  train_loss: 0.2868 (0.3054)  train_iou: 0.6076 (0.6360)  time: 1.0621  data: 0.0005  max mem: 31176
Epoch: [2]  [4420/5625]  eta: 0:21:24  lr: 0.000009  train_loss: 0.2437 (0.3053)  train_iou: 0.7075 (0.6360)  time: 1.0599  data: 0.0005  max mem: 31176
Epoch: [2]  [4440/5625]  eta: 0:21:03  lr: 0.000009  train_loss: 0.2675 (0.3055)  train_iou: 0.6010 (0.6360)  time: 1.0628  data: 0.0005  max mem: 31176
Epoch: [2]  [4460/5625]  eta: 0:20:42  lr: 0.000009  train_loss: 0.2482 (0.3054)  train_iou: 0.6275 (0.6359)  time: 1.0674  data: 0.0005  max mem: 31176
Epoch: [2]  [4480/5625]  eta: 0:20:20  lr: 0.000009  train_loss: 0.2544 (0.3054)  train_iou: 0.5942 (0.6358)  time: 1.0679  data: 0.0005  max mem: 31176
Epoch: [2]  [4500/5625]  eta: 0:19:59  lr: 0.000009  train_loss: 0.2672 (0.3054)  train_iou: 0.6294 (0.6358)  time: 1.0602  data: 0.0005  max mem: 31176
Epoch: [2]  [4520/5625]  eta: 0:19:38  lr: 0.000009  train_loss: 0.2579 (0.3054)  train_iou: 0.6484 (0.6359)  time: 1.0608  data: 0.0005  max mem: 31176
Epoch: [2]  [4540/5625]  eta: 0:19:16  lr: 0.000009  train_loss: 0.2802 (0.3054)  train_iou: 0.6302 (0.6359)  time: 1.0655  data: 0.0005  max mem: 31176
Epoch: [2]  [4560/5625]  eta: 0:18:55  lr: 0.000009  train_loss: 0.2052 (0.3051)  train_iou: 0.6748 (0.6359)  time: 1.0615  data: 0.0005  max mem: 31176
Epoch: [2]  [4580/5625]  eta: 0:18:34  lr: 0.000009  train_loss: 0.2199 (0.3047)  train_iou: 0.6735 (0.6362)  time: 1.0686  data: 0.0005  max mem: 31176
Epoch: [2]  [4600/5625]  eta: 0:18:12  lr: 0.000009  train_loss: 0.2765 (0.3047)  train_iou: 0.6258 (0.6360)  time: 1.0620  data: 0.0004  max mem: 31176
Epoch: [2]  [4620/5625]  eta: 0:17:51  lr: 0.000009  train_loss: 0.2486 (0.3045)  train_iou: 0.6528 (0.6361)  time: 1.0594  data: 0.0004  max mem: 31176
Epoch: [2]  [4640/5625]  eta: 0:17:30  lr: 0.000009  train_loss: 0.2432 (0.3044)  train_iou: 0.5970 (0.6360)  time: 1.0646  data: 0.0005  max mem: 31176
Epoch: [2]  [4660/5625]  eta: 0:17:08  lr: 0.000009  train_loss: 0.3464 (0.3046)  train_iou: 0.6200 (0.6360)  time: 1.0585  data: 0.0005  max mem: 31176
Epoch: [2]  [4680/5625]  eta: 0:16:47  lr: 0.000009  train_loss: 0.2433 (0.3046)  train_iou: 0.5511 (0.6358)  time: 1.0709  data: 0.0005  max mem: 31176
Epoch: [2]  [4700/5625]  eta: 0:16:26  lr: 0.000009  train_loss: 0.2815 (0.3047)  train_iou: 0.5970 (0.6357)  time: 1.0617  data: 0.0005  max mem: 31176
Epoch: [2]  [4720/5625]  eta: 0:16:04  lr: 0.000009  train_loss: 0.3002 (0.3048)  train_iou: 0.6260 (0.6356)  time: 1.0582  data: 0.0004  max mem: 31176
Epoch: [2]  [4740/5625]  eta: 0:15:43  lr: 0.000009  train_loss: 0.2813 (0.3048)  train_iou: 0.6666 (0.6358)  time: 1.0638  data: 0.0005  max mem: 31176
Epoch: [2]  [4760/5625]  eta: 0:15:22  lr: 0.000009  train_loss: 0.2694 (0.3048)  train_iou: 0.6585 (0.6357)  time: 1.0601  data: 0.0005  max mem: 31176
Epoch: [2]  [4780/5625]  eta: 0:15:00  lr: 0.000009  train_loss: 0.2722 (0.3050)  train_iou: 0.6506 (0.6357)  time: 1.0686  data: 0.0005  max mem: 31176
Epoch: [2]  [4800/5625]  eta: 0:14:39  lr: 0.000009  train_loss: 0.1900 (0.3048)  train_iou: 0.6250 (0.6357)  time: 1.0614  data: 0.0005  max mem: 31176
Epoch: [2]  [4820/5625]  eta: 0:14:18  lr: 0.000009  train_loss: 0.2357 (0.3047)  train_iou: 0.6104 (0.6356)  time: 1.0606  data: 0.0005  max mem: 31176
Epoch: [2]  [4840/5625]  eta: 0:13:56  lr: 0.000009  train_loss: 0.2539 (0.3046)  train_iou: 0.6128 (0.6356)  time: 1.0619  data: 0.0005  max mem: 31176
Epoch: [2]  [4860/5625]  eta: 0:13:35  lr: 0.000009  train_loss: 0.2258 (0.3044)  train_iou: 0.6672 (0.6356)  time: 1.0608  data: 0.0005  max mem: 31176
Epoch: [2]  [4880/5625]  eta: 0:13:14  lr: 0.000009  train_loss: 0.2825 (0.3044)  train_iou: 0.6641 (0.6358)  time: 1.0689  data: 0.0005  max mem: 31176
Epoch: [2]  [4900/5625]  eta: 0:12:52  lr: 0.000009  train_loss: 0.2306 (0.3042)  train_iou: 0.6787 (0.6360)  time: 1.0673  data: 0.0005  max mem: 31176
Epoch: [2]  [4920/5625]  eta: 0:12:31  lr: 0.000009  train_loss: 0.2944 (0.3042)  train_iou: 0.5870 (0.6358)  time: 1.0632  data: 0.0005  max mem: 31176
Epoch: [2]  [4940/5625]  eta: 0:12:10  lr: 0.000009  train_loss: 0.3326 (0.3044)  train_iou: 0.6366 (0.6358)  time: 1.0662  data: 0.0004  max mem: 31176
Epoch: [2]  [4960/5625]  eta: 0:11:48  lr: 0.000009  train_loss: 0.2712 (0.3044)  train_iou: 0.6331 (0.6357)  time: 1.0628  data: 0.0005  max mem: 31176
Epoch: [2]  [4980/5625]  eta: 0:11:27  lr: 0.000009  train_loss: 0.2860 (0.3046)  train_iou: 0.5667 (0.6356)  time: 1.0621  data: 0.0005  max mem: 31176
Epoch: [2]  [5000/5625]  eta: 0:11:06  lr: 0.000009  train_loss: 0.2954 (0.3046)  train_iou: 0.6296 (0.6356)  time: 1.0668  data: 0.0005  max mem: 31176
Epoch: [2]  [5020/5625]  eta: 0:10:44  lr: 0.000009  train_loss: 0.2335 (0.3044)  train_iou: 0.6874 (0.6356)  time: 1.0608  data: 0.0005  max mem: 31176
Epoch: [2]  [5040/5625]  eta: 0:10:23  lr: 0.000009  train_loss: 0.2796 (0.3043)  train_iou: 0.6625 (0.6358)  time: 1.0615  data: 0.0005  max mem: 31176
Epoch: [2]  [5060/5625]  eta: 0:10:02  lr: 0.000009  train_loss: 0.2899 (0.3044)  train_iou: 0.6410 (0.6357)  time: 1.0617  data: 0.0004  max mem: 31176
Epoch: [2]  [5080/5625]  eta: 0:09:40  lr: 0.000009  train_loss: 0.2100 (0.3042)  train_iou: 0.6406 (0.6357)  time: 1.0550  data: 0.0004  max mem: 31176
Epoch: [2]  [5100/5625]  eta: 0:09:19  lr: 0.000009  train_loss: 0.2282 (0.3041)  train_iou: 0.6268 (0.6357)  time: 1.0585  data: 0.0004  max mem: 31176
Epoch: [2]  [5120/5625]  eta: 0:08:58  lr: 0.000009  train_loss: 0.2691 (0.3041)  train_iou: 0.5918 (0.6356)  time: 1.0548  data: 0.0005  max mem: 31176
Epoch: [2]  [5140/5625]  eta: 0:08:36  lr: 0.000009  train_loss: 0.2550 (0.3042)  train_iou: 0.5563 (0.6354)  time: 1.0584  data: 0.0004  max mem: 31176
Epoch: [2]  [5160/5625]  eta: 0:08:15  lr: 0.000009  train_loss: 0.2177 (0.3040)  train_iou: 0.7158 (0.6356)  time: 1.0575  data: 0.0004  max mem: 31176
Epoch: [2]  [5180/5625]  eta: 0:07:54  lr: 0.000009  train_loss: 0.2210 (0.3037)  train_iou: 0.6163 (0.6356)  time: 1.1808  data: 0.0005  max mem: 31176
Epoch: [2]  [5200/5625]  eta: 0:07:33  lr: 0.000009  train_loss: 0.2373 (0.3037)  train_iou: 0.6821 (0.6357)  time: 1.0584  data: 0.0005  max mem: 31176
Epoch: [2]  [5220/5625]  eta: 0:07:11  lr: 0.000009  train_loss: 0.2722 (0.3037)  train_iou: 0.6653 (0.6358)  time: 1.0576  data: 0.0004  max mem: 31176
Epoch: [2]  [5240/5625]  eta: 0:06:50  lr: 0.000009  train_loss: 0.2755 (0.3037)  train_iou: 0.5966 (0.6357)  time: 1.0604  data: 0.0004  max mem: 31176
Epoch: [2]  [5260/5625]  eta: 0:06:29  lr: 0.000009  train_loss: 0.2648 (0.3036)  train_iou: 0.6329 (0.6357)  time: 1.0580  data: 0.0005  max mem: 31176
Epoch: [2]  [5280/5625]  eta: 0:06:07  lr: 0.000009  train_loss: 0.2312 (0.3035)  train_iou: 0.6813 (0.6359)  time: 1.0593  data: 0.0004  max mem: 31176
Epoch: [2]  [5300/5625]  eta: 0:05:46  lr: 0.000009  train_loss: 0.2870 (0.3035)  train_iou: 0.6364 (0.6360)  time: 1.0572  data: 0.0005  max mem: 31176
Epoch: [2]  [5320/5625]  eta: 0:05:25  lr: 0.000009  train_loss: 0.2716 (0.3034)  train_iou: 0.6330 (0.6360)  time: 1.0574  data: 0.0004  max mem: 31176
Epoch: [2]  [5340/5625]  eta: 0:05:03  lr: 0.000009  train_loss: 0.2714 (0.3033)  train_iou: 0.6424 (0.6360)  time: 1.0532  data: 0.0004  max mem: 31176
Epoch: [2]  [5360/5625]  eta: 0:04:42  lr: 0.000009  train_loss: 0.3387 (0.3035)  train_iou: 0.5853 (0.6357)  time: 1.0549  data: 0.0005  max mem: 31176
Epoch: [2]  [5380/5625]  eta: 0:04:21  lr: 0.000009  train_loss: 0.2419 (0.3035)  train_iou: 0.6395 (0.6357)  time: 1.0576  data: 0.0005  max mem: 31176
Epoch: [2]  [5400/5625]  eta: 0:03:59  lr: 0.000009  train_loss: 0.2764 (0.3035)  train_iou: 0.7144 (0.6359)  time: 1.0586  data: 0.0004  max mem: 31176
Epoch: [2]  [5420/5625]  eta: 0:03:38  lr: 0.000009  train_loss: 0.2451 (0.3034)  train_iou: 0.6502 (0.6359)  time: 1.0616  data: 0.0004  max mem: 31176
Epoch: [2]  [5440/5625]  eta: 0:03:17  lr: 0.000009  train_loss: 0.2730 (0.3034)  train_iou: 0.6230 (0.6358)  time: 1.0595  data: 0.0005  max mem: 31176
Epoch: [2]  [5460/5625]  eta: 0:02:55  lr: 0.000009  train_loss: 0.1916 (0.3031)  train_iou: 0.6850 (0.6359)  time: 1.0594  data: 0.0004  max mem: 31176
Epoch: [2]  [5480/5625]  eta: 0:02:34  lr: 0.000009  train_loss: 0.2896 (0.3032)  train_iou: 0.6458 (0.6359)  time: 1.0598  data: 0.0004  max mem: 31176
Epoch: [2]  [5500/5625]  eta: 0:02:13  lr: 0.000009  train_loss: 0.2355 (0.3031)  train_iou: 0.6722 (0.6360)  time: 1.0506  data: 0.0004  max mem: 31176
Epoch: [2]  [5520/5625]  eta: 0:01:51  lr: 0.000009  train_loss: 0.2901 (0.3031)  train_iou: 0.5811 (0.6358)  time: 1.0573  data: 0.0005  max mem: 31176
Epoch: [2]  [5540/5625]  eta: 0:01:30  lr: 0.000009  train_loss: 0.2757 (0.3031)  train_iou: 0.6459 (0.6359)  time: 1.0533  data: 0.0004  max mem: 31176
Epoch: [2]  [5560/5625]  eta: 0:01:09  lr: 0.000009  train_loss: 0.2643 (0.3030)  train_iou: 0.6479 (0.6360)  time: 1.0528  data: 0.0004  max mem: 31176
Epoch: [2]  [5580/5625]  eta: 0:00:47  lr: 0.000009  train_loss: 0.2985 (0.3030)  train_iou: 0.6237 (0.6360)  time: 1.0541  data: 0.0004  max mem: 31176
Epoch: [2]  [5600/5625]  eta: 0:00:26  lr: 0.000009  train_loss: 0.2604 (0.3030)  train_iou: 0.6456 (0.6360)  time: 1.0541  data: 0.0005  max mem: 31176
Epoch: [2]  [5620/5625]  eta: 0:00:05  lr: 0.000009  train_loss: 0.2791 (0.3029)  train_iou: 0.6465 (0.6360)  time: 0.9591  data: 0.0003  max mem: 31176
Epoch: [2]  [5624/5625]  eta: 0:00:01  lr: 0.000009  train_loss: 0.2801 (0.3029)  train_iou: 0.6331 (0.6359)  time: 0.9272  data: 0.0002  max mem: 31176
Epoch: [2] Total time: 1:39:52 (1.0653 s / it)
Averaged stats: lr: 0.000009  train_loss: 0.2801 (0.3029)  train_iou: 0.6331 (0.6359)
huggingface/tokenizers: The current process just got forked, after parallelism has already been used. Disabling parallelism to avoid deadlocks...
To disable this warning, you can either:
	- Avoid using `tokenizers` before the fork if possible
	- Explicitly set the environment variable TOKENIZERS_PARALLELISM=(true | false)
huggingface/tokenizers: The current process just got forked, after parallelism has already been used. Disabling parallelism to avoid deadlocks...
To disable this warning, you can either:
	- Avoid using `tokenizers` before the fork if possible
	- Explicitly set the environment variable TOKENIZERS_PARALLELISM=(true | false)
huggingface/tokenizers: The current process just got forked, after parallelism has already been used. Disabling parallelism to avoid deadlocks...
To disable this warning, you can either:
	- Avoid using `tokenizers` before the fork if possible
	- Explicitly set the environment variable TOKENIZERS_PARALLELISM=(true | false)
huggingface/tokenizers: The current process just got forked, after parallelism has already been used. Disabling parallelism to avoid deadlocks...
To disable this warning, you can either:
	- Avoid using `tokenizers` before the fork if possible
	- Explicitly set the environment variable TOKENIZERS_PARALLELISM=(true | false)
huggingface/tokenizers: The current process just got forked, after parallelism has already been used. Disabling parallelism to avoid deadlocks...
To disable this warning, you can either:
	- Avoid using `tokenizers` before the fork if possible
	- Explicitly set the environment variable TOKENIZERS_PARALLELISM=(true | false)
huggingface/tokenizers: The current process just got forked, after parallelism has already been used. Disabling parallelism to avoid deadlocks...
To disable this warning, you can either:
	- Avoid using `tokenizers` before the fork if possible
	- Explicitly set the environment variable TOKENIZERS_PARALLELISM=(true | false)
huggingface/tokenizers: The current process just got forked, after parallelism has already been used. Disabling parallelism to avoid deadlocks...
To disable this warning, you can either:
	- Avoid using `tokenizers` before the fork if possible
	- Explicitly set the environment variable TOKENIZERS_PARALLELISM=(true | false)
huggingface/tokenizers: The current process just got forked, after parallelism has already been used. Disabling parallelism to avoid deadlocks...
To disable this warning, you can either:
	- Avoid using `tokenizers` before the fork if possible
	- Explicitly set the environment variable TOKENIZERS_PARALLELISM=(true | false)
Test:  [   0/4000]  eta: 1:56:08  inter: 33160.0000 (33160.0000)  union: 36650.0000 (36650.0000)  iou: 0.9048 (0.9048)  time: 1.7421  data: 1.1966  max mem: 31176
Test:  [  50/4000]  eta: 0:16:13  inter: 25358.0000 (27629.5312)  union: 54587.0000 (49869.8750)  iou: 0.3581 (0.5546)  time: 0.2214  data: 0.0005  max mem: 31176
Test:  [ 100/4000]  eta: 0:15:14  inter: 31383.0000 (29347.8015)  union: 47181.0000 (46286.4632)  iou: 0.8372 (0.6153)  time: 0.2190  data: 0.0005  max mem: 31176
Test:  [ 150/4000]  eta: 0:14:50  inter: 18583.0000 (28373.6555)  union: 33364.0000 (43453.5598)  iou: 0.8019 (0.6362)  time: 0.2293  data: 0.0005  max mem: 31176
Test:  [ 200/4000]  eta: 0:14:24  inter: 34403.0000 (28820.2747)  union: 37885.0000 (42742.4835)  iou: 0.9089 (0.6491)  time: 0.2150  data: 0.0005  max mem: 31176
Test:  [ 250/4000]  eta: 0:14:02  inter: 15078.0000 (30630.8012)  union: 33203.0000 (44326.5904)  iou: 0.6245 (0.6445)  time: 0.2105  data: 0.0005  max mem: 31176
Test:  [ 300/4000]  eta: 0:13:49  inter: 21579.0000 (29927.8834)  union: 24617.0000 (43393.3573)  iou: 0.8480 (0.6375)  time: 0.2251  data: 0.0005  max mem: 31176
Test:  [ 350/4000]  eta: 0:13:41  inter: 11529.0000 (28973.7686)  union: 34536.0000 (43537.6033)  iou: 0.4042 (0.6262)  time: 0.2304  data: 0.0005  max mem: 31176
Test:  [ 400/4000]  eta: 0:13:31  inter: 31138.0000 (28199.4661)  union: 35745.0000 (42601.7339)  iou: 0.7009 (0.6236)  time: 0.2162  data: 0.0005  max mem: 31176
Test:  [ 450/4000]  eta: 0:13:17  inter: 19649.0000 (27963.7302)  union: 36882.0000 (42767.5619)  iou: 0.6226 (0.6219)  time: 0.2327  data: 0.0005  max mem: 31176
Test:  [ 500/4000]  eta: 0:13:04  inter: 17219.0000 (28780.6117)  union: 37668.0000 (43793.8682)  iou: 0.7166 (0.6222)  time: 0.2140  data: 0.0005  max mem: 31176
Test:  [ 550/4000]  eta: 0:12:55  inter: 23627.0000 (28779.7288)  union: 29620.0000 (43480.4794)  iou: 0.7933 (0.6286)  time: 0.2273  data: 0.0005  max mem: 31176
Test:  [ 600/4000]  eta: 0:12:42  inter: 10173.0000 (28777.4272)  union: 31542.0000 (43505.5550)  iou: 0.6565 (0.6259)  time: 0.2217  data: 0.0005  max mem: 31176
Test:  [ 650/4000]  eta: 0:12:28  inter: 25057.0000 (29309.8906)  union: 42970.0000 (43828.8409)  iou: 0.7590 (0.6264)  time: 0.2125  data: 0.0005  max mem: 31176
Test:  [ 700/4000]  eta: 0:12:16  inter: 17502.0000 (28928.9394)  union: 28758.0000 (43616.6869)  iou: 0.5916 (0.6196)  time: 0.2147  data: 0.0005  max mem: 31176
Test:  [ 750/4000]  eta: 0:12:06  inter: 27146.0000 (28786.1351)  union: 32237.0000 (43377.6061)  iou: 0.8346 (0.6228)  time: 0.2369  data: 0.0005  max mem: 31176
Test:  [ 800/4000]  eta: 0:11:55  inter: 20250.0000 (28472.9170)  union: 46482.0000 (42968.6214)  iou: 0.7359 (0.6218)  time: 0.2282  data: 0.0005  max mem: 31176
Test:  [ 850/4000]  eta: 0:11:44  inter: 21895.0000 (28446.8059)  union: 40719.0000 (42930.3941)  iou: 0.8106 (0.6220)  time: 0.2120  data: 0.0005  max mem: 31176
Test:  [ 900/4000]  eta: 0:11:33  inter: 21959.0000 (28547.5874)  union: 28420.0000 (43226.5312)  iou: 0.7915 (0.6179)  time: 0.2125  data: 0.0005  max mem: 31176
Test:  [ 950/4000]  eta: 0:11:21  inter: 24771.0000 (28687.4261)  union: 30961.0000 (43309.5139)  iou: 0.8412 (0.6164)  time: 0.2205  data: 0.0005  max mem: 31176
Test:  [1000/4000]  eta: 0:11:10  inter: 26734.0000 (28902.2552)  union: 37254.0000 (43466.6401)  iou: 0.7563 (0.6183)  time: 0.2132  data: 0.0005  max mem: 31176
Test:  [1050/4000]  eta: 0:10:58  inter: 25218.0000 (28940.8082)  union: 37918.0000 (43552.8524)  iou: 0.6789 (0.6178)  time: 0.2235  data: 0.0005  max mem: 31176
Test:  [1100/4000]  eta: 0:10:46  inter: 22439.0000 (28705.3346)  union: 32336.0000 (43265.9792)  iou: 0.6950 (0.6150)  time: 0.2197  data: 0.0005  max mem: 31176
Test:  [1150/4000]  eta: 0:10:35  inter: 9961.0000 (28756.6272)  union: 23726.0000 (43046.3474)  iou: 0.5123 (0.6175)  time: 0.2295  data: 0.0005  max mem: 31176
Test:  [1200/4000]  eta: 0:10:24  inter: 16275.0000 (28878.0363)  union: 34113.0000 (43324.2140)  iou: 0.7999 (0.6161)  time: 0.2223  data: 0.0005  max mem: 31176
Test:  [1250/4000]  eta: 0:10:14  inter: 4737.0000 (28579.2521)  union: 33491.0000 (43131.4060)  iou: 0.1072 (0.6136)  time: 0.2331  data: 0.0005  max mem: 31176
Test:  [1300/4000]  eta: 0:10:03  inter: 22801.0000 (28309.3921)  union: 35555.0000 (42899.0393)  iou: 0.6296 (0.6137)  time: 0.2255  data: 0.0005  max mem: 31176
Test:  [1350/4000]  eta: 0:09:51  inter: 26650.0000 (28352.8863)  union: 35688.0000 (42924.9684)  iou: 0.8107 (0.6140)  time: 0.2235  data: 0.0005  max mem: 31176
Test:  [1400/4000]  eta: 0:09:40  inter: 9906.0000 (28409.5187)  union: 11604.0000 (43166.6609)  iou: 0.7335 (0.6112)  time: 0.2243  data: 0.0005  max mem: 31176
Test:  [1450/4000]  eta: 0:09:29  inter: 13405.0000 (28272.9985)  union: 38215.0000 (43036.7467)  iou: 0.5056 (0.6095)  time: 0.2206  data: 0.0005  max mem: 31176
Test:  [1500/4000]  eta: 0:09:18  inter: 18470.0000 (28317.0080)  union: 39921.0000 (43143.8898)  iou: 0.5381 (0.6073)  time: 0.2201  data: 0.0005  max mem: 31176
Test:  [1550/4000]  eta: 0:09:07  inter: 22396.0000 (28188.8312)  union: 29038.0000 (43017.7892)  iou: 0.8289 (0.6082)  time: 0.2374  data: 0.0005  max mem: 31176
Test:  [1600/4000]  eta: 0:08:57  inter: 13151.0000 (28085.6399)  union: 39247.0000 (43013.8145)  iou: 0.7469 (0.6053)  time: 0.2382  data: 0.0005  max mem: 31176
Test:  [1650/4000]  eta: 0:08:45  inter: 19533.0000 (28091.7050)  union: 40351.0000 (43049.3722)  iou: 0.5223 (0.6043)  time: 0.2193  data: 0.0006  max mem: 31176
Test:  [1700/4000]  eta: 0:08:33  inter: 17106.0000 (28080.2545)  union: 42808.0000 (43205.3438)  iou: 0.7692 (0.6029)  time: 0.2198  data: 0.0005  max mem: 31176
Test:  [1750/4000]  eta: 0:08:22  inter: 25946.0000 (28008.6738)  union: 39310.0000 (43125.6309)  iou: 0.6931 (0.6020)  time: 0.2318  data: 0.0005  max mem: 31176
Test:  [1800/4000]  eta: 0:08:11  inter: 21891.0000 (27875.5049)  union: 42419.0000 (43124.9348)  iou: 0.6607 (0.6013)  time: 0.2341  data: 0.0005  max mem: 31176
Test:  [1850/4000]  eta: 0:08:00  inter: 18648.0000 (27865.4966)  union: 33850.0000 (43297.4192)  iou: 0.3806 (0.5995)  time: 0.2207  data: 0.0005  max mem: 31176
Test:  [1900/4000]  eta: 0:07:49  inter: 35809.0000 (27795.3183)  union: 55111.0000 (43264.3272)  iou: 0.6109 (0.6000)  time: 0.2274  data: 0.0005  max mem: 31176
Test:  [1950/4000]  eta: 0:07:38  inter: 11029.0000 (27802.0753)  union: 17329.0000 (43214.2372)  iou: 0.6239 (0.6003)  time: 0.2224  data: 0.0005  max mem: 31176
Test:  [2000/4000]  eta: 0:07:26  inter: 14883.0000 (27759.0120)  union: 22573.0000 (43111.2631)  iou: 0.7662 (0.6003)  time: 0.2136  data: 0.0005  max mem: 31176
Test:  [2050/4000]  eta: 0:07:15  inter: 7854.0000 (27686.6527)  union: 56248.0000 (43268.6623)  iou: 0.2934 (0.5986)  time: 0.2427  data: 0.0005  max mem: 31176
Test:  [2100/4000]  eta: 0:07:04  inter: 20425.0000 (27675.5293)  union: 32261.0000 (43206.8908)  iou: 0.8380 (0.5995)  time: 0.2125  data: 0.0005  max mem: 31176
Test:  [2150/4000]  eta: 0:06:53  inter: 16936.0000 (27658.9525)  union: 30218.0000 (43258.7867)  iou: 0.7455 (0.5986)  time: 0.2176  data: 0.0005  max mem: 31176
Test:  [2200/4000]  eta: 0:06:41  inter: 12042.0000 (27583.4368)  union: 21129.0000 (43131.4191)  iou: 0.5634 (0.5986)  time: 0.2236  data: 0.0005  max mem: 31176
Test:  [2250/4000]  eta: 0:06:30  inter: 19636.0000 (27436.2675)  union: 39282.0000 (43003.4789)  iou: 0.7580 (0.5970)  time: 0.2124  data: 0.0005  max mem: 31176
Test:  [2300/4000]  eta: 0:06:19  inter: 34525.0000 (27525.8570)  union: 39956.0000 (42986.0179)  iou: 0.7104 (0.5990)  time: 0.2257  data: 0.0005  max mem: 31176
Test:  [2350/4000]  eta: 0:06:08  inter: 18301.0000 (27451.2090)  union: 37120.0000 (42905.5944)  iou: 0.7136 (0.5994)  time: 0.2318  data: 0.0005  max mem: 31176
Test:  [2400/4000]  eta: 0:05:57  inter: 12948.0000 (27462.6028)  union: 33087.0000 (42854.6762)  iou: 0.3033 (0.5998)  time: 0.2333  data: 0.0005  max mem: 31176
Test:  [2450/4000]  eta: 0:05:46  inter: 28240.0000 (27573.0396)  union: 33425.0000 (42890.2599)  iou: 0.8766 (0.6019)  time: 0.2082  data: 0.0005  max mem: 31176
Test:  [2500/4000]  eta: 0:05:34  inter: 24547.0000 (27555.0776)  union: 39477.0000 (42862.1680)  iou: 0.8631 (0.6021)  time: 0.2111  data: 0.0005  max mem: 31176
Test:  [2550/4000]  eta: 0:05:23  inter: 28845.0000 (27679.1550)  union: 34295.0000 (42957.4075)  iou: 0.7809 (0.6030)  time: 0.2360  data: 0.0005  max mem: 31176
Test:  [2600/4000]  eta: 0:05:12  inter: 16640.0000 (27615.6872)  union: 29517.0000 (42934.0538)  iou: 0.4426 (0.6019)  time: 0.2260  data: 0.0005  max mem: 31176
Test:  [2650/4000]  eta: 0:05:01  inter: 16028.0000 (27672.5905)  union: 34124.0000 (43150.2763)  iou: 0.8126 (0.6008)  time: 0.2255  data: 0.0005  max mem: 31176
Test:  [2700/4000]  eta: 0:04:50  inter: 24255.0000 (27773.7347)  union: 33248.0000 (43240.6077)  iou: 0.8447 (0.6018)  time: 0.2197  data: 0.0005  max mem: 31176
Test:  [2750/4000]  eta: 0:04:39  inter: 22805.0000 (27843.0769)  union: 31072.0000 (43336.7039)  iou: 0.9082 (0.6013)  time: 0.2184  data: 0.0005  max mem: 31176
Test:  [2800/4000]  eta: 0:04:27  inter: 14889.0000 (27797.0629)  union: 30630.0000 (43214.1348)  iou: 0.7149 (0.6016)  time: 0.2198  data: 0.0005  max mem: 31176
Test:  [2850/4000]  eta: 0:04:16  inter: 12359.0000 (27923.8310)  union: 38204.0000 (43324.6319)  iou: 0.6708 (0.6013)  time: 0.2179  data: 0.0005  max mem: 31176
Test:  [2900/4000]  eta: 0:04:05  inter: 19977.0000 (27938.4463)  union: 26524.0000 (43391.4656)  iou: 0.7790 (0.6006)  time: 0.2134  data: 0.0005  max mem: 31176
Test:  [2950/4000]  eta: 0:03:54  inter: 22154.0000 (27959.5829)  union: 28271.0000 (43405.5300)  iou: 0.5561 (0.6007)  time: 0.2132  data: 0.0005  max mem: 31176
Test:  [3000/4000]  eta: 0:03:43  inter: 20817.0000 (27907.1676)  union: 34041.0000 (43390.1298)  iou: 0.5977 (0.5997)  time: 0.2320  data: 0.0005  max mem: 31176
Test:  [3050/4000]  eta: 0:03:32  inter: 18050.0000 (27902.7466)  union: 36979.0000 (43526.7947)  iou: 0.4808 (0.5994)  time: 0.2224  data: 0.0005  max mem: 31176
Test:  [3100/4000]  eta: 0:03:20  inter: 17103.0000 (27883.1298)  union: 46225.0000 (43483.6981)  iou: 0.4718 (0.5996)  time: 0.2220  data: 0.0005  max mem: 31176
Test:  [3150/4000]  eta: 0:03:09  inter: 16563.0000 (27785.8468)  union: 22204.0000 (43396.5749)  iou: 0.5416 (0.5991)  time: 0.2240  data: 0.0005  max mem: 31176
Test:  [3200/4000]  eta: 0:02:58  inter: 13492.0000 (27855.9241)  union: 41447.0000 (43428.3454)  iou: 0.4581 (0.6001)  time: 0.2164  data: 0.0005  max mem: 31176
Test:  [3250/4000]  eta: 0:02:47  inter: 13669.0000 (27792.5877)  union: 26832.0000 (43355.9978)  iou: 0.7398 (0.5989)  time: 0.2226  data: 0.0005  max mem: 31176
Test:  [3300/4000]  eta: 0:02:36  inter: 33179.0000 (27878.4834)  union: 48783.0000 (43493.7122)  iou: 0.8037 (0.5979)  time: 0.2348  data: 0.0005  max mem: 31176
Test:  [3350/4000]  eta: 0:02:25  inter: 9505.0000 (27884.9657)  union: 15194.0000 (43461.9134)  iou: 0.7604 (0.5987)  time: 0.2102  data: 0.0005  max mem: 31176
Test:  [3400/4000]  eta: 0:02:13  inter: 27149.0000 (27990.5180)  union: 37425.0000 (43509.8875)  iou: 0.8664 (0.5999)  time: 0.2287  data: 0.0005  max mem: 31176
Test:  [3450/4000]  eta: 0:02:02  inter: 20813.0000 (27993.1524)  union: 29177.0000 (43493.2797)  iou: 0.7078 (0.5997)  time: 0.2165  data: 0.0005  max mem: 31176
Test:  [3500/4000]  eta: 0:01:51  inter: 15988.0000 (27957.2255)  union: 21575.0000 (43446.9927)  iou: 0.3628 (0.5997)  time: 0.2144  data: 0.0005  max mem: 31176
Test:  [3550/4000]  eta: 0:01:40  inter: 27636.0000 (27952.0022)  union: 37107.0000 (43471.0650)  iou: 0.8064 (0.5989)  time: 0.2123  data: 0.0005  max mem: 31176
Test:  [3600/4000]  eta: 0:01:29  inter: 21262.0000 (27909.6064)  union: 31805.0000 (43421.6882)  iou: 0.8804 (0.5980)  time: 0.2173  data: 0.0005  max mem: 31176
Test:  [3650/4000]  eta: 0:01:18  inter: 26987.0000 (27892.9961)  union: 38619.0000 (43392.2618)  iou: 0.7188 (0.5982)  time: 0.2392  data: 0.0005  max mem: 31176
Test:  [3700/4000]  eta: 0:01:06  inter: 27046.0000 (27988.8652)  union: 39518.0000 (43415.2291)  iou: 0.8315 (0.5990)  time: 0.2176  data: 0.0005  max mem: 31176
Test:  [3750/4000]  eta: 0:00:55  inter: 30048.0000 (28050.2271)  union: 47367.0000 (43480.5870)  iou: 0.7724 (0.5999)  time: 0.2164  data: 0.0005  max mem: 31176
Test:  [3800/4000]  eta: 0:00:44  inter: 22938.0000 (28058.0766)  union: 29800.0000 (43527.6726)  iou: 0.5885 (0.5998)  time: 0.2089  data: 0.0005  max mem: 31176
Test:  [3850/4000]  eta: 0:00:33  inter: 20693.0000 (28068.2939)  union: 33683.0000 (43527.2690)  iou: 0.8677 (0.6000)  time: 0.2182  data: 0.0005  max mem: 31176
Test:  [3900/4000]  eta: 0:00:22  inter: 18536.0000 (28115.9312)  union: 41965.0000 (43614.7574)  iou: 0.6698 (0.5999)  time: 0.2197  data: 0.0005  max mem: 31176
Test:  [3950/4000]  eta: 0:00:11  inter: 17513.0000 (28064.4080)  union: 40918.0000 (43563.1751)  iou: 0.8039 (0.5997)  time: 0.2149  data: 0.0005  max mem: 31176
Test:  [3999/4000]  eta: 0:00:00  inter: 16196.0000 (28006.3047)  union: 30825.0000 (43448.1026)  iou: 0.6654 (0.6005)  time: 0.1963  data: 0.0002  max mem: 31176
Test: Total time: 0:14:52 (0.2232 s / it)
* IoU 0.600 oIoU 0.645
IoU of the network on the 4000 test images: 0.6%
Max IoU: 0.60%
huggingface/tokenizers: The current process just got forked, after parallelism has already been used. Disabling parallelism to avoid deadlocks...
To disable this warning, you can either:
	- Avoid using `tokenizers` before the fork if possible
	- Explicitly set the environment variable TOKENIZERS_PARALLELISM=(true | false)
huggingface/tokenizers: The current process just got forked, after parallelism has already been used. Disabling parallelism to avoid deadlocks...
To disable this warning, you can either:
	- Avoid using `tokenizers` before the fork if possible
	- Explicitly set the environment variable TOKENIZERS_PARALLELISM=(true | false)
huggingface/tokenizers: The current process just got forked, after parallelism has already been used. Disabling parallelism to avoid deadlocks...
To disable this warning, you can either:
	- Avoid using `tokenizers` before the fork if possible
	- Explicitly set the environment variable TOKENIZERS_PARALLELISM=(true | false)
huggingface/tokenizers: The current process just got forked, after parallelism has already been used. Disabling parallelism to avoid deadlocks...
To disable this warning, you can either:
	- Avoid using `tokenizers` before the fork if possible
	- Explicitly set the environment variable TOKENIZERS_PARALLELISM=(true | false)
huggingface/tokenizers: The current process just got forked, after parallelism has already been used. Disabling parallelism to avoid deadlocks...
To disable this warning, you can either:
	- Avoid using `tokenizers` before the fork if possible
	- Explicitly set the environment variable TOKENIZERS_PARALLELISM=(true | false)
huggingface/tokenizers: The current process just got forked, after parallelism has already been used. Disabling parallelism to avoid deadlocks...
To disable this warning, you can either:
	- Avoid using `tokenizers` before the fork if possible
	- Explicitly set the environment variable TOKENIZERS_PARALLELISM=(true | false)
huggingface/tokenizers: The current process just got forked, after parallelism has already been used. Disabling parallelism to avoid deadlocks...
To disable this warning, you can either:
	- Avoid using `tokenizers` before the fork if possible
	- Explicitly set the environment variable TOKENIZERS_PARALLELISM=(true | false)
huggingface/tokenizers: The current process just got forked, after parallelism has already been used. Disabling parallelism to avoid deadlocks...
To disable this warning, you can either:
	- Avoid using `tokenizers` before the fork if possible
	- Explicitly set the environment variable TOKENIZERS_PARALLELISM=(true | false)
Epoch: [3]  [   0/5625]  eta: 8:29:57  lr: 0.000009  train_loss: 0.4348 (0.4348)  train_iou: 0.6331 (0.6331)  time: 5.4395  data: 3.9685  max mem: 31176
Epoch: [3]  [  20/5625]  eta: 1:58:19  lr: 0.000009  train_loss: 0.2248 (0.2873)  train_iou: 0.6249 (0.6321)  time: 1.0579  data: 0.0005  max mem: 31176
Epoch: [3]  [  40/5625]  eta: 1:48:27  lr: 0.000009  train_loss: 0.1887 (0.2711)  train_iou: 0.6565 (0.6394)  time: 1.0586  data: 0.0005  max mem: 31176
Epoch: [3]  [  60/5625]  eta: 1:44:43  lr: 0.000009  train_loss: 0.2447 (0.2679)  train_iou: 0.6278 (0.6350)  time: 1.0551  data: 0.0005  max mem: 31176
Epoch: [3]  [  80/5625]  eta: 1:42:49  lr: 0.000009  train_loss: 0.2157 (0.2648)  train_iou: 0.6609 (0.6451)  time: 1.0628  data: 0.0005  max mem: 31176
Epoch: [3]  [ 100/5625]  eta: 1:41:30  lr: 0.000009  train_loss: 0.2401 (0.2674)  train_iou: 0.6407 (0.6445)  time: 1.0608  data: 0.0005  max mem: 31176
Epoch: [3]  [ 120/5625]  eta: 1:40:25  lr: 0.000009  train_loss: 0.2130 (0.2615)  train_iou: 0.6974 (0.6523)  time: 1.0544  data: 0.0005  max mem: 31176
Epoch: [3]  [ 140/5625]  eta: 1:39:40  lr: 0.000009  train_loss: 0.2841 (0.2717)  train_iou: 0.5787 (0.6435)  time: 1.0653  data: 0.0005  max mem: 31176
Epoch: [3]  [ 160/5625]  eta: 1:38:57  lr: 0.000009  train_loss: 0.2588 (0.2749)  train_iou: 0.7034 (0.6485)  time: 1.0586  data: 0.0005  max mem: 31176
Epoch: [3]  [ 180/5625]  eta: 1:38:21  lr: 0.000009  train_loss: 0.2029 (0.2744)  train_iou: 0.6180 (0.6469)  time: 1.0625  data: 0.0005  max mem: 31176
Epoch: [3]  [ 200/5625]  eta: 1:37:47  lr: 0.000009  train_loss: 0.2330 (0.2733)  train_iou: 0.6658 (0.6488)  time: 1.0614  data: 0.0005  max mem: 31176
Epoch: [3]  [ 220/5625]  eta: 1:37:16  lr: 0.000009  train_loss: 0.1995 (0.2701)  train_iou: 0.6706 (0.6502)  time: 1.0626  data: 0.0005  max mem: 31176
Epoch: [3]  [ 240/5625]  eta: 1:36:45  lr: 0.000009  train_loss: 0.2486 (0.2714)  train_iou: 0.6654 (0.6527)  time: 1.0597  data: 0.0005  max mem: 31176
Epoch: [3]  [ 260/5625]  eta: 1:36:17  lr: 0.000009  train_loss: 0.2380 (0.2701)  train_iou: 0.6724 (0.6521)  time: 1.0613  data: 0.0005  max mem: 31176
Epoch: [3]  [ 280/5625]  eta: 1:35:49  lr: 0.000009  train_loss: 0.1829 (0.2652)  train_iou: 0.6676 (0.6536)  time: 1.0602  data: 0.0005  max mem: 31176
Epoch: [3]  [ 300/5625]  eta: 1:35:22  lr: 0.000009  train_loss: 0.2687 (0.2680)  train_iou: 0.6460 (0.6544)  time: 1.0615  data: 0.0005  max mem: 31176
Epoch: [3]  [ 320/5625]  eta: 1:34:59  lr: 0.000009  train_loss: 0.1861 (0.2666)  train_iou: 0.6627 (0.6548)  time: 1.0679  data: 0.0005  max mem: 31176
Epoch: [3]  [ 340/5625]  eta: 1:34:38  lr: 0.000009  train_loss: 0.2320 (0.2680)  train_iou: 0.6241 (0.6521)  time: 1.0765  data: 0.0005  max mem: 31176
Epoch: [3]  [ 360/5625]  eta: 1:34:12  lr: 0.000009  train_loss: 0.2837 (0.2709)  train_iou: 0.6652 (0.6522)  time: 1.0583  data: 0.0005  max mem: 31176
Epoch: [3]  [ 380/5625]  eta: 1:33:47  lr: 0.000009  train_loss: 0.1854 (0.2707)  train_iou: 0.6961 (0.6528)  time: 1.0612  data: 0.0005  max mem: 31176
Epoch: [3]  [ 400/5625]  eta: 1:33:26  lr: 0.000009  train_loss: 0.1876 (0.2695)  train_iou: 0.6384 (0.6524)  time: 1.0747  data: 0.0005  max mem: 31176
Epoch: [3]  [ 420/5625]  eta: 1:33:04  lr: 0.000009  train_loss: 0.2879 (0.2689)  train_iou: 0.6516 (0.6519)  time: 1.0702  data: 0.0005  max mem: 31176
Epoch: [3]  [ 440/5625]  eta: 1:32:40  lr: 0.000009  train_loss: 0.2668 (0.2697)  train_iou: 0.6842 (0.6525)  time: 1.0647  data: 0.0005  max mem: 31176
Epoch: [3]  [ 460/5625]  eta: 1:32:17  lr: 0.000009  train_loss: 0.2459 (0.2715)  train_iou: 0.6043 (0.6512)  time: 1.0646  data: 0.0005  max mem: 31176
Epoch: [3]  [ 480/5625]  eta: 1:31:53  lr: 0.000009  train_loss: 0.2062 (0.2719)  train_iou: 0.6483 (0.6512)  time: 1.0622  data: 0.0005  max mem: 31176
Epoch: [3]  [ 500/5625]  eta: 1:31:30  lr: 0.000009  train_loss: 0.2515 (0.2724)  train_iou: 0.6905 (0.6523)  time: 1.0639  data: 0.0005  max mem: 31176
Epoch: [3]  [ 520/5625]  eta: 1:31:07  lr: 0.000009  train_loss: 0.2483 (0.2733)  train_iou: 0.6449 (0.6524)  time: 1.0604  data: 0.0005  max mem: 31176
Epoch: [3]  [ 540/5625]  eta: 1:30:44  lr: 0.000009  train_loss: 0.2486 (0.2733)  train_iou: 0.6504 (0.6526)  time: 1.0628  data: 0.0005  max mem: 31176
Epoch: [3]  [ 560/5625]  eta: 1:30:20  lr: 0.000009  train_loss: 0.2354 (0.2728)  train_iou: 0.6406 (0.6521)  time: 1.0563  data: 0.0005  max mem: 31176
Epoch: [3]  [ 580/5625]  eta: 1:29:58  lr: 0.000009  train_loss: 0.2701 (0.2724)  train_iou: 0.6342 (0.6515)  time: 1.0648  data: 0.0005  max mem: 31176
Epoch: [3]  [ 600/5625]  eta: 1:29:36  lr: 0.000009  train_loss: 0.2285 (0.2726)  train_iou: 0.6365 (0.6510)  time: 1.0667  data: 0.0005  max mem: 31176
Epoch: [3]  [ 620/5625]  eta: 1:29:14  lr: 0.000009  train_loss: 0.2058 (0.2730)  train_iou: 0.6273 (0.6505)  time: 1.0673  data: 0.0005  max mem: 31176
Epoch: [3]  [ 640/5625]  eta: 1:28:53  lr: 0.000009  train_loss: 0.1702 (0.2717)  train_iou: 0.6827 (0.6519)  time: 1.0718  data: 0.0005  max mem: 31176
Epoch: [3]  [ 660/5625]  eta: 1:28:30  lr: 0.000009  train_loss: 0.2600 (0.2718)  train_iou: 0.6299 (0.6511)  time: 1.0619  data: 0.0005  max mem: 31176
Epoch: [3]  [ 680/5625]  eta: 1:28:08  lr: 0.000009  train_loss: 0.2631 (0.2723)  train_iou: 0.6314 (0.6510)  time: 1.0615  data: 0.0005  max mem: 31176
Epoch: [3]  [ 700/5625]  eta: 1:27:45  lr: 0.000009  train_loss: 0.2187 (0.2713)  train_iou: 0.6667 (0.6516)  time: 1.0615  data: 0.0005  max mem: 31176
Epoch: [3]  [ 720/5625]  eta: 1:27:24  lr: 0.000009  train_loss: 0.2954 (0.2724)  train_iou: 0.6640 (0.6512)  time: 1.0701  data: 0.0005  max mem: 31176
Epoch: [3]  [ 740/5625]  eta: 1:27:02  lr: 0.000009  train_loss: 0.2473 (0.2716)  train_iou: 0.6408 (0.6520)  time: 1.0626  data: 0.0005  max mem: 31176
Epoch: [3]  [ 760/5625]  eta: 1:26:40  lr: 0.000009  train_loss: 0.2938 (0.2723)  train_iou: 0.6115 (0.6516)  time: 1.0651  data: 0.0005  max mem: 31176
Epoch: [3]  [ 780/5625]  eta: 1:26:18  lr: 0.000009  train_loss: 0.2347 (0.2715)  train_iou: 0.6795 (0.6520)  time: 1.0679  data: 0.0005  max mem: 31176
Epoch: [3]  [ 800/5625]  eta: 1:25:56  lr: 0.000009  train_loss: 0.2379 (0.2709)  train_iou: 0.6568 (0.6523)  time: 1.0610  data: 0.0005  max mem: 31176
Epoch: [3]  [ 820/5625]  eta: 1:25:35  lr: 0.000009  train_loss: 0.2689 (0.2706)  train_iou: 0.6329 (0.6524)  time: 1.0708  data: 0.0005  max mem: 31176
Epoch: [3]  [ 840/5625]  eta: 1:25:12  lr: 0.000009  train_loss: 0.2971 (0.2716)  train_iou: 0.6285 (0.6517)  time: 1.0592  data: 0.0005  max mem: 31176
Epoch: [3]  [ 860/5625]  eta: 1:24:51  lr: 0.000009  train_loss: 0.1976 (0.2712)  train_iou: 0.6416 (0.6518)  time: 1.0682  data: 0.0005  max mem: 31176
Epoch: [3]  [ 880/5625]  eta: 1:24:29  lr: 0.000009  train_loss: 0.2783 (0.2717)  train_iou: 0.5997 (0.6509)  time: 1.0654  data: 0.0005  max mem: 31176
Epoch: [3]  [ 900/5625]  eta: 1:24:08  lr: 0.000009  train_loss: 0.2429 (0.2716)  train_iou: 0.6582 (0.6519)  time: 1.0706  data: 0.0005  max mem: 31176
Epoch: [3]  [ 920/5625]  eta: 1:23:46  lr: 0.000009  train_loss: 0.1862 (0.2707)  train_iou: 0.6536 (0.6524)  time: 1.0639  data: 0.0005  max mem: 31176
Epoch: [3]  [ 940/5625]  eta: 1:23:24  lr: 0.000009  train_loss: 0.1950 (0.2703)  train_iou: 0.6330 (0.6514)  time: 1.0573  data: 0.0005  max mem: 31176
Epoch: [3]  [ 960/5625]  eta: 1:23:02  lr: 0.000009  train_loss: 0.2174 (0.2697)  train_iou: 0.6654 (0.6517)  time: 1.0631  data: 0.0005  max mem: 31176
Epoch: [3]  [ 980/5625]  eta: 1:22:40  lr: 0.000009  train_loss: 0.1646 (0.2685)  train_iou: 0.6760 (0.6518)  time: 1.0678  data: 0.0005  max mem: 31176
Epoch: [3]  [1000/5625]  eta: 1:22:18  lr: 0.000009  train_loss: 0.2290 (0.2682)  train_iou: 0.6355 (0.6516)  time: 1.0573  data: 0.0005  max mem: 31176
Epoch: [3]  [1020/5625]  eta: 1:21:56  lr: 0.000009  train_loss: 0.2653 (0.2687)  train_iou: 0.6339 (0.6510)  time: 1.0615  data: 0.0005  max mem: 31176
Epoch: [3]  [1040/5625]  eta: 1:21:35  lr: 0.000009  train_loss: 0.2349 (0.2693)  train_iou: 0.6370 (0.6500)  time: 1.0671  data: 0.0005  max mem: 31176
Epoch: [3]  [1060/5625]  eta: 1:21:13  lr: 0.000009  train_loss: 0.2174 (0.2699)  train_iou: 0.6362 (0.6499)  time: 1.0574  data: 0.0004  max mem: 31176
Epoch: [3]  [1080/5625]  eta: 1:20:51  lr: 0.000009  train_loss: 0.3194 (0.2703)  train_iou: 0.6667 (0.6495)  time: 1.0652  data: 0.0005  max mem: 31176
Epoch: [3]  [1100/5625]  eta: 1:20:30  lr: 0.000009  train_loss: 0.2911 (0.2708)  train_iou: 0.6396 (0.6489)  time: 1.0737  data: 0.0005  max mem: 31176
Epoch: [3]  [1120/5625]  eta: 1:20:08  lr: 0.000009  train_loss: 0.3015 (0.2717)  train_iou: 0.6336 (0.6485)  time: 1.0578  data: 0.0004  max mem: 31176
Epoch: [3]  [1140/5625]  eta: 1:19:46  lr: 0.000009  train_loss: 0.2312 (0.2714)  train_iou: 0.6372 (0.6485)  time: 1.0604  data: 0.0005  max mem: 31176
Epoch: [3]  [1160/5625]  eta: 1:19:24  lr: 0.000009  train_loss: 0.2325 (0.2711)  train_iou: 0.7434 (0.6494)  time: 1.0630  data: 0.0005  max mem: 31176
Epoch: [3]  [1180/5625]  eta: 1:19:13  lr: 0.000009  train_loss: 0.3066 (0.2720)  train_iou: 0.6237 (0.6492)  time: 1.2048  data: 0.0005  max mem: 31176
Epoch: [3]  [1200/5625]  eta: 1:18:52  lr: 0.000009  train_loss: 0.2072 (0.2716)  train_iou: 0.6629 (0.6495)  time: 1.0641  data: 0.0004  max mem: 31176
Epoch: [3]  [1220/5625]  eta: 1:18:30  lr: 0.000009  train_loss: 0.2467 (0.2720)  train_iou: 0.6253 (0.6492)  time: 1.0612  data: 0.0005  max mem: 31176
Epoch: [3]  [1240/5625]  eta: 1:18:08  lr: 0.000009  train_loss: 0.2658 (0.2720)  train_iou: 0.6312 (0.6488)  time: 1.0660  data: 0.0004  max mem: 31176
Epoch: [3]  [1260/5625]  eta: 1:17:46  lr: 0.000009  train_loss: 0.2835 (0.2726)  train_iou: 0.6064 (0.6483)  time: 1.0561  data: 0.0005  max mem: 31176
Epoch: [3]  [1280/5625]  eta: 1:17:24  lr: 0.000009  train_loss: 0.2650 (0.2728)  train_iou: 0.6071 (0.6476)  time: 1.0623  data: 0.0004  max mem: 31176
Epoch: [3]  [1300/5625]  eta: 1:17:02  lr: 0.000009  train_loss: 0.2732 (0.2724)  train_iou: 0.6260 (0.6479)  time: 1.0622  data: 0.0005  max mem: 31176
Epoch: [3]  [1320/5625]  eta: 1:16:40  lr: 0.000009  train_loss: 0.2576 (0.2730)  train_iou: 0.6781 (0.6481)  time: 1.0640  data: 0.0005  max mem: 31176
Epoch: [3]  [1340/5625]  eta: 1:16:19  lr: 0.000009  train_loss: 0.2546 (0.2732)  train_iou: 0.6757 (0.6486)  time: 1.0617  data: 0.0004  max mem: 31176
Epoch: [3]  [1360/5625]  eta: 1:15:57  lr: 0.000009  train_loss: 0.2388 (0.2734)  train_iou: 0.6138 (0.6480)  time: 1.0602  data: 0.0004  max mem: 31176
Epoch: [3]  [1380/5625]  eta: 1:15:35  lr: 0.000009  train_loss: 0.2258 (0.2736)  train_iou: 0.6791 (0.6479)  time: 1.0559  data: 0.0005  max mem: 31176
Epoch: [3]  [1400/5625]  eta: 1:15:13  lr: 0.000009  train_loss: 0.3029 (0.2737)  train_iou: 0.6394 (0.6477)  time: 1.0635  data: 0.0005  max mem: 31176
Epoch: [3]  [1420/5625]  eta: 1:14:51  lr: 0.000009  train_loss: 0.1729 (0.2735)  train_iou: 0.6529 (0.6483)  time: 1.0601  data: 0.0004  max mem: 31176
Epoch: [3]  [1440/5625]  eta: 1:14:30  lr: 0.000009  train_loss: 0.2195 (0.2735)  train_iou: 0.6920 (0.6483)  time: 1.0665  data: 0.0005  max mem: 31176
Epoch: [3]  [1460/5625]  eta: 1:14:08  lr: 0.000009  train_loss: 0.3580 (0.2749)  train_iou: 0.6317 (0.6480)  time: 1.0587  data: 0.0005  max mem: 31176
Epoch: [3]  [1480/5625]  eta: 1:13:46  lr: 0.000009  train_loss: 0.2666 (0.2753)  train_iou: 0.5777 (0.6473)  time: 1.0659  data: 0.0005  max mem: 31176
Epoch: [3]  [1500/5625]  eta: 1:13:24  lr: 0.000009  train_loss: 0.2333 (0.2754)  train_iou: 0.6226 (0.6471)  time: 1.0594  data: 0.0005  max mem: 31176
Epoch: [3]  [1520/5625]  eta: 1:13:03  lr: 0.000009  train_loss: 0.2262 (0.2749)  train_iou: 0.6956 (0.6472)  time: 1.0721  data: 0.0005  max mem: 31176
Epoch: [3]  [1540/5625]  eta: 1:12:41  lr: 0.000009  train_loss: 0.1895 (0.2742)  train_iou: 0.6124 (0.6472)  time: 1.0573  data: 0.0004  max mem: 31176
Epoch: [3]  [1560/5625]  eta: 1:12:20  lr: 0.000009  train_loss: 0.2736 (0.2747)  train_iou: 0.6453 (0.6468)  time: 1.0635  data: 0.0004  max mem: 31176
Epoch: [3]  [1580/5625]  eta: 1:11:59  lr: 0.000009  train_loss: 0.2015 (0.2743)  train_iou: 0.6574 (0.6470)  time: 1.0692  data: 0.0004  max mem: 31176
Epoch: [3]  [1600/5625]  eta: 1:11:37  lr: 0.000009  train_loss: 0.2411 (0.2748)  train_iou: 0.6856 (0.6474)  time: 1.0583  data: 0.0005  max mem: 31176
Epoch: [3]  [1620/5625]  eta: 1:11:15  lr: 0.000009  train_loss: 0.2604 (0.2751)  train_iou: 0.5973 (0.6470)  time: 1.0639  data: 0.0004  max mem: 31176
Epoch: [3]  [1640/5625]  eta: 1:10:54  lr: 0.000009  train_loss: 0.2735 (0.2754)  train_iou: 0.6430 (0.6471)  time: 1.0695  data: 0.0004  max mem: 31176
Epoch: [3]  [1660/5625]  eta: 1:10:33  lr: 0.000009  train_loss: 0.2523 (0.2755)  train_iou: 0.6170 (0.6470)  time: 1.0707  data: 0.0005  max mem: 31176
Epoch: [3]  [1680/5625]  eta: 1:10:11  lr: 0.000009  train_loss: 0.2847 (0.2757)  train_iou: 0.6753 (0.6471)  time: 1.0637  data: 0.0004  max mem: 31176
Epoch: [3]  [1700/5625]  eta: 1:09:50  lr: 0.000009  train_loss: 0.2412 (0.2760)  train_iou: 0.6418 (0.6473)  time: 1.0658  data: 0.0004  max mem: 31176
Epoch: [3]  [1720/5625]  eta: 1:09:29  lr: 0.000009  train_loss: 0.2096 (0.2754)  train_iou: 0.7251 (0.6478)  time: 1.0707  data: 0.0005  max mem: 31176
Epoch: [3]  [1740/5625]  eta: 1:09:07  lr: 0.000009  train_loss: 0.2557 (0.2753)  train_iou: 0.5826 (0.6474)  time: 1.0617  data: 0.0004  max mem: 31176
Epoch: [3]  [1760/5625]  eta: 1:08:46  lr: 0.000009  train_loss: 0.2698 (0.2755)  train_iou: 0.6165 (0.6472)  time: 1.0731  data: 0.0005  max mem: 31176
Epoch: [3]  [1780/5625]  eta: 1:08:25  lr: 0.000009  train_loss: 0.2393 (0.2754)  train_iou: 0.7170 (0.6477)  time: 1.0773  data: 0.0005  max mem: 31176
Epoch: [3]  [1800/5625]  eta: 1:08:04  lr: 0.000009  train_loss: 0.1938 (0.2751)  train_iou: 0.6114 (0.6476)  time: 1.0709  data: 0.0004  max mem: 31176
Epoch: [3]  [1820/5625]  eta: 1:07:42  lr: 0.000009  train_loss: 0.2846 (0.2751)  train_iou: 0.6319 (0.6473)  time: 1.0632  data: 0.0005  max mem: 31176
Epoch: [3]  [1840/5625]  eta: 1:07:21  lr: 0.000009  train_loss: 0.1529 (0.2745)  train_iou: 0.6266 (0.6466)  time: 1.0761  data: 0.0005  max mem: 31176
Epoch: [3]  [1860/5625]  eta: 1:07:00  lr: 0.000009  train_loss: 0.2066 (0.2747)  train_iou: 0.6642 (0.6469)  time: 1.0799  data: 0.0005  max mem: 31176
Epoch: [3]  [1880/5625]  eta: 1:06:39  lr: 0.000009  train_loss: 0.2973 (0.2751)  train_iou: 0.6461 (0.6470)  time: 1.0667  data: 0.0004  max mem: 31176
Epoch: [3]  [1900/5625]  eta: 1:06:17  lr: 0.000009  train_loss: 0.2655 (0.2751)  train_iou: 0.6384 (0.6470)  time: 1.0628  data: 0.0005  max mem: 31176
Epoch: [3]  [1920/5625]  eta: 1:05:56  lr: 0.000009  train_loss: 0.2039 (0.2750)  train_iou: 0.6316 (0.6463)  time: 1.0654  data: 0.0005  max mem: 31176
Epoch: [3]  [1940/5625]  eta: 1:05:34  lr: 0.000009  train_loss: 0.2066 (0.2745)  train_iou: 0.6649 (0.6468)  time: 1.0591  data: 0.0004  max mem: 31176
Epoch: [3]  [1960/5625]  eta: 1:05:13  lr: 0.000009  train_loss: 0.1918 (0.2746)  train_iou: 0.6289 (0.6467)  time: 1.0656  data: 0.0004  max mem: 31176
Epoch: [3]  [1980/5625]  eta: 1:04:51  lr: 0.000009  train_loss: 0.2416 (0.2747)  train_iou: 0.6384 (0.6467)  time: 1.0683  data: 0.0005  max mem: 31176
Epoch: [3]  [2000/5625]  eta: 1:04:30  lr: 0.000009  train_loss: 0.1949 (0.2749)  train_iou: 0.6247 (0.6468)  time: 1.0582  data: 0.0005  max mem: 31176
Epoch: [3]  [2020/5625]  eta: 1:04:08  lr: 0.000009  train_loss: 0.2814 (0.2750)  train_iou: 0.6254 (0.6465)  time: 1.0605  data: 0.0004  max mem: 31176
Epoch: [3]  [2040/5625]  eta: 1:03:47  lr: 0.000009  train_loss: 0.2693 (0.2751)  train_iou: 0.5922 (0.6462)  time: 1.0628  data: 0.0005  max mem: 31176
Epoch: [3]  [2060/5625]  eta: 1:03:25  lr: 0.000009  train_loss: 0.2434 (0.2750)  train_iou: 0.6516 (0.6462)  time: 1.0677  data: 0.0005  max mem: 31176
Epoch: [3]  [2080/5625]  eta: 1:03:04  lr: 0.000009  train_loss: 0.2523 (0.2754)  train_iou: 0.6951 (0.6465)  time: 1.0669  data: 0.0004  max mem: 31176
Epoch: [3]  [2100/5625]  eta: 1:02:42  lr: 0.000009  train_loss: 0.2871 (0.2759)  train_iou: 0.6435 (0.6464)  time: 1.0625  data: 0.0005  max mem: 31176
Epoch: [3]  [2120/5625]  eta: 1:02:21  lr: 0.000009  train_loss: 0.2304 (0.2759)  train_iou: 0.6317 (0.6464)  time: 1.0615  data: 0.0005  max mem: 31176
Epoch: [3]  [2140/5625]  eta: 1:01:59  lr: 0.000009  train_loss: 0.2693 (0.2764)  train_iou: 0.6346 (0.6461)  time: 1.0613  data: 0.0005  max mem: 31176
Epoch: [3]  [2160/5625]  eta: 1:01:38  lr: 0.000009  train_loss: 0.2620 (0.2765)  train_iou: 0.5969 (0.6456)  time: 1.0607  data: 0.0004  max mem: 31176
Epoch: [3]  [2180/5625]  eta: 1:01:16  lr: 0.000009  train_loss: 0.2165 (0.2765)  train_iou: 0.6630 (0.6457)  time: 1.0638  data: 0.0005  max mem: 31176
Epoch: [3]  [2200/5625]  eta: 1:00:55  lr: 0.000009  train_loss: 0.2735 (0.2769)  train_iou: 0.5881 (0.6454)  time: 1.0667  data: 0.0004  max mem: 31176
Epoch: [3]  [2220/5625]  eta: 1:00:34  lr: 0.000009  train_loss: 0.2940 (0.2773)  train_iou: 0.6122 (0.6451)  time: 1.0754  data: 0.0005  max mem: 31176
Epoch: [3]  [2240/5625]  eta: 1:00:12  lr: 0.000009  train_loss: 0.2560 (0.2777)  train_iou: 0.6290 (0.6450)  time: 1.0677  data: 0.0005  max mem: 31176
Epoch: [3]  [2260/5625]  eta: 0:59:51  lr: 0.000009  train_loss: 0.2322 (0.2775)  train_iou: 0.6506 (0.6451)  time: 1.0608  data: 0.0005  max mem: 31176
Epoch: [3]  [2280/5625]  eta: 0:59:29  lr: 0.000009  train_loss: 0.2061 (0.2775)  train_iou: 0.6855 (0.6452)  time: 1.0646  data: 0.0004  max mem: 31176
Epoch: [3]  [2300/5625]  eta: 0:59:08  lr: 0.000009  train_loss: 0.2438 (0.2779)  train_iou: 0.6436 (0.6448)  time: 1.0722  data: 0.0004  max mem: 31176
Epoch: [3]  [2320/5625]  eta: 0:58:47  lr: 0.000009  train_loss: 0.2367 (0.2779)  train_iou: 0.6411 (0.6450)  time: 1.0653  data: 0.0005  max mem: 31176
Epoch: [3]  [2340/5625]  eta: 0:58:25  lr: 0.000009  train_loss: 0.1417 (0.2774)  train_iou: 0.6689 (0.6452)  time: 1.0679  data: 0.0004  max mem: 31176
Epoch: [3]  [2360/5625]  eta: 0:58:04  lr: 0.000009  train_loss: 0.2358 (0.2771)  train_iou: 0.6376 (0.6452)  time: 1.0730  data: 0.0005  max mem: 31176
Epoch: [3]  [2380/5625]  eta: 0:57:43  lr: 0.000009  train_loss: 0.2363 (0.2770)  train_iou: 0.6544 (0.6452)  time: 1.0766  data: 0.0005  max mem: 31176
Epoch: [3]  [2400/5625]  eta: 0:57:22  lr: 0.000009  train_loss: 0.2678 (0.2769)  train_iou: 0.6770 (0.6453)  time: 1.0690  data: 0.0004  max mem: 31176
Epoch: [3]  [2420/5625]  eta: 0:57:01  lr: 0.000009  train_loss: 0.2467 (0.2766)  train_iou: 0.6434 (0.6452)  time: 1.0663  data: 0.0004  max mem: 31176
Epoch: [3]  [2440/5625]  eta: 0:56:39  lr: 0.000009  train_loss: 0.1873 (0.2763)  train_iou: 0.7384 (0.6458)  time: 1.0728  data: 0.0004  max mem: 31176
Epoch: [3]  [2460/5625]  eta: 0:56:18  lr: 0.000009  train_loss: 0.2597 (0.2768)  train_iou: 0.6089 (0.6457)  time: 1.0593  data: 0.0004  max mem: 31176
Epoch: [3]  [2480/5625]  eta: 0:55:56  lr: 0.000009  train_loss: 0.2808 (0.2769)  train_iou: 0.6033 (0.6455)  time: 1.0629  data: 0.0004  max mem: 31176
Epoch: [3]  [2500/5625]  eta: 0:55:35  lr: 0.000009  train_loss: 0.2022 (0.2763)  train_iou: 0.6074 (0.6456)  time: 1.0673  data: 0.0004  max mem: 31176
Epoch: [3]  [2520/5625]  eta: 0:55:16  lr: 0.000009  train_loss: 0.2053 (0.2763)  train_iou: 0.6062 (0.6453)  time: 1.1815  data: 0.0005  max mem: 31176
Epoch: [3]  [2540/5625]  eta: 0:54:55  lr: 0.000009  train_loss: 0.2781 (0.2764)  train_iou: 0.6538 (0.6453)  time: 1.0571  data: 0.0005  max mem: 31176
Epoch: [3]  [2560/5625]  eta: 0:54:33  lr: 0.000009  train_loss: 0.3068 (0.2769)  train_iou: 0.6674 (0.6454)  time: 1.0571  data: 0.0004  max mem: 31176
Epoch: [3]  [2580/5625]  eta: 0:54:12  lr: 0.000009  train_loss: 0.2096 (0.2767)  train_iou: 0.6213 (0.6454)  time: 1.0645  data: 0.0004  max mem: 31176
Epoch: [3]  [2600/5625]  eta: 0:53:50  lr: 0.000009  train_loss: 0.2303 (0.2768)  train_iou: 0.6283 (0.6455)  time: 1.0663  data: 0.0004  max mem: 31176
Epoch: [3]  [2620/5625]  eta: 0:53:29  lr: 0.000009  train_loss: 0.1934 (0.2767)  train_iou: 0.6693 (0.6455)  time: 1.0720  data: 0.0005  max mem: 31176
Epoch: [3]  [2640/5625]  eta: 0:53:08  lr: 0.000009  train_loss: 0.2540 (0.2769)  train_iou: 0.6129 (0.6454)  time: 1.0673  data: 0.0004  max mem: 31176
Epoch: [3]  [2660/5625]  eta: 0:52:46  lr: 0.000009  train_loss: 0.1834 (0.2768)  train_iou: 0.6491 (0.6453)  time: 1.0669  data: 0.0005  max mem: 31176
Epoch: [3]  [2680/5625]  eta: 0:52:25  lr: 0.000009  train_loss: 0.1796 (0.2763)  train_iou: 0.6931 (0.6456)  time: 1.0701  data: 0.0005  max mem: 31176
Epoch: [3]  [2700/5625]  eta: 0:52:03  lr: 0.000009  train_loss: 0.2425 (0.2762)  train_iou: 0.6749 (0.6459)  time: 1.0594  data: 0.0004  max mem: 31176
Epoch: [3]  [2720/5625]  eta: 0:51:42  lr: 0.000009  train_loss: 0.2841 (0.2765)  train_iou: 0.6312 (0.6458)  time: 1.0637  data: 0.0004  max mem: 31176
Epoch: [3]  [2740/5625]  eta: 0:51:21  lr: 0.000009  train_loss: 0.2272 (0.2762)  train_iou: 0.6056 (0.6456)  time: 1.0709  data: 0.0005  max mem: 31176
Epoch: [3]  [2760/5625]  eta: 0:50:59  lr: 0.000009  train_loss: 0.2965 (0.2766)  train_iou: 0.6396 (0.6452)  time: 1.0664  data: 0.0004  max mem: 31176
Epoch: [3]  [2780/5625]  eta: 0:50:38  lr: 0.000009  train_loss: 0.2987 (0.2768)  train_iou: 0.6613 (0.6454)  time: 1.0612  data: 0.0004  max mem: 31176
Epoch: [3]  [2800/5625]  eta: 0:50:17  lr: 0.000009  train_loss: 0.2577 (0.2769)  train_iou: 0.6730 (0.6455)  time: 1.0804  data: 0.0005  max mem: 31176
Epoch: [3]  [2820/5625]  eta: 0:49:56  lr: 0.000009  train_loss: 0.2188 (0.2768)  train_iou: 0.6154 (0.6453)  time: 1.0862  data: 0.0004  max mem: 31176
Epoch: [3]  [2840/5625]  eta: 0:49:35  lr: 0.000009  train_loss: 0.2819 (0.2771)  train_iou: 0.6206 (0.6450)  time: 1.0825  data: 0.0004  max mem: 31176
Epoch: [3]  [2860/5625]  eta: 0:49:13  lr: 0.000009  train_loss: 0.1648 (0.2768)  train_iou: 0.6776 (0.6453)  time: 1.0777  data: 0.0004  max mem: 31176
Epoch: [3]  [2880/5625]  eta: 0:48:52  lr: 0.000009  train_loss: 0.2174 (0.2766)  train_iou: 0.6747 (0.6455)  time: 1.0803  data: 0.0005  max mem: 31176
Epoch: [3]  [2900/5625]  eta: 0:48:31  lr: 0.000009  train_loss: 0.2298 (0.2764)  train_iou: 0.6569 (0.6456)  time: 1.0734  data: 0.0004  max mem: 31176
Epoch: [3]  [2920/5625]  eta: 0:48:10  lr: 0.000009  train_loss: 0.2443 (0.2764)  train_iou: 0.6538 (0.6457)  time: 1.0733  data: 0.0004  max mem: 31176
Epoch: [3]  [2940/5625]  eta: 0:47:49  lr: 0.000009  train_loss: 0.1930 (0.2762)  train_iou: 0.6683 (0.6459)  time: 1.0862  data: 0.0005  max mem: 31176
Epoch: [3]  [2960/5625]  eta: 0:47:27  lr: 0.000009  train_loss: 0.1966 (0.2761)  train_iou: 0.6547 (0.6460)  time: 1.0655  data: 0.0005  max mem: 31176
Epoch: [3]  [2980/5625]  eta: 0:47:06  lr: 0.000009  train_loss: 0.2512 (0.2762)  train_iou: 0.6825 (0.6461)  time: 1.0674  data: 0.0004  max mem: 31176
Epoch: [3]  [3000/5625]  eta: 0:46:44  lr: 0.000009  train_loss: 0.1985 (0.2760)  train_iou: 0.6208 (0.6461)  time: 1.0670  data: 0.0004  max mem: 31176
Epoch: [3]  [3020/5625]  eta: 0:46:23  lr: 0.000009  train_loss: 0.2284 (0.2760)  train_iou: 0.6455 (0.6461)  time: 1.0840  data: 0.0005  max mem: 31176
Epoch: [3]  [3040/5625]  eta: 0:46:02  lr: 0.000009  train_loss: 0.2275 (0.2759)  train_iou: 0.6394 (0.6461)  time: 1.0611  data: 0.0004  max mem: 31176
Epoch: [3]  [3060/5625]  eta: 0:45:40  lr: 0.000009  train_loss: 0.1887 (0.2757)  train_iou: 0.6978 (0.6464)  time: 1.0699  data: 0.0004  max mem: 31176
Epoch: [3]  [3080/5625]  eta: 0:45:19  lr: 0.000009  train_loss: 0.1667 (0.2753)  train_iou: 0.6549 (0.6466)  time: 1.0692  data: 0.0004  max mem: 31176
Epoch: [3]  [3100/5625]  eta: 0:44:58  lr: 0.000009  train_loss: 0.2419 (0.2755)  train_iou: 0.6724 (0.6466)  time: 1.0753  data: 0.0005  max mem: 31176
Epoch: [3]  [3120/5625]  eta: 0:44:36  lr: 0.000009  train_loss: 0.2422 (0.2754)  train_iou: 0.6798 (0.6468)  time: 1.0691  data: 0.0004  max mem: 31176
Epoch: [3]  [3140/5625]  eta: 0:44:15  lr: 0.000009  train_loss: 0.2207 (0.2753)  train_iou: 0.6149 (0.6467)  time: 1.0747  data: 0.0004  max mem: 31176
Epoch: [3]  [3160/5625]  eta: 0:43:54  lr: 0.000009  train_loss: 0.1915 (0.2749)  train_iou: 0.6604 (0.6467)  time: 1.0833  data: 0.0005  max mem: 31176
Epoch: [3]  [3180/5625]  eta: 0:43:33  lr: 0.000009  train_loss: 0.2130 (0.2749)  train_iou: 0.6347 (0.6466)  time: 1.0748  data: 0.0004  max mem: 31176
Epoch: [3]  [3200/5625]  eta: 0:43:11  lr: 0.000009  train_loss: 0.2184 (0.2746)  train_iou: 0.6323 (0.6467)  time: 1.0707  data: 0.0004  max mem: 31176
Epoch: [3]  [3220/5625]  eta: 0:42:50  lr: 0.000009  train_loss: 0.2327 (0.2745)  train_iou: 0.6673 (0.6468)  time: 1.0635  data: 0.0005  max mem: 31176
Epoch: [3]  [3240/5625]  eta: 0:42:29  lr: 0.000009  train_loss: 0.2216 (0.2744)  train_iou: 0.6647 (0.6469)  time: 1.0732  data: 0.0004  max mem: 31176
Epoch: [3]  [3260/5625]  eta: 0:42:07  lr: 0.000009  train_loss: 0.1982 (0.2743)  train_iou: 0.7043 (0.6472)  time: 1.0684  data: 0.0004  max mem: 31176
Epoch: [3]  [3280/5625]  eta: 0:41:46  lr: 0.000009  train_loss: 0.1938 (0.2741)  train_iou: 0.6849 (0.6472)  time: 1.0665  data: 0.0005  max mem: 31176
Epoch: [3]  [3300/5625]  eta: 0:41:25  lr: 0.000009  train_loss: 0.3076 (0.2745)  train_iou: 0.6059 (0.6470)  time: 1.0794  data: 0.0005  max mem: 31176
Epoch: [3]  [3320/5625]  eta: 0:41:03  lr: 0.000009  train_loss: 0.2194 (0.2745)  train_iou: 0.7384 (0.6473)  time: 1.0753  data: 0.0004  max mem: 31176
Epoch: [3]  [3340/5625]  eta: 0:40:42  lr: 0.000009  train_loss: 0.2755 (0.2748)  train_iou: 0.6885 (0.6475)  time: 1.0675  data: 0.0004  max mem: 31176
Epoch: [3]  [3360/5625]  eta: 0:40:21  lr: 0.000009  train_loss: 0.2699 (0.2752)  train_iou: 0.6078 (0.6473)  time: 1.0722  data: 0.0004  max mem: 31176
Epoch: [3]  [3380/5625]  eta: 0:39:59  lr: 0.000009  train_loss: 0.2307 (0.2750)  train_iou: 0.6777 (0.6475)  time: 1.0707  data: 0.0004  max mem: 31176
Epoch: [3]  [3400/5625]  eta: 0:39:38  lr: 0.000009  train_loss: 0.2207 (0.2749)  train_iou: 0.6367 (0.6474)  time: 1.0678  data: 0.0005  max mem: 31176
Epoch: [3]  [3420/5625]  eta: 0:39:17  lr: 0.000009  train_loss: 0.2422 (0.2748)  train_iou: 0.6140 (0.6474)  time: 1.0799  data: 0.0005  max mem: 31176
Epoch: [3]  [3440/5625]  eta: 0:38:55  lr: 0.000009  train_loss: 0.2644 (0.2751)  train_iou: 0.6265 (0.6474)  time: 1.0781  data: 0.0004  max mem: 31176
Epoch: [3]  [3460/5625]  eta: 0:38:34  lr: 0.000009  train_loss: 0.2494 (0.2751)  train_iou: 0.6030 (0.6473)  time: 1.0746  data: 0.0005  max mem: 31176
Epoch: [3]  [3480/5625]  eta: 0:38:13  lr: 0.000009  train_loss: 0.2793 (0.2754)  train_iou: 0.6192 (0.6471)  time: 1.0792  data: 0.0004  max mem: 31176
Epoch: [3]  [3500/5625]  eta: 0:37:52  lr: 0.000009  train_loss: 0.2218 (0.2753)  train_iou: 0.6051 (0.6469)  time: 1.0772  data: 0.0004  max mem: 31176
Epoch: [3]  [3520/5625]  eta: 0:37:30  lr: 0.000009  train_loss: 0.1926 (0.2752)  train_iou: 0.6648 (0.6472)  time: 1.0673  data: 0.0004  max mem: 31176
Epoch: [3]  [3540/5625]  eta: 0:37:09  lr: 0.000009  train_loss: 0.1923 (0.2750)  train_iou: 0.6955 (0.6472)  time: 1.0627  data: 0.0004  max mem: 31176
Epoch: [3]  [3560/5625]  eta: 0:36:47  lr: 0.000009  train_loss: 0.1994 (0.2747)  train_iou: 0.6467 (0.6473)  time: 1.0622  data: 0.0005  max mem: 31176
Epoch: [3]  [3580/5625]  eta: 0:36:26  lr: 0.000009  train_loss: 0.2037 (0.2746)  train_iou: 0.6393 (0.6473)  time: 1.0691  data: 0.0004  max mem: 31176
Epoch: [3]  [3600/5625]  eta: 0:36:05  lr: 0.000009  train_loss: 0.2738 (0.2749)  train_iou: 0.5925 (0.6472)  time: 1.0792  data: 0.0004  max mem: 31176
Epoch: [3]  [3620/5625]  eta: 0:35:43  lr: 0.000009  train_loss: 0.2294 (0.2749)  train_iou: 0.6599 (0.6472)  time: 1.0779  data: 0.0004  max mem: 31176
Epoch: [3]  [3640/5625]  eta: 0:35:22  lr: 0.000009  train_loss: 0.2538 (0.2749)  train_iou: 0.6290 (0.6472)  time: 1.0813  data: 0.0004  max mem: 31176
Epoch: [3]  [3660/5625]  eta: 0:35:01  lr: 0.000009  train_loss: 0.2312 (0.2749)  train_iou: 0.6839 (0.6472)  time: 1.0719  data: 0.0004  max mem: 31176
Epoch: [3]  [3680/5625]  eta: 0:34:39  lr: 0.000009  train_loss: 0.2737 (0.2749)  train_iou: 0.6268 (0.6472)  time: 1.0741  data: 0.0004  max mem: 31176
Epoch: [3]  [3700/5625]  eta: 0:34:18  lr: 0.000009  train_loss: 0.2837 (0.2753)  train_iou: 0.5639 (0.6469)  time: 1.0652  data: 0.0005  max mem: 31176
Epoch: [3]  [3720/5625]  eta: 0:33:56  lr: 0.000009  train_loss: 0.2467 (0.2753)  train_iou: 0.6754 (0.6471)  time: 1.0667  data: 0.0004  max mem: 31176
Epoch: [3]  [3740/5625]  eta: 0:33:35  lr: 0.000009  train_loss: 0.2350 (0.2751)  train_iou: 0.6543 (0.6472)  time: 1.0719  data: 0.0004  max mem: 31176
Epoch: [3]  [3760/5625]  eta: 0:33:14  lr: 0.000009  train_loss: 0.1836 (0.2750)  train_iou: 0.6402 (0.6472)  time: 1.0730  data: 0.0005  max mem: 31176
Epoch: [3]  [3780/5625]  eta: 0:32:52  lr: 0.000009  train_loss: 0.1518 (0.2748)  train_iou: 0.7205 (0.6476)  time: 1.0768  data: 0.0004  max mem: 31176
Epoch: [3]  [3800/5625]  eta: 0:32:31  lr: 0.000009  train_loss: 0.2182 (0.2749)  train_iou: 0.6723 (0.6475)  time: 1.0792  data: 0.0004  max mem: 31176
Epoch: [3]  [3820/5625]  eta: 0:32:10  lr: 0.000009  train_loss: 0.2484 (0.2749)  train_iou: 0.6973 (0.6477)  time: 1.0785  data: 0.0004  max mem: 31176
Epoch: [3]  [3840/5625]  eta: 0:31:50  lr: 0.000009  train_loss: 0.3054 (0.2751)  train_iou: 0.6280 (0.6474)  time: 1.1838  data: 0.0004  max mem: 31176
Epoch: [3]  [3860/5625]  eta: 0:31:28  lr: 0.000009  train_loss: 0.2255 (0.2751)  train_iou: 0.6070 (0.6472)  time: 1.0723  data: 0.0004  max mem: 31176
Epoch: [3]  [3880/5625]  eta: 0:31:07  lr: 0.000009  train_loss: 0.2206 (0.2749)  train_iou: 0.6124 (0.6471)  time: 1.0785  data: 0.0004  max mem: 31176
Epoch: [3]  [3900/5625]  eta: 0:30:45  lr: 0.000009  train_loss: 0.2977 (0.2752)  train_iou: 0.6478 (0.6470)  time: 1.0635  data: 0.0004  max mem: 31176
Epoch: [3]  [3920/5625]  eta: 0:30:24  lr: 0.000009  train_loss: 0.1692 (0.2750)  train_iou: 0.6076 (0.6470)  time: 1.0645  data: 0.0004  max mem: 31176
Epoch: [3]  [3940/5625]  eta: 0:30:02  lr: 0.000009  train_loss: 0.2211 (0.2749)  train_iou: 0.7320 (0.6471)  time: 1.0621  data: 0.0004  max mem: 31176
Epoch: [3]  [3960/5625]  eta: 0:29:41  lr: 0.000009  train_loss: 0.2149 (0.2749)  train_iou: 0.7389 (0.6475)  time: 1.0617  data: 0.0004  max mem: 31176
Epoch: [3]  [3980/5625]  eta: 0:29:20  lr: 0.000009  train_loss: 0.2258 (0.2750)  train_iou: 0.6825 (0.6477)  time: 1.0780  data: 0.0004  max mem: 31176
Epoch: [3]  [4000/5625]  eta: 0:28:58  lr: 0.000009  train_loss: 0.1786 (0.2747)  train_iou: 0.7212 (0.6480)  time: 1.0727  data: 0.0004  max mem: 31176
Epoch: [3]  [4020/5625]  eta: 0:28:37  lr: 0.000009  train_loss: 0.2795 (0.2748)  train_iou: 0.6357 (0.6480)  time: 1.0674  data: 0.0004  max mem: 31176
Epoch: [3]  [4040/5625]  eta: 0:28:15  lr: 0.000009  train_loss: 0.3338 (0.2751)  train_iou: 0.6107 (0.6479)  time: 1.0704  data: 0.0004  max mem: 31176
Epoch: [3]  [4060/5625]  eta: 0:27:54  lr: 0.000009  train_loss: 0.2548 (0.2751)  train_iou: 0.6828 (0.6479)  time: 1.0656  data: 0.0004  max mem: 31176
Epoch: [3]  [4080/5625]  eta: 0:27:33  lr: 0.000009  train_loss: 0.2689 (0.2752)  train_iou: 0.6487 (0.6479)  time: 1.0591  data: 0.0004  max mem: 31176
Epoch: [3]  [4100/5625]  eta: 0:27:11  lr: 0.000009  train_loss: 0.1861 (0.2749)  train_iou: 0.6872 (0.6481)  time: 1.0686  data: 0.0004  max mem: 31176
Epoch: [3]  [4120/5625]  eta: 0:26:50  lr: 0.000009  train_loss: 0.2097 (0.2749)  train_iou: 0.6265 (0.6481)  time: 1.0734  data: 0.0004  max mem: 31176
Epoch: [3]  [4140/5625]  eta: 0:26:28  lr: 0.000009  train_loss: 0.1877 (0.2747)  train_iou: 0.6852 (0.6482)  time: 1.0671  data: 0.0004  max mem: 31176
Epoch: [3]  [4160/5625]  eta: 0:26:07  lr: 0.000009  train_loss: 0.3052 (0.2748)  train_iou: 0.6360 (0.6481)  time: 1.0698  data: 0.0004  max mem: 31176
Epoch: [3]  [4180/5625]  eta: 0:25:46  lr: 0.000009  train_loss: 0.1942 (0.2748)  train_iou: 0.6499 (0.6481)  time: 1.0696  data: 0.0004  max mem: 31176
Epoch: [3]  [4200/5625]  eta: 0:25:24  lr: 0.000009  train_loss: 0.2255 (0.2748)  train_iou: 0.6536 (0.6481)  time: 1.0709  data: 0.0004  max mem: 31176
Epoch: [3]  [4220/5625]  eta: 0:25:03  lr: 0.000009  train_loss: 0.2546 (0.2749)  train_iou: 0.5929 (0.6480)  time: 1.0688  data: 0.0004  max mem: 31176
Epoch: [3]  [4240/5625]  eta: 0:24:41  lr: 0.000009  train_loss: 0.2805 (0.2750)  train_iou: 0.6888 (0.6480)  time: 1.0770  data: 0.0004  max mem: 31176
Epoch: [3]  [4260/5625]  eta: 0:24:20  lr: 0.000009  train_loss: 0.1685 (0.2748)  train_iou: 0.6928 (0.6482)  time: 1.0682  data: 0.0004  max mem: 31176
Epoch: [3]  [4280/5625]  eta: 0:23:59  lr: 0.000009  train_loss: 0.2639 (0.2748)  train_iou: 0.6490 (0.6482)  time: 1.0624  data: 0.0004  max mem: 31176
Epoch: [3]  [4300/5625]  eta: 0:23:37  lr: 0.000009  train_loss: 0.3170 (0.2749)  train_iou: 0.6381 (0.6482)  time: 1.0682  data: 0.0004  max mem: 31176
Epoch: [3]  [4320/5625]  eta: 0:23:16  lr: 0.000009  train_loss: 0.2711 (0.2749)  train_iou: 0.6644 (0.6483)  time: 1.0719  data: 0.0004  max mem: 31176
Epoch: [3]  [4340/5625]  eta: 0:22:54  lr: 0.000009  train_loss: 0.2363 (0.2748)  train_iou: 0.6351 (0.6482)  time: 1.0683  data: 0.0004  max mem: 31176
Epoch: [3]  [4360/5625]  eta: 0:22:33  lr: 0.000009  train_loss: 0.2421 (0.2748)  train_iou: 0.6897 (0.6484)  time: 1.0746  data: 0.0004  max mem: 31176
Epoch: [3]  [4380/5625]  eta: 0:22:12  lr: 0.000009  train_loss: 0.2252 (0.2748)  train_iou: 0.6662 (0.6485)  time: 1.0667  data: 0.0004  max mem: 31176
Epoch: [3]  [4400/5625]  eta: 0:21:50  lr: 0.000009  train_loss: 0.2732 (0.2749)  train_iou: 0.6474 (0.6484)  time: 1.0837  data: 0.0004  max mem: 31176
Epoch: [3]  [4420/5625]  eta: 0:21:29  lr: 0.000009  train_loss: 0.1922 (0.2747)  train_iou: 0.7060 (0.6486)  time: 1.0694  data: 0.0004  max mem: 31176
Epoch: [3]  [4440/5625]  eta: 0:21:07  lr: 0.000009  train_loss: 0.2179 (0.2747)  train_iou: 0.6329 (0.6484)  time: 1.0616  data: 0.0004  max mem: 31176
Epoch: [3]  [4460/5625]  eta: 0:20:46  lr: 0.000009  train_loss: 0.2097 (0.2747)  train_iou: 0.7016 (0.6486)  time: 1.0703  data: 0.0005  max mem: 31176
Epoch: [3]  [4480/5625]  eta: 0:20:25  lr: 0.000009  train_loss: 0.1495 (0.2744)  train_iou: 0.6434 (0.6486)  time: 1.0592  data: 0.0005  max mem: 31176
Epoch: [3]  [4500/5625]  eta: 0:20:03  lr: 0.000009  train_loss: 0.1966 (0.2744)  train_iou: 0.5914 (0.6484)  time: 1.0729  data: 0.0004  max mem: 31176
Epoch: [3]  [4520/5625]  eta: 0:19:42  lr: 0.000009  train_loss: 0.2414 (0.2743)  train_iou: 0.6507 (0.6484)  time: 1.0668  data: 0.0004  max mem: 31176
Epoch: [3]  [4540/5625]  eta: 0:19:20  lr: 0.000009  train_loss: 0.1562 (0.2744)  train_iou: 0.6405 (0.6485)  time: 1.0704  data: 0.0005  max mem: 31176
Epoch: [3]  [4560/5625]  eta: 0:18:59  lr: 0.000009  train_loss: 0.1682 (0.2742)  train_iou: 0.6509 (0.6485)  time: 1.0670  data: 0.0005  max mem: 31176
Epoch: [3]  [4580/5625]  eta: 0:18:37  lr: 0.000009  train_loss: 0.2844 (0.2743)  train_iou: 0.5546 (0.6482)  time: 1.0647  data: 0.0004  max mem: 31176
Epoch: [3]  [4600/5625]  eta: 0:18:16  lr: 0.000009  train_loss: 0.1957 (0.2741)  train_iou: 0.6801 (0.6483)  time: 1.0733  data: 0.0004  max mem: 31176
Epoch: [3]  [4620/5625]  eta: 0:17:55  lr: 0.000009  train_loss: 0.2801 (0.2743)  train_iou: 0.6403 (0.6483)  time: 1.0824  data: 0.0005  max mem: 31176
Epoch: [3]  [4640/5625]  eta: 0:17:33  lr: 0.000009  train_loss: 0.2324 (0.2744)  train_iou: 0.6096 (0.6483)  time: 1.0655  data: 0.0004  max mem: 31176
Epoch: [3]  [4660/5625]  eta: 0:17:12  lr: 0.000009  train_loss: 0.1852 (0.2743)  train_iou: 0.6416 (0.6482)  time: 1.0646  data: 0.0004  max mem: 31176
Epoch: [3]  [4680/5625]  eta: 0:16:51  lr: 0.000009  train_loss: 0.2261 (0.2741)  train_iou: 0.6466 (0.6482)  time: 1.0708  data: 0.0004  max mem: 31176
Epoch: [3]  [4700/5625]  eta: 0:16:29  lr: 0.000009  train_loss: 0.2248 (0.2742)  train_iou: 0.5780 (0.6479)  time: 1.0729  data: 0.0005  max mem: 31176
Epoch: [3]  [4720/5625]  eta: 0:16:08  lr: 0.000009  train_loss: 0.2351 (0.2741)  train_iou: 0.6686 (0.6480)  time: 1.0786  data: 0.0004  max mem: 31176
Epoch: [3]  [4740/5625]  eta: 0:15:46  lr: 0.000009  train_loss: 0.2860 (0.2741)  train_iou: 0.6369 (0.6480)  time: 1.0786  data: 0.0004  max mem: 31176
Epoch: [3]  [4760/5625]  eta: 0:15:25  lr: 0.000009  train_loss: 0.1805 (0.2740)  train_iou: 0.6573 (0.6480)  time: 1.0635  data: 0.0005  max mem: 31176
Epoch: [3]  [4780/5625]  eta: 0:15:04  lr: 0.000009  train_loss: 0.2213 (0.2739)  train_iou: 0.6845 (0.6481)  time: 1.0816  data: 0.0004  max mem: 31176
Epoch: [3]  [4800/5625]  eta: 0:14:42  lr: 0.000009  train_loss: 0.2443 (0.2739)  train_iou: 0.6921 (0.6483)  time: 1.0743  data: 0.0004  max mem: 31176
Epoch: [3]  [4820/5625]  eta: 0:14:21  lr: 0.000009  train_loss: 0.2117 (0.2741)  train_iou: 0.7085 (0.6484)  time: 1.0769  data: 0.0005  max mem: 31176
Epoch: [3]  [4840/5625]  eta: 0:13:59  lr: 0.000009  train_loss: 0.2481 (0.2742)  train_iou: 0.6485 (0.6482)  time: 1.0657  data: 0.0004  max mem: 31176
Epoch: [3]  [4860/5625]  eta: 0:13:38  lr: 0.000009  train_loss: 0.2515 (0.2741)  train_iou: 0.6604 (0.6481)  time: 1.0814  data: 0.0005  max mem: 31176
Epoch: [3]  [4880/5625]  eta: 0:13:17  lr: 0.000009  train_loss: 0.2488 (0.2740)  train_iou: 0.6276 (0.6482)  time: 1.0803  data: 0.0004  max mem: 31176
Epoch: [3]  [4900/5625]  eta: 0:12:55  lr: 0.000009  train_loss: 0.2477 (0.2742)  train_iou: 0.5982 (0.6481)  time: 1.0814  data: 0.0004  max mem: 31176
Epoch: [3]  [4920/5625]  eta: 0:12:34  lr: 0.000009  train_loss: 0.2263 (0.2740)  train_iou: 0.6465 (0.6481)  time: 1.0689  data: 0.0004  max mem: 31176
Epoch: [3]  [4940/5625]  eta: 0:12:13  lr: 0.000009  train_loss: 0.2361 (0.2740)  train_iou: 0.6563 (0.6481)  time: 1.0719  data: 0.0004  max mem: 31176
Epoch: [3]  [4960/5625]  eta: 0:11:51  lr: 0.000009  train_loss: 0.3286 (0.2745)  train_iou: 0.5988 (0.6479)  time: 1.0737  data: 0.0004  max mem: 31176
Epoch: [3]  [4980/5625]  eta: 0:11:30  lr: 0.000009  train_loss: 0.2389 (0.2744)  train_iou: 0.6647 (0.6481)  time: 1.0786  data: 0.0005  max mem: 31176
Epoch: [3]  [5000/5625]  eta: 0:11:08  lr: 0.000009  train_loss: 0.2352 (0.2742)  train_iou: 0.7164 (0.6483)  time: 1.0703  data: 0.0004  max mem: 31176
Epoch: [3]  [5020/5625]  eta: 0:10:47  lr: 0.000009  train_loss: 0.2640 (0.2743)  train_iou: 0.6904 (0.6484)  time: 1.0819  data: 0.0004  max mem: 31176
Epoch: [3]  [5040/5625]  eta: 0:10:26  lr: 0.000009  train_loss: 0.2592 (0.2744)  train_iou: 0.6446 (0.6484)  time: 1.0769  data: 0.0004  max mem: 31176
Epoch: [3]  [5060/5625]  eta: 0:10:04  lr: 0.000009  train_loss: 0.2733 (0.2745)  train_iou: 0.6373 (0.6484)  time: 1.0747  data: 0.0005  max mem: 31176
Epoch: [3]  [5080/5625]  eta: 0:09:43  lr: 0.000009  train_loss: 0.3005 (0.2747)  train_iou: 0.6424 (0.6484)  time: 1.0793  data: 0.0004  max mem: 31176
Epoch: [3]  [5100/5625]  eta: 0:09:21  lr: 0.000009  train_loss: 0.2777 (0.2748)  train_iou: 0.6680 (0.6484)  time: 1.0803  data: 0.0004  max mem: 31176
Epoch: [3]  [5120/5625]  eta: 0:09:00  lr: 0.000009  train_loss: 0.2222 (0.2748)  train_iou: 0.5760 (0.6481)  time: 1.0714  data: 0.0005  max mem: 31176
Epoch: [3]  [5140/5625]  eta: 0:08:39  lr: 0.000009  train_loss: 0.2116 (0.2747)  train_iou: 0.6129 (0.6481)  time: 1.0770  data: 0.0004  max mem: 31176
Epoch: [3]  [5160/5625]  eta: 0:08:17  lr: 0.000009  train_loss: 0.2363 (0.2747)  train_iou: 0.6526 (0.6481)  time: 1.0832  data: 0.0004  max mem: 31176
Epoch: [3]  [5180/5625]  eta: 0:07:56  lr: 0.000009  train_loss: 0.2006 (0.2745)  train_iou: 0.6678 (0.6482)  time: 1.2007  data: 0.0005  max mem: 31176
Epoch: [3]  [5200/5625]  eta: 0:07:35  lr: 0.000009  train_loss: 0.2570 (0.2746)  train_iou: 0.6158 (0.6482)  time: 1.0775  data: 0.0004  max mem: 31176
Epoch: [3]  [5220/5625]  eta: 0:07:13  lr: 0.000009  train_loss: 0.2103 (0.2745)  train_iou: 0.6523 (0.6483)  time: 1.0747  data: 0.0004  max mem: 31176
Epoch: [3]  [5240/5625]  eta: 0:06:52  lr: 0.000009  train_loss: 0.2449 (0.2745)  train_iou: 0.6382 (0.6481)  time: 1.0726  data: 0.0004  max mem: 31176
Epoch: [3]  [5260/5625]  eta: 0:06:30  lr: 0.000009  train_loss: 0.2264 (0.2744)  train_iou: 0.6679 (0.6482)  time: 1.0750  data: 0.0004  max mem: 31176
Epoch: [3]  [5280/5625]  eta: 0:06:09  lr: 0.000009  train_loss: 0.2544 (0.2744)  train_iou: 0.6344 (0.6483)  time: 1.0794  data: 0.0005  max mem: 31176
Epoch: [3]  [5300/5625]  eta: 0:05:48  lr: 0.000009  train_loss: 0.1969 (0.2743)  train_iou: 0.6009 (0.6483)  time: 1.0740  data: 0.0004  max mem: 31176
Epoch: [3]  [5320/5625]  eta: 0:05:26  lr: 0.000009  train_loss: 0.2320 (0.2744)  train_iou: 0.6551 (0.6483)  time: 1.0694  data: 0.0004  max mem: 31176
Epoch: [3]  [5340/5625]  eta: 0:05:05  lr: 0.000009  train_loss: 0.2363 (0.2744)  train_iou: 0.6069 (0.6484)  time: 1.0807  data: 0.0005  max mem: 31176
Epoch: [3]  [5360/5625]  eta: 0:04:43  lr: 0.000009  train_loss: 0.2004 (0.2744)  train_iou: 0.6225 (0.6484)  time: 1.0730  data: 0.0004  max mem: 31176
Epoch: [3]  [5380/5625]  eta: 0:04:22  lr: 0.000009  train_loss: 0.2334 (0.2743)  train_iou: 0.6393 (0.6484)  time: 1.0690  data: 0.0004  max mem: 31176
Epoch: [3]  [5400/5625]  eta: 0:04:01  lr: 0.000009  train_loss: 0.2234 (0.2743)  train_iou: 0.6666 (0.6485)  time: 1.0815  data: 0.0004  max mem: 31176
Epoch: [3]  [5420/5625]  eta: 0:03:39  lr: 0.000009  train_loss: 0.2233 (0.2745)  train_iou: 0.6529 (0.6485)  time: 1.0819  data: 0.0004  max mem: 31176
Epoch: [3]  [5440/5625]  eta: 0:03:18  lr: 0.000009  train_loss: 0.2163 (0.2745)  train_iou: 0.6717 (0.6486)  time: 1.0801  data: 0.0004  max mem: 31176
Epoch: [3]  [5460/5625]  eta: 0:02:56  lr: 0.000009  train_loss: 0.1898 (0.2743)  train_iou: 0.6902 (0.6487)  time: 1.0811  data: 0.0004  max mem: 31176
Epoch: [3]  [5480/5625]  eta: 0:02:35  lr: 0.000009  train_loss: 0.1856 (0.2742)  train_iou: 0.6479 (0.6488)  time: 1.0805  data: 0.0004  max mem: 31176
Epoch: [3]  [5500/5625]  eta: 0:02:13  lr: 0.000009  train_loss: 0.1986 (0.2741)  train_iou: 0.6464 (0.6488)  time: 1.0693  data: 0.0005  max mem: 31176
Epoch: [3]  [5520/5625]  eta: 0:01:52  lr: 0.000009  train_loss: 0.2337 (0.2741)  train_iou: 0.6682 (0.6489)  time: 1.0734  data: 0.0004  max mem: 31176
Epoch: [3]  [5540/5625]  eta: 0:01:31  lr: 0.000009  train_loss: 0.2260 (0.2740)  train_iou: 0.7215 (0.6491)  time: 1.0819  data: 0.0005  max mem: 31176
Epoch: [3]  [5560/5625]  eta: 0:01:09  lr: 0.000009  train_loss: 0.2970 (0.2742)  train_iou: 0.6347 (0.6491)  time: 1.0724  data: 0.0005  max mem: 31176
Epoch: [3]  [5580/5625]  eta: 0:00:48  lr: 0.000009  train_loss: 0.2301 (0.2743)  train_iou: 0.6338 (0.6490)  time: 1.0582  data: 0.0004  max mem: 31176
Epoch: [3]  [5600/5625]  eta: 0:00:26  lr: 0.000009  train_loss: 0.2501 (0.2743)  train_iou: 0.6659 (0.6490)  time: 1.0678  data: 0.0005  max mem: 31176
Epoch: [3]  [5620/5625]  eta: 0:00:05  lr: 0.000009  train_loss: 0.2304 (0.2744)  train_iou: 0.7020 (0.6492)  time: 0.9681  data: 0.0003  max mem: 31176
Epoch: [3]  [5624/5625]  eta: 0:00:01  lr: 0.000009  train_loss: 0.2473 (0.2744)  train_iou: 0.6764 (0.6492)  time: 0.9332  data: 0.0002  max mem: 31176
Epoch: [3] Total time: 1:40:24 (1.0710 s / it)
Averaged stats: lr: 0.000009  train_loss: 0.2473 (0.2744)  train_iou: 0.6764 (0.6492)
huggingface/tokenizers: The current process just got forked, after parallelism has already been used. Disabling parallelism to avoid deadlocks...
To disable this warning, you can either:
	- Avoid using `tokenizers` before the fork if possible
	- Explicitly set the environment variable TOKENIZERS_PARALLELISM=(true | false)
huggingface/tokenizers: The current process just got forked, after parallelism has already been used. Disabling parallelism to avoid deadlocks...
To disable this warning, you can either:
	- Avoid using `tokenizers` before the fork if possible
	- Explicitly set the environment variable TOKENIZERS_PARALLELISM=(true | false)
huggingface/tokenizers: The current process just got forked, after parallelism has already been used. Disabling parallelism to avoid deadlocks...
To disable this warning, you can either:
	- Avoid using `tokenizers` before the fork if possible
	- Explicitly set the environment variable TOKENIZERS_PARALLELISM=(true | false)
huggingface/tokenizers: The current process just got forked, after parallelism has already been used. Disabling parallelism to avoid deadlocks...
To disable this warning, you can either:
	- Avoid using `tokenizers` before the fork if possible
	- Explicitly set the environment variable TOKENIZERS_PARALLELISM=(true | false)
huggingface/tokenizers: The current process just got forked, after parallelism has already been used. Disabling parallelism to avoid deadlocks...
To disable this warning, you can either:
	- Avoid using `tokenizers` before the fork if possible
	- Explicitly set the environment variable TOKENIZERS_PARALLELISM=(true | false)
huggingface/tokenizers: The current process just got forked, after parallelism has already been used. Disabling parallelism to avoid deadlocks...
To disable this warning, you can either:
	- Avoid using `tokenizers` before the fork if possible
	- Explicitly set the environment variable TOKENIZERS_PARALLELISM=(true | false)
huggingface/tokenizers: The current process just got forked, after parallelism has already been used. Disabling parallelism to avoid deadlocks...
To disable this warning, you can either:
	- Avoid using `tokenizers` before the fork if possible
	- Explicitly set the environment variable TOKENIZERS_PARALLELISM=(true | false)
huggingface/tokenizers: The current process just got forked, after parallelism has already been used. Disabling parallelism to avoid deadlocks...
To disable this warning, you can either:
	- Avoid using `tokenizers` before the fork if possible
	- Explicitly set the environment variable TOKENIZERS_PARALLELISM=(true | false)
Test:  [   0/4000]  eta: 1:56:22  inter: 33080.0000 (33080.0000)  union: 35151.0000 (35151.0000)  iou: 0.9411 (0.9411)  time: 1.7457  data: 1.2933  max mem: 31176
Test:  [  50/4000]  eta: 0:16:13  inter: 25450.0000 (27602.2188)  union: 54196.0000 (51242.6875)  iou: 0.2599 (0.5327)  time: 0.2211  data: 0.0005  max mem: 31176
Test:  [ 100/4000]  eta: 0:15:14  inter: 31869.0000 (29971.4706)  union: 48765.0000 (48733.6029)  iou: 0.8343 (0.6067)  time: 0.2191  data: 0.0005  max mem: 31176
Test:  [ 150/4000]  eta: 0:14:52  inter: 18685.0000 (28884.0909)  union: 29919.0000 (45120.8517)  iou: 0.8158 (0.6342)  time: 0.2305  data: 0.0005  max mem: 31176
Test:  [ 200/4000]  eta: 0:14:25  inter: 34597.0000 (29287.0916)  union: 38044.0000 (44009.7070)  iou: 0.9185 (0.6488)  time: 0.2147  data: 0.0005  max mem: 31176
Test:  [ 250/4000]  eta: 0:14:02  inter: 15283.0000 (31256.4217)  union: 33232.0000 (45659.1084)  iou: 0.6190 (0.6461)  time: 0.2100  data: 0.0005  max mem: 31176
Test:  [ 300/4000]  eta: 0:13:50  inter: 21753.0000 (30705.3052)  union: 24393.0000 (44985.8065)  iou: 0.8495 (0.6414)  time: 0.2251  data: 0.0005  max mem: 31176
Test:  [ 350/4000]  eta: 0:13:42  inter: 9177.0000 (29793.5351)  union: 30782.0000 (45276.6322)  iou: 0.5109 (0.6304)  time: 0.2305  data: 0.0005  max mem: 31176
Test:  [ 400/4000]  eta: 0:13:31  inter: 30554.0000 (29132.2786)  union: 36018.0000 (44404.6071)  iou: 0.6826 (0.6285)  time: 0.2157  data: 0.0005  max mem: 31176
Test:  [ 450/4000]  eta: 0:13:18  inter: 21893.0000 (28955.0365)  union: 38057.0000 (44541.3413)  iou: 0.6897 (0.6275)  time: 0.2324  data: 0.0005  max mem: 31176
Test:  [ 500/4000]  eta: 0:13:05  inter: 17442.0000 (29710.9155)  union: 36696.0000 (45440.1060)  iou: 0.6170 (0.6263)  time: 0.2135  data: 0.0005  max mem: 31176
Test:  [ 550/4000]  eta: 0:12:55  inter: 23544.0000 (29692.8458)  union: 30891.0000 (45021.0553)  iou: 0.8562 (0.6328)  time: 0.2274  data: 0.0005  max mem: 31176
Test:  [ 600/4000]  eta: 0:12:43  inter: 10171.0000 (29655.0982)  union: 34375.0000 (44959.2249)  iou: 0.7449 (0.6301)  time: 0.2219  data: 0.0005  max mem: 31176
Test:  [ 650/4000]  eta: 0:12:29  inter: 30022.0000 (30186.6442)  union: 42715.0000 (45286.9514)  iou: 0.7647 (0.6307)  time: 0.2136  data: 0.0005  max mem: 31176
Test:  [ 700/4000]  eta: 0:12:17  inter: 21223.0000 (29823.1530)  union: 28862.0000 (45106.3357)  iou: 0.5608 (0.6240)  time: 0.2158  data: 0.0005  max mem: 31176
Test:  [ 750/4000]  eta: 0:12:07  inter: 26928.0000 (29692.2540)  union: 29797.0000 (44732.3349)  iou: 0.8937 (0.6278)  time: 0.2365  data: 0.0005  max mem: 31176
Test:  [ 800/4000]  eta: 0:11:55  inter: 27338.0000 (29397.0348)  union: 46824.0000 (44299.0107)  iou: 0.6288 (0.6265)  time: 0.2266  data: 0.0005  max mem: 31176
Test:  [ 850/4000]  eta: 0:11:44  inter: 21750.0000 (29351.4285)  union: 40285.0000 (44188.5598)  iou: 0.7963 (0.6269)  time: 0.2120  data: 0.0005  max mem: 31176
Test:  [ 900/4000]  eta: 0:11:33  inter: 21853.0000 (29482.0925)  union: 27009.0000 (44643.1170)  iou: 0.7249 (0.6228)  time: 0.2121  data: 0.0005  max mem: 31176
Test:  [ 950/4000]  eta: 0:11:21  inter: 24743.0000 (29627.4179)  union: 30909.0000 (44668.5146)  iou: 0.8319 (0.6219)  time: 0.2204  data: 0.0005  max mem: 31176
Test:  [1000/4000]  eta: 0:11:10  inter: 28150.0000 (29841.2366)  union: 37042.0000 (44841.0791)  iou: 0.7305 (0.6230)  time: 0.2125  data: 0.0005  max mem: 31176
Test:  [1050/4000]  eta: 0:10:58  inter: 24700.0000 (29889.3735)  union: 39329.0000 (44887.9347)  iou: 0.6799 (0.6225)  time: 0.2245  data: 0.0005  max mem: 31176
Test:  [1100/4000]  eta: 0:10:46  inter: 22381.0000 (29629.9297)  union: 31718.0000 (44554.3685)  iou: 0.7042 (0.6199)  time: 0.2187  data: 0.0005  max mem: 31176
Test:  [1150/4000]  eta: 0:10:35  inter: 9714.0000 (29667.5341)  union: 23605.0000 (44225.1588)  iou: 0.5119 (0.6231)  time: 0.2293  data: 0.0005  max mem: 31176
Test:  [1200/4000]  eta: 0:10:24  inter: 15006.0000 (29806.5957)  union: 33132.0000 (44540.6736)  iou: 0.8099 (0.6217)  time: 0.2230  data: 0.0005  max mem: 31176
Test:  [1250/4000]  eta: 0:10:14  inter: 9794.0000 (29473.8881)  union: 37186.0000 (44381.1221)  iou: 0.2030 (0.6186)  time: 0.2331  data: 0.0005  max mem: 31176
Test:  [1300/4000]  eta: 0:10:03  inter: 24137.0000 (29199.3708)  union: 36260.0000 (44112.6920)  iou: 0.5911 (0.6184)  time: 0.2250  data: 0.0005  max mem: 31176
Test:  [1350/4000]  eta: 0:09:51  inter: 27088.0000 (29220.5832)  union: 35194.0000 (44201.2511)  iou: 0.7908 (0.6180)  time: 0.2236  data: 0.0005  max mem: 31176
Test:  [1400/4000]  eta: 0:09:41  inter: 9742.0000 (29301.4894)  union: 11344.0000 (44452.6245)  iou: 0.7527 (0.6158)  time: 0.2246  data: 0.0005  max mem: 31176
Test:  [1450/4000]  eta: 0:09:29  inter: 15210.0000 (29134.2049)  union: 37561.0000 (44262.5506)  iou: 0.5287 (0.6139)  time: 0.2202  data: 0.0005  max mem: 31176
Test:  [1500/4000]  eta: 0:09:18  inter: 18183.0000 (29155.4981)  union: 40116.0000 (44356.9759)  iou: 0.5194 (0.6114)  time: 0.2193  data: 0.0005  max mem: 31176
Test:  [1550/4000]  eta: 0:09:07  inter: 22245.0000 (29039.5967)  union: 29893.0000 (44255.1291)  iou: 0.4964 (0.6117)  time: 0.2371  data: 0.0005  max mem: 31176
Test:  [1600/4000]  eta: 0:08:57  inter: 15115.0000 (28961.7334)  union: 39067.0000 (44300.6029)  iou: 0.7562 (0.6089)  time: 0.2382  data: 0.0005  max mem: 31176
Test:  [1650/4000]  eta: 0:08:45  inter: 24494.0000 (28940.5763)  union: 40742.0000 (44326.8765)  iou: 0.4971 (0.6077)  time: 0.2187  data: 0.0005  max mem: 31176
Test:  [1700/4000]  eta: 0:08:33  inter: 17002.0000 (28930.9378)  union: 40341.0000 (44530.9537)  iou: 0.7898 (0.6061)  time: 0.2198  data: 0.0005  max mem: 31176
Test:  [1750/4000]  eta: 0:08:22  inter: 25789.0000 (28879.1665)  union: 39134.0000 (44422.7293)  iou: 0.7413 (0.6058)  time: 0.2323  data: 0.0005  max mem: 31176
Test:  [1800/4000]  eta: 0:08:11  inter: 23990.0000 (28727.4276)  union: 42829.0000 (44394.7766)  iou: 0.6551 (0.6050)  time: 0.2335  data: 0.0005  max mem: 31176
Test:  [1850/4000]  eta: 0:08:00  inter: 18907.0000 (28704.9042)  union: 35158.0000 (44538.1406)  iou: 0.4174 (0.6030)  time: 0.2208  data: 0.0005  max mem: 31176
Test:  [1900/4000]  eta: 0:07:49  inter: 34469.0000 (28613.7790)  union: 55260.0000 (44514.6675)  iou: 0.4689 (0.6030)  time: 0.2268  data: 0.0005  max mem: 31176
Test:  [1950/4000]  eta: 0:07:38  inter: 11462.0000 (28649.2977)  union: 17231.0000 (44534.7787)  iou: 0.6363 (0.6033)  time: 0.2217  data: 0.0005  max mem: 31176
Test:  [2000/4000]  eta: 0:07:26  inter: 15818.0000 (28600.2075)  union: 22518.0000 (44437.0184)  iou: 0.7520 (0.6033)  time: 0.2127  data: 0.0005  max mem: 31176
Test:  [2050/4000]  eta: 0:07:15  inter: 5962.0000 (28530.8660)  union: 56139.0000 (44628.0548)  iou: 0.2035 (0.6012)  time: 0.2449  data: 0.0005  max mem: 31176
Test:  [2100/4000]  eta: 0:07:04  inter: 20352.0000 (28526.7124)  union: 33424.0000 (44558.7839)  iou: 0.8378 (0.6020)  time: 0.2134  data: 0.0005  max mem: 31176
Test:  [2150/4000]  eta: 0:06:52  inter: 23656.0000 (28543.4724)  union: 30640.0000 (44637.6454)  iou: 0.7134 (0.6015)  time: 0.2168  data: 0.0005  max mem: 31176
Test:  [2200/4000]  eta: 0:06:41  inter: 12058.0000 (28453.6464)  union: 20979.0000 (44511.0903)  iou: 0.5282 (0.6012)  time: 0.2226  data: 0.0005  max mem: 31176
Test:  [2250/4000]  eta: 0:06:30  inter: 20472.0000 (28301.7413)  union: 37845.0000 (44405.0796)  iou: 0.7769 (0.5995)  time: 0.2132  data: 0.0005  max mem: 31176
Test:  [2300/4000]  eta: 0:06:19  inter: 34735.0000 (28389.1193)  union: 40670.0000 (44372.8478)  iou: 0.7701 (0.6017)  time: 0.2254  data: 0.0005  max mem: 31176
Test:  [2350/4000]  eta: 0:06:08  inter: 18924.0000 (28304.5074)  union: 37484.0000 (44286.8808)  iou: 0.7414 (0.6021)  time: 0.2308  data: 0.0005  max mem: 31176
Test:  [2400/4000]  eta: 0:05:57  inter: 12972.0000 (28291.0024)  union: 36765.0000 (44241.5801)  iou: 0.2463 (0.6021)  time: 0.2336  data: 0.0005  max mem: 31176
Test:  [2450/4000]  eta: 0:05:46  inter: 28951.0000 (28396.0873)  union: 33037.0000 (44266.5126)  iou: 0.8856 (0.6044)  time: 0.2082  data: 0.0005  max mem: 31176
Test:  [2500/4000]  eta: 0:05:34  inter: 24572.0000 (28370.2568)  union: 39527.0000 (44237.3540)  iou: 0.8614 (0.6044)  time: 0.2111  data: 0.0005  max mem: 31176
Test:  [2550/4000]  eta: 0:05:23  inter: 29006.0000 (28484.9638)  union: 34955.0000 (44351.1264)  iou: 0.7643 (0.6051)  time: 0.2360  data: 0.0005  max mem: 31176
Test:  [2600/4000]  eta: 0:05:12  inter: 16453.0000 (28429.9850)  union: 33239.0000 (44407.0380)  iou: 0.4502 (0.6037)  time: 0.2270  data: 0.0005  max mem: 31176
Test:  [2650/4000]  eta: 0:05:01  inter: 16008.0000 (28510.8883)  union: 34105.0000 (44657.8896)  iou: 0.8922 (0.6026)  time: 0.2258  data: 0.0005  max mem: 31176
Test:  [2700/4000]  eta: 0:04:50  inter: 26831.0000 (28623.3963)  union: 38379.0000 (44762.1849)  iou: 0.8625 (0.6036)  time: 0.2184  data: 0.0005  max mem: 31176
Test:  [2750/4000]  eta: 0:04:38  inter: 22731.0000 (28671.3090)  union: 32266.0000 (44847.8405)  iou: 0.8911 (0.6027)  time: 0.2169  data: 0.0005  max mem: 31176
Test:  [2800/4000]  eta: 0:04:27  inter: 14883.0000 (28621.3056)  union: 30365.0000 (44696.5327)  iou: 0.6144 (0.6031)  time: 0.2186  data: 0.0005  max mem: 31176
Test:  [2850/4000]  eta: 0:04:16  inter: 12078.0000 (28721.5451)  union: 32780.0000 (44794.9444)  iou: 0.4572 (0.6025)  time: 0.2163  data: 0.0005  max mem: 31176
Test:  [2900/4000]  eta: 0:04:05  inter: 20043.0000 (28707.7673)  union: 27125.0000 (44846.0166)  iou: 0.7873 (0.6012)  time: 0.2126  data: 0.0005  max mem: 31176
Test:  [2950/4000]  eta: 0:03:54  inter: 22098.0000 (28728.3976)  union: 26791.0000 (44866.5553)  iou: 0.5165 (0.6013)  time: 0.2136  data: 0.0005  max mem: 31176
Test:  [3000/4000]  eta: 0:03:43  inter: 20971.0000 (28674.4554)  union: 33661.0000 (44835.2281)  iou: 0.5935 (0.6005)  time: 0.2303  data: 0.0005  max mem: 31176
Test:  [3050/4000]  eta: 0:03:31  inter: 18427.0000 (28703.7027)  union: 50651.0000 (45050.8221)  iou: 0.4018 (0.6002)  time: 0.2212  data: 0.0005  max mem: 31176
Test:  [3100/4000]  eta: 0:03:20  inter: 22168.0000 (28679.7061)  union: 44465.0000 (44993.0302)  iou: 0.5177 (0.6004)  time: 0.2224  data: 0.0006  max mem: 31176
Test:  [3150/4000]  eta: 0:03:09  inter: 16314.0000 (28584.5916)  union: 21721.0000 (44892.7632)  iou: 0.5622 (0.6000)  time: 0.2231  data: 0.0005  max mem: 31176
Test:  [3200/4000]  eta: 0:02:58  inter: 16368.0000 (28658.2850)  union: 41097.0000 (44918.6937)  iou: 0.5029 (0.6012)  time: 0.2161  data: 0.0005  max mem: 31176
Test:  [3250/4000]  eta: 0:02:47  inter: 12931.0000 (28601.5885)  union: 27788.0000 (44892.4536)  iou: 0.7130 (0.5999)  time: 0.2216  data: 0.0005  max mem: 31176
Test:  [3300/4000]  eta: 0:02:36  inter: 34270.0000 (28695.7042)  union: 49674.0000 (45032.0597)  iou: 0.8051 (0.5992)  time: 0.2341  data: 0.0005  max mem: 31176
Test:  [3350/4000]  eta: 0:02:24  inter: 9546.0000 (28697.4122)  union: 13887.0000 (45002.8042)  iou: 0.7748 (0.6000)  time: 0.2094  data: 0.0005  max mem: 31176
Test:  [3400/4000]  eta: 0:02:13  inter: 27599.0000 (28802.3253)  union: 37301.0000 (45030.6009)  iou: 0.8603 (0.6013)  time: 0.2287  data: 0.0005  max mem: 31176
Test:  [3450/4000]  eta: 0:02:02  inter: 20600.0000 (28811.8925)  union: 31378.0000 (45027.7438)  iou: 0.7639 (0.6012)  time: 0.2166  data: 0.0005  max mem: 31176
Test:  [3500/4000]  eta: 0:01:51  inter: 16994.0000 (28775.4986)  union: 21212.0000 (44990.6022)  iou: 0.7562 (0.6012)  time: 0.2140  data: 0.0005  max mem: 31176
Test:  [3550/4000]  eta: 0:01:40  inter: 33636.0000 (28790.4896)  union: 37459.0000 (45011.3272)  iou: 0.8021 (0.6006)  time: 0.2124  data: 0.0005  max mem: 31176
Test:  [3600/4000]  eta: 0:01:29  inter: 21291.0000 (28754.1573)  union: 32047.0000 (44979.5674)  iou: 0.8887 (0.5998)  time: 0.2170  data: 0.0005  max mem: 31176
Test:  [3650/4000]  eta: 0:01:18  inter: 29186.0000 (28733.3654)  union: 38715.0000 (44940.1543)  iou: 0.7286 (0.6000)  time: 0.2399  data: 0.0005  max mem: 31176
Test:  [3700/4000]  eta: 0:01:06  inter: 26313.0000 (28817.7426)  union: 39297.0000 (44942.2998)  iou: 0.8287 (0.6007)  time: 0.2172  data: 0.0005  max mem: 31176
Test:  [3750/4000]  eta: 0:00:55  inter: 30519.0000 (28878.9760)  union: 48423.0000 (45006.2752)  iou: 0.7878 (0.6017)  time: 0.2164  data: 0.0005  max mem: 31176
Test:  [3800/4000]  eta: 0:00:44  inter: 22830.0000 (28876.5814)  union: 29309.0000 (45072.6780)  iou: 0.5295 (0.6014)  time: 0.2098  data: 0.0005  max mem: 31176
Test:  [3850/4000]  eta: 0:00:33  inter: 21126.0000 (28890.1128)  union: 32322.0000 (45076.2795)  iou: 0.8445 (0.6015)  time: 0.2176  data: 0.0005  max mem: 31176
Test:  [3900/4000]  eta: 0:00:22  inter: 18575.0000 (28936.8771)  union: 41790.0000 (45174.4893)  iou: 0.7467 (0.6013)  time: 0.2201  data: 0.0005  max mem: 31176
Test:  [3950/4000]  eta: 0:00:11  inter: 17451.0000 (28881.3807)  union: 42889.0000 (45105.8799)  iou: 0.7480 (0.6012)  time: 0.2146  data: 0.0005  max mem: 31176
Test:  [3999/4000]  eta: 0:00:00  inter: 15944.0000 (28814.3290)  union: 31095.0000 (44983.3111)  iou: 0.6693 (0.6020)  time: 0.1960  data: 0.0002  max mem: 31176
Test: Total time: 0:14:52 (0.2230 s / it)
* IoU 0.602 oIoU 0.641
IoU of the network on the 4000 test images: 0.6%
Max IoU: 0.60%
huggingface/tokenizers: The current process just got forked, after parallelism has already been used. Disabling parallelism to avoid deadlocks...
To disable this warning, you can either:
	- Avoid using `tokenizers` before the fork if possible
	- Explicitly set the environment variable TOKENIZERS_PARALLELISM=(true | false)
huggingface/tokenizers: The current process just got forked, after parallelism has already been used. Disabling parallelism to avoid deadlocks...
To disable this warning, you can either:
	- Avoid using `tokenizers` before the fork if possible
	- Explicitly set the environment variable TOKENIZERS_PARALLELISM=(true | false)
huggingface/tokenizers: The current process just got forked, after parallelism has already been used. Disabling parallelism to avoid deadlocks...
To disable this warning, you can either:
	- Avoid using `tokenizers` before the fork if possible
	- Explicitly set the environment variable TOKENIZERS_PARALLELISM=(true | false)
huggingface/tokenizers: The current process just got forked, after parallelism has already been used. Disabling parallelism to avoid deadlocks...
To disable this warning, you can either:
	- Avoid using `tokenizers` before the fork if possible
	- Explicitly set the environment variable TOKENIZERS_PARALLELISM=(true | false)
huggingface/tokenizers: The current process just got forked, after parallelism has already been used. Disabling parallelism to avoid deadlocks...
To disable this warning, you can either:
	- Avoid using `tokenizers` before the fork if possible
	- Explicitly set the environment variable TOKENIZERS_PARALLELISM=(true | false)
huggingface/tokenizers: The current process just got forked, after parallelism has already been used. Disabling parallelism to avoid deadlocks...
To disable this warning, you can either:
	- Avoid using `tokenizers` before the fork if possible
	- Explicitly set the environment variable TOKENIZERS_PARALLELISM=(true | false)
huggingface/tokenizers: The current process just got forked, after parallelism has already been used. Disabling parallelism to avoid deadlocks...
To disable this warning, you can either:
	- Avoid using `tokenizers` before the fork if possible
	- Explicitly set the environment variable TOKENIZERS_PARALLELISM=(true | false)
huggingface/tokenizers: The current process just got forked, after parallelism has already been used. Disabling parallelism to avoid deadlocks...
To disable this warning, you can either:
	- Avoid using `tokenizers` before the fork if possible
	- Explicitly set the environment variable TOKENIZERS_PARALLELISM=(true | false)
Epoch: [4]  [   0/5625]  eta: 8:25:37  lr: 0.000009  train_loss: 0.2645 (0.2645)  train_iou: 0.7735 (0.7735)  time: 5.3934  data: 3.8279  max mem: 31176
Epoch: [4]  [  20/5625]  eta: 1:57:51  lr: 0.000009  train_loss: 0.2429 (0.2391)  train_iou: 0.6439 (0.6834)  time: 1.0551  data: 0.0017  max mem: 31176
Epoch: [4]  [  40/5625]  eta: 1:48:54  lr: 0.000009  train_loss: 0.2269 (0.2518)  train_iou: 0.6879 (0.6718)  time: 1.0739  data: 0.0005  max mem: 31176
Epoch: [4]  [  60/5625]  eta: 1:45:45  lr: 0.000009  train_loss: 0.1956 (0.2514)  train_iou: 0.6616 (0.6684)  time: 1.0788  data: 0.0005  max mem: 31176
Epoch: [4]  [  80/5625]  eta: 1:43:58  lr: 0.000009  train_loss: 0.2261 (0.2489)  train_iou: 0.6875 (0.6730)  time: 1.0792  data: 0.0005  max mem: 31176
Epoch: [4]  [ 100/5625]  eta: 1:42:54  lr: 0.000009  train_loss: 0.1596 (0.2412)  train_iou: 0.6504 (0.6727)  time: 1.0870  data: 0.0005  max mem: 31176
Epoch: [4]  [ 120/5625]  eta: 1:41:40  lr: 0.000009  train_loss: 0.3240 (0.2564)  train_iou: 0.5910 (0.6673)  time: 1.0608  data: 0.0005  max mem: 31176
Epoch: [4]  [ 140/5625]  eta: 1:40:38  lr: 0.000009  train_loss: 0.2032 (0.2574)  train_iou: 0.7223 (0.6715)  time: 1.0572  data: 0.0005  max mem: 31176
Epoch: [4]  [ 160/5625]  eta: 1:39:48  lr: 0.000009  train_loss: 0.2018 (0.2591)  train_iou: 0.6507 (0.6674)  time: 1.0589  data: 0.0005  max mem: 31176
Epoch: [4]  [ 180/5625]  eta: 1:39:06  lr: 0.000009  train_loss: 0.2038 (0.2557)  train_iou: 0.6601 (0.6662)  time: 1.0631  data: 0.0005  max mem: 31176
Epoch: [4]  [ 200/5625]  eta: 1:38:28  lr: 0.000009  train_loss: 0.2738 (0.2606)  train_iou: 0.6429 (0.6655)  time: 1.0612  data: 0.0005  max mem: 31176
Epoch: [4]  [ 220/5625]  eta: 1:37:52  lr: 0.000009  train_loss: 0.2110 (0.2587)  train_iou: 0.6152 (0.6616)  time: 1.0610  data: 0.0005  max mem: 31176
Epoch: [4]  [ 240/5625]  eta: 1:37:18  lr: 0.000009  train_loss: 0.1981 (0.2583)  train_iou: 0.6820 (0.6612)  time: 1.0588  data: 0.0005  max mem: 31176
Epoch: [4]  [ 260/5625]  eta: 1:36:45  lr: 0.000009  train_loss: 0.2447 (0.2592)  train_iou: 0.6638 (0.6630)  time: 1.0564  data: 0.0005  max mem: 31176
Epoch: [4]  [ 280/5625]  eta: 1:36:18  lr: 0.000009  train_loss: 0.2464 (0.2591)  train_iou: 0.6973 (0.6660)  time: 1.0686  data: 0.0005  max mem: 31176
Epoch: [4]  [ 300/5625]  eta: 1:35:50  lr: 0.000009  train_loss: 0.2634 (0.2597)  train_iou: 0.6380 (0.6650)  time: 1.0628  data: 0.0005  max mem: 31176
Epoch: [4]  [ 320/5625]  eta: 1:35:21  lr: 0.000009  train_loss: 0.2611 (0.2616)  train_iou: 0.6565 (0.6640)  time: 1.0571  data: 0.0005  max mem: 31176
Epoch: [4]  [ 340/5625]  eta: 1:34:53  lr: 0.000009  train_loss: 0.2651 (0.2617)  train_iou: 0.6505 (0.6627)  time: 1.0586  data: 0.0005  max mem: 31176
Epoch: [4]  [ 360/5625]  eta: 1:34:26  lr: 0.000009  train_loss: 0.2357 (0.2604)  train_iou: 0.6865 (0.6645)  time: 1.0594  data: 0.0005  max mem: 31176
Epoch: [4]  [ 380/5625]  eta: 1:34:00  lr: 0.000009  train_loss: 0.2466 (0.2604)  train_iou: 0.7086 (0.6658)  time: 1.0606  data: 0.0005  max mem: 31176
Epoch: [4]  [ 400/5625]  eta: 1:33:34  lr: 0.000009  train_loss: 0.2795 (0.2637)  train_iou: 0.5975 (0.6628)  time: 1.0575  data: 0.0005  max mem: 31176
Epoch: [4]  [ 420/5625]  eta: 1:33:10  lr: 0.000009  train_loss: 0.2568 (0.2632)  train_iou: 0.6049 (0.6619)  time: 1.0652  data: 0.0005  max mem: 31176
Epoch: [4]  [ 440/5625]  eta: 1:32:44  lr: 0.000009  train_loss: 0.1528 (0.2614)  train_iou: 0.6805 (0.6629)  time: 1.0543  data: 0.0005  max mem: 31176
Epoch: [4]  [ 460/5625]  eta: 1:32:18  lr: 0.000009  train_loss: 0.2553 (0.2638)  train_iou: 0.6568 (0.6619)  time: 1.0496  data: 0.0004  max mem: 31176
Epoch: [4]  [ 480/5625]  eta: 1:31:51  lr: 0.000009  train_loss: 0.2030 (0.2624)  train_iou: 0.6472 (0.6613)  time: 1.0468  data: 0.0004  max mem: 31176
Epoch: [4]  [ 500/5625]  eta: 1:31:24  lr: 0.000009  train_loss: 0.1683 (0.2618)  train_iou: 0.6509 (0.6623)  time: 1.0464  data: 0.0005  max mem: 31176
Epoch: [4]  [ 520/5625]  eta: 1:31:00  lr: 0.000009  train_loss: 0.2397 (0.2618)  train_iou: 0.6783 (0.6620)  time: 1.0570  data: 0.0004  max mem: 31176
Epoch: [4]  [ 540/5625]  eta: 1:30:36  lr: 0.000009  train_loss: 0.1831 (0.2618)  train_iou: 0.6507 (0.6606)  time: 1.0562  data: 0.0004  max mem: 31176
Epoch: [4]  [ 560/5625]  eta: 1:30:13  lr: 0.000009  train_loss: 0.2232 (0.2616)  train_iou: 0.6503 (0.6600)  time: 1.0580  data: 0.0005  max mem: 31176
Epoch: [4]  [ 580/5625]  eta: 1:29:49  lr: 0.000009  train_loss: 0.1980 (0.2594)  train_iou: 0.6768 (0.6611)  time: 1.0541  data: 0.0005  max mem: 31176
Epoch: [4]  [ 600/5625]  eta: 1:29:25  lr: 0.000009  train_loss: 0.1917 (0.2576)  train_iou: 0.6449 (0.6605)  time: 1.0555  data: 0.0004  max mem: 31176
Epoch: [4]  [ 620/5625]  eta: 1:29:02  lr: 0.000009  train_loss: 0.2181 (0.2579)  train_iou: 0.6658 (0.6608)  time: 1.0550  data: 0.0004  max mem: 31176
Epoch: [4]  [ 640/5625]  eta: 1:28:38  lr: 0.000009  train_loss: 0.2493 (0.2586)  train_iou: 0.6759 (0.6609)  time: 1.0533  data: 0.0004  max mem: 31176
Epoch: [4]  [ 660/5625]  eta: 1:28:14  lr: 0.000009  train_loss: 0.2132 (0.2577)  train_iou: 0.6847 (0.6608)  time: 1.0468  data: 0.0004  max mem: 31176
Epoch: [4]  [ 680/5625]  eta: 1:27:51  lr: 0.000009  train_loss: 0.1474 (0.2563)  train_iou: 0.6783 (0.6617)  time: 1.0559  data: 0.0004  max mem: 31176
Epoch: [4]  [ 700/5625]  eta: 1:27:29  lr: 0.000009  train_loss: 0.2225 (0.2579)  train_iou: 0.6203 (0.6614)  time: 1.0569  data: 0.0005  max mem: 31176
Epoch: [4]  [ 720/5625]  eta: 1:27:05  lr: 0.000009  train_loss: 0.2464 (0.2589)  train_iou: 0.6572 (0.6618)  time: 1.0498  data: 0.0004  max mem: 31176
Epoch: [4]  [ 740/5625]  eta: 1:26:42  lr: 0.000009  train_loss: 0.2254 (0.2591)  train_iou: 0.6265 (0.6611)  time: 1.0517  data: 0.0004  max mem: 31176
Epoch: [4]  [ 760/5625]  eta: 1:26:19  lr: 0.000009  train_loss: 0.1733 (0.2582)  train_iou: 0.7027 (0.6617)  time: 1.0516  data: 0.0005  max mem: 31176
Epoch: [4]  [ 780/5625]  eta: 1:25:56  lr: 0.000009  train_loss: 0.2385 (0.2593)  train_iou: 0.6436 (0.6605)  time: 1.0517  data: 0.0004  max mem: 31176
Epoch: [4]  [ 800/5625]  eta: 1:25:34  lr: 0.000009  train_loss: 0.2392 (0.2599)  train_iou: 0.5967 (0.6591)  time: 1.0599  data: 0.0004  max mem: 31176
Epoch: [4]  [ 820/5625]  eta: 1:25:12  lr: 0.000009  train_loss: 0.2180 (0.2595)  train_iou: 0.6211 (0.6579)  time: 1.0588  data: 0.0005  max mem: 31176
Epoch: [4]  [ 840/5625]  eta: 1:24:50  lr: 0.000009  train_loss: 0.2493 (0.2591)  train_iou: 0.6140 (0.6579)  time: 1.0549  data: 0.0004  max mem: 31176
Epoch: [4]  [ 860/5625]  eta: 1:24:28  lr: 0.000009  train_loss: 0.1783 (0.2584)  train_iou: 0.6428 (0.6577)  time: 1.0558  data: 0.0005  max mem: 31176
Epoch: [4]  [ 880/5625]  eta: 1:24:05  lr: 0.000009  train_loss: 0.2206 (0.2582)  train_iou: 0.7107 (0.6585)  time: 1.0517  data: 0.0005  max mem: 31176
Epoch: [4]  [ 900/5625]  eta: 1:23:43  lr: 0.000009  train_loss: 0.2484 (0.2581)  train_iou: 0.6744 (0.6579)  time: 1.0536  data: 0.0005  max mem: 31176
Epoch: [4]  [ 920/5625]  eta: 1:23:20  lr: 0.000009  train_loss: 0.2327 (0.2586)  train_iou: 0.6305 (0.6569)  time: 1.0481  data: 0.0004  max mem: 31176
Epoch: [4]  [ 940/5625]  eta: 1:22:58  lr: 0.000009  train_loss: 0.2302 (0.2589)  train_iou: 0.6727 (0.6568)  time: 1.0547  data: 0.0005  max mem: 31176
Epoch: [4]  [ 960/5625]  eta: 1:22:36  lr: 0.000009  train_loss: 0.2338 (0.2595)  train_iou: 0.6012 (0.6556)  time: 1.0522  data: 0.0005  max mem: 31176
Epoch: [4]  [ 980/5625]  eta: 1:22:13  lr: 0.000009  train_loss: 0.1782 (0.2602)  train_iou: 0.6456 (0.6551)  time: 1.0487  data: 0.0004  max mem: 31176
Epoch: [4]  [1000/5625]  eta: 1:21:51  lr: 0.000009  train_loss: 0.1768 (0.2594)  train_iou: 0.6552 (0.6552)  time: 1.0513  data: 0.0004  max mem: 31176
Epoch: [4]  [1020/5625]  eta: 1:21:29  lr: 0.000009  train_loss: 0.1567 (0.2587)  train_iou: 0.6520 (0.6559)  time: 1.0542  data: 0.0005  max mem: 31176
Epoch: [4]  [1040/5625]  eta: 1:21:07  lr: 0.000009  train_loss: 0.2352 (0.2583)  train_iou: 0.6283 (0.6557)  time: 1.0513  data: 0.0004  max mem: 31176
slurmstepd: error: *** JOB 133059 ON d1004 CANCELLED AT 2025-04-20T00:44:58 DUE TO TIME LIMIT ***
