Architecture:                       x86_64
CPU op-mode(s):                     32-bit, 64-bit
Address sizes:                      46 bits physical, 48 bits virtual
Byte Order:                         Little Endian
CPU(s):                             28
On-line CPU(s) list:                0-27
Vendor ID:                          GenuineIntel
Model name:                         Intel(R) Xeon(R) Gold 6132 CPU @ 2.60GHz
CPU family:                         6
Model:                              85
Thread(s) per core:                 1
Core(s) per socket:                 14
Socket(s):                          2
Stepping:                           4
CPU max MHz:                        3700.0000
CPU min MHz:                        1000.0000
BogoMIPS:                           5200.00
Flags:                              fpu vme de pse tsc msr pae mce cx8 apic sep mtrr pge mca cmov pat pse36 clflush dts acpi mmx fxsr sse sse2 ss ht tm pbe syscall nx pdpe1gb rdtscp lm constant_tsc art arch_perfmon pebs bts rep_good nopl xtopology nonstop_tsc cpuid aperfmperf pni pclmulqdq dtes64 monitor ds_cpl smx est tm2 ssse3 sdbg fma cx16 xtpr pdcm pcid dca sse4_1 sse4_2 x2apic movbe popcnt tsc_deadline_timer aes xsave avx f16c rdrand lahf_lm abm 3dnowprefetch cpuid_fault epb cat_l3 cdp_l3 invpcid_single pti intel_ppin ssbd mba ibrs ibpb stibp fsgsbase tsc_adjust bmi1 hle avx2 smep bmi2 erms invpcid rtm cqm mpx rdt_a avx512f avx512dq rdseed adx smap clflushopt clwb intel_pt avx512cd avx512bw avx512vl xsaveopt xsavec xgetbv1 xsaves cqm_llc cqm_occup_llc cqm_mbm_total cqm_mbm_local dtherm ida arat pln pts pku ospke md_clear flush_l1d arch_capabilities
L1d cache:                          896 KiB (28 instances)
L1i cache:                          896 KiB (28 instances)
L2 cache:                           28 MiB (28 instances)
L3 cache:                           38.5 MiB (2 instances)
NUMA node(s):                       2
NUMA node0 CPU(s):                  0,2,4,6,8,10,12,14,16,18,20,22,24,26
NUMA node1 CPU(s):                  1,3,5,7,9,11,13,15,17,19,21,23,25,27
Vulnerability Gather data sampling: Mitigation; Microcode
Vulnerability Itlb multihit:        KVM: Mitigation: VMX unsupported
Vulnerability L1tf:                 Mitigation; PTE Inversion
Vulnerability Mds:                  Mitigation; Clear CPU buffers; SMT disabled
Vulnerability Meltdown:             Mitigation; PTI
Vulnerability Mmio stale data:      Mitigation; Clear CPU buffers; SMT disabled
Vulnerability Retbleed:             Mitigation; IBRS
Vulnerability Spec rstack overflow: Not affected
Vulnerability Spec store bypass:    Mitigation; Speculative Store Bypass disabled via prctl
Vulnerability Spectre v1:           Mitigation; usercopy/swapgs barriers and __user pointer sanitization
Vulnerability Spectre v2:           Mitigation; IBRS, IBPB conditional, RSB filling, PBRSB-eIBRS Not affected
Vulnerability Srbds:                Not affected
Vulnerability Tsx async abort:      Mitigation; Clear CPU buffers; SMT disabled
Sun Apr 20 01:43:41 2025       
+---------------------------------------------------------------------------------------+
| NVIDIA-SMI 545.23.08              Driver Version: 545.23.08    CUDA Version: 12.3     |
|-----------------------------------------+----------------------+----------------------+
| GPU  Name                 Persistence-M | Bus-Id        Disp.A | Volatile Uncorr. ECC |
| Fan  Temp   Perf          Pwr:Usage/Cap |         Memory-Usage | GPU-Util  Compute M. |
|                                         |                      |               MIG M. |
|=========================================+======================+======================|
|   0  Tesla V100-SXM2-32GB           On  | 00000000:3B:00.0 Off |                    0 |
| N/A   37C    P0              43W / 300W |      0MiB / 32768MiB |      0%      Default |
|                                         |                      |                  N/A |
+-----------------------------------------+----------------------+----------------------+
                                                                                         
+---------------------------------------------------------------------------------------+
| Processes:                                                                            |
|  GPU   GI   CI        PID   Type   Process name                            GPU Memory |
|        ID   ID                                                             Usage      |
|=======================================================================================|
|  No running processes found                                                           |
+---------------------------------------------------------------------------------------+
/home/akula.ha/.conda/envs/refseg/lib/python3.10/site-packages/torch/distributed/launch.py:181: FutureWarning: The module torch.distributed.launch is deprecated
and will be removed in future. Use torchrun.
Note that --use-env is set by default in torchrun.
If your script expects `--local-rank` argument to be set, please
change it to read from `os.environ['LOCAL_RANK']` instead. See 
https://pytorch.org/docs/stable/distributed.html#launch-utility for 
further instructions

  warnings.warn(
| distributed init (rank 0): env://
Namespace(batch_size=8, epochs=50, model='ReMamber_Conv_PEFT', pretrain_path='./pretrain', input_size=480, drop=0.0, drop_path=0.1, model_ema=False, model_ema_decay=0.9999, model_ema_force_cpu=False, opt='adamw', opt_eps=1e-08, opt_betas=None, clip_grad=None, momentum=0.9, weight_decay=0.0001, sched='cosine', lr=9e-06, lr_decoder=5e-05, lr_backbone=2.5e-05, lr_vssm=2.5e-05, warmup_lr=1e-06, min_lr=1e-06, decay_epochs=30, warmup_epochs=0, cooldown_epochs=10, patience_epochs=10, decay_rate=0.1, train_mode=True, finetune='pretrain/ReMamber_Conv.pth', data_path='./ref_dataset/data', data_set='refzom', output_dir='./outputs', device='cuda', seed=0, resume='outputs/checkpoint_model:330c832c.pth', start_epoch=0, eval=False, dist_eval=False, num_workers=8, pin_mem=True, distributed=True, world_size=1, dist_url='env://', if_amp=True, debug_mode=False, local_rank=0, model_title='model', logging='model', decoder_adapter=False, continue_lr=None, partial_freeze=False, rank=0, gpu=0, dist_backend='nccl')
True val
./ref_dataset/data refzom zom
loading dataset refzom into memory...
creating index...
index created.
DONE (t=10.21s)
Preparing dataset ......
False val
./ref_dataset/data refzom zom
loading dataset refzom into memory...
creating index...
index created.
DONE (t=10.47s)
Preparing dataset ......
length of train set: 57624
length of val set: 15406
/home/akula.ha/.conda/envs/refseg/lib/python3.10/site-packages/torch/utils/data/dataloader.py:557: UserWarning: This DataLoader will create 8 worker processes in total. Our suggested max number of worker in current system is 1, which is smaller than what this DataLoader is going to create. Please be aware that excessive worker creation might get DataLoader running slow or even freeze, lower the worker number to avoid potential slowness/freeze if necessary.
  warnings.warn(_create_warning_msg(
Creating model: ReMamber_Conv_PEFT
kwargs {'use_adapters': False}
Training the full decoder
False
number of params: 17193760
Loaded checkpoint from 'outputs/checkpoint_model:330c832c.pth'
Continuing training from epoch 4...
Model id is - model:4cb71664
length of train set: 45000
length of val set: 4000
Start training for 50 epochs
Learning rate: 9e-06
/home/akula.ha/.conda/envs/refseg/lib/python3.10/site-packages/torch/autograd/__init__.py:251: UserWarning: Grad strides do not match bucket view strides. This may indicate grad was not created according to the gradient layout contract, or that the param's strides changed since DDP was constructed.  This is not an error, but may impair performance.
grad.sizes() = [512, 768, 1, 1], strides() = [768, 1, 768, 768]
bucket_view.sizes() = [512, 768, 1, 1], strides() = [768, 1, 1, 1] (Triggered internally at ../torch/csrc/distributed/c10d/reducer.cpp:320.)
  Variable._execution_engine.run_backward(  # Calls into the C++ engine to run the backward pass
Epoch: [4]  [   0/5625]  eta: 1 day, 13:44:22  lr: 0.000009  train_loss: 0.2605 (0.2605)  train_iou: 0.7789 (0.7789)  time: 24.1534  data: 5.1298  max mem: 31308
Epoch: [4]  [  20/5625]  eta: 3:18:46  lr: 0.000009  train_loss: 0.2430 (0.2468)  train_iou: 0.6600 (0.6775)  time: 1.0266  data: 0.0005  max mem: 31308
Epoch: [4]  [  40/5625]  eta: 2:28:11  lr: 0.000009  train_loss: 0.2433 (0.2574)  train_iou: 0.6890 (0.6661)  time: 1.0293  data: 0.0005  max mem: 31308
Epoch: [4]  [  60/5625]  eta: 2:10:30  lr: 0.000009  train_loss: 0.2112 (0.2587)  train_iou: 0.6759 (0.6650)  time: 1.0283  data: 0.0005  max mem: 31308
Epoch: [4]  [  80/5625]  eta: 2:01:35  lr: 0.000009  train_loss: 0.2074 (0.2515)  train_iou: 0.6921 (0.6714)  time: 1.0365  data: 0.0005  max mem: 31308
Epoch: [4]  [ 100/5625]  eta: 1:55:59  lr: 0.000009  train_loss: 0.1651 (0.2414)  train_iou: 0.6932 (0.6735)  time: 1.0330  data: 0.0005  max mem: 31308
Epoch: [4]  [ 120/5625]  eta: 1:52:09  lr: 0.000009  train_loss: 0.2947 (0.2538)  train_iou: 0.6049 (0.6684)  time: 1.0346  data: 0.0005  max mem: 31308
Epoch: [4]  [ 140/5625]  eta: 1:49:17  lr: 0.000009  train_loss: 0.2087 (0.2598)  train_iou: 0.7113 (0.6711)  time: 1.0327  data: 0.0005  max mem: 31308
Epoch: [4]  [ 160/5625]  eta: 1:47:06  lr: 0.000009  train_loss: 0.1881 (0.2583)  train_iou: 0.6416 (0.6676)  time: 1.0381  data: 0.0005  max mem: 31308
Epoch: [4]  [ 180/5625]  eta: 1:45:19  lr: 0.000009  train_loss: 0.1859 (0.2549)  train_iou: 0.6610 (0.6662)  time: 1.0366  data: 0.0005  max mem: 31308
Epoch: [4]  [ 200/5625]  eta: 1:43:49  lr: 0.000009  train_loss: 0.2551 (0.2603)  train_iou: 0.6415 (0.6649)  time: 1.0367  data: 0.0005  max mem: 31308
Epoch: [4]  [ 220/5625]  eta: 1:42:29  lr: 0.000009  train_loss: 0.1965 (0.2562)  train_iou: 0.6162 (0.6616)  time: 1.0317  data: 0.0005  max mem: 31308
Epoch: [4]  [ 240/5625]  eta: 1:41:22  lr: 0.000009  train_loss: 0.2331 (0.2578)  train_iou: 0.6474 (0.6607)  time: 1.0395  data: 0.0005  max mem: 31308
Epoch: [4]  [ 260/5625]  eta: 1:40:21  lr: 0.000009  train_loss: 0.2317 (0.2586)  train_iou: 0.6622 (0.6632)  time: 1.0356  data: 0.0005  max mem: 31308
Epoch: [4]  [ 280/5625]  eta: 1:39:26  lr: 0.000009  train_loss: 0.2347 (0.2576)  train_iou: 0.6915 (0.6659)  time: 1.0358  data: 0.0005  max mem: 31308
Epoch: [4]  [ 300/5625]  eta: 1:38:34  lr: 0.000009  train_loss: 0.2405 (0.2562)  train_iou: 0.6661 (0.6654)  time: 1.0330  data: 0.0005  max mem: 31308
Epoch: [4]  [ 320/5625]  eta: 1:37:47  lr: 0.000009  train_loss: 0.2595 (0.2592)  train_iou: 0.6533 (0.6639)  time: 1.0354  data: 0.0005  max mem: 31308
Epoch: [4]  [ 340/5625]  eta: 1:37:03  lr: 0.000009  train_loss: 0.2305 (0.2583)  train_iou: 0.6696 (0.6630)  time: 1.0362  data: 0.0005  max mem: 31308
Epoch: [4]  [ 360/5625]  eta: 1:36:20  lr: 0.000009  train_loss: 0.2204 (0.2566)  train_iou: 0.6820 (0.6648)  time: 1.0304  data: 0.0005  max mem: 31308
Epoch: [4]  [ 380/5625]  eta: 1:35:41  lr: 0.000009  train_loss: 0.2676 (0.2579)  train_iou: 0.6658 (0.6656)  time: 1.0343  data: 0.0005  max mem: 31308
Epoch: [4]  [ 400/5625]  eta: 1:35:02  lr: 0.000009  train_loss: 0.2794 (0.2602)  train_iou: 0.6191 (0.6628)  time: 1.0313  data: 0.0005  max mem: 31308
Epoch: [4]  [ 420/5625]  eta: 1:34:27  lr: 0.000009  train_loss: 0.2560 (0.2602)  train_iou: 0.5965 (0.6617)  time: 1.0358  data: 0.0005  max mem: 31308
Epoch: [4]  [ 440/5625]  eta: 1:33:52  lr: 0.000009  train_loss: 0.1746 (0.2597)  train_iou: 0.6722 (0.6619)  time: 1.0355  data: 0.0005  max mem: 31308
Epoch: [4]  [ 460/5625]  eta: 1:33:18  lr: 0.000009  train_loss: 0.2706 (0.2616)  train_iou: 0.6179 (0.6610)  time: 1.0306  data: 0.0005  max mem: 31308
Epoch: [4]  [ 480/5625]  eta: 1:32:45  lr: 0.000009  train_loss: 0.1694 (0.2604)  train_iou: 0.6359 (0.6602)  time: 1.0282  data: 0.0005  max mem: 31308
Epoch: [4]  [ 500/5625]  eta: 1:32:13  lr: 0.000009  train_loss: 0.1582 (0.2599)  train_iou: 0.6517 (0.6613)  time: 1.0310  data: 0.0005  max mem: 31308
Epoch: [4]  [ 520/5625]  eta: 1:31:42  lr: 0.000009  train_loss: 0.2188 (0.2601)  train_iou: 0.6499 (0.6610)  time: 1.0331  data: 0.0005  max mem: 31308
Epoch: [4]  [ 540/5625]  eta: 1:31:12  lr: 0.000009  train_loss: 0.2185 (0.2612)  train_iou: 0.6228 (0.6591)  time: 1.0359  data: 0.0005  max mem: 31308
Epoch: [4]  [ 560/5625]  eta: 1:30:43  lr: 0.000009  train_loss: 0.2305 (0.2615)  train_iou: 0.6427 (0.6586)  time: 1.0347  data: 0.0005  max mem: 31308
Epoch: [4]  [ 580/5625]  eta: 1:30:15  lr: 0.000009  train_loss: 0.1742 (0.2595)  train_iou: 0.7120 (0.6597)  time: 1.0341  data: 0.0005  max mem: 31308
Epoch: [4]  [ 600/5625]  eta: 1:29:47  lr: 0.000009  train_loss: 0.2022 (0.2588)  train_iou: 0.6306 (0.6587)  time: 1.0357  data: 0.0005  max mem: 31308
Epoch: [4]  [ 620/5625]  eta: 1:29:20  lr: 0.000009  train_loss: 0.2310 (0.2587)  train_iou: 0.6827 (0.6590)  time: 1.0359  data: 0.0005  max mem: 31308
Epoch: [4]  [ 640/5625]  eta: 1:28:52  lr: 0.000009  train_loss: 0.2914 (0.2596)  train_iou: 0.6723 (0.6592)  time: 1.0304  data: 0.0005  max mem: 31308
Epoch: [4]  [ 660/5625]  eta: 1:28:25  lr: 0.000009  train_loss: 0.1878 (0.2592)  train_iou: 0.6807 (0.6589)  time: 1.0331  data: 0.0005  max mem: 31308
Epoch: [4]  [ 680/5625]  eta: 1:27:59  lr: 0.000009  train_loss: 0.1547 (0.2575)  train_iou: 0.6806 (0.6599)  time: 1.0358  data: 0.0005  max mem: 31308
Epoch: [4]  [ 700/5625]  eta: 1:27:33  lr: 0.000009  train_loss: 0.2487 (0.2597)  train_iou: 0.6160 (0.6595)  time: 1.0347  data: 0.0005  max mem: 31308
Epoch: [4]  [ 720/5625]  eta: 1:27:07  lr: 0.000009  train_loss: 0.2039 (0.2603)  train_iou: 0.6578 (0.6598)  time: 1.0356  data: 0.0005  max mem: 31308
Epoch: [4]  [ 740/5625]  eta: 1:26:42  lr: 0.000009  train_loss: 0.2461 (0.2600)  train_iou: 0.6196 (0.6593)  time: 1.0357  data: 0.0005  max mem: 31308
Epoch: [4]  [ 760/5625]  eta: 1:26:17  lr: 0.000009  train_loss: 0.1645 (0.2587)  train_iou: 0.6799 (0.6602)  time: 1.0372  data: 0.0005  max mem: 31308
Epoch: [4]  [ 780/5625]  eta: 1:25:53  lr: 0.000009  train_loss: 0.2374 (0.2599)  train_iou: 0.6007 (0.6591)  time: 1.0393  data: 0.0005  max mem: 31308
Epoch: [4]  [ 800/5625]  eta: 1:25:29  lr: 0.000009  train_loss: 0.2473 (0.2605)  train_iou: 0.6057 (0.6576)  time: 1.0384  data: 0.0005  max mem: 31308
Epoch: [4]  [ 820/5625]  eta: 1:25:05  lr: 0.000009  train_loss: 0.2098 (0.2604)  train_iou: 0.6106 (0.6563)  time: 1.0405  data: 0.0005  max mem: 31308
Epoch: [4]  [ 840/5625]  eta: 1:24:41  lr: 0.000009  train_loss: 0.2318 (0.2597)  train_iou: 0.6727 (0.6567)  time: 1.0403  data: 0.0005  max mem: 31308
Epoch: [4]  [ 860/5625]  eta: 1:24:17  lr: 0.000009  train_loss: 0.1676 (0.2594)  train_iou: 0.6350 (0.6565)  time: 1.0353  data: 0.0005  max mem: 31308
Epoch: [4]  [ 880/5625]  eta: 1:23:52  lr: 0.000009  train_loss: 0.2320 (0.2595)  train_iou: 0.7039 (0.6573)  time: 1.0317  data: 0.0005  max mem: 31308
Epoch: [4]  [ 900/5625]  eta: 1:23:28  lr: 0.000009  train_loss: 0.2075 (0.2592)  train_iou: 0.6876 (0.6566)  time: 1.0359  data: 0.0005  max mem: 31308
Epoch: [4]  [ 920/5625]  eta: 1:23:04  lr: 0.000009  train_loss: 0.1943 (0.2596)  train_iou: 0.6164 (0.6558)  time: 1.0298  data: 0.0005  max mem: 31308
Epoch: [4]  [ 940/5625]  eta: 1:22:41  lr: 0.000009  train_loss: 0.2044 (0.2597)  train_iou: 0.6683 (0.6556)  time: 1.0349  data: 0.0005  max mem: 31308
Epoch: [4]  [ 960/5625]  eta: 1:22:17  lr: 0.000009  train_loss: 0.2194 (0.2601)  train_iou: 0.6007 (0.6545)  time: 1.0358  data: 0.0005  max mem: 31308
Epoch: [4]  [ 980/5625]  eta: 1:21:54  lr: 0.000009  train_loss: 0.1886 (0.2602)  train_iou: 0.6518 (0.6543)  time: 1.0357  data: 0.0005  max mem: 31308
Epoch: [4]  [1000/5625]  eta: 1:21:30  lr: 0.000009  train_loss: 0.1772 (0.2590)  train_iou: 0.6742 (0.6547)  time: 1.0338  data: 0.0005  max mem: 31308
Epoch: [4]  [1020/5625]  eta: 1:21:07  lr: 0.000009  train_loss: 0.1746 (0.2585)  train_iou: 0.6630 (0.6553)  time: 1.0352  data: 0.0005  max mem: 31308
Epoch: [4]  [1040/5625]  eta: 1:20:45  lr: 0.000009  train_loss: 0.2336 (0.2583)  train_iou: 0.6423 (0.6551)  time: 1.0391  data: 0.0005  max mem: 31308
Epoch: [4]  [1060/5625]  eta: 1:20:21  lr: 0.000009  train_loss: 0.1532 (0.2576)  train_iou: 0.6627 (0.6556)  time: 1.0324  data: 0.0005  max mem: 31308
Epoch: [4]  [1080/5625]  eta: 1:19:58  lr: 0.000009  train_loss: 0.2493 (0.2577)  train_iou: 0.6428 (0.6557)  time: 1.0313  data: 0.0005  max mem: 31308
Epoch: [4]  [1100/5625]  eta: 1:19:35  lr: 0.000009  train_loss: 0.2787 (0.2582)  train_iou: 0.6761 (0.6558)  time: 1.0344  data: 0.0005  max mem: 31308
Epoch: [4]  [1120/5625]  eta: 1:19:23  lr: 0.000009  train_loss: 0.2645 (0.2588)  train_iou: 0.6172 (0.6549)  time: 1.1718  data: 0.0005  max mem: 31308
Epoch: [4]  [1140/5625]  eta: 1:19:00  lr: 0.000009  train_loss: 0.2055 (0.2586)  train_iou: 0.6387 (0.6549)  time: 1.0344  data: 0.0005  max mem: 31308
Epoch: [4]  [1160/5625]  eta: 1:18:37  lr: 0.000009  train_loss: 0.1875 (0.2584)  train_iou: 0.6510 (0.6550)  time: 1.0314  data: 0.0005  max mem: 31308
Epoch: [4]  [1180/5625]  eta: 1:18:14  lr: 0.000009  train_loss: 0.2269 (0.2584)  train_iou: 0.6931 (0.6554)  time: 1.0335  data: 0.0005  max mem: 31308
Epoch: [4]  [1200/5625]  eta: 1:17:52  lr: 0.000009  train_loss: 0.2187 (0.2582)  train_iou: 0.6670 (0.6555)  time: 1.0327  data: 0.0005  max mem: 31308
Epoch: [4]  [1220/5625]  eta: 1:17:29  lr: 0.000009  train_loss: 0.2349 (0.2587)  train_iou: 0.6626 (0.6553)  time: 1.0294  data: 0.0005  max mem: 31308
Epoch: [4]  [1240/5625]  eta: 1:17:06  lr: 0.000009  train_loss: 0.2467 (0.2586)  train_iou: 0.6537 (0.6553)  time: 1.0331  data: 0.0005  max mem: 31308
Epoch: [4]  [1260/5625]  eta: 1:16:43  lr: 0.000009  train_loss: 0.2302 (0.2584)  train_iou: 0.6581 (0.6555)  time: 1.0352  data: 0.0005  max mem: 31308
Epoch: [4]  [1280/5625]  eta: 1:16:21  lr: 0.000009  train_loss: 0.1624 (0.2579)  train_iou: 0.6271 (0.6553)  time: 1.0351  data: 0.0005  max mem: 31308
Epoch: [4]  [1300/5625]  eta: 1:15:58  lr: 0.000009  train_loss: 0.1836 (0.2575)  train_iou: 0.7376 (0.6566)  time: 1.0324  data: 0.0004  max mem: 31308
Epoch: [4]  [1320/5625]  eta: 1:15:36  lr: 0.000009  train_loss: 0.2492 (0.2578)  train_iou: 0.6850 (0.6573)  time: 1.0338  data: 0.0005  max mem: 31308
Epoch: [4]  [1340/5625]  eta: 1:15:14  lr: 0.000009  train_loss: 0.1726 (0.2573)  train_iou: 0.6457 (0.6576)  time: 1.0319  data: 0.0005  max mem: 31308
Epoch: [4]  [1360/5625]  eta: 1:14:51  lr: 0.000009  train_loss: 0.2294 (0.2572)  train_iou: 0.6669 (0.6574)  time: 1.0344  data: 0.0005  max mem: 31308
Epoch: [4]  [1380/5625]  eta: 1:14:29  lr: 0.000009  train_loss: 0.1990 (0.2570)  train_iou: 0.6550 (0.6579)  time: 1.0331  data: 0.0005  max mem: 31308
Epoch: [4]  [1400/5625]  eta: 1:14:07  lr: 0.000009  train_loss: 0.2519 (0.2568)  train_iou: 0.7152 (0.6580)  time: 1.0345  data: 0.0005  max mem: 31308
Epoch: [4]  [1420/5625]  eta: 1:13:45  lr: 0.000009  train_loss: 0.2319 (0.2570)  train_iou: 0.6860 (0.6586)  time: 1.0331  data: 0.0004  max mem: 31308
Epoch: [4]  [1440/5625]  eta: 1:13:22  lr: 0.000009  train_loss: 0.2728 (0.2572)  train_iou: 0.6634 (0.6586)  time: 1.0321  data: 0.0005  max mem: 31308
Epoch: [4]  [1460/5625]  eta: 1:13:00  lr: 0.000009  train_loss: 0.1590 (0.2566)  train_iou: 0.6789 (0.6588)  time: 1.0327  data: 0.0005  max mem: 31308
Epoch: [4]  [1480/5625]  eta: 1:12:38  lr: 0.000009  train_loss: 0.2616 (0.2567)  train_iou: 0.6603 (0.6589)  time: 1.0316  data: 0.0004  max mem: 31308
Epoch: [4]  [1500/5625]  eta: 1:12:16  lr: 0.000009  train_loss: 0.2242 (0.2566)  train_iou: 0.6270 (0.6586)  time: 1.0340  data: 0.0005  max mem: 31308
Epoch: [4]  [1520/5625]  eta: 1:11:54  lr: 0.000009  train_loss: 0.2489 (0.2569)  train_iou: 0.6852 (0.6585)  time: 1.0320  data: 0.0005  max mem: 31308
Epoch: [4]  [1540/5625]  eta: 1:11:32  lr: 0.000009  train_loss: 0.2162 (0.2569)  train_iou: 0.6833 (0.6587)  time: 1.0377  data: 0.0004  max mem: 31308
Epoch: [4]  [1560/5625]  eta: 1:11:10  lr: 0.000009  train_loss: 0.1786 (0.2569)  train_iou: 0.6420 (0.6588)  time: 1.0347  data: 0.0004  max mem: 31308
Epoch: [4]  [1580/5625]  eta: 1:10:49  lr: 0.000009  train_loss: 0.2178 (0.2568)  train_iou: 0.6768 (0.6590)  time: 1.0330  data: 0.0005  max mem: 31308
Epoch: [4]  [1600/5625]  eta: 1:10:27  lr: 0.000009  train_loss: 0.1982 (0.2565)  train_iou: 0.6232 (0.6588)  time: 1.0341  data: 0.0005  max mem: 31308
Epoch: [4]  [1620/5625]  eta: 1:10:05  lr: 0.000009  train_loss: 0.2217 (0.2570)  train_iou: 0.6113 (0.6583)  time: 1.0375  data: 0.0004  max mem: 31308
Epoch: [4]  [1640/5625]  eta: 1:09:43  lr: 0.000009  train_loss: 0.1928 (0.2568)  train_iou: 0.7347 (0.6589)  time: 1.0382  data: 0.0005  max mem: 31308
Epoch: [4]  [1660/5625]  eta: 1:09:22  lr: 0.000009  train_loss: 0.2309 (0.2570)  train_iou: 0.6601 (0.6590)  time: 1.0323  data: 0.0005  max mem: 31308
Epoch: [4]  [1680/5625]  eta: 1:09:00  lr: 0.000009  train_loss: 0.2467 (0.2573)  train_iou: 0.6698 (0.6589)  time: 1.0357  data: 0.0004  max mem: 31308
Epoch: [4]  [1700/5625]  eta: 1:08:38  lr: 0.000009  train_loss: 0.2200 (0.2575)  train_iou: 0.6476 (0.6585)  time: 1.0322  data: 0.0005  max mem: 31308
Epoch: [4]  [1720/5625]  eta: 1:08:17  lr: 0.000009  train_loss: 0.3249 (0.2582)  train_iou: 0.6309 (0.6581)  time: 1.0362  data: 0.0005  max mem: 31308
Epoch: [4]  [1740/5625]  eta: 1:07:55  lr: 0.000009  train_loss: 0.2180 (0.2583)  train_iou: 0.7195 (0.6584)  time: 1.0345  data: 0.0004  max mem: 31308
Epoch: [4]  [1760/5625]  eta: 1:07:33  lr: 0.000009  train_loss: 0.2304 (0.2585)  train_iou: 0.6638 (0.6587)  time: 1.0352  data: 0.0004  max mem: 31308
Epoch: [4]  [1780/5625]  eta: 1:07:12  lr: 0.000009  train_loss: 0.1623 (0.2579)  train_iou: 0.6461 (0.6584)  time: 1.0383  data: 0.0005  max mem: 31308
Epoch: [4]  [1800/5625]  eta: 1:06:50  lr: 0.000009  train_loss: 0.2227 (0.2576)  train_iou: 0.6601 (0.6586)  time: 1.0351  data: 0.0005  max mem: 31308
Epoch: [4]  [1820/5625]  eta: 1:06:29  lr: 0.000009  train_loss: 0.1999 (0.2577)  train_iou: 0.6636 (0.6589)  time: 1.0377  data: 0.0005  max mem: 31308
Epoch: [4]  [1840/5625]  eta: 1:06:07  lr: 0.000009  train_loss: 0.2443 (0.2581)  train_iou: 0.6947 (0.6589)  time: 1.0340  data: 0.0005  max mem: 31308
Epoch: [4]  [1860/5625]  eta: 1:05:46  lr: 0.000009  train_loss: 0.2451 (0.2585)  train_iou: 0.6137 (0.6586)  time: 1.0305  data: 0.0005  max mem: 31308
Epoch: [4]  [1880/5625]  eta: 1:05:24  lr: 0.000009  train_loss: 0.1812 (0.2585)  train_iou: 0.6399 (0.6585)  time: 1.0348  data: 0.0004  max mem: 31308
Epoch: [4]  [1900/5625]  eta: 1:05:03  lr: 0.000009  train_loss: 0.1721 (0.2580)  train_iou: 0.6591 (0.6587)  time: 1.0359  data: 0.0005  max mem: 31308
Epoch: [4]  [1920/5625]  eta: 1:04:41  lr: 0.000009  train_loss: 0.1914 (0.2576)  train_iou: 0.6340 (0.6586)  time: 1.0327  data: 0.0005  max mem: 31308
Epoch: [4]  [1940/5625]  eta: 1:04:20  lr: 0.000009  train_loss: 0.2119 (0.2578)  train_iou: 0.6257 (0.6586)  time: 1.0369  data: 0.0004  max mem: 31308
Epoch: [4]  [1960/5625]  eta: 1:03:59  lr: 0.000009  train_loss: 0.2757 (0.2585)  train_iou: 0.5538 (0.6579)  time: 1.0364  data: 0.0005  max mem: 31308
Epoch: [4]  [1980/5625]  eta: 1:03:37  lr: 0.000009  train_loss: 0.2104 (0.2585)  train_iou: 0.6775 (0.6582)  time: 1.0345  data: 0.0005  max mem: 31308
Epoch: [4]  [2000/5625]  eta: 1:03:16  lr: 0.000009  train_loss: 0.1745 (0.2581)  train_iou: 0.6720 (0.6583)  time: 1.0345  data: 0.0004  max mem: 31308
Epoch: [4]  [2020/5625]  eta: 1:02:54  lr: 0.000009  train_loss: 0.2735 (0.2589)  train_iou: 0.6865 (0.6584)  time: 1.0362  data: 0.0004  max mem: 31308
Epoch: [4]  [2040/5625]  eta: 1:02:33  lr: 0.000009  train_loss: 0.2137 (0.2588)  train_iou: 0.6754 (0.6585)  time: 1.0395  data: 0.0005  max mem: 31308
Epoch: [4]  [2060/5625]  eta: 1:02:12  lr: 0.000009  train_loss: 0.2109 (0.2590)  train_iou: 0.6621 (0.6585)  time: 1.0370  data: 0.0005  max mem: 31308
Epoch: [4]  [2080/5625]  eta: 1:01:50  lr: 0.000009  train_loss: 0.1868 (0.2586)  train_iou: 0.6785 (0.6585)  time: 1.0352  data: 0.0004  max mem: 31308
Epoch: [4]  [2100/5625]  eta: 1:01:29  lr: 0.000009  train_loss: 0.2174 (0.2590)  train_iou: 0.6594 (0.6583)  time: 1.0376  data: 0.0004  max mem: 31308
Epoch: [4]  [2120/5625]  eta: 1:01:08  lr: 0.000009  train_loss: 0.2317 (0.2590)  train_iou: 0.6693 (0.6586)  time: 1.0357  data: 0.0005  max mem: 31308
Epoch: [4]  [2140/5625]  eta: 1:00:47  lr: 0.000009  train_loss: 0.1586 (0.2587)  train_iou: 0.6229 (0.6585)  time: 1.0372  data: 0.0005  max mem: 31308
Epoch: [4]  [2160/5625]  eta: 1:00:26  lr: 0.000009  train_loss: 0.2057 (0.2586)  train_iou: 0.6902 (0.6586)  time: 1.0418  data: 0.0004  max mem: 31308
Epoch: [4]  [2180/5625]  eta: 1:00:04  lr: 0.000009  train_loss: 0.2028 (0.2585)  train_iou: 0.6646 (0.6588)  time: 1.0369  data: 0.0004  max mem: 31308
Epoch: [4]  [2200/5625]  eta: 0:59:43  lr: 0.000009  train_loss: 0.2296 (0.2585)  train_iou: 0.6694 (0.6587)  time: 1.0368  data: 0.0004  max mem: 31308
Epoch: [4]  [2220/5625]  eta: 0:59:22  lr: 0.000009  train_loss: 0.2184 (0.2585)  train_iou: 0.6477 (0.6586)  time: 1.0347  data: 0.0005  max mem: 31308
Epoch: [4]  [2240/5625]  eta: 0:59:01  lr: 0.000009  train_loss: 0.2228 (0.2582)  train_iou: 0.6984 (0.6590)  time: 1.0315  data: 0.0005  max mem: 31308
Epoch: [4]  [2260/5625]  eta: 0:58:39  lr: 0.000009  train_loss: 0.2718 (0.2586)  train_iou: 0.6447 (0.6591)  time: 1.0347  data: 0.0005  max mem: 31308
Epoch: [4]  [2280/5625]  eta: 0:58:18  lr: 0.000009  train_loss: 0.2109 (0.2585)  train_iou: 0.6984 (0.6592)  time: 1.0333  data: 0.0004  max mem: 31308
Epoch: [4]  [2300/5625]  eta: 0:57:57  lr: 0.000009  train_loss: 0.2485 (0.2586)  train_iou: 0.6526 (0.6592)  time: 1.0357  data: 0.0005  max mem: 31308
Epoch: [4]  [2320/5625]  eta: 0:57:36  lr: 0.000009  train_loss: 0.1872 (0.2586)  train_iou: 0.6946 (0.6595)  time: 1.0366  data: 0.0004  max mem: 31308
Epoch: [4]  [2340/5625]  eta: 0:57:14  lr: 0.000009  train_loss: 0.2098 (0.2587)  train_iou: 0.6800 (0.6596)  time: 1.0346  data: 0.0004  max mem: 31308
Epoch: [4]  [2360/5625]  eta: 0:56:53  lr: 0.000009  train_loss: 0.1668 (0.2584)  train_iou: 0.7139 (0.6600)  time: 1.0389  data: 0.0005  max mem: 31308
Epoch: [4]  [2380/5625]  eta: 0:56:32  lr: 0.000009  train_loss: 0.2147 (0.2583)  train_iou: 0.7294 (0.6604)  time: 1.0352  data: 0.0005  max mem: 31308
Epoch: [4]  [2400/5625]  eta: 0:56:11  lr: 0.000009  train_loss: 0.2018 (0.2580)  train_iou: 0.6815 (0.6607)  time: 1.0358  data: 0.0004  max mem: 31308
Epoch: [4]  [2420/5625]  eta: 0:55:50  lr: 0.000009  train_loss: 0.2779 (0.2583)  train_iou: 0.6866 (0.6608)  time: 1.0390  data: 0.0005  max mem: 31308
Epoch: [4]  [2440/5625]  eta: 0:55:29  lr: 0.000009  train_loss: 0.2295 (0.2584)  train_iou: 0.6324 (0.6607)  time: 1.0337  data: 0.0005  max mem: 31308
Epoch: [4]  [2460/5625]  eta: 0:55:11  lr: 0.000009  train_loss: 0.2066 (0.2582)  train_iou: 0.6717 (0.6608)  time: 1.1553  data: 0.0005  max mem: 31308
Epoch: [4]  [2480/5625]  eta: 0:54:49  lr: 0.000009  train_loss: 0.1515 (0.2578)  train_iou: 0.6436 (0.6607)  time: 1.0355  data: 0.0004  max mem: 31308
Epoch: [4]  [2500/5625]  eta: 0:54:28  lr: 0.000009  train_loss: 0.2301 (0.2579)  train_iou: 0.6902 (0.6608)  time: 1.0381  data: 0.0004  max mem: 31308
Epoch: [4]  [2520/5625]  eta: 0:54:07  lr: 0.000009  train_loss: 0.2056 (0.2578)  train_iou: 0.6576 (0.6609)  time: 1.0360  data: 0.0004  max mem: 31308
Epoch: [4]  [2540/5625]  eta: 0:53:46  lr: 0.000009  train_loss: 0.2722 (0.2581)  train_iou: 0.6060 (0.6607)  time: 1.0380  data: 0.0004  max mem: 31308
Epoch: [4]  [2560/5625]  eta: 0:53:25  lr: 0.000009  train_loss: 0.2000 (0.2579)  train_iou: 0.6727 (0.6609)  time: 1.0340  data: 0.0004  max mem: 31308
Epoch: [4]  [2580/5625]  eta: 0:53:04  lr: 0.000009  train_loss: 0.2218 (0.2580)  train_iou: 0.6482 (0.6608)  time: 1.0383  data: 0.0005  max mem: 31308
Epoch: [4]  [2600/5625]  eta: 0:52:42  lr: 0.000009  train_loss: 0.1968 (0.2578)  train_iou: 0.6720 (0.6610)  time: 1.0336  data: 0.0005  max mem: 31308
Epoch: [4]  [2620/5625]  eta: 0:52:21  lr: 0.000009  train_loss: 0.2883 (0.2581)  train_iou: 0.5979 (0.6607)  time: 1.0324  data: 0.0004  max mem: 31308
Epoch: [4]  [2640/5625]  eta: 0:52:00  lr: 0.000009  train_loss: 0.1868 (0.2578)  train_iou: 0.7062 (0.6610)  time: 1.0356  data: 0.0005  max mem: 31308
Epoch: [4]  [2660/5625]  eta: 0:51:39  lr: 0.000009  train_loss: 0.2027 (0.2577)  train_iou: 0.6857 (0.6614)  time: 1.0338  data: 0.0005  max mem: 31308
Epoch: [4]  [2680/5625]  eta: 0:51:18  lr: 0.000009  train_loss: 0.2243 (0.2575)  train_iou: 0.6617 (0.6613)  time: 1.0345  data: 0.0004  max mem: 31308
Epoch: [4]  [2700/5625]  eta: 0:50:57  lr: 0.000009  train_loss: 0.1904 (0.2574)  train_iou: 0.6073 (0.6609)  time: 1.0339  data: 0.0005  max mem: 31308
Epoch: [4]  [2720/5625]  eta: 0:50:36  lr: 0.000009  train_loss: 0.2394 (0.2574)  train_iou: 0.6358 (0.6608)  time: 1.0395  data: 0.0005  max mem: 31308
Epoch: [4]  [2740/5625]  eta: 0:50:14  lr: 0.000009  train_loss: 0.3273 (0.2578)  train_iou: 0.6525 (0.6606)  time: 1.0318  data: 0.0004  max mem: 31308
Epoch: [4]  [2760/5625]  eta: 0:49:53  lr: 0.000009  train_loss: 0.2093 (0.2577)  train_iou: 0.5875 (0.6601)  time: 1.0322  data: 0.0004  max mem: 31308
Epoch: [4]  [2780/5625]  eta: 0:49:32  lr: 0.000009  train_loss: 0.1877 (0.2576)  train_iou: 0.6415 (0.6599)  time: 1.0328  data: 0.0005  max mem: 31308
Epoch: [4]  [2800/5625]  eta: 0:49:11  lr: 0.000009  train_loss: 0.1754 (0.2572)  train_iou: 0.6664 (0.6599)  time: 1.0348  data: 0.0005  max mem: 31308
Epoch: [4]  [2820/5625]  eta: 0:48:50  lr: 0.000009  train_loss: 0.1923 (0.2570)  train_iou: 0.5847 (0.6597)  time: 1.0321  data: 0.0004  max mem: 31308
Epoch: [4]  [2840/5625]  eta: 0:48:29  lr: 0.000009  train_loss: 0.3139 (0.2578)  train_iou: 0.6144 (0.6593)  time: 1.0349  data: 0.0005  max mem: 31308
Epoch: [4]  [2860/5625]  eta: 0:48:08  lr: 0.000009  train_loss: 0.2060 (0.2580)  train_iou: 0.6897 (0.6593)  time: 1.0337  data: 0.0005  max mem: 31308
Epoch: [4]  [2880/5625]  eta: 0:47:47  lr: 0.000009  train_loss: 0.2220 (0.2579)  train_iou: 0.6503 (0.6592)  time: 1.0307  data: 0.0004  max mem: 31308
Epoch: [4]  [2900/5625]  eta: 0:47:25  lr: 0.000009  train_loss: 0.2247 (0.2577)  train_iou: 0.6654 (0.6592)  time: 1.0345  data: 0.0005  max mem: 31308
Epoch: [4]  [2920/5625]  eta: 0:47:04  lr: 0.000009  train_loss: 0.1635 (0.2575)  train_iou: 0.6919 (0.6595)  time: 1.0328  data: 0.0005  max mem: 31308
Epoch: [4]  [2940/5625]  eta: 0:46:43  lr: 0.000009  train_loss: 0.2044 (0.2572)  train_iou: 0.6839 (0.6597)  time: 1.0315  data: 0.0004  max mem: 31308
Epoch: [4]  [2960/5625]  eta: 0:46:22  lr: 0.000009  train_loss: 0.2154 (0.2572)  train_iou: 0.6260 (0.6595)  time: 1.0326  data: 0.0005  max mem: 31308
Epoch: [4]  [2980/5625]  eta: 0:46:01  lr: 0.000009  train_loss: 0.1999 (0.2570)  train_iou: 0.6511 (0.6594)  time: 1.0299  data: 0.0005  max mem: 31308
Epoch: [4]  [3000/5625]  eta: 0:45:40  lr: 0.000009  train_loss: 0.1704 (0.2568)  train_iou: 0.6304 (0.6594)  time: 1.0343  data: 0.0004  max mem: 31308
Epoch: [4]  [3020/5625]  eta: 0:45:19  lr: 0.000009  train_loss: 0.1959 (0.2566)  train_iou: 0.6346 (0.6594)  time: 1.0299  data: 0.0004  max mem: 31308
Epoch: [4]  [3040/5625]  eta: 0:44:58  lr: 0.000009  train_loss: 0.2744 (0.2568)  train_iou: 0.6101 (0.6591)  time: 1.0318  data: 0.0005  max mem: 31308
Epoch: [4]  [3060/5625]  eta: 0:44:37  lr: 0.000009  train_loss: 0.2142 (0.2566)  train_iou: 0.6654 (0.6592)  time: 1.0335  data: 0.0004  max mem: 31308
Epoch: [4]  [3080/5625]  eta: 0:44:16  lr: 0.000009  train_loss: 0.2150 (0.2568)  train_iou: 0.7156 (0.6595)  time: 1.0342  data: 0.0004  max mem: 31308
Epoch: [4]  [3100/5625]  eta: 0:43:55  lr: 0.000009  train_loss: 0.2211 (0.2568)  train_iou: 0.6706 (0.6594)  time: 1.0348  data: 0.0005  max mem: 31308
Epoch: [4]  [3120/5625]  eta: 0:43:34  lr: 0.000009  train_loss: 0.2530 (0.2572)  train_iou: 0.6278 (0.6594)  time: 1.0330  data: 0.0005  max mem: 31308
Epoch: [4]  [3140/5625]  eta: 0:43:13  lr: 0.000009  train_loss: 0.2447 (0.2575)  train_iou: 0.6240 (0.6593)  time: 1.0367  data: 0.0004  max mem: 31308
Epoch: [4]  [3160/5625]  eta: 0:42:52  lr: 0.000009  train_loss: 0.2201 (0.2573)  train_iou: 0.7298 (0.6595)  time: 1.0354  data: 0.0005  max mem: 31308
Epoch: [4]  [3180/5625]  eta: 0:42:31  lr: 0.000009  train_loss: 0.1568 (0.2570)  train_iou: 0.6406 (0.6594)  time: 1.0356  data: 0.0005  max mem: 31308
Epoch: [4]  [3200/5625]  eta: 0:42:10  lr: 0.000009  train_loss: 0.3132 (0.2572)  train_iou: 0.6731 (0.6595)  time: 1.0353  data: 0.0004  max mem: 31308
Epoch: [4]  [3220/5625]  eta: 0:41:49  lr: 0.000009  train_loss: 0.1913 (0.2571)  train_iou: 0.6278 (0.6593)  time: 1.0343  data: 0.0004  max mem: 31308
Epoch: [4]  [3240/5625]  eta: 0:41:28  lr: 0.000009  train_loss: 0.1638 (0.2570)  train_iou: 0.6734 (0.6593)  time: 1.0312  data: 0.0005  max mem: 31308
Epoch: [4]  [3260/5625]  eta: 0:41:07  lr: 0.000009  train_loss: 0.2049 (0.2570)  train_iou: 0.6275 (0.6592)  time: 1.0349  data: 0.0004  max mem: 31308
Epoch: [4]  [3280/5625]  eta: 0:40:46  lr: 0.000009  train_loss: 0.2186 (0.2570)  train_iou: 0.6167 (0.6590)  time: 1.0359  data: 0.0004  max mem: 31308
Epoch: [4]  [3300/5625]  eta: 0:40:25  lr: 0.000009  train_loss: 0.1608 (0.2566)  train_iou: 0.7580 (0.6593)  time: 1.0364  data: 0.0005  max mem: 31308
Epoch: [4]  [3320/5625]  eta: 0:40:04  lr: 0.000009  train_loss: 0.2124 (0.2567)  train_iou: 0.6602 (0.6594)  time: 1.0350  data: 0.0005  max mem: 31308
Epoch: [4]  [3340/5625]  eta: 0:39:43  lr: 0.000009  train_loss: 0.1772 (0.2564)  train_iou: 0.6728 (0.6595)  time: 1.0338  data: 0.0004  max mem: 31308
Epoch: [4]  [3360/5625]  eta: 0:39:22  lr: 0.000009  train_loss: 0.2531 (0.2564)  train_iou: 0.7125 (0.6596)  time: 1.0369  data: 0.0004  max mem: 31308
Epoch: [4]  [3380/5625]  eta: 0:39:01  lr: 0.000009  train_loss: 0.2030 (0.2563)  train_iou: 0.6476 (0.6596)  time: 1.0353  data: 0.0005  max mem: 31308
Epoch: [4]  [3400/5625]  eta: 0:38:40  lr: 0.000009  train_loss: 0.2193 (0.2562)  train_iou: 0.6818 (0.6598)  time: 1.0311  data: 0.0004  max mem: 31308
Epoch: [4]  [3420/5625]  eta: 0:38:19  lr: 0.000009  train_loss: 0.1881 (0.2561)  train_iou: 0.7083 (0.6601)  time: 1.0324  data: 0.0004  max mem: 31308
Epoch: [4]  [3440/5625]  eta: 0:37:58  lr: 0.000009  train_loss: 0.1923 (0.2560)  train_iou: 0.6642 (0.6600)  time: 1.0369  data: 0.0005  max mem: 31308
Epoch: [4]  [3460/5625]  eta: 0:37:37  lr: 0.000009  train_loss: 0.3109 (0.2562)  train_iou: 0.6770 (0.6601)  time: 1.0363  data: 0.0005  max mem: 31308
Epoch: [4]  [3480/5625]  eta: 0:37:16  lr: 0.000009  train_loss: 0.2604 (0.2562)  train_iou: 0.6466 (0.6600)  time: 1.0321  data: 0.0004  max mem: 31308
Epoch: [4]  [3500/5625]  eta: 0:36:55  lr: 0.000009  train_loss: 0.2191 (0.2562)  train_iou: 0.6397 (0.6599)  time: 1.0345  data: 0.0004  max mem: 31308
Epoch: [4]  [3520/5625]  eta: 0:36:34  lr: 0.000009  train_loss: 0.2109 (0.2561)  train_iou: 0.6169 (0.6599)  time: 1.0352  data: 0.0005  max mem: 31308
Epoch: [4]  [3540/5625]  eta: 0:36:13  lr: 0.000009  train_loss: 0.2207 (0.2561)  train_iou: 0.6348 (0.6598)  time: 1.0333  data: 0.0004  max mem: 31308
Epoch: [4]  [3560/5625]  eta: 0:35:52  lr: 0.000009  train_loss: 0.2332 (0.2562)  train_iou: 0.6329 (0.6597)  time: 1.0365  data: 0.0004  max mem: 31308
Epoch: [4]  [3580/5625]  eta: 0:35:31  lr: 0.000009  train_loss: 0.1693 (0.2561)  train_iou: 0.7200 (0.6597)  time: 1.0391  data: 0.0005  max mem: 31308
Epoch: [4]  [3600/5625]  eta: 0:35:10  lr: 0.000009  train_loss: 0.1942 (0.2559)  train_iou: 0.6249 (0.6596)  time: 1.0332  data: 0.0004  max mem: 31308
Epoch: [4]  [3620/5625]  eta: 0:34:49  lr: 0.000009  train_loss: 0.2547 (0.2562)  train_iou: 0.6457 (0.6594)  time: 1.0327  data: 0.0004  max mem: 31308
Epoch: [4]  [3640/5625]  eta: 0:34:28  lr: 0.000009  train_loss: 0.2062 (0.2560)  train_iou: 0.6355 (0.6593)  time: 1.0365  data: 0.0005  max mem: 31308
Epoch: [4]  [3660/5625]  eta: 0:34:08  lr: 0.000009  train_loss: 0.2236 (0.2561)  train_iou: 0.6332 (0.6592)  time: 1.0336  data: 0.0004  max mem: 31308
Epoch: [4]  [3680/5625]  eta: 0:33:47  lr: 0.000009  train_loss: 0.2527 (0.2561)  train_iou: 0.6421 (0.6593)  time: 1.0351  data: 0.0004  max mem: 31308
Epoch: [4]  [3700/5625]  eta: 0:33:26  lr: 0.000009  train_loss: 0.1839 (0.2559)  train_iou: 0.6476 (0.6592)  time: 1.0342  data: 0.0005  max mem: 31308
Epoch: [4]  [3720/5625]  eta: 0:33:05  lr: 0.000009  train_loss: 0.2015 (0.2560)  train_iou: 0.6460 (0.6592)  time: 1.0349  data: 0.0004  max mem: 31308
Epoch: [4]  [3740/5625]  eta: 0:32:44  lr: 0.000009  train_loss: 0.2606 (0.2559)  train_iou: 0.6355 (0.6590)  time: 1.0357  data: 0.0005  max mem: 31308
Epoch: [4]  [3760/5625]  eta: 0:32:23  lr: 0.000009  train_loss: 0.2159 (0.2561)  train_iou: 0.6465 (0.6590)  time: 1.0325  data: 0.0005  max mem: 31308
Epoch: [4]  [3780/5625]  eta: 0:32:02  lr: 0.000009  train_loss: 0.2454 (0.2560)  train_iou: 0.5969 (0.6587)  time: 1.0356  data: 0.0005  max mem: 31308
Epoch: [4]  [3800/5625]  eta: 0:31:42  lr: 0.000009  train_loss: 0.1476 (0.2560)  train_iou: 0.6434 (0.6585)  time: 1.1560  data: 0.0004  max mem: 31308
Epoch: [4]  [3820/5625]  eta: 0:31:21  lr: 0.000009  train_loss: 0.2481 (0.2560)  train_iou: 0.6094 (0.6583)  time: 1.0355  data: 0.0004  max mem: 31308
Epoch: [4]  [3840/5625]  eta: 0:31:00  lr: 0.000009  train_loss: 0.2809 (0.2560)  train_iou: 0.6180 (0.6582)  time: 1.0325  data: 0.0004  max mem: 31308
Epoch: [4]  [3860/5625]  eta: 0:30:40  lr: 0.000009  train_loss: 0.1738 (0.2559)  train_iou: 0.5637 (0.6579)  time: 1.0368  data: 0.0005  max mem: 31308
Epoch: [4]  [3880/5625]  eta: 0:30:19  lr: 0.000009  train_loss: 0.2143 (0.2558)  train_iou: 0.6685 (0.6580)  time: 1.0341  data: 0.0004  max mem: 31308
Epoch: [4]  [3900/5625]  eta: 0:29:58  lr: 0.000009  train_loss: 0.2010 (0.2558)  train_iou: 0.6896 (0.6582)  time: 1.0313  data: 0.0004  max mem: 31308
Epoch: [4]  [3920/5625]  eta: 0:29:37  lr: 0.000009  train_loss: 0.1513 (0.2556)  train_iou: 0.6422 (0.6581)  time: 1.0347  data: 0.0004  max mem: 31308
Epoch: [4]  [3940/5625]  eta: 0:29:16  lr: 0.000009  train_loss: 0.2982 (0.2560)  train_iou: 0.6520 (0.6581)  time: 1.0356  data: 0.0005  max mem: 31308
Epoch: [4]  [3960/5625]  eta: 0:28:55  lr: 0.000009  train_loss: 0.1994 (0.2558)  train_iou: 0.7822 (0.6586)  time: 1.0365  data: 0.0004  max mem: 31308
Epoch: [4]  [3980/5625]  eta: 0:28:34  lr: 0.000009  train_loss: 0.2544 (0.2560)  train_iou: 0.6374 (0.6585)  time: 1.0340  data: 0.0004  max mem: 31308
Epoch: [4]  [4000/5625]  eta: 0:28:13  lr: 0.000009  train_loss: 0.2308 (0.2560)  train_iou: 0.5569 (0.6582)  time: 1.0357  data: 0.0005  max mem: 31308
Epoch: [4]  [4020/5625]  eta: 0:27:52  lr: 0.000009  train_loss: 0.2142 (0.2559)  train_iou: 0.6372 (0.6581)  time: 1.0320  data: 0.0004  max mem: 31308
Epoch: [4]  [4040/5625]  eta: 0:27:31  lr: 0.000009  train_loss: 0.2152 (0.2558)  train_iou: 0.6614 (0.6583)  time: 1.0301  data: 0.0004  max mem: 31308
Epoch: [4]  [4060/5625]  eta: 0:27:10  lr: 0.000009  train_loss: 0.2468 (0.2558)  train_iou: 0.6265 (0.6582)  time: 1.0362  data: 0.0005  max mem: 31308
Epoch: [4]  [4080/5625]  eta: 0:26:49  lr: 0.000009  train_loss: 0.1392 (0.2558)  train_iou: 0.6909 (0.6585)  time: 1.0365  data: 0.0004  max mem: 31308
Epoch: [4]  [4100/5625]  eta: 0:26:29  lr: 0.000009  train_loss: 0.1977 (0.2557)  train_iou: 0.7273 (0.6588)  time: 1.0343  data: 0.0004  max mem: 31308
Epoch: [4]  [4120/5625]  eta: 0:26:08  lr: 0.000009  train_loss: 0.2205 (0.2557)  train_iou: 0.6724 (0.6589)  time: 1.0351  data: 0.0004  max mem: 31308
Epoch: [4]  [4140/5625]  eta: 0:25:47  lr: 0.000009  train_loss: 0.1660 (0.2555)  train_iou: 0.6851 (0.6591)  time: 1.0354  data: 0.0005  max mem: 31308
Epoch: [4]  [4160/5625]  eta: 0:25:26  lr: 0.000009  train_loss: 0.1495 (0.2554)  train_iou: 0.6970 (0.6592)  time: 1.0354  data: 0.0004  max mem: 31308
Epoch: [4]  [4180/5625]  eta: 0:25:05  lr: 0.000009  train_loss: 0.2814 (0.2555)  train_iou: 0.6789 (0.6593)  time: 1.0341  data: 0.0004  max mem: 31308
Epoch: [4]  [4200/5625]  eta: 0:24:44  lr: 0.000009  train_loss: 0.2035 (0.2555)  train_iou: 0.6440 (0.6592)  time: 1.0345  data: 0.0005  max mem: 31308
Epoch: [4]  [4220/5625]  eta: 0:24:23  lr: 0.000009  train_loss: 0.2220 (0.2554)  train_iou: 0.6985 (0.6593)  time: 1.0350  data: 0.0005  max mem: 31308
Epoch: [4]  [4240/5625]  eta: 0:24:02  lr: 0.000009  train_loss: 0.1970 (0.2554)  train_iou: 0.7114 (0.6593)  time: 1.0341  data: 0.0004  max mem: 31308
Epoch: [4]  [4260/5625]  eta: 0:23:41  lr: 0.000009  train_loss: 0.2518 (0.2554)  train_iou: 0.6615 (0.6594)  time: 1.0326  data: 0.0005  max mem: 31308
Epoch: [4]  [4280/5625]  eta: 0:23:21  lr: 0.000009  train_loss: 0.2593 (0.2556)  train_iou: 0.6727 (0.6593)  time: 1.0405  data: 0.0005  max mem: 31308
Epoch: [4]  [4300/5625]  eta: 0:23:00  lr: 0.000009  train_loss: 0.2276 (0.2556)  train_iou: 0.6654 (0.6594)  time: 1.0344  data: 0.0004  max mem: 31308
Epoch: [4]  [4320/5625]  eta: 0:22:39  lr: 0.000009  train_loss: 0.1867 (0.2555)  train_iou: 0.6894 (0.6596)  time: 1.0355  data: 0.0004  max mem: 31308
Epoch: [4]  [4340/5625]  eta: 0:22:18  lr: 0.000009  train_loss: 0.1936 (0.2554)  train_iou: 0.6351 (0.6595)  time: 1.0339  data: 0.0004  max mem: 31308
Epoch: [4]  [4360/5625]  eta: 0:21:57  lr: 0.000009  train_loss: 0.1591 (0.2553)  train_iou: 0.7354 (0.6599)  time: 1.0335  data: 0.0004  max mem: 31308
Epoch: [4]  [4380/5625]  eta: 0:21:36  lr: 0.000009  train_loss: 0.2709 (0.2555)  train_iou: 0.6329 (0.6597)  time: 1.0339  data: 0.0004  max mem: 31308
Epoch: [4]  [4400/5625]  eta: 0:21:15  lr: 0.000009  train_loss: 0.1769 (0.2553)  train_iou: 0.6200 (0.6596)  time: 1.0323  data: 0.0004  max mem: 31308
Epoch: [4]  [4420/5625]  eta: 0:20:54  lr: 0.000009  train_loss: 0.1990 (0.2551)  train_iou: 0.7077 (0.6598)  time: 1.0336  data: 0.0005  max mem: 31308
Epoch: [4]  [4440/5625]  eta: 0:20:34  lr: 0.000009  train_loss: 0.2152 (0.2550)  train_iou: 0.6561 (0.6597)  time: 1.0297  data: 0.0005  max mem: 31308
Epoch: [4]  [4460/5625]  eta: 0:20:13  lr: 0.000009  train_loss: 0.1820 (0.2548)  train_iou: 0.6613 (0.6597)  time: 1.0352  data: 0.0004  max mem: 31308
Epoch: [4]  [4480/5625]  eta: 0:19:52  lr: 0.000009  train_loss: 0.1587 (0.2546)  train_iou: 0.6633 (0.6596)  time: 1.0397  data: 0.0005  max mem: 31308
Epoch: [4]  [4500/5625]  eta: 0:19:31  lr: 0.000009  train_loss: 0.3023 (0.2548)  train_iou: 0.7252 (0.6598)  time: 1.0369  data: 0.0005  max mem: 31308
Epoch: [4]  [4520/5625]  eta: 0:19:10  lr: 0.000009  train_loss: 0.1545 (0.2545)  train_iou: 0.6963 (0.6600)  time: 1.0345  data: 0.0004  max mem: 31308
Epoch: [4]  [4540/5625]  eta: 0:18:49  lr: 0.000009  train_loss: 0.2180 (0.2544)  train_iou: 0.6644 (0.6599)  time: 1.0371  data: 0.0004  max mem: 31308
Epoch: [4]  [4560/5625]  eta: 0:18:29  lr: 0.000009  train_loss: 0.1561 (0.2542)  train_iou: 0.7074 (0.6602)  time: 1.0389  data: 0.0004  max mem: 31308
Epoch: [4]  [4580/5625]  eta: 0:18:08  lr: 0.000009  train_loss: 0.1630 (0.2540)  train_iou: 0.6517 (0.6602)  time: 1.0357  data: 0.0004  max mem: 31308
Epoch: [4]  [4600/5625]  eta: 0:17:47  lr: 0.000009  train_loss: 0.2067 (0.2540)  train_iou: 0.6392 (0.6601)  time: 1.0330  data: 0.0004  max mem: 31308
Epoch: [4]  [4620/5625]  eta: 0:17:26  lr: 0.000009  train_loss: 0.1870 (0.2542)  train_iou: 0.7112 (0.6604)  time: 1.0381  data: 0.0004  max mem: 31308
Epoch: [4]  [4640/5625]  eta: 0:17:05  lr: 0.000009  train_loss: 0.2164 (0.2542)  train_iou: 0.5927 (0.6601)  time: 1.0349  data: 0.0004  max mem: 31308
Epoch: [4]  [4660/5625]  eta: 0:16:44  lr: 0.000009  train_loss: 0.2095 (0.2542)  train_iou: 0.6628 (0.6602)  time: 1.0371  data: 0.0004  max mem: 31308
Epoch: [4]  [4680/5625]  eta: 0:16:23  lr: 0.000009  train_loss: 0.1950 (0.2541)  train_iou: 0.6497 (0.6602)  time: 1.0391  data: 0.0004  max mem: 31308
Epoch: [4]  [4700/5625]  eta: 0:16:03  lr: 0.000009  train_loss: 0.2837 (0.2542)  train_iou: 0.6725 (0.6600)  time: 1.0383  data: 0.0005  max mem: 31308
Epoch: [4]  [4720/5625]  eta: 0:15:42  lr: 0.000009  train_loss: 0.1945 (0.2540)  train_iou: 0.6672 (0.6601)  time: 1.0389  data: 0.0004  max mem: 31308
Epoch: [4]  [4740/5625]  eta: 0:15:21  lr: 0.000009  train_loss: 0.2669 (0.2541)  train_iou: 0.6555 (0.6600)  time: 1.0390  data: 0.0004  max mem: 31308
Epoch: [4]  [4760/5625]  eta: 0:15:00  lr: 0.000009  train_loss: 0.2196 (0.2541)  train_iou: 0.6808 (0.6600)  time: 1.0364  data: 0.0005  max mem: 31308
Epoch: [4]  [4780/5625]  eta: 0:14:39  lr: 0.000009  train_loss: 0.2499 (0.2542)  train_iou: 0.6291 (0.6600)  time: 1.0340  data: 0.0004  max mem: 31308
Epoch: [4]  [4800/5625]  eta: 0:14:18  lr: 0.000009  train_loss: 0.2645 (0.2543)  train_iou: 0.6407 (0.6599)  time: 1.0329  data: 0.0004  max mem: 31308
Epoch: [4]  [4820/5625]  eta: 0:13:58  lr: 0.000009  train_loss: 0.2187 (0.2543)  train_iou: 0.6329 (0.6599)  time: 1.0389  data: 0.0005  max mem: 31308
Epoch: [4]  [4840/5625]  eta: 0:13:37  lr: 0.000009  train_loss: 0.1756 (0.2542)  train_iou: 0.6030 (0.6598)  time: 1.0364  data: 0.0005  max mem: 31308
Epoch: [4]  [4860/5625]  eta: 0:13:16  lr: 0.000009  train_loss: 0.2155 (0.2541)  train_iou: 0.6161 (0.6597)  time: 1.0377  data: 0.0004  max mem: 31308
Epoch: [4]  [4880/5625]  eta: 0:12:55  lr: 0.000009  train_loss: 0.1764 (0.2541)  train_iou: 0.6316 (0.6596)  time: 1.0361  data: 0.0004  max mem: 31308
Epoch: [4]  [4900/5625]  eta: 0:12:34  lr: 0.000009  train_loss: 0.2991 (0.2543)  train_iou: 0.6612 (0.6595)  time: 1.0362  data: 0.0004  max mem: 31308
Epoch: [4]  [4920/5625]  eta: 0:12:13  lr: 0.000009  train_loss: 0.1996 (0.2543)  train_iou: 0.6193 (0.6595)  time: 1.0354  data: 0.0004  max mem: 31308
Epoch: [4]  [4940/5625]  eta: 0:11:53  lr: 0.000009  train_loss: 0.1588 (0.2542)  train_iou: 0.6001 (0.6594)  time: 1.0386  data: 0.0004  max mem: 31308
Epoch: [4]  [4960/5625]  eta: 0:11:32  lr: 0.000009  train_loss: 0.2323 (0.2543)  train_iou: 0.6883 (0.6594)  time: 1.0332  data: 0.0004  max mem: 31308
Epoch: [4]  [4980/5625]  eta: 0:11:11  lr: 0.000009  train_loss: 0.2459 (0.2543)  train_iou: 0.6456 (0.6592)  time: 1.0370  data: 0.0005  max mem: 31308
Epoch: [4]  [5000/5625]  eta: 0:10:50  lr: 0.000009  train_loss: 0.2081 (0.2543)  train_iou: 0.6577 (0.6592)  time: 1.0372  data: 0.0004  max mem: 31308
Epoch: [4]  [5020/5625]  eta: 0:10:29  lr: 0.000009  train_loss: 0.1867 (0.2541)  train_iou: 0.7071 (0.6594)  time: 1.0307  data: 0.0004  max mem: 31308
Epoch: [4]  [5040/5625]  eta: 0:10:08  lr: 0.000009  train_loss: 0.2193 (0.2543)  train_iou: 0.6331 (0.6592)  time: 1.0347  data: 0.0005  max mem: 31308
Epoch: [4]  [5060/5625]  eta: 0:09:48  lr: 0.000009  train_loss: 0.2182 (0.2541)  train_iou: 0.5844 (0.6591)  time: 1.0324  data: 0.0004  max mem: 31308
Epoch: [4]  [5080/5625]  eta: 0:09:27  lr: 0.000009  train_loss: 0.1662 (0.2540)  train_iou: 0.6573 (0.6590)  time: 1.0360  data: 0.0004  max mem: 31308
Epoch: [4]  [5100/5625]  eta: 0:09:06  lr: 0.000009  train_loss: 0.2042 (0.2541)  train_iou: 0.6604 (0.6589)  time: 1.0377  data: 0.0004  max mem: 31308
Epoch: [4]  [5120/5625]  eta: 0:08:45  lr: 0.000009  train_loss: 0.2003 (0.2542)  train_iou: 0.6338 (0.6588)  time: 1.1573  data: 0.0004  max mem: 31308
Epoch: [4]  [5140/5625]  eta: 0:08:24  lr: 0.000009  train_loss: 0.2481 (0.2542)  train_iou: 0.6321 (0.6587)  time: 1.0384  data: 0.0004  max mem: 31308
Epoch: [4]  [5160/5625]  eta: 0:08:04  lr: 0.000009  train_loss: 0.2498 (0.2544)  train_iou: 0.6803 (0.6588)  time: 1.0348  data: 0.0004  max mem: 31308
Epoch: [4]  [5180/5625]  eta: 0:07:43  lr: 0.000009  train_loss: 0.1799 (0.2543)  train_iou: 0.6577 (0.6588)  time: 1.0381  data: 0.0004  max mem: 31308
Epoch: [4]  [5200/5625]  eta: 0:07:22  lr: 0.000009  train_loss: 0.1776 (0.2542)  train_iou: 0.7007 (0.6588)  time: 1.0366  data: 0.0004  max mem: 31308
Epoch: [4]  [5220/5625]  eta: 0:07:01  lr: 0.000009  train_loss: 0.2223 (0.2542)  train_iou: 0.7172 (0.6590)  time: 1.0350  data: 0.0005  max mem: 31308
Epoch: [4]  [5240/5625]  eta: 0:06:40  lr: 0.000009  train_loss: 0.1601 (0.2540)  train_iou: 0.6840 (0.6591)  time: 1.0400  data: 0.0004  max mem: 31308
Epoch: [4]  [5260/5625]  eta: 0:06:20  lr: 0.000009  train_loss: 0.1630 (0.2538)  train_iou: 0.7638 (0.6593)  time: 1.0392  data: 0.0005  max mem: 31308
Epoch: [4]  [5280/5625]  eta: 0:05:59  lr: 0.000009  train_loss: 0.1811 (0.2537)  train_iou: 0.6331 (0.6592)  time: 1.0369  data: 0.0005  max mem: 31308
Epoch: [4]  [5300/5625]  eta: 0:05:38  lr: 0.000009  train_loss: 0.2058 (0.2536)  train_iou: 0.6514 (0.6592)  time: 1.0322  data: 0.0004  max mem: 31308
Epoch: [4]  [5320/5625]  eta: 0:05:17  lr: 0.000009  train_loss: 0.1924 (0.2537)  train_iou: 0.6392 (0.6591)  time: 1.0363  data: 0.0004  max mem: 31308
Epoch: [4]  [5340/5625]  eta: 0:04:56  lr: 0.000009  train_loss: 0.2710 (0.2539)  train_iou: 0.6151 (0.6590)  time: 1.0366  data: 0.0005  max mem: 31308
Epoch: [4]  [5360/5625]  eta: 0:04:35  lr: 0.000009  train_loss: 0.2693 (0.2539)  train_iou: 0.7004 (0.6590)  time: 1.0365  data: 0.0005  max mem: 31308
Epoch: [4]  [5380/5625]  eta: 0:04:15  lr: 0.000009  train_loss: 0.1932 (0.2539)  train_iou: 0.6513 (0.6590)  time: 1.0290  data: 0.0004  max mem: 31308
Epoch: [4]  [5400/5625]  eta: 0:03:54  lr: 0.000009  train_loss: 0.1588 (0.2537)  train_iou: 0.6467 (0.6590)  time: 1.0375  data: 0.0004  max mem: 31308
Epoch: [4]  [5420/5625]  eta: 0:03:33  lr: 0.000009  train_loss: 0.2267 (0.2537)  train_iou: 0.6352 (0.6589)  time: 1.0290  data: 0.0004  max mem: 31308
Epoch: [4]  [5440/5625]  eta: 0:03:12  lr: 0.000009  train_loss: 0.1795 (0.2537)  train_iou: 0.6570 (0.6590)  time: 1.0349  data: 0.0004  max mem: 31308
Epoch: [4]  [5460/5625]  eta: 0:02:51  lr: 0.000009  train_loss: 0.2286 (0.2537)  train_iou: 0.6703 (0.6591)  time: 1.0323  data: 0.0004  max mem: 31308
Epoch: [4]  [5480/5625]  eta: 0:02:30  lr: 0.000009  train_loss: 0.2349 (0.2537)  train_iou: 0.6941 (0.6592)  time: 1.0298  data: 0.0004  max mem: 31308
Epoch: [4]  [5500/5625]  eta: 0:02:10  lr: 0.000009  train_loss: 0.2302 (0.2537)  train_iou: 0.6243 (0.6591)  time: 1.0348  data: 0.0004  max mem: 31308
Epoch: [4]  [5520/5625]  eta: 0:01:49  lr: 0.000009  train_loss: 0.1894 (0.2536)  train_iou: 0.6159 (0.6590)  time: 1.0329  data: 0.0004  max mem: 31308
Epoch: [4]  [5540/5625]  eta: 0:01:28  lr: 0.000009  train_loss: 0.2506 (0.2537)  train_iou: 0.6821 (0.6591)  time: 1.0351  data: 0.0004  max mem: 31308
Epoch: [4]  [5560/5625]  eta: 0:01:07  lr: 0.000009  train_loss: 0.2068 (0.2536)  train_iou: 0.6865 (0.6592)  time: 1.0372  data: 0.0004  max mem: 31308
Epoch: [4]  [5580/5625]  eta: 0:00:46  lr: 0.000009  train_loss: 0.1944 (0.2535)  train_iou: 0.6742 (0.6593)  time: 1.0356  data: 0.0004  max mem: 31308
Epoch: [4]  [5600/5625]  eta: 0:00:26  lr: 0.000009  train_loss: 0.2374 (0.2536)  train_iou: 0.6620 (0.6593)  time: 1.0348  data: 0.0004  max mem: 31308
Epoch: [4]  [5620/5625]  eta: 0:00:05  lr: 0.000009  train_loss: 0.2446 (0.2536)  train_iou: 0.6127 (0.6591)  time: 0.9556  data: 0.0003  max mem: 31308
Epoch: [4]  [5624/5625]  eta: 0:00:01  lr: 0.000009  train_loss: 0.2446 (0.2536)  train_iou: 0.6127 (0.6592)  time: 0.9257  data: 0.0002  max mem: 31308
Epoch: [4] Total time: 1:37:32 (1.0405 s / it)
Averaged stats: lr: 0.000009  train_loss: 0.2446 (0.2536)  train_iou: 0.6127 (0.6592)
huggingface/tokenizers: The current process just got forked, after parallelism has already been used. Disabling parallelism to avoid deadlocks...
To disable this warning, you can either:
	- Avoid using `tokenizers` before the fork if possible
	- Explicitly set the environment variable TOKENIZERS_PARALLELISM=(true | false)
huggingface/tokenizers: The current process just got forked, after parallelism has already been used. Disabling parallelism to avoid deadlocks...
To disable this warning, you can either:
	- Avoid using `tokenizers` before the fork if possible
	- Explicitly set the environment variable TOKENIZERS_PARALLELISM=(true | false)
huggingface/tokenizers: The current process just got forked, after parallelism has already been used. Disabling parallelism to avoid deadlocks...
To disable this warning, you can either:
	- Avoid using `tokenizers` before the fork if possible
	- Explicitly set the environment variable TOKENIZERS_PARALLELISM=(true | false)
huggingface/tokenizers: The current process just got forked, after parallelism has already been used. Disabling parallelism to avoid deadlocks...
To disable this warning, you can either:
	- Avoid using `tokenizers` before the fork if possible
	- Explicitly set the environment variable TOKENIZERS_PARALLELISM=(true | false)
huggingface/tokenizers: The current process just got forked, after parallelism has already been used. Disabling parallelism to avoid deadlocks...
To disable this warning, you can either:
	- Avoid using `tokenizers` before the fork if possible
	- Explicitly set the environment variable TOKENIZERS_PARALLELISM=(true | false)
huggingface/tokenizers: The current process just got forked, after parallelism has already been used. Disabling parallelism to avoid deadlocks...
To disable this warning, you can either:
	- Avoid using `tokenizers` before the fork if possible
	- Explicitly set the environment variable TOKENIZERS_PARALLELISM=(true | false)
huggingface/tokenizers: The current process just got forked, after parallelism has already been used. Disabling parallelism to avoid deadlocks...
To disable this warning, you can either:
	- Avoid using `tokenizers` before the fork if possible
	- Explicitly set the environment variable TOKENIZERS_PARALLELISM=(true | false)
huggingface/tokenizers: The current process just got forked, after parallelism has already been used. Disabling parallelism to avoid deadlocks...
To disable this warning, you can either:
	- Avoid using `tokenizers` before the fork if possible
	- Explicitly set the environment variable TOKENIZERS_PARALLELISM=(true | false)
Test:  [   0/4000]  eta: 8:16:50  inter: 33479.0000 (33479.0000)  union: 35701.0000 (35701.0000)  iou: 0.9378 (0.9378)  time: 7.4526  data: 1.3421  max mem: 31308
Test:  [  50/4000]  eta: 0:44:14  inter: 25347.0000 (28265.7656)  union: 52274.0000 (48979.3438)  iou: 0.3805 (0.5645)  time: 0.2127  data: 0.0005  max mem: 31308
Test:  [ 100/4000]  eta: 0:34:37  inter: 31853.0000 (29898.9265)  union: 49411.0000 (47222.4853)  iou: 0.8230 (0.6169)  time: 0.2114  data: 0.0005  max mem: 31308
Test:  [ 150/4000]  eta: 0:27:30  inter: 18804.0000 (28754.1196)  union: 30154.0000 (44012.1579)  iou: 0.8426 (0.6412)  time: 0.2230  data: 0.0005  max mem: 31308
Test:  [ 200/4000]  eta: 0:23:41  inter: 34412.0000 (29199.5678)  union: 38090.0000 (43140.4615)  iou: 0.9105 (0.6543)  time: 0.2085  data: 0.0005  max mem: 31308
Test:  [ 250/4000]  eta: 0:21:17  inter: 15133.0000 (31203.3494)  union: 33171.0000 (44719.3102)  iou: 0.6916 (0.6526)  time: 0.2036  data: 0.0005  max mem: 31308
Test:  [ 300/4000]  eta: 0:19:44  inter: 22616.0000 (30620.7891)  union: 25016.0000 (43979.3151)  iou: 0.8012 (0.6469)  time: 0.2195  data: 0.0005  max mem: 31308
Test:  [ 350/4000]  eta: 0:18:37  inter: 9241.0000 (29468.3120)  union: 33050.0000 (43984.0847)  iou: 0.4739 (0.6330)  time: 0.2229  data: 0.0005  max mem: 31308
Test:  [ 400/4000]  eta: 0:19:23  inter: 30789.0000 (28724.8339)  union: 36222.0000 (43224.6250)  iou: 0.6913 (0.6296)  time: 0.2100  data: 0.0005  max mem: 31308
Test:  [ 450/4000]  eta: 0:18:24  inter: 22730.0000 (28494.0619)  union: 37624.0000 (43224.5444)  iou: 0.6855 (0.6293)  time: 0.2284  data: 0.0005  max mem: 31308
Test:  [ 500/4000]  eta: 0:17:35  inter: 17462.0000 (29245.4312)  union: 38408.0000 (44082.0415)  iou: 0.7209 (0.6291)  time: 0.2082  data: 0.0005  max mem: 31308
Test:  [ 550/4000]  eta: 0:16:56  inter: 23829.0000 (29213.1915)  union: 29692.0000 (43664.0064)  iou: 0.8671 (0.6361)  time: 0.2230  data: 0.0005  max mem: 31308
Test:  [ 600/4000]  eta: 0:16:18  inter: 11271.0000 (29191.3254)  union: 32489.0000 (43667.9964)  iou: 0.7436 (0.6328)  time: 0.2174  data: 0.0005  max mem: 31308
Test:  [ 650/4000]  eta: 0:15:44  inter: 30293.0000 (29747.2519)  union: 42127.0000 (43983.3801)  iou: 0.7690 (0.6337)  time: 0.2079  data: 0.0005  max mem: 31308
Test:  [ 700/4000]  eta: 0:15:14  inter: 17646.0000 (29372.3645)  union: 28702.0000 (43766.1263)  iou: 0.6033 (0.6267)  time: 0.2103  data: 0.0005  max mem: 31308
Test:  [ 750/4000]  eta: 0:14:49  inter: 27110.0000 (29161.7869)  union: 30206.0000 (43457.8716)  iou: 0.8411 (0.6285)  time: 0.2327  data: 0.0005  max mem: 31308
Test:  [ 800/4000]  eta: 0:14:23  inter: 23999.0000 (28835.4884)  union: 47006.0000 (43058.7536)  iou: 0.6821 (0.6269)  time: 0.2230  data: 0.0005  max mem: 31308
Test:  [ 850/4000]  eta: 0:14:01  inter: 21846.0000 (28782.1063)  union: 40228.0000 (42961.0812)  iou: 0.8297 (0.6267)  time: 0.2074  data: 0.0005  max mem: 31308
Test:  [ 900/4000]  eta: 0:13:40  inter: 22282.0000 (28892.4490)  union: 27295.0000 (43361.6458)  iou: 0.7982 (0.6221)  time: 0.2071  data: 0.0005  max mem: 31308
Test:  [ 950/4000]  eta: 0:13:18  inter: 24765.0000 (29059.3758)  union: 30729.0000 (43410.2491)  iou: 0.8563 (0.6216)  time: 0.2151  data: 0.0005  max mem: 31308
Test:  [1000/4000]  eta: 0:12:58  inter: 26768.0000 (29247.7263)  union: 36932.0000 (43553.4362)  iou: 0.7483 (0.6228)  time: 0.2071  data: 0.0005  max mem: 31308
Test:  [1050/4000]  eta: 0:12:39  inter: 24851.0000 (29275.8510)  union: 41153.0000 (43579.4204)  iou: 0.6345 (0.6220)  time: 0.2199  data: 0.0005  max mem: 31308
Test:  [1100/4000]  eta: 0:12:20  inter: 22376.0000 (29032.3516)  union: 31231.0000 (43287.1960)  iou: 0.6716 (0.6192)  time: 0.2132  data: 0.0005  max mem: 31308
Test:  [1150/4000]  eta: 0:12:03  inter: 10008.0000 (29100.7649)  union: 23898.0000 (43024.5267)  iou: 0.5844 (0.6223)  time: 0.2255  data: 0.0005  max mem: 31308
Test:  [1200/4000]  eta: 0:11:47  inter: 16293.0000 (29238.8722)  union: 33203.0000 (43346.8954)  iou: 0.7974 (0.6208)  time: 0.2169  data: 0.0005  max mem: 31308
Test:  [1250/4000]  eta: 0:11:31  inter: 8486.0000 (28938.9915)  union: 34342.0000 (43181.9903)  iou: 0.2046 (0.6180)  time: 0.2285  data: 0.0005  max mem: 31308
Test:  [1300/4000]  eta: 0:11:15  inter: 21827.0000 (28662.7870)  union: 37261.0000 (42947.7182)  iou: 0.6022 (0.6180)  time: 0.2212  data: 0.0005  max mem: 31308
Test:  [1350/4000]  eta: 0:10:59  inter: 27462.0000 (28708.7068)  union: 34089.0000 (43009.2974)  iou: 0.8417 (0.6186)  time: 0.2178  data: 0.0005  max mem: 31308
Test:  [1400/4000]  eta: 0:10:44  inter: 10007.0000 (28797.9671)  union: 12210.0000 (43270.1827)  iou: 0.7035 (0.6161)  time: 0.2192  data: 0.0005  max mem: 31308
Test:  [1450/4000]  eta: 0:10:29  inter: 13985.0000 (28675.4958)  union: 34277.0000 (43138.4347)  iou: 0.4843 (0.6146)  time: 0.2158  data: 0.0005  max mem: 31308
Test:  [1500/4000]  eta: 0:10:14  inter: 19080.0000 (28710.5591)  union: 40265.0000 (43282.1220)  iou: 0.5221 (0.6120)  time: 0.2151  data: 0.0005  max mem: 31308
Test:  [1550/4000]  eta: 0:10:00  inter: 22352.0000 (28592.7304)  union: 31013.0000 (43182.6410)  iou: 0.5256 (0.6125)  time: 0.2322  data: 0.0005  max mem: 31308
Test:  [1600/4000]  eta: 0:10:04  inter: 15100.0000 (28503.0595)  union: 39102.0000 (43217.2521)  iou: 0.7639 (0.6095)  time: 0.8051  data: 0.0005  max mem: 31308
Test:  [1650/4000]  eta: 0:09:48  inter: 18838.0000 (28490.6720)  union: 40021.0000 (43240.6780)  iou: 0.5123 (0.6084)  time: 0.2154  data: 0.0005  max mem: 31308
Test:  [1700/4000]  eta: 0:09:33  inter: 17114.0000 (28497.7388)  union: 42636.0000 (43439.1786)  iou: 0.7764 (0.6070)  time: 0.2169  data: 0.0005  max mem: 31308
Test:  [1750/4000]  eta: 0:09:19  inter: 25823.0000 (28428.0774)  union: 38627.0000 (43348.9818)  iou: 0.7766 (0.6062)  time: 0.2293  data: 0.0005  max mem: 31308
Test:  [1800/4000]  eta: 0:09:05  inter: 24575.0000 (28292.8394)  union: 36590.0000 (43322.4350)  iou: 0.6865 (0.6053)  time: 0.2323  data: 0.0005  max mem: 31308
Test:  [1850/4000]  eta: 0:08:51  inter: 18939.0000 (28276.1674)  union: 33460.0000 (43426.5835)  iou: 0.3744 (0.6038)  time: 0.2187  data: 0.0005  max mem: 31308
Test:  [1900/4000]  eta: 0:08:37  inter: 35722.0000 (28197.6940)  union: 55990.0000 (43367.7313)  iou: 0.6328 (0.6044)  time: 0.2242  data: 0.0005  max mem: 31308
Test:  [1950/4000]  eta: 0:08:24  inter: 12024.0000 (28232.1496)  union: 17179.0000 (43387.9308)  iou: 0.6884 (0.6048)  time: 0.2196  data: 0.0005  max mem: 31308
Test:  [2000/4000]  eta: 0:08:10  inter: 17518.0000 (28192.4391)  union: 22990.0000 (43293.0397)  iou: 0.7534 (0.6051)  time: 0.2095  data: 0.0005  max mem: 31308
Test:  [2050/4000]  eta: 0:07:57  inter: 8365.0000 (28108.7257)  union: 56158.0000 (43431.2970)  iou: 0.2623 (0.6032)  time: 0.2414  data: 0.0005  max mem: 31308
Test:  [2100/4000]  eta: 0:07:43  inter: 19918.0000 (28103.8031)  union: 32950.0000 (43362.0158)  iou: 0.8554 (0.6040)  time: 0.2113  data: 0.0005  max mem: 31308
Test:  [2150/4000]  eta: 0:07:30  inter: 23951.0000 (28088.2753)  union: 30389.0000 (43436.7134)  iou: 0.7270 (0.6031)  time: 0.2144  data: 0.0005  max mem: 31308
Test:  [2200/4000]  eta: 0:07:17  inter: 13593.0000 (28000.3356)  union: 20955.0000 (43319.9491)  iou: 0.6232 (0.6030)  time: 0.2212  data: 0.0005  max mem: 31308
Test:  [2250/4000]  eta: 0:07:04  inter: 21695.0000 (27858.6951)  union: 37568.0000 (43236.3515)  iou: 0.7594 (0.6018)  time: 0.2101  data: 0.0005  max mem: 31308
Test:  [2300/4000]  eta: 0:06:51  inter: 35174.0000 (27923.7957)  union: 43041.0000 (43212.2918)  iou: 0.7997 (0.6035)  time: 0.2227  data: 0.0005  max mem: 31308
Test:  [2350/4000]  eta: 0:06:38  inter: 18837.0000 (27846.4472)  union: 37890.0000 (43143.7964)  iou: 0.7519 (0.6037)  time: 0.2307  data: 0.0005  max mem: 31308
Test:  [2400/4000]  eta: 0:06:25  inter: 10544.0000 (27846.4013)  union: 33048.0000 (43088.8757)  iou: 0.2382 (0.6039)  time: 0.2296  data: 0.0005  max mem: 31308
Test:  [2450/4000]  eta: 0:06:13  inter: 29281.0000 (27956.9381)  union: 33258.0000 (43106.3724)  iou: 0.8804 (0.6064)  time: 0.2045  data: 0.0005  max mem: 31308
Test:  [2500/4000]  eta: 0:06:00  inter: 26510.0000 (27935.8612)  union: 39642.0000 (43090.4057)  iou: 0.8714 (0.6065)  time: 0.2081  data: 0.0005  max mem: 31308
Test:  [2550/4000]  eta: 0:05:47  inter: 28665.0000 (28058.3432)  union: 33547.0000 (43202.7264)  iou: 0.7846 (0.6074)  time: 0.2341  data: 0.0005  max mem: 31308
Test:  [2600/4000]  eta: 0:05:35  inter: 18215.0000 (28017.1068)  union: 34062.0000 (43280.8309)  iou: 0.4470 (0.6062)  time: 0.2254  data: 0.0005  max mem: 31308
Test:  [2650/4000]  eta: 0:05:22  inter: 16545.0000 (28072.8365)  union: 34267.0000 (43495.1042)  iou: 0.8198 (0.6050)  time: 0.2244  data: 0.0005  max mem: 31308
Test:  [2700/4000]  eta: 0:05:10  inter: 24487.0000 (28177.9742)  union: 37402.0000 (43598.5117)  iou: 0.8350 (0.6060)  time: 0.2163  data: 0.0005  max mem: 31308
Test:  [2750/4000]  eta: 0:04:58  inter: 22979.0000 (28241.9618)  union: 32172.0000 (43699.4326)  iou: 0.8923 (0.6052)  time: 0.2160  data: 0.0005  max mem: 31308
Test:  [2800/4000]  eta: 0:04:45  inter: 14829.0000 (28187.4185)  union: 30469.0000 (43550.6365)  iou: 0.6156 (0.6054)  time: 0.2174  data: 0.0005  max mem: 31308
Test:  [2850/4000]  eta: 0:04:33  inter: 12257.0000 (28307.3542)  union: 32946.0000 (43654.0636)  iou: 0.5178 (0.6051)  time: 0.2154  data: 0.0005  max mem: 31308
Test:  [2900/4000]  eta: 0:04:21  inter: 20186.0000 (28308.9014)  union: 26197.0000 (43681.5347)  iou: 0.7886 (0.6039)  time: 0.2115  data: 0.0005  max mem: 31308
Test:  [2950/4000]  eta: 0:04:09  inter: 22455.0000 (28323.4846)  union: 27287.0000 (43690.0240)  iou: 0.5192 (0.6038)  time: 0.2113  data: 0.0005  max mem: 31308
Test:  [3000/4000]  eta: 0:03:56  inter: 21117.0000 (28261.0409)  union: 33574.0000 (43652.6632)  iou: 0.6819 (0.6027)  time: 0.2293  data: 0.0005  max mem: 31308
Test:  [3050/4000]  eta: 0:03:44  inter: 18210.0000 (28282.3781)  union: 51158.0000 (43804.6391)  iou: 0.4079 (0.6025)  time: 0.2201  data: 0.0005  max mem: 31308
Test:  [3100/4000]  eta: 0:03:32  inter: 17088.0000 (28258.1147)  union: 41852.0000 (43744.6174)  iou: 0.5239 (0.6028)  time: 0.2194  data: 0.0005  max mem: 31308
Test:  [3150/4000]  eta: 0:03:20  inter: 14818.0000 (28145.9000)  union: 22158.0000 (43668.7951)  iou: 0.4692 (0.6019)  time: 0.2215  data: 0.0005  max mem: 31308
Test:  [3200/4000]  eta: 0:03:08  inter: 14306.0000 (28215.5723)  union: 41382.0000 (43715.6247)  iou: 0.5409 (0.6028)  time: 0.2139  data: 0.0005  max mem: 31308
Test:  [3250/4000]  eta: 0:02:56  inter: 13492.0000 (28161.1555)  union: 25880.0000 (43667.2976)  iou: 0.7400 (0.6017)  time: 0.2191  data: 0.0005  max mem: 31308
Test:  [3300/4000]  eta: 0:02:44  inter: 35204.0000 (28261.0388)  union: 49811.0000 (43780.5304)  iou: 0.8161 (0.6011)  time: 0.2338  data: 0.0005  max mem: 31308
Test:  [3350/4000]  eta: 0:02:32  inter: 9629.0000 (28265.6486)  union: 13248.0000 (43735.6393)  iou: 0.7610 (0.6021)  time: 0.2075  data: 0.0005  max mem: 31308
Test:  [3400/4000]  eta: 0:02:20  inter: 27631.0000 (28375.3826)  union: 37419.0000 (43770.5842)  iou: 0.8658 (0.6035)  time: 0.2272  data: 0.0005  max mem: 31308
Test:  [3450/4000]  eta: 0:02:09  inter: 20228.0000 (28382.5910)  union: 30838.0000 (43750.5040)  iou: 0.7757 (0.6036)  time: 0.2152  data: 0.0005  max mem: 31308
Test:  [3500/4000]  eta: 0:01:57  inter: 16728.0000 (28340.5410)  union: 21219.0000 (43713.4706)  iou: 0.4790 (0.6034)  time: 0.2121  data: 0.0005  max mem: 31308
Test:  [3550/4000]  eta: 0:01:45  inter: 31975.0000 (28356.0712)  union: 37357.0000 (43744.8280)  iou: 0.8023 (0.6028)  time: 0.2095  data: 0.0005  max mem: 31308
Test:  [3600/4000]  eta: 0:01:33  inter: 21344.0000 (28300.1726)  union: 31897.0000 (43704.6657)  iou: 0.8849 (0.6016)  time: 0.2163  data: 0.0005  max mem: 31308
Test:  [3650/4000]  eta: 0:01:21  inter: 27777.0000 (28277.1378)  union: 38586.0000 (43681.6357)  iou: 0.7433 (0.6016)  time: 0.2389  data: 0.0005  max mem: 31308
Test:  [3700/4000]  eta: 0:01:10  inter: 25923.0000 (28366.0341)  union: 36384.0000 (43684.7230)  iou: 0.8244 (0.6024)  time: 0.2171  data: 0.0005  max mem: 31308
Test:  [3750/4000]  eta: 0:00:58  inter: 26581.0000 (28416.0216)  union: 44979.0000 (43753.1346)  iou: 0.8089 (0.6031)  time: 0.2141  data: 0.0005  max mem: 31308
Test:  [3800/4000]  eta: 0:00:46  inter: 23506.0000 (28425.9791)  union: 29449.0000 (43815.4888)  iou: 0.4697 (0.6030)  time: 0.2071  data: 0.0005  max mem: 31308
Test:  [3850/4000]  eta: 0:00:34  inter: 19830.0000 (28429.9808)  union: 33780.0000 (43818.6792)  iou: 0.8541 (0.6030)  time: 0.2175  data: 0.0005  max mem: 31308
Test:  [3900/4000]  eta: 0:00:23  inter: 18771.0000 (28467.0353)  union: 41459.0000 (43924.1368)  iou: 0.6732 (0.6024)  time: 0.2181  data: 0.0005  max mem: 31308
Test:  [3950/4000]  eta: 0:00:11  inter: 17748.0000 (28420.6220)  union: 43574.0000 (43866.8496)  iou: 0.7483 (0.6026)  time: 0.2128  data: 0.0005  max mem: 31308
Test:  [3999/4000]  eta: 0:00:00  inter: 16384.0000 (28365.2089)  union: 31063.0000 (43752.4643)  iou: 0.6795 (0.6033)  time: 0.1946  data: 0.0002  max mem: 31308
Test: Total time: 0:15:32 (0.2331 s / it)
* IoU 0.603 oIoU 0.648
IoU of the network on the 4000 test images: 0.6%
Max IoU: 0.60%
huggingface/tokenizers: The current process just got forked, after parallelism has already been used. Disabling parallelism to avoid deadlocks...
To disable this warning, you can either:
	- Avoid using `tokenizers` before the fork if possible
	- Explicitly set the environment variable TOKENIZERS_PARALLELISM=(true | false)
huggingface/tokenizers: The current process just got forked, after parallelism has already been used. Disabling parallelism to avoid deadlocks...
To disable this warning, you can either:
	- Avoid using `tokenizers` before the fork if possible
	- Explicitly set the environment variable TOKENIZERS_PARALLELISM=(true | false)
huggingface/tokenizers: The current process just got forked, after parallelism has already been used. Disabling parallelism to avoid deadlocks...
To disable this warning, you can either:
	- Avoid using `tokenizers` before the fork if possible
	- Explicitly set the environment variable TOKENIZERS_PARALLELISM=(true | false)
huggingface/tokenizers: The current process just got forked, after parallelism has already been used. Disabling parallelism to avoid deadlocks...
To disable this warning, you can either:
	- Avoid using `tokenizers` before the fork if possible
	- Explicitly set the environment variable TOKENIZERS_PARALLELISM=(true | false)
huggingface/tokenizers: The current process just got forked, after parallelism has already been used. Disabling parallelism to avoid deadlocks...
To disable this warning, you can either:
	- Avoid using `tokenizers` before the fork if possible
	- Explicitly set the environment variable TOKENIZERS_PARALLELISM=(true | false)
huggingface/tokenizers: The current process just got forked, after parallelism has already been used. Disabling parallelism to avoid deadlocks...
To disable this warning, you can either:
	- Avoid using `tokenizers` before the fork if possible
	- Explicitly set the environment variable TOKENIZERS_PARALLELISM=(true | false)
huggingface/tokenizers: The current process just got forked, after parallelism has already been used. Disabling parallelism to avoid deadlocks...
To disable this warning, you can either:
	- Avoid using `tokenizers` before the fork if possible
	- Explicitly set the environment variable TOKENIZERS_PARALLELISM=(true | false)
huggingface/tokenizers: The current process just got forked, after parallelism has already been used. Disabling parallelism to avoid deadlocks...
To disable this warning, you can either:
	- Avoid using `tokenizers` before the fork if possible
	- Explicitly set the environment variable TOKENIZERS_PARALLELISM=(true | false)
Epoch: [5]  [   0/5625]  eta: 8:22:25  lr: 0.000009  train_loss: 0.3753 (0.3753)  train_iou: 0.5869 (0.5869)  time: 5.3592  data: 3.9505  max mem: 31308
Epoch: [5]  [  20/5625]  eta: 1:57:22  lr: 0.000009  train_loss: 0.1692 (0.2305)  train_iou: 0.6505 (0.6413)  time: 1.0513  data: 0.0005  max mem: 31308
Epoch: [5]  [  40/5625]  eta: 1:47:47  lr: 0.000009  train_loss: 0.1432 (0.2009)  train_iou: 0.7082 (0.6590)  time: 1.0545  data: 0.0005  max mem: 31308
Epoch: [5]  [  60/5625]  eta: 1:44:25  lr: 0.000009  train_loss: 0.2159 (0.2147)  train_iou: 0.6080 (0.6488)  time: 1.0600  data: 0.0005  max mem: 31308
Epoch: [5]  [  80/5625]  eta: 1:42:23  lr: 0.000009  train_loss: 0.2105 (0.2193)  train_iou: 0.6535 (0.6504)  time: 1.0534  data: 0.0005  max mem: 31308
Epoch: [5]  [ 100/5625]  eta: 1:41:01  lr: 0.000009  train_loss: 0.2106 (0.2258)  train_iou: 0.6542 (0.6493)  time: 1.0533  data: 0.0005  max mem: 31308
Epoch: [5]  [ 120/5625]  eta: 1:40:08  lr: 0.000009  train_loss: 0.1701 (0.2230)  train_iou: 0.6413 (0.6514)  time: 1.0629  data: 0.0005  max mem: 31308
Epoch: [5]  [ 140/5625]  eta: 1:39:29  lr: 0.000009  train_loss: 0.2207 (0.2265)  train_iou: 0.6683 (0.6550)  time: 1.0699  data: 0.0005  max mem: 31308
Epoch: [5]  [ 160/5625]  eta: 1:38:47  lr: 0.000009  train_loss: 0.2342 (0.2322)  train_iou: 0.6928 (0.6608)  time: 1.0574  data: 0.0005  max mem: 31308
Epoch: [5]  [ 180/5625]  eta: 1:38:09  lr: 0.000009  train_loss: 0.2095 (0.2313)  train_iou: 0.6615 (0.6584)  time: 1.0584  data: 0.0005  max mem: 31308
Epoch: [5]  [ 200/5625]  eta: 1:37:33  lr: 0.000009  train_loss: 0.2493 (0.2346)  train_iou: 0.6534 (0.6570)  time: 1.0545  data: 0.0005  max mem: 31308
Epoch: [5]  [ 220/5625]  eta: 1:37:03  lr: 0.000009  train_loss: 0.2108 (0.2354)  train_iou: 0.7181 (0.6607)  time: 1.0614  data: 0.0005  max mem: 31308
Epoch: [5]  [ 240/5625]  eta: 1:36:33  lr: 0.000009  train_loss: 0.1760 (0.2349)  train_iou: 0.6526 (0.6614)  time: 1.0581  data: 0.0005  max mem: 31308
Epoch: [5]  [ 260/5625]  eta: 1:36:04  lr: 0.000009  train_loss: 0.2439 (0.2362)  train_iou: 0.6385 (0.6622)  time: 1.0582  data: 0.0005  max mem: 31308
Epoch: [5]  [ 280/5625]  eta: 1:35:39  lr: 0.000009  train_loss: 0.2454 (0.2374)  train_iou: 0.6664 (0.6635)  time: 1.0651  data: 0.0005  max mem: 31308
Epoch: [5]  [ 300/5625]  eta: 1:35:10  lr: 0.000009  train_loss: 0.2425 (0.2402)  train_iou: 0.6736 (0.6628)  time: 1.0526  data: 0.0005  max mem: 31308
Epoch: [5]  [ 320/5625]  eta: 1:34:48  lr: 0.000009  train_loss: 0.1740 (0.2393)  train_iou: 0.6788 (0.6636)  time: 1.0711  data: 0.0005  max mem: 31308
Epoch: [5]  [ 340/5625]  eta: 1:34:25  lr: 0.000009  train_loss: 0.1968 (0.2401)  train_iou: 0.6925 (0.6624)  time: 1.0673  data: 0.0005  max mem: 31308
Epoch: [5]  [ 360/5625]  eta: 1:34:00  lr: 0.000009  train_loss: 0.1865 (0.2402)  train_iou: 0.6485 (0.6621)  time: 1.0587  data: 0.0005  max mem: 31308
Epoch: [5]  [ 380/5625]  eta: 1:33:36  lr: 0.000009  train_loss: 0.1861 (0.2394)  train_iou: 0.6639 (0.6627)  time: 1.0620  data: 0.0005  max mem: 31308
Epoch: [5]  [ 400/5625]  eta: 1:33:12  lr: 0.000009  train_loss: 0.1604 (0.2381)  train_iou: 0.7011 (0.6642)  time: 1.0604  data: 0.0005  max mem: 31308
Epoch: [5]  [ 420/5625]  eta: 1:32:48  lr: 0.000009  train_loss: 0.1827 (0.2404)  train_iou: 0.6427 (0.6644)  time: 1.0603  data: 0.0005  max mem: 31308
Epoch: [5]  [ 440/5625]  eta: 1:32:24  lr: 0.000009  train_loss: 0.1855 (0.2392)  train_iou: 0.6419 (0.6643)  time: 1.0580  data: 0.0005  max mem: 31308
Epoch: [5]  [ 460/5625]  eta: 1:31:59  lr: 0.000009  train_loss: 0.1581 (0.2376)  train_iou: 0.6904 (0.6652)  time: 1.0561  data: 0.0005  max mem: 31308
Epoch: [5]  [ 480/5625]  eta: 1:31:35  lr: 0.000009  train_loss: 0.2506 (0.2386)  train_iou: 0.5762 (0.6629)  time: 1.0558  data: 0.0005  max mem: 31308
Epoch: [5]  [ 500/5625]  eta: 1:31:12  lr: 0.000009  train_loss: 0.2671 (0.2396)  train_iou: 0.6691 (0.6630)  time: 1.0589  data: 0.0005  max mem: 31308
Epoch: [5]  [ 520/5625]  eta: 1:30:48  lr: 0.000009  train_loss: 0.2533 (0.2419)  train_iou: 0.6796 (0.6633)  time: 1.0549  data: 0.0005  max mem: 31308
Epoch: [5]  [ 540/5625]  eta: 1:30:26  lr: 0.000009  train_loss: 0.1867 (0.2421)  train_iou: 0.6311 (0.6621)  time: 1.0660  data: 0.0005  max mem: 31308
Epoch: [5]  [ 560/5625]  eta: 1:30:05  lr: 0.000009  train_loss: 0.1581 (0.2403)  train_iou: 0.7071 (0.6630)  time: 1.0656  data: 0.0005  max mem: 31308
Epoch: [5]  [ 580/5625]  eta: 1:29:42  lr: 0.000009  train_loss: 0.2370 (0.2412)  train_iou: 0.7007 (0.6636)  time: 1.0620  data: 0.0005  max mem: 31308
Epoch: [5]  [ 600/5625]  eta: 1:29:20  lr: 0.000009  train_loss: 0.2524 (0.2430)  train_iou: 0.5888 (0.6621)  time: 1.0604  data: 0.0005  max mem: 31308
Epoch: [5]  [ 620/5625]  eta: 1:28:57  lr: 0.000009  train_loss: 0.2043 (0.2451)  train_iou: 0.6233 (0.6613)  time: 1.0559  data: 0.0005  max mem: 31308
Epoch: [5]  [ 640/5625]  eta: 1:28:34  lr: 0.000009  train_loss: 0.2510 (0.2452)  train_iou: 0.7134 (0.6616)  time: 1.0580  data: 0.0005  max mem: 31308
Epoch: [5]  [ 660/5625]  eta: 1:28:12  lr: 0.000009  train_loss: 0.1893 (0.2442)  train_iou: 0.6761 (0.6629)  time: 1.0571  data: 0.0005  max mem: 31308
Epoch: [5]  [ 680/5625]  eta: 1:27:49  lr: 0.000009  train_loss: 0.2054 (0.2439)  train_iou: 0.6413 (0.6626)  time: 1.0594  data: 0.0005  max mem: 31308
Epoch: [5]  [ 700/5625]  eta: 1:27:27  lr: 0.000009  train_loss: 0.2628 (0.2446)  train_iou: 0.6735 (0.6632)  time: 1.0588  data: 0.0005  max mem: 31308
Epoch: [5]  [ 720/5625]  eta: 1:27:05  lr: 0.000009  train_loss: 0.2240 (0.2441)  train_iou: 0.6292 (0.6616)  time: 1.0577  data: 0.0005  max mem: 31308
Epoch: [5]  [ 740/5625]  eta: 1:26:42  lr: 0.000009  train_loss: 0.2425 (0.2438)  train_iou: 0.6784 (0.6619)  time: 1.0556  data: 0.0005  max mem: 31308
Epoch: [5]  [ 760/5625]  eta: 1:26:20  lr: 0.000009  train_loss: 0.2051 (0.2433)  train_iou: 0.6907 (0.6622)  time: 1.0570  data: 0.0005  max mem: 31308
Epoch: [5]  [ 780/5625]  eta: 1:25:58  lr: 0.000009  train_loss: 0.2010 (0.2435)  train_iou: 0.6054 (0.6616)  time: 1.0608  data: 0.0005  max mem: 31308
Epoch: [5]  [ 800/5625]  eta: 1:25:36  lr: 0.000009  train_loss: 0.2212 (0.2437)  train_iou: 0.6742 (0.6618)  time: 1.0623  data: 0.0005  max mem: 31308
Epoch: [5]  [ 820/5625]  eta: 1:25:16  lr: 0.000009  train_loss: 0.1657 (0.2431)  train_iou: 0.6639 (0.6621)  time: 1.0731  data: 0.0005  max mem: 31308
Epoch: [5]  [ 840/5625]  eta: 1:24:56  lr: 0.000009  train_loss: 0.1919 (0.2437)  train_iou: 0.6673 (0.6630)  time: 1.0726  data: 0.0005  max mem: 31308
Epoch: [5]  [ 860/5625]  eta: 1:24:34  lr: 0.000009  train_loss: 0.1868 (0.2433)  train_iou: 0.6133 (0.6626)  time: 1.0608  data: 0.0005  max mem: 31308
Epoch: [5]  [ 880/5625]  eta: 1:24:12  lr: 0.000009  train_loss: 0.1637 (0.2427)  train_iou: 0.6615 (0.6627)  time: 1.0613  data: 0.0005  max mem: 31308
Epoch: [5]  [ 900/5625]  eta: 1:23:50  lr: 0.000009  train_loss: 0.2706 (0.2444)  train_iou: 0.6243 (0.6613)  time: 1.0595  data: 0.0005  max mem: 31308
Epoch: [5]  [ 920/5625]  eta: 1:23:28  lr: 0.000009  train_loss: 0.2140 (0.2451)  train_iou: 0.6312 (0.6611)  time: 1.0565  data: 0.0004  max mem: 31308
Epoch: [5]  [ 940/5625]  eta: 1:23:07  lr: 0.000009  train_loss: 0.1561 (0.2439)  train_iou: 0.6589 (0.6614)  time: 1.0611  data: 0.0005  max mem: 31308
Epoch: [5]  [ 960/5625]  eta: 1:22:45  lr: 0.000009  train_loss: 0.1822 (0.2436)  train_iou: 0.6771 (0.6622)  time: 1.0574  data: 0.0005  max mem: 31308
Epoch: [5]  [ 980/5625]  eta: 1:22:23  lr: 0.000009  train_loss: 0.1971 (0.2435)  train_iou: 0.6173 (0.6615)  time: 1.0621  data: 0.0005  max mem: 31308
Epoch: [5]  [1000/5625]  eta: 1:22:02  lr: 0.000009  train_loss: 0.1681 (0.2435)  train_iou: 0.6741 (0.6622)  time: 1.0635  data: 0.0005  max mem: 31308
Epoch: [5]  [1020/5625]  eta: 1:21:40  lr: 0.000009  train_loss: 0.1211 (0.2423)  train_iou: 0.6711 (0.6625)  time: 1.0627  data: 0.0005  max mem: 31308
Epoch: [5]  [1040/5625]  eta: 1:21:19  lr: 0.000009  train_loss: 0.2155 (0.2425)  train_iou: 0.6852 (0.6628)  time: 1.0587  data: 0.0005  max mem: 31308
Epoch: [5]  [1060/5625]  eta: 1:20:57  lr: 0.000009  train_loss: 0.1671 (0.2416)  train_iou: 0.6168 (0.6621)  time: 1.0621  data: 0.0005  max mem: 31308
Epoch: [5]  [1080/5625]  eta: 1:20:36  lr: 0.000009  train_loss: 0.2616 (0.2419)  train_iou: 0.6592 (0.6622)  time: 1.0638  data: 0.0005  max mem: 31308
Epoch: [5]  [1100/5625]  eta: 1:20:14  lr: 0.000009  train_loss: 0.2251 (0.2422)  train_iou: 0.6477 (0.6620)  time: 1.0563  data: 0.0005  max mem: 31308
Epoch: [5]  [1120/5625]  eta: 1:19:52  lr: 0.000009  train_loss: 0.2479 (0.2424)  train_iou: 0.6134 (0.6612)  time: 1.0574  data: 0.0005  max mem: 31308
Epoch: [5]  [1140/5625]  eta: 1:19:41  lr: 0.000009  train_loss: 0.1729 (0.2420)  train_iou: 0.6535 (0.6612)  time: 1.1925  data: 0.0005  max mem: 31308
Epoch: [5]  [1160/5625]  eta: 1:19:19  lr: 0.000009  train_loss: 0.2324 (0.2421)  train_iou: 0.6417 (0.6614)  time: 1.0598  data: 0.0005  max mem: 31308
Epoch: [5]  [1180/5625]  eta: 1:18:57  lr: 0.000009  train_loss: 0.1612 (0.2412)  train_iou: 0.6867 (0.6616)  time: 1.0619  data: 0.0005  max mem: 31308
Epoch: [5]  [1200/5625]  eta: 1:18:36  lr: 0.000009  train_loss: 0.1538 (0.2410)  train_iou: 0.6761 (0.6621)  time: 1.0574  data: 0.0005  max mem: 31308
Epoch: [5]  [1220/5625]  eta: 1:18:14  lr: 0.000009  train_loss: 0.1487 (0.2402)  train_iou: 0.6817 (0.6628)  time: 1.0621  data: 0.0005  max mem: 31308
Epoch: [5]  [1240/5625]  eta: 1:17:52  lr: 0.000009  train_loss: 0.1938 (0.2399)  train_iou: 0.6857 (0.6630)  time: 1.0551  data: 0.0004  max mem: 31308
Epoch: [5]  [1260/5625]  eta: 1:17:30  lr: 0.000009  train_loss: 0.1961 (0.2405)  train_iou: 0.6432 (0.6632)  time: 1.0633  data: 0.0005  max mem: 31308
Epoch: [5]  [1280/5625]  eta: 1:17:09  lr: 0.000009  train_loss: 0.2077 (0.2411)  train_iou: 0.5851 (0.6622)  time: 1.0612  data: 0.0006  max mem: 31308
Epoch: [5]  [1300/5625]  eta: 1:16:47  lr: 0.000009  train_loss: 0.2253 (0.2414)  train_iou: 0.6669 (0.6625)  time: 1.0611  data: 0.0005  max mem: 31308
Epoch: [5]  [1320/5625]  eta: 1:16:26  lr: 0.000009  train_loss: 0.2033 (0.2413)  train_iou: 0.6828 (0.6626)  time: 1.0589  data: 0.0005  max mem: 31308
Epoch: [5]  [1340/5625]  eta: 1:16:04  lr: 0.000009  train_loss: 0.2040 (0.2418)  train_iou: 0.6254 (0.6622)  time: 1.0596  data: 0.0005  max mem: 31308
Epoch: [5]  [1360/5625]  eta: 1:15:42  lr: 0.000009  train_loss: 0.1685 (0.2419)  train_iou: 0.6712 (0.6622)  time: 1.0560  data: 0.0005  max mem: 31308
Epoch: [5]  [1380/5625]  eta: 1:15:20  lr: 0.000009  train_loss: 0.1703 (0.2418)  train_iou: 0.6412 (0.6624)  time: 1.0614  data: 0.0005  max mem: 31308
Epoch: [5]  [1400/5625]  eta: 1:14:59  lr: 0.000009  train_loss: 0.1903 (0.2415)  train_iou: 0.7053 (0.6629)  time: 1.0644  data: 0.0005  max mem: 31308
Epoch: [5]  [1420/5625]  eta: 1:14:37  lr: 0.000009  train_loss: 0.1757 (0.2415)  train_iou: 0.6555 (0.6626)  time: 1.0583  data: 0.0005  max mem: 31308
Epoch: [5]  [1440/5625]  eta: 1:14:16  lr: 0.000009  train_loss: 0.1969 (0.2414)  train_iou: 0.6529 (0.6626)  time: 1.0597  data: 0.0005  max mem: 31308
Epoch: [5]  [1460/5625]  eta: 1:13:54  lr: 0.000009  train_loss: 0.1976 (0.2408)  train_iou: 0.7124 (0.6635)  time: 1.0546  data: 0.0005  max mem: 31308
Epoch: [5]  [1480/5625]  eta: 1:13:32  lr: 0.000009  train_loss: 0.2001 (0.2408)  train_iou: 0.6510 (0.6633)  time: 1.0594  data: 0.0004  max mem: 31308
Epoch: [5]  [1500/5625]  eta: 1:13:11  lr: 0.000009  train_loss: 0.1731 (0.2403)  train_iou: 0.6925 (0.6637)  time: 1.0562  data: 0.0005  max mem: 31308
Epoch: [5]  [1520/5625]  eta: 1:12:49  lr: 0.000009  train_loss: 0.1821 (0.2399)  train_iou: 0.7365 (0.6645)  time: 1.0597  data: 0.0005  max mem: 31308
Epoch: [5]  [1540/5625]  eta: 1:12:27  lr: 0.000009  train_loss: 0.2435 (0.2405)  train_iou: 0.6462 (0.6645)  time: 1.0574  data: 0.0005  max mem: 31308
Epoch: [5]  [1560/5625]  eta: 1:12:06  lr: 0.000009  train_loss: 0.2411 (0.2413)  train_iou: 0.6531 (0.6644)  time: 1.0609  data: 0.0005  max mem: 31308
Epoch: [5]  [1580/5625]  eta: 1:11:45  lr: 0.000009  train_loss: 0.2057 (0.2407)  train_iou: 0.6510 (0.6643)  time: 1.0660  data: 0.0005  max mem: 31308
Epoch: [5]  [1600/5625]  eta: 1:11:24  lr: 0.000009  train_loss: 0.1868 (0.2401)  train_iou: 0.6938 (0.6644)  time: 1.0672  data: 0.0005  max mem: 31308
Epoch: [5]  [1620/5625]  eta: 1:11:02  lr: 0.000009  train_loss: 0.2554 (0.2403)  train_iou: 0.6652 (0.6642)  time: 1.0648  data: 0.0005  max mem: 31308
Epoch: [5]  [1640/5625]  eta: 1:10:41  lr: 0.000009  train_loss: 0.1959 (0.2399)  train_iou: 0.7009 (0.6645)  time: 1.0708  data: 0.0005  max mem: 31308
Epoch: [5]  [1660/5625]  eta: 1:10:20  lr: 0.000009  train_loss: 0.1783 (0.2397)  train_iou: 0.7255 (0.6649)  time: 1.0577  data: 0.0005  max mem: 31308
Epoch: [5]  [1680/5625]  eta: 1:09:58  lr: 0.000009  train_loss: 0.2428 (0.2398)  train_iou: 0.6459 (0.6650)  time: 1.0657  data: 0.0005  max mem: 31308
Epoch: [5]  [1700/5625]  eta: 1:09:37  lr: 0.000009  train_loss: 0.1802 (0.2395)  train_iou: 0.7148 (0.6654)  time: 1.0591  data: 0.0005  max mem: 31308
Epoch: [5]  [1720/5625]  eta: 1:09:15  lr: 0.000009  train_loss: 0.2031 (0.2393)  train_iou: 0.6545 (0.6653)  time: 1.0544  data: 0.0004  max mem: 31308
Epoch: [5]  [1740/5625]  eta: 1:08:54  lr: 0.000009  train_loss: 0.2207 (0.2399)  train_iou: 0.6789 (0.6654)  time: 1.0591  data: 0.0005  max mem: 31308
Epoch: [5]  [1760/5625]  eta: 1:08:32  lr: 0.000009  train_loss: 0.1938 (0.2399)  train_iou: 0.6207 (0.6648)  time: 1.0606  data: 0.0005  max mem: 31308
Epoch: [5]  [1780/5625]  eta: 1:08:11  lr: 0.000009  train_loss: 0.1902 (0.2399)  train_iou: 0.6855 (0.6651)  time: 1.0558  data: 0.0005  max mem: 31308
Epoch: [5]  [1800/5625]  eta: 1:07:49  lr: 0.000009  train_loss: 0.2540 (0.2406)  train_iou: 0.6610 (0.6651)  time: 1.0583  data: 0.0005  max mem: 31308
Epoch: [5]  [1820/5625]  eta: 1:07:28  lr: 0.000009  train_loss: 0.1467 (0.2400)  train_iou: 0.6578 (0.6652)  time: 1.0587  data: 0.0005  max mem: 31308
Epoch: [5]  [1840/5625]  eta: 1:07:06  lr: 0.000009  train_loss: 0.1835 (0.2396)  train_iou: 0.7196 (0.6656)  time: 1.0615  data: 0.0005  max mem: 31308
Epoch: [5]  [1860/5625]  eta: 1:06:45  lr: 0.000009  train_loss: 0.2847 (0.2401)  train_iou: 0.7052 (0.6655)  time: 1.0572  data: 0.0005  max mem: 31308
Epoch: [5]  [1880/5625]  eta: 1:06:23  lr: 0.000009  train_loss: 0.2178 (0.2400)  train_iou: 0.6635 (0.6653)  time: 1.0558  data: 0.0005  max mem: 31308
Epoch: [5]  [1900/5625]  eta: 1:06:02  lr: 0.000009  train_loss: 0.2449 (0.2405)  train_iou: 0.6708 (0.6656)  time: 1.0586  data: 0.0005  max mem: 31308
Epoch: [5]  [1920/5625]  eta: 1:05:40  lr: 0.000009  train_loss: 0.2109 (0.2407)  train_iou: 0.6156 (0.6652)  time: 1.0677  data: 0.0005  max mem: 31308
Epoch: [5]  [1940/5625]  eta: 1:05:19  lr: 0.000009  train_loss: 0.2801 (0.2414)  train_iou: 0.7082 (0.6653)  time: 1.0570  data: 0.0005  max mem: 31308
Epoch: [5]  [1960/5625]  eta: 1:04:58  lr: 0.000009  train_loss: 0.1647 (0.2412)  train_iou: 0.7369 (0.6658)  time: 1.0593  data: 0.0005  max mem: 31308
Epoch: [5]  [1980/5625]  eta: 1:04:36  lr: 0.000009  train_loss: 0.2090 (0.2414)  train_iou: 0.7053 (0.6659)  time: 1.0607  data: 0.0005  max mem: 31308
Epoch: [5]  [2000/5625]  eta: 1:04:15  lr: 0.000009  train_loss: 0.2034 (0.2412)  train_iou: 0.6498 (0.6657)  time: 1.0539  data: 0.0005  max mem: 31308
Epoch: [5]  [2020/5625]  eta: 1:03:53  lr: 0.000009  train_loss: 0.1676 (0.2410)  train_iou: 0.7278 (0.6657)  time: 1.0578  data: 0.0005  max mem: 31308
Epoch: [5]  [2040/5625]  eta: 1:03:32  lr: 0.000009  train_loss: 0.1510 (0.2405)  train_iou: 0.7126 (0.6659)  time: 1.0630  data: 0.0005  max mem: 31308
Epoch: [5]  [2060/5625]  eta: 1:03:10  lr: 0.000009  train_loss: 0.2922 (0.2414)  train_iou: 0.6321 (0.6653)  time: 1.0564  data: 0.0005  max mem: 31308
Epoch: [5]  [2080/5625]  eta: 1:02:49  lr: 0.000009  train_loss: 0.1599 (0.2413)  train_iou: 0.6954 (0.6658)  time: 1.0609  data: 0.0005  max mem: 31308
Epoch: [5]  [2100/5625]  eta: 1:02:28  lr: 0.000009  train_loss: 0.1966 (0.2414)  train_iou: 0.6744 (0.6661)  time: 1.0597  data: 0.0005  max mem: 31308
Epoch: [5]  [2120/5625]  eta: 1:02:06  lr: 0.000009  train_loss: 0.1870 (0.2408)  train_iou: 0.6572 (0.6662)  time: 1.0566  data: 0.0005  max mem: 31308
Epoch: [5]  [2140/5625]  eta: 1:01:45  lr: 0.000009  train_loss: 0.1847 (0.2411)  train_iou: 0.6704 (0.6664)  time: 1.0602  data: 0.0005  max mem: 31308
Epoch: [5]  [2160/5625]  eta: 1:01:23  lr: 0.000009  train_loss: 0.2172 (0.2410)  train_iou: 0.6186 (0.6663)  time: 1.0626  data: 0.0005  max mem: 31308
Epoch: [5]  [2180/5625]  eta: 1:01:02  lr: 0.000009  train_loss: 0.1962 (0.2409)  train_iou: 0.6559 (0.6662)  time: 1.0671  data: 0.0005  max mem: 31308
Epoch: [5]  [2200/5625]  eta: 1:00:41  lr: 0.000009  train_loss: 0.2878 (0.2414)  train_iou: 0.6624 (0.6663)  time: 1.0584  data: 0.0004  max mem: 31308
Epoch: [5]  [2220/5625]  eta: 1:00:20  lr: 0.000009  train_loss: 0.2241 (0.2417)  train_iou: 0.6433 (0.6662)  time: 1.0787  data: 0.0005  max mem: 31308
Epoch: [5]  [2240/5625]  eta: 0:59:59  lr: 0.000009  train_loss: 0.1679 (0.2416)  train_iou: 0.6640 (0.6662)  time: 1.0680  data: 0.0005  max mem: 31308
Epoch: [5]  [2260/5625]  eta: 0:59:38  lr: 0.000009  train_loss: 0.2712 (0.2419)  train_iou: 0.6572 (0.6661)  time: 1.0608  data: 0.0005  max mem: 31308
Epoch: [5]  [2280/5625]  eta: 0:59:16  lr: 0.000009  train_loss: 0.2048 (0.2418)  train_iou: 0.6381 (0.6660)  time: 1.0625  data: 0.0005  max mem: 31308
Epoch: [5]  [2300/5625]  eta: 0:58:55  lr: 0.000009  train_loss: 0.1979 (0.2417)  train_iou: 0.6627 (0.6659)  time: 1.0643  data: 0.0005  max mem: 31308
Epoch: [5]  [2320/5625]  eta: 0:58:34  lr: 0.000009  train_loss: 0.1928 (0.2417)  train_iou: 0.6189 (0.6660)  time: 1.0665  data: 0.0005  max mem: 31308
Epoch: [5]  [2340/5625]  eta: 0:58:13  lr: 0.000009  train_loss: 0.2242 (0.2419)  train_iou: 0.7103 (0.6662)  time: 1.0747  data: 0.0005  max mem: 31308
Epoch: [5]  [2360/5625]  eta: 0:57:52  lr: 0.000009  train_loss: 0.1679 (0.2420)  train_iou: 0.7014 (0.6663)  time: 1.0613  data: 0.0005  max mem: 31308
Epoch: [5]  [2380/5625]  eta: 0:57:30  lr: 0.000009  train_loss: 0.2551 (0.2422)  train_iou: 0.6383 (0.6661)  time: 1.0624  data: 0.0005  max mem: 31308
Epoch: [5]  [2400/5625]  eta: 0:57:09  lr: 0.000009  train_loss: 0.2014 (0.2422)  train_iou: 0.7392 (0.6666)  time: 1.0624  data: 0.0005  max mem: 31308
Epoch: [5]  [2420/5625]  eta: 0:56:48  lr: 0.000009  train_loss: 0.1723 (0.2419)  train_iou: 0.6977 (0.6670)  time: 1.0619  data: 0.0005  max mem: 31308
Epoch: [5]  [2440/5625]  eta: 0:56:26  lr: 0.000009  train_loss: 0.1929 (0.2418)  train_iou: 0.6544 (0.6671)  time: 1.0523  data: 0.0004  max mem: 31308
Epoch: [5]  [2460/5625]  eta: 0:56:08  lr: 0.000009  train_loss: 0.2216 (0.2419)  train_iou: 0.6545 (0.6667)  time: 1.1893  data: 0.0005  max mem: 31308
Epoch: [5]  [2480/5625]  eta: 0:55:47  lr: 0.000009  train_loss: 0.1384 (0.2415)  train_iou: 0.7028 (0.6670)  time: 1.0604  data: 0.0005  max mem: 31308
Epoch: [5]  [2500/5625]  eta: 0:55:25  lr: 0.000009  train_loss: 0.1800 (0.2413)  train_iou: 0.6989 (0.6672)  time: 1.0580  data: 0.0005  max mem: 31308
Epoch: [5]  [2520/5625]  eta: 0:55:04  lr: 0.000009  train_loss: 0.2007 (0.2413)  train_iou: 0.6767 (0.6671)  time: 1.0633  data: 0.0004  max mem: 31308
Epoch: [5]  [2540/5625]  eta: 0:54:43  lr: 0.000009  train_loss: 0.2108 (0.2415)  train_iou: 0.6493 (0.6671)  time: 1.0649  data: 0.0005  max mem: 31308
Epoch: [5]  [2560/5625]  eta: 0:54:21  lr: 0.000009  train_loss: 0.1250 (0.2411)  train_iou: 0.6989 (0.6672)  time: 1.0578  data: 0.0005  max mem: 31308
Epoch: [5]  [2580/5625]  eta: 0:54:00  lr: 0.000009  train_loss: 0.1903 (0.2409)  train_iou: 0.6679 (0.6672)  time: 1.0551  data: 0.0005  max mem: 31308
Epoch: [5]  [2600/5625]  eta: 0:53:38  lr: 0.000009  train_loss: 0.1881 (0.2409)  train_iou: 0.6612 (0.6671)  time: 1.0608  data: 0.0005  max mem: 31308
Epoch: [5]  [2620/5625]  eta: 0:53:17  lr: 0.000009  train_loss: 0.2202 (0.2409)  train_iou: 0.6642 (0.6671)  time: 1.0641  data: 0.0005  max mem: 31308
Epoch: [5]  [2640/5625]  eta: 0:52:56  lr: 0.000009  train_loss: 0.1614 (0.2408)  train_iou: 0.6335 (0.6670)  time: 1.0649  data: 0.0004  max mem: 31308
Epoch: [5]  [2660/5625]  eta: 0:52:35  lr: 0.000009  train_loss: 0.2231 (0.2411)  train_iou: 0.6560 (0.6669)  time: 1.0635  data: 0.0005  max mem: 31308
Epoch: [5]  [2680/5625]  eta: 0:52:13  lr: 0.000009  train_loss: 0.2118 (0.2410)  train_iou: 0.6439 (0.6670)  time: 1.0602  data: 0.0005  max mem: 31308
Epoch: [5]  [2700/5625]  eta: 0:51:52  lr: 0.000009  train_loss: 0.1536 (0.2406)  train_iou: 0.6945 (0.6669)  time: 1.0629  data: 0.0004  max mem: 31308
Epoch: [5]  [2720/5625]  eta: 0:51:31  lr: 0.000009  train_loss: 0.1828 (0.2406)  train_iou: 0.7247 (0.6671)  time: 1.0615  data: 0.0005  max mem: 31308
Epoch: [5]  [2740/5625]  eta: 0:51:09  lr: 0.000009  train_loss: 0.1876 (0.2403)  train_iou: 0.6413 (0.6669)  time: 1.0578  data: 0.0005  max mem: 31308
Epoch: [5]  [2760/5625]  eta: 0:50:48  lr: 0.000009  train_loss: 0.2451 (0.2406)  train_iou: 0.6359 (0.6668)  time: 1.0572  data: 0.0004  max mem: 31308
Epoch: [5]  [2780/5625]  eta: 0:50:26  lr: 0.000009  train_loss: 0.1791 (0.2405)  train_iou: 0.6708 (0.6669)  time: 1.0588  data: 0.0005  max mem: 31308
Epoch: [5]  [2800/5625]  eta: 0:50:05  lr: 0.000009  train_loss: 0.2220 (0.2406)  train_iou: 0.6404 (0.6668)  time: 1.0676  data: 0.0005  max mem: 31308
Epoch: [5]  [2820/5625]  eta: 0:49:44  lr: 0.000009  train_loss: 0.2066 (0.2406)  train_iou: 0.6479 (0.6668)  time: 1.0587  data: 0.0005  max mem: 31308
Epoch: [5]  [2840/5625]  eta: 0:49:22  lr: 0.000009  train_loss: 0.2043 (0.2407)  train_iou: 0.6980 (0.6669)  time: 1.0589  data: 0.0005  max mem: 31308
Epoch: [5]  [2860/5625]  eta: 0:49:01  lr: 0.000009  train_loss: 0.2352 (0.2408)  train_iou: 0.6713 (0.6670)  time: 1.0628  data: 0.0005  max mem: 31308
Epoch: [5]  [2880/5625]  eta: 0:48:40  lr: 0.000009  train_loss: 0.2005 (0.2410)  train_iou: 0.6371 (0.6666)  time: 1.0621  data: 0.0004  max mem: 31308
Epoch: [5]  [2900/5625]  eta: 0:48:18  lr: 0.000009  train_loss: 0.2721 (0.2414)  train_iou: 0.6340 (0.6665)  time: 1.0640  data: 0.0005  max mem: 31308
Epoch: [5]  [2920/5625]  eta: 0:47:57  lr: 0.000009  train_loss: 0.2606 (0.2415)  train_iou: 0.6647 (0.6664)  time: 1.0639  data: 0.0005  max mem: 31308
Epoch: [5]  [2940/5625]  eta: 0:47:36  lr: 0.000009  train_loss: 0.1556 (0.2413)  train_iou: 0.6418 (0.6666)  time: 1.0607  data: 0.0005  max mem: 31308
Epoch: [5]  [2960/5625]  eta: 0:47:15  lr: 0.000009  train_loss: 0.2136 (0.2416)  train_iou: 0.6178 (0.6661)  time: 1.0626  data: 0.0005  max mem: 31308
Epoch: [5]  [2980/5625]  eta: 0:46:53  lr: 0.000009  train_loss: 0.2233 (0.2419)  train_iou: 0.6729 (0.6661)  time: 1.0596  data: 0.0005  max mem: 31308
Epoch: [5]  [3000/5625]  eta: 0:46:32  lr: 0.000009  train_loss: 0.2403 (0.2420)  train_iou: 0.6490 (0.6657)  time: 1.0557  data: 0.0004  max mem: 31308
Epoch: [5]  [3020/5625]  eta: 0:46:11  lr: 0.000009  train_loss: 0.2281 (0.2420)  train_iou: 0.6615 (0.6656)  time: 1.0619  data: 0.0005  max mem: 31308
Epoch: [5]  [3040/5625]  eta: 0:45:49  lr: 0.000009  train_loss: 0.1923 (0.2418)  train_iou: 0.6818 (0.6658)  time: 1.0593  data: 0.0005  max mem: 31308
Epoch: [5]  [3060/5625]  eta: 0:45:28  lr: 0.000009  train_loss: 0.2069 (0.2417)  train_iou: 0.6641 (0.6658)  time: 1.0554  data: 0.0005  max mem: 31308
Epoch: [5]  [3080/5625]  eta: 0:45:07  lr: 0.000009  train_loss: 0.1795 (0.2416)  train_iou: 0.7144 (0.6659)  time: 1.0718  data: 0.0005  max mem: 31308
Epoch: [5]  [3100/5625]  eta: 0:44:45  lr: 0.000009  train_loss: 0.1687 (0.2415)  train_iou: 0.6469 (0.6657)  time: 1.0583  data: 0.0005  max mem: 31308
Epoch: [5]  [3120/5625]  eta: 0:44:24  lr: 0.000009  train_loss: 0.2022 (0.2415)  train_iou: 0.6755 (0.6657)  time: 1.0630  data: 0.0004  max mem: 31308
Epoch: [5]  [3140/5625]  eta: 0:44:03  lr: 0.000009  train_loss: 0.1697 (0.2412)  train_iou: 0.6943 (0.6658)  time: 1.0706  data: 0.0005  max mem: 31308
Epoch: [5]  [3160/5625]  eta: 0:43:41  lr: 0.000009  train_loss: 0.1465 (0.2412)  train_iou: 0.7568 (0.6662)  time: 1.0558  data: 0.0004  max mem: 31308
Epoch: [5]  [3180/5625]  eta: 0:43:20  lr: 0.000009  train_loss: 0.2288 (0.2413)  train_iou: 0.6877 (0.6661)  time: 1.0588  data: 0.0004  max mem: 31308
Epoch: [5]  [3200/5625]  eta: 0:42:59  lr: 0.000009  train_loss: 0.1859 (0.2412)  train_iou: 0.6663 (0.6660)  time: 1.0699  data: 0.0005  max mem: 31308
Epoch: [5]  [3220/5625]  eta: 0:42:37  lr: 0.000009  train_loss: 0.1970 (0.2411)  train_iou: 0.6864 (0.6662)  time: 1.0565  data: 0.0005  max mem: 31308
Epoch: [5]  [3240/5625]  eta: 0:42:16  lr: 0.000009  train_loss: 0.1861 (0.2413)  train_iou: 0.6988 (0.6662)  time: 1.0616  data: 0.0004  max mem: 31308
Epoch: [5]  [3260/5625]  eta: 0:41:55  lr: 0.000009  train_loss: 0.1833 (0.2413)  train_iou: 0.6136 (0.6660)  time: 1.0647  data: 0.0005  max mem: 31308
Epoch: [5]  [3280/5625]  eta: 0:41:34  lr: 0.000009  train_loss: 0.2011 (0.2413)  train_iou: 0.6668 (0.6660)  time: 1.0696  data: 0.0005  max mem: 31308
Epoch: [5]  [3300/5625]  eta: 0:41:13  lr: 0.000009  train_loss: 0.2437 (0.2414)  train_iou: 0.7216 (0.6662)  time: 1.0728  data: 0.0005  max mem: 31308
Epoch: [5]  [3320/5625]  eta: 0:40:51  lr: 0.000009  train_loss: 0.2384 (0.2415)  train_iou: 0.7403 (0.6662)  time: 1.0681  data: 0.0005  max mem: 31308
Epoch: [5]  [3340/5625]  eta: 0:40:30  lr: 0.000009  train_loss: 0.2123 (0.2413)  train_iou: 0.6754 (0.6661)  time: 1.0604  data: 0.0004  max mem: 31308
Epoch: [5]  [3360/5625]  eta: 0:40:09  lr: 0.000009  train_loss: 0.2226 (0.2414)  train_iou: 0.6818 (0.6662)  time: 1.0587  data: 0.0004  max mem: 31308
Epoch: [5]  [3380/5625]  eta: 0:39:47  lr: 0.000009  train_loss: 0.2236 (0.2413)  train_iou: 0.6601 (0.6662)  time: 1.0620  data: 0.0005  max mem: 31308
Epoch: [5]  [3400/5625]  eta: 0:39:26  lr: 0.000009  train_loss: 0.2374 (0.2416)  train_iou: 0.6112 (0.6660)  time: 1.0520  data: 0.0004  max mem: 31308
Epoch: [5]  [3420/5625]  eta: 0:39:05  lr: 0.000009  train_loss: 0.1879 (0.2415)  train_iou: 0.6558 (0.6659)  time: 1.0592  data: 0.0005  max mem: 31308
Epoch: [5]  [3440/5625]  eta: 0:38:43  lr: 0.000009  train_loss: 0.2051 (0.2416)  train_iou: 0.6707 (0.6659)  time: 1.0677  data: 0.0005  max mem: 31308
Epoch: [5]  [3460/5625]  eta: 0:38:22  lr: 0.000009  train_loss: 0.2079 (0.2415)  train_iou: 0.6843 (0.6661)  time: 1.0714  data: 0.0005  max mem: 31308
Epoch: [5]  [3480/5625]  eta: 0:38:01  lr: 0.000009  train_loss: 0.1499 (0.2413)  train_iou: 0.7198 (0.6663)  time: 1.0618  data: 0.0004  max mem: 31308
Epoch: [5]  [3500/5625]  eta: 0:37:40  lr: 0.000009  train_loss: 0.1876 (0.2413)  train_iou: 0.7386 (0.6666)  time: 1.0681  data: 0.0005  max mem: 31308
Epoch: [5]  [3520/5625]  eta: 0:37:19  lr: 0.000009  train_loss: 0.2486 (0.2414)  train_iou: 0.7183 (0.6668)  time: 1.0646  data: 0.0004  max mem: 31308
Epoch: [5]  [3540/5625]  eta: 0:36:57  lr: 0.000009  train_loss: 0.2366 (0.2413)  train_iou: 0.6392 (0.6668)  time: 1.0648  data: 0.0005  max mem: 31308
Epoch: [5]  [3560/5625]  eta: 0:36:36  lr: 0.000009  train_loss: 0.1870 (0.2412)  train_iou: 0.6481 (0.6668)  time: 1.0732  data: 0.0005  max mem: 31308
Epoch: [5]  [3580/5625]  eta: 0:36:15  lr: 0.000009  train_loss: 0.2098 (0.2411)  train_iou: 0.6595 (0.6667)  time: 1.0588  data: 0.0004  max mem: 31308
Epoch: [5]  [3600/5625]  eta: 0:35:53  lr: 0.000009  train_loss: 0.2127 (0.2412)  train_iou: 0.6587 (0.6665)  time: 1.0641  data: 0.0005  max mem: 31308
Epoch: [5]  [3620/5625]  eta: 0:35:32  lr: 0.000009  train_loss: 0.2600 (0.2414)  train_iou: 0.7322 (0.6667)  time: 1.0604  data: 0.0005  max mem: 31308
Epoch: [5]  [3640/5625]  eta: 0:35:11  lr: 0.000009  train_loss: 0.2484 (0.2417)  train_iou: 0.6727 (0.6666)  time: 1.0612  data: 0.0004  max mem: 31308
Epoch: [5]  [3660/5625]  eta: 0:34:50  lr: 0.000009  train_loss: 0.2525 (0.2420)  train_iou: 0.6246 (0.6665)  time: 1.0583  data: 0.0004  max mem: 31308
Epoch: [5]  [3680/5625]  eta: 0:34:28  lr: 0.000009  train_loss: 0.1587 (0.2417)  train_iou: 0.7081 (0.6666)  time: 1.0696  data: 0.0005  max mem: 31308
Epoch: [5]  [3700/5625]  eta: 0:34:07  lr: 0.000009  train_loss: 0.2833 (0.2421)  train_iou: 0.6706 (0.6665)  time: 1.0608  data: 0.0005  max mem: 31308
Epoch: [5]  [3720/5625]  eta: 0:33:46  lr: 0.000009  train_loss: 0.1736 (0.2418)  train_iou: 0.6890 (0.6665)  time: 1.0616  data: 0.0004  max mem: 31308
Epoch: [5]  [3740/5625]  eta: 0:33:25  lr: 0.000009  train_loss: 0.1860 (0.2417)  train_iou: 0.6966 (0.6667)  time: 1.0715  data: 0.0005  max mem: 31308
Epoch: [5]  [3760/5625]  eta: 0:33:03  lr: 0.000009  train_loss: 0.2159 (0.2418)  train_iou: 0.6791 (0.6668)  time: 1.0672  data: 0.0004  max mem: 31308
Epoch: [5]  [3780/5625]  eta: 0:32:42  lr: 0.000009  train_loss: 0.1721 (0.2418)  train_iou: 0.6620 (0.6670)  time: 1.0712  data: 0.0004  max mem: 31308
Epoch: [5]  [3800/5625]  eta: 0:32:22  lr: 0.000009  train_loss: 0.2062 (0.2418)  train_iou: 0.6792 (0.6668)  time: 1.1911  data: 0.0005  max mem: 31308
Epoch: [5]  [3820/5625]  eta: 0:32:01  lr: 0.000009  train_loss: 0.1520 (0.2414)  train_iou: 0.7267 (0.6671)  time: 1.0628  data: 0.0004  max mem: 31308
Epoch: [5]  [3840/5625]  eta: 0:31:40  lr: 0.000009  train_loss: 0.2320 (0.2417)  train_iou: 0.6829 (0.6672)  time: 1.0707  data: 0.0004  max mem: 31308
Epoch: [5]  [3860/5625]  eta: 0:31:18  lr: 0.000009  train_loss: 0.1698 (0.2416)  train_iou: 0.7305 (0.6674)  time: 1.0627  data: 0.0004  max mem: 31308
Epoch: [5]  [3880/5625]  eta: 0:30:57  lr: 0.000009  train_loss: 0.1863 (0.2417)  train_iou: 0.6606 (0.6675)  time: 1.0593  data: 0.0005  max mem: 31308
Epoch: [5]  [3900/5625]  eta: 0:30:36  lr: 0.000009  train_loss: 0.1615 (0.2416)  train_iou: 0.6601 (0.6676)  time: 1.0654  data: 0.0005  max mem: 31308
Epoch: [5]  [3920/5625]  eta: 0:30:14  lr: 0.000009  train_loss: 0.2214 (0.2416)  train_iou: 0.6545 (0.6675)  time: 1.0634  data: 0.0005  max mem: 31308
Epoch: [5]  [3940/5625]  eta: 0:29:53  lr: 0.000009  train_loss: 0.1370 (0.2413)  train_iou: 0.6405 (0.6675)  time: 1.0702  data: 0.0005  max mem: 31308
Epoch: [5]  [3960/5625]  eta: 0:29:32  lr: 0.000009  train_loss: 0.1821 (0.2412)  train_iou: 0.7026 (0.6676)  time: 1.0596  data: 0.0004  max mem: 31308
Epoch: [5]  [3980/5625]  eta: 0:29:10  lr: 0.000009  train_loss: 0.1924 (0.2411)  train_iou: 0.6857 (0.6676)  time: 1.0653  data: 0.0005  max mem: 31308
Epoch: [5]  [4000/5625]  eta: 0:28:49  lr: 0.000009  train_loss: 0.1606 (0.2409)  train_iou: 0.6366 (0.6676)  time: 1.0648  data: 0.0005  max mem: 31308
Epoch: [5]  [4020/5625]  eta: 0:28:28  lr: 0.000009  train_loss: 0.2514 (0.2410)  train_iou: 0.7086 (0.6677)  time: 1.0597  data: 0.0005  max mem: 31308
Epoch: [5]  [4040/5625]  eta: 0:28:07  lr: 0.000009  train_loss: 0.1869 (0.2410)  train_iou: 0.6605 (0.6677)  time: 1.0656  data: 0.0004  max mem: 31308
Epoch: [5]  [4060/5625]  eta: 0:27:45  lr: 0.000009  train_loss: 0.2073 (0.2408)  train_iou: 0.6550 (0.6675)  time: 1.0696  data: 0.0005  max mem: 31308
Epoch: [5]  [4080/5625]  eta: 0:27:24  lr: 0.000009  train_loss: 0.1553 (0.2406)  train_iou: 0.6856 (0.6674)  time: 1.0571  data: 0.0005  max mem: 31308
Epoch: [5]  [4100/5625]  eta: 0:27:03  lr: 0.000009  train_loss: 0.1829 (0.2405)  train_iou: 0.6435 (0.6673)  time: 1.0585  data: 0.0005  max mem: 31308
Epoch: [5]  [4120/5625]  eta: 0:26:41  lr: 0.000009  train_loss: 0.1966 (0.2404)  train_iou: 0.6133 (0.6670)  time: 1.0742  data: 0.0005  max mem: 31308
Epoch: [5]  [4140/5625]  eta: 0:26:20  lr: 0.000009  train_loss: 0.1999 (0.2404)  train_iou: 0.6410 (0.6667)  time: 1.0681  data: 0.0005  max mem: 31308
Epoch: [5]  [4160/5625]  eta: 0:25:59  lr: 0.000009  train_loss: 0.1646 (0.2405)  train_iou: 0.6832 (0.6668)  time: 1.0624  data: 0.0004  max mem: 31308
Epoch: [5]  [4180/5625]  eta: 0:25:38  lr: 0.000009  train_loss: 0.1873 (0.2403)  train_iou: 0.6648 (0.6668)  time: 1.0709  data: 0.0005  max mem: 31308
Epoch: [5]  [4200/5625]  eta: 0:25:16  lr: 0.000009  train_loss: 0.1757 (0.2402)  train_iou: 0.6536 (0.6669)  time: 1.0665  data: 0.0005  max mem: 31308
Epoch: [5]  [4220/5625]  eta: 0:24:55  lr: 0.000009  train_loss: 0.1919 (0.2402)  train_iou: 0.6620 (0.6669)  time: 1.0682  data: 0.0005  max mem: 31308
Epoch: [5]  [4240/5625]  eta: 0:24:34  lr: 0.000009  train_loss: 0.1711 (0.2401)  train_iou: 0.6290 (0.6667)  time: 1.0632  data: 0.0004  max mem: 31308
Epoch: [5]  [4260/5625]  eta: 0:24:13  lr: 0.000009  train_loss: 0.2555 (0.2403)  train_iou: 0.5907 (0.6665)  time: 1.0676  data: 0.0005  max mem: 31308
Epoch: [5]  [4280/5625]  eta: 0:23:51  lr: 0.000009  train_loss: 0.2611 (0.2405)  train_iou: 0.6031 (0.6663)  time: 1.0629  data: 0.0004  max mem: 31308
Epoch: [5]  [4300/5625]  eta: 0:23:30  lr: 0.000009  train_loss: 0.2393 (0.2407)  train_iou: 0.7222 (0.6665)  time: 1.0597  data: 0.0005  max mem: 31308
Epoch: [5]  [4320/5625]  eta: 0:23:09  lr: 0.000009  train_loss: 0.2229 (0.2407)  train_iou: 0.6828 (0.6665)  time: 1.0589  data: 0.0005  max mem: 31308
Epoch: [5]  [4340/5625]  eta: 0:22:47  lr: 0.000009  train_loss: 0.2293 (0.2410)  train_iou: 0.6587 (0.6664)  time: 1.0666  data: 0.0005  max mem: 31308
Epoch: [5]  [4360/5625]  eta: 0:22:26  lr: 0.000009  train_loss: 0.2858 (0.2413)  train_iou: 0.6267 (0.6661)  time: 1.0685  data: 0.0005  max mem: 31308
Epoch: [5]  [4380/5625]  eta: 0:22:05  lr: 0.000009  train_loss: 0.1479 (0.2411)  train_iou: 0.6858 (0.6661)  time: 1.0699  data: 0.0005  max mem: 31308
Epoch: [5]  [4400/5625]  eta: 0:21:44  lr: 0.000009  train_loss: 0.2130 (0.2411)  train_iou: 0.5847 (0.6659)  time: 1.0685  data: 0.0004  max mem: 31308
Epoch: [5]  [4420/5625]  eta: 0:21:22  lr: 0.000009  train_loss: 0.1632 (0.2410)  train_iou: 0.6894 (0.6661)  time: 1.0581  data: 0.0005  max mem: 31308
Epoch: [5]  [4440/5625]  eta: 0:21:01  lr: 0.000009  train_loss: 0.2346 (0.2411)  train_iou: 0.6875 (0.6661)  time: 1.0628  data: 0.0005  max mem: 31308
Epoch: [5]  [4460/5625]  eta: 0:20:40  lr: 0.000009  train_loss: 0.2695 (0.2413)  train_iou: 0.6101 (0.6660)  time: 1.0556  data: 0.0005  max mem: 31308
Epoch: [5]  [4480/5625]  eta: 0:20:18  lr: 0.000009  train_loss: 0.2052 (0.2412)  train_iou: 0.6695 (0.6660)  time: 1.0647  data: 0.0005  max mem: 31308
Epoch: [5]  [4500/5625]  eta: 0:19:57  lr: 0.000009  train_loss: 0.2298 (0.2414)  train_iou: 0.6194 (0.6658)  time: 1.0605  data: 0.0005  max mem: 31308
Epoch: [5]  [4520/5625]  eta: 0:19:36  lr: 0.000009  train_loss: 0.1941 (0.2413)  train_iou: 0.6637 (0.6658)  time: 1.0652  data: 0.0005  max mem: 31308
Epoch: [5]  [4540/5625]  eta: 0:19:14  lr: 0.000009  train_loss: 0.1777 (0.2412)  train_iou: 0.6938 (0.6659)  time: 1.0661  data: 0.0005  max mem: 31308
Epoch: [5]  [4560/5625]  eta: 0:18:53  lr: 0.000009  train_loss: 0.2201 (0.2411)  train_iou: 0.6149 (0.6655)  time: 1.0624  data: 0.0005  max mem: 31308
Epoch: [5]  [4580/5625]  eta: 0:18:32  lr: 0.000009  train_loss: 0.2110 (0.2412)  train_iou: 0.6640 (0.6655)  time: 1.0621  data: 0.0004  max mem: 31308
Epoch: [5]  [4600/5625]  eta: 0:18:11  lr: 0.000009  train_loss: 0.2048 (0.2411)  train_iou: 0.6673 (0.6655)  time: 1.0687  data: 0.0005  max mem: 31308
Epoch: [5]  [4620/5625]  eta: 0:17:49  lr: 0.000009  train_loss: 0.1430 (0.2409)  train_iou: 0.6673 (0.6656)  time: 1.0678  data: 0.0005  max mem: 31308
Epoch: [5]  [4640/5625]  eta: 0:17:28  lr: 0.000009  train_loss: 0.2062 (0.2410)  train_iou: 0.6371 (0.6656)  time: 1.0593  data: 0.0005  max mem: 31308
Epoch: [5]  [4660/5625]  eta: 0:17:07  lr: 0.000009  train_loss: 0.1486 (0.2407)  train_iou: 0.7022 (0.6657)  time: 1.0665  data: 0.0004  max mem: 31308
Epoch: [5]  [4680/5625]  eta: 0:16:45  lr: 0.000009  train_loss: 0.2060 (0.2407)  train_iou: 0.6551 (0.6658)  time: 1.0650  data: 0.0005  max mem: 31308
Epoch: [5]  [4700/5625]  eta: 0:16:24  lr: 0.000009  train_loss: 0.2501 (0.2410)  train_iou: 0.6620 (0.6659)  time: 1.0571  data: 0.0005  max mem: 31308
Epoch: [5]  [4720/5625]  eta: 0:16:03  lr: 0.000009  train_loss: 0.2028 (0.2411)  train_iou: 0.6618 (0.6658)  time: 1.0588  data: 0.0005  max mem: 31308
Epoch: [5]  [4740/5625]  eta: 0:15:41  lr: 0.000009  train_loss: 0.2035 (0.2412)  train_iou: 0.6821 (0.6658)  time: 1.0613  data: 0.0005  max mem: 31308
Epoch: [5]  [4760/5625]  eta: 0:15:20  lr: 0.000009  train_loss: 0.2123 (0.2414)  train_iou: 0.6366 (0.6658)  time: 1.0528  data: 0.0004  max mem: 31308
Epoch: [5]  [4780/5625]  eta: 0:14:59  lr: 0.000009  train_loss: 0.2185 (0.2413)  train_iou: 0.6391 (0.6658)  time: 1.0583  data: 0.0004  max mem: 31308
Epoch: [5]  [4800/5625]  eta: 0:14:38  lr: 0.000009  train_loss: 0.1904 (0.2413)  train_iou: 0.6486 (0.6657)  time: 1.0657  data: 0.0005  max mem: 31308
Epoch: [5]  [4820/5625]  eta: 0:14:16  lr: 0.000009  train_loss: 0.2389 (0.2415)  train_iou: 0.6248 (0.6655)  time: 1.0665  data: 0.0005  max mem: 31308
Epoch: [5]  [4840/5625]  eta: 0:13:55  lr: 0.000009  train_loss: 0.2471 (0.2416)  train_iou: 0.6829 (0.6655)  time: 1.0636  data: 0.0005  max mem: 31308
Epoch: [5]  [4860/5625]  eta: 0:13:34  lr: 0.000009  train_loss: 0.2515 (0.2418)  train_iou: 0.6493 (0.6653)  time: 1.0628  data: 0.0005  max mem: 31308
Epoch: [5]  [4880/5625]  eta: 0:13:12  lr: 0.000009  train_loss: 0.2407 (0.2420)  train_iou: 0.6737 (0.6653)  time: 1.0718  data: 0.0004  max mem: 31308
Epoch: [5]  [4900/5625]  eta: 0:12:51  lr: 0.000009  train_loss: 0.2414 (0.2421)  train_iou: 0.7295 (0.6654)  time: 1.0624  data: 0.0004  max mem: 31308
Epoch: [5]  [4920/5625]  eta: 0:12:30  lr: 0.000009  train_loss: 0.2128 (0.2421)  train_iou: 0.5661 (0.6651)  time: 1.0635  data: 0.0005  max mem: 31308
Epoch: [5]  [4940/5625]  eta: 0:12:09  lr: 0.000009  train_loss: 0.1687 (0.2421)  train_iou: 0.6612 (0.6650)  time: 1.0575  data: 0.0004  max mem: 31308
Epoch: [5]  [4960/5625]  eta: 0:11:47  lr: 0.000009  train_loss: 0.2097 (0.2421)  train_iou: 0.6579 (0.6650)  time: 1.0668  data: 0.0004  max mem: 31308
Epoch: [5]  [4980/5625]  eta: 0:11:26  lr: 0.000009  train_loss: 0.1388 (0.2419)  train_iou: 0.6936 (0.6650)  time: 1.0691  data: 0.0005  max mem: 31308
Epoch: [5]  [5000/5625]  eta: 0:11:05  lr: 0.000009  train_loss: 0.1866 (0.2419)  train_iou: 0.7011 (0.6652)  time: 1.0697  data: 0.0005  max mem: 31308
Epoch: [5]  [5020/5625]  eta: 0:10:43  lr: 0.000009  train_loss: 0.1802 (0.2418)  train_iou: 0.6920 (0.6652)  time: 1.0696  data: 0.0004  max mem: 31308
Epoch: [5]  [5040/5625]  eta: 0:10:22  lr: 0.000009  train_loss: 0.2161 (0.2418)  train_iou: 0.6601 (0.6651)  time: 1.0729  data: 0.0005  max mem: 31308
Epoch: [5]  [5060/5625]  eta: 0:10:01  lr: 0.000009  train_loss: 0.2005 (0.2420)  train_iou: 0.6671 (0.6651)  time: 1.0626  data: 0.0005  max mem: 31308
Epoch: [5]  [5080/5625]  eta: 0:09:40  lr: 0.000009  train_loss: 0.1904 (0.2419)  train_iou: 0.6978 (0.6652)  time: 1.0611  data: 0.0004  max mem: 31308
Epoch: [5]  [5100/5625]  eta: 0:09:18  lr: 0.000009  train_loss: 0.1921 (0.2420)  train_iou: 0.6679 (0.6652)  time: 1.0599  data: 0.0005  max mem: 31308
Epoch: [5]  [5120/5625]  eta: 0:08:57  lr: 0.000009  train_loss: 0.2018 (0.2422)  train_iou: 0.6529 (0.6651)  time: 1.0706  data: 0.0005  max mem: 31308
Epoch: [5]  [5140/5625]  eta: 0:08:36  lr: 0.000009  train_loss: 0.2491 (0.2422)  train_iou: 0.6647 (0.6651)  time: 1.1891  data: 0.0004  max mem: 31308
Epoch: [5]  [5160/5625]  eta: 0:08:15  lr: 0.000009  train_loss: 0.1995 (0.2421)  train_iou: 0.6994 (0.6652)  time: 1.0701  data: 0.0004  max mem: 31308
Epoch: [5]  [5180/5625]  eta: 0:07:53  lr: 0.000009  train_loss: 0.2055 (0.2421)  train_iou: 0.6142 (0.6651)  time: 1.0738  data: 0.0004  max mem: 31308
Epoch: [5]  [5200/5625]  eta: 0:07:32  lr: 0.000009  train_loss: 0.2017 (0.2421)  train_iou: 0.6513 (0.6651)  time: 1.0668  data: 0.0004  max mem: 31308
Epoch: [5]  [5220/5625]  eta: 0:07:11  lr: 0.000009  train_loss: 0.1613 (0.2420)  train_iou: 0.6920 (0.6651)  time: 1.0673  data: 0.0004  max mem: 31308
Epoch: [5]  [5240/5625]  eta: 0:06:49  lr: 0.000009  train_loss: 0.1839 (0.2419)  train_iou: 0.6743 (0.6653)  time: 1.0629  data: 0.0004  max mem: 31308
Epoch: [5]  [5260/5625]  eta: 0:06:28  lr: 0.000009  train_loss: 0.1921 (0.2419)  train_iou: 0.6417 (0.6652)  time: 1.0704  data: 0.0004  max mem: 31308
Epoch: [5]  [5280/5625]  eta: 0:06:07  lr: 0.000009  train_loss: 0.1813 (0.2418)  train_iou: 0.6713 (0.6652)  time: 1.0684  data: 0.0005  max mem: 31308
Epoch: [5]  [5300/5625]  eta: 0:05:46  lr: 0.000009  train_loss: 0.2317 (0.2419)  train_iou: 0.6767 (0.6653)  time: 1.0671  data: 0.0004  max mem: 31308
Epoch: [5]  [5320/5625]  eta: 0:05:24  lr: 0.000009  train_loss: 0.1767 (0.2418)  train_iou: 0.6821 (0.6653)  time: 1.0693  data: 0.0004  max mem: 31308
Epoch: [5]  [5340/5625]  eta: 0:05:03  lr: 0.000009  train_loss: 0.1743 (0.2418)  train_iou: 0.7217 (0.6654)  time: 1.0694  data: 0.0005  max mem: 31308
Epoch: [5]  [5360/5625]  eta: 0:04:42  lr: 0.000009  train_loss: 0.1723 (0.2418)  train_iou: 0.7149 (0.6655)  time: 1.0697  data: 0.0004  max mem: 31308
Epoch: [5]  [5380/5625]  eta: 0:04:20  lr: 0.000009  train_loss: 0.1710 (0.2418)  train_iou: 0.6764 (0.6655)  time: 1.0706  data: 0.0005  max mem: 31308
Epoch: [5]  [5400/5625]  eta: 0:03:59  lr: 0.000009  train_loss: 0.1597 (0.2417)  train_iou: 0.7570 (0.6656)  time: 1.0685  data: 0.0004  max mem: 31308
Epoch: [5]  [5420/5625]  eta: 0:03:38  lr: 0.000009  train_loss: 0.1808 (0.2415)  train_iou: 0.6851 (0.6657)  time: 1.0605  data: 0.0004  max mem: 31308
Epoch: [5]  [5440/5625]  eta: 0:03:17  lr: 0.000009  train_loss: 0.1853 (0.2415)  train_iou: 0.6277 (0.6655)  time: 1.0636  data: 0.0004  max mem: 31308
Epoch: [5]  [5460/5625]  eta: 0:02:55  lr: 0.000009  train_loss: 0.1491 (0.2413)  train_iou: 0.6566 (0.6656)  time: 1.0628  data: 0.0004  max mem: 31308
Epoch: [5]  [5480/5625]  eta: 0:02:34  lr: 0.000009  train_loss: 0.1896 (0.2412)  train_iou: 0.6644 (0.6657)  time: 1.0593  data: 0.0004  max mem: 31308
Epoch: [5]  [5500/5625]  eta: 0:02:13  lr: 0.000009  train_loss: 0.1339 (0.2410)  train_iou: 0.6596 (0.6657)  time: 1.0654  data: 0.0004  max mem: 31308
Epoch: [5]  [5520/5625]  eta: 0:01:51  lr: 0.000009  train_loss: 0.2451 (0.2411)  train_iou: 0.6430 (0.6656)  time: 1.0686  data: 0.0005  max mem: 31308
Epoch: [5]  [5540/5625]  eta: 0:01:30  lr: 0.000009  train_loss: 0.1486 (0.2411)  train_iou: 0.7029 (0.6656)  time: 1.0565  data: 0.0004  max mem: 31308
Epoch: [5]  [5560/5625]  eta: 0:01:09  lr: 0.000009  train_loss: 0.1919 (0.2410)  train_iou: 0.6959 (0.6658)  time: 1.0569  data: 0.0004  max mem: 31308
Epoch: [5]  [5580/5625]  eta: 0:00:47  lr: 0.000009  train_loss: 0.1202 (0.2407)  train_iou: 0.6752 (0.6659)  time: 1.0662  data: 0.0005  max mem: 31308
Epoch: [5]  [5600/5625]  eta: 0:00:26  lr: 0.000009  train_loss: 0.2316 (0.2409)  train_iou: 0.6270 (0.6659)  time: 1.0672  data: 0.0004  max mem: 31308
Epoch: [5]  [5620/5625]  eta: 0:00:05  lr: 0.000009  train_loss: 0.1837 (0.2408)  train_iou: 0.6535 (0.6659)  time: 0.9661  data: 0.0003  max mem: 31308
Epoch: [5]  [5624/5625]  eta: 0:00:01  lr: 0.000009  train_loss: 0.1639 (0.2407)  train_iou: 0.7279 (0.6660)  time: 0.9316  data: 0.0002  max mem: 31308
Epoch: [5] Total time: 1:39:48 (1.0647 s / it)
Averaged stats: lr: 0.000009  train_loss: 0.1639 (0.2407)  train_iou: 0.7279 (0.6660)
huggingface/tokenizers: The current process just got forked, after parallelism has already been used. Disabling parallelism to avoid deadlocks...
To disable this warning, you can either:
	- Avoid using `tokenizers` before the fork if possible
	- Explicitly set the environment variable TOKENIZERS_PARALLELISM=(true | false)
huggingface/tokenizers: The current process just got forked, after parallelism has already been used. Disabling parallelism to avoid deadlocks...
To disable this warning, you can either:
	- Avoid using `tokenizers` before the fork if possible
	- Explicitly set the environment variable TOKENIZERS_PARALLELISM=(true | false)
huggingface/tokenizers: The current process just got forked, after parallelism has already been used. Disabling parallelism to avoid deadlocks...
To disable this warning, you can either:
	- Avoid using `tokenizers` before the fork if possible
	- Explicitly set the environment variable TOKENIZERS_PARALLELISM=(true | false)
huggingface/tokenizers: The current process just got forked, after parallelism has already been used. Disabling parallelism to avoid deadlocks...
To disable this warning, you can either:
	- Avoid using `tokenizers` before the fork if possible
	- Explicitly set the environment variable TOKENIZERS_PARALLELISM=(true | false)
huggingface/tokenizers: The current process just got forked, after parallelism has already been used. Disabling parallelism to avoid deadlocks...
To disable this warning, you can either:
	- Avoid using `tokenizers` before the fork if possible
	- Explicitly set the environment variable TOKENIZERS_PARALLELISM=(true | false)
huggingface/tokenizers: The current process just got forked, after parallelism has already been used. Disabling parallelism to avoid deadlocks...
To disable this warning, you can either:
	- Avoid using `tokenizers` before the fork if possible
	- Explicitly set the environment variable TOKENIZERS_PARALLELISM=(true | false)
huggingface/tokenizers: The current process just got forked, after parallelism has already been used. Disabling parallelism to avoid deadlocks...
To disable this warning, you can either:
	- Avoid using `tokenizers` before the fork if possible
	- Explicitly set the environment variable TOKENIZERS_PARALLELISM=(true | false)
huggingface/tokenizers: The current process just got forked, after parallelism has already been used. Disabling parallelism to avoid deadlocks...
To disable this warning, you can either:
	- Avoid using `tokenizers` before the fork if possible
	- Explicitly set the environment variable TOKENIZERS_PARALLELISM=(true | false)
Test:  [   0/4000]  eta: 1:54:26  inter: 33379.0000 (33379.0000)  union: 36665.0000 (36665.0000)  iou: 0.9104 (0.9104)  time: 1.7165  data: 1.2157  max mem: 31308
Test:  [  50/4000]  eta: 0:16:06  inter: 24861.0000 (27880.7344)  union: 49806.0000 (49018.5156)  iou: 0.4410 (0.5558)  time: 0.2204  data: 0.0005  max mem: 31308
Test:  [ 100/4000]  eta: 0:15:11  inter: 32451.0000 (30187.8309)  union: 48079.0000 (47037.7647)  iou: 0.8176 (0.6182)  time: 0.2191  data: 0.0005  max mem: 31308
Test:  [ 150/4000]  eta: 0:14:46  inter: 19147.0000 (29165.4450)  union: 30465.0000 (44103.3445)  iou: 0.8051 (0.6418)  time: 0.2276  data: 0.0005  max mem: 31308
Test:  [ 200/4000]  eta: 0:14:19  inter: 35387.0000 (29572.6190)  union: 38407.0000 (43384.0769)  iou: 0.9083 (0.6529)  time: 0.2131  data: 0.0005  max mem: 31308
Test:  [ 250/4000]  eta: 0:13:58  inter: 15982.0000 (31423.8464)  union: 32975.0000 (44932.6988)  iou: 0.6050 (0.6495)  time: 0.2108  data: 0.0005  max mem: 31308
Test:  [ 300/4000]  eta: 0:13:47  inter: 23000.0000 (30728.7469)  union: 25104.0000 (43976.5806)  iou: 0.8100 (0.6436)  time: 0.2262  data: 0.0005  max mem: 31308
Test:  [ 350/4000]  eta: 0:13:40  inter: 9166.0000 (29593.3802)  union: 38427.0000 (43900.3616)  iou: 0.4660 (0.6287)  time: 0.2308  data: 0.0005  max mem: 31308
Test:  [ 400/4000]  eta: 0:13:28  inter: 31128.0000 (28841.5125)  union: 36769.0000 (43154.2929)  iou: 0.7710 (0.6260)  time: 0.2130  data: 0.0005  max mem: 31308
Test:  [ 450/4000]  eta: 0:13:15  inter: 22543.0000 (28561.9000)  union: 38374.0000 (43178.3127)  iou: 0.7837 (0.6253)  time: 0.2309  data: 0.0005  max mem: 31308
Test:  [ 500/4000]  eta: 0:13:01  inter: 17456.0000 (29450.0960)  union: 39048.0000 (44066.8668)  iou: 0.7962 (0.6289)  time: 0.2116  data: 0.0005  max mem: 31308
Test:  [ 550/4000]  eta: 0:12:52  inter: 23963.0000 (29430.5643)  union: 29401.0000 (43702.9370)  iou: 0.8661 (0.6357)  time: 0.2251  data: 0.0005  max mem: 31308
Test:  [ 600/4000]  eta: 0:12:39  inter: 10856.0000 (29354.7728)  union: 35720.0000 (43620.2592)  iou: 0.7119 (0.6318)  time: 0.2196  data: 0.0005  max mem: 31308
Test:  [ 650/4000]  eta: 0:12:25  inter: 30324.0000 (29929.0497)  union: 40922.0000 (43870.5834)  iou: 0.7492 (0.6330)  time: 0.2120  data: 0.0005  max mem: 31308
Test:  [ 700/4000]  eta: 0:12:12  inter: 21589.0000 (29540.0883)  union: 28981.0000 (43597.8912)  iou: 0.5897 (0.6266)  time: 0.2124  data: 0.0005  max mem: 31308
Test:  [ 750/4000]  eta: 0:12:02  inter: 27357.0000 (29312.0666)  union: 29949.0000 (43355.8620)  iou: 0.8758 (0.6283)  time: 0.2346  data: 0.0005  max mem: 31308
Test:  [ 800/4000]  eta: 0:11:50  inter: 19818.0000 (28960.8196)  union: 47379.0000 (42976.1813)  iou: 0.6810 (0.6267)  time: 0.2262  data: 0.0005  max mem: 31308
Test:  [ 850/4000]  eta: 0:11:40  inter: 22348.0000 (28888.0787)  union: 36316.0000 (42878.4762)  iou: 0.7803 (0.6261)  time: 0.2114  data: 0.0005  max mem: 31308
Test:  [ 900/4000]  eta: 0:11:29  inter: 23665.0000 (29114.7968)  union: 30417.0000 (43385.4846)  iou: 0.7482 (0.6234)  time: 0.2096  data: 0.0005  max mem: 31308
Test:  [ 950/4000]  eta: 0:11:17  inter: 25020.0000 (29270.9722)  union: 30824.0000 (43486.8342)  iou: 0.8462 (0.6224)  time: 0.2182  data: 0.0005  max mem: 31308
Test:  [1000/4000]  eta: 0:11:05  inter: 26888.0000 (29477.4326)  union: 37440.0000 (43696.3307)  iou: 0.7285 (0.6236)  time: 0.2106  data: 0.0005  max mem: 31308
Test:  [1050/4000]  eta: 0:10:54  inter: 25863.0000 (29529.8748)  union: 39813.0000 (43745.7293)  iou: 0.6799 (0.6232)  time: 0.2214  data: 0.0005  max mem: 31308
Test:  [1100/4000]  eta: 0:10:42  inter: 22487.0000 (29289.0443)  union: 32407.0000 (43461.5534)  iou: 0.6923 (0.6207)  time: 0.2177  data: 0.0005  max mem: 31308
Test:  [1150/4000]  eta: 0:10:31  inter: 14805.0000 (29366.7227)  union: 23968.0000 (43180.5893)  iou: 0.7788 (0.6247)  time: 0.2284  data: 0.0005  max mem: 31308
Test:  [1200/4000]  eta: 0:10:20  inter: 16479.0000 (29523.7693)  union: 29828.0000 (43506.4096)  iou: 0.8019 (0.6234)  time: 0.2212  data: 0.0005  max mem: 31308
Test:  [1250/4000]  eta: 0:10:10  inter: 9784.0000 (29224.2232)  union: 35817.0000 (43323.2771)  iou: 0.2230 (0.6207)  time: 0.2348  data: 0.0005  max mem: 31308
Test:  [1300/4000]  eta: 0:09:59  inter: 24651.0000 (28949.5232)  union: 35857.0000 (43109.8738)  iou: 0.6091 (0.6207)  time: 0.2254  data: 0.0005  max mem: 31308
Test:  [1350/4000]  eta: 0:09:48  inter: 27983.0000 (28989.7795)  union: 34841.0000 (43153.6332)  iou: 0.8353 (0.6210)  time: 0.2238  data: 0.0005  max mem: 31308
Test:  [1400/4000]  eta: 0:09:37  inter: 9955.0000 (29099.8593)  union: 11787.0000 (43441.9433)  iou: 0.7814 (0.6189)  time: 0.2256  data: 0.0005  max mem: 31308
Test:  [1450/4000]  eta: 0:09:26  inter: 15657.0000 (28963.8900)  union: 37541.0000 (43294.1252)  iou: 0.5469 (0.6173)  time: 0.2201  data: 0.0005  max mem: 31308
Test:  [1500/4000]  eta: 0:09:15  inter: 17877.0000 (28980.0922)  union: 40466.0000 (43390.9465)  iou: 0.5300 (0.6145)  time: 0.2183  data: 0.0005  max mem: 31308
Test:  [1550/4000]  eta: 0:09:05  inter: 22312.0000 (28875.3444)  union: 31053.0000 (43294.9380)  iou: 0.8231 (0.6155)  time: 0.2366  data: 0.0005  max mem: 31308
Test:  [1600/4000]  eta: 0:08:54  inter: 15627.0000 (28794.0952)  union: 39117.0000 (43332.2063)  iou: 0.7602 (0.6126)  time: 0.2380  data: 0.0005  max mem: 31308
Test:  [1650/4000]  eta: 0:08:42  inter: 19056.0000 (28784.3293)  union: 40652.0000 (43379.1638)  iou: 0.4925 (0.6116)  time: 0.2180  data: 0.0005  max mem: 31308
Test:  [1700/4000]  eta: 0:08:31  inter: 17016.0000 (28787.2482)  union: 40832.0000 (43523.6834)  iou: 0.7952 (0.6102)  time: 0.2199  data: 0.0005  max mem: 31308
Test:  [1750/4000]  eta: 0:08:20  inter: 25882.0000 (28726.4947)  union: 39467.0000 (43458.2139)  iou: 0.7469 (0.6095)  time: 0.2321  data: 0.0005  max mem: 31308
Test:  [1800/4000]  eta: 0:08:09  inter: 25511.0000 (28592.9446)  union: 41958.0000 (43398.7165)  iou: 0.6900 (0.6090)  time: 0.2326  data: 0.0005  max mem: 31308
Test:  [1850/4000]  eta: 0:07:57  inter: 18950.0000 (28577.1157)  union: 33815.0000 (43507.6977)  iou: 0.4020 (0.6077)  time: 0.2208  data: 0.0005  max mem: 31308
Test:  [1900/4000]  eta: 0:07:46  inter: 35516.0000 (28502.4611)  union: 55371.0000 (43429.3198)  iou: 0.6414 (0.6086)  time: 0.2271  data: 0.0005  max mem: 31308
Test:  [1950/4000]  eta: 0:07:36  inter: 11998.0000 (28490.2021)  union: 17169.0000 (43369.0710)  iou: 0.6736 (0.6089)  time: 0.2212  data: 0.0005  max mem: 31308
Test:  [2000/4000]  eta: 0:07:24  inter: 16840.0000 (28447.8750)  union: 22742.0000 (43290.3159)  iou: 0.7407 (0.6090)  time: 0.2115  data: 0.0006  max mem: 31308
Test:  [2050/4000]  eta: 0:07:13  inter: 14156.0000 (28381.1230)  union: 56117.0000 (43451.5548)  iou: 0.3880 (0.6075)  time: 0.2431  data: 0.0005  max mem: 31308
Test:  [2100/4000]  eta: 0:07:02  inter: 20700.0000 (28373.3146)  union: 34013.0000 (43395.2825)  iou: 0.8462 (0.6081)  time: 0.2117  data: 0.0005  max mem: 31308
Test:  [2150/4000]  eta: 0:06:51  inter: 24442.0000 (28377.1766)  union: 30225.0000 (43432.7326)  iou: 0.7475 (0.6074)  time: 0.2159  data: 0.0005  max mem: 31308
Test:  [2200/4000]  eta: 0:06:39  inter: 13952.0000 (28285.5232)  union: 21144.0000 (43302.2972)  iou: 0.6165 (0.6072)  time: 0.2230  data: 0.0005  max mem: 31308
Test:  [2250/4000]  eta: 0:06:28  inter: 20380.0000 (28125.9452)  union: 37845.0000 (43196.5598)  iou: 0.7620 (0.6059)  time: 0.2114  data: 0.0005  max mem: 31308
Test:  [2300/4000]  eta: 0:06:17  inter: 35363.0000 (28207.5353)  union: 45712.0000 (43187.8253)  iou: 0.6622 (0.6078)  time: 0.2240  data: 0.0005  max mem: 31308
Test:  [2350/4000]  eta: 0:06:06  inter: 19146.0000 (28138.5766)  union: 38098.0000 (43108.8088)  iou: 0.7944 (0.6083)  time: 0.2310  data: 0.0005  max mem: 31308
Test:  [2400/4000]  eta: 0:05:55  inter: 10638.0000 (28151.3365)  union: 33048.0000 (43054.1815)  iou: 0.2410 (0.6087)  time: 0.2321  data: 0.0005  max mem: 31308
Test:  [2450/4000]  eta: 0:05:44  inter: 28703.0000 (28270.3012)  union: 33223.0000 (43089.3628)  iou: 0.8817 (0.6112)  time: 0.2066  data: 0.0005  max mem: 31308
Test:  [2500/4000]  eta: 0:05:33  inter: 26068.0000 (28248.0933)  union: 38639.0000 (43064.4794)  iou: 0.8672 (0.6113)  time: 0.2105  data: 0.0005  max mem: 31308
Test:  [2550/4000]  eta: 0:05:22  inter: 28452.0000 (28379.0743)  union: 35636.0000 (43202.4776)  iou: 0.8293 (0.6122)  time: 0.2352  data: 0.0005  max mem: 31308
Test:  [2600/4000]  eta: 0:05:10  inter: 20827.0000 (28304.1142)  union: 30803.0000 (43262.8038)  iou: 0.4494 (0.6106)  time: 0.2260  data: 0.0005  max mem: 31308
Test:  [2650/4000]  eta: 0:04:59  inter: 16445.0000 (28369.4049)  union: 34476.0000 (43472.1912)  iou: 0.8278 (0.6097)  time: 0.2254  data: 0.0005  max mem: 31308
Test:  [2700/4000]  eta: 0:04:48  inter: 28816.0000 (28493.8620)  union: 39954.0000 (43577.0731)  iou: 0.8629 (0.6109)  time: 0.2185  data: 0.0005  max mem: 31308
Test:  [2750/4000]  eta: 0:04:37  inter: 22882.0000 (28551.2300)  union: 34560.0000 (43667.5124)  iou: 0.8701 (0.6101)  time: 0.2169  data: 0.0005  max mem: 31308
Test:  [2800/4000]  eta: 0:04:26  inter: 14854.0000 (28509.0929)  union: 26409.0000 (43541.7876)  iou: 0.6675 (0.6103)  time: 0.2189  data: 0.0005  max mem: 31308
Test:  [2850/4000]  eta: 0:04:15  inter: 12627.0000 (28628.1496)  union: 33084.0000 (43636.0688)  iou: 0.5953 (0.6100)  time: 0.2167  data: 0.0005  max mem: 31308
Test:  [2900/4000]  eta: 0:04:04  inter: 17833.0000 (28626.3264)  union: 26309.0000 (43712.5977)  iou: 0.7810 (0.6089)  time: 0.2123  data: 0.0005  max mem: 31308
Test:  [2950/4000]  eta: 0:03:53  inter: 22719.0000 (28646.2757)  union: 27351.0000 (43718.6274)  iou: 0.5065 (0.6088)  time: 0.2121  data: 0.0005  max mem: 31308
Test:  [3000/4000]  eta: 0:03:42  inter: 21387.0000 (28596.3907)  union: 33445.0000 (43701.1132)  iou: 0.6150 (0.6080)  time: 0.2313  data: 0.0005  max mem: 31308
Test:  [3050/4000]  eta: 0:03:31  inter: 18399.0000 (28616.9577)  union: 49486.0000 (43840.3340)  iou: 0.4168 (0.6079)  time: 0.2213  data: 0.0005  max mem: 31308
Test:  [3100/4000]  eta: 0:03:20  inter: 22618.0000 (28596.2757)  union: 44244.0000 (43808.8917)  iou: 0.4453 (0.6080)  time: 0.2205  data: 0.0005  max mem: 31308
Test:  [3150/4000]  eta: 0:03:08  inter: 16260.0000 (28490.4770)  union: 22048.0000 (43706.6780)  iou: 0.5608 (0.6077)  time: 0.2233  data: 0.0005  max mem: 31308
Test:  [3200/4000]  eta: 0:02:57  inter: 14163.0000 (28562.3950)  union: 42153.0000 (43761.8453)  iou: 0.4234 (0.6085)  time: 0.2155  data: 0.0005  max mem: 31308
Test:  [3250/4000]  eta: 0:02:46  inter: 13474.0000 (28492.3927)  union: 25665.0000 (43700.0000)  iou: 0.7417 (0.6072)  time: 0.2201  data: 0.0005  max mem: 31308
Test:  [3300/4000]  eta: 0:02:35  inter: 37223.0000 (28591.1820)  union: 51071.0000 (43848.7070)  iou: 0.8159 (0.6064)  time: 0.2340  data: 0.0005  max mem: 31308
Test:  [3350/4000]  eta: 0:02:24  inter: 9683.0000 (28586.3770)  union: 14806.0000 (43803.7534)  iou: 0.7799 (0.6071)  time: 0.2087  data: 0.0005  max mem: 31308
Test:  [3400/4000]  eta: 0:02:13  inter: 28535.0000 (28689.6756)  union: 37422.0000 (43836.3390)  iou: 0.8658 (0.6084)  time: 0.2281  data: 0.0005  max mem: 31308
Test:  [3450/4000]  eta: 0:02:02  inter: 20620.0000 (28697.3662)  union: 30711.0000 (43819.2599)  iou: 0.7743 (0.6085)  time: 0.2153  data: 0.0005  max mem: 31308
Test:  [3500/4000]  eta: 0:01:51  inter: 15362.0000 (28650.9118)  union: 21085.0000 (43772.3337)  iou: 0.3809 (0.6082)  time: 0.2127  data: 0.0005  max mem: 31308
Test:  [3550/4000]  eta: 0:01:39  inter: 27179.0000 (28633.1442)  union: 37437.0000 (43800.1746)  iou: 0.8030 (0.6072)  time: 0.2112  data: 0.0005  max mem: 31308
Test:  [3600/4000]  eta: 0:01:28  inter: 21392.0000 (28600.8130)  union: 31965.0000 (43781.8074)  iou: 0.8832 (0.6063)  time: 0.2159  data: 0.0005  max mem: 31308
Test:  [3650/4000]  eta: 0:01:17  inter: 31429.0000 (28574.5288)  union: 38813.0000 (43743.1803)  iou: 0.7804 (0.6064)  time: 0.2381  data: 0.0005  max mem: 31308
Test:  [3700/4000]  eta: 0:01:06  inter: 25425.0000 (28657.6663)  union: 37689.0000 (43764.3224)  iou: 0.7898 (0.6069)  time: 0.2170  data: 0.0005  max mem: 31308
Test:  [3750/4000]  eta: 0:00:55  inter: 31212.0000 (28716.2419)  union: 48757.0000 (43848.7526)  iou: 0.7344 (0.6076)  time: 0.2161  data: 0.0005  max mem: 31308
Test:  [3800/4000]  eta: 0:00:44  inter: 24807.0000 (28722.7458)  union: 30465.0000 (43879.0400)  iou: 0.6361 (0.6077)  time: 0.2079  data: 0.0005  max mem: 31308
Test:  [3850/4000]  eta: 0:00:33  inter: 22701.0000 (28728.7558)  union: 33891.0000 (43882.2597)  iou: 0.8647 (0.6077)  time: 0.2178  data: 0.0005  max mem: 31308
Test:  [3900/4000]  eta: 0:00:22  inter: 18872.0000 (28772.9140)  union: 41345.0000 (43958.1426)  iou: 0.6812 (0.6074)  time: 0.2198  data: 0.0005  max mem: 31308
Test:  [3950/4000]  eta: 0:00:11  inter: 17795.0000 (28723.3064)  union: 46694.0000 (43919.5288)  iou: 0.7461 (0.6073)  time: 0.2135  data: 0.0005  max mem: 31308
Test:  [3999/4000]  eta: 0:00:00  inter: 16283.0000 (28670.1709)  union: 31135.0000 (43817.6436)  iou: 0.6609 (0.6080)  time: 0.1953  data: 0.0002  max mem: 31308
Test: Total time: 0:14:48 (0.2222 s / it)
* IoU 0.608 oIoU 0.654
IoU of the network on the 4000 test images: 0.6%
Max IoU: 0.61%
huggingface/tokenizers: The current process just got forked, after parallelism has already been used. Disabling parallelism to avoid deadlocks...
To disable this warning, you can either:
	- Avoid using `tokenizers` before the fork if possible
	- Explicitly set the environment variable TOKENIZERS_PARALLELISM=(true | false)
huggingface/tokenizers: The current process just got forked, after parallelism has already been used. Disabling parallelism to avoid deadlocks...
To disable this warning, you can either:
	- Avoid using `tokenizers` before the fork if possible
	- Explicitly set the environment variable TOKENIZERS_PARALLELISM=(true | false)
huggingface/tokenizers: The current process just got forked, after parallelism has already been used. Disabling parallelism to avoid deadlocks...
To disable this warning, you can either:
	- Avoid using `tokenizers` before the fork if possible
	- Explicitly set the environment variable TOKENIZERS_PARALLELISM=(true | false)
huggingface/tokenizers: The current process just got forked, after parallelism has already been used. Disabling parallelism to avoid deadlocks...
To disable this warning, you can either:
	- Avoid using `tokenizers` before the fork if possible
	- Explicitly set the environment variable TOKENIZERS_PARALLELISM=(true | false)
huggingface/tokenizers: The current process just got forked, after parallelism has already been used. Disabling parallelism to avoid deadlocks...
To disable this warning, you can either:
	- Avoid using `tokenizers` before the fork if possible
	- Explicitly set the environment variable TOKENIZERS_PARALLELISM=(true | false)
huggingface/tokenizers: The current process just got forked, after parallelism has already been used. Disabling parallelism to avoid deadlocks...
To disable this warning, you can either:
	- Avoid using `tokenizers` before the fork if possible
	- Explicitly set the environment variable TOKENIZERS_PARALLELISM=(true | false)
huggingface/tokenizers: The current process just got forked, after parallelism has already been used. Disabling parallelism to avoid deadlocks...
To disable this warning, you can either:
	- Avoid using `tokenizers` before the fork if possible
	- Explicitly set the environment variable TOKENIZERS_PARALLELISM=(true | false)
huggingface/tokenizers: The current process just got forked, after parallelism has already been used. Disabling parallelism to avoid deadlocks...
To disable this warning, you can either:
	- Avoid using `tokenizers` before the fork if possible
	- Explicitly set the environment variable TOKENIZERS_PARALLELISM=(true | false)
Epoch: [6]  [   0/5625]  eta: 8:12:55  lr: 0.000009  train_loss: 0.2096 (0.2096)  train_iou: 0.5600 (0.5600)  time: 5.2579  data: 3.6873  max mem: 31308
Epoch: [6]  [  20/5625]  eta: 1:59:18  lr: 0.000009  train_loss: 0.2299 (0.2802)  train_iou: 0.6156 (0.6101)  time: 1.0782  data: 0.0017  max mem: 31308
Epoch: [6]  [  40/5625]  eta: 1:48:43  lr: 0.000009  train_loss: 0.2257 (0.2588)  train_iou: 0.6680 (0.6314)  time: 1.0533  data: 0.0005  max mem: 31308
Epoch: [6]  [  60/5625]  eta: 1:45:02  lr: 0.000009  train_loss: 0.1383 (0.2403)  train_iou: 0.6785 (0.6545)  time: 1.0596  data: 0.0005  max mem: 31308
Epoch: [6]  [  80/5625]  eta: 1:43:16  lr: 0.000009  train_loss: 0.2098 (0.2405)  train_iou: 0.6497 (0.6472)  time: 1.0720  data: 0.0005  max mem: 31308
Epoch: [6]  [ 100/5625]  eta: 1:41:51  lr: 0.000009  train_loss: 0.1810 (0.2386)  train_iou: 0.6879 (0.6544)  time: 1.0599  data: 0.0005  max mem: 31308
Epoch: [6]  [ 120/5625]  eta: 1:40:40  lr: 0.000009  train_loss: 0.1845 (0.2368)  train_iou: 0.6786 (0.6617)  time: 1.0530  data: 0.0005  max mem: 31308
Epoch: [6]  [ 140/5625]  eta: 1:39:52  lr: 0.000009  train_loss: 0.1690 (0.2302)  train_iou: 0.6603 (0.6647)  time: 1.0639  data: 0.0005  max mem: 31308
Epoch: [6]  [ 160/5625]  eta: 1:39:13  lr: 0.000009  train_loss: 0.1931 (0.2324)  train_iou: 0.6282 (0.6629)  time: 1.0670  data: 0.0005  max mem: 31308
Epoch: [6]  [ 180/5625]  eta: 1:38:42  lr: 0.000009  train_loss: 0.2039 (0.2346)  train_iou: 0.7106 (0.6680)  time: 1.0731  data: 0.0005  max mem: 31308
Epoch: [6]  [ 200/5625]  eta: 1:38:12  lr: 0.000009  train_loss: 0.1338 (0.2282)  train_iou: 0.7195 (0.6746)  time: 1.0724  data: 0.0005  max mem: 31308
Epoch: [6]  [ 220/5625]  eta: 1:37:44  lr: 0.000009  train_loss: 0.1828 (0.2313)  train_iou: 0.6757 (0.6754)  time: 1.0739  data: 0.0005  max mem: 31308
Epoch: [6]  [ 240/5625]  eta: 1:37:18  lr: 0.000009  train_loss: 0.1458 (0.2269)  train_iou: 0.7433 (0.6781)  time: 1.0754  data: 0.0005  max mem: 31308
Epoch: [6]  [ 260/5625]  eta: 1:36:55  lr: 0.000009  train_loss: 0.2228 (0.2268)  train_iou: 0.6937 (0.6795)  time: 1.0811  data: 0.0005  max mem: 31308
Epoch: [6]  [ 280/5625]  eta: 1:36:29  lr: 0.000009  train_loss: 0.1275 (0.2238)  train_iou: 0.7389 (0.6823)  time: 1.0732  data: 0.0005  max mem: 31308
Epoch: [6]  [ 300/5625]  eta: 1:36:06  lr: 0.000009  train_loss: 0.1575 (0.2242)  train_iou: 0.7412 (0.6857)  time: 1.0801  data: 0.0005  max mem: 31308
Epoch: [6]  [ 320/5625]  eta: 1:35:42  lr: 0.000009  train_loss: 0.2128 (0.2243)  train_iou: 0.6978 (0.6860)  time: 1.0750  data: 0.0005  max mem: 31308
Epoch: [6]  [ 340/5625]  eta: 1:35:17  lr: 0.000009  train_loss: 0.2432 (0.2261)  train_iou: 0.6675 (0.6845)  time: 1.0713  data: 0.0005  max mem: 31308
Epoch: [6]  [ 360/5625]  eta: 1:34:52  lr: 0.000009  train_loss: 0.1968 (0.2276)  train_iou: 0.6392 (0.6817)  time: 1.0697  data: 0.0005  max mem: 31308
Epoch: [6]  [ 380/5625]  eta: 1:34:28  lr: 0.000009  train_loss: 0.1867 (0.2282)  train_iou: 0.6681 (0.6804)  time: 1.0739  data: 0.0005  max mem: 31308
Epoch: [6]  [ 400/5625]  eta: 1:34:05  lr: 0.000009  train_loss: 0.2560 (0.2304)  train_iou: 0.6474 (0.6786)  time: 1.0756  data: 0.0005  max mem: 31308
Epoch: [6]  [ 420/5625]  eta: 1:33:40  lr: 0.000009  train_loss: 0.1953 (0.2312)  train_iou: 0.7275 (0.6801)  time: 1.0664  data: 0.0005  max mem: 31308
Epoch: [6]  [ 440/5625]  eta: 1:33:18  lr: 0.000009  train_loss: 0.1789 (0.2305)  train_iou: 0.7261 (0.6817)  time: 1.0757  data: 0.0005  max mem: 31308
Epoch: [6]  [ 460/5625]  eta: 1:32:54  lr: 0.000009  train_loss: 0.2098 (0.2313)  train_iou: 0.6063 (0.6802)  time: 1.0706  data: 0.0005  max mem: 31308
Epoch: [6]  [ 480/5625]  eta: 1:32:32  lr: 0.000009  train_loss: 0.2258 (0.2313)  train_iou: 0.6598 (0.6793)  time: 1.0766  data: 0.0005  max mem: 31308
Epoch: [6]  [ 500/5625]  eta: 1:32:10  lr: 0.000009  train_loss: 0.1450 (0.2293)  train_iou: 0.6914 (0.6799)  time: 1.0783  data: 0.0005  max mem: 31308
Epoch: [6]  [ 520/5625]  eta: 1:31:48  lr: 0.000009  train_loss: 0.2099 (0.2293)  train_iou: 0.6750 (0.6793)  time: 1.0781  data: 0.0005  max mem: 31308
Epoch: [6]  [ 540/5625]  eta: 1:31:26  lr: 0.000009  train_loss: 0.1650 (0.2292)  train_iou: 0.6599 (0.6787)  time: 1.0742  data: 0.0005  max mem: 31308
Epoch: [6]  [ 560/5625]  eta: 1:31:04  lr: 0.000009  train_loss: 0.2174 (0.2294)  train_iou: 0.6516 (0.6775)  time: 1.0766  data: 0.0005  max mem: 31308
Epoch: [6]  [ 580/5625]  eta: 1:30:42  lr: 0.000009  train_loss: 0.2504 (0.2308)  train_iou: 0.6262 (0.6752)  time: 1.0758  data: 0.0005  max mem: 31308
Epoch: [6]  [ 600/5625]  eta: 1:30:19  lr: 0.000009  train_loss: 0.2206 (0.2322)  train_iou: 0.6772 (0.6755)  time: 1.0726  data: 0.0005  max mem: 31308
Epoch: [6]  [ 620/5625]  eta: 1:29:57  lr: 0.000009  train_loss: 0.1744 (0.2314)  train_iou: 0.6949 (0.6754)  time: 1.0744  data: 0.0005  max mem: 31308
Epoch: [6]  [ 640/5625]  eta: 1:29:35  lr: 0.000009  train_loss: 0.1813 (0.2321)  train_iou: 0.7065 (0.6756)  time: 1.0749  data: 0.0005  max mem: 31308
Epoch: [6]  [ 660/5625]  eta: 1:29:14  lr: 0.000009  train_loss: 0.2181 (0.2322)  train_iou: 0.6255 (0.6749)  time: 1.0821  data: 0.0005  max mem: 31308
Epoch: [6]  [ 680/5625]  eta: 1:28:52  lr: 0.000009  train_loss: 0.2505 (0.2337)  train_iou: 0.6738 (0.6744)  time: 1.0789  data: 0.0005  max mem: 31308
Epoch: [6]  [ 700/5625]  eta: 1:28:30  lr: 0.000009  train_loss: 0.1931 (0.2342)  train_iou: 0.6348 (0.6738)  time: 1.0735  data: 0.0005  max mem: 31308
Epoch: [6]  [ 720/5625]  eta: 1:28:08  lr: 0.000009  train_loss: 0.2053 (0.2344)  train_iou: 0.6418 (0.6733)  time: 1.0754  data: 0.0005  max mem: 31308
Epoch: [6]  [ 740/5625]  eta: 1:27:47  lr: 0.000009  train_loss: 0.1765 (0.2342)  train_iou: 0.6432 (0.6728)  time: 1.0798  data: 0.0005  max mem: 31308
Epoch: [6]  [ 760/5625]  eta: 1:27:25  lr: 0.000009  train_loss: 0.2057 (0.2342)  train_iou: 0.6573 (0.6723)  time: 1.0812  data: 0.0005  max mem: 31308
Epoch: [6]  [ 780/5625]  eta: 1:27:03  lr: 0.000009  train_loss: 0.1916 (0.2344)  train_iou: 0.6510 (0.6718)  time: 1.0711  data: 0.0005  max mem: 31308
Epoch: [6]  [ 800/5625]  eta: 1:26:41  lr: 0.000009  train_loss: 0.2229 (0.2352)  train_iou: 0.6436 (0.6718)  time: 1.0782  data: 0.0005  max mem: 31308
Epoch: [6]  [ 820/5625]  eta: 1:26:20  lr: 0.000009  train_loss: 0.2480 (0.2360)  train_iou: 0.6310 (0.6717)  time: 1.0799  data: 0.0005  max mem: 31308
Epoch: [6]  [ 840/5625]  eta: 1:25:58  lr: 0.000009  train_loss: 0.2282 (0.2367)  train_iou: 0.6828 (0.6710)  time: 1.0742  data: 0.0005  max mem: 31308
Epoch: [6]  [ 860/5625]  eta: 1:25:36  lr: 0.000009  train_loss: 0.2324 (0.2377)  train_iou: 0.6434 (0.6703)  time: 1.0723  data: 0.0005  max mem: 31308
Epoch: [6]  [ 880/5625]  eta: 1:25:14  lr: 0.000009  train_loss: 0.2098 (0.2381)  train_iou: 0.7133 (0.6705)  time: 1.0746  data: 0.0005  max mem: 31308
Epoch: [6]  [ 900/5625]  eta: 1:24:53  lr: 0.000009  train_loss: 0.1974 (0.2380)  train_iou: 0.6407 (0.6697)  time: 1.0790  data: 0.0005  max mem: 31308
Epoch: [6]  [ 920/5625]  eta: 1:24:30  lr: 0.000009  train_loss: 0.1294 (0.2367)  train_iou: 0.6453 (0.6691)  time: 1.0729  data: 0.0005  max mem: 31308
Epoch: [6]  [ 940/5625]  eta: 1:24:08  lr: 0.000009  train_loss: 0.1514 (0.2358)  train_iou: 0.6743 (0.6693)  time: 1.0710  data: 0.0005  max mem: 31308
Epoch: [6]  [ 960/5625]  eta: 1:23:46  lr: 0.000009  train_loss: 0.1792 (0.2357)  train_iou: 0.6700 (0.6690)  time: 1.0708  data: 0.0005  max mem: 31308
Epoch: [6]  [ 980/5625]  eta: 1:23:25  lr: 0.000009  train_loss: 0.2147 (0.2355)  train_iou: 0.6948 (0.6694)  time: 1.0792  data: 0.0005  max mem: 31308
Epoch: [6]  [1000/5625]  eta: 1:23:03  lr: 0.000009  train_loss: 0.2288 (0.2358)  train_iou: 0.6583 (0.6694)  time: 1.0734  data: 0.0005  max mem: 31308
Epoch: [6]  [1020/5625]  eta: 1:22:41  lr: 0.000009  train_loss: 0.2140 (0.2360)  train_iou: 0.6849 (0.6692)  time: 1.0756  data: 0.0005  max mem: 31308
Epoch: [6]  [1040/5625]  eta: 1:22:19  lr: 0.000009  train_loss: 0.1965 (0.2355)  train_iou: 0.6450 (0.6689)  time: 1.0759  data: 0.0005  max mem: 31308
Epoch: [6]  [1060/5625]  eta: 1:21:58  lr: 0.000009  train_loss: 0.1635 (0.2348)  train_iou: 0.7152 (0.6697)  time: 1.0837  data: 0.0005  max mem: 31308
Epoch: [6]  [1080/5625]  eta: 1:21:37  lr: 0.000009  train_loss: 0.2594 (0.2353)  train_iou: 0.6676 (0.6696)  time: 1.0809  data: 0.0005  max mem: 31308
Epoch: [6]  [1100/5625]  eta: 1:21:16  lr: 0.000009  train_loss: 0.2177 (0.2352)  train_iou: 0.6175 (0.6690)  time: 1.0783  data: 0.0005  max mem: 31308
Epoch: [6]  [1120/5625]  eta: 1:21:05  lr: 0.000009  train_loss: 0.2569 (0.2354)  train_iou: 0.7288 (0.6694)  time: 1.2183  data: 0.0005  max mem: 31308
Epoch: [6]  [1140/5625]  eta: 1:20:44  lr: 0.000009  train_loss: 0.1732 (0.2353)  train_iou: 0.6611 (0.6689)  time: 1.0810  data: 0.0005  max mem: 31308
Epoch: [6]  [1160/5625]  eta: 1:20:22  lr: 0.000009  train_loss: 0.1742 (0.2351)  train_iou: 0.6695 (0.6688)  time: 1.0741  data: 0.0005  max mem: 31308
Epoch: [6]  [1180/5625]  eta: 1:19:59  lr: 0.000009  train_loss: 0.1668 (0.2347)  train_iou: 0.6722 (0.6689)  time: 1.0709  data: 0.0005  max mem: 31308
Epoch: [6]  [1200/5625]  eta: 1:19:38  lr: 0.000009  train_loss: 0.2354 (0.2352)  train_iou: 0.6676 (0.6695)  time: 1.0762  data: 0.0005  max mem: 31308
Epoch: [6]  [1220/5625]  eta: 1:19:16  lr: 0.000009  train_loss: 0.2148 (0.2355)  train_iou: 0.6645 (0.6694)  time: 1.0801  data: 0.0005  max mem: 31308
Epoch: [6]  [1240/5625]  eta: 1:18:54  lr: 0.000009  train_loss: 0.2365 (0.2360)  train_iou: 0.6457 (0.6688)  time: 1.0759  data: 0.0005  max mem: 31308
Epoch: [6]  [1260/5625]  eta: 1:18:33  lr: 0.000009  train_loss: 0.1510 (0.2359)  train_iou: 0.6555 (0.6687)  time: 1.0825  data: 0.0005  max mem: 31308
Epoch: [6]  [1280/5625]  eta: 1:18:11  lr: 0.000009  train_loss: 0.1681 (0.2358)  train_iou: 0.7913 (0.6697)  time: 1.0780  data: 0.0005  max mem: 31308
Epoch: [6]  [1300/5625]  eta: 1:17:49  lr: 0.000009  train_loss: 0.2134 (0.2360)  train_iou: 0.6715 (0.6697)  time: 1.0776  data: 0.0005  max mem: 31308
Epoch: [6]  [1320/5625]  eta: 1:17:28  lr: 0.000009  train_loss: 0.1906 (0.2355)  train_iou: 0.7160 (0.6702)  time: 1.0771  data: 0.0005  max mem: 31308
Epoch: [6]  [1340/5625]  eta: 1:17:05  lr: 0.000009  train_loss: 0.1615 (0.2352)  train_iou: 0.6390 (0.6703)  time: 1.0660  data: 0.0005  max mem: 31308
Epoch: [6]  [1360/5625]  eta: 1:16:42  lr: 0.000009  train_loss: 0.1295 (0.2341)  train_iou: 0.6523 (0.6703)  time: 1.0534  data: 0.0005  max mem: 31308
Epoch: [6]  [1380/5625]  eta: 1:16:19  lr: 0.000009  train_loss: 0.2108 (0.2343)  train_iou: 0.6775 (0.6706)  time: 1.0542  data: 0.0005  max mem: 31308
Epoch: [6]  [1400/5625]  eta: 1:15:55  lr: 0.000009  train_loss: 0.1591 (0.2340)  train_iou: 0.6367 (0.6703)  time: 1.0465  data: 0.0005  max mem: 31308
Epoch: [6]  [1420/5625]  eta: 1:15:32  lr: 0.000009  train_loss: 0.1940 (0.2346)  train_iou: 0.6562 (0.6701)  time: 1.0540  data: 0.0005  max mem: 31308
Epoch: [6]  [1440/5625]  eta: 1:15:09  lr: 0.000009  train_loss: 0.2285 (0.2346)  train_iou: 0.6392 (0.6702)  time: 1.0546  data: 0.0005  max mem: 31308
Epoch: [6]  [1460/5625]  eta: 1:14:46  lr: 0.000009  train_loss: 0.1544 (0.2343)  train_iou: 0.6722 (0.6705)  time: 1.0496  data: 0.0005  max mem: 31308
Epoch: [6]  [1480/5625]  eta: 1:14:24  lr: 0.000009  train_loss: 0.1851 (0.2341)  train_iou: 0.6651 (0.6706)  time: 1.0583  data: 0.0005  max mem: 31308
Epoch: [6]  [1500/5625]  eta: 1:14:01  lr: 0.000009  train_loss: 0.2322 (0.2341)  train_iou: 0.6920 (0.6706)  time: 1.0595  data: 0.0005  max mem: 31308
Epoch: [6]  [1520/5625]  eta: 1:13:39  lr: 0.000009  train_loss: 0.1601 (0.2337)  train_iou: 0.6186 (0.6706)  time: 1.0583  data: 0.0005  max mem: 31308
Epoch: [6]  [1540/5625]  eta: 1:13:16  lr: 0.000009  train_loss: 0.1820 (0.2333)  train_iou: 0.7346 (0.6714)  time: 1.0610  data: 0.0005  max mem: 31308
Epoch: [6]  [1560/5625]  eta: 1:12:54  lr: 0.000009  train_loss: 0.1915 (0.2337)  train_iou: 0.6881 (0.6714)  time: 1.0606  data: 0.0005  max mem: 31308
Epoch: [6]  [1580/5625]  eta: 1:12:31  lr: 0.000009  train_loss: 0.1415 (0.2329)  train_iou: 0.7357 (0.6722)  time: 1.0551  data: 0.0005  max mem: 31308
Epoch: [6]  [1600/5625]  eta: 1:12:09  lr: 0.000009  train_loss: 0.1663 (0.2324)  train_iou: 0.6859 (0.6724)  time: 1.0611  data: 0.0005  max mem: 31308
Epoch: [6]  [1620/5625]  eta: 1:11:47  lr: 0.000009  train_loss: 0.1592 (0.2323)  train_iou: 0.6702 (0.6725)  time: 1.0586  data: 0.0005  max mem: 31308
Epoch: [6]  [1640/5625]  eta: 1:11:24  lr: 0.000009  train_loss: 0.1637 (0.2324)  train_iou: 0.6728 (0.6728)  time: 1.0576  data: 0.0004  max mem: 31308
Epoch: [6]  [1660/5625]  eta: 1:11:02  lr: 0.000009  train_loss: 0.1805 (0.2325)  train_iou: 0.6876 (0.6726)  time: 1.0545  data: 0.0005  max mem: 31308
Epoch: [6]  [1680/5625]  eta: 1:10:39  lr: 0.000009  train_loss: 0.1342 (0.2322)  train_iou: 0.6581 (0.6725)  time: 1.0573  data: 0.0005  max mem: 31308
Epoch: [6]  [1700/5625]  eta: 1:10:17  lr: 0.000009  train_loss: 0.1876 (0.2321)  train_iou: 0.7264 (0.6729)  time: 1.0542  data: 0.0005  max mem: 31308
Epoch: [6]  [1720/5625]  eta: 1:09:55  lr: 0.000009  train_loss: 0.2604 (0.2331)  train_iou: 0.6935 (0.6730)  time: 1.0562  data: 0.0005  max mem: 31308
Epoch: [6]  [1740/5625]  eta: 1:09:32  lr: 0.000009  train_loss: 0.1957 (0.2328)  train_iou: 0.6949 (0.6729)  time: 1.0585  data: 0.0005  max mem: 31308
Epoch: [6]  [1760/5625]  eta: 1:09:10  lr: 0.000009  train_loss: 0.2117 (0.2333)  train_iou: 0.6765 (0.6728)  time: 1.0580  data: 0.0005  max mem: 31308
Epoch: [6]  [1780/5625]  eta: 1:08:48  lr: 0.000009  train_loss: 0.2285 (0.2334)  train_iou: 0.6747 (0.6728)  time: 1.0581  data: 0.0005  max mem: 31308
Epoch: [6]  [1800/5625]  eta: 1:08:26  lr: 0.000009  train_loss: 0.2106 (0.2335)  train_iou: 0.7483 (0.6731)  time: 1.0551  data: 0.0005  max mem: 31308
Epoch: [6]  [1820/5625]  eta: 1:08:04  lr: 0.000009  train_loss: 0.1726 (0.2332)  train_iou: 0.6590 (0.6732)  time: 1.0606  data: 0.0005  max mem: 31308
Epoch: [6]  [1840/5625]  eta: 1:07:42  lr: 0.000009  train_loss: 0.2073 (0.2331)  train_iou: 0.6626 (0.6732)  time: 1.0559  data: 0.0005  max mem: 31308
Epoch: [6]  [1860/5625]  eta: 1:07:20  lr: 0.000009  train_loss: 0.1885 (0.2330)  train_iou: 0.6415 (0.6731)  time: 1.0590  data: 0.0005  max mem: 31308
Epoch: [6]  [1880/5625]  eta: 1:06:58  lr: 0.000009  train_loss: 0.2535 (0.2333)  train_iou: 0.6889 (0.6731)  time: 1.0581  data: 0.0005  max mem: 31308
Epoch: [6]  [1900/5625]  eta: 1:06:35  lr: 0.000009  train_loss: 0.1837 (0.2333)  train_iou: 0.7015 (0.6736)  time: 1.0558  data: 0.0005  max mem: 31308
Epoch: [6]  [1920/5625]  eta: 1:06:13  lr: 0.000009  train_loss: 0.1646 (0.2329)  train_iou: 0.6582 (0.6735)  time: 1.0591  data: 0.0005  max mem: 31308
Epoch: [6]  [1940/5625]  eta: 1:05:51  lr: 0.000009  train_loss: 0.2046 (0.2331)  train_iou: 0.6749 (0.6734)  time: 1.0562  data: 0.0005  max mem: 31308
Epoch: [6]  [1960/5625]  eta: 1:05:29  lr: 0.000009  train_loss: 0.1716 (0.2327)  train_iou: 0.7307 (0.6738)  time: 1.0542  data: 0.0004  max mem: 31308
Epoch: [6]  [1980/5625]  eta: 1:05:07  lr: 0.000009  train_loss: 0.2166 (0.2328)  train_iou: 0.6437 (0.6736)  time: 1.0568  data: 0.0005  max mem: 31308
Epoch: [6]  [2000/5625]  eta: 1:04:45  lr: 0.000009  train_loss: 0.1649 (0.2323)  train_iou: 0.6550 (0.6739)  time: 1.0561  data: 0.0005  max mem: 31308
Epoch: [6]  [2020/5625]  eta: 1:04:23  lr: 0.000009  train_loss: 0.2027 (0.2324)  train_iou: 0.7213 (0.6741)  time: 1.0556  data: 0.0004  max mem: 31308
Epoch: [6]  [2040/5625]  eta: 1:04:01  lr: 0.000009  train_loss: 0.2083 (0.2328)  train_iou: 0.6423 (0.6738)  time: 1.0531  data: 0.0005  max mem: 31308
Epoch: [6]  [2060/5625]  eta: 1:03:39  lr: 0.000009  train_loss: 0.1863 (0.2328)  train_iou: 0.6706 (0.6736)  time: 1.0574  data: 0.0005  max mem: 31308
Epoch: [6]  [2080/5625]  eta: 1:03:17  lr: 0.000009  train_loss: 0.1591 (0.2325)  train_iou: 0.6994 (0.6737)  time: 1.0568  data: 0.0005  max mem: 31308
Epoch: [6]  [2100/5625]  eta: 1:02:55  lr: 0.000009  train_loss: 0.1581 (0.2322)  train_iou: 0.6882 (0.6737)  time: 1.0551  data: 0.0005  max mem: 31308
Epoch: [6]  [2120/5625]  eta: 1:02:34  lr: 0.000009  train_loss: 0.1898 (0.2321)  train_iou: 0.6175 (0.6735)  time: 1.0649  data: 0.0005  max mem: 31308
Epoch: [6]  [2140/5625]  eta: 1:02:12  lr: 0.000009  train_loss: 0.1788 (0.2317)  train_iou: 0.6590 (0.6734)  time: 1.0562  data: 0.0005  max mem: 31308
Epoch: [6]  [2160/5625]  eta: 1:01:50  lr: 0.000009  train_loss: 0.1983 (0.2315)  train_iou: 0.6343 (0.6731)  time: 1.0591  data: 0.0005  max mem: 31308
Epoch: [6]  [2180/5625]  eta: 1:01:28  lr: 0.000009  train_loss: 0.2054 (0.2316)  train_iou: 0.6661 (0.6728)  time: 1.0567  data: 0.0005  max mem: 31308
Epoch: [6]  [2200/5625]  eta: 1:01:06  lr: 0.000009  train_loss: 0.1586 (0.2313)  train_iou: 0.6833 (0.6729)  time: 1.0595  data: 0.0005  max mem: 31308
Epoch: [6]  [2220/5625]  eta: 1:00:44  lr: 0.000009  train_loss: 0.1332 (0.2311)  train_iou: 0.6421 (0.6726)  time: 1.0532  data: 0.0005  max mem: 31308
Epoch: [6]  [2240/5625]  eta: 1:00:22  lr: 0.000009  train_loss: 0.1932 (0.2314)  train_iou: 0.6627 (0.6728)  time: 1.0547  data: 0.0005  max mem: 31308
Epoch: [6]  [2260/5625]  eta: 1:00:01  lr: 0.000009  train_loss: 0.2079 (0.2316)  train_iou: 0.6480 (0.6725)  time: 1.0597  data: 0.0005  max mem: 31308
Epoch: [6]  [2280/5625]  eta: 0:59:39  lr: 0.000009  train_loss: 0.2187 (0.2317)  train_iou: 0.6132 (0.6721)  time: 1.0586  data: 0.0005  max mem: 31308
Epoch: [6]  [2300/5625]  eta: 0:59:17  lr: 0.000009  train_loss: 0.1801 (0.2315)  train_iou: 0.7193 (0.6725)  time: 1.0547  data: 0.0005  max mem: 31308
Epoch: [6]  [2320/5625]  eta: 0:58:55  lr: 0.000009  train_loss: 0.1511 (0.2312)  train_iou: 0.6660 (0.6726)  time: 1.0562  data: 0.0005  max mem: 31308
Epoch: [6]  [2340/5625]  eta: 0:58:34  lr: 0.000009  train_loss: 0.1457 (0.2312)  train_iou: 0.6340 (0.6721)  time: 1.0544  data: 0.0004  max mem: 31308
Epoch: [6]  [2360/5625]  eta: 0:58:12  lr: 0.000009  train_loss: 0.2648 (0.2317)  train_iou: 0.6839 (0.6722)  time: 1.0611  data: 0.0004  max mem: 31308
Epoch: [6]  [2380/5625]  eta: 0:57:50  lr: 0.000009  train_loss: 0.2081 (0.2316)  train_iou: 0.6582 (0.6722)  time: 1.0555  data: 0.0005  max mem: 31308
Epoch: [6]  [2400/5625]  eta: 0:57:28  lr: 0.000009  train_loss: 0.1548 (0.2316)  train_iou: 0.6466 (0.6720)  time: 1.0592  data: 0.0005  max mem: 31308
Epoch: [6]  [2420/5625]  eta: 0:57:07  lr: 0.000009  train_loss: 0.1561 (0.2314)  train_iou: 0.7021 (0.6722)  time: 1.0559  data: 0.0005  max mem: 31308
Epoch: [6]  [2440/5625]  eta: 0:56:45  lr: 0.000009  train_loss: 0.1673 (0.2315)  train_iou: 0.6501 (0.6720)  time: 1.0550  data: 0.0005  max mem: 31308
Epoch: [6]  [2460/5625]  eta: 0:56:26  lr: 0.000009  train_loss: 0.1825 (0.2311)  train_iou: 0.7126 (0.6724)  time: 1.1799  data: 0.0005  max mem: 31308
Epoch: [6]  [2480/5625]  eta: 0:56:05  lr: 0.000009  train_loss: 0.1754 (0.2310)  train_iou: 0.6779 (0.6724)  time: 1.0567  data: 0.0005  max mem: 31308
Epoch: [6]  [2500/5625]  eta: 0:55:43  lr: 0.000009  train_loss: 0.1795 (0.2306)  train_iou: 0.6208 (0.6723)  time: 1.0574  data: 0.0005  max mem: 31308
Epoch: [6]  [2520/5625]  eta: 0:55:21  lr: 0.000009  train_loss: 0.1747 (0.2308)  train_iou: 0.5953 (0.6720)  time: 1.0550  data: 0.0005  max mem: 31308
Epoch: [6]  [2540/5625]  eta: 0:54:59  lr: 0.000009  train_loss: 0.1641 (0.2304)  train_iou: 0.7423 (0.6723)  time: 1.0546  data: 0.0005  max mem: 31308
Epoch: [6]  [2560/5625]  eta: 0:54:38  lr: 0.000009  train_loss: 0.1984 (0.2303)  train_iou: 0.6592 (0.6724)  time: 1.0527  data: 0.0005  max mem: 31308
Epoch: [6]  [2580/5625]  eta: 0:54:16  lr: 0.000009  train_loss: 0.2095 (0.2305)  train_iou: 0.6261 (0.6720)  time: 1.0566  data: 0.0005  max mem: 31308
Epoch: [6]  [2600/5625]  eta: 0:53:54  lr: 0.000009  train_loss: 0.1739 (0.2304)  train_iou: 0.6808 (0.6721)  time: 1.0565  data: 0.0005  max mem: 31308
Epoch: [6]  [2620/5625]  eta: 0:53:32  lr: 0.000009  train_loss: 0.1654 (0.2304)  train_iou: 0.6604 (0.6720)  time: 1.0535  data: 0.0005  max mem: 31308
Epoch: [6]  [2640/5625]  eta: 0:53:11  lr: 0.000009  train_loss: 0.1761 (0.2303)  train_iou: 0.6891 (0.6722)  time: 1.0559  data: 0.0005  max mem: 31308
Epoch: [6]  [2660/5625]  eta: 0:52:49  lr: 0.000009  train_loss: 0.1519 (0.2301)  train_iou: 0.6770 (0.6726)  time: 1.0592  data: 0.0005  max mem: 31308
Epoch: [6]  [2680/5625]  eta: 0:52:28  lr: 0.000009  train_loss: 0.2182 (0.2302)  train_iou: 0.7374 (0.6729)  time: 1.0599  data: 0.0005  max mem: 31308
Epoch: [6]  [2700/5625]  eta: 0:52:06  lr: 0.000009  train_loss: 0.1972 (0.2301)  train_iou: 0.6644 (0.6728)  time: 1.0536  data: 0.0005  max mem: 31308
Epoch: [6]  [2720/5625]  eta: 0:51:44  lr: 0.000009  train_loss: 0.2427 (0.2301)  train_iou: 0.6552 (0.6725)  time: 1.0536  data: 0.0005  max mem: 31308
Epoch: [6]  [2740/5625]  eta: 0:51:23  lr: 0.000009  train_loss: 0.1598 (0.2299)  train_iou: 0.6501 (0.6723)  time: 1.0605  data: 0.0005  max mem: 31308
Epoch: [6]  [2760/5625]  eta: 0:51:01  lr: 0.000009  train_loss: 0.1718 (0.2299)  train_iou: 0.6530 (0.6722)  time: 1.0574  data: 0.0005  max mem: 31308
Epoch: [6]  [2780/5625]  eta: 0:50:39  lr: 0.000009  train_loss: 0.1440 (0.2296)  train_iou: 0.7486 (0.6725)  time: 1.0576  data: 0.0004  max mem: 31308
Epoch: [6]  [2800/5625]  eta: 0:50:18  lr: 0.000009  train_loss: 0.1496 (0.2296)  train_iou: 0.7394 (0.6728)  time: 1.0585  data: 0.0004  max mem: 31308
Epoch: [6]  [2820/5625]  eta: 0:49:56  lr: 0.000009  train_loss: 0.1362 (0.2295)  train_iou: 0.6410 (0.6726)  time: 1.0543  data: 0.0005  max mem: 31308
Epoch: [6]  [2840/5625]  eta: 0:49:35  lr: 0.000009  train_loss: 0.1594 (0.2293)  train_iou: 0.6803 (0.6728)  time: 1.0564  data: 0.0004  max mem: 31308
Epoch: [6]  [2860/5625]  eta: 0:49:13  lr: 0.000009  train_loss: 0.1880 (0.2293)  train_iou: 0.6723 (0.6729)  time: 1.0566  data: 0.0004  max mem: 31308
Epoch: [6]  [2880/5625]  eta: 0:48:51  lr: 0.000009  train_loss: 0.2048 (0.2293)  train_iou: 0.6614 (0.6728)  time: 1.0595  data: 0.0005  max mem: 31308
Epoch: [6]  [2900/5625]  eta: 0:48:30  lr: 0.000009  train_loss: 0.1726 (0.2293)  train_iou: 0.6375 (0.6728)  time: 1.0594  data: 0.0005  max mem: 31308
Epoch: [6]  [2920/5625]  eta: 0:48:08  lr: 0.000009  train_loss: 0.2575 (0.2296)  train_iou: 0.7312 (0.6731)  time: 1.0545  data: 0.0005  max mem: 31308
Epoch: [6]  [2940/5625]  eta: 0:47:47  lr: 0.000009  train_loss: 0.2655 (0.2302)  train_iou: 0.6846 (0.6728)  time: 1.0619  data: 0.0005  max mem: 31308
Epoch: [6]  [2960/5625]  eta: 0:47:25  lr: 0.000009  train_loss: 0.1916 (0.2303)  train_iou: 0.6621 (0.6729)  time: 1.0564  data: 0.0005  max mem: 31308
Epoch: [6]  [2980/5625]  eta: 0:47:04  lr: 0.000009  train_loss: 0.1528 (0.2304)  train_iou: 0.6651 (0.6728)  time: 1.0566  data: 0.0004  max mem: 31308
Epoch: [6]  [3000/5625]  eta: 0:46:42  lr: 0.000009  train_loss: 0.1565 (0.2303)  train_iou: 0.7572 (0.6732)  time: 1.0591  data: 0.0005  max mem: 31308
Epoch: [6]  [3020/5625]  eta: 0:46:21  lr: 0.000009  train_loss: 0.2383 (0.2304)  train_iou: 0.6734 (0.6731)  time: 1.0581  data: 0.0005  max mem: 31308
Epoch: [6]  [3040/5625]  eta: 0:45:59  lr: 0.000009  train_loss: 0.1984 (0.2306)  train_iou: 0.7176 (0.6732)  time: 1.0574  data: 0.0005  max mem: 31308
Epoch: [6]  [3060/5625]  eta: 0:45:38  lr: 0.000009  train_loss: 0.2074 (0.2305)  train_iou: 0.6645 (0.6733)  time: 1.0589  data: 0.0005  max mem: 31308
Epoch: [6]  [3080/5625]  eta: 0:45:16  lr: 0.000009  train_loss: 0.2489 (0.2307)  train_iou: 0.6430 (0.6733)  time: 1.0550  data: 0.0005  max mem: 31308
Epoch: [6]  [3100/5625]  eta: 0:44:55  lr: 0.000009  train_loss: 0.2072 (0.2308)  train_iou: 0.6323 (0.6732)  time: 1.0578  data: 0.0005  max mem: 31308
Epoch: [6]  [3120/5625]  eta: 0:44:33  lr: 0.000009  train_loss: 0.2089 (0.2308)  train_iou: 0.6545 (0.6731)  time: 1.0534  data: 0.0005  max mem: 31308
Epoch: [6]  [3140/5625]  eta: 0:44:12  lr: 0.000009  train_loss: 0.1703 (0.2306)  train_iou: 0.6734 (0.6730)  time: 1.0561  data: 0.0005  max mem: 31308
Epoch: [6]  [3160/5625]  eta: 0:43:50  lr: 0.000009  train_loss: 0.1469 (0.2303)  train_iou: 0.7154 (0.6731)  time: 1.0559  data: 0.0004  max mem: 31308
Epoch: [6]  [3180/5625]  eta: 0:43:29  lr: 0.000009  train_loss: 0.1466 (0.2302)  train_iou: 0.7292 (0.6731)  time: 1.0568  data: 0.0005  max mem: 31308
Epoch: [6]  [3200/5625]  eta: 0:43:07  lr: 0.000009  train_loss: 0.1537 (0.2300)  train_iou: 0.6403 (0.6731)  time: 1.0546  data: 0.0005  max mem: 31308
Epoch: [6]  [3220/5625]  eta: 0:42:46  lr: 0.000009  train_loss: 0.1412 (0.2298)  train_iou: 0.6857 (0.6730)  time: 1.0583  data: 0.0004  max mem: 31308
Epoch: [6]  [3240/5625]  eta: 0:42:24  lr: 0.000009  train_loss: 0.1753 (0.2300)  train_iou: 0.6920 (0.6731)  time: 1.0623  data: 0.0005  max mem: 31308
Epoch: [6]  [3260/5625]  eta: 0:42:03  lr: 0.000009  train_loss: 0.2023 (0.2300)  train_iou: 0.6447 (0.6730)  time: 1.0561  data: 0.0005  max mem: 31308
Epoch: [6]  [3280/5625]  eta: 0:41:41  lr: 0.000009  train_loss: 0.1731 (0.2301)  train_iou: 0.7147 (0.6732)  time: 1.0577  data: 0.0004  max mem: 31308
Epoch: [6]  [3300/5625]  eta: 0:41:20  lr: 0.000009  train_loss: 0.2031 (0.2302)  train_iou: 0.6517 (0.6730)  time: 1.0622  data: 0.0004  max mem: 31308
Epoch: [6]  [3320/5625]  eta: 0:40:58  lr: 0.000009  train_loss: 0.1956 (0.2302)  train_iou: 0.5992 (0.6727)  time: 1.0610  data: 0.0005  max mem: 31308
Epoch: [6]  [3340/5625]  eta: 0:40:37  lr: 0.000009  train_loss: 0.2252 (0.2304)  train_iou: 0.6343 (0.6725)  time: 1.0616  data: 0.0005  max mem: 31308
Epoch: [6]  [3360/5625]  eta: 0:40:16  lr: 0.000009  train_loss: 0.1762 (0.2303)  train_iou: 0.7185 (0.6727)  time: 1.0602  data: 0.0005  max mem: 31308
Epoch: [6]  [3380/5625]  eta: 0:39:54  lr: 0.000009  train_loss: 0.1653 (0.2302)  train_iou: 0.7136 (0.6729)  time: 1.0621  data: 0.0005  max mem: 31308
Epoch: [6]  [3400/5625]  eta: 0:39:33  lr: 0.000009  train_loss: 0.2161 (0.2302)  train_iou: 0.6444 (0.6727)  time: 1.0573  data: 0.0005  max mem: 31308
Epoch: [6]  [3420/5625]  eta: 0:39:11  lr: 0.000009  train_loss: 0.2145 (0.2302)  train_iou: 0.7120 (0.6728)  time: 1.0545  data: 0.0005  max mem: 31308
Epoch: [6]  [3440/5625]  eta: 0:38:50  lr: 0.000009  train_loss: 0.1406 (0.2298)  train_iou: 0.6495 (0.6728)  time: 1.0579  data: 0.0005  max mem: 31308
Epoch: [6]  [3460/5625]  eta: 0:38:28  lr: 0.000009  train_loss: 0.1919 (0.2299)  train_iou: 0.6667 (0.6729)  time: 1.0590  data: 0.0005  max mem: 31308
Epoch: [6]  [3480/5625]  eta: 0:38:07  lr: 0.000009  train_loss: 0.1935 (0.2300)  train_iou: 0.6562 (0.6728)  time: 1.0595  data: 0.0004  max mem: 31308
Epoch: [6]  [3500/5625]  eta: 0:37:45  lr: 0.000009  train_loss: 0.1670 (0.2302)  train_iou: 0.6813 (0.6730)  time: 1.0602  data: 0.0004  max mem: 31308
Epoch: [6]  [3520/5625]  eta: 0:37:24  lr: 0.000009  train_loss: 0.1942 (0.2301)  train_iou: 0.6700 (0.6731)  time: 1.0609  data: 0.0005  max mem: 31308
Epoch: [6]  [3540/5625]  eta: 0:37:03  lr: 0.000009  train_loss: 0.1238 (0.2298)  train_iou: 0.6930 (0.6731)  time: 1.0585  data: 0.0005  max mem: 31308
Epoch: [6]  [3560/5625]  eta: 0:36:41  lr: 0.000009  train_loss: 0.1739 (0.2298)  train_iou: 0.6433 (0.6728)  time: 1.0633  data: 0.0005  max mem: 31308
Epoch: [6]  [3580/5625]  eta: 0:36:20  lr: 0.000009  train_loss: 0.1730 (0.2295)  train_iou: 0.7087 (0.6727)  time: 1.0637  data: 0.0005  max mem: 31308
Epoch: [6]  [3600/5625]  eta: 0:35:59  lr: 0.000009  train_loss: 0.1928 (0.2298)  train_iou: 0.6612 (0.6728)  time: 1.0600  data: 0.0005  max mem: 31308
Epoch: [6]  [3620/5625]  eta: 0:35:37  lr: 0.000009  train_loss: 0.1885 (0.2297)  train_iou: 0.6413 (0.6727)  time: 1.0620  data: 0.0005  max mem: 31308
Epoch: [6]  [3640/5625]  eta: 0:35:16  lr: 0.000009  train_loss: 0.1921 (0.2295)  train_iou: 0.6645 (0.6727)  time: 1.0617  data: 0.0005  max mem: 31308
Epoch: [6]  [3660/5625]  eta: 0:34:54  lr: 0.000009  train_loss: 0.2366 (0.2296)  train_iou: 0.6550 (0.6727)  time: 1.0621  data: 0.0005  max mem: 31308
Epoch: [6]  [3680/5625]  eta: 0:34:33  lr: 0.000009  train_loss: 0.2621 (0.2298)  train_iou: 0.6561 (0.6725)  time: 1.0599  data: 0.0004  max mem: 31308
Epoch: [6]  [3700/5625]  eta: 0:34:12  lr: 0.000009  train_loss: 0.1611 (0.2296)  train_iou: 0.7158 (0.6727)  time: 1.0662  data: 0.0004  max mem: 31308
Epoch: [6]  [3720/5625]  eta: 0:33:50  lr: 0.000009  train_loss: 0.1470 (0.2295)  train_iou: 0.6672 (0.6727)  time: 1.0627  data: 0.0005  max mem: 31308
Epoch: [6]  [3740/5625]  eta: 0:33:29  lr: 0.000009  train_loss: 0.1507 (0.2293)  train_iou: 0.7027 (0.6729)  time: 1.0630  data: 0.0005  max mem: 31308
Epoch: [6]  [3760/5625]  eta: 0:33:08  lr: 0.000009  train_loss: 0.1759 (0.2293)  train_iou: 0.7091 (0.6729)  time: 1.0613  data: 0.0005  max mem: 31308
Epoch: [6]  [3780/5625]  eta: 0:32:46  lr: 0.000009  train_loss: 0.1840 (0.2292)  train_iou: 0.6524 (0.6726)  time: 1.0610  data: 0.0005  max mem: 31308
Epoch: [6]  [3800/5625]  eta: 0:32:26  lr: 0.000009  train_loss: 0.2016 (0.2292)  train_iou: 0.6372 (0.6724)  time: 1.1833  data: 0.0005  max mem: 31308
Epoch: [6]  [3820/5625]  eta: 0:32:05  lr: 0.000009  train_loss: 0.1754 (0.2291)  train_iou: 0.6569 (0.6723)  time: 1.0577  data: 0.0004  max mem: 31308
Epoch: [6]  [3840/5625]  eta: 0:31:43  lr: 0.000009  train_loss: 0.2311 (0.2298)  train_iou: 0.6069 (0.6720)  time: 1.0645  data: 0.0005  max mem: 31308
Epoch: [6]  [3860/5625]  eta: 0:31:22  lr: 0.000009  train_loss: 0.1650 (0.2296)  train_iou: 0.6937 (0.6721)  time: 1.0581  data: 0.0005  max mem: 31308
Epoch: [6]  [3880/5625]  eta: 0:31:01  lr: 0.000009  train_loss: 0.1479 (0.2294)  train_iou: 0.6822 (0.6723)  time: 1.0582  data: 0.0005  max mem: 31308
Epoch: [6]  [3900/5625]  eta: 0:30:39  lr: 0.000009  train_loss: 0.2005 (0.2295)  train_iou: 0.7023 (0.6724)  time: 1.0606  data: 0.0005  max mem: 31308
Epoch: [6]  [3920/5625]  eta: 0:30:18  lr: 0.000009  train_loss: 0.1505 (0.2294)  train_iou: 0.7056 (0.6726)  time: 1.0634  data: 0.0005  max mem: 31308
Epoch: [6]  [3940/5625]  eta: 0:29:56  lr: 0.000009  train_loss: 0.1466 (0.2292)  train_iou: 0.6598 (0.6725)  time: 1.0579  data: 0.0005  max mem: 31308
Epoch: [6]  [3960/5625]  eta: 0:29:35  lr: 0.000009  train_loss: 0.1800 (0.2291)  train_iou: 0.6356 (0.6724)  time: 1.0589  data: 0.0004  max mem: 31308
Epoch: [6]  [3980/5625]  eta: 0:29:14  lr: 0.000009  train_loss: 0.1162 (0.2288)  train_iou: 0.6221 (0.6722)  time: 1.0588  data: 0.0005  max mem: 31308
Epoch: [6]  [4000/5625]  eta: 0:28:52  lr: 0.000009  train_loss: 0.1640 (0.2285)  train_iou: 0.6995 (0.6724)  time: 1.0569  data: 0.0005  max mem: 31308
Epoch: [6]  [4020/5625]  eta: 0:28:31  lr: 0.000009  train_loss: 0.1581 (0.2283)  train_iou: 0.7002 (0.6724)  time: 1.0564  data: 0.0004  max mem: 31308
Epoch: [6]  [4040/5625]  eta: 0:28:09  lr: 0.000009  train_loss: 0.2211 (0.2284)  train_iou: 0.7281 (0.6727)  time: 1.0590  data: 0.0005  max mem: 31308
Epoch: [6]  [4060/5625]  eta: 0:27:48  lr: 0.000009  train_loss: 0.1999 (0.2285)  train_iou: 0.6201 (0.6724)  time: 1.0604  data: 0.0005  max mem: 31308
Epoch: [6]  [4080/5625]  eta: 0:27:27  lr: 0.000009  train_loss: 0.2594 (0.2287)  train_iou: 0.6973 (0.6725)  time: 1.0568  data: 0.0004  max mem: 31308
Epoch: [6]  [4100/5625]  eta: 0:27:05  lr: 0.000009  train_loss: 0.1975 (0.2289)  train_iou: 0.6574 (0.6724)  time: 1.0564  data: 0.0005  max mem: 31308
Epoch: [6]  [4120/5625]  eta: 0:26:44  lr: 0.000009  train_loss: 0.2330 (0.2291)  train_iou: 0.6934 (0.6723)  time: 1.0600  data: 0.0005  max mem: 31308
Epoch: [6]  [4140/5625]  eta: 0:26:23  lr: 0.000009  train_loss: 0.2358 (0.2292)  train_iou: 0.6677 (0.6723)  time: 1.0594  data: 0.0005  max mem: 31308
Epoch: [6]  [4160/5625]  eta: 0:26:01  lr: 0.000009  train_loss: 0.1820 (0.2292)  train_iou: 0.6634 (0.6721)  time: 1.0569  data: 0.0004  max mem: 31308
Epoch: [6]  [4180/5625]  eta: 0:25:40  lr: 0.000009  train_loss: 0.2040 (0.2293)  train_iou: 0.6420 (0.6721)  time: 1.0600  data: 0.0005  max mem: 31308
Epoch: [6]  [4200/5625]  eta: 0:25:18  lr: 0.000009  train_loss: 0.1817 (0.2292)  train_iou: 0.6528 (0.6721)  time: 1.0545  data: 0.0005  max mem: 31308
Epoch: [6]  [4220/5625]  eta: 0:24:57  lr: 0.000009  train_loss: 0.1846 (0.2293)  train_iou: 0.6018 (0.6718)  time: 1.0591  data: 0.0005  max mem: 31308
Epoch: [6]  [4240/5625]  eta: 0:24:36  lr: 0.000009  train_loss: 0.2578 (0.2294)  train_iou: 0.6689 (0.6718)  time: 1.0598  data: 0.0004  max mem: 31308
Epoch: [6]  [4260/5625]  eta: 0:24:14  lr: 0.000009  train_loss: 0.1543 (0.2292)  train_iou: 0.6375 (0.6718)  time: 1.0583  data: 0.0005  max mem: 31308
Epoch: [6]  [4280/5625]  eta: 0:23:53  lr: 0.000009  train_loss: 0.2569 (0.2297)  train_iou: 0.7015 (0.6719)  time: 1.0574  data: 0.0005  max mem: 31308
Epoch: [6]  [4300/5625]  eta: 0:23:32  lr: 0.000009  train_loss: 0.1814 (0.2296)  train_iou: 0.7187 (0.6721)  time: 1.0609  data: 0.0004  max mem: 31308
Epoch: [6]  [4320/5625]  eta: 0:23:10  lr: 0.000009  train_loss: 0.1458 (0.2295)  train_iou: 0.6572 (0.6721)  time: 1.0592  data: 0.0005  max mem: 31308
Epoch: [6]  [4340/5625]  eta: 0:22:49  lr: 0.000009  train_loss: 0.1614 (0.2293)  train_iou: 0.6773 (0.6721)  time: 1.0561  data: 0.0005  max mem: 31308
Epoch: [6]  [4360/5625]  eta: 0:22:28  lr: 0.000009  train_loss: 0.1640 (0.2291)  train_iou: 0.7195 (0.6722)  time: 1.0575  data: 0.0005  max mem: 31308
Epoch: [6]  [4380/5625]  eta: 0:22:06  lr: 0.000009  train_loss: 0.1831 (0.2290)  train_iou: 0.6011 (0.6721)  time: 1.0574  data: 0.0005  max mem: 31308
Epoch: [6]  [4400/5625]  eta: 0:21:45  lr: 0.000009  train_loss: 0.1456 (0.2288)  train_iou: 0.6307 (0.6718)  time: 1.0563  data: 0.0005  max mem: 31308
Epoch: [6]  [4420/5625]  eta: 0:21:23  lr: 0.000009  train_loss: 0.1678 (0.2286)  train_iou: 0.6955 (0.6719)  time: 1.0565  data: 0.0004  max mem: 31308
Epoch: [6]  [4440/5625]  eta: 0:21:02  lr: 0.000009  train_loss: 0.1762 (0.2286)  train_iou: 0.7093 (0.6719)  time: 1.0565  data: 0.0004  max mem: 31308
Epoch: [6]  [4460/5625]  eta: 0:20:41  lr: 0.000009  train_loss: 0.2095 (0.2285)  train_iou: 0.6817 (0.6720)  time: 1.0591  data: 0.0005  max mem: 31308
Epoch: [6]  [4480/5625]  eta: 0:20:19  lr: 0.000009  train_loss: 0.2087 (0.2287)  train_iou: 0.6792 (0.6720)  time: 1.0559  data: 0.0004  max mem: 31308
Epoch: [6]  [4500/5625]  eta: 0:19:58  lr: 0.000009  train_loss: 0.1610 (0.2285)  train_iou: 0.7223 (0.6721)  time: 1.0583  data: 0.0005  max mem: 31308
Epoch: [6]  [4520/5625]  eta: 0:19:37  lr: 0.000009  train_loss: 0.1637 (0.2284)  train_iou: 0.6535 (0.6721)  time: 1.0547  data: 0.0005  max mem: 31308
Epoch: [6]  [4540/5625]  eta: 0:19:15  lr: 0.000009  train_loss: 0.1848 (0.2283)  train_iou: 0.6731 (0.6719)  time: 1.0587  data: 0.0004  max mem: 31308
Epoch: [6]  [4560/5625]  eta: 0:18:54  lr: 0.000009  train_loss: 0.1355 (0.2282)  train_iou: 0.6575 (0.6719)  time: 1.0569  data: 0.0005  max mem: 31308
Epoch: [6]  [4580/5625]  eta: 0:18:33  lr: 0.000009  train_loss: 0.2027 (0.2282)  train_iou: 0.7263 (0.6720)  time: 1.0609  data: 0.0005  max mem: 31308
Epoch: [6]  [4600/5625]  eta: 0:18:11  lr: 0.000009  train_loss: 0.1570 (0.2281)  train_iou: 0.7401 (0.6722)  time: 1.0568  data: 0.0004  max mem: 31308
Epoch: [6]  [4620/5625]  eta: 0:17:50  lr: 0.000009  train_loss: 0.1352 (0.2279)  train_iou: 0.7132 (0.6723)  time: 1.0554  data: 0.0004  max mem: 31308
Epoch: [6]  [4640/5625]  eta: 0:17:29  lr: 0.000009  train_loss: 0.2338 (0.2280)  train_iou: 0.5582 (0.6720)  time: 1.0607  data: 0.0005  max mem: 31308
Epoch: [6]  [4660/5625]  eta: 0:17:07  lr: 0.000009  train_loss: 0.1623 (0.2279)  train_iou: 0.7162 (0.6722)  time: 1.0572  data: 0.0005  max mem: 31308
Epoch: [6]  [4680/5625]  eta: 0:16:46  lr: 0.000009  train_loss: 0.1807 (0.2277)  train_iou: 0.6660 (0.6721)  time: 1.0557  data: 0.0005  max mem: 31308
Epoch: [6]  [4700/5625]  eta: 0:16:25  lr: 0.000009  train_loss: 0.1417 (0.2276)  train_iou: 0.6612 (0.6721)  time: 1.0609  data: 0.0005  max mem: 31308
Epoch: [6]  [4720/5625]  eta: 0:16:03  lr: 0.000009  train_loss: 0.1426 (0.2274)  train_iou: 0.7224 (0.6722)  time: 1.0567  data: 0.0005  max mem: 31308
Epoch: [6]  [4740/5625]  eta: 0:15:42  lr: 0.000009  train_loss: 0.1731 (0.2274)  train_iou: 0.6915 (0.6722)  time: 1.0604  data: 0.0004  max mem: 31308
Epoch: [6]  [4760/5625]  eta: 0:15:21  lr: 0.000009  train_loss: 0.1801 (0.2273)  train_iou: 0.6503 (0.6722)  time: 1.0614  data: 0.0005  max mem: 31308
Epoch: [6]  [4780/5625]  eta: 0:14:59  lr: 0.000009  train_loss: 0.2228 (0.2276)  train_iou: 0.5490 (0.6718)  time: 1.0648  data: 0.0005  max mem: 31308
Epoch: [6]  [4800/5625]  eta: 0:14:38  lr: 0.000009  train_loss: 0.1616 (0.2275)  train_iou: 0.7182 (0.6720)  time: 1.0608  data: 0.0004  max mem: 31308
Epoch: [6]  [4820/5625]  eta: 0:14:17  lr: 0.000009  train_loss: 0.2470 (0.2277)  train_iou: 0.6657 (0.6720)  time: 1.0630  data: 0.0004  max mem: 31308
Epoch: [6]  [4840/5625]  eta: 0:13:55  lr: 0.000009  train_loss: 0.1837 (0.2277)  train_iou: 0.5527 (0.6718)  time: 1.0553  data: 0.0005  max mem: 31308
Epoch: [6]  [4860/5625]  eta: 0:13:34  lr: 0.000009  train_loss: 0.2191 (0.2279)  train_iou: 0.6261 (0.6715)  time: 1.0588  data: 0.0004  max mem: 31308
Epoch: [6]  [4880/5625]  eta: 0:13:13  lr: 0.000009  train_loss: 0.1514 (0.2279)  train_iou: 0.6753 (0.6716)  time: 1.0546  data: 0.0004  max mem: 31308
Epoch: [6]  [4900/5625]  eta: 0:12:51  lr: 0.000009  train_loss: 0.1934 (0.2279)  train_iou: 0.6721 (0.6717)  time: 1.0594  data: 0.0004  max mem: 31308
Epoch: [6]  [4920/5625]  eta: 0:12:30  lr: 0.000009  train_loss: 0.2117 (0.2279)  train_iou: 0.6160 (0.6715)  time: 1.0624  data: 0.0004  max mem: 31308
Epoch: [6]  [4940/5625]  eta: 0:12:09  lr: 0.000009  train_loss: 0.1790 (0.2278)  train_iou: 0.6943 (0.6716)  time: 1.0596  data: 0.0004  max mem: 31308
Epoch: [6]  [4960/5625]  eta: 0:11:48  lr: 0.000009  train_loss: 0.1926 (0.2279)  train_iou: 0.7524 (0.6718)  time: 1.0613  data: 0.0004  max mem: 31308
Epoch: [6]  [4980/5625]  eta: 0:11:26  lr: 0.000009  train_loss: 0.2086 (0.2278)  train_iou: 0.6830 (0.6718)  time: 1.0621  data: 0.0005  max mem: 31308
Epoch: [6]  [5000/5625]  eta: 0:11:05  lr: 0.000009  train_loss: 0.1215 (0.2275)  train_iou: 0.6535 (0.6718)  time: 1.0576  data: 0.0004  max mem: 31308
Epoch: [6]  [5020/5625]  eta: 0:10:44  lr: 0.000009  train_loss: 0.2073 (0.2279)  train_iou: 0.6376 (0.6718)  time: 1.0619  data: 0.0004  max mem: 31308
Epoch: [6]  [5040/5625]  eta: 0:10:22  lr: 0.000009  train_loss: 0.1887 (0.2279)  train_iou: 0.6697 (0.6719)  time: 1.0577  data: 0.0005  max mem: 31308
Epoch: [6]  [5060/5625]  eta: 0:10:01  lr: 0.000009  train_loss: 0.2309 (0.2279)  train_iou: 0.7434 (0.6720)  time: 1.0594  data: 0.0004  max mem: 31308
Epoch: [6]  [5080/5625]  eta: 0:09:40  lr: 0.000009  train_loss: 0.2105 (0.2279)  train_iou: 0.6793 (0.6720)  time: 1.0553  data: 0.0004  max mem: 31308
Epoch: [6]  [5100/5625]  eta: 0:09:18  lr: 0.000009  train_loss: 0.1487 (0.2280)  train_iou: 0.6754 (0.6720)  time: 1.0580  data: 0.0004  max mem: 31308
Epoch: [6]  [5120/5625]  eta: 0:08:57  lr: 0.000009  train_loss: 0.1407 (0.2278)  train_iou: 0.7434 (0.6721)  time: 1.1786  data: 0.0004  max mem: 31308
Epoch: [6]  [5140/5625]  eta: 0:08:36  lr: 0.000009  train_loss: 0.2031 (0.2278)  train_iou: 0.6893 (0.6723)  time: 1.0579  data: 0.0004  max mem: 31308
Epoch: [6]  [5160/5625]  eta: 0:08:15  lr: 0.000009  train_loss: 0.1744 (0.2278)  train_iou: 0.6514 (0.6722)  time: 1.0562  data: 0.0004  max mem: 31308
Epoch: [6]  [5180/5625]  eta: 0:07:53  lr: 0.000009  train_loss: 0.1866 (0.2278)  train_iou: 0.6661 (0.6722)  time: 1.0609  data: 0.0004  max mem: 31308
Epoch: [6]  [5200/5625]  eta: 0:07:32  lr: 0.000009  train_loss: 0.1727 (0.2278)  train_iou: 0.6608 (0.6722)  time: 1.0563  data: 0.0005  max mem: 31308
Epoch: [6]  [5220/5625]  eta: 0:07:11  lr: 0.000009  train_loss: 0.1668 (0.2276)  train_iou: 0.6372 (0.6721)  time: 1.0554  data: 0.0004  max mem: 31308
Epoch: [6]  [5240/5625]  eta: 0:06:49  lr: 0.000009  train_loss: 0.2074 (0.2277)  train_iou: 0.6275 (0.6720)  time: 1.0598  data: 0.0004  max mem: 31308
Epoch: [6]  [5260/5625]  eta: 0:06:28  lr: 0.000009  train_loss: 0.1836 (0.2277)  train_iou: 0.6031 (0.6718)  time: 1.0578  data: 0.0005  max mem: 31308
Epoch: [6]  [5280/5625]  eta: 0:06:07  lr: 0.000009  train_loss: 0.2035 (0.2277)  train_iou: 0.6222 (0.6717)  time: 1.0589  data: 0.0004  max mem: 31308
Epoch: [6]  [5300/5625]  eta: 0:05:46  lr: 0.000009  train_loss: 0.1386 (0.2275)  train_iou: 0.7285 (0.6719)  time: 1.0567  data: 0.0004  max mem: 31308
Epoch: [6]  [5320/5625]  eta: 0:05:24  lr: 0.000009  train_loss: 0.1688 (0.2274)  train_iou: 0.6857 (0.6720)  time: 1.0573  data: 0.0004  max mem: 31308
Epoch: [6]  [5340/5625]  eta: 0:05:03  lr: 0.000009  train_loss: 0.2309 (0.2276)  train_iou: 0.6724 (0.6719)  time: 1.0541  data: 0.0005  max mem: 31308
Epoch: [6]  [5360/5625]  eta: 0:04:42  lr: 0.000009  train_loss: 0.1907 (0.2275)  train_iou: 0.7220 (0.6721)  time: 1.0584  data: 0.0004  max mem: 31308
Epoch: [6]  [5380/5625]  eta: 0:04:20  lr: 0.000009  train_loss: 0.2115 (0.2277)  train_iou: 0.6808 (0.6722)  time: 1.0587  data: 0.0005  max mem: 31308
Epoch: [6]  [5400/5625]  eta: 0:03:59  lr: 0.000009  train_loss: 0.1821 (0.2277)  train_iou: 0.7391 (0.6724)  time: 1.0557  data: 0.0005  max mem: 31308
Epoch: [6]  [5420/5625]  eta: 0:03:38  lr: 0.000009  train_loss: 0.1576 (0.2276)  train_iou: 0.6607 (0.6724)  time: 1.0575  data: 0.0004  max mem: 31308
Epoch: [6]  [5440/5625]  eta: 0:03:16  lr: 0.000009  train_loss: 0.2090 (0.2278)  train_iou: 0.6837 (0.6724)  time: 1.0581  data: 0.0004  max mem: 31308
Epoch: [6]  [5460/5625]  eta: 0:02:55  lr: 0.000009  train_loss: 0.2509 (0.2278)  train_iou: 0.6310 (0.6723)  time: 1.0570  data: 0.0005  max mem: 31308
Epoch: [6]  [5480/5625]  eta: 0:02:34  lr: 0.000009  train_loss: 0.1403 (0.2278)  train_iou: 0.6477 (0.6722)  time: 1.0577  data: 0.0004  max mem: 31308
Epoch: [6]  [5500/5625]  eta: 0:02:13  lr: 0.000009  train_loss: 0.1587 (0.2277)  train_iou: 0.6768 (0.6721)  time: 1.0602  data: 0.0004  max mem: 31308
Epoch: [6]  [5520/5625]  eta: 0:01:51  lr: 0.000009  train_loss: 0.1799 (0.2276)  train_iou: 0.7261 (0.6722)  time: 1.0559  data: 0.0005  max mem: 31308
Epoch: [6]  [5540/5625]  eta: 0:01:30  lr: 0.000009  train_loss: 0.2124 (0.2277)  train_iou: 0.6741 (0.6721)  time: 1.0578  data: 0.0004  max mem: 31308
Epoch: [6]  [5560/5625]  eta: 0:01:09  lr: 0.000009  train_loss: 0.1788 (0.2276)  train_iou: 0.6981 (0.6722)  time: 1.0574  data: 0.0004  max mem: 31308
Epoch: [6]  [5580/5625]  eta: 0:00:47  lr: 0.000009  train_loss: 0.2068 (0.2277)  train_iou: 0.6402 (0.6721)  time: 1.0562  data: 0.0005  max mem: 31308
Epoch: [6]  [5600/5625]  eta: 0:00:26  lr: 0.000009  train_loss: 0.1697 (0.2277)  train_iou: 0.6485 (0.6720)  time: 1.0534  data: 0.0004  max mem: 31308
Epoch: [6]  [5620/5625]  eta: 0:00:05  lr: 0.000009  train_loss: 0.2024 (0.2277)  train_iou: 0.7056 (0.6720)  time: 0.9642  data: 0.0003  max mem: 31308
Epoch: [6]  [5624/5625]  eta: 0:00:01  lr: 0.000009  train_loss: 0.2024 (0.2277)  train_iou: 0.6947 (0.6720)  time: 0.9302  data: 0.0002  max mem: 31308
Epoch: [6] Total time: 1:39:45 (1.0641 s / it)
Averaged stats: lr: 0.000009  train_loss: 0.2024 (0.2277)  train_iou: 0.6947 (0.6720)
huggingface/tokenizers: The current process just got forked, after parallelism has already been used. Disabling parallelism to avoid deadlocks...
To disable this warning, you can either:
	- Avoid using `tokenizers` before the fork if possible
	- Explicitly set the environment variable TOKENIZERS_PARALLELISM=(true | false)
huggingface/tokenizers: The current process just got forked, after parallelism has already been used. Disabling parallelism to avoid deadlocks...
To disable this warning, you can either:
	- Avoid using `tokenizers` before the fork if possible
	- Explicitly set the environment variable TOKENIZERS_PARALLELISM=(true | false)
huggingface/tokenizers: The current process just got forked, after parallelism has already been used. Disabling parallelism to avoid deadlocks...
To disable this warning, you can either:
	- Avoid using `tokenizers` before the fork if possible
	- Explicitly set the environment variable TOKENIZERS_PARALLELISM=(true | false)
huggingface/tokenizers: The current process just got forked, after parallelism has already been used. Disabling parallelism to avoid deadlocks...
To disable this warning, you can either:
	- Avoid using `tokenizers` before the fork if possible
	- Explicitly set the environment variable TOKENIZERS_PARALLELISM=(true | false)
huggingface/tokenizers: The current process just got forked, after parallelism has already been used. Disabling parallelism to avoid deadlocks...
To disable this warning, you can either:
	- Avoid using `tokenizers` before the fork if possible
	- Explicitly set the environment variable TOKENIZERS_PARALLELISM=(true | false)
huggingface/tokenizers: The current process just got forked, after parallelism has already been used. Disabling parallelism to avoid deadlocks...
To disable this warning, you can either:
	- Avoid using `tokenizers` before the fork if possible
	- Explicitly set the environment variable TOKENIZERS_PARALLELISM=(true | false)
huggingface/tokenizers: The current process just got forked, after parallelism has already been used. Disabling parallelism to avoid deadlocks...
To disable this warning, you can either:
	- Avoid using `tokenizers` before the fork if possible
	- Explicitly set the environment variable TOKENIZERS_PARALLELISM=(true | false)
huggingface/tokenizers: The current process just got forked, after parallelism has already been used. Disabling parallelism to avoid deadlocks...
To disable this warning, you can either:
	- Avoid using `tokenizers` before the fork if possible
	- Explicitly set the environment variable TOKENIZERS_PARALLELISM=(true | false)
Test:  [   0/4000]  eta: 1:59:11  inter: 33276.0000 (33276.0000)  union: 35314.0000 (35314.0000)  iou: 0.9423 (0.9423)  time: 1.7879  data: 1.2093  max mem: 31308
Test:  [  50/4000]  eta: 0:16:14  inter: 15915.0000 (26327.0312)  union: 54218.0000 (48652.3906)  iou: 0.2621 (0.5197)  time: 0.2202  data: 0.0005  max mem: 31308
Test:  [ 100/4000]  eta: 0:15:13  inter: 26694.0000 (29460.2721)  union: 49380.0000 (47174.1176)  iou: 0.7951 (0.6043)  time: 0.2181  data: 0.0005  max mem: 31308
Test:  [ 150/4000]  eta: 0:14:49  inter: 18951.0000 (28688.5837)  union: 30317.0000 (44215.1244)  iou: 0.8078 (0.6295)  time: 0.2288  data: 0.0005  max mem: 31308
Test:  [ 200/4000]  eta: 0:14:23  inter: 35050.0000 (29118.5421)  union: 37909.0000 (43393.5055)  iou: 0.9246 (0.6426)  time: 0.2148  data: 0.0005  max mem: 31308
Test:  [ 250/4000]  eta: 0:14:00  inter: 21716.0000 (31110.3825)  union: 33191.0000 (45256.1747)  iou: 0.7122 (0.6422)  time: 0.2090  data: 0.0005  max mem: 31308
Test:  [ 300/4000]  eta: 0:13:48  inter: 22715.0000 (30466.8908)  union: 25134.0000 (44667.0447)  iou: 0.8445 (0.6360)  time: 0.2252  data: 0.0005  max mem: 31308
Test:  [ 350/4000]  eta: 0:13:40  inter: 10531.0000 (29425.6570)  union: 37948.0000 (44501.0041)  iou: 0.4771 (0.6255)  time: 0.2307  data: 0.0005  max mem: 31308
Test:  [ 400/4000]  eta: 0:13:30  inter: 30819.0000 (28849.0464)  union: 36686.0000 (43685.6321)  iou: 0.6994 (0.6245)  time: 0.2158  data: 0.0005  max mem: 31308
Test:  [ 450/4000]  eta: 0:13:16  inter: 19836.0000 (28698.6095)  union: 39468.0000 (43767.3937)  iou: 0.6874 (0.6246)  time: 0.2316  data: 0.0005  max mem: 31308
Test:  [ 500/4000]  eta: 0:13:03  inter: 18190.0000 (29517.6304)  union: 41337.0000 (44620.0989)  iou: 0.7385 (0.6253)  time: 0.2133  data: 0.0005  max mem: 31308
Test:  [ 550/4000]  eta: 0:12:53  inter: 23684.0000 (29521.5617)  union: 29168.0000 (44187.6350)  iou: 0.8668 (0.6331)  time: 0.2268  data: 0.0005  max mem: 31308
Test:  [ 600/4000]  eta: 0:12:41  inter: 10968.0000 (29483.4379)  union: 35569.0000 (44148.3917)  iou: 0.7714 (0.6300)  time: 0.2230  data: 0.0005  max mem: 31308
Test:  [ 650/4000]  eta: 0:12:27  inter: 30315.0000 (30032.5337)  union: 42065.0000 (44455.0320)  iou: 0.7354 (0.6309)  time: 0.2132  data: 0.0005  max mem: 31308
Test:  [ 700/4000]  eta: 0:12:15  inter: 21028.0000 (29602.6489)  union: 28894.0000 (44121.5739)  iou: 0.5233 (0.6244)  time: 0.2141  data: 0.0005  max mem: 31308
Test:  [ 750/4000]  eta: 0:12:05  inter: 27136.0000 (29388.9391)  union: 29864.0000 (43807.0495)  iou: 0.8783 (0.6266)  time: 0.2356  data: 0.0005  max mem: 31308
Test:  [ 800/4000]  eta: 0:11:53  inter: 19867.0000 (29067.3955)  union: 46986.0000 (43377.5250)  iou: 0.6673 (0.6254)  time: 0.2276  data: 0.0005  max mem: 31308
Test:  [ 850/4000]  eta: 0:11:43  inter: 21764.0000 (28963.0753)  union: 36044.0000 (43332.9874)  iou: 0.8111 (0.6242)  time: 0.2109  data: 0.0005  max mem: 31308
Test:  [ 900/4000]  eta: 0:11:32  inter: 22146.0000 (29117.4854)  union: 27284.0000 (43704.9613)  iou: 0.7112 (0.6212)  time: 0.2127  data: 0.0005  max mem: 31308
Test:  [ 950/4000]  eta: 0:11:20  inter: 25007.0000 (29276.7104)  union: 30728.0000 (43761.4951)  iou: 0.8456 (0.6206)  time: 0.2203  data: 0.0005  max mem: 31308
Test:  [1000/4000]  eta: 0:11:08  inter: 26857.0000 (29488.0478)  union: 37569.0000 (43967.3093)  iou: 0.7531 (0.6218)  time: 0.2118  data: 0.0005  max mem: 31308
Test:  [1050/4000]  eta: 0:10:57  inter: 25036.0000 (29516.6313)  union: 39353.0000 (43983.4707)  iou: 0.7045 (0.6215)  time: 0.2232  data: 0.0005  max mem: 31308
Test:  [1100/4000]  eta: 0:10:45  inter: 22483.0000 (29281.9922)  union: 32049.0000 (43668.4082)  iou: 0.6711 (0.6193)  time: 0.2194  data: 0.0005  max mem: 31308
Test:  [1150/4000]  eta: 0:10:34  inter: 14866.0000 (29327.2500)  union: 23918.0000 (43381.1210)  iou: 0.6218 (0.6225)  time: 0.2289  data: 0.0005  max mem: 31308
Test:  [1200/4000]  eta: 0:10:23  inter: 16282.0000 (29505.3918)  union: 34022.0000 (43700.0975)  iou: 0.7984 (0.6216)  time: 0.2228  data: 0.0005  max mem: 31308
Test:  [1250/4000]  eta: 0:10:13  inter: 9859.0000 (29224.6701)  union: 41844.0000 (43500.0148)  iou: 0.2698 (0.6194)  time: 0.2328  data: 0.0005  max mem: 31308
Test:  [1300/4000]  eta: 0:10:02  inter: 25493.0000 (28952.4342)  union: 35872.0000 (43223.5390)  iou: 0.6325 (0.6199)  time: 0.2248  data: 0.0005  max mem: 31308
Test:  [1350/4000]  eta: 0:09:50  inter: 26514.0000 (28999.9647)  union: 35660.0000 (43291.0921)  iou: 0.8424 (0.6202)  time: 0.2230  data: 0.0005  max mem: 31308
Test:  [1400/4000]  eta: 0:09:39  inter: 9944.0000 (29126.6908)  union: 11907.0000 (43610.5860)  iou: 0.7774 (0.6179)  time: 0.2243  data: 0.0005  max mem: 31308
Test:  [1450/4000]  eta: 0:09:28  inter: 14242.0000 (29008.0191)  union: 37478.0000 (43500.6719)  iou: 0.5595 (0.6164)  time: 0.2199  data: 0.0005  max mem: 31308
Test:  [1500/4000]  eta: 0:09:17  inter: 19099.0000 (29040.6192)  union: 40273.0000 (43596.3340)  iou: 0.5339 (0.6139)  time: 0.2205  data: 0.0005  max mem: 31308
Test:  [1550/4000]  eta: 0:09:06  inter: 22441.0000 (28920.1989)  union: 30875.0000 (43510.9120)  iou: 0.8219 (0.6140)  time: 0.2364  data: 0.0005  max mem: 31308
Test:  [1600/4000]  eta: 0:08:56  inter: 16384.0000 (28846.8219)  union: 39119.0000 (43557.3834)  iou: 0.7562 (0.6116)  time: 0.2382  data: 0.0005  max mem: 31308
Test:  [1650/4000]  eta: 0:08:44  inter: 17998.0000 (28819.3002)  union: 40963.0000 (43581.5798)  iou: 0.4677 (0.6102)  time: 0.2192  data: 0.0005  max mem: 31308
Test:  [1700/4000]  eta: 0:08:32  inter: 17015.0000 (28843.5945)  union: 36236.0000 (43745.5290)  iou: 0.7937 (0.6091)  time: 0.2202  data: 0.0005  max mem: 31308
Test:  [1750/4000]  eta: 0:08:21  inter: 25688.0000 (28764.7812)  union: 39352.0000 (43650.5466)  iou: 0.8273 (0.6082)  time: 0.2316  data: 0.0005  max mem: 31308
Test:  [1800/4000]  eta: 0:08:10  inter: 24364.0000 (28631.3895)  union: 43065.0000 (43654.9725)  iou: 0.6415 (0.6076)  time: 0.2336  data: 0.0005  max mem: 31308
Test:  [1850/4000]  eta: 0:07:59  inter: 18911.0000 (28603.8854)  union: 34229.0000 (43810.6142)  iou: 0.4126 (0.6060)  time: 0.2221  data: 0.0005  max mem: 31308
Test:  [1900/4000]  eta: 0:07:48  inter: 36792.0000 (28524.7846)  union: 56452.0000 (43756.4782)  iou: 0.5789 (0.6067)  time: 0.2257  data: 0.0005  max mem: 31308
Test:  [1950/4000]  eta: 0:07:37  inter: 11928.0000 (28554.5719)  union: 17125.0000 (43785.9670)  iou: 0.6137 (0.6068)  time: 0.2218  data: 0.0005  max mem: 31308
Test:  [2000/4000]  eta: 0:07:26  inter: 16027.0000 (28515.6643)  union: 23216.0000 (43696.3477)  iou: 0.8241 (0.6072)  time: 0.2120  data: 0.0005  max mem: 31308
Test:  [2050/4000]  eta: 0:07:15  inter: 8395.0000 (28434.8246)  union: 56117.0000 (43823.4059)  iou: 0.2665 (0.6052)  time: 0.2420  data: 0.0005  max mem: 31308
Test:  [2100/4000]  eta: 0:07:03  inter: 20207.0000 (28412.0492)  union: 35755.0000 (43747.4154)  iou: 0.8611 (0.6058)  time: 0.2119  data: 0.0005  max mem: 31308
Test:  [2150/4000]  eta: 0:06:52  inter: 24362.0000 (28427.6345)  union: 30298.0000 (43787.5982)  iou: 0.7414 (0.6053)  time: 0.2168  data: 0.0005  max mem: 31308
Test:  [2200/4000]  eta: 0:06:41  inter: 13446.0000 (28326.4446)  union: 21031.0000 (43667.6702)  iou: 0.5304 (0.6047)  time: 0.2224  data: 0.0005  max mem: 31308
Test:  [2250/4000]  eta: 0:06:30  inter: 19927.0000 (28164.0667)  union: 37499.0000 (43558.8037)  iou: 0.7555 (0.6032)  time: 0.2116  data: 0.0005  max mem: 31308
Test:  [2300/4000]  eta: 0:06:18  inter: 34603.0000 (28223.5205)  union: 39334.0000 (43523.6835)  iou: 0.7505 (0.6050)  time: 0.2256  data: 0.0005  max mem: 31308
Test:  [2350/4000]  eta: 0:06:07  inter: 18852.0000 (28139.1765)  union: 37213.0000 (43440.7901)  iou: 0.7692 (0.6053)  time: 0.2299  data: 0.0005  max mem: 31308
Test:  [2400/4000]  eta: 0:05:56  inter: 10542.0000 (28130.3094)  union: 33048.0000 (43363.2940)  iou: 0.2482 (0.6053)  time: 0.2325  data: 0.0005  max mem: 31308
Test:  [2450/4000]  eta: 0:05:45  inter: 28421.0000 (28240.8031)  union: 32842.0000 (43377.3755)  iou: 0.8811 (0.6078)  time: 0.2077  data: 0.0005  max mem: 31308
Test:  [2500/4000]  eta: 0:05:34  inter: 26249.0000 (28217.8072)  union: 39566.0000 (43360.3978)  iou: 0.8736 (0.6078)  time: 0.2098  data: 0.0005  max mem: 31308
Test:  [2550/4000]  eta: 0:05:22  inter: 28756.0000 (28330.7119)  union: 33391.0000 (43434.3671)  iou: 0.7907 (0.6087)  time: 0.2355  data: 0.0005  max mem: 31308
Test:  [2600/4000]  eta: 0:05:11  inter: 21274.0000 (28263.0708)  union: 33263.0000 (43499.2891)  iou: 0.4193 (0.6072)  time: 0.2266  data: 0.0005  max mem: 31308
Test:  [2650/4000]  eta: 0:05:00  inter: 16633.0000 (28337.1224)  union: 34287.0000 (43711.1482)  iou: 0.8843 (0.6064)  time: 0.2248  data: 0.0005  max mem: 31308
Test:  [2700/4000]  eta: 0:04:49  inter: 26884.0000 (28462.5640)  union: 31930.0000 (43815.1625)  iou: 0.8361 (0.6077)  time: 0.2179  data: 0.0005  max mem: 31308
Test:  [2750/4000]  eta: 0:04:38  inter: 23051.0000 (28513.1696)  union: 32182.0000 (43904.3629)  iou: 0.8892 (0.6067)  time: 0.2177  data: 0.0005  max mem: 31308
Test:  [2800/4000]  eta: 0:04:27  inter: 14797.0000 (28457.9563)  union: 30482.0000 (43765.4320)  iou: 0.6278 (0.6069)  time: 0.2191  data: 0.0005  max mem: 31308
Test:  [2850/4000]  eta: 0:04:16  inter: 14449.0000 (28582.6117)  union: 38530.0000 (43845.0636)  iou: 0.5812 (0.6068)  time: 0.2164  data: 0.0005  max mem: 31308
Test:  [2900/4000]  eta: 0:04:05  inter: 17930.0000 (28571.2468)  union: 26131.0000 (43909.1165)  iou: 0.7987 (0.6055)  time: 0.2132  data: 0.0005  max mem: 31308
Test:  [2950/4000]  eta: 0:03:53  inter: 22642.0000 (28589.5560)  union: 27333.0000 (43912.0368)  iou: 0.5861 (0.6054)  time: 0.2126  data: 0.0005  max mem: 31308
Test:  [3000/4000]  eta: 0:03:42  inter: 21094.0000 (28533.3101)  union: 33272.0000 (43871.1851)  iou: 0.6252 (0.6045)  time: 0.2311  data: 0.0005  max mem: 31308
Test:  [3050/4000]  eta: 0:03:31  inter: 18224.0000 (28561.2429)  union: 52197.0000 (44072.4250)  iou: 0.4360 (0.6043)  time: 0.2216  data: 0.0005  max mem: 31308
Test:  [3100/4000]  eta: 0:03:20  inter: 21556.0000 (28527.0846)  union: 44768.0000 (44028.8405)  iou: 0.5086 (0.6041)  time: 0.2214  data: 0.0005  max mem: 31308
Test:  [3150/4000]  eta: 0:03:09  inter: 15457.0000 (28413.6080)  union: 21854.0000 (43948.2779)  iou: 0.5309 (0.6031)  time: 0.2231  data: 0.0005  max mem: 31308
Test:  [3200/4000]  eta: 0:02:58  inter: 13032.0000 (28477.2078)  union: 41260.0000 (43996.9962)  iou: 0.5502 (0.6038)  time: 0.2161  data: 0.0005  max mem: 31308
Test:  [3250/4000]  eta: 0:02:46  inter: 15121.0000 (28407.3197)  union: 26377.0000 (43936.5667)  iou: 0.7653 (0.6024)  time: 0.2205  data: 0.0005  max mem: 31308
Test:  [3300/4000]  eta: 0:02:35  inter: 35341.0000 (28509.7654)  union: 50992.0000 (44098.2080)  iou: 0.8146 (0.6017)  time: 0.2341  data: 0.0005  max mem: 31308
Test:  [3350/4000]  eta: 0:02:24  inter: 9486.0000 (28500.4782)  union: 12691.0000 (44058.8450)  iou: 0.7986 (0.6023)  time: 0.2096  data: 0.0005  max mem: 31308
Test:  [3400/4000]  eta: 0:02:13  inter: 23068.0000 (28584.4605)  union: 37482.0000 (44094.9503)  iou: 0.8411 (0.6035)  time: 0.2294  data: 0.0005  max mem: 31308
Test:  [3450/4000]  eta: 0:02:02  inter: 19453.0000 (28588.9418)  union: 29919.0000 (44078.0804)  iou: 0.7871 (0.6034)  time: 0.2161  data: 0.0005  max mem: 31308
Test:  [3500/4000]  eta: 0:01:51  inter: 15065.0000 (28542.0288)  union: 22087.0000 (44023.1715)  iou: 0.4214 (0.6031)  time: 0.2139  data: 0.0005  max mem: 31308
Test:  [3550/4000]  eta: 0:01:40  inter: 31173.0000 (28560.0256)  union: 37415.0000 (44040.4054)  iou: 0.8017 (0.6026)  time: 0.2109  data: 0.0005  max mem: 31308
Test:  [3600/4000]  eta: 0:01:29  inter: 21405.0000 (28510.9767)  union: 31979.0000 (44012.7485)  iou: 0.8667 (0.6012)  time: 0.2160  data: 0.0005  max mem: 31308
Test:  [3650/4000]  eta: 0:01:17  inter: 27578.0000 (28465.5473)  union: 38842.0000 (43986.3856)  iou: 0.7202 (0.6011)  time: 0.2396  data: 0.0005  max mem: 31308
Test:  [3700/4000]  eta: 0:01:06  inter: 26536.0000 (28549.2107)  union: 36341.0000 (43994.1226)  iou: 0.8266 (0.6018)  time: 0.2167  data: 0.0005  max mem: 31308
Test:  [3750/4000]  eta: 0:00:55  inter: 28772.0000 (28611.0161)  union: 50275.0000 (44083.6739)  iou: 0.7231 (0.6024)  time: 0.2158  data: 0.0005  max mem: 31308
Test:  [3800/4000]  eta: 0:00:44  inter: 24248.0000 (28616.7914)  union: 30128.0000 (44159.5448)  iou: 0.6196 (0.6024)  time: 0.2088  data: 0.0005  max mem: 31308
Test:  [3850/4000]  eta: 0:00:33  inter: 22138.0000 (28626.0829)  union: 32158.0000 (44164.3459)  iou: 0.8634 (0.6023)  time: 0.2173  data: 0.0005  max mem: 31308
Test:  [3900/4000]  eta: 0:00:22  inter: 20224.0000 (28670.5014)  union: 41777.0000 (44239.9031)  iou: 0.6626 (0.6020)  time: 0.2193  data: 0.0005  max mem: 31308
Test:  [3950/4000]  eta: 0:00:11  inter: 17647.0000 (28620.9844)  union: 44363.0000 (44199.5306)  iou: 0.7734 (0.6020)  time: 0.2145  data: 0.0005  max mem: 31308
Test:  [3999/4000]  eta: 0:00:00  inter: 16324.0000 (28561.2756)  union: 33246.0000 (44083.8041)  iou: 0.6866 (0.6027)  time: 0.1951  data: 0.0002  max mem: 31308
Test: Total time: 0:14:50 (0.2227 s / it)
* IoU 0.603 oIoU 0.648
IoU of the network on the 4000 test images: 0.6%
Max IoU: 0.61%
huggingface/tokenizers: The current process just got forked, after parallelism has already been used. Disabling parallelism to avoid deadlocks...
To disable this warning, you can either:
	- Avoid using `tokenizers` before the fork if possible
	- Explicitly set the environment variable TOKENIZERS_PARALLELISM=(true | false)
huggingface/tokenizers: The current process just got forked, after parallelism has already been used. Disabling parallelism to avoid deadlocks...
To disable this warning, you can either:
	- Avoid using `tokenizers` before the fork if possible
	- Explicitly set the environment variable TOKENIZERS_PARALLELISM=(true | false)
huggingface/tokenizers: The current process just got forked, after parallelism has already been used. Disabling parallelism to avoid deadlocks...
To disable this warning, you can either:
	- Avoid using `tokenizers` before the fork if possible
	- Explicitly set the environment variable TOKENIZERS_PARALLELISM=(true | false)
huggingface/tokenizers: The current process just got forked, after parallelism has already been used. Disabling parallelism to avoid deadlocks...
To disable this warning, you can either:
	- Avoid using `tokenizers` before the fork if possible
	- Explicitly set the environment variable TOKENIZERS_PARALLELISM=(true | false)
huggingface/tokenizers: The current process just got forked, after parallelism has already been used. Disabling parallelism to avoid deadlocks...
To disable this warning, you can either:
	- Avoid using `tokenizers` before the fork if possible
	- Explicitly set the environment variable TOKENIZERS_PARALLELISM=(true | false)
huggingface/tokenizers: The current process just got forked, after parallelism has already been used. Disabling parallelism to avoid deadlocks...
To disable this warning, you can either:
	- Avoid using `tokenizers` before the fork if possible
	- Explicitly set the environment variable TOKENIZERS_PARALLELISM=(true | false)
huggingface/tokenizers: The current process just got forked, after parallelism has already been used. Disabling parallelism to avoid deadlocks...
To disable this warning, you can either:
	- Avoid using `tokenizers` before the fork if possible
	- Explicitly set the environment variable TOKENIZERS_PARALLELISM=(true | false)
huggingface/tokenizers: The current process just got forked, after parallelism has already been used. Disabling parallelism to avoid deadlocks...
To disable this warning, you can either:
	- Avoid using `tokenizers` before the fork if possible
	- Explicitly set the environment variable TOKENIZERS_PARALLELISM=(true | false)
Epoch: [7]  [   0/5625]  eta: 8:26:28  lr: 0.000009  train_loss: 0.1716 (0.1716)  train_iou: 0.7502 (0.7502)  time: 5.4024  data: 4.0020  max mem: 31308
Epoch: [7]  [  20/5625]  eta: 1:59:33  lr: 0.000009  train_loss: 0.1411 (0.1911)  train_iou: 0.6575 (0.6782)  time: 1.0738  data: 0.0009  max mem: 31308
Epoch: [7]  [  40/5625]  eta: 1:49:44  lr: 0.000009  train_loss: 0.1635 (0.2003)  train_iou: 0.6679 (0.6795)  time: 1.0730  data: 0.0005  max mem: 31308
Epoch: [7]  [  60/5625]  eta: 1:46:11  lr: 0.000009  train_loss: 0.1644 (0.1976)  train_iou: 0.7146 (0.6902)  time: 1.0751  data: 0.0005  max mem: 31308
Epoch: [7]  [  80/5625]  eta: 1:44:14  lr: 0.000009  train_loss: 0.1405 (0.1929)  train_iou: 0.6566 (0.6812)  time: 1.0764  data: 0.0005  max mem: 31308
Epoch: [7]  [ 100/5625]  eta: 1:43:02  lr: 0.000009  train_loss: 0.2257 (0.2013)  train_iou: 0.6451 (0.6784)  time: 1.0829  data: 0.0005  max mem: 31308
Epoch: [7]  [ 120/5625]  eta: 1:42:01  lr: 0.000009  train_loss: 0.1390 (0.2016)  train_iou: 0.7015 (0.6788)  time: 1.0758  data: 0.0005  max mem: 31308
Epoch: [7]  [ 140/5625]  eta: 1:41:14  lr: 0.000009  train_loss: 0.2296 (0.2039)  train_iou: 0.6699 (0.6789)  time: 1.0808  data: 0.0005  max mem: 31308
Epoch: [7]  [ 160/5625]  eta: 1:40:34  lr: 0.000009  train_loss: 0.1648 (0.2006)  train_iou: 0.6435 (0.6723)  time: 1.0812  data: 0.0005  max mem: 31308
Epoch: [7]  [ 180/5625]  eta: 1:39:59  lr: 0.000009  train_loss: 0.1597 (0.1985)  train_iou: 0.6444 (0.6750)  time: 1.0825  data: 0.0005  max mem: 31308
Epoch: [7]  [ 200/5625]  eta: 1:39:25  lr: 0.000009  train_loss: 0.1359 (0.1984)  train_iou: 0.7131 (0.6783)  time: 1.0798  data: 0.0005  max mem: 31308
Epoch: [7]  [ 220/5625]  eta: 1:38:52  lr: 0.000009  train_loss: 0.1249 (0.1986)  train_iou: 0.6609 (0.6782)  time: 1.0760  data: 0.0005  max mem: 31308
Epoch: [7]  [ 240/5625]  eta: 1:38:19  lr: 0.000009  train_loss: 0.2424 (0.2022)  train_iou: 0.6974 (0.6804)  time: 1.0741  data: 0.0005  max mem: 31308
Epoch: [7]  [ 260/5625]  eta: 1:37:49  lr: 0.000009  train_loss: 0.1665 (0.2025)  train_iou: 0.6478 (0.6790)  time: 1.0756  data: 0.0005  max mem: 31308
Epoch: [7]  [ 280/5625]  eta: 1:37:17  lr: 0.000009  train_loss: 0.1866 (0.2046)  train_iou: 0.6809 (0.6796)  time: 1.0684  data: 0.0005  max mem: 31308
Epoch: [7]  [ 300/5625]  eta: 1:36:48  lr: 0.000009  train_loss: 0.1406 (0.2032)  train_iou: 0.6761 (0.6800)  time: 1.0698  data: 0.0005  max mem: 31308
Epoch: [7]  [ 320/5625]  eta: 1:36:19  lr: 0.000009  train_loss: 0.1945 (0.2052)  train_iou: 0.6746 (0.6782)  time: 1.0709  data: 0.0005  max mem: 31308
Epoch: [7]  [ 340/5625]  eta: 1:35:53  lr: 0.000009  train_loss: 0.1342 (0.2059)  train_iou: 0.6618 (0.6775)  time: 1.0750  data: 0.0005  max mem: 31308
Epoch: [7]  [ 360/5625]  eta: 1:35:26  lr: 0.000009  train_loss: 0.1532 (0.2048)  train_iou: 0.7415 (0.6781)  time: 1.0716  data: 0.0005  max mem: 31308
Epoch: [7]  [ 380/5625]  eta: 1:34:59  lr: 0.000009  train_loss: 0.1588 (0.2046)  train_iou: 0.7307 (0.6786)  time: 1.0667  data: 0.0005  max mem: 31308
Epoch: [7]  [ 400/5625]  eta: 1:34:35  lr: 0.000009  train_loss: 0.1581 (0.2056)  train_iou: 0.7069 (0.6793)  time: 1.0794  data: 0.0005  max mem: 31308
Epoch: [7]  [ 420/5625]  eta: 1:34:12  lr: 0.000009  train_loss: 0.1711 (0.2063)  train_iou: 0.6667 (0.6788)  time: 1.0794  data: 0.0005  max mem: 31308
Epoch: [7]  [ 440/5625]  eta: 1:33:48  lr: 0.000009  train_loss: 0.1517 (0.2046)  train_iou: 0.6931 (0.6794)  time: 1.0776  data: 0.0005  max mem: 31308
Epoch: [7]  [ 460/5625]  eta: 1:33:22  lr: 0.000009  train_loss: 0.2052 (0.2063)  train_iou: 0.7070 (0.6807)  time: 1.0686  data: 0.0005  max mem: 31308
Epoch: [7]  [ 480/5625]  eta: 1:32:58  lr: 0.000009  train_loss: 0.1441 (0.2052)  train_iou: 0.6719 (0.6816)  time: 1.0710  data: 0.0005  max mem: 31308
Epoch: [7]  [ 500/5625]  eta: 1:32:35  lr: 0.000009  train_loss: 0.1327 (0.2042)  train_iou: 0.6758 (0.6815)  time: 1.0768  data: 0.0005  max mem: 31308
Epoch: [7]  [ 520/5625]  eta: 1:32:11  lr: 0.000009  train_loss: 0.1619 (0.2050)  train_iou: 0.6661 (0.6820)  time: 1.0723  data: 0.0005  max mem: 31308
Epoch: [7]  [ 540/5625]  eta: 1:31:48  lr: 0.000009  train_loss: 0.1780 (0.2057)  train_iou: 0.5723 (0.6797)  time: 1.0777  data: 0.0005  max mem: 31308
Epoch: [7]  [ 560/5625]  eta: 1:31:23  lr: 0.000009  train_loss: 0.1988 (0.2063)  train_iou: 0.7013 (0.6805)  time: 1.0669  data: 0.0005  max mem: 31308
Epoch: [7]  [ 580/5625]  eta: 1:31:00  lr: 0.000009  train_loss: 0.1987 (0.2080)  train_iou: 0.6473 (0.6785)  time: 1.0720  data: 0.0005  max mem: 31308
Epoch: [7]  [ 600/5625]  eta: 1:30:36  lr: 0.000009  train_loss: 0.1581 (0.2071)  train_iou: 0.6665 (0.6781)  time: 1.0680  data: 0.0005  max mem: 31308
Epoch: [7]  [ 620/5625]  eta: 1:30:12  lr: 0.000009  train_loss: 0.2623 (0.2088)  train_iou: 0.6957 (0.6772)  time: 1.0701  data: 0.0005  max mem: 31308
Epoch: [7]  [ 640/5625]  eta: 1:29:50  lr: 0.000009  train_loss: 0.2339 (0.2100)  train_iou: 0.6165 (0.6765)  time: 1.0787  data: 0.0005  max mem: 31308
Epoch: [7]  [ 660/5625]  eta: 1:29:29  lr: 0.000009  train_loss: 0.2430 (0.2116)  train_iou: 0.6391 (0.6760)  time: 1.0841  data: 0.0005  max mem: 31308
Epoch: [7]  [ 680/5625]  eta: 1:29:06  lr: 0.000009  train_loss: 0.1740 (0.2120)  train_iou: 0.6449 (0.6757)  time: 1.0753  data: 0.0005  max mem: 31308
Epoch: [7]  [ 700/5625]  eta: 1:28:44  lr: 0.000009  train_loss: 0.1184 (0.2117)  train_iou: 0.6567 (0.6750)  time: 1.0781  data: 0.0005  max mem: 31308
Epoch: [7]  [ 720/5625]  eta: 1:28:22  lr: 0.000009  train_loss: 0.1707 (0.2113)  train_iou: 0.6843 (0.6752)  time: 1.0780  data: 0.0005  max mem: 31308
Epoch: [7]  [ 740/5625]  eta: 1:28:00  lr: 0.000009  train_loss: 0.1514 (0.2102)  train_iou: 0.7437 (0.6770)  time: 1.0766  data: 0.0005  max mem: 31308
Epoch: [7]  [ 760/5625]  eta: 1:27:38  lr: 0.000009  train_loss: 0.1529 (0.2091)  train_iou: 0.7375 (0.6777)  time: 1.0768  data: 0.0005  max mem: 31308
Epoch: [7]  [ 780/5625]  eta: 1:27:15  lr: 0.000009  train_loss: 0.1713 (0.2086)  train_iou: 0.6575 (0.6769)  time: 1.0744  data: 0.0005  max mem: 31308
Epoch: [7]  [ 800/5625]  eta: 1:26:54  lr: 0.000009  train_loss: 0.1539 (0.2081)  train_iou: 0.6593 (0.6760)  time: 1.0808  data: 0.0005  max mem: 31308
Epoch: [7]  [ 820/5625]  eta: 1:26:32  lr: 0.000009  train_loss: 0.1594 (0.2083)  train_iou: 0.7147 (0.6772)  time: 1.0794  data: 0.0005  max mem: 31308
Epoch: [7]  [ 840/5625]  eta: 1:26:10  lr: 0.000009  train_loss: 0.2326 (0.2102)  train_iou: 0.6781 (0.6775)  time: 1.0794  data: 0.0006  max mem: 31308
Epoch: [7]  [ 860/5625]  eta: 1:25:49  lr: 0.000009  train_loss: 0.1766 (0.2103)  train_iou: 0.6902 (0.6778)  time: 1.0826  data: 0.0005  max mem: 31308
Epoch: [7]  [ 880/5625]  eta: 1:25:27  lr: 0.000009  train_loss: 0.1925 (0.2113)  train_iou: 0.6629 (0.6770)  time: 1.0786  data: 0.0005  max mem: 31308
Epoch: [7]  [ 900/5625]  eta: 1:25:05  lr: 0.000009  train_loss: 0.1557 (0.2112)  train_iou: 0.7348 (0.6778)  time: 1.0746  data: 0.0005  max mem: 31308
Epoch: [7]  [ 920/5625]  eta: 1:24:43  lr: 0.000009  train_loss: 0.1718 (0.2111)  train_iou: 0.7056 (0.6785)  time: 1.0790  data: 0.0005  max mem: 31308
Epoch: [7]  [ 940/5625]  eta: 1:24:21  lr: 0.000009  train_loss: 0.1681 (0.2114)  train_iou: 0.7297 (0.6785)  time: 1.0717  data: 0.0005  max mem: 31308
Epoch: [7]  [ 960/5625]  eta: 1:23:59  lr: 0.000009  train_loss: 0.1641 (0.2121)  train_iou: 0.6894 (0.6790)  time: 1.0785  data: 0.0005  max mem: 31308
Epoch: [7]  [ 980/5625]  eta: 1:23:37  lr: 0.000009  train_loss: 0.1797 (0.2124)  train_iou: 0.5674 (0.6778)  time: 1.0732  data: 0.0005  max mem: 31308
Epoch: [7]  [1000/5625]  eta: 1:23:14  lr: 0.000009  train_loss: 0.1921 (0.2125)  train_iou: 0.5834 (0.6763)  time: 1.0732  data: 0.0005  max mem: 31308
Epoch: [7]  [1020/5625]  eta: 1:22:52  lr: 0.000009  train_loss: 0.1900 (0.2135)  train_iou: 0.6515 (0.6756)  time: 1.0748  data: 0.0005  max mem: 31308
Epoch: [7]  [1040/5625]  eta: 1:22:30  lr: 0.000009  train_loss: 0.2553 (0.2149)  train_iou: 0.6708 (0.6753)  time: 1.0739  data: 0.0005  max mem: 31308
Epoch: [7]  [1060/5625]  eta: 1:22:08  lr: 0.000009  train_loss: 0.1452 (0.2146)  train_iou: 0.7653 (0.6764)  time: 1.0744  data: 0.0005  max mem: 31308
Epoch: [7]  [1080/5625]  eta: 1:21:46  lr: 0.000009  train_loss: 0.1728 (0.2145)  train_iou: 0.6543 (0.6756)  time: 1.0726  data: 0.0005  max mem: 31308
Epoch: [7]  [1100/5625]  eta: 1:21:36  lr: 0.000009  train_loss: 0.1261 (0.2137)  train_iou: 0.6767 (0.6761)  time: 1.2205  data: 0.0005  max mem: 31308
Epoch: [7]  [1120/5625]  eta: 1:21:13  lr: 0.000009  train_loss: 0.1493 (0.2130)  train_iou: 0.7488 (0.6773)  time: 1.0690  data: 0.0005  max mem: 31308
Epoch: [7]  [1140/5625]  eta: 1:20:51  lr: 0.000009  train_loss: 0.1870 (0.2128)  train_iou: 0.6474 (0.6769)  time: 1.0791  data: 0.0005  max mem: 31308
Epoch: [7]  [1160/5625]  eta: 1:20:29  lr: 0.000009  train_loss: 0.1818 (0.2130)  train_iou: 0.6212 (0.6764)  time: 1.0769  data: 0.0005  max mem: 31308
Epoch: [7]  [1180/5625]  eta: 1:20:08  lr: 0.000009  train_loss: 0.1650 (0.2127)  train_iou: 0.6713 (0.6763)  time: 1.0825  data: 0.0005  max mem: 31308
Epoch: [7]  [1200/5625]  eta: 1:19:46  lr: 0.000009  train_loss: 0.1918 (0.2132)  train_iou: 0.6273 (0.6759)  time: 1.0831  data: 0.0005  max mem: 31308
Epoch: [7]  [1220/5625]  eta: 1:19:24  lr: 0.000009  train_loss: 0.1736 (0.2134)  train_iou: 0.6572 (0.6753)  time: 1.0771  data: 0.0005  max mem: 31308
Epoch: [7]  [1240/5625]  eta: 1:19:02  lr: 0.000009  train_loss: 0.1503 (0.2133)  train_iou: 0.7068 (0.6758)  time: 1.0754  data: 0.0005  max mem: 31308
Epoch: [7]  [1260/5625]  eta: 1:18:41  lr: 0.000009  train_loss: 0.1338 (0.2130)  train_iou: 0.6616 (0.6761)  time: 1.0831  data: 0.0005  max mem: 31308
Epoch: [7]  [1280/5625]  eta: 1:18:19  lr: 0.000009  train_loss: 0.1749 (0.2130)  train_iou: 0.7274 (0.6766)  time: 1.0784  data: 0.0005  max mem: 31308
Epoch: [7]  [1300/5625]  eta: 1:17:57  lr: 0.000009  train_loss: 0.1738 (0.2130)  train_iou: 0.6722 (0.6764)  time: 1.0776  data: 0.0005  max mem: 31308
Epoch: [7]  [1320/5625]  eta: 1:17:35  lr: 0.000009  train_loss: 0.1818 (0.2133)  train_iou: 0.5869 (0.6756)  time: 1.0760  data: 0.0005  max mem: 31308
Epoch: [7]  [1340/5625]  eta: 1:17:13  lr: 0.000009  train_loss: 0.1875 (0.2137)  train_iou: 0.6660 (0.6751)  time: 1.0726  data: 0.0005  max mem: 31308
Epoch: [7]  [1360/5625]  eta: 1:16:51  lr: 0.000009  train_loss: 0.1638 (0.2136)  train_iou: 0.7291 (0.6754)  time: 1.0811  data: 0.0005  max mem: 31308
Epoch: [7]  [1380/5625]  eta: 1:16:29  lr: 0.000009  train_loss: 0.1661 (0.2131)  train_iou: 0.6601 (0.6753)  time: 1.0783  data: 0.0005  max mem: 31308
Epoch: [7]  [1400/5625]  eta: 1:16:07  lr: 0.000009  train_loss: 0.1302 (0.2134)  train_iou: 0.6602 (0.6756)  time: 1.0699  data: 0.0005  max mem: 31308
Epoch: [7]  [1420/5625]  eta: 1:15:45  lr: 0.000009  train_loss: 0.1733 (0.2132)  train_iou: 0.7106 (0.6759)  time: 1.0742  data: 0.0005  max mem: 31308
Epoch: [7]  [1440/5625]  eta: 1:15:23  lr: 0.000009  train_loss: 0.1795 (0.2129)  train_iou: 0.6902 (0.6758)  time: 1.0764  data: 0.0005  max mem: 31308
Epoch: [7]  [1460/5625]  eta: 1:15:01  lr: 0.000009  train_loss: 0.1854 (0.2130)  train_iou: 0.6167 (0.6751)  time: 1.0732  data: 0.0005  max mem: 31308
Epoch: [7]  [1480/5625]  eta: 1:14:39  lr: 0.000009  train_loss: 0.1604 (0.2130)  train_iou: 0.6403 (0.6749)  time: 1.0795  data: 0.0005  max mem: 31308
Epoch: [7]  [1500/5625]  eta: 1:14:18  lr: 0.000009  train_loss: 0.1560 (0.2130)  train_iou: 0.6651 (0.6751)  time: 1.0774  data: 0.0005  max mem: 31308
Epoch: [7]  [1520/5625]  eta: 1:13:56  lr: 0.000009  train_loss: 0.1539 (0.2129)  train_iou: 0.6952 (0.6756)  time: 1.0744  data: 0.0005  max mem: 31308
Epoch: [7]  [1540/5625]  eta: 1:13:34  lr: 0.000009  train_loss: 0.1598 (0.2130)  train_iou: 0.7387 (0.6761)  time: 1.0771  data: 0.0005  max mem: 31308
Epoch: [7]  [1560/5625]  eta: 1:13:12  lr: 0.000009  train_loss: 0.1882 (0.2129)  train_iou: 0.6666 (0.6762)  time: 1.0715  data: 0.0005  max mem: 31308
Epoch: [7]  [1580/5625]  eta: 1:12:50  lr: 0.000009  train_loss: 0.1528 (0.2133)  train_iou: 0.6721 (0.6763)  time: 1.0711  data: 0.0005  max mem: 31308
Epoch: [7]  [1600/5625]  eta: 1:12:28  lr: 0.000009  train_loss: 0.1729 (0.2131)  train_iou: 0.7022 (0.6765)  time: 1.0791  data: 0.0005  max mem: 31308
Epoch: [7]  [1620/5625]  eta: 1:12:06  lr: 0.000009  train_loss: 0.2090 (0.2131)  train_iou: 0.6776 (0.6765)  time: 1.0819  data: 0.0005  max mem: 31308
Epoch: [7]  [1640/5625]  eta: 1:11:44  lr: 0.000009  train_loss: 0.2029 (0.2132)  train_iou: 0.6820 (0.6764)  time: 1.0735  data: 0.0005  max mem: 31308
Epoch: [7]  [1660/5625]  eta: 1:11:23  lr: 0.000009  train_loss: 0.1560 (0.2134)  train_iou: 0.6614 (0.6763)  time: 1.0747  data: 0.0005  max mem: 31308
Epoch: [7]  [1680/5625]  eta: 1:11:00  lr: 0.000009  train_loss: 0.1486 (0.2135)  train_iou: 0.7404 (0.6769)  time: 1.0584  data: 0.0005  max mem: 31308
Epoch: [7]  [1700/5625]  eta: 1:10:38  lr: 0.000009  train_loss: 0.1590 (0.2133)  train_iou: 0.6104 (0.6766)  time: 1.0670  data: 0.0005  max mem: 31308
Epoch: [7]  [1720/5625]  eta: 1:10:16  lr: 0.000009  train_loss: 0.2259 (0.2136)  train_iou: 0.6259 (0.6763)  time: 1.0805  data: 0.0005  max mem: 31308
Epoch: [7]  [1740/5625]  eta: 1:09:55  lr: 0.000009  train_loss: 0.2042 (0.2138)  train_iou: 0.6784 (0.6764)  time: 1.0801  data: 0.0005  max mem: 31308
Epoch: [7]  [1760/5625]  eta: 1:09:32  lr: 0.000009  train_loss: 0.1952 (0.2139)  train_iou: 0.6725 (0.6767)  time: 1.0613  data: 0.0005  max mem: 31308
Epoch: [7]  [1780/5625]  eta: 1:09:09  lr: 0.000009  train_loss: 0.1545 (0.2139)  train_iou: 0.6636 (0.6767)  time: 1.0543  data: 0.0005  max mem: 31308
Epoch: [7]  [1800/5625]  eta: 1:08:47  lr: 0.000009  train_loss: 0.2550 (0.2146)  train_iou: 0.5822 (0.6764)  time: 1.0570  data: 0.0005  max mem: 31308
Epoch: [7]  [1820/5625]  eta: 1:08:24  lr: 0.000009  train_loss: 0.1734 (0.2148)  train_iou: 0.7257 (0.6770)  time: 1.0562  data: 0.0005  max mem: 31308
Epoch: [7]  [1840/5625]  eta: 1:08:02  lr: 0.000009  train_loss: 0.1510 (0.2146)  train_iou: 0.6492 (0.6768)  time: 1.0538  data: 0.0005  max mem: 31308
Epoch: [7]  [1860/5625]  eta: 1:07:40  lr: 0.000009  train_loss: 0.1262 (0.2141)  train_iou: 0.6750 (0.6771)  time: 1.0601  data: 0.0005  max mem: 31308
Epoch: [7]  [1880/5625]  eta: 1:07:17  lr: 0.000009  train_loss: 0.2370 (0.2145)  train_iou: 0.5620 (0.6761)  time: 1.0541  data: 0.0005  max mem: 31308
Epoch: [7]  [1900/5625]  eta: 1:06:54  lr: 0.000009  train_loss: 0.1588 (0.2146)  train_iou: 0.7183 (0.6763)  time: 1.0538  data: 0.0005  max mem: 31308
Epoch: [7]  [1920/5625]  eta: 1:06:32  lr: 0.000009  train_loss: 0.1833 (0.2147)  train_iou: 0.6601 (0.6762)  time: 1.0566  data: 0.0005  max mem: 31308
Epoch: [7]  [1940/5625]  eta: 1:06:10  lr: 0.000009  train_loss: 0.1570 (0.2144)  train_iou: 0.6591 (0.6758)  time: 1.0578  data: 0.0005  max mem: 31308
Epoch: [7]  [1960/5625]  eta: 1:05:47  lr: 0.000009  train_loss: 0.1782 (0.2141)  train_iou: 0.6859 (0.6759)  time: 1.0502  data: 0.0005  max mem: 31308
Epoch: [7]  [1980/5625]  eta: 1:05:25  lr: 0.000009  train_loss: 0.1343 (0.2139)  train_iou: 0.6734 (0.6762)  time: 1.0585  data: 0.0005  max mem: 31308
Epoch: [7]  [2000/5625]  eta: 1:05:03  lr: 0.000009  train_loss: 0.1560 (0.2142)  train_iou: 0.6724 (0.6765)  time: 1.0564  data: 0.0005  max mem: 31308
Epoch: [7]  [2020/5625]  eta: 1:04:40  lr: 0.000009  train_loss: 0.1539 (0.2141)  train_iou: 0.6372 (0.6765)  time: 1.0536  data: 0.0005  max mem: 31308
Epoch: [7]  [2040/5625]  eta: 1:04:18  lr: 0.000009  train_loss: 0.1762 (0.2142)  train_iou: 0.7251 (0.6768)  time: 1.0562  data: 0.0005  max mem: 31308
Epoch: [7]  [2060/5625]  eta: 1:03:56  lr: 0.000009  train_loss: 0.1837 (0.2142)  train_iou: 0.6915 (0.6769)  time: 1.0577  data: 0.0005  max mem: 31308
Epoch: [7]  [2080/5625]  eta: 1:03:34  lr: 0.000009  train_loss: 0.1540 (0.2138)  train_iou: 0.7599 (0.6777)  time: 1.0510  data: 0.0005  max mem: 31308
Epoch: [7]  [2100/5625]  eta: 1:03:11  lr: 0.000009  train_loss: 0.2003 (0.2137)  train_iou: 0.6681 (0.6776)  time: 1.0535  data: 0.0005  max mem: 31308
Epoch: [7]  [2120/5625]  eta: 1:02:49  lr: 0.000009  train_loss: 0.1583 (0.2135)  train_iou: 0.6713 (0.6774)  time: 1.0570  data: 0.0005  max mem: 31308
Epoch: [7]  [2140/5625]  eta: 1:02:27  lr: 0.000009  train_loss: 0.1551 (0.2141)  train_iou: 0.6592 (0.6774)  time: 1.0552  data: 0.0005  max mem: 31308
Epoch: [7]  [2160/5625]  eta: 1:02:05  lr: 0.000009  train_loss: 0.1979 (0.2143)  train_iou: 0.6708 (0.6776)  time: 1.0533  data: 0.0005  max mem: 31308
Epoch: [7]  [2180/5625]  eta: 1:01:43  lr: 0.000009  train_loss: 0.1651 (0.2142)  train_iou: 0.6483 (0.6772)  time: 1.0580  data: 0.0005  max mem: 31308
Epoch: [7]  [2200/5625]  eta: 1:01:21  lr: 0.000009  train_loss: 0.1679 (0.2144)  train_iou: 0.6817 (0.6772)  time: 1.0528  data: 0.0005  max mem: 31308
Epoch: [7]  [2220/5625]  eta: 1:00:58  lr: 0.000009  train_loss: 0.1480 (0.2140)  train_iou: 0.7091 (0.6774)  time: 1.0571  data: 0.0005  max mem: 31308
Epoch: [7]  [2240/5625]  eta: 1:00:37  lr: 0.000009  train_loss: 0.1715 (0.2140)  train_iou: 0.6598 (0.6769)  time: 1.0612  data: 0.0005  max mem: 31308
Epoch: [7]  [2260/5625]  eta: 1:00:15  lr: 0.000009  train_loss: 0.2414 (0.2143)  train_iou: 0.6642 (0.6771)  time: 1.0610  data: 0.0005  max mem: 31308
Epoch: [7]  [2280/5625]  eta: 0:59:53  lr: 0.000009  train_loss: 0.2138 (0.2145)  train_iou: 0.6493 (0.6769)  time: 1.0624  data: 0.0005  max mem: 31308
Epoch: [7]  [2300/5625]  eta: 0:59:31  lr: 0.000009  train_loss: 0.2011 (0.2147)  train_iou: 0.6955 (0.6769)  time: 1.0574  data: 0.0005  max mem: 31308
Epoch: [7]  [2320/5625]  eta: 0:59:09  lr: 0.000009  train_loss: 0.2027 (0.2148)  train_iou: 0.6588 (0.6770)  time: 1.0607  data: 0.0005  max mem: 31308
Epoch: [7]  [2340/5625]  eta: 0:58:47  lr: 0.000009  train_loss: 0.1566 (0.2144)  train_iou: 0.7240 (0.6771)  time: 1.0608  data: 0.0005  max mem: 31308
Epoch: [7]  [2360/5625]  eta: 0:58:25  lr: 0.000009  train_loss: 0.1522 (0.2144)  train_iou: 0.7217 (0.6771)  time: 1.0558  data: 0.0004  max mem: 31308
Epoch: [7]  [2380/5625]  eta: 0:58:03  lr: 0.000009  train_loss: 0.1527 (0.2142)  train_iou: 0.6671 (0.6771)  time: 1.0560  data: 0.0005  max mem: 31308
Epoch: [7]  [2400/5625]  eta: 0:57:41  lr: 0.000009  train_loss: 0.2169 (0.2146)  train_iou: 0.6987 (0.6771)  time: 1.0569  data: 0.0005  max mem: 31308
Epoch: [7]  [2420/5625]  eta: 0:57:19  lr: 0.000009  train_loss: 0.1972 (0.2148)  train_iou: 0.7211 (0.6772)  time: 1.0550  data: 0.0005  max mem: 31308
Epoch: [7]  [2440/5625]  eta: 0:56:57  lr: 0.000009  train_loss: 0.2465 (0.2150)  train_iou: 0.6409 (0.6771)  time: 1.0539  data: 0.0005  max mem: 31308
Epoch: [7]  [2460/5625]  eta: 0:56:35  lr: 0.000009  train_loss: 0.2028 (0.2151)  train_iou: 0.6687 (0.6773)  time: 1.0544  data: 0.0005  max mem: 31308
Epoch: [7]  [2480/5625]  eta: 0:56:14  lr: 0.000009  train_loss: 0.1308 (0.2150)  train_iou: 0.7348 (0.6774)  time: 1.0578  data: 0.0005  max mem: 31308
Epoch: [7]  [2500/5625]  eta: 0:55:52  lr: 0.000009  train_loss: 0.1802 (0.2150)  train_iou: 0.7290 (0.6776)  time: 1.0572  data: 0.0005  max mem: 31308
Epoch: [7]  [2520/5625]  eta: 0:55:30  lr: 0.000009  train_loss: 0.2705 (0.2156)  train_iou: 0.6617 (0.6774)  time: 1.0552  data: 0.0005  max mem: 31308
Epoch: [7]  [2540/5625]  eta: 0:55:08  lr: 0.000009  train_loss: 0.1810 (0.2156)  train_iou: 0.6635 (0.6773)  time: 1.0512  data: 0.0005  max mem: 31308
Epoch: [7]  [2560/5625]  eta: 0:54:46  lr: 0.000009  train_loss: 0.2369 (0.2158)  train_iou: 0.6760 (0.6774)  time: 1.0542  data: 0.0005  max mem: 31308
Epoch: [7]  [2580/5625]  eta: 0:54:24  lr: 0.000009  train_loss: 0.1498 (0.2159)  train_iou: 0.6181 (0.6770)  time: 1.0535  data: 0.0005  max mem: 31308
Epoch: [7]  [2600/5625]  eta: 0:54:02  lr: 0.000009  train_loss: 0.1563 (0.2158)  train_iou: 0.7403 (0.6771)  time: 1.0529  data: 0.0005  max mem: 31308
Epoch: [7]  [2620/5625]  eta: 0:53:40  lr: 0.000009  train_loss: 0.2404 (0.2163)  train_iou: 0.7037 (0.6773)  time: 1.0547  data: 0.0005  max mem: 31308
Epoch: [7]  [2640/5625]  eta: 0:53:19  lr: 0.000009  train_loss: 0.2143 (0.2164)  train_iou: 0.6355 (0.6771)  time: 1.0516  data: 0.0005  max mem: 31308
Epoch: [7]  [2660/5625]  eta: 0:52:57  lr: 0.000009  train_loss: 0.2229 (0.2167)  train_iou: 0.6527 (0.6770)  time: 1.0543  data: 0.0005  max mem: 31308
Epoch: [7]  [2680/5625]  eta: 0:52:35  lr: 0.000009  train_loss: 0.2266 (0.2168)  train_iou: 0.6414 (0.6769)  time: 1.0577  data: 0.0005  max mem: 31308
Epoch: [7]  [2700/5625]  eta: 0:52:13  lr: 0.000009  train_loss: 0.1692 (0.2167)  train_iou: 0.6797 (0.6768)  time: 1.0571  data: 0.0005  max mem: 31308
Epoch: [7]  [2720/5625]  eta: 0:51:51  lr: 0.000009  train_loss: 0.1481 (0.2167)  train_iou: 0.6793 (0.6768)  time: 1.0535  data: 0.0005  max mem: 31308
Epoch: [7]  [2740/5625]  eta: 0:51:30  lr: 0.000009  train_loss: 0.1555 (0.2169)  train_iou: 0.6594 (0.6769)  time: 1.0574  data: 0.0005  max mem: 31308
Epoch: [7]  [2760/5625]  eta: 0:51:08  lr: 0.000009  train_loss: 0.1883 (0.2168)  train_iou: 0.6903 (0.6769)  time: 1.0555  data: 0.0005  max mem: 31308
Epoch: [7]  [2780/5625]  eta: 0:50:49  lr: 0.000009  train_loss: 0.2031 (0.2168)  train_iou: 0.7335 (0.6769)  time: 1.1751  data: 0.0004  max mem: 31308
Epoch: [7]  [2800/5625]  eta: 0:50:27  lr: 0.000009  train_loss: 0.1527 (0.2165)  train_iou: 0.7106 (0.6769)  time: 1.0536  data: 0.0004  max mem: 31308
Epoch: [7]  [2820/5625]  eta: 0:50:05  lr: 0.000009  train_loss: 0.2180 (0.2168)  train_iou: 0.7088 (0.6771)  time: 1.0538  data: 0.0005  max mem: 31308
Epoch: [7]  [2840/5625]  eta: 0:49:43  lr: 0.000009  train_loss: 0.2003 (0.2170)  train_iou: 0.6700 (0.6771)  time: 1.0532  data: 0.0004  max mem: 31308
Epoch: [7]  [2860/5625]  eta: 0:49:22  lr: 0.000009  train_loss: 0.1643 (0.2171)  train_iou: 0.6621 (0.6770)  time: 1.0571  data: 0.0005  max mem: 31308
Epoch: [7]  [2880/5625]  eta: 0:49:00  lr: 0.000009  train_loss: 0.2207 (0.2172)  train_iou: 0.6470 (0.6767)  time: 1.0512  data: 0.0004  max mem: 31308
Epoch: [7]  [2900/5625]  eta: 0:48:38  lr: 0.000009  train_loss: 0.1302 (0.2170)  train_iou: 0.6163 (0.6765)  time: 1.0532  data: 0.0005  max mem: 31308
Epoch: [7]  [2920/5625]  eta: 0:48:16  lr: 0.000009  train_loss: 0.2334 (0.2170)  train_iou: 0.6784 (0.6765)  time: 1.0508  data: 0.0005  max mem: 31308
Epoch: [7]  [2940/5625]  eta: 0:47:54  lr: 0.000009  train_loss: 0.1562 (0.2171)  train_iou: 0.6445 (0.6764)  time: 1.0524  data: 0.0004  max mem: 31308
Epoch: [7]  [2960/5625]  eta: 0:47:33  lr: 0.000009  train_loss: 0.2561 (0.2175)  train_iou: 0.7143 (0.6767)  time: 1.0589  data: 0.0005  max mem: 31308
Epoch: [7]  [2980/5625]  eta: 0:47:11  lr: 0.000009  train_loss: 0.1908 (0.2175)  train_iou: 0.6607 (0.6767)  time: 1.0569  data: 0.0005  max mem: 31308
Epoch: [7]  [3000/5625]  eta: 0:46:50  lr: 0.000009  train_loss: 0.1800 (0.2174)  train_iou: 0.6825 (0.6768)  time: 1.0582  data: 0.0004  max mem: 31308
Epoch: [7]  [3020/5625]  eta: 0:46:28  lr: 0.000009  train_loss: 0.1692 (0.2174)  train_iou: 0.6585 (0.6767)  time: 1.0646  data: 0.0005  max mem: 31308
Epoch: [7]  [3040/5625]  eta: 0:46:06  lr: 0.000009  train_loss: 0.1817 (0.2176)  train_iou: 0.6285 (0.6764)  time: 1.0596  data: 0.0005  max mem: 31308
Epoch: [7]  [3060/5625]  eta: 0:45:45  lr: 0.000009  train_loss: 0.1622 (0.2174)  train_iou: 0.7079 (0.6766)  time: 1.0575  data: 0.0005  max mem: 31308
Epoch: [7]  [3080/5625]  eta: 0:45:23  lr: 0.000009  train_loss: 0.2008 (0.2174)  train_iou: 0.6410 (0.6764)  time: 1.0616  data: 0.0005  max mem: 31308
Epoch: [7]  [3100/5625]  eta: 0:45:02  lr: 0.000009  train_loss: 0.1587 (0.2173)  train_iou: 0.6790 (0.6763)  time: 1.0557  data: 0.0005  max mem: 31308
Epoch: [7]  [3120/5625]  eta: 0:44:40  lr: 0.000009  train_loss: 0.1445 (0.2173)  train_iou: 0.6734 (0.6762)  time: 1.0592  data: 0.0005  max mem: 31308
Epoch: [7]  [3140/5625]  eta: 0:44:18  lr: 0.000009  train_loss: 0.1363 (0.2171)  train_iou: 0.6458 (0.6761)  time: 1.0545  data: 0.0005  max mem: 31308
Epoch: [7]  [3160/5625]  eta: 0:43:57  lr: 0.000009  train_loss: 0.1520 (0.2169)  train_iou: 0.6196 (0.6760)  time: 1.0552  data: 0.0005  max mem: 31308
Epoch: [7]  [3180/5625]  eta: 0:43:35  lr: 0.000009  train_loss: 0.1446 (0.2167)  train_iou: 0.7299 (0.6761)  time: 1.0580  data: 0.0005  max mem: 31308
Epoch: [7]  [3200/5625]  eta: 0:43:14  lr: 0.000009  train_loss: 0.1441 (0.2166)  train_iou: 0.6730 (0.6762)  time: 1.0600  data: 0.0005  max mem: 31308
Epoch: [7]  [3220/5625]  eta: 0:42:52  lr: 0.000009  train_loss: 0.1489 (0.2164)  train_iou: 0.7358 (0.6765)  time: 1.0582  data: 0.0005  max mem: 31308
Epoch: [7]  [3240/5625]  eta: 0:42:30  lr: 0.000009  train_loss: 0.1632 (0.2162)  train_iou: 0.7030 (0.6766)  time: 1.0550  data: 0.0004  max mem: 31308
Epoch: [7]  [3260/5625]  eta: 0:42:09  lr: 0.000009  train_loss: 0.1729 (0.2165)  train_iou: 0.6917 (0.6766)  time: 1.0561  data: 0.0005  max mem: 31308
Epoch: [7]  [3280/5625]  eta: 0:41:47  lr: 0.000009  train_loss: 0.1654 (0.2164)  train_iou: 0.6945 (0.6766)  time: 1.0599  data: 0.0005  max mem: 31308
Epoch: [7]  [3300/5625]  eta: 0:41:26  lr: 0.000009  train_loss: 0.2053 (0.2165)  train_iou: 0.7320 (0.6767)  time: 1.0561  data: 0.0005  max mem: 31308
Epoch: [7]  [3320/5625]  eta: 0:41:04  lr: 0.000009  train_loss: 0.1820 (0.2164)  train_iou: 0.7132 (0.6769)  time: 1.0549  data: 0.0005  max mem: 31308
Epoch: [7]  [3340/5625]  eta: 0:40:43  lr: 0.000009  train_loss: 0.2142 (0.2166)  train_iou: 0.6710 (0.6769)  time: 1.0588  data: 0.0005  max mem: 31308
Epoch: [7]  [3360/5625]  eta: 0:40:21  lr: 0.000009  train_loss: 0.2032 (0.2166)  train_iou: 0.6989 (0.6771)  time: 1.0584  data: 0.0004  max mem: 31308
Epoch: [7]  [3380/5625]  eta: 0:40:00  lr: 0.000009  train_loss: 0.1894 (0.2167)  train_iou: 0.6565 (0.6770)  time: 1.0574  data: 0.0005  max mem: 31308
Epoch: [7]  [3400/5625]  eta: 0:39:38  lr: 0.000009  train_loss: 0.1454 (0.2165)  train_iou: 0.6546 (0.6769)  time: 1.0553  data: 0.0005  max mem: 31308
Epoch: [7]  [3420/5625]  eta: 0:39:16  lr: 0.000009  train_loss: 0.1909 (0.2165)  train_iou: 0.7031 (0.6769)  time: 1.0526  data: 0.0004  max mem: 31308
Epoch: [7]  [3440/5625]  eta: 0:38:55  lr: 0.000009  train_loss: 0.1730 (0.2166)  train_iou: 0.6545 (0.6769)  time: 1.0568  data: 0.0005  max mem: 31308
Epoch: [7]  [3460/5625]  eta: 0:38:33  lr: 0.000009  train_loss: 0.1590 (0.2165)  train_iou: 0.7572 (0.6770)  time: 1.0624  data: 0.0005  max mem: 31308
Epoch: [7]  [3480/5625]  eta: 0:38:12  lr: 0.000009  train_loss: 0.1957 (0.2165)  train_iou: 0.6439 (0.6768)  time: 1.0612  data: 0.0005  max mem: 31308
Epoch: [7]  [3500/5625]  eta: 0:37:50  lr: 0.000009  train_loss: 0.2239 (0.2165)  train_iou: 0.6727 (0.6768)  time: 1.0557  data: 0.0005  max mem: 31308
Epoch: [7]  [3520/5625]  eta: 0:37:29  lr: 0.000009  train_loss: 0.1740 (0.2165)  train_iou: 0.6374 (0.6767)  time: 1.0591  data: 0.0005  max mem: 31308
Epoch: [7]  [3540/5625]  eta: 0:37:07  lr: 0.000009  train_loss: 0.2042 (0.2167)  train_iou: 0.6727 (0.6767)  time: 1.0592  data: 0.0005  max mem: 31308
Epoch: [7]  [3560/5625]  eta: 0:36:46  lr: 0.000009  train_loss: 0.1699 (0.2166)  train_iou: 0.7453 (0.6769)  time: 1.0565  data: 0.0005  max mem: 31308
Epoch: [7]  [3580/5625]  eta: 0:36:25  lr: 0.000009  train_loss: 0.1399 (0.2165)  train_iou: 0.6799 (0.6769)  time: 1.0661  data: 0.0005  max mem: 31308
Epoch: [7]  [3600/5625]  eta: 0:36:03  lr: 0.000009  train_loss: 0.2149 (0.2165)  train_iou: 0.6552 (0.6768)  time: 1.0556  data: 0.0005  max mem: 31308
Epoch: [7]  [3620/5625]  eta: 0:35:42  lr: 0.000009  train_loss: 0.1885 (0.2166)  train_iou: 0.6201 (0.6766)  time: 1.0607  data: 0.0005  max mem: 31308
Epoch: [7]  [3640/5625]  eta: 0:35:20  lr: 0.000009  train_loss: 0.2159 (0.2166)  train_iou: 0.6857 (0.6767)  time: 1.0617  data: 0.0005  max mem: 31308
Epoch: [7]  [3660/5625]  eta: 0:34:59  lr: 0.000009  train_loss: 0.1487 (0.2163)  train_iou: 0.7073 (0.6769)  time: 1.0600  data: 0.0005  max mem: 31308
Epoch: [7]  [3680/5625]  eta: 0:34:37  lr: 0.000009  train_loss: 0.2072 (0.2164)  train_iou: 0.7139 (0.6771)  time: 1.0577  data: 0.0005  max mem: 31308
Epoch: [7]  [3700/5625]  eta: 0:34:16  lr: 0.000009  train_loss: 0.1445 (0.2163)  train_iou: 0.6820 (0.6771)  time: 1.0583  data: 0.0005  max mem: 31308
Epoch: [7]  [3720/5625]  eta: 0:33:54  lr: 0.000009  train_loss: 0.1763 (0.2164)  train_iou: 0.6678 (0.6770)  time: 1.0568  data: 0.0005  max mem: 31308
Epoch: [7]  [3740/5625]  eta: 0:33:33  lr: 0.000009  train_loss: 0.2233 (0.2164)  train_iou: 0.6702 (0.6770)  time: 1.0572  data: 0.0005  max mem: 31308
Epoch: [7]  [3760/5625]  eta: 0:33:11  lr: 0.000009  train_loss: 0.1777 (0.2164)  train_iou: 0.6907 (0.6770)  time: 1.0625  data: 0.0004  max mem: 31308
Epoch: [7]  [3780/5625]  eta: 0:32:50  lr: 0.000009  train_loss: 0.1813 (0.2164)  train_iou: 0.6559 (0.6771)  time: 1.0634  data: 0.0005  max mem: 31308
Epoch: [7]  [3800/5625]  eta: 0:32:29  lr: 0.000009  train_loss: 0.1579 (0.2163)  train_iou: 0.7460 (0.6772)  time: 1.0588  data: 0.0005  max mem: 31308
Epoch: [7]  [3820/5625]  eta: 0:32:07  lr: 0.000009  train_loss: 0.2037 (0.2163)  train_iou: 0.6417 (0.6769)  time: 1.0582  data: 0.0005  max mem: 31308
Epoch: [7]  [3840/5625]  eta: 0:31:46  lr: 0.000009  train_loss: 0.1613 (0.2162)  train_iou: 0.6664 (0.6769)  time: 1.0621  data: 0.0004  max mem: 31308
Epoch: [7]  [3860/5625]  eta: 0:31:24  lr: 0.000009  train_loss: 0.1731 (0.2163)  train_iou: 0.6961 (0.6770)  time: 1.0585  data: 0.0005  max mem: 31308
Epoch: [7]  [3880/5625]  eta: 0:31:03  lr: 0.000009  train_loss: 0.1506 (0.2164)  train_iou: 0.6092 (0.6768)  time: 1.0624  data: 0.0004  max mem: 31308
Epoch: [7]  [3900/5625]  eta: 0:30:41  lr: 0.000009  train_loss: 0.1570 (0.2163)  train_iou: 0.7224 (0.6768)  time: 1.0582  data: 0.0005  max mem: 31308
Epoch: [7]  [3920/5625]  eta: 0:30:20  lr: 0.000009  train_loss: 0.1741 (0.2162)  train_iou: 0.6466 (0.6767)  time: 1.0582  data: 0.0005  max mem: 31308
Epoch: [7]  [3940/5625]  eta: 0:29:58  lr: 0.000009  train_loss: 0.1789 (0.2161)  train_iou: 0.6496 (0.6766)  time: 1.0581  data: 0.0004  max mem: 31308
Epoch: [7]  [3960/5625]  eta: 0:29:37  lr: 0.000009  train_loss: 0.1607 (0.2162)  train_iou: 0.6555 (0.6765)  time: 1.0628  data: 0.0005  max mem: 31308
Epoch: [7]  [3980/5625]  eta: 0:29:16  lr: 0.000009  train_loss: 0.1650 (0.2161)  train_iou: 0.6522 (0.6765)  time: 1.0619  data: 0.0005  max mem: 31308
Epoch: [7]  [4000/5625]  eta: 0:28:54  lr: 0.000009  train_loss: 0.1636 (0.2160)  train_iou: 0.6685 (0.6765)  time: 1.0667  data: 0.0004  max mem: 31308
Epoch: [7]  [4020/5625]  eta: 0:28:33  lr: 0.000009  train_loss: 0.1414 (0.2158)  train_iou: 0.6843 (0.6766)  time: 1.0632  data: 0.0005  max mem: 31308
Epoch: [7]  [4040/5625]  eta: 0:28:12  lr: 0.000009  train_loss: 0.1567 (0.2159)  train_iou: 0.6450 (0.6765)  time: 1.0694  data: 0.0005  max mem: 31308
Epoch: [7]  [4060/5625]  eta: 0:27:50  lr: 0.000009  train_loss: 0.1635 (0.2159)  train_iou: 0.7057 (0.6767)  time: 1.0598  data: 0.0005  max mem: 31308
Epoch: [7]  [4080/5625]  eta: 0:27:29  lr: 0.000009  train_loss: 0.1630 (0.2159)  train_iou: 0.6741 (0.6767)  time: 1.0550  data: 0.0005  max mem: 31308
Epoch: [7]  [4100/5625]  eta: 0:27:08  lr: 0.000009  train_loss: 0.2217 (0.2161)  train_iou: 0.6608 (0.6768)  time: 1.1827  data: 0.0005  max mem: 31308
Epoch: [7]  [4120/5625]  eta: 0:26:47  lr: 0.000009  train_loss: 0.2799 (0.2163)  train_iou: 0.6031 (0.6765)  time: 1.0589  data: 0.0005  max mem: 31308
Epoch: [7]  [4140/5625]  eta: 0:26:25  lr: 0.000009  train_loss: 0.1614 (0.2162)  train_iou: 0.7232 (0.6767)  time: 1.0583  data: 0.0005  max mem: 31308
Epoch: [7]  [4160/5625]  eta: 0:26:04  lr: 0.000009  train_loss: 0.1723 (0.2162)  train_iou: 0.7229 (0.6768)  time: 1.0608  data: 0.0004  max mem: 31308
Epoch: [7]  [4180/5625]  eta: 0:25:43  lr: 0.000009  train_loss: 0.1987 (0.2164)  train_iou: 0.7611 (0.6770)  time: 1.0591  data: 0.0004  max mem: 31308
Epoch: [7]  [4200/5625]  eta: 0:25:21  lr: 0.000009  train_loss: 0.2301 (0.2165)  train_iou: 0.6535 (0.6768)  time: 1.0650  data: 0.0005  max mem: 31308
Epoch: [7]  [4220/5625]  eta: 0:25:00  lr: 0.000009  train_loss: 0.1627 (0.2165)  train_iou: 0.6850 (0.6769)  time: 1.0620  data: 0.0005  max mem: 31308
Epoch: [7]  [4240/5625]  eta: 0:24:38  lr: 0.000009  train_loss: 0.1637 (0.2164)  train_iou: 0.6626 (0.6771)  time: 1.0616  data: 0.0004  max mem: 31308
Epoch: [7]  [4260/5625]  eta: 0:24:17  lr: 0.000009  train_loss: 0.1683 (0.2164)  train_iou: 0.6876 (0.6771)  time: 1.0585  data: 0.0004  max mem: 31308
Epoch: [7]  [4280/5625]  eta: 0:23:56  lr: 0.000009  train_loss: 0.1955 (0.2164)  train_iou: 0.6805 (0.6771)  time: 1.0613  data: 0.0005  max mem: 31308
Epoch: [7]  [4300/5625]  eta: 0:23:34  lr: 0.000009  train_loss: 0.2040 (0.2163)  train_iou: 0.6760 (0.6771)  time: 1.0564  data: 0.0005  max mem: 31308
Epoch: [7]  [4320/5625]  eta: 0:23:13  lr: 0.000009  train_loss: 0.1312 (0.2162)  train_iou: 0.6392 (0.6769)  time: 1.0569  data: 0.0004  max mem: 31308
Epoch: [7]  [4340/5625]  eta: 0:22:51  lr: 0.000009  train_loss: 0.1378 (0.2161)  train_iou: 0.6659 (0.6768)  time: 1.0619  data: 0.0005  max mem: 31308
Epoch: [7]  [4360/5625]  eta: 0:22:30  lr: 0.000009  train_loss: 0.1610 (0.2161)  train_iou: 0.7059 (0.6769)  time: 1.0597  data: 0.0005  max mem: 31308
Epoch: [7]  [4380/5625]  eta: 0:22:09  lr: 0.000009  train_loss: 0.1777 (0.2161)  train_iou: 0.7336 (0.6771)  time: 1.0559  data: 0.0004  max mem: 31308
Epoch: [7]  [4400/5625]  eta: 0:21:47  lr: 0.000009  train_loss: 0.1861 (0.2160)  train_iou: 0.6702 (0.6773)  time: 1.0549  data: 0.0004  max mem: 31308
Epoch: [7]  [4420/5625]  eta: 0:21:26  lr: 0.000009  train_loss: 0.1599 (0.2160)  train_iou: 0.6486 (0.6773)  time: 1.0599  data: 0.0005  max mem: 31308
Epoch: [7]  [4440/5625]  eta: 0:21:04  lr: 0.000009  train_loss: 0.1544 (0.2161)  train_iou: 0.6446 (0.6773)  time: 1.0555  data: 0.0004  max mem: 31308
Epoch: [7]  [4460/5625]  eta: 0:20:43  lr: 0.000009  train_loss: 0.1832 (0.2162)  train_iou: 0.6760 (0.6771)  time: 1.0580  data: 0.0005  max mem: 31308
Epoch: [7]  [4480/5625]  eta: 0:20:22  lr: 0.000009  train_loss: 0.1739 (0.2160)  train_iou: 0.7551 (0.6774)  time: 1.0637  data: 0.0005  max mem: 31308
Epoch: [7]  [4500/5625]  eta: 0:20:00  lr: 0.000009  train_loss: 0.1793 (0.2160)  train_iou: 0.6896 (0.6775)  time: 1.0555  data: 0.0004  max mem: 31308
Epoch: [7]  [4520/5625]  eta: 0:19:39  lr: 0.000009  train_loss: 0.1783 (0.2159)  train_iou: 0.6165 (0.6773)  time: 1.0548  data: 0.0004  max mem: 31308
Epoch: [7]  [4540/5625]  eta: 0:19:17  lr: 0.000009  train_loss: 0.1378 (0.2158)  train_iou: 0.6597 (0.6772)  time: 1.0601  data: 0.0005  max mem: 31308
Epoch: [7]  [4560/5625]  eta: 0:18:56  lr: 0.000009  train_loss: 0.2006 (0.2159)  train_iou: 0.6582 (0.6772)  time: 1.0568  data: 0.0005  max mem: 31308
Epoch: [7]  [4580/5625]  eta: 0:18:35  lr: 0.000009  train_loss: 0.2651 (0.2163)  train_iou: 0.6420 (0.6770)  time: 1.0561  data: 0.0004  max mem: 31308
Epoch: [7]  [4600/5625]  eta: 0:18:13  lr: 0.000009  train_loss: 0.1996 (0.2164)  train_iou: 0.6790 (0.6770)  time: 1.0604  data: 0.0004  max mem: 31308
Epoch: [7]  [4620/5625]  eta: 0:17:52  lr: 0.000009  train_loss: 0.1821 (0.2164)  train_iou: 0.6927 (0.6771)  time: 1.0555  data: 0.0005  max mem: 31308
Epoch: [7]  [4640/5625]  eta: 0:17:30  lr: 0.000009  train_loss: 0.1830 (0.2165)  train_iou: 0.6108 (0.6768)  time: 1.0538  data: 0.0004  max mem: 31308
Epoch: [7]  [4660/5625]  eta: 0:17:09  lr: 0.000009  train_loss: 0.1325 (0.2163)  train_iou: 0.6798 (0.6769)  time: 1.0571  data: 0.0004  max mem: 31308
Epoch: [7]  [4680/5625]  eta: 0:16:48  lr: 0.000009  train_loss: 0.2736 (0.2166)  train_iou: 0.6314 (0.6766)  time: 1.0616  data: 0.0005  max mem: 31308
Epoch: [7]  [4700/5625]  eta: 0:16:26  lr: 0.000009  train_loss: 0.1820 (0.2166)  train_iou: 0.6340 (0.6765)  time: 1.0547  data: 0.0005  max mem: 31308
Epoch: [7]  [4720/5625]  eta: 0:16:05  lr: 0.000009  train_loss: 0.1509 (0.2164)  train_iou: 0.6765 (0.6766)  time: 1.0571  data: 0.0004  max mem: 31308
Epoch: [7]  [4740/5625]  eta: 0:15:44  lr: 0.000009  train_loss: 0.1547 (0.2163)  train_iou: 0.6738 (0.6766)  time: 1.0602  data: 0.0005  max mem: 31308
Epoch: [7]  [4760/5625]  eta: 0:15:22  lr: 0.000009  train_loss: 0.2131 (0.2164)  train_iou: 0.7171 (0.6767)  time: 1.0590  data: 0.0005  max mem: 31308
Epoch: [7]  [4780/5625]  eta: 0:15:01  lr: 0.000009  train_loss: 0.2099 (0.2164)  train_iou: 0.6638 (0.6767)  time: 1.0515  data: 0.0004  max mem: 31308
Epoch: [7]  [4800/5625]  eta: 0:14:39  lr: 0.000009  train_loss: 0.1839 (0.2165)  train_iou: 0.6371 (0.6766)  time: 1.0556  data: 0.0005  max mem: 31308
Epoch: [7]  [4820/5625]  eta: 0:14:18  lr: 0.000009  train_loss: 0.1610 (0.2164)  train_iou: 0.6295 (0.6763)  time: 1.0522  data: 0.0005  max mem: 31308
Epoch: [7]  [4840/5625]  eta: 0:13:57  lr: 0.000009  train_loss: 0.2172 (0.2164)  train_iou: 0.6721 (0.6762)  time: 1.0541  data: 0.0004  max mem: 31308
Epoch: [7]  [4860/5625]  eta: 0:13:35  lr: 0.000009  train_loss: 0.1705 (0.2163)  train_iou: 0.6882 (0.6763)  time: 1.0539  data: 0.0004  max mem: 31308
Epoch: [7]  [4880/5625]  eta: 0:13:14  lr: 0.000009  train_loss: 0.1497 (0.2164)  train_iou: 0.6638 (0.6764)  time: 1.0591  data: 0.0005  max mem: 31308
Epoch: [7]  [4900/5625]  eta: 0:12:53  lr: 0.000009  train_loss: 0.1602 (0.2164)  train_iou: 0.7036 (0.6765)  time: 1.0550  data: 0.0004  max mem: 31308
Epoch: [7]  [4920/5625]  eta: 0:12:31  lr: 0.000009  train_loss: 0.1400 (0.2163)  train_iou: 0.6755 (0.6764)  time: 1.0591  data: 0.0004  max mem: 31308
Epoch: [7]  [4940/5625]  eta: 0:12:10  lr: 0.000009  train_loss: 0.1445 (0.2162)  train_iou: 0.7356 (0.6766)  time: 1.0600  data: 0.0005  max mem: 31308
Epoch: [7]  [4960/5625]  eta: 0:11:49  lr: 0.000009  train_loss: 0.1460 (0.2162)  train_iou: 0.6554 (0.6766)  time: 1.0572  data: 0.0005  max mem: 31308
Epoch: [7]  [4980/5625]  eta: 0:11:27  lr: 0.000009  train_loss: 0.1592 (0.2160)  train_iou: 0.7272 (0.6768)  time: 1.0563  data: 0.0004  max mem: 31308
Epoch: [7]  [5000/5625]  eta: 0:11:06  lr: 0.000009  train_loss: 0.2141 (0.2161)  train_iou: 0.6380 (0.6767)  time: 1.0552  data: 0.0004  max mem: 31308
Epoch: [7]  [5020/5625]  eta: 0:10:45  lr: 0.000009  train_loss: 0.2456 (0.2162)  train_iou: 0.6637 (0.6767)  time: 1.0568  data: 0.0005  max mem: 31308
Epoch: [7]  [5040/5625]  eta: 0:10:23  lr: 0.000009  train_loss: 0.1581 (0.2161)  train_iou: 0.7171 (0.6769)  time: 1.0600  data: 0.0004  max mem: 31308
Epoch: [7]  [5060/5625]  eta: 0:10:02  lr: 0.000009  train_loss: 0.1521 (0.2161)  train_iou: 0.6712 (0.6769)  time: 1.0588  data: 0.0004  max mem: 31308
Epoch: [7]  [5080/5625]  eta: 0:09:41  lr: 0.000009  train_loss: 0.2137 (0.2162)  train_iou: 0.6627 (0.6768)  time: 1.0615  data: 0.0005  max mem: 31308
Epoch: [7]  [5100/5625]  eta: 0:09:19  lr: 0.000009  train_loss: 0.2007 (0.2162)  train_iou: 0.6491 (0.6768)  time: 1.0637  data: 0.0005  max mem: 31308
Epoch: [7]  [5120/5625]  eta: 0:08:58  lr: 0.000009  train_loss: 0.2219 (0.2164)  train_iou: 0.6719 (0.6767)  time: 1.0600  data: 0.0004  max mem: 31308
Epoch: [7]  [5140/5625]  eta: 0:08:37  lr: 0.000009  train_loss: 0.1522 (0.2163)  train_iou: 0.7206 (0.6768)  time: 1.0583  data: 0.0004  max mem: 31308
Epoch: [7]  [5160/5625]  eta: 0:08:15  lr: 0.000009  train_loss: 0.1558 (0.2163)  train_iou: 0.7255 (0.6769)  time: 1.0601  data: 0.0005  max mem: 31308
Epoch: [7]  [5180/5625]  eta: 0:07:54  lr: 0.000009  train_loss: 0.1572 (0.2163)  train_iou: 0.7311 (0.6771)  time: 1.0579  data: 0.0004  max mem: 31308
Epoch: [7]  [5200/5625]  eta: 0:07:33  lr: 0.000009  train_loss: 0.1653 (0.2164)  train_iou: 0.6551 (0.6771)  time: 1.0550  data: 0.0004  max mem: 31308
Epoch: [7]  [5220/5625]  eta: 0:07:11  lr: 0.000009  train_loss: 0.1927 (0.2166)  train_iou: 0.6516 (0.6769)  time: 1.0645  data: 0.0005  max mem: 31308
Epoch: [7]  [5240/5625]  eta: 0:06:50  lr: 0.000009  train_loss: 0.1591 (0.2165)  train_iou: 0.7061 (0.6771)  time: 1.0581  data: 0.0004  max mem: 31308
Epoch: [7]  [5260/5625]  eta: 0:06:29  lr: 0.000009  train_loss: 0.1451 (0.2163)  train_iou: 0.6445 (0.6771)  time: 1.0550  data: 0.0004  max mem: 31308
Epoch: [7]  [5280/5625]  eta: 0:06:07  lr: 0.000009  train_loss: 0.1768 (0.2164)  train_iou: 0.6800 (0.6771)  time: 1.0605  data: 0.0005  max mem: 31308
Epoch: [7]  [5300/5625]  eta: 0:05:46  lr: 0.000009  train_loss: 0.1780 (0.2162)  train_iou: 0.6728 (0.6772)  time: 1.0616  data: 0.0005  max mem: 31308
Epoch: [7]  [5320/5625]  eta: 0:05:25  lr: 0.000009  train_loss: 0.2149 (0.2164)  train_iou: 0.6794 (0.6771)  time: 1.0574  data: 0.0004  max mem: 31308
Epoch: [7]  [5340/5625]  eta: 0:05:03  lr: 0.000009  train_loss: 0.2470 (0.2166)  train_iou: 0.7363 (0.6773)  time: 1.0637  data: 0.0005  max mem: 31308
Epoch: [7]  [5360/5625]  eta: 0:04:42  lr: 0.000009  train_loss: 0.1694 (0.2165)  train_iou: 0.6452 (0.6772)  time: 1.0624  data: 0.0005  max mem: 31308
Epoch: [7]  [5380/5625]  eta: 0:04:21  lr: 0.000009  train_loss: 0.2234 (0.2166)  train_iou: 0.6609 (0.6773)  time: 1.0597  data: 0.0004  max mem: 31308
Epoch: [7]  [5400/5625]  eta: 0:03:59  lr: 0.000009  train_loss: 0.1581 (0.2166)  train_iou: 0.6214 (0.6773)  time: 1.0612  data: 0.0005  max mem: 31308
Epoch: [7]  [5420/5625]  eta: 0:03:38  lr: 0.000009  train_loss: 0.2398 (0.2168)  train_iou: 0.6046 (0.6771)  time: 1.0580  data: 0.0005  max mem: 31308
Epoch: [7]  [5440/5625]  eta: 0:03:17  lr: 0.000009  train_loss: 0.2319 (0.2168)  train_iou: 0.6796 (0.6771)  time: 1.1847  data: 0.0005  max mem: 31308
Epoch: [7]  [5460/5625]  eta: 0:02:55  lr: 0.000009  train_loss: 0.1697 (0.2168)  train_iou: 0.6785 (0.6772)  time: 1.0609  data: 0.0004  max mem: 31308
Epoch: [7]  [5480/5625]  eta: 0:02:34  lr: 0.000009  train_loss: 0.1741 (0.2168)  train_iou: 0.7183 (0.6773)  time: 1.0593  data: 0.0004  max mem: 31308
Epoch: [7]  [5500/5625]  eta: 0:02:13  lr: 0.000009  train_loss: 0.1865 (0.2168)  train_iou: 0.6788 (0.6773)  time: 1.0582  data: 0.0005  max mem: 31308
Epoch: [7]  [5520/5625]  eta: 0:01:51  lr: 0.000009  train_loss: 0.1873 (0.2168)  train_iou: 0.6725 (0.6773)  time: 1.0600  data: 0.0004  max mem: 31308
Epoch: [7]  [5540/5625]  eta: 0:01:30  lr: 0.000009  train_loss: 0.1631 (0.2167)  train_iou: 0.7302 (0.6775)  time: 1.0589  data: 0.0005  max mem: 31308
Epoch: [7]  [5560/5625]  eta: 0:01:09  lr: 0.000009  train_loss: 0.1612 (0.2167)  train_iou: 0.6915 (0.6775)  time: 1.0605  data: 0.0005  max mem: 31308
Epoch: [7]  [5580/5625]  eta: 0:00:47  lr: 0.000009  train_loss: 0.1179 (0.2164)  train_iou: 0.7265 (0.6777)  time: 1.0568  data: 0.0005  max mem: 31308
Epoch: [7]  [5600/5625]  eta: 0:00:26  lr: 0.000009  train_loss: 0.1450 (0.2163)  train_iou: 0.6727 (0.6779)  time: 1.0567  data: 0.0004  max mem: 31308
Epoch: [7]  [5620/5625]  eta: 0:00:05  lr: 0.000009  train_loss: 0.1791 (0.2162)  train_iou: 0.6479 (0.6778)  time: 0.9617  data: 0.0003  max mem: 31308
Epoch: [7]  [5624/5625]  eta: 0:00:01  lr: 0.000009  train_loss: 0.2060 (0.2163)  train_iou: 0.6255 (0.6777)  time: 0.9290  data: 0.0002  max mem: 31308
Epoch: [7] Total time: 1:39:54 (1.0657 s / it)
Averaged stats: lr: 0.000009  train_loss: 0.2060 (0.2163)  train_iou: 0.6255 (0.6777)
huggingface/tokenizers: The current process just got forked, after parallelism has already been used. Disabling parallelism to avoid deadlocks...
To disable this warning, you can either:
	- Avoid using `tokenizers` before the fork if possible
	- Explicitly set the environment variable TOKENIZERS_PARALLELISM=(true | false)
huggingface/tokenizers: The current process just got forked, after parallelism has already been used. Disabling parallelism to avoid deadlocks...
To disable this warning, you can either:
	- Avoid using `tokenizers` before the fork if possible
	- Explicitly set the environment variable TOKENIZERS_PARALLELISM=(true | false)
huggingface/tokenizers: The current process just got forked, after parallelism has already been used. Disabling parallelism to avoid deadlocks...
To disable this warning, you can either:
	- Avoid using `tokenizers` before the fork if possible
	- Explicitly set the environment variable TOKENIZERS_PARALLELISM=(true | false)
huggingface/tokenizers: The current process just got forked, after parallelism has already been used. Disabling parallelism to avoid deadlocks...
To disable this warning, you can either:
	- Avoid using `tokenizers` before the fork if possible
	- Explicitly set the environment variable TOKENIZERS_PARALLELISM=(true | false)
huggingface/tokenizers: The current process just got forked, after parallelism has already been used. Disabling parallelism to avoid deadlocks...
To disable this warning, you can either:
	- Avoid using `tokenizers` before the fork if possible
	- Explicitly set the environment variable TOKENIZERS_PARALLELISM=(true | false)
huggingface/tokenizers: The current process just got forked, after parallelism has already been used. Disabling parallelism to avoid deadlocks...
To disable this warning, you can either:
	- Avoid using `tokenizers` before the fork if possible
	- Explicitly set the environment variable TOKENIZERS_PARALLELISM=(true | false)
huggingface/tokenizers: The current process just got forked, after parallelism has already been used. Disabling parallelism to avoid deadlocks...
To disable this warning, you can either:
	- Avoid using `tokenizers` before the fork if possible
	- Explicitly set the environment variable TOKENIZERS_PARALLELISM=(true | false)
huggingface/tokenizers: The current process just got forked, after parallelism has already been used. Disabling parallelism to avoid deadlocks...
To disable this warning, you can either:
	- Avoid using `tokenizers` before the fork if possible
	- Explicitly set the environment variable TOKENIZERS_PARALLELISM=(true | false)
Test:  [   0/4000]  eta: 1:58:57  inter: 33390.0000 (33390.0000)  union: 36335.0000 (36335.0000)  iou: 0.9189 (0.9189)  time: 1.7845  data: 1.3993  max mem: 31308
Test:  [  50/4000]  eta: 0:16:13  inter: 25518.0000 (27907.3906)  union: 54653.0000 (48852.0781)  iou: 0.4242 (0.5611)  time: 0.2206  data: 0.0005  max mem: 31308
Test:  [ 100/4000]  eta: 0:15:15  inter: 24133.0000 (29720.4265)  union: 47419.0000 (46351.4632)  iou: 0.8136 (0.6227)  time: 0.2194  data: 0.0005  max mem: 31308
Test:  [ 150/4000]  eta: 0:14:51  inter: 19251.0000 (28562.4928)  union: 30425.0000 (43255.7416)  iou: 0.8333 (0.6451)  time: 0.2303  data: 0.0005  max mem: 31308
Test:  [ 200/4000]  eta: 0:14:26  inter: 35114.0000 (29017.2527)  union: 37358.0000 (42579.1099)  iou: 0.9238 (0.6560)  time: 0.2156  data: 0.0005  max mem: 31308
Test:  [ 250/4000]  eta: 0:14:02  inter: 22069.0000 (31015.3614)  union: 33333.0000 (44144.5090)  iou: 0.7382 (0.6551)  time: 0.2090  data: 0.0005  max mem: 31308
Test:  [ 300/4000]  eta: 0:13:50  inter: 22376.0000 (30417.2109)  union: 25015.0000 (43433.7767)  iou: 0.8479 (0.6480)  time: 0.2251  data: 0.0005  max mem: 31308
Test:  [ 350/4000]  eta: 0:13:41  inter: 9289.0000 (29413.0289)  union: 36968.0000 (43287.4752)  iou: 0.3931 (0.6375)  time: 0.2306  data: 0.0005  max mem: 31308
Test:  [ 400/4000]  eta: 0:13:30  inter: 30734.0000 (28802.0661)  union: 36405.0000 (42521.4179)  iou: 0.7771 (0.6361)  time: 0.2150  data: 0.0005  max mem: 31308
Test:  [ 450/4000]  eta: 0:13:17  inter: 22071.0000 (28580.5937)  union: 36970.0000 (42589.3222)  iou: 0.7495 (0.6357)  time: 0.2324  data: 0.0005  max mem: 31308
Test:  [ 500/4000]  eta: 0:13:04  inter: 17406.0000 (29373.9713)  union: 38973.0000 (43545.8653)  iou: 0.7964 (0.6354)  time: 0.2127  data: 0.0005  max mem: 31308
Test:  [ 550/4000]  eta: 0:12:54  inter: 23922.0000 (29302.1748)  union: 29158.0000 (43149.9113)  iou: 0.8618 (0.6418)  time: 0.2277  data: 0.0005  max mem: 31308
Test:  [ 600/4000]  eta: 0:12:42  inter: 11121.0000 (29251.6391)  union: 33341.0000 (43131.3609)  iou: 0.8093 (0.6383)  time: 0.2214  data: 0.0005  max mem: 31308
Test:  [ 650/4000]  eta: 0:12:28  inter: 29729.0000 (29793.4409)  union: 42318.0000 (43514.6276)  iou: 0.7613 (0.6389)  time: 0.2127  data: 0.0005  max mem: 31308
Test:  [ 700/4000]  eta: 0:12:15  inter: 17582.0000 (29365.8450)  union: 29197.0000 (43249.4938)  iou: 0.6345 (0.6312)  time: 0.2145  data: 0.0005  max mem: 31308
Test:  [ 750/4000]  eta: 0:12:05  inter: 27332.0000 (29238.4225)  union: 30079.0000 (43021.3911)  iou: 0.8421 (0.6339)  time: 0.2354  data: 0.0005  max mem: 31308
Test:  [ 800/4000]  eta: 0:11:53  inter: 20052.0000 (28931.6473)  union: 47186.0000 (42635.6813)  iou: 0.7460 (0.6324)  time: 0.2264  data: 0.0005  max mem: 31308
Test:  [ 850/4000]  eta: 0:11:43  inter: 22235.0000 (28863.7749)  union: 42860.0000 (42659.6243)  iou: 0.8030 (0.6311)  time: 0.2112  data: 0.0005  max mem: 31308
Test:  [ 900/4000]  eta: 0:11:32  inter: 22182.0000 (28968.2656)  union: 30590.0000 (42979.3486)  iou: 0.7304 (0.6270)  time: 0.2119  data: 0.0005  max mem: 31308
Test:  [ 950/4000]  eta: 0:11:20  inter: 25016.0000 (29123.3511)  union: 30743.0000 (43045.7637)  iou: 0.8513 (0.6261)  time: 0.2196  data: 0.0005  max mem: 31308
Test:  [1000/4000]  eta: 0:11:08  inter: 26937.0000 (29333.3336)  union: 37593.0000 (43225.5481)  iou: 0.7224 (0.6272)  time: 0.2130  data: 0.0005  max mem: 31308
Test:  [1050/4000]  eta: 0:10:57  inter: 24759.0000 (29369.0748)  union: 39426.0000 (43241.7279)  iou: 0.6780 (0.6268)  time: 0.2224  data: 0.0005  max mem: 31308
Test:  [1100/4000]  eta: 0:10:45  inter: 22400.0000 (29128.3691)  union: 32126.0000 (42960.2044)  iou: 0.6943 (0.6244)  time: 0.2183  data: 0.0005  max mem: 31308
Test:  [1150/4000]  eta: 0:10:34  inter: 14914.0000 (29213.6166)  union: 24009.0000 (42691.3803)  iou: 0.7409 (0.6284)  time: 0.2303  data: 0.0005  max mem: 31308
Test:  [1200/4000]  eta: 0:10:23  inter: 15022.0000 (29312.8859)  union: 33132.0000 (42954.1790)  iou: 0.8065 (0.6266)  time: 0.2223  data: 0.0005  max mem: 31308
Test:  [1250/4000]  eta: 0:10:13  inter: 8386.0000 (29009.4316)  union: 33892.0000 (42749.1817)  iou: 0.2147 (0.6235)  time: 0.2341  data: 0.0005  max mem: 31308
Test:  [1300/4000]  eta: 0:10:02  inter: 22614.0000 (28730.9110)  union: 35274.0000 (42495.4418)  iou: 0.6692 (0.6238)  time: 0.2252  data: 0.0005  max mem: 31308
Test:  [1350/4000]  eta: 0:09:50  inter: 28319.0000 (28775.8495)  union: 35707.0000 (42581.5621)  iou: 0.8314 (0.6241)  time: 0.2230  data: 0.0005  max mem: 31308
Test:  [1400/4000]  eta: 0:09:40  inter: 10023.0000 (28881.7829)  union: 12045.0000 (42850.3310)  iou: 0.7539 (0.6216)  time: 0.2244  data: 0.0005  max mem: 31308
Test:  [1450/4000]  eta: 0:09:29  inter: 12965.0000 (28750.2352)  union: 37795.0000 (42755.3839)  iou: 0.5029 (0.6199)  time: 0.2206  data: 0.0005  max mem: 31308
Test:  [1500/4000]  eta: 0:09:17  inter: 19066.0000 (28774.3997)  union: 40392.0000 (42858.9806)  iou: 0.5676 (0.6173)  time: 0.2198  data: 0.0005  max mem: 31308
Test:  [1550/4000]  eta: 0:09:07  inter: 22357.0000 (28654.2824)  union: 31250.0000 (42769.4567)  iou: 0.6416 (0.6176)  time: 0.2376  data: 0.0005  max mem: 31308
Test:  [1600/4000]  eta: 0:08:56  inter: 14077.0000 (28570.9956)  union: 39292.0000 (42813.1869)  iou: 0.7747 (0.6148)  time: 0.2386  data: 0.0005  max mem: 31308
Test:  [1650/4000]  eta: 0:08:44  inter: 19113.0000 (28539.6724)  union: 39644.0000 (42839.4408)  iou: 0.4938 (0.6132)  time: 0.2184  data: 0.0005  max mem: 31308
Test:  [1700/4000]  eta: 0:08:33  inter: 17065.0000 (28563.7192)  union: 36259.0000 (42993.2340)  iou: 0.8008 (0.6122)  time: 0.2206  data: 0.0005  max mem: 31308
Test:  [1750/4000]  eta: 0:08:21  inter: 25834.0000 (28489.6094)  union: 39714.0000 (42912.5766)  iou: 0.8342 (0.6111)  time: 0.2323  data: 0.0005  max mem: 31308
Test:  [1800/4000]  eta: 0:08:11  inter: 25606.0000 (28356.4193)  union: 39723.0000 (42909.3373)  iou: 0.6292 (0.6103)  time: 0.2326  data: 0.0005  max mem: 31308
Test:  [1850/4000]  eta: 0:07:59  inter: 18955.0000 (28329.3383)  union: 33757.0000 (43073.4238)  iou: 0.4146 (0.6086)  time: 0.2208  data: 0.0005  max mem: 31308
Test:  [1900/4000]  eta: 0:07:48  inter: 36716.0000 (28249.9862)  union: 57373.0000 (43003.1819)  iou: 0.6430 (0.6095)  time: 0.2267  data: 0.0005  max mem: 31308
Test:  [1950/4000]  eta: 0:07:37  inter: 12141.0000 (28266.6443)  union: 17241.0000 (42998.7360)  iou: 0.6912 (0.6100)  time: 0.2213  data: 0.0005  max mem: 31308
Test:  [2000/4000]  eta: 0:07:26  inter: 15679.0000 (28230.0574)  union: 22923.0000 (42908.5659)  iou: 0.7529 (0.6103)  time: 0.2124  data: 0.0005  max mem: 31308
Test:  [2050/4000]  eta: 0:07:15  inter: 7727.0000 (28134.8467)  union: 56117.0000 (43009.9445)  iou: 0.3055 (0.6084)  time: 0.2423  data: 0.0005  max mem: 31308
Test:  [2100/4000]  eta: 0:07:03  inter: 21194.0000 (28119.6062)  union: 35793.0000 (42944.4194)  iou: 0.7793 (0.6090)  time: 0.2119  data: 0.0005  max mem: 31308
Test:  [2150/4000]  eta: 0:06:52  inter: 23121.0000 (28130.7481)  union: 30299.0000 (42962.1803)  iou: 0.7546 (0.6085)  time: 0.2180  data: 0.0005  max mem: 31308
Test:  [2200/4000]  eta: 0:06:41  inter: 13976.0000 (28037.7421)  union: 20994.0000 (42855.9049)  iou: 0.6350 (0.6082)  time: 0.2222  data: 0.0005  max mem: 31308
Test:  [2250/4000]  eta: 0:06:30  inter: 19496.0000 (27875.6057)  union: 37821.0000 (42759.0846)  iou: 0.7760 (0.6065)  time: 0.2123  data: 0.0005  max mem: 31308
Test:  [2300/4000]  eta: 0:06:18  inter: 35209.0000 (27967.7837)  union: 43263.0000 (42749.9787)  iou: 0.7646 (0.6088)  time: 0.2251  data: 0.0005  max mem: 31308
Test:  [2350/4000]  eta: 0:06:07  inter: 19075.0000 (27904.2307)  union: 37467.0000 (42681.3905)  iou: 0.7788 (0.6095)  time: 0.2309  data: 0.0005  max mem: 31308
Test:  [2400/4000]  eta: 0:05:56  inter: 10488.0000 (27898.4853)  union: 33048.0000 (42611.5203)  iou: 0.2515 (0.6094)  time: 0.2324  data: 0.0005  max mem: 31308
Test:  [2450/4000]  eta: 0:05:45  inter: 29222.0000 (28018.0885)  union: 32364.0000 (42646.1792)  iou: 0.8803 (0.6118)  time: 0.2084  data: 0.0005  max mem: 31308
Test:  [2500/4000]  eta: 0:05:34  inter: 25709.0000 (27994.5948)  union: 39485.0000 (42635.3711)  iou: 0.8699 (0.6118)  time: 0.2102  data: 0.0005  max mem: 31308
Test:  [2550/4000]  eta: 0:05:23  inter: 29188.0000 (28115.5870)  union: 33411.0000 (42722.7807)  iou: 0.8173 (0.6127)  time: 0.2356  data: 0.0005  max mem: 31308
Test:  [2600/4000]  eta: 0:05:11  inter: 18496.0000 (28050.6541)  union: 29196.0000 (42780.8148)  iou: 0.3975 (0.6113)  time: 0.2270  data: 0.0005  max mem: 31308
Test:  [2650/4000]  eta: 0:05:00  inter: 16587.0000 (28127.1713)  union: 34287.0000 (42989.3284)  iou: 0.8974 (0.6105)  time: 0.2255  data: 0.0005  max mem: 31308
Test:  [2700/4000]  eta: 0:04:49  inter: 27227.0000 (28225.7954)  union: 31809.0000 (43066.2845)  iou: 0.8512 (0.6115)  time: 0.2187  data: 0.0005  max mem: 31308
Test:  [2750/4000]  eta: 0:04:38  inter: 23005.0000 (28293.3441)  union: 32182.0000 (43163.3343)  iou: 0.8613 (0.6110)  time: 0.2180  data: 0.0005  max mem: 31308
Test:  [2800/4000]  eta: 0:04:27  inter: 14891.0000 (28247.1051)  union: 30666.0000 (43035.8640)  iou: 0.7236 (0.6112)  time: 0.2190  data: 0.0005  max mem: 31308
Test:  [2850/4000]  eta: 0:04:16  inter: 12565.0000 (28369.0546)  union: 38753.0000 (43105.4252)  iou: 0.7075 (0.6111)  time: 0.2169  data: 0.0005  max mem: 31308
Test:  [2900/4000]  eta: 0:04:05  inter: 18079.0000 (28358.4072)  union: 26123.0000 (43140.6628)  iou: 0.7849 (0.6098)  time: 0.2133  data: 0.0005  max mem: 31308
Test:  [2950/4000]  eta: 0:03:54  inter: 22652.0000 (28377.4981)  union: 27333.0000 (43147.1387)  iou: 0.5628 (0.6097)  time: 0.2131  data: 0.0005  max mem: 31308
Test:  [3000/4000]  eta: 0:03:42  inter: 21255.0000 (28326.3741)  union: 34249.0000 (43120.8840)  iou: 0.6358 (0.6090)  time: 0.2312  data: 0.0005  max mem: 31308
Test:  [3050/4000]  eta: 0:03:31  inter: 16742.0000 (28351.1040)  union: 52191.0000 (43298.3583)  iou: 0.3640 (0.6087)  time: 0.2220  data: 0.0005  max mem: 31308
Test:  [3100/4000]  eta: 0:03:20  inter: 20719.0000 (28325.0981)  union: 42422.0000 (43261.4590)  iou: 0.4495 (0.6086)  time: 0.2214  data: 0.0005  max mem: 31308
Test:  [3150/4000]  eta: 0:03:09  inter: 16673.0000 (28207.0831)  union: 21646.0000 (43178.2766)  iou: 0.5784 (0.6079)  time: 0.2231  data: 0.0005  max mem: 31308
Test:  [3200/4000]  eta: 0:02:58  inter: 12693.0000 (28280.9650)  union: 40870.0000 (43230.6081)  iou: 0.5041 (0.6087)  time: 0.2166  data: 0.0005  max mem: 31308
Test:  [3250/4000]  eta: 0:02:47  inter: 14715.0000 (28209.5770)  union: 24922.0000 (43189.6389)  iou: 0.7805 (0.6073)  time: 0.2212  data: 0.0005  max mem: 31308
Test:  [3300/4000]  eta: 0:02:35  inter: 36156.0000 (28309.6613)  union: 50832.0000 (43325.6158)  iou: 0.8203 (0.6066)  time: 0.2342  data: 0.0005  max mem: 31308
Test:  [3350/4000]  eta: 0:02:24  inter: 9583.0000 (28302.4160)  union: 12725.0000 (43284.8601)  iou: 0.7965 (0.6072)  time: 0.2098  data: 0.0005  max mem: 31308
Test:  [3400/4000]  eta: 0:02:13  inter: 28325.0000 (28408.7275)  union: 37451.0000 (43323.8350)  iou: 0.8620 (0.6085)  time: 0.2291  data: 0.0005  max mem: 31308
Test:  [3450/4000]  eta: 0:02:02  inter: 20232.0000 (28416.0983)  union: 29699.0000 (43315.9449)  iou: 0.7755 (0.6085)  time: 0.2158  data: 0.0005  max mem: 31308
Test:  [3500/4000]  eta: 0:01:51  inter: 15445.0000 (28377.7839)  union: 21465.0000 (43270.3757)  iou: 0.4057 (0.6083)  time: 0.2137  data: 0.0005  max mem: 31308
Test:  [3550/4000]  eta: 0:01:40  inter: 32910.0000 (28380.1732)  union: 37511.0000 (43297.4334)  iou: 0.7781 (0.6076)  time: 0.2120  data: 0.0005  max mem: 31308
Test:  [3600/4000]  eta: 0:01:29  inter: 22235.0000 (28349.3447)  union: 32058.0000 (43257.6027)  iou: 0.8654 (0.6068)  time: 0.2166  data: 0.0005  max mem: 31308
Test:  [3650/4000]  eta: 0:01:17  inter: 28820.0000 (28310.3522)  union: 38794.0000 (43237.8919)  iou: 0.7219 (0.6064)  time: 0.2393  data: 0.0005  max mem: 31308
Test:  [3700/4000]  eta: 0:01:06  inter: 25414.0000 (28389.0462)  union: 36377.0000 (43248.6560)  iou: 0.8306 (0.6071)  time: 0.2172  data: 0.0005  max mem: 31308
Test:  [3750/4000]  eta: 0:00:55  inter: 26755.0000 (28447.6436)  union: 46128.0000 (43329.4214)  iou: 0.7570 (0.6077)  time: 0.2155  data: 0.0005  max mem: 31308
Test:  [3800/4000]  eta: 0:00:44  inter: 24872.0000 (28460.1528)  union: 30099.0000 (43393.7559)  iou: 0.7323 (0.6079)  time: 0.2099  data: 0.0005  max mem: 31308
Test:  [3850/4000]  eta: 0:00:33  inter: 21812.0000 (28467.3500)  union: 32915.0000 (43406.7748)  iou: 0.8682 (0.6078)  time: 0.2177  data: 0.0005  max mem: 31308
Test:  [3900/4000]  eta: 0:00:22  inter: 19090.0000 (28510.3932)  union: 41677.0000 (43507.4482)  iou: 0.6797 (0.6074)  time: 0.2192  data: 0.0005  max mem: 31308
Test:  [3950/4000]  eta: 0:00:11  inter: 18163.0000 (28459.7383)  union: 43509.0000 (43472.0480)  iou: 0.8186 (0.6073)  time: 0.2142  data: 0.0005  max mem: 31308
Test:  [3999/4000]  eta: 0:00:00  inter: 16303.0000 (28403.2599)  union: 33190.0000 (43365.5523)  iou: 0.6701 (0.6081)  time: 0.1956  data: 0.0002  max mem: 31308
Test: Total time: 0:14:51 (0.2228 s / it)
* IoU 0.608 oIoU 0.655
IoU of the network on the 4000 test images: 0.6%
Max IoU: 0.61%
huggingface/tokenizers: The current process just got forked, after parallelism has already been used. Disabling parallelism to avoid deadlocks...
To disable this warning, you can either:
	- Avoid using `tokenizers` before the fork if possible
	- Explicitly set the environment variable TOKENIZERS_PARALLELISM=(true | false)
huggingface/tokenizers: The current process just got forked, after parallelism has already been used. Disabling parallelism to avoid deadlocks...
To disable this warning, you can either:
	- Avoid using `tokenizers` before the fork if possible
	- Explicitly set the environment variable TOKENIZERS_PARALLELISM=(true | false)
huggingface/tokenizers: The current process just got forked, after parallelism has already been used. Disabling parallelism to avoid deadlocks...
To disable this warning, you can either:
	- Avoid using `tokenizers` before the fork if possible
	- Explicitly set the environment variable TOKENIZERS_PARALLELISM=(true | false)
huggingface/tokenizers: The current process just got forked, after parallelism has already been used. Disabling parallelism to avoid deadlocks...
To disable this warning, you can either:
	- Avoid using `tokenizers` before the fork if possible
	- Explicitly set the environment variable TOKENIZERS_PARALLELISM=(true | false)
huggingface/tokenizers: The current process just got forked, after parallelism has already been used. Disabling parallelism to avoid deadlocks...
To disable this warning, you can either:
	- Avoid using `tokenizers` before the fork if possible
	- Explicitly set the environment variable TOKENIZERS_PARALLELISM=(true | false)
huggingface/tokenizers: The current process just got forked, after parallelism has already been used. Disabling parallelism to avoid deadlocks...
To disable this warning, you can either:
	- Avoid using `tokenizers` before the fork if possible
	- Explicitly set the environment variable TOKENIZERS_PARALLELISM=(true | false)
huggingface/tokenizers: The current process just got forked, after parallelism has already been used. Disabling parallelism to avoid deadlocks...
To disable this warning, you can either:
	- Avoid using `tokenizers` before the fork if possible
	- Explicitly set the environment variable TOKENIZERS_PARALLELISM=(true | false)
huggingface/tokenizers: The current process just got forked, after parallelism has already been used. Disabling parallelism to avoid deadlocks...
To disable this warning, you can either:
	- Avoid using `tokenizers` before the fork if possible
	- Explicitly set the environment variable TOKENIZERS_PARALLELISM=(true | false)
Epoch: [8]  [   0/5625]  eta: 8:12:35  lr: 0.000009  train_loss: 0.1215 (0.1215)  train_iou: 0.6538 (0.6538)  time: 5.2543  data: 3.5985  max mem: 31308
Epoch: [8]  [  20/5625]  eta: 1:59:43  lr: 0.000009  train_loss: 0.1201 (0.1540)  train_iou: 0.7463 (0.7277)  time: 1.0830  data: 0.0015  max mem: 31308
Epoch: [8]  [  40/5625]  eta: 1:49:46  lr: 0.000009  train_loss: 0.2720 (0.2253)  train_iou: 0.6337 (0.6862)  time: 1.0719  data: 0.0005  max mem: 31308
Epoch: [8]  [  60/5625]  eta: 1:46:13  lr: 0.000009  train_loss: 0.1575 (0.2136)  train_iou: 0.6976 (0.6837)  time: 1.0754  data: 0.0005  max mem: 31308
Epoch: [8]  [  80/5625]  eta: 1:44:12  lr: 0.000009  train_loss: 0.1630 (0.2137)  train_iou: 0.6464 (0.6749)  time: 1.0735  data: 0.0005  max mem: 31308
Epoch: [8]  [ 100/5625]  eta: 1:43:10  lr: 0.000009  train_loss: 0.1779 (0.2143)  train_iou: 0.6531 (0.6738)  time: 1.0913  data: 0.0005  max mem: 31308
Epoch: [8]  [ 120/5625]  eta: 1:42:10  lr: 0.000009  train_loss: 0.1612 (0.2186)  train_iou: 0.6257 (0.6673)  time: 1.0791  data: 0.0005  max mem: 31308
Epoch: [8]  [ 140/5625]  eta: 1:41:15  lr: 0.000009  train_loss: 0.2163 (0.2213)  train_iou: 0.6483 (0.6654)  time: 1.0723  data: 0.0005  max mem: 31308
Epoch: [8]  [ 160/5625]  eta: 1:40:36  lr: 0.000009  train_loss: 0.1625 (0.2242)  train_iou: 0.6891 (0.6694)  time: 1.0828  data: 0.0005  max mem: 31308
Epoch: [8]  [ 180/5625]  eta: 1:39:57  lr: 0.000009  train_loss: 0.1666 (0.2206)  train_iou: 0.6630 (0.6706)  time: 1.0762  data: 0.0005  max mem: 31308
Epoch: [8]  [ 200/5625]  eta: 1:39:15  lr: 0.000009  train_loss: 0.1656 (0.2170)  train_iou: 0.7074 (0.6734)  time: 1.0653  data: 0.0005  max mem: 31308
Epoch: [8]  [ 220/5625]  eta: 1:38:36  lr: 0.000009  train_loss: 0.1377 (0.2133)  train_iou: 0.6946 (0.6761)  time: 1.0629  data: 0.0005  max mem: 31308
Epoch: [8]  [ 240/5625]  eta: 1:37:57  lr: 0.000009  train_loss: 0.1984 (0.2145)  train_iou: 0.6493 (0.6742)  time: 1.0562  data: 0.0005  max mem: 31308
Epoch: [8]  [ 260/5625]  eta: 1:37:26  lr: 0.000009  train_loss: 0.1848 (0.2143)  train_iou: 0.7011 (0.6768)  time: 1.0679  data: 0.0005  max mem: 31308
Epoch: [8]  [ 280/5625]  eta: 1:36:58  lr: 0.000009  train_loss: 0.1342 (0.2100)  train_iou: 0.7434 (0.6801)  time: 1.0734  data: 0.0005  max mem: 31308
Epoch: [8]  [ 300/5625]  eta: 1:36:31  lr: 0.000009  train_loss: 0.1199 (0.2084)  train_iou: 0.6327 (0.6790)  time: 1.0747  data: 0.0005  max mem: 31308
Epoch: [8]  [ 320/5625]  eta: 1:36:03  lr: 0.000009  train_loss: 0.2011 (0.2100)  train_iou: 0.6621 (0.6784)  time: 1.0690  data: 0.0005  max mem: 31308
Epoch: [8]  [ 340/5625]  eta: 1:35:38  lr: 0.000009  train_loss: 0.1603 (0.2090)  train_iou: 0.6894 (0.6787)  time: 1.0765  data: 0.0005  max mem: 31308
Epoch: [8]  [ 360/5625]  eta: 1:35:13  lr: 0.000009  train_loss: 0.1832 (0.2100)  train_iou: 0.7077 (0.6810)  time: 1.0718  data: 0.0005  max mem: 31308
Epoch: [8]  [ 380/5625]  eta: 1:34:48  lr: 0.000009  train_loss: 0.1520 (0.2107)  train_iou: 0.7400 (0.6821)  time: 1.0759  data: 0.0005  max mem: 31308
Epoch: [8]  [ 400/5625]  eta: 1:34:23  lr: 0.000009  train_loss: 0.1601 (0.2105)  train_iou: 0.7065 (0.6830)  time: 1.0722  data: 0.0005  max mem: 31308
Epoch: [8]  [ 420/5625]  eta: 1:33:57  lr: 0.000009  train_loss: 0.1590 (0.2109)  train_iou: 0.7566 (0.6837)  time: 1.0657  data: 0.0005  max mem: 31308
Epoch: [8]  [ 440/5625]  eta: 1:33:33  lr: 0.000009  train_loss: 0.1261 (0.2081)  train_iou: 0.7532 (0.6865)  time: 1.0722  data: 0.0005  max mem: 31308
Epoch: [8]  [ 460/5625]  eta: 1:33:10  lr: 0.000009  train_loss: 0.1543 (0.2068)  train_iou: 0.6775 (0.6867)  time: 1.0759  data: 0.0005  max mem: 31308
Epoch: [8]  [ 480/5625]  eta: 1:32:46  lr: 0.000009  train_loss: 0.1478 (0.2055)  train_iou: 0.7216 (0.6882)  time: 1.0714  data: 0.0005  max mem: 31308
Epoch: [8]  [ 500/5625]  eta: 1:32:22  lr: 0.000009  train_loss: 0.1582 (0.2051)  train_iou: 0.7145 (0.6895)  time: 1.0692  data: 0.0005  max mem: 31308
Epoch: [8]  [ 520/5625]  eta: 1:31:58  lr: 0.000009  train_loss: 0.1963 (0.2065)  train_iou: 0.7104 (0.6894)  time: 1.0718  data: 0.0005  max mem: 31308
Epoch: [8]  [ 540/5625]  eta: 1:31:38  lr: 0.000009  train_loss: 0.1515 (0.2058)  train_iou: 0.6668 (0.6894)  time: 1.0871  data: 0.0005  max mem: 31308
Epoch: [8]  [ 560/5625]  eta: 1:31:16  lr: 0.000009  train_loss: 0.2299 (0.2075)  train_iou: 0.6888 (0.6892)  time: 1.0814  data: 0.0005  max mem: 31308
Epoch: [8]  [ 580/5625]  eta: 1:30:51  lr: 0.000009  train_loss: 0.1320 (0.2070)  train_iou: 0.7148 (0.6897)  time: 1.0593  data: 0.0005  max mem: 31308
Epoch: [8]  [ 600/5625]  eta: 1:30:25  lr: 0.000009  train_loss: 0.1614 (0.2060)  train_iou: 0.6728 (0.6888)  time: 1.0552  data: 0.0005  max mem: 31308
Epoch: [8]  [ 620/5625]  eta: 1:29:59  lr: 0.000009  train_loss: 0.1691 (0.2059)  train_iou: 0.6630 (0.6877)  time: 1.0546  data: 0.0005  max mem: 31308
Epoch: [8]  [ 640/5625]  eta: 1:29:35  lr: 0.000009  train_loss: 0.1880 (0.2056)  train_iou: 0.7704 (0.6886)  time: 1.0638  data: 0.0005  max mem: 31308
Epoch: [8]  [ 660/5625]  eta: 1:29:10  lr: 0.000009  train_loss: 0.1766 (0.2065)  train_iou: 0.6908 (0.6882)  time: 1.0579  data: 0.0005  max mem: 31308
Epoch: [8]  [ 680/5625]  eta: 1:28:46  lr: 0.000009  train_loss: 0.1460 (0.2054)  train_iou: 0.7139 (0.6887)  time: 1.0583  data: 0.0005  max mem: 31308
Epoch: [8]  [ 700/5625]  eta: 1:28:22  lr: 0.000009  train_loss: 0.1830 (0.2052)  train_iou: 0.7114 (0.6885)  time: 1.0588  data: 0.0005  max mem: 31308
Epoch: [8]  [ 720/5625]  eta: 1:27:58  lr: 0.000009  train_loss: 0.1608 (0.2053)  train_iou: 0.6814 (0.6885)  time: 1.0564  data: 0.0005  max mem: 31308
Epoch: [8]  [ 740/5625]  eta: 1:27:33  lr: 0.000009  train_loss: 0.1347 (0.2050)  train_iou: 0.7006 (0.6888)  time: 1.0556  data: 0.0005  max mem: 31308
Epoch: [8]  [ 760/5625]  eta: 1:27:09  lr: 0.000009  train_loss: 0.1590 (0.2043)  train_iou: 0.6728 (0.6880)  time: 1.0542  data: 0.0005  max mem: 31308
Epoch: [8]  [ 780/5625]  eta: 1:26:45  lr: 0.000009  train_loss: 0.1399 (0.2035)  train_iou: 0.6764 (0.6873)  time: 1.0560  data: 0.0005  max mem: 31308
Epoch: [8]  [ 800/5625]  eta: 1:26:22  lr: 0.000009  train_loss: 0.1232 (0.2026)  train_iou: 0.6910 (0.6881)  time: 1.0554  data: 0.0005  max mem: 31308
Epoch: [8]  [ 820/5625]  eta: 1:25:59  lr: 0.000009  train_loss: 0.1492 (0.2023)  train_iou: 0.6878 (0.6880)  time: 1.0651  data: 0.0005  max mem: 31308
Epoch: [8]  [ 840/5625]  eta: 1:25:36  lr: 0.000009  train_loss: 0.1402 (0.2023)  train_iou: 0.6625 (0.6874)  time: 1.0561  data: 0.0005  max mem: 31308
Epoch: [8]  [ 860/5625]  eta: 1:25:12  lr: 0.000009  train_loss: 0.1412 (0.2021)  train_iou: 0.6718 (0.6878)  time: 1.0542  data: 0.0005  max mem: 31308
Epoch: [8]  [ 880/5625]  eta: 1:24:49  lr: 0.000009  train_loss: 0.1895 (0.2025)  train_iou: 0.6775 (0.6871)  time: 1.0593  data: 0.0005  max mem: 31308
Epoch: [8]  [ 900/5625]  eta: 1:24:26  lr: 0.000009  train_loss: 0.1343 (0.2022)  train_iou: 0.7215 (0.6876)  time: 1.0574  data: 0.0005  max mem: 31308
Epoch: [8]  [ 920/5625]  eta: 1:24:03  lr: 0.000009  train_loss: 0.2056 (0.2027)  train_iou: 0.7146 (0.6878)  time: 1.0547  data: 0.0005  max mem: 31308
Epoch: [8]  [ 940/5625]  eta: 1:23:40  lr: 0.000009  train_loss: 0.1363 (0.2016)  train_iou: 0.6523 (0.6870)  time: 1.0552  data: 0.0005  max mem: 31308
Epoch: [8]  [ 960/5625]  eta: 1:23:17  lr: 0.000009  train_loss: 0.2022 (0.2027)  train_iou: 0.6741 (0.6873)  time: 1.0595  data: 0.0005  max mem: 31308
Epoch: [8]  [ 980/5625]  eta: 1:22:54  lr: 0.000009  train_loss: 0.2316 (0.2028)  train_iou: 0.6695 (0.6866)  time: 1.0559  data: 0.0005  max mem: 31308
Epoch: [8]  [1000/5625]  eta: 1:22:32  lr: 0.000009  train_loss: 0.1519 (0.2024)  train_iou: 0.7293 (0.6870)  time: 1.0618  data: 0.0005  max mem: 31308
Epoch: [8]  [1020/5625]  eta: 1:22:09  lr: 0.000009  train_loss: 0.2039 (0.2025)  train_iou: 0.6854 (0.6871)  time: 1.0545  data: 0.0005  max mem: 31308
Epoch: [8]  [1040/5625]  eta: 1:21:46  lr: 0.000009  train_loss: 0.1739 (0.2025)  train_iou: 0.6813 (0.6869)  time: 1.0558  data: 0.0005  max mem: 31308
Epoch: [8]  [1060/5625]  eta: 1:21:23  lr: 0.000009  train_loss: 0.1584 (0.2025)  train_iou: 0.7390 (0.6874)  time: 1.0529  data: 0.0005  max mem: 31308
Epoch: [8]  [1080/5625]  eta: 1:21:01  lr: 0.000009  train_loss: 0.1423 (0.2021)  train_iou: 0.6617 (0.6869)  time: 1.0594  data: 0.0005  max mem: 31308
Epoch: [8]  [1100/5625]  eta: 1:20:38  lr: 0.000009  train_loss: 0.1631 (0.2017)  train_iou: 0.6694 (0.6867)  time: 1.0543  data: 0.0005  max mem: 31308
Epoch: [8]  [1120/5625]  eta: 1:20:16  lr: 0.000009  train_loss: 0.1413 (0.2014)  train_iou: 0.6457 (0.6861)  time: 1.0572  data: 0.0005  max mem: 31308
Epoch: [8]  [1140/5625]  eta: 1:19:54  lr: 0.000009  train_loss: 0.1608 (0.2017)  train_iou: 0.7038 (0.6858)  time: 1.0554  data: 0.0005  max mem: 31308
Epoch: [8]  [1160/5625]  eta: 1:19:31  lr: 0.000009  train_loss: 0.1909 (0.2029)  train_iou: 0.6769 (0.6851)  time: 1.0553  data: 0.0005  max mem: 31308
Epoch: [8]  [1180/5625]  eta: 1:19:09  lr: 0.000009  train_loss: 0.1797 (0.2033)  train_iou: 0.6638 (0.6848)  time: 1.0638  data: 0.0005  max mem: 31308
Epoch: [8]  [1200/5625]  eta: 1:18:48  lr: 0.000009  train_loss: 0.2474 (0.2045)  train_iou: 0.6610 (0.6843)  time: 1.0625  data: 0.0005  max mem: 31308
slurmstepd: error: *** JOB 133280 ON d1004 CANCELLED AT 2025-04-20T09:44:01 DUE TO TIME LIMIT ***
