Architecture:          x86_64
CPU op-mode(s):        32-bit, 64-bit
Byte Order:            Little Endian
CPU(s):                28
On-line CPU(s) list:   0-27
Thread(s) per core:    1
Core(s) per socket:    14
Socket(s):             2
NUMA node(s):          2
Vendor ID:             GenuineIntel
CPU family:            6
Model:                 85
Model name:            Intel(R) Xeon(R) Gold 6132 CPU @ 2.60GHz
Stepping:              4
CPU MHz:               1561.206
CPU max MHz:           3700.0000
CPU min MHz:           1000.0000
BogoMIPS:              5200.00
Virtualization:        VT-x
L1d cache:             32K
L1i cache:             32K
L2 cache:              1024K
L3 cache:              19712K
NUMA node0 CPU(s):     0,2,4,6,8,10,12,14,16,18,20,22,24,26
NUMA node1 CPU(s):     1,3,5,7,9,11,13,15,17,19,21,23,25,27
Flags:                 fpu vme de pse tsc msr pae mce cx8 apic sep mtrr pge mca cmov pat pse36 clflush dts acpi mmx fxsr sse sse2 ss ht tm pbe syscall nx pdpe1gb rdtscp lm constant_tsc art arch_perfmon pebs bts rep_good nopl xtopology nonstop_tsc aperfmperf eagerfpu pni pclmulqdq dtes64 monitor ds_cpl vmx smx est tm2 ssse3 sdbg fma cx16 xtpr pdcm pcid dca sse4_1 sse4_2 x2apic movbe popcnt tsc_deadline_timer aes xsave avx f16c rdrand lahf_lm abm 3dnowprefetch epb cat_l3 cdp_l3 invpcid_single intel_ppin intel_pt ssbd mba ibrs ibpb stibp tpr_shadow vnmi flexpriority ept vpid fsgsbase tsc_adjust bmi1 hle avx2 smep bmi2 erms invpcid rtm cqm mpx rdt_a avx512f avx512dq rdseed adx smap clflushopt clwb avx512cd avx512bw avx512vl xsaveopt xsavec xgetbv1 cqm_llc cqm_occup_llc cqm_mbm_total cqm_mbm_local dtherm ida arat pln pts pku ospke md_clear spec_ctrl intel_stibp flush_l1d arch_capabilities
Mon Apr 21 00:29:58 2025       
+---------------------------------------------------------------------------------------+
| NVIDIA-SMI 545.23.08              Driver Version: 545.23.08    CUDA Version: 12.3     |
|-----------------------------------------+----------------------+----------------------+
| GPU  Name                 Persistence-M | Bus-Id        Disp.A | Volatile Uncorr. ECC |
| Fan  Temp   Perf          Pwr:Usage/Cap |         Memory-Usage | GPU-Util  Compute M. |
|                                         |                      |               MIG M. |
|=========================================+======================+======================|
|   0  Tesla V100-SXM2-32GB           Off | 00000000:3B:00.0 Off |                    0 |
| N/A   37C    P0              56W / 300W |      0MiB / 32768MiB |      0%      Default |
|                                         |                      |                  N/A |
+-----------------------------------------+----------------------+----------------------+
                                                                                         
+---------------------------------------------------------------------------------------+
| Processes:                                                                            |
|  GPU   GI   CI        PID   Type   Process name                            GPU Memory |
|        ID   ID                                                             Usage      |
|=======================================================================================|
|  No running processes found                                                           |
+---------------------------------------------------------------------------------------+
/home/akula.ha/.conda/envs/refseg/lib/python3.10/site-packages/torch/distributed/launch.py:181: FutureWarning: The module torch.distributed.launch is deprecated
and will be removed in future. Use torchrun.
Note that --use-env is set by default in torchrun.
If your script expects `--local-rank` argument to be set, please
change it to read from `os.environ['LOCAL_RANK']` instead. See 
https://pytorch.org/docs/stable/distributed.html#launch-utility for 
further instructions

  warnings.warn(
| distributed init (rank 0): env://
Namespace(batch_size=8, epochs=50, model='ReMamber_Conv_PEFT', pretrain_path='./pretrain', input_size=480, drop=0.0, drop_path=0.1, model_ema=False, model_ema_decay=0.9999, model_ema_force_cpu=False, opt='adamw', opt_eps=1e-08, opt_betas=None, clip_grad=None, momentum=0.9, weight_decay=0.0001, sched='cosine', lr=9e-06, lr_decoder=5e-05, lr_backbone=2.5e-05, lr_vssm=2.5e-05, warmup_lr=1e-06, min_lr=1e-06, decay_epochs=30, warmup_epochs=0, cooldown_epochs=10, patience_epochs=10, decay_rate=0.1, train_mode=True, finetune='pretrain/ReMamber_Conv.pth', data_path='./ref_dataset/data', data_set='refzom', output_dir='./outputs', device='cuda', seed=0, resume='outputs/checkpoint_model:4cb71664.pth', start_epoch=0, eval=False, dist_eval=False, num_workers=8, pin_mem=True, distributed=True, world_size=1, dist_url='env://', if_amp=True, debug_mode=False, local_rank=0, model_title='model', logging='model', decoder_adapter=False, continue_lr=None, partial_freeze=False, single_epoch=False, lite_baseline=False, rank=0, gpu=0, dist_backend='nccl')
True val
./ref_dataset/data refzom zom
loading dataset refzom into memory...
creating index...
index created.
DONE (t=9.98s)
Preparing dataset ......
False val
./ref_dataset/data refzom zom
loading dataset refzom into memory...
creating index...
index created.
DONE (t=9.75s)
Preparing dataset ......
length of train set: 57624
length of val set: 15406
/home/akula.ha/.conda/envs/refseg/lib/python3.10/site-packages/torch/utils/data/dataloader.py:557: UserWarning: This DataLoader will create 8 worker processes in total. Our suggested max number of worker in current system is 1, which is smaller than what this DataLoader is going to create. Please be aware that excessive worker creation might get DataLoader running slow or even freeze, lower the worker number to avoid potential slowness/freeze if necessary.
  warnings.warn(_create_warning_msg(
Creating model: ReMamber_Conv_PEFT
kwargs {'use_adapters': False}
Training the full decoder
False
number of params: 17193760
Loaded checkpoint from 'outputs/checkpoint_model:4cb71664.pth'
Continuing training from epoch 8...
Model id is - model:f802c80f
length of train set: 45000
length of val set: 4000
Start training for 50 epochs
Learning rate: 9e-06
/home/akula.ha/.conda/envs/refseg/lib/python3.10/site-packages/torch/autograd/__init__.py:251: UserWarning: Grad strides do not match bucket view strides. This may indicate grad was not created according to the gradient layout contract, or that the param's strides changed since DDP was constructed.  This is not an error, but may impair performance.
grad.sizes() = [512, 768, 1, 1], strides() = [768, 1, 768, 768]
bucket_view.sizes() = [512, 768, 1, 1], strides() = [768, 1, 1, 1] (Triggered internally at ../torch/csrc/distributed/c10d/reducer.cpp:320.)
  Variable._execution_engine.run_backward(  # Calls into the C++ engine to run the backward pass
Epoch: [8]  [   0/5625]  eta: 1 day, 14:45:41  lr: 0.000009  train_loss: 0.1308 (0.1308)  train_iou: 0.8810 (0.8810)  time: 24.8074  data: 6.8026  max mem: 31302
Epoch: [8]  [  20/5625]  eta: 3:14:19  lr: 0.000009  train_loss: 0.1317 (0.1775)  train_iou: 0.6797 (0.6780)  time: 0.9438  data: 0.0006  max mem: 31302
Epoch: [8]  [  40/5625]  eta: 2:21:47  lr: 0.000009  train_loss: 0.1802 (0.1931)  train_iou: 0.6729 (0.6566)  time: 0.9387  data: 0.0004  max mem: 31302
Epoch: [8]  [  60/5625]  eta: 2:03:23  lr: 0.000009  train_loss: 0.2487 (0.2064)  train_iou: 0.6232 (0.6470)  time: 0.9348  data: 0.0004  max mem: 31302
Epoch: [8]  [  80/5625]  eta: 1:53:59  lr: 0.000009  train_loss: 0.1327 (0.2026)  train_iou: 0.6662 (0.6546)  time: 0.9376  data: 0.0004  max mem: 31302
Epoch: [8]  [ 100/5625]  eta: 1:48:05  lr: 0.000009  train_loss: 0.1572 (0.2041)  train_iou: 0.6636 (0.6551)  time: 0.9331  data: 0.0005  max mem: 31302
Epoch: [8]  [ 120/5625]  eta: 1:44:01  lr: 0.000009  train_loss: 0.1614 (0.2033)  train_iou: 0.6328 (0.6544)  time: 0.9311  data: 0.0004  max mem: 31302
Epoch: [8]  [ 140/5625]  eta: 1:41:06  lr: 0.000009  train_loss: 0.1238 (0.2050)  train_iou: 0.6468 (0.6474)  time: 0.9377  data: 0.0004  max mem: 31302
Epoch: [8]  [ 160/5625]  eta: 1:38:49  lr: 0.000009  train_loss: 0.1701 (0.2023)  train_iou: 0.6210 (0.6454)  time: 0.9365  data: 0.0005  max mem: 31302
Epoch: [8]  [ 180/5625]  eta: 1:36:54  lr: 0.000009  train_loss: 0.2687 (0.2143)  train_iou: 0.4752 (0.6352)  time: 0.9308  data: 0.0004  max mem: 31302
Epoch: [8]  [ 200/5625]  eta: 1:35:23  lr: 0.000009  train_loss: 0.1415 (0.2132)  train_iou: 0.7158 (0.6410)  time: 0.9389  data: 0.0005  max mem: 31302
Epoch: [8]  [ 220/5625]  eta: 1:33:58  lr: 0.000009  train_loss: 0.2456 (0.2165)  train_iou: 0.6631 (0.6455)  time: 0.9238  data: 0.0004  max mem: 31302
Epoch: [8]  [ 240/5625]  eta: 1:32:49  lr: 0.000009  train_loss: 0.1327 (0.2131)  train_iou: 0.6240 (0.6453)  time: 0.9357  data: 0.0004  max mem: 31302
Epoch: [8]  [ 260/5625]  eta: 1:31:52  lr: 0.000009  train_loss: 0.2190 (0.2168)  train_iou: 0.6233 (0.6458)  time: 0.9457  data: 0.0004  max mem: 31302
Epoch: [8]  [ 280/5625]  eta: 1:31:00  lr: 0.000009  train_loss: 0.1979 (0.2175)  train_iou: 0.6609 (0.6461)  time: 0.9447  data: 0.0004  max mem: 31302
Epoch: [8]  [ 300/5625]  eta: 1:30:12  lr: 0.000009  train_loss: 0.1285 (0.2140)  train_iou: 0.6330 (0.6461)  time: 0.9429  data: 0.0004  max mem: 31302
Epoch: [8]  [ 320/5625]  eta: 1:29:25  lr: 0.000009  train_loss: 0.1238 (0.2109)  train_iou: 0.6755 (0.6497)  time: 0.9367  data: 0.0005  max mem: 31302
Epoch: [8]  [ 340/5625]  eta: 1:28:42  lr: 0.000009  train_loss: 0.1157 (0.2084)  train_iou: 0.6689 (0.6498)  time: 0.9372  data: 0.0004  max mem: 31302
Epoch: [8]  [ 360/5625]  eta: 1:28:01  lr: 0.000009  train_loss: 0.1537 (0.2091)  train_iou: 0.6317 (0.6480)  time: 0.9368  data: 0.0005  max mem: 31302
Epoch: [8]  [ 380/5625]  eta: 1:27:23  lr: 0.000009  train_loss: 0.1503 (0.2110)  train_iou: 0.5882 (0.6460)  time: 0.9374  data: 0.0004  max mem: 31302
Epoch: [8]  [ 400/5625]  eta: 1:26:45  lr: 0.000009  train_loss: 0.1574 (0.2114)  train_iou: 0.6438 (0.6438)  time: 0.9319  data: 0.0005  max mem: 31302
Epoch: [8]  [ 420/5625]  eta: 1:26:12  lr: 0.000009  train_loss: 0.1497 (0.2099)  train_iou: 0.6689 (0.6448)  time: 0.9429  data: 0.0005  max mem: 31302
Epoch: [8]  [ 440/5625]  eta: 1:25:40  lr: 0.000009  train_loss: 0.2133 (0.2094)  train_iou: 0.6386 (0.6445)  time: 0.9428  data: 0.0004  max mem: 31302
Epoch: [8]  [ 460/5625]  eta: 1:25:09  lr: 0.000009  train_loss: 0.1183 (0.2077)  train_iou: 0.6076 (0.6434)  time: 0.9390  data: 0.0004  max mem: 31302
Epoch: [8]  [ 480/5625]  eta: 1:24:39  lr: 0.000009  train_loss: 0.1078 (0.2065)  train_iou: 0.6340 (0.6427)  time: 0.9414  data: 0.0005  max mem: 31302
Epoch: [8]  [ 500/5625]  eta: 1:24:09  lr: 0.000009  train_loss: 0.1318 (0.2075)  train_iou: 0.6592 (0.6431)  time: 0.9402  data: 0.0005  max mem: 31302
Epoch: [8]  [ 520/5625]  eta: 1:23:40  lr: 0.000009  train_loss: 0.1000 (0.2058)  train_iou: 0.6270 (0.6429)  time: 0.9355  data: 0.0005  max mem: 31302
Epoch: [8]  [ 540/5625]  eta: 1:23:11  lr: 0.000009  train_loss: 0.2001 (0.2051)  train_iou: 0.6599 (0.6435)  time: 0.9329  data: 0.0005  max mem: 31302
Epoch: [8]  [ 560/5625]  eta: 1:22:41  lr: 0.000009  train_loss: 0.1046 (0.2038)  train_iou: 0.6066 (0.6423)  time: 0.9276  data: 0.0004  max mem: 31302
Epoch: [8]  [ 580/5625]  eta: 1:22:12  lr: 0.000009  train_loss: 0.2172 (0.2042)  train_iou: 0.6730 (0.6433)  time: 0.9262  data: 0.0004  max mem: 31302
Epoch: [8]  [ 600/5625]  eta: 1:21:44  lr: 0.000009  train_loss: 0.1773 (0.2034)  train_iou: 0.6529 (0.6437)  time: 0.9241  data: 0.0004  max mem: 31302
Epoch: [8]  [ 620/5625]  eta: 1:21:15  lr: 0.000009  train_loss: 0.1659 (0.2039)  train_iou: 0.6780 (0.6449)  time: 0.9192  data: 0.0005  max mem: 31302
Epoch: [8]  [ 640/5625]  eta: 1:20:47  lr: 0.000009  train_loss: 0.1106 (0.2025)  train_iou: 0.6528 (0.6456)  time: 0.9193  data: 0.0005  max mem: 31302
Epoch: [8]  [ 660/5625]  eta: 1:20:19  lr: 0.000009  train_loss: 0.1309 (0.2036)  train_iou: 0.6206 (0.6451)  time: 0.9131  data: 0.0004  max mem: 31302
Epoch: [8]  [ 680/5625]  eta: 1:19:52  lr: 0.000009  train_loss: 0.1146 (0.2020)  train_iou: 0.6547 (0.6452)  time: 0.9177  data: 0.0005  max mem: 31302
Epoch: [8]  [ 700/5625]  eta: 1:19:26  lr: 0.000009  train_loss: 0.1428 (0.2022)  train_iou: 0.6211 (0.6446)  time: 0.9208  data: 0.0005  max mem: 31302
Epoch: [8]  [ 720/5625]  eta: 1:18:59  lr: 0.000009  train_loss: 0.1273 (0.2013)  train_iou: 0.6409 (0.6452)  time: 0.9185  data: 0.0004  max mem: 31302
Epoch: [8]  [ 740/5625]  eta: 1:18:33  lr: 0.000009  train_loss: 0.1689 (0.2019)  train_iou: 0.5847 (0.6445)  time: 0.9103  data: 0.0004  max mem: 31302
Epoch: [8]  [ 760/5625]  eta: 1:18:08  lr: 0.000009  train_loss: 0.1491 (0.2022)  train_iou: 0.6716 (0.6453)  time: 0.9224  data: 0.0005  max mem: 31302
Epoch: [8]  [ 780/5625]  eta: 1:17:43  lr: 0.000009  train_loss: 0.1392 (0.2025)  train_iou: 0.5855 (0.6439)  time: 0.9174  data: 0.0004  max mem: 31302
Epoch: [8]  [ 800/5625]  eta: 1:17:18  lr: 0.000009  train_loss: 0.1792 (0.2028)  train_iou: 0.6382 (0.6435)  time: 0.9155  data: 0.0005  max mem: 31302
Epoch: [8]  [ 820/5625]  eta: 1:16:55  lr: 0.000009  train_loss: 0.1403 (0.2026)  train_iou: 0.6287 (0.6427)  time: 0.9266  data: 0.0004  max mem: 31302
Epoch: [8]  [ 840/5625]  eta: 1:16:51  lr: 0.000009  train_loss: 0.1373 (0.2021)  train_iou: 0.7188 (0.6430)  time: 1.0960  data: 0.0004  max mem: 31302
Epoch: [8]  [ 860/5625]  eta: 1:16:27  lr: 0.000009  train_loss: 0.1248 (0.2029)  train_iou: 0.6288 (0.6425)  time: 0.9207  data: 0.0004  max mem: 31302
Epoch: [8]  [ 880/5625]  eta: 1:16:03  lr: 0.000009  train_loss: 0.1790 (0.2032)  train_iou: 0.6372 (0.6417)  time: 0.9170  data: 0.0005  max mem: 31302
Epoch: [8]  [ 900/5625]  eta: 1:15:39  lr: 0.000009  train_loss: 0.1595 (0.2033)  train_iou: 0.6306 (0.6414)  time: 0.9189  data: 0.0004  max mem: 31302
Epoch: [8]  [ 920/5625]  eta: 1:15:16  lr: 0.000009  train_loss: 0.1188 (0.2030)  train_iou: 0.6061 (0.6409)  time: 0.9239  data: 0.0004  max mem: 31302
Epoch: [8]  [ 940/5625]  eta: 1:14:53  lr: 0.000009  train_loss: 0.1327 (0.2026)  train_iou: 0.6700 (0.6415)  time: 0.9200  data: 0.0004  max mem: 31302
Epoch: [8]  [ 960/5625]  eta: 1:14:30  lr: 0.000009  train_loss: 0.2003 (0.2028)  train_iou: 0.6572 (0.6413)  time: 0.9160  data: 0.0005  max mem: 31302
Epoch: [8]  [ 980/5625]  eta: 1:14:06  lr: 0.000009  train_loss: 0.1479 (0.2025)  train_iou: 0.6367 (0.6413)  time: 0.9139  data: 0.0005  max mem: 31302
Epoch: [8]  [1000/5625]  eta: 1:13:44  lr: 0.000009  train_loss: 0.1627 (0.2023)  train_iou: 0.7062 (0.6422)  time: 0.9242  data: 0.0005  max mem: 31302
Epoch: [8]  [1020/5625]  eta: 1:13:22  lr: 0.000009  train_loss: 0.1543 (0.2019)  train_iou: 0.6614 (0.6424)  time: 0.9219  data: 0.0004  max mem: 31302
Epoch: [8]  [1040/5625]  eta: 1:12:59  lr: 0.000009  train_loss: 0.1438 (0.2024)  train_iou: 0.6316 (0.6420)  time: 0.9110  data: 0.0004  max mem: 31302
Epoch: [8]  [1060/5625]  eta: 1:12:36  lr: 0.000009  train_loss: 0.1188 (0.2017)  train_iou: 0.6852 (0.6429)  time: 0.9184  data: 0.0004  max mem: 31302
Epoch: [8]  [1080/5625]  eta: 1:12:14  lr: 0.000009  train_loss: 0.2171 (0.2018)  train_iou: 0.6219 (0.6426)  time: 0.9157  data: 0.0004  max mem: 31302
Epoch: [8]  [1100/5625]  eta: 1:11:52  lr: 0.000009  train_loss: 0.1853 (0.2021)  train_iou: 0.6095 (0.6420)  time: 0.9190  data: 0.0004  max mem: 31302
Epoch: [8]  [1120/5625]  eta: 1:11:30  lr: 0.000009  train_loss: 0.1481 (0.2018)  train_iou: 0.6428 (0.6424)  time: 0.9193  data: 0.0005  max mem: 31302
Epoch: [8]  [1140/5625]  eta: 1:11:09  lr: 0.000009  train_loss: 0.1221 (0.2016)  train_iou: 0.6443 (0.6421)  time: 0.9252  data: 0.0005  max mem: 31302
Epoch: [8]  [1160/5625]  eta: 1:10:47  lr: 0.000009  train_loss: 0.2040 (0.2027)  train_iou: 0.5980 (0.6415)  time: 0.9175  data: 0.0005  max mem: 31302
Epoch: [8]  [1180/5625]  eta: 1:10:26  lr: 0.000009  train_loss: 0.1331 (0.2023)  train_iou: 0.6196 (0.6415)  time: 0.9173  data: 0.0004  max mem: 31302
Epoch: [8]  [1200/5625]  eta: 1:10:05  lr: 0.000009  train_loss: 0.1331 (0.2025)  train_iou: 0.5821 (0.6411)  time: 0.9195  data: 0.0004  max mem: 31302
Epoch: [8]  [1220/5625]  eta: 1:09:44  lr: 0.000009  train_loss: 0.2118 (0.2031)  train_iou: 0.6045 (0.6404)  time: 0.9226  data: 0.0005  max mem: 31302
Epoch: [8]  [1240/5625]  eta: 1:09:23  lr: 0.000009  train_loss: 0.1467 (0.2031)  train_iou: 0.6273 (0.6403)  time: 0.9246  data: 0.0005  max mem: 31302
Epoch: [8]  [1260/5625]  eta: 1:09:02  lr: 0.000009  train_loss: 0.1650 (0.2032)  train_iou: 0.6624 (0.6403)  time: 0.9269  data: 0.0004  max mem: 31302
Epoch: [8]  [1280/5625]  eta: 1:08:42  lr: 0.000009  train_loss: 0.1962 (0.2034)  train_iou: 0.6950 (0.6410)  time: 0.9276  data: 0.0004  max mem: 31302
Epoch: [8]  [1300/5625]  eta: 1:08:21  lr: 0.000009  train_loss: 0.1923 (0.2033)  train_iou: 0.5849 (0.6405)  time: 0.9184  data: 0.0005  max mem: 31302
Epoch: [8]  [1320/5625]  eta: 1:08:00  lr: 0.000009  train_loss: 0.1234 (0.2029)  train_iou: 0.6004 (0.6399)  time: 0.9194  data: 0.0004  max mem: 31302
Epoch: [8]  [1340/5625]  eta: 1:07:39  lr: 0.000009  train_loss: 0.1124 (0.2022)  train_iou: 0.6497 (0.6397)  time: 0.9235  data: 0.0004  max mem: 31302
Epoch: [8]  [1360/5625]  eta: 1:07:19  lr: 0.000009  train_loss: 0.2431 (0.2026)  train_iou: 0.6234 (0.6393)  time: 0.9295  data: 0.0004  max mem: 31302
Epoch: [8]  [1380/5625]  eta: 1:07:00  lr: 0.000009  train_loss: 0.1091 (0.2032)  train_iou: 0.6314 (0.6392)  time: 0.9333  data: 0.0004  max mem: 31302
Epoch: [8]  [1400/5625]  eta: 1:06:39  lr: 0.000009  train_loss: 0.1646 (0.2036)  train_iou: 0.6399 (0.6391)  time: 0.9284  data: 0.0004  max mem: 31302
Epoch: [8]  [1420/5625]  eta: 1:06:20  lr: 0.000009  train_loss: 0.2410 (0.2042)  train_iou: 0.6470 (0.6385)  time: 0.9301  data: 0.0004  max mem: 31302
Epoch: [8]  [1440/5625]  eta: 1:05:59  lr: 0.000009  train_loss: 0.1740 (0.2052)  train_iou: 0.6392 (0.6388)  time: 0.9251  data: 0.0004  max mem: 31302
Epoch: [8]  [1460/5625]  eta: 1:05:40  lr: 0.000009  train_loss: 0.1345 (0.2050)  train_iou: 0.6826 (0.6394)  time: 0.9295  data: 0.0004  max mem: 31302
Epoch: [8]  [1480/5625]  eta: 1:05:20  lr: 0.000009  train_loss: 0.1509 (0.2049)  train_iou: 0.6568 (0.6395)  time: 0.9383  data: 0.0004  max mem: 31302
Epoch: [8]  [1500/5625]  eta: 1:05:01  lr: 0.000009  train_loss: 0.1706 (0.2047)  train_iou: 0.6553 (0.6396)  time: 0.9403  data: 0.0004  max mem: 31302
Epoch: [8]  [1520/5625]  eta: 1:04:41  lr: 0.000009  train_loss: 0.1685 (0.2050)  train_iou: 0.6294 (0.6396)  time: 0.9351  data: 0.0005  max mem: 31302
Epoch: [8]  [1540/5625]  eta: 1:04:21  lr: 0.000009  train_loss: 0.1358 (0.2046)  train_iou: 0.6555 (0.6395)  time: 0.9235  data: 0.0004  max mem: 31302
Epoch: [8]  [1560/5625]  eta: 1:04:01  lr: 0.000009  train_loss: 0.1387 (0.2049)  train_iou: 0.6511 (0.6397)  time: 0.9253  data: 0.0004  max mem: 31302
Epoch: [8]  [1580/5625]  eta: 1:03:42  lr: 0.000009  train_loss: 0.1774 (0.2047)  train_iou: 0.6688 (0.6400)  time: 0.9320  data: 0.0005  max mem: 31302
Epoch: [8]  [1600/5625]  eta: 1:03:22  lr: 0.000009  train_loss: 0.2152 (0.2046)  train_iou: 0.6189 (0.6401)  time: 0.9288  data: 0.0005  max mem: 31302
Epoch: [8]  [1620/5625]  eta: 1:03:03  lr: 0.000009  train_loss: 0.1283 (0.2044)  train_iou: 0.6747 (0.6404)  time: 0.9309  data: 0.0004  max mem: 31302
Epoch: [8]  [1640/5625]  eta: 1:02:43  lr: 0.000009  train_loss: 0.1710 (0.2052)  train_iou: 0.6750 (0.6407)  time: 0.9334  data: 0.0005  max mem: 31302
Epoch: [8]  [1660/5625]  eta: 1:02:24  lr: 0.000009  train_loss: 0.1732 (0.2058)  train_iou: 0.6869 (0.6414)  time: 0.9342  data: 0.0005  max mem: 31302
Epoch: [8]  [1680/5625]  eta: 1:02:04  lr: 0.000009  train_loss: 0.1310 (0.2052)  train_iou: 0.7216 (0.6423)  time: 0.9343  data: 0.0004  max mem: 31302
Epoch: [8]  [1700/5625]  eta: 1:01:45  lr: 0.000009  train_loss: 0.1267 (0.2046)  train_iou: 0.6770 (0.6426)  time: 0.9330  data: 0.0004  max mem: 31302
Epoch: [8]  [1720/5625]  eta: 1:01:26  lr: 0.000009  train_loss: 0.1582 (0.2043)  train_iou: 0.6254 (0.6423)  time: 0.9342  data: 0.0004  max mem: 31302
Epoch: [8]  [1740/5625]  eta: 1:01:07  lr: 0.000009  train_loss: 0.1638 (0.2042)  train_iou: 0.6109 (0.6422)  time: 0.9382  data: 0.0004  max mem: 31302
Epoch: [8]  [1760/5625]  eta: 1:00:47  lr: 0.000009  train_loss: 0.1223 (0.2039)  train_iou: 0.6711 (0.6424)  time: 0.9373  data: 0.0004  max mem: 31302
Epoch: [8]  [1780/5625]  eta: 1:00:28  lr: 0.000009  train_loss: 0.1305 (0.2034)  train_iou: 0.6668 (0.6426)  time: 0.9354  data: 0.0004  max mem: 31302
Epoch: [8]  [1800/5625]  eta: 1:00:09  lr: 0.000009  train_loss: 0.1353 (0.2037)  train_iou: 0.6462 (0.6426)  time: 0.9325  data: 0.0004  max mem: 31302
Epoch: [8]  [1820/5625]  eta: 0:59:50  lr: 0.000009  train_loss: 0.1560 (0.2033)  train_iou: 0.6519 (0.6428)  time: 0.9366  data: 0.0004  max mem: 31302
Epoch: [8]  [1840/5625]  eta: 0:59:30  lr: 0.000009  train_loss: 0.2196 (0.2039)  train_iou: 0.6037 (0.6423)  time: 0.9243  data: 0.0004  max mem: 31302
Epoch: [8]  [1860/5625]  eta: 0:59:11  lr: 0.000009  train_loss: 0.1293 (0.2040)  train_iou: 0.6493 (0.6422)  time: 0.9395  data: 0.0005  max mem: 31302
Epoch: [8]  [1880/5625]  eta: 0:58:52  lr: 0.000009  train_loss: 0.1446 (0.2037)  train_iou: 0.6366 (0.6424)  time: 0.9365  data: 0.0004  max mem: 31302
Epoch: [8]  [1900/5625]  eta: 0:58:33  lr: 0.000009  train_loss: 0.1920 (0.2041)  train_iou: 0.5720 (0.6419)  time: 0.9346  data: 0.0004  max mem: 31302
Epoch: [8]  [1920/5625]  eta: 0:58:13  lr: 0.000009  train_loss: 0.1412 (0.2040)  train_iou: 0.6881 (0.6421)  time: 0.9330  data: 0.0005  max mem: 31302
Epoch: [8]  [1940/5625]  eta: 0:57:54  lr: 0.000009  train_loss: 0.1328 (0.2039)  train_iou: 0.6841 (0.6424)  time: 0.9363  data: 0.0004  max mem: 31302
Epoch: [8]  [1960/5625]  eta: 0:57:35  lr: 0.000009  train_loss: 0.1627 (0.2041)  train_iou: 0.6521 (0.6423)  time: 0.9322  data: 0.0004  max mem: 31302
Epoch: [8]  [1980/5625]  eta: 0:57:16  lr: 0.000009  train_loss: 0.2012 (0.2042)  train_iou: 0.6974 (0.6427)  time: 0.9415  data: 0.0006  max mem: 31302
Epoch: [8]  [2000/5625]  eta: 0:56:57  lr: 0.000009  train_loss: 0.1111 (0.2041)  train_iou: 0.6644 (0.6428)  time: 0.9354  data: 0.0004  max mem: 31302
Epoch: [8]  [2020/5625]  eta: 0:56:38  lr: 0.000009  train_loss: 0.1145 (0.2035)  train_iou: 0.6626 (0.6431)  time: 0.9329  data: 0.0004  max mem: 31302
Epoch: [8]  [2040/5625]  eta: 0:56:18  lr: 0.000009  train_loss: 0.1400 (0.2033)  train_iou: 0.6659 (0.6435)  time: 0.9318  data: 0.0004  max mem: 31302
Epoch: [8]  [2060/5625]  eta: 0:55:59  lr: 0.000009  train_loss: 0.1209 (0.2027)  train_iou: 0.7202 (0.6442)  time: 0.9313  data: 0.0005  max mem: 31302
Epoch: [8]  [2080/5625]  eta: 0:55:40  lr: 0.000009  train_loss: 0.1028 (0.2025)  train_iou: 0.6259 (0.6438)  time: 0.9233  data: 0.0004  max mem: 31302
Epoch: [8]  [2100/5625]  eta: 0:55:21  lr: 0.000009  train_loss: 0.1548 (0.2024)  train_iou: 0.6225 (0.6436)  time: 0.9339  data: 0.0004  max mem: 31302
Epoch: [8]  [2120/5625]  eta: 0:55:02  lr: 0.000009  train_loss: 0.1619 (0.2024)  train_iou: 0.6299 (0.6437)  time: 0.9444  data: 0.0005  max mem: 31302
Epoch: [8]  [2140/5625]  eta: 0:54:43  lr: 0.000009  train_loss: 0.1889 (0.2027)  train_iou: 0.5941 (0.6435)  time: 0.9332  data: 0.0004  max mem: 31302
Epoch: [8]  [2160/5625]  eta: 0:54:29  lr: 0.000009  train_loss: 0.1407 (0.2029)  train_iou: 0.6165 (0.6433)  time: 1.0997  data: 0.0004  max mem: 31302
Epoch: [8]  [2180/5625]  eta: 0:54:10  lr: 0.000009  train_loss: 0.1813 (0.2029)  train_iou: 0.6347 (0.6431)  time: 0.9409  data: 0.0005  max mem: 31302
Epoch: [8]  [2200/5625]  eta: 0:53:51  lr: 0.000009  train_loss: 0.1549 (0.2031)  train_iou: 0.6387 (0.6430)  time: 0.9457  data: 0.0005  max mem: 31302
Epoch: [8]  [2220/5625]  eta: 0:53:32  lr: 0.000009  train_loss: 0.1479 (0.2030)  train_iou: 0.6427 (0.6431)  time: 0.9465  data: 0.0004  max mem: 31302
Epoch: [8]  [2240/5625]  eta: 0:53:13  lr: 0.000009  train_loss: 0.1701 (0.2035)  train_iou: 0.6053 (0.6429)  time: 0.9376  data: 0.0005  max mem: 31302
Epoch: [8]  [2260/5625]  eta: 0:52:54  lr: 0.000009  train_loss: 0.1781 (0.2036)  train_iou: 0.6532 (0.6429)  time: 0.9408  data: 0.0004  max mem: 31302
Epoch: [8]  [2280/5625]  eta: 0:52:35  lr: 0.000009  train_loss: 0.1318 (0.2037)  train_iou: 0.6293 (0.6427)  time: 0.9415  data: 0.0004  max mem: 31302
Epoch: [8]  [2300/5625]  eta: 0:52:17  lr: 0.000009  train_loss: 0.1167 (0.2032)  train_iou: 0.6177 (0.6428)  time: 0.9407  data: 0.0005  max mem: 31302
Epoch: [8]  [2320/5625]  eta: 0:51:58  lr: 0.000009  train_loss: 0.1180 (0.2029)  train_iou: 0.6750 (0.6431)  time: 0.9414  data: 0.0005  max mem: 31302
Epoch: [8]  [2340/5625]  eta: 0:51:39  lr: 0.000009  train_loss: 0.1141 (0.2023)  train_iou: 0.6407 (0.6432)  time: 0.9462  data: 0.0004  max mem: 31302
Epoch: [8]  [2360/5625]  eta: 0:51:20  lr: 0.000009  train_loss: 0.1290 (0.2020)  train_iou: 0.7443 (0.6433)  time: 0.9427  data: 0.0004  max mem: 31302
Epoch: [8]  [2380/5625]  eta: 0:51:01  lr: 0.000009  train_loss: 0.1349 (0.2020)  train_iou: 0.6173 (0.6432)  time: 0.9429  data: 0.0004  max mem: 31302
Epoch: [8]  [2400/5625]  eta: 0:50:42  lr: 0.000009  train_loss: 0.1312 (0.2018)  train_iou: 0.7062 (0.6435)  time: 0.9336  data: 0.0004  max mem: 31302
Epoch: [8]  [2420/5625]  eta: 0:50:23  lr: 0.000009  train_loss: 0.1697 (0.2016)  train_iou: 0.6797 (0.6437)  time: 0.9353  data: 0.0004  max mem: 31302
Epoch: [8]  [2440/5625]  eta: 0:50:04  lr: 0.000009  train_loss: 0.1515 (0.2017)  train_iou: 0.6851 (0.6440)  time: 0.9317  data: 0.0004  max mem: 31302
Epoch: [8]  [2460/5625]  eta: 0:49:45  lr: 0.000009  train_loss: 0.1423 (0.2015)  train_iou: 0.6563 (0.6441)  time: 0.9460  data: 0.0004  max mem: 31302
Epoch: [8]  [2480/5625]  eta: 0:49:26  lr: 0.000009  train_loss: 0.2007 (0.2021)  train_iou: 0.6419 (0.6437)  time: 0.9494  data: 0.0004  max mem: 31302
Epoch: [8]  [2500/5625]  eta: 0:49:07  lr: 0.000009  train_loss: 0.1090 (0.2017)  train_iou: 0.6615 (0.6436)  time: 0.9452  data: 0.0004  max mem: 31302
Epoch: [8]  [2520/5625]  eta: 0:48:48  lr: 0.000009  train_loss: 0.1338 (0.2016)  train_iou: 0.6151 (0.6432)  time: 0.9419  data: 0.0004  max mem: 31302
Epoch: [8]  [2540/5625]  eta: 0:48:30  lr: 0.000009  train_loss: 0.1465 (0.2016)  train_iou: 0.6555 (0.6434)  time: 0.9425  data: 0.0004  max mem: 31302
Epoch: [8]  [2560/5625]  eta: 0:48:10  lr: 0.000009  train_loss: 0.1486 (0.2015)  train_iou: 0.5642 (0.6431)  time: 0.9263  data: 0.0004  max mem: 31302
Epoch: [8]  [2580/5625]  eta: 0:47:51  lr: 0.000009  train_loss: 0.1356 (0.2016)  train_iou: 0.6776 (0.6432)  time: 0.9470  data: 0.0005  max mem: 31302
Epoch: [8]  [2600/5625]  eta: 0:47:32  lr: 0.000009  train_loss: 0.2101 (0.2019)  train_iou: 0.6414 (0.6432)  time: 0.9339  data: 0.0004  max mem: 31302
Epoch: [8]  [2620/5625]  eta: 0:47:14  lr: 0.000009  train_loss: 0.1369 (0.2017)  train_iou: 0.6382 (0.6433)  time: 0.9471  data: 0.0004  max mem: 31302
Epoch: [8]  [2640/5625]  eta: 0:46:55  lr: 0.000009  train_loss: 0.1768 (0.2020)  train_iou: 0.5759 (0.6430)  time: 0.9430  data: 0.0004  max mem: 31302
Epoch: [8]  [2660/5625]  eta: 0:46:36  lr: 0.000009  train_loss: 0.1454 (0.2021)  train_iou: 0.6505 (0.6431)  time: 0.9396  data: 0.0005  max mem: 31302
Epoch: [8]  [2680/5625]  eta: 0:46:17  lr: 0.000009  train_loss: 0.1974 (0.2020)  train_iou: 0.6212 (0.6429)  time: 0.9383  data: 0.0005  max mem: 31302
Epoch: [8]  [2700/5625]  eta: 0:45:58  lr: 0.000009  train_loss: 0.1403 (0.2020)  train_iou: 0.7362 (0.6430)  time: 0.9389  data: 0.0004  max mem: 31302
Epoch: [8]  [2720/5625]  eta: 0:45:39  lr: 0.000009  train_loss: 0.1606 (0.2022)  train_iou: 0.6773 (0.6431)  time: 0.9370  data: 0.0005  max mem: 31302
Epoch: [8]  [2740/5625]  eta: 0:45:20  lr: 0.000009  train_loss: 0.0955 (0.2020)  train_iou: 0.6732 (0.6430)  time: 0.9422  data: 0.0004  max mem: 31302
Epoch: [8]  [2760/5625]  eta: 0:45:01  lr: 0.000009  train_loss: 0.1223 (0.2021)  train_iou: 0.6326 (0.6431)  time: 0.9448  data: 0.0004  max mem: 31302
Epoch: [8]  [2780/5625]  eta: 0:44:42  lr: 0.000009  train_loss: 0.1593 (0.2022)  train_iou: 0.6948 (0.6435)  time: 0.9497  data: 0.0004  max mem: 31302
Epoch: [8]  [2800/5625]  eta: 0:44:24  lr: 0.000009  train_loss: 0.1875 (0.2026)  train_iou: 0.5729 (0.6430)  time: 0.9462  data: 0.0005  max mem: 31302
Epoch: [8]  [2820/5625]  eta: 0:44:05  lr: 0.000009  train_loss: 0.2069 (0.2027)  train_iou: 0.5924 (0.6425)  time: 0.9446  data: 0.0004  max mem: 31302
Epoch: [8]  [2840/5625]  eta: 0:43:46  lr: 0.000009  train_loss: 0.1899 (0.2028)  train_iou: 0.6252 (0.6425)  time: 0.9402  data: 0.0004  max mem: 31302
Epoch: [8]  [2860/5625]  eta: 0:43:27  lr: 0.000009  train_loss: 0.1080 (0.2025)  train_iou: 0.7275 (0.6429)  time: 0.9357  data: 0.0004  max mem: 31302
Epoch: [8]  [2880/5625]  eta: 0:43:08  lr: 0.000009  train_loss: 0.1042 (0.2024)  train_iou: 0.6817 (0.6434)  time: 0.9258  data: 0.0005  max mem: 31302
Epoch: [8]  [2900/5625]  eta: 0:42:49  lr: 0.000009  train_loss: 0.1630 (0.2024)  train_iou: 0.6141 (0.6432)  time: 0.9346  data: 0.0004  max mem: 31302
Epoch: [8]  [2920/5625]  eta: 0:42:30  lr: 0.000009  train_loss: 0.1227 (0.2024)  train_iou: 0.6715 (0.6436)  time: 0.9253  data: 0.0005  max mem: 31302
Epoch: [8]  [2940/5625]  eta: 0:42:11  lr: 0.000009  train_loss: 0.1242 (0.2024)  train_iou: 0.6065 (0.6433)  time: 0.9334  data: 0.0004  max mem: 31302
Epoch: [8]  [2960/5625]  eta: 0:41:51  lr: 0.000009  train_loss: 0.1674 (0.2024)  train_iou: 0.5761 (0.6429)  time: 0.9291  data: 0.0004  max mem: 31302
Epoch: [8]  [2980/5625]  eta: 0:41:32  lr: 0.000009  train_loss: 0.1747 (0.2024)  train_iou: 0.6298 (0.6429)  time: 0.9214  data: 0.0004  max mem: 31302
Epoch: [8]  [3000/5625]  eta: 0:41:13  lr: 0.000009  train_loss: 0.1304 (0.2027)  train_iou: 0.6422 (0.6429)  time: 0.9316  data: 0.0005  max mem: 31302
Epoch: [8]  [3020/5625]  eta: 0:40:54  lr: 0.000009  train_loss: 0.1460 (0.2028)  train_iou: 0.6582 (0.6430)  time: 0.9344  data: 0.0004  max mem: 31302
Epoch: [8]  [3040/5625]  eta: 0:40:35  lr: 0.000009  train_loss: 0.1631 (0.2028)  train_iou: 0.6170 (0.6427)  time: 0.9301  data: 0.0004  max mem: 31302
Epoch: [8]  [3060/5625]  eta: 0:40:16  lr: 0.000009  train_loss: 0.1492 (0.2032)  train_iou: 0.5911 (0.6425)  time: 0.9283  data: 0.0004  max mem: 31302
Epoch: [8]  [3080/5625]  eta: 0:39:57  lr: 0.000009  train_loss: 0.1578 (0.2033)  train_iou: 0.6662 (0.6425)  time: 0.9254  data: 0.0004  max mem: 31302
Epoch: [8]  [3100/5625]  eta: 0:39:38  lr: 0.000009  train_loss: 0.1708 (0.2034)  train_iou: 0.5995 (0.6425)  time: 0.9306  data: 0.0004  max mem: 31302
Epoch: [8]  [3120/5625]  eta: 0:39:19  lr: 0.000009  train_loss: 0.1205 (0.2031)  train_iou: 0.6524 (0.6426)  time: 0.9288  data: 0.0004  max mem: 31302
Epoch: [8]  [3140/5625]  eta: 0:39:00  lr: 0.000009  train_loss: 0.1946 (0.2032)  train_iou: 0.6690 (0.6426)  time: 0.9318  data: 0.0004  max mem: 31302
Epoch: [8]  [3160/5625]  eta: 0:38:41  lr: 0.000009  train_loss: 0.2485 (0.2038)  train_iou: 0.6223 (0.6425)  time: 0.9252  data: 0.0004  max mem: 31302
Epoch: [8]  [3180/5625]  eta: 0:38:22  lr: 0.000009  train_loss: 0.1644 (0.2038)  train_iou: 0.6980 (0.6427)  time: 0.9193  data: 0.0004  max mem: 31302
Epoch: [8]  [3200/5625]  eta: 0:38:02  lr: 0.000009  train_loss: 0.1874 (0.2038)  train_iou: 0.6729 (0.6428)  time: 0.9171  data: 0.0005  max mem: 31302
Epoch: [8]  [3220/5625]  eta: 0:37:43  lr: 0.000009  train_loss: 0.2436 (0.2041)  train_iou: 0.5552 (0.6426)  time: 0.9247  data: 0.0004  max mem: 31302
Epoch: [8]  [3240/5625]  eta: 0:37:24  lr: 0.000009  train_loss: 0.1806 (0.2044)  train_iou: 0.6438 (0.6427)  time: 0.9270  data: 0.0004  max mem: 31302
Epoch: [8]  [3260/5625]  eta: 0:37:05  lr: 0.000009  train_loss: 0.1277 (0.2043)  train_iou: 0.6827 (0.6429)  time: 0.9255  data: 0.0004  max mem: 31302
Epoch: [8]  [3280/5625]  eta: 0:36:46  lr: 0.000009  train_loss: 0.1172 (0.2041)  train_iou: 0.6788 (0.6431)  time: 0.9237  data: 0.0004  max mem: 31302
Epoch: [8]  [3300/5625]  eta: 0:36:27  lr: 0.000009  train_loss: 0.1630 (0.2043)  train_iou: 0.6562 (0.6432)  time: 0.9226  data: 0.0004  max mem: 31302
Epoch: [8]  [3320/5625]  eta: 0:36:08  lr: 0.000009  train_loss: 0.1365 (0.2042)  train_iou: 0.5670 (0.6429)  time: 0.9238  data: 0.0004  max mem: 31302
Epoch: [8]  [3340/5625]  eta: 0:35:49  lr: 0.000009  train_loss: 0.1574 (0.2041)  train_iou: 0.6819 (0.6430)  time: 0.9298  data: 0.0004  max mem: 31302
Epoch: [8]  [3360/5625]  eta: 0:35:30  lr: 0.000009  train_loss: 0.1696 (0.2041)  train_iou: 0.6998 (0.6433)  time: 0.9260  data: 0.0004  max mem: 31302
Epoch: [8]  [3380/5625]  eta: 0:35:11  lr: 0.000009  train_loss: 0.1894 (0.2041)  train_iou: 0.6357 (0.6433)  time: 0.9345  data: 0.0004  max mem: 31302
Epoch: [8]  [3400/5625]  eta: 0:34:52  lr: 0.000009  train_loss: 0.1814 (0.2042)  train_iou: 0.6604 (0.6434)  time: 0.9369  data: 0.0004  max mem: 31302
Epoch: [8]  [3420/5625]  eta: 0:34:33  lr: 0.000009  train_loss: 0.1414 (0.2041)  train_iou: 0.6539 (0.6435)  time: 0.9369  data: 0.0005  max mem: 31302
Epoch: [8]  [3440/5625]  eta: 0:34:14  lr: 0.000009  train_loss: 0.2296 (0.2044)  train_iou: 0.6427 (0.6434)  time: 0.9298  data: 0.0004  max mem: 31302
Epoch: [8]  [3460/5625]  eta: 0:33:56  lr: 0.000009  train_loss: 0.1344 (0.2042)  train_iou: 0.6212 (0.6433)  time: 0.9443  data: 0.0004  max mem: 31302
Epoch: [8]  [3480/5625]  eta: 0:33:37  lr: 0.000009  train_loss: 0.1400 (0.2040)  train_iou: 0.6842 (0.6435)  time: 0.9406  data: 0.0004  max mem: 31302
Epoch: [8]  [3500/5625]  eta: 0:33:20  lr: 0.000009  train_loss: 0.2299 (0.2041)  train_iou: 0.5792 (0.6433)  time: 1.0955  data: 0.0004  max mem: 31302
Epoch: [8]  [3520/5625]  eta: 0:33:01  lr: 0.000009  train_loss: 0.1343 (0.2040)  train_iou: 0.5594 (0.6431)  time: 0.9262  data: 0.0004  max mem: 31302
Epoch: [8]  [3540/5625]  eta: 0:32:42  lr: 0.000009  train_loss: 0.1632 (0.2041)  train_iou: 0.6615 (0.6432)  time: 0.9391  data: 0.0004  max mem: 31302
Epoch: [8]  [3560/5625]  eta: 0:32:23  lr: 0.000009  train_loss: 0.1281 (0.2042)  train_iou: 0.5542 (0.6428)  time: 0.9236  data: 0.0004  max mem: 31302
Epoch: [8]  [3580/5625]  eta: 0:32:04  lr: 0.000009  train_loss: 0.1561 (0.2044)  train_iou: 0.7512 (0.6431)  time: 0.9372  data: 0.0004  max mem: 31302
Epoch: [8]  [3600/5625]  eta: 0:31:45  lr: 0.000009  train_loss: 0.2240 (0.2046)  train_iou: 0.5633 (0.6428)  time: 0.9424  data: 0.0004  max mem: 31302
Epoch: [8]  [3620/5625]  eta: 0:31:27  lr: 0.000009  train_loss: 0.1893 (0.2046)  train_iou: 0.6437 (0.6427)  time: 0.9424  data: 0.0004  max mem: 31302
Epoch: [8]  [3640/5625]  eta: 0:31:08  lr: 0.000009  train_loss: 0.1443 (0.2046)  train_iou: 0.6302 (0.6429)  time: 0.9310  data: 0.0004  max mem: 31302
Epoch: [8]  [3660/5625]  eta: 0:30:49  lr: 0.000009  train_loss: 0.1479 (0.2047)  train_iou: 0.6639 (0.6431)  time: 0.9363  data: 0.0004  max mem: 31302
Epoch: [8]  [3680/5625]  eta: 0:30:30  lr: 0.000009  train_loss: 0.1168 (0.2045)  train_iou: 0.6270 (0.6430)  time: 0.9315  data: 0.0004  max mem: 31302
Epoch: [8]  [3700/5625]  eta: 0:30:11  lr: 0.000009  train_loss: 0.1515 (0.2046)  train_iou: 0.5563 (0.6428)  time: 0.9418  data: 0.0004  max mem: 31302
Epoch: [8]  [3720/5625]  eta: 0:29:52  lr: 0.000009  train_loss: 0.1646 (0.2045)  train_iou: 0.6487 (0.6428)  time: 0.9289  data: 0.0004  max mem: 31302
Epoch: [8]  [3740/5625]  eta: 0:29:33  lr: 0.000009  train_loss: 0.1955 (0.2046)  train_iou: 0.6136 (0.6426)  time: 0.9289  data: 0.0004  max mem: 31302
Epoch: [8]  [3760/5625]  eta: 0:29:14  lr: 0.000009  train_loss: 0.1428 (0.2045)  train_iou: 0.6368 (0.6424)  time: 0.9334  data: 0.0004  max mem: 31302
Epoch: [8]  [3780/5625]  eta: 0:28:55  lr: 0.000009  train_loss: 0.1601 (0.2045)  train_iou: 0.6818 (0.6426)  time: 0.9375  data: 0.0005  max mem: 31302
Epoch: [8]  [3800/5625]  eta: 0:28:37  lr: 0.000009  train_loss: 0.1809 (0.2043)  train_iou: 0.6470 (0.6425)  time: 0.9370  data: 0.0004  max mem: 31302
Epoch: [8]  [3820/5625]  eta: 0:28:18  lr: 0.000009  train_loss: 0.1377 (0.2043)  train_iou: 0.6801 (0.6428)  time: 0.9361  data: 0.0004  max mem: 31302
Epoch: [8]  [3840/5625]  eta: 0:27:59  lr: 0.000009  train_loss: 0.2002 (0.2044)  train_iou: 0.6470 (0.6428)  time: 0.9366  data: 0.0005  max mem: 31302
Epoch: [8]  [3860/5625]  eta: 0:27:40  lr: 0.000009  train_loss: 0.1989 (0.2045)  train_iou: 0.6690 (0.6428)  time: 0.9339  data: 0.0004  max mem: 31302
Epoch: [8]  [3880/5625]  eta: 0:27:21  lr: 0.000009  train_loss: 0.1910 (0.2046)  train_iou: 0.6404 (0.6427)  time: 0.9319  data: 0.0004  max mem: 31302
Epoch: [8]  [3900/5625]  eta: 0:27:02  lr: 0.000009  train_loss: 0.1108 (0.2044)  train_iou: 0.6708 (0.6430)  time: 0.9352  data: 0.0004  max mem: 31302
Epoch: [8]  [3920/5625]  eta: 0:26:43  lr: 0.000009  train_loss: 0.1481 (0.2045)  train_iou: 0.6133 (0.6429)  time: 0.9341  data: 0.0004  max mem: 31302
Epoch: [8]  [3940/5625]  eta: 0:26:25  lr: 0.000009  train_loss: 0.1232 (0.2042)  train_iou: 0.6795 (0.6431)  time: 0.9395  data: 0.0004  max mem: 31302
Epoch: [8]  [3960/5625]  eta: 0:26:06  lr: 0.000009  train_loss: 0.1780 (0.2043)  train_iou: 0.6278 (0.6430)  time: 0.9374  data: 0.0004  max mem: 31302
Epoch: [8]  [3980/5625]  eta: 0:25:47  lr: 0.000009  train_loss: 0.1406 (0.2043)  train_iou: 0.6598 (0.6429)  time: 0.9382  data: 0.0004  max mem: 31302
Epoch: [8]  [4000/5625]  eta: 0:25:28  lr: 0.000009  train_loss: 0.1686 (0.2044)  train_iou: 0.6368 (0.6429)  time: 0.9431  data: 0.0005  max mem: 31302
Epoch: [8]  [4020/5625]  eta: 0:25:09  lr: 0.000009  train_loss: 0.1710 (0.2044)  train_iou: 0.6047 (0.6428)  time: 0.9471  data: 0.0004  max mem: 31302
Epoch: [8]  [4040/5625]  eta: 0:24:50  lr: 0.000009  train_loss: 0.1931 (0.2045)  train_iou: 0.6302 (0.6426)  time: 0.9319  data: 0.0004  max mem: 31302
Epoch: [8]  [4060/5625]  eta: 0:24:32  lr: 0.000009  train_loss: 0.1505 (0.2045)  train_iou: 0.6502 (0.6426)  time: 0.9382  data: 0.0004  max mem: 31302
Epoch: [8]  [4080/5625]  eta: 0:24:13  lr: 0.000009  train_loss: 0.1361 (0.2045)  train_iou: 0.6481 (0.6426)  time: 0.9333  data: 0.0004  max mem: 31302
Epoch: [8]  [4100/5625]  eta: 0:23:54  lr: 0.000009  train_loss: 0.1384 (0.2045)  train_iou: 0.6623 (0.6427)  time: 0.9413  data: 0.0004  max mem: 31302
Epoch: [8]  [4120/5625]  eta: 0:23:35  lr: 0.000009  train_loss: 0.1668 (0.2046)  train_iou: 0.6549 (0.6426)  time: 0.9383  data: 0.0004  max mem: 31302
Epoch: [8]  [4140/5625]  eta: 0:23:16  lr: 0.000009  train_loss: 0.1548 (0.2046)  train_iou: 0.6747 (0.6427)  time: 0.9490  data: 0.0004  max mem: 31302
Epoch: [8]  [4160/5625]  eta: 0:22:58  lr: 0.000009  train_loss: 0.1903 (0.2045)  train_iou: 0.6735 (0.6428)  time: 0.9430  data: 0.0004  max mem: 31302
Epoch: [8]  [4180/5625]  eta: 0:22:39  lr: 0.000009  train_loss: 0.1571 (0.2047)  train_iou: 0.6150 (0.6427)  time: 0.9427  data: 0.0004  max mem: 31302
Epoch: [8]  [4200/5625]  eta: 0:22:20  lr: 0.000009  train_loss: 0.2039 (0.2048)  train_iou: 0.6614 (0.6428)  time: 0.9381  data: 0.0004  max mem: 31302
Epoch: [8]  [4220/5625]  eta: 0:22:01  lr: 0.000009  train_loss: 0.2041 (0.2051)  train_iou: 0.7010 (0.6430)  time: 0.9443  data: 0.0004  max mem: 31302
Epoch: [8]  [4240/5625]  eta: 0:21:42  lr: 0.000009  train_loss: 0.1839 (0.2053)  train_iou: 0.7420 (0.6434)  time: 0.9427  data: 0.0004  max mem: 31302
Epoch: [8]  [4260/5625]  eta: 0:21:24  lr: 0.000009  train_loss: 0.1403 (0.2053)  train_iou: 0.6139 (0.6433)  time: 0.9513  data: 0.0004  max mem: 31302
Epoch: [8]  [4280/5625]  eta: 0:21:05  lr: 0.000009  train_loss: 0.1795 (0.2054)  train_iou: 0.5812 (0.6432)  time: 0.9482  data: 0.0005  max mem: 31302
Epoch: [8]  [4300/5625]  eta: 0:20:46  lr: 0.000009  train_loss: 0.1950 (0.2056)  train_iou: 0.6162 (0.6431)  time: 0.9390  data: 0.0004  max mem: 31302
Epoch: [8]  [4320/5625]  eta: 0:20:27  lr: 0.000009  train_loss: 0.1678 (0.2055)  train_iou: 0.6421 (0.6430)  time: 0.9428  data: 0.0004  max mem: 31302
Epoch: [8]  [4340/5625]  eta: 0:20:08  lr: 0.000009  train_loss: 0.1431 (0.2053)  train_iou: 0.6293 (0.6430)  time: 0.9420  data: 0.0005  max mem: 31302
Epoch: [8]  [4360/5625]  eta: 0:19:50  lr: 0.000009  train_loss: 0.1747 (0.2054)  train_iou: 0.6107 (0.6428)  time: 0.9428  data: 0.0005  max mem: 31302
Epoch: [8]  [4380/5625]  eta: 0:19:31  lr: 0.000009  train_loss: 0.1442 (0.2054)  train_iou: 0.6676 (0.6429)  time: 0.9362  data: 0.0004  max mem: 31302
Epoch: [8]  [4400/5625]  eta: 0:19:12  lr: 0.000009  train_loss: 0.1842 (0.2054)  train_iou: 0.6606 (0.6430)  time: 0.9403  data: 0.0004  max mem: 31302
Epoch: [8]  [4420/5625]  eta: 0:18:53  lr: 0.000009  train_loss: 0.1836 (0.2055)  train_iou: 0.6556 (0.6429)  time: 0.9410  data: 0.0004  max mem: 31302
Epoch: [8]  [4440/5625]  eta: 0:18:34  lr: 0.000009  train_loss: 0.1910 (0.2055)  train_iou: 0.6377 (0.6427)  time: 0.9431  data: 0.0004  max mem: 31302
Epoch: [8]  [4460/5625]  eta: 0:18:16  lr: 0.000009  train_loss: 0.1491 (0.2054)  train_iou: 0.6545 (0.6428)  time: 0.9520  data: 0.0004  max mem: 31302
Epoch: [8]  [4480/5625]  eta: 0:17:57  lr: 0.000009  train_loss: 0.1117 (0.2051)  train_iou: 0.6628 (0.6429)  time: 0.9408  data: 0.0004  max mem: 31302
Epoch: [8]  [4500/5625]  eta: 0:17:38  lr: 0.000009  train_loss: 0.2184 (0.2053)  train_iou: 0.6367 (0.6429)  time: 0.9438  data: 0.0004  max mem: 31302
Epoch: [8]  [4520/5625]  eta: 0:17:19  lr: 0.000009  train_loss: 0.1475 (0.2052)  train_iou: 0.5998 (0.6427)  time: 0.9333  data: 0.0004  max mem: 31302
Epoch: [8]  [4540/5625]  eta: 0:17:00  lr: 0.000009  train_loss: 0.1711 (0.2052)  train_iou: 0.6666 (0.6429)  time: 0.9128  data: 0.0004  max mem: 31302
Epoch: [8]  [4560/5625]  eta: 0:16:41  lr: 0.000009  train_loss: 0.1116 (0.2049)  train_iou: 0.6684 (0.6430)  time: 0.9288  data: 0.0004  max mem: 31302
Epoch: [8]  [4580/5625]  eta: 0:16:22  lr: 0.000009  train_loss: 0.2037 (0.2052)  train_iou: 0.6396 (0.6430)  time: 0.9222  data: 0.0004  max mem: 31302
Epoch: [8]  [4600/5625]  eta: 0:16:03  lr: 0.000009  train_loss: 0.1128 (0.2052)  train_iou: 0.6401 (0.6430)  time: 0.9221  data: 0.0004  max mem: 31302
Epoch: [8]  [4620/5625]  eta: 0:15:45  lr: 0.000009  train_loss: 0.1809 (0.2052)  train_iou: 0.6521 (0.6430)  time: 0.9306  data: 0.0004  max mem: 31302
Epoch: [8]  [4640/5625]  eta: 0:15:26  lr: 0.000009  train_loss: 0.2116 (0.2053)  train_iou: 0.5247 (0.6426)  time: 0.9150  data: 0.0005  max mem: 31302
Epoch: [8]  [4660/5625]  eta: 0:15:07  lr: 0.000009  train_loss: 0.1579 (0.2053)  train_iou: 0.6515 (0.6425)  time: 0.9270  data: 0.0005  max mem: 31302
Epoch: [8]  [4680/5625]  eta: 0:14:48  lr: 0.000009  train_loss: 0.1221 (0.2051)  train_iou: 0.6531 (0.6423)  time: 0.9316  data: 0.0004  max mem: 31302
Epoch: [8]  [4700/5625]  eta: 0:14:29  lr: 0.000009  train_loss: 0.1811 (0.2052)  train_iou: 0.6397 (0.6423)  time: 0.9236  data: 0.0004  max mem: 31302
Epoch: [8]  [4720/5625]  eta: 0:14:10  lr: 0.000009  train_loss: 0.1273 (0.2051)  train_iou: 0.6974 (0.6425)  time: 0.9265  data: 0.0004  max mem: 31302
Epoch: [8]  [4740/5625]  eta: 0:13:51  lr: 0.000009  train_loss: 0.1417 (0.2050)  train_iou: 0.6544 (0.6425)  time: 0.9173  data: 0.0004  max mem: 31302
Epoch: [8]  [4760/5625]  eta: 0:13:33  lr: 0.000009  train_loss: 0.2002 (0.2051)  train_iou: 0.6541 (0.6426)  time: 0.9320  data: 0.0004  max mem: 31302
Epoch: [8]  [4780/5625]  eta: 0:13:14  lr: 0.000009  train_loss: 0.1546 (0.2050)  train_iou: 0.6600 (0.6427)  time: 0.9274  data: 0.0004  max mem: 31302
Epoch: [8]  [4800/5625]  eta: 0:12:55  lr: 0.000009  train_loss: 0.2168 (0.2052)  train_iou: 0.6368 (0.6426)  time: 0.9268  data: 0.0004  max mem: 31302
Epoch: [8]  [4820/5625]  eta: 0:12:37  lr: 0.000009  train_loss: 0.2082 (0.2054)  train_iou: 0.6596 (0.6427)  time: 1.0865  data: 0.0004  max mem: 31302
Epoch: [8]  [4840/5625]  eta: 0:12:18  lr: 0.000009  train_loss: 0.1760 (0.2056)  train_iou: 0.5727 (0.6426)  time: 0.9338  data: 0.0004  max mem: 31302
Epoch: [8]  [4860/5625]  eta: 0:11:59  lr: 0.000009  train_loss: 0.1141 (0.2056)  train_iou: 0.6632 (0.6426)  time: 0.9257  data: 0.0004  max mem: 31302
Epoch: [8]  [4880/5625]  eta: 0:11:40  lr: 0.000009  train_loss: 0.1295 (0.2054)  train_iou: 0.7304 (0.6429)  time: 0.9281  data: 0.0004  max mem: 31302
Epoch: [8]  [4900/5625]  eta: 0:11:21  lr: 0.000009  train_loss: 0.1752 (0.2054)  train_iou: 0.6666 (0.6429)  time: 0.9272  data: 0.0004  max mem: 31302
Epoch: [8]  [4920/5625]  eta: 0:11:02  lr: 0.000009  train_loss: 0.1542 (0.2054)  train_iou: 0.5887 (0.6428)  time: 0.9308  data: 0.0004  max mem: 31302
Epoch: [8]  [4940/5625]  eta: 0:10:43  lr: 0.000009  train_loss: 0.1903 (0.2056)  train_iou: 0.6061 (0.6425)  time: 0.9240  data: 0.0004  max mem: 31302
Epoch: [8]  [4960/5625]  eta: 0:10:25  lr: 0.000009  train_loss: 0.2771 (0.2058)  train_iou: 0.6695 (0.6425)  time: 0.9308  data: 0.0005  max mem: 31302
Epoch: [8]  [4980/5625]  eta: 0:10:06  lr: 0.000009  train_loss: 0.2201 (0.2060)  train_iou: 0.6533 (0.6425)  time: 0.9255  data: 0.0004  max mem: 31302
Epoch: [8]  [5000/5625]  eta: 0:09:47  lr: 0.000009  train_loss: 0.1282 (0.2061)  train_iou: 0.6328 (0.6424)  time: 0.9222  data: 0.0004  max mem: 31302
Epoch: [8]  [5020/5625]  eta: 0:09:28  lr: 0.000009  train_loss: 0.1430 (0.2060)  train_iou: 0.6590 (0.6425)  time: 0.9252  data: 0.0004  max mem: 31302
Epoch: [8]  [5040/5625]  eta: 0:09:09  lr: 0.000009  train_loss: 0.1932 (0.2061)  train_iou: 0.6535 (0.6426)  time: 0.9145  data: 0.0005  max mem: 31302
Epoch: [8]  [5060/5625]  eta: 0:08:50  lr: 0.000009  train_loss: 0.1396 (0.2062)  train_iou: 0.6332 (0.6426)  time: 0.9405  data: 0.0004  max mem: 31302
Epoch: [8]  [5080/5625]  eta: 0:08:32  lr: 0.000009  train_loss: 0.1382 (0.2061)  train_iou: 0.6821 (0.6427)  time: 0.9355  data: 0.0005  max mem: 31302
Epoch: [8]  [5100/5625]  eta: 0:08:13  lr: 0.000009  train_loss: 0.2422 (0.2063)  train_iou: 0.6448 (0.6427)  time: 0.9283  data: 0.0004  max mem: 31302
Epoch: [8]  [5120/5625]  eta: 0:07:54  lr: 0.000009  train_loss: 0.1310 (0.2062)  train_iou: 0.6314 (0.6426)  time: 0.9390  data: 0.0004  max mem: 31302
Epoch: [8]  [5140/5625]  eta: 0:07:35  lr: 0.000009  train_loss: 0.1030 (0.2059)  train_iou: 0.6663 (0.6428)  time: 0.9441  data: 0.0004  max mem: 31302
Epoch: [8]  [5160/5625]  eta: 0:07:17  lr: 0.000009  train_loss: 0.1005 (0.2058)  train_iou: 0.6388 (0.6427)  time: 0.9457  data: 0.0004  max mem: 31302
Epoch: [8]  [5180/5625]  eta: 0:06:58  lr: 0.000009  train_loss: 0.1447 (0.2057)  train_iou: 0.6542 (0.6426)  time: 0.9273  data: 0.0004  max mem: 31302
Epoch: [8]  [5200/5625]  eta: 0:06:39  lr: 0.000009  train_loss: 0.1772 (0.2059)  train_iou: 0.6392 (0.6426)  time: 0.9364  data: 0.0004  max mem: 31302
Epoch: [8]  [5220/5625]  eta: 0:06:20  lr: 0.000009  train_loss: 0.1057 (0.2056)  train_iou: 0.6587 (0.6429)  time: 0.9402  data: 0.0004  max mem: 31302
Epoch: [8]  [5240/5625]  eta: 0:06:01  lr: 0.000009  train_loss: 0.1353 (0.2056)  train_iou: 0.6083 (0.6428)  time: 0.9416  data: 0.0004  max mem: 31302
Epoch: [8]  [5260/5625]  eta: 0:05:43  lr: 0.000009  train_loss: 0.1608 (0.2055)  train_iou: 0.6540 (0.6428)  time: 0.9434  data: 0.0004  max mem: 31302
Epoch: [8]  [5280/5625]  eta: 0:05:24  lr: 0.000009  train_loss: 0.2015 (0.2056)  train_iou: 0.5887 (0.6427)  time: 0.9441  data: 0.0004  max mem: 31302
Epoch: [8]  [5300/5625]  eta: 0:05:05  lr: 0.000009  train_loss: 0.1273 (0.2055)  train_iou: 0.6357 (0.6426)  time: 0.9404  data: 0.0004  max mem: 31302
Epoch: [8]  [5320/5625]  eta: 0:04:46  lr: 0.000009  train_loss: 0.1391 (0.2057)  train_iou: 0.6569 (0.6425)  time: 0.9437  data: 0.0004  max mem: 31302
Epoch: [8]  [5340/5625]  eta: 0:04:27  lr: 0.000009  train_loss: 0.1179 (0.2057)  train_iou: 0.6475 (0.6424)  time: 0.9351  data: 0.0004  max mem: 31302
Epoch: [8]  [5360/5625]  eta: 0:04:09  lr: 0.000009  train_loss: 0.1381 (0.2056)  train_iou: 0.7049 (0.6426)  time: 0.9447  data: 0.0004  max mem: 31302
Epoch: [8]  [5380/5625]  eta: 0:03:50  lr: 0.000009  train_loss: 0.0994 (0.2054)  train_iou: 0.6601 (0.6427)  time: 0.9480  data: 0.0004  max mem: 31302
Epoch: [8]  [5400/5625]  eta: 0:03:31  lr: 0.000009  train_loss: 0.1424 (0.2054)  train_iou: 0.6969 (0.6428)  time: 0.9449  data: 0.0004  max mem: 31302
Epoch: [8]  [5420/5625]  eta: 0:03:12  lr: 0.000009  train_loss: 0.1190 (0.2052)  train_iou: 0.7100 (0.6430)  time: 0.9302  data: 0.0005  max mem: 31302
Epoch: [8]  [5440/5625]  eta: 0:02:53  lr: 0.000009  train_loss: 0.1250 (0.2051)  train_iou: 0.6599 (0.6430)  time: 0.9335  data: 0.0004  max mem: 31302
Epoch: [8]  [5460/5625]  eta: 0:02:35  lr: 0.000009  train_loss: 0.1679 (0.2050)  train_iou: 0.6762 (0.6429)  time: 0.9327  data: 0.0004  max mem: 31302
Epoch: [8]  [5480/5625]  eta: 0:02:16  lr: 0.000009  train_loss: 0.1495 (0.2051)  train_iou: 0.6220 (0.6427)  time: 0.9320  data: 0.0005  max mem: 31302
Epoch: [8]  [5500/5625]  eta: 0:01:57  lr: 0.000009  train_loss: 0.1356 (0.2051)  train_iou: 0.6500 (0.6428)  time: 0.9206  data: 0.0004  max mem: 31302
Epoch: [8]  [5520/5625]  eta: 0:01:38  lr: 0.000009  train_loss: 0.1450 (0.2051)  train_iou: 0.6718 (0.6429)  time: 0.9283  data: 0.0004  max mem: 31302
Epoch: [8]  [5540/5625]  eta: 0:01:19  lr: 0.000009  train_loss: 0.1998 (0.2050)  train_iou: 0.6162 (0.6427)  time: 0.9203  data: 0.0004  max mem: 31302
Epoch: [8]  [5560/5625]  eta: 0:01:01  lr: 0.000009  train_loss: 0.1358 (0.2050)  train_iou: 0.6612 (0.6428)  time: 0.9261  data: 0.0004  max mem: 31302
Epoch: [8]  [5580/5625]  eta: 0:00:42  lr: 0.000009  train_loss: 0.2054 (0.2050)  train_iou: 0.6520 (0.6428)  time: 0.9090  data: 0.0004  max mem: 31302
Epoch: [8]  [5600/5625]  eta: 0:00:23  lr: 0.000009  train_loss: 0.1786 (0.2051)  train_iou: 0.5624 (0.6426)  time: 0.9121  data: 0.0004  max mem: 31302
Epoch: [8]  [5620/5625]  eta: 0:00:04  lr: 0.000009  train_loss: 0.1862 (0.2054)  train_iou: 0.6485 (0.6427)  time: 0.8855  data: 0.0002  max mem: 31302
Epoch: [8]  [5624/5625]  eta: 0:00:00  lr: 0.000009  train_loss: 0.1862 (0.2054)  train_iou: 0.6381 (0.6426)  time: 0.8755  data: 0.0002  max mem: 31302
Epoch: [8] Total time: 1:28:03 (0.9393 s / it)
Averaged stats: lr: 0.000009  train_loss: 0.1862 (0.2054)  train_iou: 0.6381 (0.6426)
huggingface/tokenizers: The current process just got forked, after parallelism has already been used. Disabling parallelism to avoid deadlocks...
To disable this warning, you can either:
	- Avoid using `tokenizers` before the fork if possible
	- Explicitly set the environment variable TOKENIZERS_PARALLELISM=(true | false)
huggingface/tokenizers: The current process just got forked, after parallelism has already been used. Disabling parallelism to avoid deadlocks...
To disable this warning, you can either:
	- Avoid using `tokenizers` before the fork if possible
	- Explicitly set the environment variable TOKENIZERS_PARALLELISM=(true | false)
huggingface/tokenizers: The current process just got forked, after parallelism has already been used. Disabling parallelism to avoid deadlocks...
To disable this warning, you can either:
	- Avoid using `tokenizers` before the fork if possible
	- Explicitly set the environment variable TOKENIZERS_PARALLELISM=(true | false)
huggingface/tokenizers: The current process just got forked, after parallelism has already been used. Disabling parallelism to avoid deadlocks...
To disable this warning, you can either:
	- Avoid using `tokenizers` before the fork if possible
	- Explicitly set the environment variable TOKENIZERS_PARALLELISM=(true | false)
huggingface/tokenizers: The current process just got forked, after parallelism has already been used. Disabling parallelism to avoid deadlocks...
To disable this warning, you can either:
	- Avoid using `tokenizers` before the fork if possible
	- Explicitly set the environment variable TOKENIZERS_PARALLELISM=(true | false)
huggingface/tokenizers: The current process just got forked, after parallelism has already been used. Disabling parallelism to avoid deadlocks...
To disable this warning, you can either:
	- Avoid using `tokenizers` before the fork if possible
	- Explicitly set the environment variable TOKENIZERS_PARALLELISM=(true | false)
huggingface/tokenizers: The current process just got forked, after parallelism has already been used. Disabling parallelism to avoid deadlocks...
To disable this warning, you can either:
	- Avoid using `tokenizers` before the fork if possible
	- Explicitly set the environment variable TOKENIZERS_PARALLELISM=(true | false)
huggingface/tokenizers: The current process just got forked, after parallelism has already been used. Disabling parallelism to avoid deadlocks...
To disable this warning, you can either:
	- Avoid using `tokenizers` before the fork if possible
	- Explicitly set the environment variable TOKENIZERS_PARALLELISM=(true | false)
Test:  [   0/4000]  eta: 8:10:31  inter: 33179.0000 (33179.0000)  union: 35343.0000 (35343.0000)  iou: 0.9388 (0.9388)  time: 7.3578  data: 1.2892  max mem: 31302
Test:  [  50/4000]  eta: 0:42:21  inter: 14402.0000 (24578.0469)  union: 49667.0000 (43404.2031)  iou: 0.5097 (0.5353)  time: 0.1780  data: 0.0004  max mem: 31302
Test:  [ 100/4000]  eta: 0:32:38  inter: 23887.0000 (26326.0515)  union: 47790.0000 (43020.0662)  iou: 0.6806 (0.5897)  time: 0.1747  data: 0.0004  max mem: 31302
Test:  [ 150/4000]  eta: 0:25:27  inter: 18814.0000 (26145.6794)  union: 30122.0000 (40631.3158)  iou: 0.8330 (0.6210)  time: 0.1884  data: 0.0004  max mem: 31302
Test:  [ 200/4000]  eta: 0:21:36  inter: 33534.0000 (26730.5861)  union: 38024.0000 (40305.3810)  iou: 0.9148 (0.6291)  time: 0.1718  data: 0.0004  max mem: 31302
Test:  [ 250/4000]  eta: 0:19:10  inter: 14238.0000 (28618.2861)  union: 30874.0000 (41975.2349)  iou: 0.5977 (0.6267)  time: 0.1661  data: 0.0004  max mem: 31302
Test:  [ 300/4000]  eta: 0:17:38  inter: 17811.0000 (27920.7717)  union: 24829.0000 (41334.0844)  iou: 0.5406 (0.6192)  time: 0.1865  data: 0.0004  max mem: 31302
Test:  [ 350/4000]  eta: 0:16:33  inter: 9352.0000 (27090.3306)  union: 32615.0000 (41425.3058)  iou: 0.4147 (0.6103)  time: 0.1890  data: 0.0004  max mem: 31302
Test:  [ 400/4000]  eta: 0:17:21  inter: 30822.0000 (26472.7250)  union: 36384.0000 (40632.0339)  iou: 0.7702 (0.6099)  time: 0.1719  data: 0.0004  max mem: 31302
Test:  [ 450/4000]  eta: 0:16:23  inter: 19327.0000 (26224.2905)  union: 29331.0000 (40526.1206)  iou: 0.8095 (0.6100)  time: 0.1957  data: 0.0004  max mem: 31302
Test:  [ 500/4000]  eta: 0:15:35  inter: 17297.0000 (26852.3266)  union: 30870.0000 (41441.5029)  iou: 0.6470 (0.6082)  time: 0.1725  data: 0.0004  max mem: 31302
Test:  [ 550/4000]  eta: 0:14:57  inter: 23597.0000 (26875.9640)  union: 27872.0000 (41154.1208)  iou: 0.8692 (0.6159)  time: 0.1890  data: 0.0004  max mem: 31302
Test:  [ 600/4000]  eta: 0:14:22  inter: 10711.0000 (26749.0402)  union: 34838.0000 (41160.4130)  iou: 0.7646 (0.6124)  time: 0.1827  data: 0.0004  max mem: 31302
Test:  [ 650/4000]  eta: 0:13:48  inter: 24539.0000 (27274.8950)  union: 41970.0000 (41592.8796)  iou: 0.6637 (0.6111)  time: 0.1727  data: 0.0004  max mem: 31302
Test:  [ 700/4000]  eta: 0:13:19  inter: 13790.0000 (26767.8152)  union: 29080.0000 (41256.0339)  iou: 0.4983 (0.6033)  time: 0.1727  data: 0.0004  max mem: 31302
Test:  [ 750/4000]  eta: 0:12:56  inter: 26985.0000 (26690.9886)  union: 29630.0000 (41106.3368)  iou: 0.8787 (0.6065)  time: 0.1988  data: 0.0004  max mem: 31302
Test:  [ 800/4000]  eta: 0:12:32  inter: 20045.0000 (26434.6304)  union: 46822.0000 (40665.0830)  iou: 0.6980 (0.6061)  time: 0.1863  data: 0.0004  max mem: 31302
Test:  [ 850/4000]  eta: 0:12:11  inter: 21612.0000 (26433.2335)  union: 36180.0000 (40620.0159)  iou: 0.8112 (0.6060)  time: 0.1712  data: 0.0004  max mem: 31302
Test:  [ 900/4000]  eta: 0:11:52  inter: 11115.0000 (26506.4593)  union: 27241.0000 (40889.9423)  iou: 0.6205 (0.6023)  time: 0.1719  data: 0.0004  max mem: 31302
Test:  [ 950/4000]  eta: 0:11:32  inter: 24863.0000 (26751.9392)  union: 31025.0000 (41006.9430)  iou: 0.7726 (0.6026)  time: 0.1796  data: 0.0004  max mem: 31302
Test:  [1000/4000]  eta: 0:11:14  inter: 24072.0000 (26944.3143)  union: 37330.0000 (41206.4405)  iou: 0.7229 (0.6035)  time: 0.1726  data: 0.0004  max mem: 31302
Test:  [1050/4000]  eta: 0:10:57  inter: 20044.0000 (26961.6456)  union: 37453.0000 (41244.7721)  iou: 0.5079 (0.6026)  time: 0.1871  data: 0.0004  max mem: 31302
Test:  [1100/4000]  eta: 0:10:40  inter: 22432.0000 (26814.9355)  union: 28644.0000 (41018.6016)  iou: 0.7109 (0.6012)  time: 0.1810  data: 0.0004  max mem: 31302
Test:  [1150/4000]  eta: 0:10:26  inter: 9880.0000 (26902.8883)  union: 23797.0000 (40819.0199)  iou: 0.4770 (0.6042)  time: 0.1941  data: 0.0004  max mem: 31302
Test:  [1200/4000]  eta: 0:10:11  inter: 9961.0000 (26885.7479)  union: 33132.0000 (41048.9566)  iou: 0.8008 (0.6012)  time: 0.1848  data: 0.0004  max mem: 31302
Test:  [1250/4000]  eta: 0:09:57  inter: 6004.0000 (26653.5815)  union: 36899.0000 (40844.1431)  iou: 0.0684 (0.5998)  time: 0.1987  data: 0.0004  max mem: 31302
Test:  [1300/4000]  eta: 0:09:43  inter: 21654.0000 (26417.0612)  union: 34697.0000 (40607.2021)  iou: 0.5837 (0.6004)  time: 0.1892  data: 0.0004  max mem: 31302
Test:  [1350/4000]  eta: 0:09:29  inter: 26347.0000 (26451.6368)  union: 35499.0000 (40634.1774)  iou: 0.8359 (0.6005)  time: 0.1854  data: 0.0004  max mem: 31302
Test:  [1400/4000]  eta: 0:09:16  inter: 9922.0000 (26566.9114)  union: 11673.0000 (40735.7348)  iou: 0.7462 (0.5989)  time: 0.1879  data: 0.0004  max mem: 31302
Test:  [1450/4000]  eta: 0:09:03  inter: 16081.0000 (26455.5922)  union: 35103.0000 (40628.6029)  iou: 0.5602 (0.5975)  time: 0.1852  data: 0.0004  max mem: 31302
Test:  [1500/4000]  eta: 0:08:50  inter: 16699.0000 (26458.7072)  union: 39063.0000 (40716.2554)  iou: 0.5322 (0.5954)  time: 0.1831  data: 0.0004  max mem: 31302
Test:  [1550/4000]  eta: 0:08:38  inter: 22342.0000 (26384.9060)  union: 30973.0000 (40676.7240)  iou: 0.7772 (0.5959)  time: 0.2036  data: 0.0004  max mem: 31302
Test:  [1600/4000]  eta: 0:08:43  inter: 14905.0000 (26260.3081)  union: 33450.0000 (40636.7955)  iou: 0.7126 (0.5928)  time: 0.7709  data: 0.0004  max mem: 31302
Test:  [1650/4000]  eta: 0:08:29  inter: 16254.0000 (26249.8675)  union: 33418.0000 (40645.3503)  iou: 0.4329 (0.5917)  time: 0.1846  data: 0.0004  max mem: 31302
Test:  [1700/4000]  eta: 0:08:16  inter: 16943.0000 (26245.4731)  union: 36043.0000 (40745.5590)  iou: 0.8080 (0.5905)  time: 0.1855  data: 0.0004  max mem: 31302
Test:  [1750/4000]  eta: 0:08:04  inter: 25789.0000 (26230.8043)  union: 32688.0000 (40703.2306)  iou: 0.7791 (0.5905)  time: 0.2020  data: 0.0004  max mem: 31302
Test:  [1800/4000]  eta: 0:07:52  inter: 24568.0000 (26143.3777)  union: 37318.0000 (40605.1370)  iou: 0.7026 (0.5907)  time: 0.2033  data: 0.0004  max mem: 31302
Test:  [1850/4000]  eta: 0:07:40  inter: 9036.0000 (26125.5989)  union: 33364.0000 (40702.3172)  iou: 0.3740 (0.5892)  time: 0.1879  data: 0.0004  max mem: 31302
Test:  [1900/4000]  eta: 0:07:28  inter: 37155.0000 (26078.2624)  union: 55750.0000 (40615.9251)  iou: 0.6449 (0.5905)  time: 0.1955  data: 0.0004  max mem: 31302
Test:  [1950/4000]  eta: 0:07:16  inter: 11273.0000 (26055.2086)  union: 16721.0000 (40575.3122)  iou: 0.6920 (0.5913)  time: 0.1906  data: 0.0004  max mem: 31302
Test:  [2000/4000]  eta: 0:07:04  inter: 16144.0000 (26070.2748)  union: 22468.0000 (40526.7925)  iou: 0.7942 (0.5923)  time: 0.1776  data: 0.0004  max mem: 31302
Test:  [2050/4000]  eta: 0:06:53  inter: 7337.0000 (25963.2357)  union: 56139.0000 (40637.9900)  iou: 0.2009 (0.5900)  time: 0.2136  data: 0.0004  max mem: 31302
Test:  [2100/4000]  eta: 0:06:41  inter: 16549.0000 (25963.8466)  union: 33516.0000 (40587.5125)  iou: 0.8141 (0.5907)  time: 0.1772  data: 0.0004  max mem: 31302
Test:  [2150/4000]  eta: 0:06:29  inter: 19624.0000 (25975.4001)  union: 30169.0000 (40615.8290)  iou: 0.6672 (0.5903)  time: 0.1830  data: 0.0004  max mem: 31302
Test:  [2200/4000]  eta: 0:06:18  inter: 13841.0000 (25941.1338)  union: 20994.0000 (40543.2859)  iou: 0.6386 (0.5909)  time: 0.1898  data: 0.0004  max mem: 31302
Test:  [2250/4000]  eta: 0:06:07  inter: 18869.0000 (25789.7259)  union: 37576.0000 (40410.2772)  iou: 0.7548 (0.5898)  time: 0.1755  data: 0.0004  max mem: 31302
Test:  [2300/4000]  eta: 0:05:55  inter: 30130.0000 (25863.8607)  union: 37219.0000 (40394.3072)  iou: 0.6543 (0.5915)  time: 0.1916  data: 0.0004  max mem: 31302
Test:  [2350/4000]  eta: 0:05:44  inter: 19209.0000 (25797.1006)  union: 38174.0000 (40356.7507)  iou: 0.7438 (0.5917)  time: 0.2018  data: 0.0004  max mem: 31302
Test:  [2400/4000]  eta: 0:05:33  inter: 10544.0000 (25830.4735)  union: 33048.0000 (40323.1176)  iou: 0.3410 (0.5921)  time: 0.2028  data: 0.0004  max mem: 31302
Test:  [2450/4000]  eta: 0:05:22  inter: 28496.0000 (25941.5970)  union: 32089.0000 (40372.9711)  iou: 0.8823 (0.5941)  time: 0.1728  data: 0.0004  max mem: 31302
Test:  [2500/4000]  eta: 0:05:11  inter: 25832.0000 (25890.3102)  union: 39499.0000 (40369.0893)  iou: 0.7941 (0.5938)  time: 0.1764  data: 0.0004  max mem: 31302
Test:  [2550/4000]  eta: 0:05:00  inter: 28598.0000 (26000.4069)  union: 35006.0000 (40477.7111)  iou: 0.7970 (0.5944)  time: 0.2040  data: 0.0004  max mem: 31302
Test:  [2600/4000]  eta: 0:04:49  inter: 12051.0000 (25915.5574)  union: 30026.0000 (40421.7743)  iou: 0.3661 (0.5930)  time: 0.1949  data: 0.0004  max mem: 31302
Test:  [2650/4000]  eta: 0:04:38  inter: 16391.0000 (25959.3891)  union: 34375.0000 (40638.3827)  iou: 0.8199 (0.5921)  time: 0.1942  data: 0.0004  max mem: 31302
Test:  [2700/4000]  eta: 0:04:28  inter: 22885.0000 (26036.1680)  union: 30671.0000 (40723.3474)  iou: 0.8417 (0.5925)  time: 0.1854  data: 0.0004  max mem: 31302
Test:  [2750/4000]  eta: 0:04:17  inter: 22832.0000 (26113.2695)  union: 32527.0000 (40821.2122)  iou: 0.8333 (0.5920)  time: 0.1811  data: 0.0004  max mem: 31302
Test:  [2800/4000]  eta: 0:04:06  inter: 14834.0000 (26083.0069)  union: 26783.0000 (40712.9124)  iou: 0.6283 (0.5923)  time: 0.1846  data: 0.0004  max mem: 31302
Test:  [2850/4000]  eta: 0:03:56  inter: 12530.0000 (26214.2463)  union: 32901.0000 (40800.4237)  iou: 0.4189 (0.5921)  time: 0.1803  data: 0.0004  max mem: 31302
Test:  [2900/4000]  eta: 0:03:45  inter: 17853.0000 (26220.3792)  union: 26068.0000 (40855.6506)  iou: 0.7872 (0.5908)  time: 0.1789  data: 0.0004  max mem: 31302
Test:  [2950/4000]  eta: 0:03:35  inter: 20284.0000 (26257.3286)  union: 27688.0000 (40877.0498)  iou: 0.5160 (0.5907)  time: 0.1774  data: 0.0004  max mem: 31302
Test:  [3000/4000]  eta: 0:03:24  inter: 16678.0000 (26209.8100)  union: 32937.0000 (40846.6195)  iou: 0.5995 (0.5901)  time: 0.1992  data: 0.0004  max mem: 31302
Test:  [3050/4000]  eta: 0:03:14  inter: 13673.0000 (26182.1375)  union: 31864.0000 (40930.2866)  iou: 0.4672 (0.5898)  time: 0.1882  data: 0.0004  max mem: 31302
Test:  [3100/4000]  eta: 0:03:03  inter: 17112.0000 (26169.3038)  union: 37258.0000 (40884.8864)  iou: 0.4561 (0.5900)  time: 0.1872  data: 0.0004  max mem: 31302
Test:  [3150/4000]  eta: 0:02:53  inter: 16177.0000 (26057.8250)  union: 21598.0000 (40785.6055)  iou: 0.5511 (0.5893)  time: 0.1911  data: 0.0004  max mem: 31302
Test:  [3200/4000]  eta: 0:02:42  inter: 13028.0000 (26084.0836)  union: 40749.0000 (40843.3917)  iou: 0.4984 (0.5894)  time: 0.1826  data: 0.0004  max mem: 31302
Test:  [3250/4000]  eta: 0:02:32  inter: 13714.0000 (26018.6217)  union: 25142.0000 (40774.2015)  iou: 0.7498 (0.5880)  time: 0.1881  data: 0.0004  max mem: 31302
Test:  [3300/4000]  eta: 0:02:22  inter: 24819.0000 (26110.8347)  union: 47028.0000 (40897.0974)  iou: 0.8224 (0.5873)  time: 0.2031  data: 0.0004  max mem: 31302
Test:  [3350/4000]  eta: 0:02:11  inter: 9651.0000 (26075.8590)  union: 12698.0000 (40906.7798)  iou: 0.7623 (0.5874)  time: 0.1746  data: 0.0004  max mem: 31302
Test:  [3400/4000]  eta: 0:02:01  inter: 22826.0000 (26175.3547)  union: 37473.0000 (40964.5627)  iou: 0.8438 (0.5886)  time: 0.1982  data: 0.0004  max mem: 31302
Test:  [3450/4000]  eta: 0:01:51  inter: 21710.0000 (26191.3021)  union: 31212.0000 (40958.4117)  iou: 0.7438 (0.5887)  time: 0.1815  data: 0.0004  max mem: 31302
Test:  [3500/4000]  eta: 0:01:41  inter: 15345.0000 (26155.1472)  union: 21604.0000 (40897.2893)  iou: 0.4184 (0.5887)  time: 0.1794  data: 0.0004  max mem: 31302
Test:  [3550/4000]  eta: 0:01:30  inter: 24839.0000 (26154.6690)  union: 36988.0000 (40918.6308)  iou: 0.8039 (0.5882)  time: 0.1764  data: 0.0004  max mem: 31302
Test:  [3600/4000]  eta: 0:01:20  inter: 21413.0000 (26110.8520)  union: 31482.0000 (40888.8110)  iou: 0.7531 (0.5872)  time: 0.1824  data: 0.0004  max mem: 31302
Test:  [3650/4000]  eta: 0:01:10  inter: 18512.0000 (26070.2734)  union: 38835.0000 (40876.5562)  iou: 0.4495 (0.5868)  time: 0.2085  data: 0.0004  max mem: 31302
Test:  [3700/4000]  eta: 0:01:00  inter: 20671.0000 (26154.3670)  union: 36268.0000 (40900.9755)  iou: 0.8152 (0.5873)  time: 0.1845  data: 0.0004  max mem: 31302
Test:  [3750/4000]  eta: 0:00:50  inter: 22760.0000 (26193.5391)  union: 44256.0000 (40949.0062)  iou: 0.6168 (0.5879)  time: 0.1822  data: 0.0004  max mem: 31302
Test:  [3800/4000]  eta: 0:00:40  inter: 22366.0000 (26224.0431)  union: 29315.0000 (40951.9328)  iou: 0.6807 (0.5881)  time: 0.1709  data: 0.0004  max mem: 31302
Test:  [3850/4000]  eta: 0:00:30  inter: 19550.0000 (26221.0969)  union: 33030.0000 (40962.8425)  iou: 0.8460 (0.5881)  time: 0.1839  data: 0.0004  max mem: 31302
Test:  [3900/4000]  eta: 0:00:20  inter: 18906.0000 (26255.0463)  union: 29541.0000 (41058.1036)  iou: 0.6203 (0.5877)  time: 0.1869  data: 0.0004  max mem: 31302
Test:  [3950/4000]  eta: 0:00:10  inter: 17584.0000 (26211.5751)  union: 36676.0000 (41008.5906)  iou: 0.6733 (0.5876)  time: 0.1802  data: 0.0004  max mem: 31302
Test:  [3999/4000]  eta: 0:00:00  inter: 16257.0000 (26172.4914)  union: 30824.0000 (40924.5709)  iou: 0.6698 (0.5886)  time: 0.1622  data: 0.0002  max mem: 31302
Test: Total time: 0:13:23 (0.2009 s / it)
* IoU 0.589 oIoU 0.640
IoU of the network on the 4000 test images: 0.6%
Max IoU: 0.59%
huggingface/tokenizers: The current process just got forked, after parallelism has already been used. Disabling parallelism to avoid deadlocks...
To disable this warning, you can either:
	- Avoid using `tokenizers` before the fork if possible
	- Explicitly set the environment variable TOKENIZERS_PARALLELISM=(true | false)
huggingface/tokenizers: The current process just got forked, after parallelism has already been used. Disabling parallelism to avoid deadlocks...
To disable this warning, you can either:
	- Avoid using `tokenizers` before the fork if possible
	- Explicitly set the environment variable TOKENIZERS_PARALLELISM=(true | false)
huggingface/tokenizers: The current process just got forked, after parallelism has already been used. Disabling parallelism to avoid deadlocks...
To disable this warning, you can either:
	- Avoid using `tokenizers` before the fork if possible
	- Explicitly set the environment variable TOKENIZERS_PARALLELISM=(true | false)
huggingface/tokenizers: The current process just got forked, after parallelism has already been used. Disabling parallelism to avoid deadlocks...
To disable this warning, you can either:
	- Avoid using `tokenizers` before the fork if possible
	- Explicitly set the environment variable TOKENIZERS_PARALLELISM=(true | false)
huggingface/tokenizers: The current process just got forked, after parallelism has already been used. Disabling parallelism to avoid deadlocks...
To disable this warning, you can either:
	- Avoid using `tokenizers` before the fork if possible
	- Explicitly set the environment variable TOKENIZERS_PARALLELISM=(true | false)
huggingface/tokenizers: The current process just got forked, after parallelism has already been used. Disabling parallelism to avoid deadlocks...
To disable this warning, you can either:
	- Avoid using `tokenizers` before the fork if possible
	- Explicitly set the environment variable TOKENIZERS_PARALLELISM=(true | false)
huggingface/tokenizers: The current process just got forked, after parallelism has already been used. Disabling parallelism to avoid deadlocks...
To disable this warning, you can either:
	- Avoid using `tokenizers` before the fork if possible
	- Explicitly set the environment variable TOKENIZERS_PARALLELISM=(true | false)
huggingface/tokenizers: The current process just got forked, after parallelism has already been used. Disabling parallelism to avoid deadlocks...
To disable this warning, you can either:
	- Avoid using `tokenizers` before the fork if possible
	- Explicitly set the environment variable TOKENIZERS_PARALLELISM=(true | false)
Epoch: [9]  [   0/5625]  eta: 7:49:34  lr: 0.000009  train_loss: 0.1570 (0.1570)  train_iou: 0.4866 (0.4866)  time: 5.0089  data: 2.7579  max mem: 31302
Epoch: [9]  [  20/5625]  eta: 1:49:31  lr: 0.000009  train_loss: 0.2247 (0.2471)  train_iou: 0.6019 (0.6266)  time: 0.9806  data: 0.0004  max mem: 31302
Epoch: [9]  [  40/5625]  eta: 1:40:20  lr: 0.000009  train_loss: 0.1775 (0.2252)  train_iou: 0.6592 (0.6469)  time: 0.9790  data: 0.0005  max mem: 31302
Epoch: [9]  [  60/5625]  eta: 1:36:52  lr: 0.000009  train_loss: 0.1241 (0.2141)  train_iou: 0.6761 (0.6592)  time: 0.9758  data: 0.0004  max mem: 31302
Epoch: [9]  [  80/5625]  eta: 1:35:06  lr: 0.000009  train_loss: 0.1406 (0.2128)  train_iou: 0.6084 (0.6531)  time: 0.9824  data: 0.0004  max mem: 31302
Epoch: [9]  [ 100/5625]  eta: 1:33:56  lr: 0.000009  train_loss: 0.1310 (0.2073)  train_iou: 0.6912 (0.6596)  time: 0.9836  data: 0.0004  max mem: 31302
Epoch: [9]  [ 120/5625]  eta: 1:33:06  lr: 0.000009  train_loss: 0.1147 (0.1992)  train_iou: 0.6730 (0.6621)  time: 0.9877  data: 0.0004  max mem: 31302
Epoch: [9]  [ 140/5625]  eta: 1:32:23  lr: 0.000009  train_loss: 0.1060 (0.1899)  train_iou: 0.6731 (0.6663)  time: 0.9855  data: 0.0004  max mem: 31302
Epoch: [9]  [ 160/5625]  eta: 1:31:46  lr: 0.000009  train_loss: 0.1401 (0.1895)  train_iou: 0.6229 (0.6625)  time: 0.9867  data: 0.0004  max mem: 31302
Epoch: [9]  [ 180/5625]  eta: 1:31:14  lr: 0.000009  train_loss: 0.1148 (0.1873)  train_iou: 0.6126 (0.6558)  time: 0.9870  data: 0.0004  max mem: 31302
Epoch: [9]  [ 200/5625]  eta: 1:30:42  lr: 0.000009  train_loss: 0.1389 (0.1867)  train_iou: 0.5648 (0.6489)  time: 0.9837  data: 0.0004  max mem: 31302
Epoch: [9]  [ 220/5625]  eta: 1:30:14  lr: 0.000009  train_loss: 0.1119 (0.1849)  train_iou: 0.6721 (0.6513)  time: 0.9879  data: 0.0004  max mem: 31302
Epoch: [9]  [ 240/5625]  eta: 1:29:47  lr: 0.000009  train_loss: 0.1521 (0.1852)  train_iou: 0.6521 (0.6512)  time: 0.9861  data: 0.0004  max mem: 31302
Epoch: [9]  [ 260/5625]  eta: 1:29:22  lr: 0.000009  train_loss: 0.1419 (0.1841)  train_iou: 0.6465 (0.6536)  time: 0.9877  data: 0.0004  max mem: 31302
Epoch: [9]  [ 280/5625]  eta: 1:29:00  lr: 0.000009  train_loss: 0.1613 (0.1849)  train_iou: 0.6436 (0.6530)  time: 0.9952  data: 0.0004  max mem: 31302
Epoch: [9]  [ 300/5625]  eta: 1:28:37  lr: 0.000009  train_loss: 0.1219 (0.1825)  train_iou: 0.7013 (0.6561)  time: 0.9890  data: 0.0004  max mem: 31302
Epoch: [9]  [ 320/5625]  eta: 1:28:13  lr: 0.000009  train_loss: 0.1501 (0.1851)  train_iou: 0.6086 (0.6525)  time: 0.9860  data: 0.0004  max mem: 31302
Epoch: [9]  [ 340/5625]  eta: 1:27:49  lr: 0.000009  train_loss: 0.1226 (0.1864)  train_iou: 0.5914 (0.6518)  time: 0.9865  data: 0.0004  max mem: 31302
Epoch: [9]  [ 360/5625]  eta: 1:27:25  lr: 0.000009  train_loss: 0.1453 (0.1878)  train_iou: 0.6435 (0.6527)  time: 0.9835  data: 0.0005  max mem: 31302
Epoch: [9]  [ 380/5625]  eta: 1:27:01  lr: 0.000009  train_loss: 0.1915 (0.1883)  train_iou: 0.5717 (0.6512)  time: 0.9819  data: 0.0010  max mem: 31302
Epoch: [9]  [ 400/5625]  eta: 1:26:40  lr: 0.000009  train_loss: 0.2403 (0.1920)  train_iou: 0.5743 (0.6477)  time: 0.9888  data: 0.0005  max mem: 31302
Epoch: [9]  [ 420/5625]  eta: 1:26:17  lr: 0.000009  train_loss: 0.0988 (0.1912)  train_iou: 0.5624 (0.6447)  time: 0.9858  data: 0.0004  max mem: 31302
Epoch: [9]  [ 440/5625]  eta: 1:25:56  lr: 0.000009  train_loss: 0.1269 (0.1891)  train_iou: 0.6689 (0.6459)  time: 0.9874  data: 0.0005  max mem: 31302
Epoch: [9]  [ 460/5625]  eta: 1:25:34  lr: 0.000009  train_loss: 0.1162 (0.1879)  train_iou: 0.6338 (0.6457)  time: 0.9866  data: 0.0004  max mem: 31302
Epoch: [9]  [ 480/5625]  eta: 1:25:12  lr: 0.000009  train_loss: 0.1445 (0.1876)  train_iou: 0.6650 (0.6468)  time: 0.9820  data: 0.0004  max mem: 31302
Epoch: [9]  [ 500/5625]  eta: 1:24:51  lr: 0.000009  train_loss: 0.1544 (0.1881)  train_iou: 0.5997 (0.6449)  time: 0.9882  data: 0.0004  max mem: 31302
Epoch: [9]  [ 520/5625]  eta: 1:24:30  lr: 0.000009  train_loss: 0.1187 (0.1877)  train_iou: 0.6642 (0.6452)  time: 0.9867  data: 0.0004  max mem: 31302
Epoch: [9]  [ 540/5625]  eta: 1:24:09  lr: 0.000009  train_loss: 0.1115 (0.1872)  train_iou: 0.6594 (0.6460)  time: 0.9899  data: 0.0004  max mem: 31302
Epoch: [9]  [ 560/5625]  eta: 1:23:48  lr: 0.000009  train_loss: 0.1353 (0.1872)  train_iou: 0.6429 (0.6461)  time: 0.9867  data: 0.0004  max mem: 31302
Epoch: [9]  [ 580/5625]  eta: 1:23:27  lr: 0.000009  train_loss: 0.1331 (0.1871)  train_iou: 0.5941 (0.6448)  time: 0.9858  data: 0.0004  max mem: 31302
Epoch: [9]  [ 600/5625]  eta: 1:23:05  lr: 0.000009  train_loss: 0.1687 (0.1887)  train_iou: 0.7065 (0.6460)  time: 0.9781  data: 0.0004  max mem: 31302
Epoch: [9]  [ 620/5625]  eta: 1:22:44  lr: 0.000009  train_loss: 0.1383 (0.1883)  train_iou: 0.6739 (0.6462)  time: 0.9893  data: 0.0004  max mem: 31302
Epoch: [9]  [ 640/5625]  eta: 1:22:51  lr: 0.000009  train_loss: 0.1985 (0.1900)  train_iou: 0.6682 (0.6462)  time: 1.1622  data: 0.0004  max mem: 31302
Epoch: [9]  [ 660/5625]  eta: 1:22:30  lr: 0.000009  train_loss: 0.1462 (0.1898)  train_iou: 0.6243 (0.6465)  time: 0.9901  data: 0.0004  max mem: 31302
Epoch: [9]  [ 680/5625]  eta: 1:22:09  lr: 0.000009  train_loss: 0.1275 (0.1900)  train_iou: 0.6396 (0.6471)  time: 0.9881  data: 0.0004  max mem: 31302
Epoch: [9]  [ 700/5625]  eta: 1:21:47  lr: 0.000009  train_loss: 0.1389 (0.1900)  train_iou: 0.7123 (0.6483)  time: 0.9816  data: 0.0004  max mem: 31302
Epoch: [9]  [ 720/5625]  eta: 1:21:25  lr: 0.000009  train_loss: 0.1486 (0.1895)  train_iou: 0.5630 (0.6476)  time: 0.9824  data: 0.0004  max mem: 31302
Epoch: [9]  [ 740/5625]  eta: 1:21:04  lr: 0.000009  train_loss: 0.1543 (0.1894)  train_iou: 0.6655 (0.6478)  time: 0.9867  data: 0.0004  max mem: 31302
Epoch: [9]  [ 760/5625]  eta: 1:20:43  lr: 0.000009  train_loss: 0.1472 (0.1901)  train_iou: 0.6307 (0.6484)  time: 0.9901  data: 0.0004  max mem: 31302
Epoch: [9]  [ 780/5625]  eta: 1:20:22  lr: 0.000009  train_loss: 0.1129 (0.1898)  train_iou: 0.5740 (0.6470)  time: 0.9879  data: 0.0004  max mem: 31302
Epoch: [9]  [ 800/5625]  eta: 1:20:01  lr: 0.000009  train_loss: 0.1304 (0.1911)  train_iou: 0.6234 (0.6459)  time: 0.9851  data: 0.0004  max mem: 31302
Epoch: [9]  [ 820/5625]  eta: 1:19:40  lr: 0.000009  train_loss: 0.1593 (0.1913)  train_iou: 0.6579 (0.6463)  time: 0.9861  data: 0.0004  max mem: 31302
Epoch: [9]  [ 840/5625]  eta: 1:19:19  lr: 0.000009  train_loss: 0.1568 (0.1920)  train_iou: 0.6311 (0.6461)  time: 0.9885  data: 0.0004  max mem: 31302
Epoch: [9]  [ 860/5625]  eta: 1:18:58  lr: 0.000009  train_loss: 0.1445 (0.1922)  train_iou: 0.6025 (0.6453)  time: 0.9820  data: 0.0005  max mem: 31302
Epoch: [9]  [ 880/5625]  eta: 1:18:37  lr: 0.000009  train_loss: 0.1456 (0.1924)  train_iou: 0.6530 (0.6452)  time: 0.9853  data: 0.0004  max mem: 31302
Epoch: [9]  [ 900/5625]  eta: 1:18:17  lr: 0.000009  train_loss: 0.1317 (0.1919)  train_iou: 0.7041 (0.6464)  time: 0.9864  data: 0.0004  max mem: 31302
Epoch: [9]  [ 920/5625]  eta: 1:17:56  lr: 0.000009  train_loss: 0.1216 (0.1908)  train_iou: 0.6358 (0.6467)  time: 0.9849  data: 0.0004  max mem: 31302
Epoch: [9]  [ 940/5625]  eta: 1:17:35  lr: 0.000009  train_loss: 0.1558 (0.1908)  train_iou: 0.6747 (0.6472)  time: 0.9894  data: 0.0004  max mem: 31302
Epoch: [9]  [ 960/5625]  eta: 1:17:15  lr: 0.000009  train_loss: 0.1060 (0.1899)  train_iou: 0.6333 (0.6475)  time: 0.9875  data: 0.0004  max mem: 31302
Epoch: [9]  [ 980/5625]  eta: 1:16:53  lr: 0.000009  train_loss: 0.1082 (0.1890)  train_iou: 0.6593 (0.6482)  time: 0.9741  data: 0.0004  max mem: 31302
Epoch: [9]  [1000/5625]  eta: 1:16:32  lr: 0.000009  train_loss: 0.1658 (0.1894)  train_iou: 0.5878 (0.6475)  time: 0.9811  data: 0.0004  max mem: 31302
Epoch: [9]  [1020/5625]  eta: 1:16:11  lr: 0.000009  train_loss: 0.1247 (0.1891)  train_iou: 0.6693 (0.6480)  time: 0.9823  data: 0.0004  max mem: 31302
Epoch: [9]  [1040/5625]  eta: 1:15:51  lr: 0.000009  train_loss: 0.1244 (0.1889)  train_iou: 0.6822 (0.6492)  time: 0.9829  data: 0.0004  max mem: 31302
Epoch: [9]  [1060/5625]  eta: 1:15:29  lr: 0.000009  train_loss: 0.1169 (0.1881)  train_iou: 0.6221 (0.6483)  time: 0.9771  data: 0.0004  max mem: 31302
Epoch: [9]  [1080/5625]  eta: 1:15:08  lr: 0.000009  train_loss: 0.1287 (0.1876)  train_iou: 0.7057 (0.6495)  time: 0.9782  data: 0.0004  max mem: 31302
Epoch: [9]  [1100/5625]  eta: 1:14:47  lr: 0.000009  train_loss: 0.1400 (0.1878)  train_iou: 0.5949 (0.6480)  time: 0.9780  data: 0.0005  max mem: 31302
Epoch: [9]  [1120/5625]  eta: 1:14:27  lr: 0.000009  train_loss: 0.2462 (0.1894)  train_iou: 0.6087 (0.6469)  time: 0.9793  data: 0.0004  max mem: 31302
Epoch: [9]  [1140/5625]  eta: 1:14:06  lr: 0.000009  train_loss: 0.1499 (0.1892)  train_iou: 0.5440 (0.6462)  time: 0.9805  data: 0.0004  max mem: 31302
Epoch: [9]  [1160/5625]  eta: 1:13:45  lr: 0.000009  train_loss: 0.1805 (0.1895)  train_iou: 0.6509 (0.6465)  time: 0.9796  data: 0.0004  max mem: 31302
Epoch: [9]  [1180/5625]  eta: 1:13:24  lr: 0.000009  train_loss: 0.2178 (0.1904)  train_iou: 0.6541 (0.6461)  time: 0.9779  data: 0.0004  max mem: 31302
Epoch: [9]  [1200/5625]  eta: 1:13:04  lr: 0.000009  train_loss: 0.1489 (0.1904)  train_iou: 0.6707 (0.6464)  time: 0.9811  data: 0.0004  max mem: 31302
Epoch: [9]  [1220/5625]  eta: 1:12:43  lr: 0.000009  train_loss: 0.1745 (0.1908)  train_iou: 0.6411 (0.6465)  time: 0.9748  data: 0.0004  max mem: 31302
Epoch: [9]  [1240/5625]  eta: 1:12:22  lr: 0.000009  train_loss: 0.1323 (0.1912)  train_iou: 0.6449 (0.6473)  time: 0.9809  data: 0.0004  max mem: 31302
Epoch: [9]  [1260/5625]  eta: 1:12:02  lr: 0.000009  train_loss: 0.1323 (0.1910)  train_iou: 0.6629 (0.6473)  time: 0.9777  data: 0.0004  max mem: 31302
Epoch: [9]  [1280/5625]  eta: 1:11:42  lr: 0.000009  train_loss: 0.1354 (0.1909)  train_iou: 0.6741 (0.6479)  time: 0.9905  data: 0.0004  max mem: 31302
Epoch: [9]  [1300/5625]  eta: 1:11:21  lr: 0.000009  train_loss: 0.2090 (0.1916)  train_iou: 0.6773 (0.6481)  time: 0.9816  data: 0.0005  max mem: 31302
Epoch: [9]  [1320/5625]  eta: 1:11:01  lr: 0.000009  train_loss: 0.1369 (0.1919)  train_iou: 0.6638 (0.6484)  time: 0.9770  data: 0.0004  max mem: 31302
Epoch: [9]  [1340/5625]  eta: 1:10:40  lr: 0.000009  train_loss: 0.1419 (0.1917)  train_iou: 0.6368 (0.6487)  time: 0.9780  data: 0.0004  max mem: 31302
Epoch: [9]  [1360/5625]  eta: 1:10:20  lr: 0.000009  train_loss: 0.1471 (0.1921)  train_iou: 0.7084 (0.6494)  time: 0.9860  data: 0.0005  max mem: 31302
Epoch: [9]  [1380/5625]  eta: 1:10:00  lr: 0.000009  train_loss: 0.1574 (0.1924)  train_iou: 0.6593 (0.6495)  time: 0.9789  data: 0.0004  max mem: 31302
Epoch: [9]  [1400/5625]  eta: 1:09:40  lr: 0.000009  train_loss: 0.1228 (0.1929)  train_iou: 0.6383 (0.6495)  time: 0.9832  data: 0.0004  max mem: 31302
Epoch: [9]  [1420/5625]  eta: 1:09:19  lr: 0.000009  train_loss: 0.1495 (0.1930)  train_iou: 0.5676 (0.6487)  time: 0.9819  data: 0.0004  max mem: 31302
Epoch: [9]  [1440/5625]  eta: 1:08:59  lr: 0.000009  train_loss: 0.1130 (0.1922)  train_iou: 0.6293 (0.6488)  time: 0.9822  data: 0.0004  max mem: 31302
Epoch: [9]  [1460/5625]  eta: 1:08:39  lr: 0.000009  train_loss: 0.1208 (0.1919)  train_iou: 0.6725 (0.6496)  time: 0.9828  data: 0.0004  max mem: 31302
Epoch: [9]  [1480/5625]  eta: 1:08:19  lr: 0.000009  train_loss: 0.1198 (0.1919)  train_iou: 0.6310 (0.6494)  time: 0.9875  data: 0.0004  max mem: 31302
Epoch: [9]  [1500/5625]  eta: 1:07:59  lr: 0.000009  train_loss: 0.1168 (0.1915)  train_iou: 0.6393 (0.6491)  time: 0.9834  data: 0.0004  max mem: 31302
Epoch: [9]  [1520/5625]  eta: 1:07:39  lr: 0.000009  train_loss: 0.1740 (0.1922)  train_iou: 0.5580 (0.6486)  time: 0.9800  data: 0.0004  max mem: 31302
Epoch: [9]  [1540/5625]  eta: 1:07:18  lr: 0.000009  train_loss: 0.1339 (0.1920)  train_iou: 0.6798 (0.6494)  time: 0.9742  data: 0.0004  max mem: 31302
Epoch: [9]  [1560/5625]  eta: 1:06:58  lr: 0.000009  train_loss: 0.0854 (0.1914)  train_iou: 0.6634 (0.6494)  time: 0.9789  data: 0.0004  max mem: 31302
Epoch: [9]  [1580/5625]  eta: 1:06:38  lr: 0.000009  train_loss: 0.1231 (0.1915)  train_iou: 0.6907 (0.6498)  time: 0.9815  data: 0.0004  max mem: 31302
Epoch: [9]  [1600/5625]  eta: 1:06:18  lr: 0.000009  train_loss: 0.1279 (0.1913)  train_iou: 0.6170 (0.6494)  time: 0.9784  data: 0.0004  max mem: 31302
Epoch: [9]  [1620/5625]  eta: 1:05:57  lr: 0.000009  train_loss: 0.1709 (0.1913)  train_iou: 0.6306 (0.6495)  time: 0.9754  data: 0.0004  max mem: 31302
Epoch: [9]  [1640/5625]  eta: 1:05:37  lr: 0.000009  train_loss: 0.1567 (0.1915)  train_iou: 0.6289 (0.6492)  time: 0.9785  data: 0.0004  max mem: 31302
Epoch: [9]  [1660/5625]  eta: 1:05:17  lr: 0.000009  train_loss: 0.1821 (0.1916)  train_iou: 0.6614 (0.6498)  time: 0.9809  data: 0.0004  max mem: 31302
Epoch: [9]  [1680/5625]  eta: 1:04:57  lr: 0.000009  train_loss: 0.1919 (0.1915)  train_iou: 0.6583 (0.6499)  time: 0.9809  data: 0.0004  max mem: 31302
Epoch: [9]  [1700/5625]  eta: 1:04:36  lr: 0.000009  train_loss: 0.1430 (0.1914)  train_iou: 0.6170 (0.6497)  time: 0.9765  data: 0.0004  max mem: 31302
Epoch: [9]  [1720/5625]  eta: 1:04:15  lr: 0.000009  train_loss: 0.1145 (0.1912)  train_iou: 0.6667 (0.6500)  time: 0.9566  data: 0.0004  max mem: 31302
Epoch: [9]  [1740/5625]  eta: 1:03:55  lr: 0.000009  train_loss: 0.1855 (0.1915)  train_iou: 0.6547 (0.6502)  time: 0.9822  data: 0.0004  max mem: 31302
Epoch: [9]  [1760/5625]  eta: 1:03:35  lr: 0.000009  train_loss: 0.2024 (0.1919)  train_iou: 0.5790 (0.6498)  time: 0.9786  data: 0.0004  max mem: 31302
Epoch: [9]  [1780/5625]  eta: 1:03:15  lr: 0.000009  train_loss: 0.1271 (0.1919)  train_iou: 0.6398 (0.6496)  time: 0.9752  data: 0.0004  max mem: 31302
Epoch: [9]  [1800/5625]  eta: 1:02:55  lr: 0.000009  train_loss: 0.1289 (0.1920)  train_iou: 0.7040 (0.6497)  time: 0.9857  data: 0.0004  max mem: 31302
Epoch: [9]  [1820/5625]  eta: 1:02:35  lr: 0.000009  train_loss: 0.1379 (0.1918)  train_iou: 0.6635 (0.6499)  time: 0.9779  data: 0.0004  max mem: 31302
Epoch: [9]  [1840/5625]  eta: 1:02:15  lr: 0.000009  train_loss: 0.1255 (0.1915)  train_iou: 0.6236 (0.6492)  time: 0.9769  data: 0.0004  max mem: 31302
Epoch: [9]  [1860/5625]  eta: 1:01:55  lr: 0.000009  train_loss: 0.1810 (0.1917)  train_iou: 0.5893 (0.6487)  time: 0.9776  data: 0.0004  max mem: 31302
Epoch: [9]  [1880/5625]  eta: 1:01:35  lr: 0.000009  train_loss: 0.1501 (0.1919)  train_iou: 0.6286 (0.6487)  time: 0.9827  data: 0.0004  max mem: 31302
Epoch: [9]  [1900/5625]  eta: 1:01:15  lr: 0.000009  train_loss: 0.1182 (0.1916)  train_iou: 0.5941 (0.6486)  time: 0.9809  data: 0.0004  max mem: 31302
Epoch: [9]  [1920/5625]  eta: 1:00:55  lr: 0.000009  train_loss: 0.1873 (0.1918)  train_iou: 0.6285 (0.6483)  time: 0.9731  data: 0.0004  max mem: 31302
Epoch: [9]  [1940/5625]  eta: 1:00:35  lr: 0.000009  train_loss: 0.1708 (0.1919)  train_iou: 0.6602 (0.6482)  time: 0.9853  data: 0.0004  max mem: 31302
Epoch: [9]  [1960/5625]  eta: 1:00:15  lr: 0.000009  train_loss: 0.1537 (0.1917)  train_iou: 0.7116 (0.6488)  time: 0.9855  data: 0.0004  max mem: 31302
Epoch: [9]  [1980/5625]  eta: 1:00:01  lr: 0.000009  train_loss: 0.2131 (0.1921)  train_iou: 0.6659 (0.6490)  time: 1.1375  data: 0.0004  max mem: 31302
Epoch: [9]  [2000/5625]  eta: 0:59:41  lr: 0.000009  train_loss: 0.1352 (0.1919)  train_iou: 0.6794 (0.6493)  time: 0.9813  data: 0.0004  max mem: 31302
Epoch: [9]  [2020/5625]  eta: 0:59:21  lr: 0.000009  train_loss: 0.1087 (0.1915)  train_iou: 0.6621 (0.6491)  time: 0.9797  data: 0.0004  max mem: 31302
Epoch: [9]  [2040/5625]  eta: 0:59:01  lr: 0.000009  train_loss: 0.1622 (0.1917)  train_iou: 0.6614 (0.6492)  time: 0.9846  data: 0.0004  max mem: 31302
Epoch: [9]  [2060/5625]  eta: 0:58:41  lr: 0.000009  train_loss: 0.1190 (0.1914)  train_iou: 0.6754 (0.6493)  time: 0.9836  data: 0.0004  max mem: 31302
Epoch: [9]  [2080/5625]  eta: 0:58:21  lr: 0.000009  train_loss: 0.2080 (0.1915)  train_iou: 0.6379 (0.6492)  time: 0.9908  data: 0.0004  max mem: 31302
Epoch: [9]  [2100/5625]  eta: 0:58:02  lr: 0.000009  train_loss: 0.1402 (0.1914)  train_iou: 0.7050 (0.6493)  time: 0.9856  data: 0.0004  max mem: 31302
Epoch: [9]  [2120/5625]  eta: 0:57:42  lr: 0.000009  train_loss: 0.2180 (0.1917)  train_iou: 0.6447 (0.6491)  time: 0.9845  data: 0.0004  max mem: 31302
Epoch: [9]  [2140/5625]  eta: 0:57:22  lr: 0.000009  train_loss: 0.1238 (0.1918)  train_iou: 0.6775 (0.6493)  time: 0.9812  data: 0.0004  max mem: 31302
Epoch: [9]  [2160/5625]  eta: 0:57:02  lr: 0.000009  train_loss: 0.1100 (0.1914)  train_iou: 0.6570 (0.6492)  time: 0.9817  data: 0.0004  max mem: 31302
Epoch: [9]  [2180/5625]  eta: 0:56:42  lr: 0.000009  train_loss: 0.2016 (0.1917)  train_iou: 0.6098 (0.6488)  time: 0.9814  data: 0.0004  max mem: 31302
Epoch: [9]  [2200/5625]  eta: 0:56:22  lr: 0.000009  train_loss: 0.1726 (0.1917)  train_iou: 0.6856 (0.6489)  time: 0.9762  data: 0.0004  max mem: 31302
Epoch: [9]  [2220/5625]  eta: 0:56:02  lr: 0.000009  train_loss: 0.1114 (0.1915)  train_iou: 0.6517 (0.6491)  time: 0.9802  data: 0.0004  max mem: 31302
Epoch: [9]  [2240/5625]  eta: 0:55:42  lr: 0.000009  train_loss: 0.1496 (0.1914)  train_iou: 0.6994 (0.6490)  time: 0.9829  data: 0.0004  max mem: 31302
Epoch: [9]  [2260/5625]  eta: 0:55:22  lr: 0.000009  train_loss: 0.2621 (0.1920)  train_iou: 0.5990 (0.6487)  time: 0.9830  data: 0.0004  max mem: 31302
Epoch: [9]  [2280/5625]  eta: 0:55:02  lr: 0.000009  train_loss: 0.1259 (0.1922)  train_iou: 0.6753 (0.6489)  time: 0.9830  data: 0.0004  max mem: 31302
Epoch: [9]  [2300/5625]  eta: 0:54:42  lr: 0.000009  train_loss: 0.1437 (0.1924)  train_iou: 0.6294 (0.6490)  time: 0.9858  data: 0.0004  max mem: 31302
Epoch: [9]  [2320/5625]  eta: 0:54:23  lr: 0.000009  train_loss: 0.1310 (0.1923)  train_iou: 0.6304 (0.6487)  time: 0.9860  data: 0.0004  max mem: 31302
Epoch: [9]  [2340/5625]  eta: 0:54:03  lr: 0.000009  train_loss: 0.1381 (0.1926)  train_iou: 0.5810 (0.6484)  time: 0.9850  data: 0.0004  max mem: 31302
Epoch: [9]  [2360/5625]  eta: 0:53:43  lr: 0.000009  train_loss: 0.1084 (0.1923)  train_iou: 0.6444 (0.6487)  time: 0.9798  data: 0.0004  max mem: 31302
Epoch: [9]  [2380/5625]  eta: 0:53:23  lr: 0.000009  train_loss: 0.1194 (0.1923)  train_iou: 0.6786 (0.6488)  time: 0.9818  data: 0.0004  max mem: 31302
Epoch: [9]  [2400/5625]  eta: 0:53:03  lr: 0.000009  train_loss: 0.1407 (0.1925)  train_iou: 0.6445 (0.6485)  time: 0.9837  data: 0.0004  max mem: 31302
Epoch: [9]  [2420/5625]  eta: 0:52:43  lr: 0.000009  train_loss: 0.1599 (0.1926)  train_iou: 0.6031 (0.6482)  time: 0.9821  data: 0.0004  max mem: 31302
Epoch: [9]  [2440/5625]  eta: 0:52:23  lr: 0.000009  train_loss: 0.1326 (0.1926)  train_iou: 0.6418 (0.6484)  time: 0.9821  data: 0.0004  max mem: 31302
Epoch: [9]  [2460/5625]  eta: 0:52:03  lr: 0.000009  train_loss: 0.1263 (0.1923)  train_iou: 0.6622 (0.6485)  time: 0.9824  data: 0.0004  max mem: 31302
Epoch: [9]  [2480/5625]  eta: 0:51:44  lr: 0.000009  train_loss: 0.1672 (0.1928)  train_iou: 0.6731 (0.6487)  time: 0.9923  data: 0.0004  max mem: 31302
Epoch: [9]  [2500/5625]  eta: 0:51:24  lr: 0.000009  train_loss: 0.1191 (0.1924)  train_iou: 0.6616 (0.6489)  time: 0.9876  data: 0.0004  max mem: 31302
Epoch: [9]  [2520/5625]  eta: 0:51:04  lr: 0.000009  train_loss: 0.1324 (0.1925)  train_iou: 0.6383 (0.6488)  time: 0.9868  data: 0.0004  max mem: 31302
Epoch: [9]  [2540/5625]  eta: 0:50:45  lr: 0.000009  train_loss: 0.1327 (0.1925)  train_iou: 0.6620 (0.6490)  time: 0.9839  data: 0.0004  max mem: 31302
Epoch: [9]  [2560/5625]  eta: 0:50:25  lr: 0.000009  train_loss: 0.1455 (0.1923)  train_iou: 0.5572 (0.6486)  time: 0.9843  data: 0.0004  max mem: 31302
Epoch: [9]  [2580/5625]  eta: 0:50:05  lr: 0.000009  train_loss: 0.1552 (0.1924)  train_iou: 0.6042 (0.6486)  time: 0.9847  data: 0.0004  max mem: 31302
Epoch: [9]  [2600/5625]  eta: 0:49:45  lr: 0.000009  train_loss: 0.1496 (0.1924)  train_iou: 0.5936 (0.6484)  time: 0.9799  data: 0.0004  max mem: 31302
Epoch: [9]  [2620/5625]  eta: 0:49:25  lr: 0.000009  train_loss: 0.2570 (0.1929)  train_iou: 0.5588 (0.6478)  time: 0.9758  data: 0.0004  max mem: 31302
Epoch: [9]  [2640/5625]  eta: 0:49:05  lr: 0.000009  train_loss: 0.1300 (0.1927)  train_iou: 0.6029 (0.6477)  time: 0.9779  data: 0.0004  max mem: 31302
Epoch: [9]  [2660/5625]  eta: 0:48:45  lr: 0.000009  train_loss: 0.1586 (0.1925)  train_iou: 0.6630 (0.6477)  time: 0.9775  data: 0.0004  max mem: 31302
Epoch: [9]  [2680/5625]  eta: 0:48:25  lr: 0.000009  train_loss: 0.1071 (0.1921)  train_iou: 0.6502 (0.6478)  time: 0.9763  data: 0.0004  max mem: 31302
Epoch: [9]  [2700/5625]  eta: 0:48:05  lr: 0.000009  train_loss: 0.2213 (0.1925)  train_iou: 0.6211 (0.6473)  time: 0.9791  data: 0.0004  max mem: 31302
Epoch: [9]  [2720/5625]  eta: 0:47:45  lr: 0.000009  train_loss: 0.1105 (0.1923)  train_iou: 0.5782 (0.6470)  time: 0.9785  data: 0.0004  max mem: 31302
Epoch: [9]  [2740/5625]  eta: 0:47:26  lr: 0.000009  train_loss: 0.1473 (0.1921)  train_iou: 0.6922 (0.6474)  time: 0.9818  data: 0.0004  max mem: 31302
Epoch: [9]  [2760/5625]  eta: 0:47:06  lr: 0.000009  train_loss: 0.2050 (0.1923)  train_iou: 0.6357 (0.6473)  time: 0.9804  data: 0.0004  max mem: 31302
Epoch: [9]  [2780/5625]  eta: 0:46:46  lr: 0.000009  train_loss: 0.1970 (0.1925)  train_iou: 0.5681 (0.6469)  time: 0.9789  data: 0.0004  max mem: 31302
Epoch: [9]  [2800/5625]  eta: 0:46:26  lr: 0.000009  train_loss: 0.0976 (0.1926)  train_iou: 0.6541 (0.6468)  time: 0.9766  data: 0.0004  max mem: 31302
Epoch: [9]  [2820/5625]  eta: 0:46:06  lr: 0.000009  train_loss: 0.2256 (0.1929)  train_iou: 0.6570 (0.6468)  time: 0.9864  data: 0.0004  max mem: 31302
Epoch: [9]  [2840/5625]  eta: 0:45:46  lr: 0.000009  train_loss: 0.1335 (0.1929)  train_iou: 0.6352 (0.6467)  time: 0.9840  data: 0.0004  max mem: 31302
Epoch: [9]  [2860/5625]  eta: 0:45:27  lr: 0.000009  train_loss: 0.1321 (0.1932)  train_iou: 0.6780 (0.6469)  time: 0.9795  data: 0.0004  max mem: 31302
Epoch: [9]  [2880/5625]  eta: 0:45:07  lr: 0.000009  train_loss: 0.1200 (0.1932)  train_iou: 0.6355 (0.6468)  time: 0.9750  data: 0.0004  max mem: 31302
Epoch: [9]  [2900/5625]  eta: 0:44:47  lr: 0.000009  train_loss: 0.1420 (0.1933)  train_iou: 0.5647 (0.6464)  time: 0.9867  data: 0.0004  max mem: 31302
Epoch: [9]  [2920/5625]  eta: 0:44:27  lr: 0.000009  train_loss: 0.1376 (0.1931)  train_iou: 0.6725 (0.6468)  time: 0.9854  data: 0.0004  max mem: 31302
Epoch: [9]  [2940/5625]  eta: 0:44:07  lr: 0.000009  train_loss: 0.1116 (0.1928)  train_iou: 0.6600 (0.6470)  time: 0.9795  data: 0.0004  max mem: 31302
Epoch: [9]  [2960/5625]  eta: 0:43:48  lr: 0.000009  train_loss: 0.1541 (0.1929)  train_iou: 0.6461 (0.6470)  time: 0.9864  data: 0.0004  max mem: 31302
Epoch: [9]  [2980/5625]  eta: 0:43:28  lr: 0.000009  train_loss: 0.1419 (0.1930)  train_iou: 0.6181 (0.6469)  time: 0.9849  data: 0.0004  max mem: 31302
Epoch: [9]  [3000/5625]  eta: 0:43:08  lr: 0.000009  train_loss: 0.1345 (0.1930)  train_iou: 0.6642 (0.6468)  time: 0.9838  data: 0.0004  max mem: 31302
Epoch: [9]  [3020/5625]  eta: 0:42:48  lr: 0.000009  train_loss: 0.1165 (0.1930)  train_iou: 0.6330 (0.6469)  time: 0.9837  data: 0.0004  max mem: 31302
Epoch: [9]  [3040/5625]  eta: 0:42:29  lr: 0.000009  train_loss: 0.1351 (0.1931)  train_iou: 0.7251 (0.6470)  time: 0.9836  data: 0.0004  max mem: 31302
Epoch: [9]  [3060/5625]  eta: 0:42:09  lr: 0.000009  train_loss: 0.1289 (0.1929)  train_iou: 0.6396 (0.6469)  time: 0.9824  data: 0.0004  max mem: 31302
Epoch: [9]  [3080/5625]  eta: 0:41:49  lr: 0.000009  train_loss: 0.1138 (0.1929)  train_iou: 0.6790 (0.6471)  time: 0.9827  data: 0.0004  max mem: 31302
Epoch: [9]  [3100/5625]  eta: 0:41:29  lr: 0.000009  train_loss: 0.1257 (0.1929)  train_iou: 0.6303 (0.6471)  time: 0.9819  data: 0.0004  max mem: 31302
Epoch: [9]  [3120/5625]  eta: 0:41:09  lr: 0.000009  train_loss: 0.2025 (0.1929)  train_iou: 0.6661 (0.6473)  time: 0.9846  data: 0.0004  max mem: 31302
Epoch: [9]  [3140/5625]  eta: 0:40:50  lr: 0.000009  train_loss: 0.1173 (0.1927)  train_iou: 0.6874 (0.6476)  time: 0.9822  data: 0.0004  max mem: 31302
Epoch: [9]  [3160/5625]  eta: 0:40:30  lr: 0.000009  train_loss: 0.1510 (0.1925)  train_iou: 0.6698 (0.6477)  time: 0.9794  data: 0.0004  max mem: 31302
Epoch: [9]  [3180/5625]  eta: 0:40:10  lr: 0.000009  train_loss: 0.1292 (0.1925)  train_iou: 0.6423 (0.6476)  time: 0.9819  data: 0.0004  max mem: 31302
Epoch: [9]  [3200/5625]  eta: 0:39:50  lr: 0.000009  train_loss: 0.1536 (0.1927)  train_iou: 0.6117 (0.6475)  time: 0.9794  data: 0.0004  max mem: 31302
Epoch: [9]  [3220/5625]  eta: 0:39:31  lr: 0.000009  train_loss: 0.1241 (0.1926)  train_iou: 0.6538 (0.6475)  time: 0.9904  data: 0.0004  max mem: 31302
Epoch: [9]  [3240/5625]  eta: 0:39:11  lr: 0.000009  train_loss: 0.1207 (0.1925)  train_iou: 0.6745 (0.6478)  time: 0.9849  data: 0.0004  max mem: 31302
Epoch: [9]  [3260/5625]  eta: 0:38:51  lr: 0.000009  train_loss: 0.1364 (0.1923)  train_iou: 0.6677 (0.6479)  time: 0.9928  data: 0.0004  max mem: 31302
Epoch: [9]  [3280/5625]  eta: 0:38:32  lr: 0.000009  train_loss: 0.1391 (0.1924)  train_iou: 0.6935 (0.6482)  time: 0.9913  data: 0.0004  max mem: 31302
Epoch: [9]  [3300/5625]  eta: 0:38:14  lr: 0.000009  train_loss: 0.1791 (0.1924)  train_iou: 0.6368 (0.6478)  time: 1.1376  data: 0.0004  max mem: 31302
Epoch: [9]  [3320/5625]  eta: 0:37:54  lr: 0.000009  train_loss: 0.1471 (0.1925)  train_iou: 0.6576 (0.6477)  time: 0.9873  data: 0.0004  max mem: 31302
Epoch: [9]  [3340/5625]  eta: 0:37:35  lr: 0.000009  train_loss: 0.1028 (0.1923)  train_iou: 0.6391 (0.6477)  time: 0.9865  data: 0.0004  max mem: 31302
Epoch: [9]  [3360/5625]  eta: 0:37:15  lr: 0.000009  train_loss: 0.1096 (0.1920)  train_iou: 0.6538 (0.6476)  time: 0.9919  data: 0.0004  max mem: 31302
Epoch: [9]  [3380/5625]  eta: 0:36:55  lr: 0.000009  train_loss: 0.1761 (0.1922)  train_iou: 0.5805 (0.6472)  time: 0.9880  data: 0.0004  max mem: 31302
Epoch: [9]  [3400/5625]  eta: 0:36:35  lr: 0.000009  train_loss: 0.2077 (0.1923)  train_iou: 0.6445 (0.6471)  time: 0.9833  data: 0.0004  max mem: 31302
Epoch: [9]  [3420/5625]  eta: 0:36:16  lr: 0.000009  train_loss: 0.1227 (0.1923)  train_iou: 0.6059 (0.6469)  time: 0.9896  data: 0.0004  max mem: 31302
Epoch: [9]  [3440/5625]  eta: 0:35:56  lr: 0.000009  train_loss: 0.1324 (0.1923)  train_iou: 0.6650 (0.6468)  time: 0.9880  data: 0.0004  max mem: 31302
Epoch: [9]  [3460/5625]  eta: 0:35:36  lr: 0.000009  train_loss: 0.1245 (0.1921)  train_iou: 0.6481 (0.6468)  time: 0.9858  data: 0.0004  max mem: 31302
Epoch: [9]  [3480/5625]  eta: 0:35:16  lr: 0.000009  train_loss: 0.1411 (0.1924)  train_iou: 0.5878 (0.6465)  time: 0.9900  data: 0.0004  max mem: 31302
Epoch: [9]  [3500/5625]  eta: 0:34:57  lr: 0.000009  train_loss: 0.1196 (0.1923)  train_iou: 0.6420 (0.6463)  time: 0.9866  data: 0.0004  max mem: 31302
Epoch: [9]  [3520/5625]  eta: 0:34:37  lr: 0.000009  train_loss: 0.1757 (0.1925)  train_iou: 0.5513 (0.6459)  time: 0.9774  data: 0.0004  max mem: 31302
Epoch: [9]  [3540/5625]  eta: 0:34:17  lr: 0.000009  train_loss: 0.1126 (0.1923)  train_iou: 0.6691 (0.6460)  time: 0.9829  data: 0.0004  max mem: 31302
Epoch: [9]  [3560/5625]  eta: 0:33:57  lr: 0.000009  train_loss: 0.1102 (0.1920)  train_iou: 0.6857 (0.6462)  time: 0.9812  data: 0.0004  max mem: 31302
Epoch: [9]  [3580/5625]  eta: 0:33:38  lr: 0.000009  train_loss: 0.1206 (0.1918)  train_iou: 0.6472 (0.6463)  time: 0.9830  data: 0.0004  max mem: 31302
Epoch: [9]  [3600/5625]  eta: 0:33:18  lr: 0.000009  train_loss: 0.2016 (0.1920)  train_iou: 0.6696 (0.6463)  time: 0.9859  data: 0.0004  max mem: 31302
Epoch: [9]  [3620/5625]  eta: 0:32:58  lr: 0.000009  train_loss: 0.1230 (0.1919)  train_iou: 0.6521 (0.6463)  time: 0.9777  data: 0.0004  max mem: 31302
Epoch: [9]  [3640/5625]  eta: 0:32:38  lr: 0.000009  train_loss: 0.1150 (0.1919)  train_iou: 0.6185 (0.6462)  time: 0.9875  data: 0.0004  max mem: 31302
Epoch: [9]  [3660/5625]  eta: 0:32:19  lr: 0.000009  train_loss: 0.1493 (0.1918)  train_iou: 0.6843 (0.6463)  time: 0.9905  data: 0.0004  max mem: 31302
Epoch: [9]  [3680/5625]  eta: 0:31:59  lr: 0.000009  train_loss: 0.1625 (0.1917)  train_iou: 0.6858 (0.6465)  time: 0.9867  data: 0.0004  max mem: 31302
Epoch: [9]  [3700/5625]  eta: 0:31:39  lr: 0.000009  train_loss: 0.1755 (0.1918)  train_iou: 0.5704 (0.6461)  time: 0.9836  data: 0.0004  max mem: 31302
Epoch: [9]  [3720/5625]  eta: 0:31:19  lr: 0.000009  train_loss: 0.1187 (0.1919)  train_iou: 0.6102 (0.6458)  time: 0.9842  data: 0.0004  max mem: 31302
Epoch: [9]  [3740/5625]  eta: 0:30:59  lr: 0.000009  train_loss: 0.1931 (0.1921)  train_iou: 0.5900 (0.6457)  time: 0.9835  data: 0.0004  max mem: 31302
Epoch: [9]  [3760/5625]  eta: 0:30:40  lr: 0.000009  train_loss: 0.1813 (0.1922)  train_iou: 0.6468 (0.6456)  time: 0.9818  data: 0.0004  max mem: 31302
Epoch: [9]  [3780/5625]  eta: 0:30:20  lr: 0.000009  train_loss: 0.1850 (0.1922)  train_iou: 0.6744 (0.6456)  time: 0.9858  data: 0.0004  max mem: 31302
Epoch: [9]  [3800/5625]  eta: 0:30:00  lr: 0.000009  train_loss: 0.1705 (0.1923)  train_iou: 0.6681 (0.6457)  time: 0.9831  data: 0.0004  max mem: 31302
Epoch: [9]  [3820/5625]  eta: 0:29:40  lr: 0.000009  train_loss: 0.1331 (0.1924)  train_iou: 0.6787 (0.6459)  time: 0.9883  data: 0.0004  max mem: 31302
Epoch: [9]  [3840/5625]  eta: 0:29:21  lr: 0.000009  train_loss: 0.1429 (0.1924)  train_iou: 0.6365 (0.6460)  time: 0.9818  data: 0.0004  max mem: 31302
Epoch: [9]  [3860/5625]  eta: 0:29:01  lr: 0.000009  train_loss: 0.2200 (0.1926)  train_iou: 0.5719 (0.6458)  time: 0.9816  data: 0.0004  max mem: 31302
Epoch: [9]  [3880/5625]  eta: 0:28:41  lr: 0.000009  train_loss: 0.1004 (0.1923)  train_iou: 0.6682 (0.6459)  time: 0.9851  data: 0.0004  max mem: 31302
Epoch: [9]  [3900/5625]  eta: 0:28:21  lr: 0.000009  train_loss: 0.1842 (0.1924)  train_iou: 0.6611 (0.6459)  time: 0.9833  data: 0.0004  max mem: 31302
Epoch: [9]  [3920/5625]  eta: 0:28:02  lr: 0.000009  train_loss: 0.1231 (0.1924)  train_iou: 0.6848 (0.6461)  time: 0.9811  data: 0.0004  max mem: 31302
Epoch: [9]  [3940/5625]  eta: 0:27:42  lr: 0.000009  train_loss: 0.1597 (0.1925)  train_iou: 0.6400 (0.6462)  time: 0.9873  data: 0.0004  max mem: 31302
Epoch: [9]  [3960/5625]  eta: 0:27:22  lr: 0.000009  train_loss: 0.1463 (0.1924)  train_iou: 0.6478 (0.6461)  time: 0.9838  data: 0.0004  max mem: 31302
Epoch: [9]  [3980/5625]  eta: 0:27:02  lr: 0.000009  train_loss: 0.1100 (0.1924)  train_iou: 0.6181 (0.6460)  time: 0.9824  data: 0.0004  max mem: 31302
Epoch: [9]  [4000/5625]  eta: 0:26:43  lr: 0.000009  train_loss: 0.1241 (0.1924)  train_iou: 0.6645 (0.6461)  time: 0.9856  data: 0.0004  max mem: 31302
Epoch: [9]  [4020/5625]  eta: 0:26:23  lr: 0.000009  train_loss: 0.1023 (0.1922)  train_iou: 0.6697 (0.6462)  time: 0.9850  data: 0.0004  max mem: 31302
Epoch: [9]  [4040/5625]  eta: 0:26:03  lr: 0.000009  train_loss: 0.1659 (0.1925)  train_iou: 0.6457 (0.6461)  time: 0.9868  data: 0.0004  max mem: 31302
Epoch: [9]  [4060/5625]  eta: 0:25:43  lr: 0.000009  train_loss: 0.1165 (0.1924)  train_iou: 0.6553 (0.6461)  time: 0.9825  data: 0.0004  max mem: 31302
Epoch: [9]  [4080/5625]  eta: 0:25:24  lr: 0.000009  train_loss: 0.1875 (0.1927)  train_iou: 0.6605 (0.6461)  time: 0.9869  data: 0.0004  max mem: 31302
Epoch: [9]  [4100/5625]  eta: 0:25:04  lr: 0.000009  train_loss: 0.1400 (0.1927)  train_iou: 0.6273 (0.6460)  time: 0.9842  data: 0.0004  max mem: 31302
Epoch: [9]  [4120/5625]  eta: 0:24:44  lr: 0.000009  train_loss: 0.1660 (0.1928)  train_iou: 0.6937 (0.6462)  time: 0.9895  data: 0.0004  max mem: 31302
Epoch: [9]  [4140/5625]  eta: 0:24:24  lr: 0.000009  train_loss: 0.1249 (0.1926)  train_iou: 0.6635 (0.6462)  time: 0.9851  data: 0.0004  max mem: 31302
Epoch: [9]  [4160/5625]  eta: 0:24:05  lr: 0.000009  train_loss: 0.1441 (0.1927)  train_iou: 0.6454 (0.6464)  time: 0.9831  data: 0.0004  max mem: 31302
Epoch: [9]  [4180/5625]  eta: 0:23:45  lr: 0.000009  train_loss: 0.1454 (0.1927)  train_iou: 0.6622 (0.6463)  time: 0.9783  data: 0.0004  max mem: 31302
Epoch: [9]  [4200/5625]  eta: 0:23:25  lr: 0.000009  train_loss: 0.1154 (0.1930)  train_iou: 0.5889 (0.6461)  time: 0.9833  data: 0.0004  max mem: 31302
Epoch: [9]  [4220/5625]  eta: 0:23:05  lr: 0.000009  train_loss: 0.1616 (0.1930)  train_iou: 0.6544 (0.6460)  time: 0.9805  data: 0.0004  max mem: 31302
Epoch: [9]  [4240/5625]  eta: 0:22:46  lr: 0.000009  train_loss: 0.1794 (0.1931)  train_iou: 0.6618 (0.6461)  time: 0.9804  data: 0.0004  max mem: 31302
Epoch: [9]  [4260/5625]  eta: 0:22:26  lr: 0.000009  train_loss: 0.1506 (0.1931)  train_iou: 0.6640 (0.6462)  time: 0.9912  data: 0.0004  max mem: 31302
Epoch: [9]  [4280/5625]  eta: 0:22:06  lr: 0.000009  train_loss: 0.1421 (0.1932)  train_iou: 0.6228 (0.6461)  time: 0.9861  data: 0.0004  max mem: 31302
Epoch: [9]  [4300/5625]  eta: 0:21:46  lr: 0.000009  train_loss: 0.1424 (0.1932)  train_iou: 0.6468 (0.6462)  time: 0.9819  data: 0.0004  max mem: 31302
Epoch: [9]  [4320/5625]  eta: 0:21:27  lr: 0.000009  train_loss: 0.1429 (0.1931)  train_iou: 0.6683 (0.6464)  time: 0.9849  data: 0.0004  max mem: 31302
Epoch: [9]  [4340/5625]  eta: 0:21:07  lr: 0.000009  train_loss: 0.1184 (0.1930)  train_iou: 0.6512 (0.6465)  time: 0.9898  data: 0.0004  max mem: 31302
Epoch: [9]  [4360/5625]  eta: 0:20:47  lr: 0.000009  train_loss: 0.1513 (0.1931)  train_iou: 0.6273 (0.6464)  time: 0.9795  data: 0.0004  max mem: 31302
Epoch: [9]  [4380/5625]  eta: 0:20:28  lr: 0.000009  train_loss: 0.2299 (0.1933)  train_iou: 0.5845 (0.6463)  time: 0.9817  data: 0.0004  max mem: 31302
Epoch: [9]  [4400/5625]  eta: 0:20:08  lr: 0.000009  train_loss: 0.1962 (0.1934)  train_iou: 0.6992 (0.6465)  time: 0.9793  data: 0.0005  max mem: 31302
Epoch: [9]  [4420/5625]  eta: 0:19:48  lr: 0.000009  train_loss: 0.1433 (0.1934)  train_iou: 0.6605 (0.6467)  time: 0.9880  data: 0.0004  max mem: 31302
Epoch: [9]  [4440/5625]  eta: 0:19:28  lr: 0.000009  train_loss: 0.1833 (0.1934)  train_iou: 0.6563 (0.6467)  time: 0.9853  data: 0.0004  max mem: 31302
Epoch: [9]  [4460/5625]  eta: 0:19:09  lr: 0.000009  train_loss: 0.1686 (0.1938)  train_iou: 0.6332 (0.6468)  time: 0.9812  data: 0.0004  max mem: 31302
Epoch: [9]  [4480/5625]  eta: 0:18:49  lr: 0.000009  train_loss: 0.1417 (0.1938)  train_iou: 0.6142 (0.6467)  time: 0.9776  data: 0.0004  max mem: 31302
Epoch: [9]  [4500/5625]  eta: 0:18:29  lr: 0.000009  train_loss: 0.1184 (0.1938)  train_iou: 0.6659 (0.6466)  time: 0.9651  data: 0.0004  max mem: 31302
Epoch: [9]  [4520/5625]  eta: 0:18:09  lr: 0.000009  train_loss: 0.1123 (0.1936)  train_iou: 0.6985 (0.6469)  time: 0.9746  data: 0.0004  max mem: 31302
Epoch: [9]  [4540/5625]  eta: 0:17:49  lr: 0.000009  train_loss: 0.1351 (0.1937)  train_iou: 0.6302 (0.6470)  time: 0.9822  data: 0.0004  max mem: 31302
Epoch: [9]  [4560/5625]  eta: 0:17:30  lr: 0.000009  train_loss: 0.1335 (0.1937)  train_iou: 0.6856 (0.6472)  time: 0.9861  data: 0.0005  max mem: 31302
Epoch: [9]  [4580/5625]  eta: 0:17:10  lr: 0.000009  train_loss: 0.1375 (0.1937)  train_iou: 0.6698 (0.6473)  time: 0.9769  data: 0.0004  max mem: 31302
Epoch: [9]  [4600/5625]  eta: 0:16:50  lr: 0.000009  train_loss: 0.2171 (0.1939)  train_iou: 0.6522 (0.6474)  time: 0.9789  data: 0.0004  max mem: 31302
Epoch: [9]  [4620/5625]  eta: 0:16:31  lr: 0.000009  train_loss: 0.1313 (0.1938)  train_iou: 0.6503 (0.6473)  time: 1.1290  data: 0.0004  max mem: 31302
Epoch: [9]  [4640/5625]  eta: 0:16:11  lr: 0.000009  train_loss: 0.2199 (0.1941)  train_iou: 0.5548 (0.6471)  time: 0.9756  data: 0.0004  max mem: 31302
Epoch: [9]  [4660/5625]  eta: 0:15:52  lr: 0.000009  train_loss: 0.1122 (0.1938)  train_iou: 0.6686 (0.6473)  time: 0.9843  data: 0.0004  max mem: 31302
Epoch: [9]  [4680/5625]  eta: 0:15:32  lr: 0.000009  train_loss: 0.1632 (0.1938)  train_iou: 0.6371 (0.6473)  time: 0.9786  data: 0.0004  max mem: 31302
Epoch: [9]  [4700/5625]  eta: 0:15:12  lr: 0.000009  train_loss: 0.1262 (0.1937)  train_iou: 0.6377 (0.6473)  time: 0.9741  data: 0.0004  max mem: 31302
Epoch: [9]  [4720/5625]  eta: 0:14:52  lr: 0.000009  train_loss: 0.1518 (0.1937)  train_iou: 0.7364 (0.6477)  time: 0.9794  data: 0.0004  max mem: 31302
Epoch: [9]  [4740/5625]  eta: 0:14:32  lr: 0.000009  train_loss: 0.1416 (0.1937)  train_iou: 0.6223 (0.6476)  time: 0.9788  data: 0.0004  max mem: 31302
Epoch: [9]  [4760/5625]  eta: 0:14:13  lr: 0.000009  train_loss: 0.1493 (0.1938)  train_iou: 0.6527 (0.6476)  time: 0.9790  data: 0.0004  max mem: 31302
Epoch: [9]  [4780/5625]  eta: 0:13:53  lr: 0.000009  train_loss: 0.1183 (0.1937)  train_iou: 0.6501 (0.6475)  time: 0.9799  data: 0.0004  max mem: 31302
Epoch: [9]  [4800/5625]  eta: 0:13:33  lr: 0.000009  train_loss: 0.1242 (0.1937)  train_iou: 0.6089 (0.6473)  time: 0.9811  data: 0.0004  max mem: 31302
Epoch: [9]  [4820/5625]  eta: 0:13:13  lr: 0.000009  train_loss: 0.1473 (0.1940)  train_iou: 0.6284 (0.6471)  time: 0.9799  data: 0.0004  max mem: 31302
Epoch: [9]  [4840/5625]  eta: 0:12:54  lr: 0.000009  train_loss: 0.1999 (0.1941)  train_iou: 0.6304 (0.6469)  time: 0.9774  data: 0.0004  max mem: 31302
Epoch: [9]  [4860/5625]  eta: 0:12:34  lr: 0.000009  train_loss: 0.1333 (0.1941)  train_iou: 0.6428 (0.6467)  time: 0.9783  data: 0.0004  max mem: 31302
Epoch: [9]  [4880/5625]  eta: 0:12:14  lr: 0.000009  train_loss: 0.1240 (0.1942)  train_iou: 0.5757 (0.6465)  time: 0.9793  data: 0.0004  max mem: 31302
Epoch: [9]  [4900/5625]  eta: 0:11:54  lr: 0.000009  train_loss: 0.1215 (0.1940)  train_iou: 0.6713 (0.6466)  time: 0.9785  data: 0.0004  max mem: 31302
Epoch: [9]  [4920/5625]  eta: 0:11:35  lr: 0.000009  train_loss: 0.1155 (0.1940)  train_iou: 0.6561 (0.6467)  time: 0.9841  data: 0.0004  max mem: 31302
Epoch: [9]  [4940/5625]  eta: 0:11:15  lr: 0.000009  train_loss: 0.1429 (0.1939)  train_iou: 0.5846 (0.6466)  time: 0.9851  data: 0.0004  max mem: 31302
Epoch: [9]  [4960/5625]  eta: 0:10:55  lr: 0.000009  train_loss: 0.1462 (0.1939)  train_iou: 0.6268 (0.6465)  time: 0.9848  data: 0.0004  max mem: 31302
Epoch: [9]  [4980/5625]  eta: 0:10:36  lr: 0.000009  train_loss: 0.1759 (0.1941)  train_iou: 0.5554 (0.6463)  time: 0.9829  data: 0.0004  max mem: 31302
Epoch: [9]  [5000/5625]  eta: 0:10:16  lr: 0.000009  train_loss: 0.1349 (0.1940)  train_iou: 0.6424 (0.6463)  time: 0.9789  data: 0.0004  max mem: 31302
Epoch: [9]  [5020/5625]  eta: 0:09:56  lr: 0.000009  train_loss: 0.1253 (0.1941)  train_iou: 0.5785 (0.6463)  time: 0.9832  data: 0.0004  max mem: 31302
Epoch: [9]  [5040/5625]  eta: 0:09:36  lr: 0.000009  train_loss: 0.1405 (0.1941)  train_iou: 0.6424 (0.6462)  time: 0.9855  data: 0.0004  max mem: 31302
Epoch: [9]  [5060/5625]  eta: 0:09:17  lr: 0.000009  train_loss: 0.1537 (0.1941)  train_iou: 0.6096 (0.6461)  time: 0.9734  data: 0.0004  max mem: 31302
Epoch: [9]  [5080/5625]  eta: 0:08:57  lr: 0.000009  train_loss: 0.1633 (0.1941)  train_iou: 0.6739 (0.6461)  time: 0.9764  data: 0.0004  max mem: 31302
Epoch: [9]  [5100/5625]  eta: 0:08:37  lr: 0.000009  train_loss: 0.1340 (0.1940)  train_iou: 0.7122 (0.6463)  time: 0.9810  data: 0.0004  max mem: 31302
Epoch: [9]  [5120/5625]  eta: 0:08:17  lr: 0.000009  train_loss: 0.1328 (0.1942)  train_iou: 0.6217 (0.6463)  time: 0.9847  data: 0.0004  max mem: 31302
Epoch: [9]  [5140/5625]  eta: 0:07:58  lr: 0.000009  train_loss: 0.2049 (0.1942)  train_iou: 0.6389 (0.6462)  time: 0.9808  data: 0.0004  max mem: 31302
Epoch: [9]  [5160/5625]  eta: 0:07:38  lr: 0.000009  train_loss: 0.1535 (0.1942)  train_iou: 0.6778 (0.6463)  time: 0.9754  data: 0.0004  max mem: 31302
Epoch: [9]  [5180/5625]  eta: 0:07:18  lr: 0.000009  train_loss: 0.1962 (0.1942)  train_iou: 0.6911 (0.6464)  time: 0.9954  data: 0.0004  max mem: 31302
Epoch: [9]  [5200/5625]  eta: 0:06:59  lr: 0.000009  train_loss: 0.1081 (0.1941)  train_iou: 0.7463 (0.6466)  time: 0.9876  data: 0.0004  max mem: 31302
Epoch: [9]  [5220/5625]  eta: 0:06:39  lr: 0.000009  train_loss: 0.1703 (0.1942)  train_iou: 0.7291 (0.6468)  time: 0.9830  data: 0.0004  max mem: 31302
Epoch: [9]  [5240/5625]  eta: 0:06:19  lr: 0.000009  train_loss: 0.1584 (0.1943)  train_iou: 0.7170 (0.6471)  time: 0.9827  data: 0.0004  max mem: 31302
Epoch: [9]  [5260/5625]  eta: 0:05:59  lr: 0.000009  train_loss: 0.1365 (0.1943)  train_iou: 0.6545 (0.6472)  time: 0.9889  data: 0.0004  max mem: 31302
Epoch: [9]  [5280/5625]  eta: 0:05:40  lr: 0.000009  train_loss: 0.1788 (0.1943)  train_iou: 0.6599 (0.6472)  time: 0.9818  data: 0.0004  max mem: 31302
Epoch: [9]  [5300/5625]  eta: 0:05:20  lr: 0.000009  train_loss: 0.2235 (0.1945)  train_iou: 0.6296 (0.6471)  time: 0.9874  data: 0.0004  max mem: 31302
Epoch: [9]  [5320/5625]  eta: 0:05:00  lr: 0.000009  train_loss: 0.2137 (0.1946)  train_iou: 0.6603 (0.6471)  time: 0.9916  data: 0.0004  max mem: 31302
Epoch: [9]  [5340/5625]  eta: 0:04:41  lr: 0.000009  train_loss: 0.1410 (0.1949)  train_iou: 0.6427 (0.6470)  time: 0.9864  data: 0.0004  max mem: 31302
Epoch: [9]  [5360/5625]  eta: 0:04:21  lr: 0.000009  train_loss: 0.1344 (0.1949)  train_iou: 0.6809 (0.6472)  time: 0.9852  data: 0.0004  max mem: 31302
Epoch: [9]  [5380/5625]  eta: 0:04:01  lr: 0.000009  train_loss: 0.2357 (0.1951)  train_iou: 0.5827 (0.6470)  time: 0.9875  data: 0.0004  max mem: 31302
Epoch: [9]  [5400/5625]  eta: 0:03:41  lr: 0.000009  train_loss: 0.1335 (0.1950)  train_iou: 0.6707 (0.6470)  time: 0.9829  data: 0.0004  max mem: 31302
Epoch: [9]  [5420/5625]  eta: 0:03:22  lr: 0.000009  train_loss: 0.1291 (0.1950)  train_iou: 0.6405 (0.6470)  time: 0.9911  data: 0.0004  max mem: 31302
Epoch: [9]  [5440/5625]  eta: 0:03:02  lr: 0.000009  train_loss: 0.1518 (0.1949)  train_iou: 0.6623 (0.6471)  time: 0.9882  data: 0.0004  max mem: 31302
Epoch: [9]  [5460/5625]  eta: 0:02:42  lr: 0.000009  train_loss: 0.1127 (0.1948)  train_iou: 0.6523 (0.6471)  time: 0.9858  data: 0.0004  max mem: 31302
Epoch: [9]  [5480/5625]  eta: 0:02:22  lr: 0.000009  train_loss: 0.1193 (0.1946)  train_iou: 0.6367 (0.6472)  time: 0.9872  data: 0.0004  max mem: 31302
Epoch: [9]  [5500/5625]  eta: 0:02:03  lr: 0.000009  train_loss: 0.1315 (0.1946)  train_iou: 0.5602 (0.6469)  time: 0.9873  data: 0.0004  max mem: 31302
Epoch: [9]  [5520/5625]  eta: 0:01:43  lr: 0.000009  train_loss: 0.1096 (0.1945)  train_iou: 0.6772 (0.6471)  time: 0.9860  data: 0.0004  max mem: 31302
Epoch: [9]  [5540/5625]  eta: 0:01:23  lr: 0.000009  train_loss: 0.1488 (0.1946)  train_iou: 0.6935 (0.6472)  time: 0.9873  data: 0.0004  max mem: 31302
Epoch: [9]  [5560/5625]  eta: 0:01:04  lr: 0.000009  train_loss: 0.1599 (0.1947)  train_iou: 0.6755 (0.6473)  time: 0.9862  data: 0.0004  max mem: 31302
Epoch: [9]  [5580/5625]  eta: 0:00:44  lr: 0.000009  train_loss: 0.1920 (0.1948)  train_iou: 0.6731 (0.6473)  time: 0.9903  data: 0.0004  max mem: 31302
Epoch: [9]  [5600/5625]  eta: 0:00:24  lr: 0.000009  train_loss: 0.1859 (0.1949)  train_iou: 0.7353 (0.6475)  time: 0.9874  data: 0.0004  max mem: 31302
Epoch: [9]  [5620/5625]  eta: 0:00:04  lr: 0.000009  train_loss: 0.1915 (0.1949)  train_iou: 0.5715 (0.6472)  time: 0.9148  data: 0.0003  max mem: 31302
Epoch: [9]  [5624/5625]  eta: 0:00:00  lr: 0.000009  train_loss: 0.1869 (0.1949)  train_iou: 0.5605 (0.6471)  time: 0.8932  data: 0.0002  max mem: 31302
Epoch: [9] Total time: 1:32:25 (0.9859 s / it)
Averaged stats: lr: 0.000009  train_loss: 0.1869 (0.1949)  train_iou: 0.5605 (0.6471)
huggingface/tokenizers: The current process just got forked, after parallelism has already been used. Disabling parallelism to avoid deadlocks...
To disable this warning, you can either:
	- Avoid using `tokenizers` before the fork if possible
	- Explicitly set the environment variable TOKENIZERS_PARALLELISM=(true | false)
huggingface/tokenizers: The current process just got forked, after parallelism has already been used. Disabling parallelism to avoid deadlocks...
To disable this warning, you can either:
	- Avoid using `tokenizers` before the fork if possible
	- Explicitly set the environment variable TOKENIZERS_PARALLELISM=(true | false)
huggingface/tokenizers: The current process just got forked, after parallelism has already been used. Disabling parallelism to avoid deadlocks...
To disable this warning, you can either:
	- Avoid using `tokenizers` before the fork if possible
	- Explicitly set the environment variable TOKENIZERS_PARALLELISM=(true | false)
huggingface/tokenizers: The current process just got forked, after parallelism has already been used. Disabling parallelism to avoid deadlocks...
To disable this warning, you can either:
	- Avoid using `tokenizers` before the fork if possible
	- Explicitly set the environment variable TOKENIZERS_PARALLELISM=(true | false)
huggingface/tokenizers: The current process just got forked, after parallelism has already been used. Disabling parallelism to avoid deadlocks...
To disable this warning, you can either:
	- Avoid using `tokenizers` before the fork if possible
	- Explicitly set the environment variable TOKENIZERS_PARALLELISM=(true | false)
huggingface/tokenizers: The current process just got forked, after parallelism has already been used. Disabling parallelism to avoid deadlocks...
To disable this warning, you can either:
	- Avoid using `tokenizers` before the fork if possible
	- Explicitly set the environment variable TOKENIZERS_PARALLELISM=(true | false)
huggingface/tokenizers: The current process just got forked, after parallelism has already been used. Disabling parallelism to avoid deadlocks...
To disable this warning, you can either:
	- Avoid using `tokenizers` before the fork if possible
	- Explicitly set the environment variable TOKENIZERS_PARALLELISM=(true | false)
huggingface/tokenizers: The current process just got forked, after parallelism has already been used. Disabling parallelism to avoid deadlocks...
To disable this warning, you can either:
	- Avoid using `tokenizers` before the fork if possible
	- Explicitly set the environment variable TOKENIZERS_PARALLELISM=(true | false)
Test:  [   0/4000]  eta: 1:49:29  inter: 33239.0000 (33239.0000)  union: 35773.0000 (35773.0000)  iou: 0.9292 (0.9292)  time: 1.6423  data: 1.2956  max mem: 31302
Test:  [  50/4000]  eta: 0:14:09  inter: 15577.0000 (24675.5781)  union: 49267.0000 (43087.8906)  iou: 0.5036 (0.5466)  time: 0.1914  data: 0.0004  max mem: 31302
Test:  [ 100/4000]  eta: 0:13:14  inter: 23905.0000 (26867.5882)  union: 47580.0000 (42969.0147)  iou: 0.6766 (0.6007)  time: 0.1865  data: 0.0004  max mem: 31302
Test:  [ 150/4000]  eta: 0:12:52  inter: 18892.0000 (26392.1100)  union: 30164.0000 (40451.8852)  iou: 0.8301 (0.6269)  time: 0.1987  data: 0.0004  max mem: 31302
Test:  [ 200/4000]  eta: 0:12:26  inter: 33895.0000 (26974.8352)  union: 37806.0000 (40192.9231)  iou: 0.9148 (0.6360)  time: 0.1818  data: 0.0004  max mem: 31302
Test:  [ 250/4000]  eta: 0:12:04  inter: 14596.0000 (28883.8855)  union: 31477.0000 (41679.0753)  iou: 0.6016 (0.6341)  time: 0.1787  data: 0.0004  max mem: 31302
Test:  [ 300/4000]  eta: 0:11:54  inter: 17786.0000 (28036.7395)  union: 24548.0000 (40895.6452)  iou: 0.5336 (0.6248)  time: 0.1941  data: 0.0004  max mem: 31302
Test:  [ 350/4000]  eta: 0:11:49  inter: 9278.0000 (26967.9835)  union: 30004.0000 (40822.2624)  iou: 0.3820 (0.6129)  time: 0.2015  data: 0.0004  max mem: 31302
Test:  [ 400/4000]  eta: 0:11:40  inter: 30734.0000 (26281.1446)  union: 36026.0000 (40258.8500)  iou: 0.6946 (0.6098)  time: 0.1825  data: 0.0004  max mem: 31302
Test:  [ 450/4000]  eta: 0:11:27  inter: 19285.0000 (26007.4762)  union: 29674.0000 (40155.2095)  iou: 0.6517 (0.6095)  time: 0.2039  data: 0.0004  max mem: 31302
Test:  [ 500/4000]  eta: 0:11:16  inter: 17397.0000 (26627.8883)  union: 31932.0000 (41169.2994)  iou: 0.7140 (0.6079)  time: 0.1803  data: 0.0004  max mem: 31302
Test:  [ 550/4000]  eta: 0:11:08  inter: 23786.0000 (26627.9833)  union: 28160.0000 (40899.3188)  iou: 0.8658 (0.6152)  time: 0.1992  data: 0.0004  max mem: 31302
Test:  [ 600/4000]  eta: 0:10:57  inter: 9972.0000 (26454.5396)  union: 34796.0000 (40893.9574)  iou: 0.8024 (0.6108)  time: 0.1934  data: 0.0004  max mem: 31302
Test:  [ 650/4000]  eta: 0:10:45  inter: 25592.0000 (26981.6331)  union: 41943.0000 (41332.9470)  iou: 0.6574 (0.6099)  time: 0.1833  data: 0.0004  max mem: 31302
Test:  [ 700/4000]  eta: 0:10:34  inter: 13835.0000 (26544.3665)  union: 29092.0000 (40977.8943)  iou: 0.4213 (0.6038)  time: 0.1836  data: 0.0004  max mem: 31302
Test:  [ 750/4000]  eta: 0:10:26  inter: 27023.0000 (26499.1427)  union: 29714.0000 (40809.8925)  iou: 0.8387 (0.6082)  time: 0.2061  data: 0.0004  max mem: 31302
Test:  [ 800/4000]  eta: 0:10:14  inter: 20413.0000 (26265.7705)  union: 46774.0000 (40378.0696)  iou: 0.7834 (0.6079)  time: 0.1933  data: 0.0004  max mem: 31302
Test:  [ 850/4000]  eta: 0:10:05  inter: 22234.0000 (26300.7983)  union: 40616.0000 (40411.1908)  iou: 0.8038 (0.6084)  time: 0.1807  data: 0.0004  max mem: 31302
Test:  [ 900/4000]  eta: 0:09:56  inter: 11763.0000 (26363.8427)  union: 27325.0000 (40663.1241)  iou: 0.7875 (0.6046)  time: 0.1794  data: 0.0004  max mem: 31302
Test:  [ 950/4000]  eta: 0:09:46  inter: 24636.0000 (26576.0975)  union: 29680.0000 (40743.4809)  iou: 0.8310 (0.6049)  time: 0.1880  data: 0.0005  max mem: 31302
Test:  [1000/4000]  eta: 0:09:35  inter: 22589.0000 (26791.6479)  union: 37548.0000 (40932.1497)  iou: 0.7136 (0.6064)  time: 0.1763  data: 0.0004  max mem: 31302
Test:  [1050/4000]  eta: 0:09:25  inter: 20939.0000 (26836.7415)  union: 37280.0000 (40927.1000)  iou: 0.5430 (0.6058)  time: 0.1911  data: 0.0004  max mem: 31302
Test:  [1100/4000]  eta: 0:09:14  inter: 22602.0000 (26692.8529)  union: 30278.0000 (40684.8138)  iou: 0.6541 (0.6046)  time: 0.1864  data: 0.0004  max mem: 31302
Test:  [1150/4000]  eta: 0:09:05  inter: 10036.0000 (26850.1880)  union: 23888.0000 (40502.2866)  iou: 0.5265 (0.6087)  time: 0.1965  data: 0.0004  max mem: 31302
Test:  [1200/4000]  eta: 0:08:56  inter: 10399.0000 (26860.5214)  union: 29012.0000 (40734.6266)  iou: 0.8044 (0.6061)  time: 0.1921  data: 0.0004  max mem: 31302
Test:  [1250/4000]  eta: 0:08:47  inter: 8816.0000 (26623.3617)  union: 33572.0000 (40554.6195)  iou: 0.2161 (0.6038)  time: 0.2030  data: 0.0004  max mem: 31302
Test:  [1300/4000]  eta: 0:08:38  inter: 18777.0000 (26391.0284)  union: 34667.0000 (40359.2037)  iou: 0.5786 (0.6042)  time: 0.1956  data: 0.0004  max mem: 31302
Test:  [1350/4000]  eta: 0:08:28  inter: 26166.0000 (26422.1221)  union: 35627.0000 (40376.1400)  iou: 0.8286 (0.6042)  time: 0.1908  data: 0.0004  max mem: 31302
Test:  [1400/4000]  eta: 0:08:19  inter: 9946.0000 (26540.9798)  union: 11715.0000 (40478.6503)  iou: 0.7686 (0.6024)  time: 0.1947  data: 0.0005  max mem: 31302
Test:  [1450/4000]  eta: 0:08:09  inter: 15946.0000 (26460.9907)  union: 46189.0000 (40394.7487)  iou: 0.6120 (0.6012)  time: 0.1872  data: 0.0004  max mem: 31302
Test:  [1500/4000]  eta: 0:07:59  inter: 16676.0000 (26475.9716)  union: 36572.0000 (40492.1405)  iou: 0.5214 (0.5989)  time: 0.1896  data: 0.0004  max mem: 31302
Test:  [1550/4000]  eta: 0:07:50  inter: 22144.0000 (26357.3745)  union: 28730.0000 (40445.0374)  iou: 0.7819 (0.5990)  time: 0.2057  data: 0.0004  max mem: 31302
Test:  [1600/4000]  eta: 0:07:41  inter: 11143.0000 (26202.5148)  union: 25559.0000 (40399.9907)  iou: 0.5578 (0.5956)  time: 0.2075  data: 0.0004  max mem: 31302
Test:  [1650/4000]  eta: 0:07:31  inter: 16137.0000 (26186.3319)  union: 33079.0000 (40406.2088)  iou: 0.4526 (0.5947)  time: 0.1836  data: 0.0004  max mem: 31302
Test:  [1700/4000]  eta: 0:07:20  inter: 16978.0000 (26202.1806)  union: 39527.0000 (40496.4080)  iou: 0.7557 (0.5938)  time: 0.1881  data: 0.0004  max mem: 31302
Test:  [1750/4000]  eta: 0:07:11  inter: 25854.0000 (26183.7735)  union: 32460.0000 (40460.2366)  iou: 0.8340 (0.5936)  time: 0.2037  data: 0.0004  max mem: 31302
Test:  [1800/4000]  eta: 0:07:02  inter: 21902.0000 (26068.0412)  union: 34236.0000 (40341.9164)  iou: 0.7357 (0.5932)  time: 0.2036  data: 0.0004  max mem: 31302
Test:  [1850/4000]  eta: 0:06:51  inter: 11159.0000 (26019.6582)  union: 33989.0000 (40434.0996)  iou: 0.3912 (0.5911)  time: 0.1916  data: 0.0004  max mem: 31302
Test:  [1900/4000]  eta: 0:06:42  inter: 31651.0000 (25961.4633)  union: 56584.0000 (40349.5240)  iou: 0.6371 (0.5924)  time: 0.1941  data: 0.0004  max mem: 31302
Test:  [1950/4000]  eta: 0:06:33  inter: 11384.0000 (25918.1083)  union: 16798.0000 (40315.5835)  iou: 0.6801 (0.5928)  time: 0.1889  data: 0.0004  max mem: 31302
Test:  [2000/4000]  eta: 0:06:23  inter: 15486.0000 (25918.0733)  union: 22553.0000 (40268.1735)  iou: 0.7712 (0.5934)  time: 0.1769  data: 0.0004  max mem: 31302
Test:  [2050/4000]  eta: 0:06:13  inter: 13945.0000 (25804.8963)  union: 53478.0000 (40365.5603)  iou: 0.3226 (0.5915)  time: 0.2145  data: 0.0004  max mem: 31302
Test:  [2100/4000]  eta: 0:06:03  inter: 18823.0000 (25800.4218)  union: 33943.0000 (40328.5371)  iou: 0.7768 (0.5920)  time: 0.1799  data: 0.0004  max mem: 31302
Test:  [2150/4000]  eta: 0:05:53  inter: 19479.0000 (25799.3790)  union: 30437.0000 (40343.1826)  iou: 0.7550 (0.5914)  time: 0.1813  data: 0.0004  max mem: 31302
Test:  [2200/4000]  eta: 0:05:44  inter: 13924.0000 (25749.7660)  union: 21303.0000 (40270.3936)  iou: 0.6590 (0.5917)  time: 0.1904  data: 0.0004  max mem: 31302
Test:  [2250/4000]  eta: 0:05:34  inter: 19015.0000 (25601.8458)  union: 36901.0000 (40132.0463)  iou: 0.7582 (0.5906)  time: 0.1763  data: 0.0004  max mem: 31302
Test:  [2300/4000]  eta: 0:05:24  inter: 25402.0000 (25682.9525)  union: 37040.0000 (40118.5720)  iou: 0.5680 (0.5925)  time: 0.1909  data: 0.0004  max mem: 31302
Test:  [2350/4000]  eta: 0:05:15  inter: 19634.0000 (25617.5748)  union: 38704.0000 (40080.5805)  iou: 0.8011 (0.5926)  time: 0.2008  data: 0.0004  max mem: 31302
Test:  [2400/4000]  eta: 0:05:06  inter: 13188.0000 (25659.7896)  union: 33048.0000 (40040.0112)  iou: 0.4439 (0.5933)  time: 0.2002  data: 0.0004  max mem: 31302
Test:  [2450/4000]  eta: 0:04:56  inter: 28971.0000 (25771.1477)  union: 32288.0000 (40122.7930)  iou: 0.8774 (0.5951)  time: 0.1715  data: 0.0004  max mem: 31302
Test:  [2500/4000]  eta: 0:04:46  inter: 25812.0000 (25730.6605)  union: 39708.0000 (40123.9721)  iou: 0.7790 (0.5949)  time: 0.1760  data: 0.0004  max mem: 31302
Test:  [2550/4000]  eta: 0:04:36  inter: 28137.0000 (25839.5859)  union: 32945.0000 (40240.4701)  iou: 0.8327 (0.5955)  time: 0.2062  data: 0.0004  max mem: 31302
Test:  [2600/4000]  eta: 0:04:27  inter: 10752.0000 (25760.1402)  union: 28594.0000 (40184.6719)  iou: 0.3696 (0.5941)  time: 0.1955  data: 0.0004  max mem: 31302
Test:  [2650/4000]  eta: 0:04:17  inter: 16587.0000 (25820.0161)  union: 34363.0000 (40400.8069)  iou: 0.8781 (0.5934)  time: 0.1966  data: 0.0004  max mem: 31302
Test:  [2700/4000]  eta: 0:04:08  inter: 22915.0000 (25892.5659)  union: 30697.0000 (40467.7202)  iou: 0.8511 (0.5941)  time: 0.1884  data: 0.0004  max mem: 31302
Test:  [2750/4000]  eta: 0:03:58  inter: 23008.0000 (25942.7620)  union: 29072.0000 (40551.5932)  iou: 0.8442 (0.5936)  time: 0.1850  data: 0.0005  max mem: 31302
Test:  [2800/4000]  eta: 0:03:48  inter: 14761.0000 (25918.8992)  union: 30432.0000 (40451.3706)  iou: 0.6661 (0.5939)  time: 0.1867  data: 0.0004  max mem: 31302
Test:  [2850/4000]  eta: 0:03:39  inter: 12389.0000 (26044.1922)  union: 34478.0000 (40534.7054)  iou: 0.3262 (0.5935)  time: 0.1836  data: 0.0004  max mem: 31302
Test:  [2900/4000]  eta: 0:03:30  inter: 17861.0000 (26055.7581)  union: 26099.0000 (40598.5847)  iou: 0.7909 (0.5923)  time: 0.1796  data: 0.0004  max mem: 31302
Test:  [2950/4000]  eta: 0:03:20  inter: 20114.0000 (26092.4255)  union: 26753.0000 (40593.7536)  iou: 0.5175 (0.5925)  time: 0.1783  data: 0.0004  max mem: 31302
Test:  [3000/4000]  eta: 0:03:10  inter: 10741.0000 (26010.6514)  union: 32682.0000 (40567.5833)  iou: 0.5053 (0.5913)  time: 0.2013  data: 0.0004  max mem: 31302
Test:  [3050/4000]  eta: 0:03:01  inter: 13523.0000 (25981.9963)  union: 31461.0000 (40644.6540)  iou: 0.4611 (0.5910)  time: 0.1910  data: 0.0004  max mem: 31302
Test:  [3100/4000]  eta: 0:02:51  inter: 17485.0000 (25973.8784)  union: 41931.0000 (40606.0981)  iou: 0.4400 (0.5915)  time: 0.1913  data: 0.0004  max mem: 31302
Test:  [3150/4000]  eta: 0:02:42  inter: 16163.0000 (25858.3399)  union: 21579.0000 (40512.2534)  iou: 0.5409 (0.5908)  time: 0.1916  data: 0.0004  max mem: 31302
Test:  [3200/4000]  eta: 0:02:32  inter: 13135.0000 (25890.4474)  union: 42363.0000 (40564.9387)  iou: 0.5293 (0.5912)  time: 0.1808  data: 0.0004  max mem: 31302
Test:  [3250/4000]  eta: 0:02:23  inter: 13721.0000 (25818.6243)  union: 24741.0000 (40489.4610)  iou: 0.7592 (0.5898)  time: 0.1891  data: 0.0008  max mem: 31302
Test:  [3300/4000]  eta: 0:02:13  inter: 24880.0000 (25898.9869)  union: 44253.0000 (40607.4797)  iou: 0.8260 (0.5887)  time: 0.2036  data: 0.0004  max mem: 31302
Test:  [3350/4000]  eta: 0:02:04  inter: 9645.0000 (25861.2997)  union: 12679.0000 (40623.8874)  iou: 0.7417 (0.5887)  time: 0.1733  data: 0.0004  max mem: 31302
Test:  [3400/4000]  eta: 0:01:54  inter: 23113.0000 (25960.5771)  union: 39173.0000 (40687.3950)  iou: 0.8218 (0.5897)  time: 0.1981  data: 0.0004  max mem: 31302
Test:  [3450/4000]  eta: 0:01:44  inter: 16601.0000 (25988.0397)  union: 30365.0000 (40682.7578)  iou: 0.5772 (0.5899)  time: 0.1818  data: 0.0004  max mem: 31302
Test:  [3500/4000]  eta: 0:01:35  inter: 15264.0000 (25955.5624)  union: 21433.0000 (40620.4613)  iou: 0.5563 (0.5899)  time: 0.1811  data: 0.0004  max mem: 31302
Test:  [3550/4000]  eta: 0:01:25  inter: 24045.0000 (25943.8988)  union: 37097.0000 (40639.3934)  iou: 0.7413 (0.5890)  time: 0.1804  data: 0.0004  max mem: 31302
Test:  [3600/4000]  eta: 0:01:16  inter: 21397.0000 (25894.7893)  union: 30833.0000 (40597.1415)  iou: 0.8071 (0.5881)  time: 0.1875  data: 0.0004  max mem: 31302
Test:  [3650/4000]  eta: 0:01:06  inter: 16594.0000 (25852.2589)  union: 38810.0000 (40591.2589)  iou: 0.4596 (0.5877)  time: 0.2113  data: 0.0004  max mem: 31302
Test:  [3700/4000]  eta: 0:00:57  inter: 20681.0000 (25945.2653)  union: 36308.0000 (40625.2766)  iou: 0.7647 (0.5883)  time: 0.1881  data: 0.0004  max mem: 31302
Test:  [3750/4000]  eta: 0:00:47  inter: 22634.0000 (26002.7316)  union: 44149.0000 (40677.5792)  iou: 0.6057 (0.5893)  time: 0.1831  data: 0.0004  max mem: 31302
Test:  [3800/4000]  eta: 0:00:38  inter: 22391.0000 (26038.6367)  union: 29536.0000 (40667.7408)  iou: 0.6465 (0.5898)  time: 0.1748  data: 0.0004  max mem: 31302
Test:  [3850/4000]  eta: 0:00:28  inter: 20473.0000 (26043.5021)  union: 33763.0000 (40679.7545)  iou: 0.8568 (0.5900)  time: 0.1836  data: 0.0004  max mem: 31302
Test:  [3900/4000]  eta: 0:00:19  inter: 18784.0000 (26080.3194)  union: 27698.0000 (40766.0455)  iou: 0.6238 (0.5896)  time: 0.1852  data: 0.0004  max mem: 31302
Test:  [3950/4000]  eta: 0:00:09  inter: 17587.0000 (26039.3508)  union: 37539.0000 (40716.4628)  iou: 0.7028 (0.5896)  time: 0.1807  data: 0.0004  max mem: 31302
Test:  [3999/4000]  eta: 0:00:00  inter: 15966.0000 (26003.4087)  union: 30887.0000 (40638.7639)  iou: 0.6943 (0.5903)  time: 0.1646  data: 0.0002  max mem: 31302
Test: Total time: 0:12:44 (0.1910 s / it)
* IoU 0.590 oIoU 0.640
IoU of the network on the 4000 test images: 0.6%
Max IoU: 0.59%
huggingface/tokenizers: The current process just got forked, after parallelism has already been used. Disabling parallelism to avoid deadlocks...
To disable this warning, you can either:
	- Avoid using `tokenizers` before the fork if possible
	- Explicitly set the environment variable TOKENIZERS_PARALLELISM=(true | false)
huggingface/tokenizers: The current process just got forked, after parallelism has already been used. Disabling parallelism to avoid deadlocks...
To disable this warning, you can either:
	- Avoid using `tokenizers` before the fork if possible
	- Explicitly set the environment variable TOKENIZERS_PARALLELISM=(true | false)
huggingface/tokenizers: The current process just got forked, after parallelism has already been used. Disabling parallelism to avoid deadlocks...
To disable this warning, you can either:
	- Avoid using `tokenizers` before the fork if possible
	- Explicitly set the environment variable TOKENIZERS_PARALLELISM=(true | false)
huggingface/tokenizers: The current process just got forked, after parallelism has already been used. Disabling parallelism to avoid deadlocks...
To disable this warning, you can either:
	- Avoid using `tokenizers` before the fork if possible
	- Explicitly set the environment variable TOKENIZERS_PARALLELISM=(true | false)
huggingface/tokenizers: The current process just got forked, after parallelism has already been used. Disabling parallelism to avoid deadlocks...
To disable this warning, you can either:
	- Avoid using `tokenizers` before the fork if possible
	- Explicitly set the environment variable TOKENIZERS_PARALLELISM=(true | false)
huggingface/tokenizers: The current process just got forked, after parallelism has already been used. Disabling parallelism to avoid deadlocks...
To disable this warning, you can either:
	- Avoid using `tokenizers` before the fork if possible
	- Explicitly set the environment variable TOKENIZERS_PARALLELISM=(true | false)
huggingface/tokenizers: The current process just got forked, after parallelism has already been used. Disabling parallelism to avoid deadlocks...
To disable this warning, you can either:
	- Avoid using `tokenizers` before the fork if possible
	- Explicitly set the environment variable TOKENIZERS_PARALLELISM=(true | false)
huggingface/tokenizers: The current process just got forked, after parallelism has already been used. Disabling parallelism to avoid deadlocks...
To disable this warning, you can either:
	- Avoid using `tokenizers` before the fork if possible
	- Explicitly set the environment variable TOKENIZERS_PARALLELISM=(true | false)
Epoch: [10]  [   0/5625]  eta: 8:20:48  lr: 0.000008  train_loss: 0.2258 (0.2258)  train_iou: 0.5672 (0.5672)  time: 5.3419  data: 3.9780  max mem: 31302
Epoch: [10]  [  20/5625]  eta: 1:51:44  lr: 0.000008  train_loss: 0.2234 (0.2386)  train_iou: 0.5787 (0.6121)  time: 0.9889  data: 0.0015  max mem: 31302
Epoch: [10]  [  40/5625]  eta: 1:41:45  lr: 0.000008  train_loss: 0.1157 (0.2090)  train_iou: 0.6286 (0.6196)  time: 0.9852  data: 0.0004  max mem: 31302
Epoch: [10]  [  60/5625]  eta: 1:37:58  lr: 0.000008  train_loss: 0.1558 (0.1996)  train_iou: 0.6929 (0.6369)  time: 0.9804  data: 0.0004  max mem: 31302
Epoch: [10]  [  80/5625]  eta: 1:35:58  lr: 0.000008  train_loss: 0.1595 (0.1925)  train_iou: 0.6178 (0.6358)  time: 0.9846  data: 0.0005  max mem: 31302
Epoch: [10]  [ 100/5625]  eta: 1:34:37  lr: 0.000008  train_loss: 0.1119 (0.1900)  train_iou: 0.6719 (0.6370)  time: 0.9833  data: 0.0005  max mem: 31302
Epoch: [10]  [ 120/5625]  eta: 1:33:38  lr: 0.000008  train_loss: 0.1147 (0.1878)  train_iou: 0.6546 (0.6376)  time: 0.9851  data: 0.0004  max mem: 31302
Epoch: [10]  [ 140/5625]  eta: 1:32:45  lr: 0.000008  train_loss: 0.1345 (0.1868)  train_iou: 0.6619 (0.6381)  time: 0.9789  data: 0.0004  max mem: 31302
Epoch: [10]  [ 160/5625]  eta: 1:31:58  lr: 0.000008  train_loss: 0.1180 (0.1877)  train_iou: 0.6434 (0.6374)  time: 0.9757  data: 0.0004  max mem: 31302
Epoch: [10]  [ 180/5625]  eta: 1:31:23  lr: 0.000008  train_loss: 0.1286 (0.1855)  train_iou: 0.6727 (0.6417)  time: 0.9846  data: 0.0004  max mem: 31302
Epoch: [10]  [ 200/5625]  eta: 1:30:52  lr: 0.000008  train_loss: 0.1027 (0.1810)  train_iou: 0.6560 (0.6417)  time: 0.9869  data: 0.0004  max mem: 31302
Epoch: [10]  [ 220/5625]  eta: 1:30:21  lr: 0.000008  train_loss: 0.0979 (0.1775)  train_iou: 0.6370 (0.6411)  time: 0.9830  data: 0.0004  max mem: 31302
Epoch: [10]  [ 240/5625]  eta: 1:29:56  lr: 0.000008  train_loss: 0.1060 (0.1756)  train_iou: 0.6849 (0.6429)  time: 0.9910  data: 0.0004  max mem: 31302
Epoch: [10]  [ 260/5625]  eta: 1:29:27  lr: 0.000008  train_loss: 0.2109 (0.1799)  train_iou: 0.6609 (0.6440)  time: 0.9820  data: 0.0004  max mem: 31302
Epoch: [10]  [ 280/5625]  eta: 1:29:00  lr: 0.000008  train_loss: 0.0923 (0.1783)  train_iou: 0.6673 (0.6463)  time: 0.9815  data: 0.0004  max mem: 31302
Epoch: [10]  [ 300/5625]  eta: 1:28:34  lr: 0.000008  train_loss: 0.1476 (0.1810)  train_iou: 0.6107 (0.6440)  time: 0.9834  data: 0.0004  max mem: 31302
Epoch: [10]  [ 320/5625]  eta: 1:28:11  lr: 0.000008  train_loss: 0.1331 (0.1802)  train_iou: 0.6853 (0.6447)  time: 0.9884  data: 0.0004  max mem: 31302
Epoch: [10]  [ 340/5625]  eta: 1:27:47  lr: 0.000008  train_loss: 0.1146 (0.1781)  train_iou: 0.6512 (0.6464)  time: 0.9826  data: 0.0004  max mem: 31302
Epoch: [10]  [ 360/5625]  eta: 1:27:22  lr: 0.000008  train_loss: 0.1203 (0.1770)  train_iou: 0.6746 (0.6484)  time: 0.9792  data: 0.0004  max mem: 31302
Epoch: [10]  [ 380/5625]  eta: 1:26:59  lr: 0.000008  train_loss: 0.1501 (0.1801)  train_iou: 0.6110 (0.6474)  time: 0.9847  data: 0.0004  max mem: 31302
Epoch: [10]  [ 400/5625]  eta: 1:26:36  lr: 0.000008  train_loss: 0.0974 (0.1793)  train_iou: 0.5537 (0.6451)  time: 0.9843  data: 0.0005  max mem: 31302
Epoch: [10]  [ 420/5625]  eta: 1:26:55  lr: 0.000008  train_loss: 0.2061 (0.1819)  train_iou: 0.6187 (0.6456)  time: 1.1519  data: 0.0004  max mem: 31302
Epoch: [10]  [ 440/5625]  eta: 1:26:29  lr: 0.000008  train_loss: 0.1386 (0.1811)  train_iou: 0.6717 (0.6466)  time: 0.9786  data: 0.0004  max mem: 31302
Epoch: [10]  [ 460/5625]  eta: 1:26:05  lr: 0.000008  train_loss: 0.1181 (0.1816)  train_iou: 0.6334 (0.6457)  time: 0.9804  data: 0.0004  max mem: 31302
Epoch: [10]  [ 480/5625]  eta: 1:25:41  lr: 0.000008  train_loss: 0.1401 (0.1831)  train_iou: 0.6826 (0.6460)  time: 0.9817  data: 0.0004  max mem: 31302
Epoch: [10]  [ 500/5625]  eta: 1:25:18  lr: 0.000008  train_loss: 0.1321 (0.1830)  train_iou: 0.6819 (0.6468)  time: 0.9836  data: 0.0005  max mem: 31302
Epoch: [10]  [ 520/5625]  eta: 1:24:54  lr: 0.000008  train_loss: 0.1328 (0.1829)  train_iou: 0.7189 (0.6486)  time: 0.9815  data: 0.0004  max mem: 31302
Epoch: [10]  [ 540/5625]  eta: 1:24:32  lr: 0.000008  train_loss: 0.1514 (0.1838)  train_iou: 0.6615 (0.6489)  time: 0.9839  data: 0.0004  max mem: 31302
Epoch: [10]  [ 560/5625]  eta: 1:24:09  lr: 0.000008  train_loss: 0.1270 (0.1841)  train_iou: 0.7021 (0.6515)  time: 0.9834  data: 0.0004  max mem: 31302
Epoch: [10]  [ 580/5625]  eta: 1:23:48  lr: 0.000008  train_loss: 0.1027 (0.1824)  train_iou: 0.6790 (0.6527)  time: 0.9885  data: 0.0004  max mem: 31302
Epoch: [10]  [ 600/5625]  eta: 1:23:26  lr: 0.000008  train_loss: 0.1369 (0.1823)  train_iou: 0.6869 (0.6537)  time: 0.9840  data: 0.0004  max mem: 31302
Epoch: [10]  [ 620/5625]  eta: 1:23:05  lr: 0.000008  train_loss: 0.1047 (0.1823)  train_iou: 0.6529 (0.6539)  time: 0.9891  data: 0.0004  max mem: 31302
Epoch: [10]  [ 640/5625]  eta: 1:22:44  lr: 0.000008  train_loss: 0.1437 (0.1832)  train_iou: 0.6669 (0.6538)  time: 0.9896  data: 0.0004  max mem: 31302
Epoch: [10]  [ 660/5625]  eta: 1:22:22  lr: 0.000008  train_loss: 0.1505 (0.1837)  train_iou: 0.6572 (0.6534)  time: 0.9861  data: 0.0004  max mem: 31302
Epoch: [10]  [ 680/5625]  eta: 1:22:01  lr: 0.000008  train_loss: 0.1183 (0.1835)  train_iou: 0.6547 (0.6536)  time: 0.9884  data: 0.0004  max mem: 31302
Epoch: [10]  [ 700/5625]  eta: 1:21:41  lr: 0.000008  train_loss: 0.1259 (0.1838)  train_iou: 0.6496 (0.6534)  time: 0.9904  data: 0.0004  max mem: 31302
Epoch: [10]  [ 720/5625]  eta: 1:21:20  lr: 0.000008  train_loss: 0.1554 (0.1833)  train_iou: 0.6587 (0.6540)  time: 0.9872  data: 0.0004  max mem: 31302
Epoch: [10]  [ 740/5625]  eta: 1:20:59  lr: 0.000008  train_loss: 0.1183 (0.1830)  train_iou: 0.7057 (0.6552)  time: 0.9850  data: 0.0004  max mem: 31302
Epoch: [10]  [ 760/5625]  eta: 1:20:38  lr: 0.000008  train_loss: 0.1001 (0.1821)  train_iou: 0.7039 (0.6566)  time: 0.9850  data: 0.0004  max mem: 31302
Epoch: [10]  [ 780/5625]  eta: 1:20:17  lr: 0.000008  train_loss: 0.1198 (0.1809)  train_iou: 0.6715 (0.6572)  time: 0.9869  data: 0.0004  max mem: 31302
Epoch: [10]  [ 800/5625]  eta: 1:19:57  lr: 0.000008  train_loss: 0.1216 (0.1811)  train_iou: 0.6233 (0.6569)  time: 0.9929  data: 0.0004  max mem: 31302
Epoch: [10]  [ 820/5625]  eta: 1:19:36  lr: 0.000008  train_loss: 0.1164 (0.1813)  train_iou: 0.6760 (0.6567)  time: 0.9877  data: 0.0004  max mem: 31302
Epoch: [10]  [ 840/5625]  eta: 1:19:15  lr: 0.000008  train_loss: 0.1073 (0.1805)  train_iou: 0.6653 (0.6562)  time: 0.9872  data: 0.0005  max mem: 31302
Epoch: [10]  [ 860/5625]  eta: 1:18:55  lr: 0.000008  train_loss: 0.1342 (0.1808)  train_iou: 0.6693 (0.6566)  time: 0.9852  data: 0.0005  max mem: 31302
Epoch: [10]  [ 880/5625]  eta: 1:18:34  lr: 0.000008  train_loss: 0.2402 (0.1828)  train_iou: 0.5838 (0.6548)  time: 0.9840  data: 0.0004  max mem: 31302
Epoch: [10]  [ 900/5625]  eta: 1:18:13  lr: 0.000008  train_loss: 0.1069 (0.1818)  train_iou: 0.6945 (0.6558)  time: 0.9829  data: 0.0004  max mem: 31302
Epoch: [10]  [ 920/5625]  eta: 1:17:52  lr: 0.000008  train_loss: 0.1179 (0.1823)  train_iou: 0.6583 (0.6557)  time: 0.9899  data: 0.0004  max mem: 31302
Epoch: [10]  [ 940/5625]  eta: 1:17:32  lr: 0.000008  train_loss: 0.1253 (0.1821)  train_iou: 0.6588 (0.6560)  time: 0.9877  data: 0.0005  max mem: 31302
Epoch: [10]  [ 960/5625]  eta: 1:17:11  lr: 0.000008  train_loss: 0.1723 (0.1824)  train_iou: 0.5757 (0.6549)  time: 0.9863  data: 0.0004  max mem: 31302
Epoch: [10]  [ 980/5625]  eta: 1:16:51  lr: 0.000008  train_loss: 0.1363 (0.1825)  train_iou: 0.6918 (0.6554)  time: 0.9862  data: 0.0004  max mem: 31302
Epoch: [10]  [1000/5625]  eta: 1:16:31  lr: 0.000008  train_loss: 0.1144 (0.1822)  train_iou: 0.6397 (0.6549)  time: 0.9915  data: 0.0004  max mem: 31302
Epoch: [10]  [1020/5625]  eta: 1:16:11  lr: 0.000008  train_loss: 0.1053 (0.1812)  train_iou: 0.6513 (0.6544)  time: 0.9865  data: 0.0004  max mem: 31302
Epoch: [10]  [1040/5625]  eta: 1:15:49  lr: 0.000008  train_loss: 0.1166 (0.1810)  train_iou: 0.6363 (0.6542)  time: 0.9771  data: 0.0004  max mem: 31302
Epoch: [10]  [1060/5625]  eta: 1:15:29  lr: 0.000008  train_loss: 0.1418 (0.1808)  train_iou: 0.6797 (0.6545)  time: 0.9831  data: 0.0004  max mem: 31302
Epoch: [10]  [1080/5625]  eta: 1:15:08  lr: 0.000008  train_loss: 0.1299 (0.1809)  train_iou: 0.6613 (0.6545)  time: 0.9876  data: 0.0004  max mem: 31302
Epoch: [10]  [1100/5625]  eta: 1:14:49  lr: 0.000008  train_loss: 0.1771 (0.1810)  train_iou: 0.5696 (0.6536)  time: 0.9911  data: 0.0004  max mem: 31302
Epoch: [10]  [1120/5625]  eta: 1:14:28  lr: 0.000008  train_loss: 0.1124 (0.1809)  train_iou: 0.6974 (0.6541)  time: 0.9830  data: 0.0004  max mem: 31302
Epoch: [10]  [1140/5625]  eta: 1:14:08  lr: 0.000008  train_loss: 0.1337 (0.1805)  train_iou: 0.6588 (0.6545)  time: 0.9857  data: 0.0005  max mem: 31302
Epoch: [10]  [1160/5625]  eta: 1:13:47  lr: 0.000008  train_loss: 0.1587 (0.1810)  train_iou: 0.6718 (0.6548)  time: 0.9866  data: 0.0004  max mem: 31302
Epoch: [10]  [1180/5625]  eta: 1:13:27  lr: 0.000008  train_loss: 0.1142 (0.1801)  train_iou: 0.6177 (0.6550)  time: 0.9881  data: 0.0004  max mem: 31302
Epoch: [10]  [1200/5625]  eta: 1:13:07  lr: 0.000008  train_loss: 0.2034 (0.1806)  train_iou: 0.6869 (0.6552)  time: 0.9884  data: 0.0004  max mem: 31302
Epoch: [10]  [1220/5625]  eta: 1:12:47  lr: 0.000008  train_loss: 0.1198 (0.1808)  train_iou: 0.6025 (0.6549)  time: 0.9883  data: 0.0004  max mem: 31302
Epoch: [10]  [1240/5625]  eta: 1:12:27  lr: 0.000008  train_loss: 0.1269 (0.1807)  train_iou: 0.6754 (0.6553)  time: 0.9844  data: 0.0004  max mem: 31302
Epoch: [10]  [1260/5625]  eta: 1:12:07  lr: 0.000008  train_loss: 0.1478 (0.1811)  train_iou: 0.6390 (0.6552)  time: 0.9886  data: 0.0004  max mem: 31302
Epoch: [10]  [1280/5625]  eta: 1:11:47  lr: 0.000008  train_loss: 0.1027 (0.1805)  train_iou: 0.6627 (0.6554)  time: 0.9875  data: 0.0004  max mem: 31302
Epoch: [10]  [1300/5625]  eta: 1:11:27  lr: 0.000008  train_loss: 0.1340 (0.1809)  train_iou: 0.7137 (0.6556)  time: 0.9888  data: 0.0004  max mem: 31302
Epoch: [10]  [1320/5625]  eta: 1:11:07  lr: 0.000008  train_loss: 0.1623 (0.1811)  train_iou: 0.6461 (0.6548)  time: 0.9890  data: 0.0004  max mem: 31302
Epoch: [10]  [1340/5625]  eta: 1:10:47  lr: 0.000008  train_loss: 0.1051 (0.1809)  train_iou: 0.6309 (0.6544)  time: 0.9900  data: 0.0004  max mem: 31302
Epoch: [10]  [1360/5625]  eta: 1:10:27  lr: 0.000008  train_loss: 0.2080 (0.1816)  train_iou: 0.6620 (0.6543)  time: 0.9863  data: 0.0004  max mem: 31302
Epoch: [10]  [1380/5625]  eta: 1:10:07  lr: 0.000008  train_loss: 0.1296 (0.1816)  train_iou: 0.5717 (0.6541)  time: 0.9896  data: 0.0004  max mem: 31302
Epoch: [10]  [1400/5625]  eta: 1:09:47  lr: 0.000008  train_loss: 0.1466 (0.1822)  train_iou: 0.6499 (0.6539)  time: 0.9850  data: 0.0004  max mem: 31302
Epoch: [10]  [1420/5625]  eta: 1:09:27  lr: 0.000008  train_loss: 0.1187 (0.1817)  train_iou: 0.6470 (0.6542)  time: 0.9861  data: 0.0004  max mem: 31302
Epoch: [10]  [1440/5625]  eta: 1:09:06  lr: 0.000008  train_loss: 0.1734 (0.1820)  train_iou: 0.6318 (0.6539)  time: 0.9858  data: 0.0005  max mem: 31302
Epoch: [10]  [1460/5625]  eta: 1:08:46  lr: 0.000008  train_loss: 0.1088 (0.1816)  train_iou: 0.5558 (0.6533)  time: 0.9869  data: 0.0004  max mem: 31302
Epoch: [10]  [1480/5625]  eta: 1:08:26  lr: 0.000008  train_loss: 0.1600 (0.1816)  train_iou: 0.6600 (0.6534)  time: 0.9879  data: 0.0004  max mem: 31302
Epoch: [10]  [1500/5625]  eta: 1:08:07  lr: 0.000008  train_loss: 0.1444 (0.1815)  train_iou: 0.6498 (0.6531)  time: 0.9918  data: 0.0004  max mem: 31302
Epoch: [10]  [1520/5625]  eta: 1:07:46  lr: 0.000008  train_loss: 0.0931 (0.1808)  train_iou: 0.6831 (0.6533)  time: 0.9799  data: 0.0004  max mem: 31302
Epoch: [10]  [1540/5625]  eta: 1:07:26  lr: 0.000008  train_loss: 0.1250 (0.1806)  train_iou: 0.7033 (0.6536)  time: 0.9882  data: 0.0004  max mem: 31302
Epoch: [10]  [1560/5625]  eta: 1:07:06  lr: 0.000008  train_loss: 0.1507 (0.1808)  train_iou: 0.6169 (0.6534)  time: 0.9871  data: 0.0004  max mem: 31302
Epoch: [10]  [1580/5625]  eta: 1:06:46  lr: 0.000008  train_loss: 0.1813 (0.1808)  train_iou: 0.6600 (0.6536)  time: 0.9874  data: 0.0004  max mem: 31302
Epoch: [10]  [1600/5625]  eta: 1:06:26  lr: 0.000008  train_loss: 0.1192 (0.1807)  train_iou: 0.7423 (0.6538)  time: 0.9864  data: 0.0004  max mem: 31302
Epoch: [10]  [1620/5625]  eta: 1:06:06  lr: 0.000008  train_loss: 0.1349 (0.1805)  train_iou: 0.6433 (0.6542)  time: 0.9885  data: 0.0004  max mem: 31302
Epoch: [10]  [1640/5625]  eta: 1:05:46  lr: 0.000008  train_loss: 0.1149 (0.1801)  train_iou: 0.6769 (0.6546)  time: 0.9860  data: 0.0004  max mem: 31302
Epoch: [10]  [1660/5625]  eta: 1:05:27  lr: 0.000008  train_loss: 0.1057 (0.1799)  train_iou: 0.5721 (0.6539)  time: 0.9927  data: 0.0004  max mem: 31302
Epoch: [10]  [1680/5625]  eta: 1:05:06  lr: 0.000008  train_loss: 0.1387 (0.1797)  train_iou: 0.6599 (0.6538)  time: 0.9794  data: 0.0004  max mem: 31302
Epoch: [10]  [1700/5625]  eta: 1:04:46  lr: 0.000008  train_loss: 0.1268 (0.1794)  train_iou: 0.6758 (0.6538)  time: 0.9822  data: 0.0004  max mem: 31302
Epoch: [10]  [1720/5625]  eta: 1:04:26  lr: 0.000008  train_loss: 0.1297 (0.1793)  train_iou: 0.6409 (0.6538)  time: 0.9856  data: 0.0004  max mem: 31302
Epoch: [10]  [1740/5625]  eta: 1:04:13  lr: 0.000008  train_loss: 0.1028 (0.1790)  train_iou: 0.6497 (0.6538)  time: 1.1456  data: 0.0004  max mem: 31302
Epoch: [10]  [1760/5625]  eta: 1:03:53  lr: 0.000008  train_loss: 0.2227 (0.1800)  train_iou: 0.6141 (0.6537)  time: 0.9906  data: 0.0004  max mem: 31302
Epoch: [10]  [1780/5625]  eta: 1:03:33  lr: 0.000008  train_loss: 0.1483 (0.1797)  train_iou: 0.7251 (0.6545)  time: 0.9797  data: 0.0004  max mem: 31302
Epoch: [10]  [1800/5625]  eta: 1:03:13  lr: 0.000008  train_loss: 0.1035 (0.1794)  train_iou: 0.6553 (0.6546)  time: 0.9829  data: 0.0004  max mem: 31302
Epoch: [10]  [1820/5625]  eta: 1:02:53  lr: 0.000008  train_loss: 0.1563 (0.1798)  train_iou: 0.6154 (0.6543)  time: 0.9835  data: 0.0004  max mem: 31302
Epoch: [10]  [1840/5625]  eta: 1:02:32  lr: 0.000008  train_loss: 0.1561 (0.1799)  train_iou: 0.5861 (0.6537)  time: 0.9827  data: 0.0004  max mem: 31302
Epoch: [10]  [1860/5625]  eta: 1:02:12  lr: 0.000008  train_loss: 0.1180 (0.1796)  train_iou: 0.6557 (0.6536)  time: 0.9801  data: 0.0004  max mem: 31302
Epoch: [10]  [1880/5625]  eta: 1:01:52  lr: 0.000008  train_loss: 0.1080 (0.1799)  train_iou: 0.6781 (0.6538)  time: 0.9843  data: 0.0004  max mem: 31302
Epoch: [10]  [1900/5625]  eta: 1:01:32  lr: 0.000008  train_loss: 0.1612 (0.1803)  train_iou: 0.5477 (0.6530)  time: 0.9846  data: 0.0004  max mem: 31302
Epoch: [10]  [1920/5625]  eta: 1:01:12  lr: 0.000008  train_loss: 0.1258 (0.1802)  train_iou: 0.6844 (0.6534)  time: 0.9855  data: 0.0004  max mem: 31302
Epoch: [10]  [1940/5625]  eta: 1:00:52  lr: 0.000008  train_loss: 0.1553 (0.1808)  train_iou: 0.6215 (0.6534)  time: 0.9847  data: 0.0004  max mem: 31302
Epoch: [10]  [1960/5625]  eta: 1:00:32  lr: 0.000008  train_loss: 0.1890 (0.1810)  train_iou: 0.6454 (0.6534)  time: 0.9845  data: 0.0004  max mem: 31302
Epoch: [10]  [1980/5625]  eta: 1:00:12  lr: 0.000008  train_loss: 0.1838 (0.1814)  train_iou: 0.6625 (0.6537)  time: 0.9879  data: 0.0004  max mem: 31302
Epoch: [10]  [2000/5625]  eta: 0:59:52  lr: 0.000008  train_loss: 0.1108 (0.1813)  train_iou: 0.6642 (0.6537)  time: 0.9848  data: 0.0004  max mem: 31302
Epoch: [10]  [2020/5625]  eta: 0:59:32  lr: 0.000008  train_loss: 0.0945 (0.1809)  train_iou: 0.6701 (0.6539)  time: 0.9883  data: 0.0004  max mem: 31302
Epoch: [10]  [2040/5625]  eta: 0:59:12  lr: 0.000008  train_loss: 0.1259 (0.1807)  train_iou: 0.6630 (0.6538)  time: 0.9847  data: 0.0004  max mem: 31302
Epoch: [10]  [2060/5625]  eta: 0:58:52  lr: 0.000008  train_loss: 0.1415 (0.1808)  train_iou: 0.6605 (0.6540)  time: 0.9859  data: 0.0004  max mem: 31302
Epoch: [10]  [2080/5625]  eta: 0:58:32  lr: 0.000008  train_loss: 0.1448 (0.1809)  train_iou: 0.6568 (0.6540)  time: 0.9876  data: 0.0004  max mem: 31302
Epoch: [10]  [2100/5625]  eta: 0:58:12  lr: 0.000008  train_loss: 0.1360 (0.1808)  train_iou: 0.6161 (0.6537)  time: 0.9841  data: 0.0004  max mem: 31302
Epoch: [10]  [2120/5625]  eta: 0:57:52  lr: 0.000008  train_loss: 0.1167 (0.1807)  train_iou: 0.6193 (0.6534)  time: 0.9892  data: 0.0004  max mem: 31302
Epoch: [10]  [2140/5625]  eta: 0:57:32  lr: 0.000008  train_loss: 0.1497 (0.1806)  train_iou: 0.6592 (0.6534)  time: 0.9790  data: 0.0004  max mem: 31302
Epoch: [10]  [2160/5625]  eta: 0:57:12  lr: 0.000008  train_loss: 0.0981 (0.1804)  train_iou: 0.6215 (0.6531)  time: 0.9807  data: 0.0004  max mem: 31302
Epoch: [10]  [2180/5625]  eta: 0:56:52  lr: 0.000008  train_loss: 0.1326 (0.1808)  train_iou: 0.6324 (0.6528)  time: 0.9841  data: 0.0004  max mem: 31302
Epoch: [10]  [2200/5625]  eta: 0:56:32  lr: 0.000008  train_loss: 0.1409 (0.1809)  train_iou: 0.6600 (0.6528)  time: 0.9819  data: 0.0004  max mem: 31302
Epoch: [10]  [2220/5625]  eta: 0:56:11  lr: 0.000008  train_loss: 0.0951 (0.1804)  train_iou: 0.6341 (0.6527)  time: 0.9798  data: 0.0004  max mem: 31302
Epoch: [10]  [2240/5625]  eta: 0:55:51  lr: 0.000008  train_loss: 0.1048 (0.1806)  train_iou: 0.6515 (0.6528)  time: 0.9840  data: 0.0004  max mem: 31302
Epoch: [10]  [2260/5625]  eta: 0:55:31  lr: 0.000008  train_loss: 0.1316 (0.1806)  train_iou: 0.6436 (0.6527)  time: 0.9860  data: 0.0004  max mem: 31302
Epoch: [10]  [2280/5625]  eta: 0:55:12  lr: 0.000008  train_loss: 0.1042 (0.1804)  train_iou: 0.6500 (0.6528)  time: 0.9874  data: 0.0004  max mem: 31302
Epoch: [10]  [2300/5625]  eta: 0:54:52  lr: 0.000008  train_loss: 0.1398 (0.1806)  train_iou: 0.6433 (0.6529)  time: 0.9902  data: 0.0004  max mem: 31302
Epoch: [10]  [2320/5625]  eta: 0:54:32  lr: 0.000008  train_loss: 0.1368 (0.1806)  train_iou: 0.7308 (0.6533)  time: 0.9904  data: 0.0004  max mem: 31302
Epoch: [10]  [2340/5625]  eta: 0:54:12  lr: 0.000008  train_loss: 0.1486 (0.1808)  train_iou: 0.6589 (0.6534)  time: 0.9871  data: 0.0005  max mem: 31302
Epoch: [10]  [2360/5625]  eta: 0:53:52  lr: 0.000008  train_loss: 0.1590 (0.1810)  train_iou: 0.6632 (0.6533)  time: 0.9779  data: 0.0004  max mem: 31302
Epoch: [10]  [2380/5625]  eta: 0:53:32  lr: 0.000008  train_loss: 0.1665 (0.1816)  train_iou: 0.6699 (0.6532)  time: 0.9875  data: 0.0004  max mem: 31302
Epoch: [10]  [2400/5625]  eta: 0:53:12  lr: 0.000008  train_loss: 0.1334 (0.1816)  train_iou: 0.6711 (0.6532)  time: 0.9878  data: 0.0004  max mem: 31302
Epoch: [10]  [2420/5625]  eta: 0:52:52  lr: 0.000008  train_loss: 0.1228 (0.1816)  train_iou: 0.6949 (0.6535)  time: 0.9823  data: 0.0004  max mem: 31302
Epoch: [10]  [2440/5625]  eta: 0:52:32  lr: 0.000008  train_loss: 0.1191 (0.1813)  train_iou: 0.6819 (0.6537)  time: 0.9909  data: 0.0004  max mem: 31302
Epoch: [10]  [2460/5625]  eta: 0:52:13  lr: 0.000008  train_loss: 0.1210 (0.1813)  train_iou: 0.7148 (0.6540)  time: 0.9923  data: 0.0004  max mem: 31302
Epoch: [10]  [2480/5625]  eta: 0:51:53  lr: 0.000008  train_loss: 0.1597 (0.1813)  train_iou: 0.6882 (0.6543)  time: 0.9926  data: 0.0004  max mem: 31302
Epoch: [10]  [2500/5625]  eta: 0:51:33  lr: 0.000008  train_loss: 0.1135 (0.1811)  train_iou: 0.6627 (0.6543)  time: 0.9832  data: 0.0004  max mem: 31302
Epoch: [10]  [2520/5625]  eta: 0:51:13  lr: 0.000008  train_loss: 0.0998 (0.1810)  train_iou: 0.6702 (0.6546)  time: 0.9850  data: 0.0004  max mem: 31302
Epoch: [10]  [2540/5625]  eta: 0:50:53  lr: 0.000008  train_loss: 0.1527 (0.1809)  train_iou: 0.6655 (0.6547)  time: 0.9855  data: 0.0004  max mem: 31302
Epoch: [10]  [2560/5625]  eta: 0:50:33  lr: 0.000008  train_loss: 0.1574 (0.1809)  train_iou: 0.6851 (0.6547)  time: 0.9799  data: 0.0004  max mem: 31302
Epoch: [10]  [2580/5625]  eta: 0:50:13  lr: 0.000008  train_loss: 0.1303 (0.1807)  train_iou: 0.7139 (0.6549)  time: 0.9870  data: 0.0004  max mem: 31302
Epoch: [10]  [2600/5625]  eta: 0:49:54  lr: 0.000008  train_loss: 0.1673 (0.1809)  train_iou: 0.6696 (0.6550)  time: 0.9927  data: 0.0004  max mem: 31302
Epoch: [10]  [2620/5625]  eta: 0:49:34  lr: 0.000008  train_loss: 0.1529 (0.1809)  train_iou: 0.6516 (0.6551)  time: 0.9891  data: 0.0004  max mem: 31302
Epoch: [10]  [2640/5625]  eta: 0:49:14  lr: 0.000008  train_loss: 0.1170 (0.1805)  train_iou: 0.6776 (0.6553)  time: 0.9845  data: 0.0004  max mem: 31302
Epoch: [10]  [2660/5625]  eta: 0:48:54  lr: 0.000008  train_loss: 0.1339 (0.1805)  train_iou: 0.6663 (0.6554)  time: 0.9883  data: 0.0004  max mem: 31302
Epoch: [10]  [2680/5625]  eta: 0:48:34  lr: 0.000008  train_loss: 0.1205 (0.1804)  train_iou: 0.6636 (0.6555)  time: 0.9846  data: 0.0004  max mem: 31302
Epoch: [10]  [2700/5625]  eta: 0:48:14  lr: 0.000008  train_loss: 0.1712 (0.1806)  train_iou: 0.6725 (0.6556)  time: 0.9861  data: 0.0004  max mem: 31302
Epoch: [10]  [2720/5625]  eta: 0:47:54  lr: 0.000008  train_loss: 0.1350 (0.1807)  train_iou: 0.6421 (0.6555)  time: 0.9839  data: 0.0004  max mem: 31302
Epoch: [10]  [2740/5625]  eta: 0:47:34  lr: 0.000008  train_loss: 0.1197 (0.1803)  train_iou: 0.7798 (0.6563)  time: 0.9844  data: 0.0004  max mem: 31302
Epoch: [10]  [2760/5625]  eta: 0:47:15  lr: 0.000008  train_loss: 0.1199 (0.1805)  train_iou: 0.7311 (0.6565)  time: 0.9869  data: 0.0004  max mem: 31302
Epoch: [10]  [2780/5625]  eta: 0:46:55  lr: 0.000008  train_loss: 0.1625 (0.1807)  train_iou: 0.6697 (0.6567)  time: 0.9910  data: 0.0004  max mem: 31302
Epoch: [10]  [2800/5625]  eta: 0:46:35  lr: 0.000008  train_loss: 0.1347 (0.1809)  train_iou: 0.6284 (0.6566)  time: 0.9857  data: 0.0004  max mem: 31302
Epoch: [10]  [2820/5625]  eta: 0:46:15  lr: 0.000008  train_loss: 0.1111 (0.1810)  train_iou: 0.6539 (0.6565)  time: 0.9926  data: 0.0004  max mem: 31302
Epoch: [10]  [2840/5625]  eta: 0:45:55  lr: 0.000008  train_loss: 0.1153 (0.1809)  train_iou: 0.6322 (0.6564)  time: 0.9864  data: 0.0004  max mem: 31302
Epoch: [10]  [2860/5625]  eta: 0:45:36  lr: 0.000008  train_loss: 0.1211 (0.1808)  train_iou: 0.7359 (0.6565)  time: 0.9882  data: 0.0004  max mem: 31302
Epoch: [10]  [2880/5625]  eta: 0:45:16  lr: 0.000008  train_loss: 0.1884 (0.1810)  train_iou: 0.6135 (0.6560)  time: 0.9843  data: 0.0004  max mem: 31302
Epoch: [10]  [2900/5625]  eta: 0:44:56  lr: 0.000008  train_loss: 0.1354 (0.1810)  train_iou: 0.6518 (0.6559)  time: 0.9906  data: 0.0004  max mem: 31302
Epoch: [10]  [2920/5625]  eta: 0:44:36  lr: 0.000008  train_loss: 0.1289 (0.1810)  train_iou: 0.6550 (0.6559)  time: 0.9877  data: 0.0004  max mem: 31302
Epoch: [10]  [2940/5625]  eta: 0:44:16  lr: 0.000008  train_loss: 0.1281 (0.1809)  train_iou: 0.6284 (0.6556)  time: 0.9932  data: 0.0004  max mem: 31302
Epoch: [10]  [2960/5625]  eta: 0:43:57  lr: 0.000008  train_loss: 0.1152 (0.1811)  train_iou: 0.6074 (0.6554)  time: 0.9897  data: 0.0004  max mem: 31302
Epoch: [10]  [2980/5625]  eta: 0:43:37  lr: 0.000008  train_loss: 0.1960 (0.1815)  train_iou: 0.6251 (0.6552)  time: 0.9862  data: 0.0004  max mem: 31302
Epoch: [10]  [3000/5625]  eta: 0:43:17  lr: 0.000008  train_loss: 0.1067 (0.1813)  train_iou: 0.6433 (0.6554)  time: 0.9847  data: 0.0004  max mem: 31302
Epoch: [10]  [3020/5625]  eta: 0:42:57  lr: 0.000008  train_loss: 0.1358 (0.1814)  train_iou: 0.6672 (0.6553)  time: 0.9835  data: 0.0004  max mem: 31302
Epoch: [10]  [3040/5625]  eta: 0:42:37  lr: 0.000008  train_loss: 0.1479 (0.1818)  train_iou: 0.6605 (0.6553)  time: 0.9909  data: 0.0004  max mem: 31302
Epoch: [10]  [3060/5625]  eta: 0:42:20  lr: 0.000008  train_loss: 0.1113 (0.1819)  train_iou: 0.6405 (0.6550)  time: 1.1427  data: 0.0004  max mem: 31302
Epoch: [10]  [3080/5625]  eta: 0:42:00  lr: 0.000008  train_loss: 0.1358 (0.1819)  train_iou: 0.6478 (0.6550)  time: 0.9879  data: 0.0004  max mem: 31302
Epoch: [10]  [3100/5625]  eta: 0:41:40  lr: 0.000008  train_loss: 0.1257 (0.1816)  train_iou: 0.6691 (0.6551)  time: 0.9838  data: 0.0004  max mem: 31302
Epoch: [10]  [3120/5625]  eta: 0:41:20  lr: 0.000008  train_loss: 0.0830 (0.1815)  train_iou: 0.6641 (0.6549)  time: 0.9835  data: 0.0004  max mem: 31302
Epoch: [10]  [3140/5625]  eta: 0:41:00  lr: 0.000008  train_loss: 0.1072 (0.1814)  train_iou: 0.6493 (0.6551)  time: 0.9723  data: 0.0004  max mem: 31302
Epoch: [10]  [3160/5625]  eta: 0:40:40  lr: 0.000008  train_loss: 0.1235 (0.1814)  train_iou: 0.6537 (0.6550)  time: 0.9869  data: 0.0004  max mem: 31302
Epoch: [10]  [3180/5625]  eta: 0:40:20  lr: 0.000008  train_loss: 0.1212 (0.1812)  train_iou: 0.6249 (0.6549)  time: 0.9861  data: 0.0004  max mem: 31302
Epoch: [10]  [3200/5625]  eta: 0:40:01  lr: 0.000008  train_loss: 0.1369 (0.1813)  train_iou: 0.6601 (0.6548)  time: 0.9814  data: 0.0004  max mem: 31302
Epoch: [10]  [3220/5625]  eta: 0:39:41  lr: 0.000008  train_loss: 0.1320 (0.1813)  train_iou: 0.6322 (0.6545)  time: 0.9888  data: 0.0004  max mem: 31302
Epoch: [10]  [3240/5625]  eta: 0:39:21  lr: 0.000008  train_loss: 0.1659 (0.1815)  train_iou: 0.6324 (0.6543)  time: 0.9832  data: 0.0004  max mem: 31302
Epoch: [10]  [3260/5625]  eta: 0:39:01  lr: 0.000008  train_loss: 0.1155 (0.1816)  train_iou: 0.5427 (0.6539)  time: 0.9872  data: 0.0004  max mem: 31302
Epoch: [10]  [3280/5625]  eta: 0:38:41  lr: 0.000008  train_loss: 0.1631 (0.1818)  train_iou: 0.6132 (0.6536)  time: 0.9786  data: 0.0004  max mem: 31302
Epoch: [10]  [3300/5625]  eta: 0:38:21  lr: 0.000008  train_loss: 0.1271 (0.1819)  train_iou: 0.6432 (0.6535)  time: 0.9889  data: 0.0004  max mem: 31302
Epoch: [10]  [3320/5625]  eta: 0:38:01  lr: 0.000008  train_loss: 0.1714 (0.1823)  train_iou: 0.6061 (0.6534)  time: 0.9865  data: 0.0004  max mem: 31302
Epoch: [10]  [3340/5625]  eta: 0:37:41  lr: 0.000008  train_loss: 0.2173 (0.1828)  train_iou: 0.6090 (0.6532)  time: 0.9856  data: 0.0004  max mem: 31302
Epoch: [10]  [3360/5625]  eta: 0:37:22  lr: 0.000008  train_loss: 0.1414 (0.1827)  train_iou: 0.6381 (0.6531)  time: 0.9869  data: 0.0004  max mem: 31302
Epoch: [10]  [3380/5625]  eta: 0:37:02  lr: 0.000008  train_loss: 0.1523 (0.1828)  train_iou: 0.6256 (0.6531)  time: 0.9836  data: 0.0004  max mem: 31302
Epoch: [10]  [3400/5625]  eta: 0:36:42  lr: 0.000008  train_loss: 0.1271 (0.1828)  train_iou: 0.6479 (0.6530)  time: 0.9854  data: 0.0004  max mem: 31302
Epoch: [10]  [3420/5625]  eta: 0:36:22  lr: 0.000008  train_loss: 0.1930 (0.1831)  train_iou: 0.6737 (0.6531)  time: 0.9904  data: 0.0004  max mem: 31302
Epoch: [10]  [3440/5625]  eta: 0:36:02  lr: 0.000008  train_loss: 0.1269 (0.1831)  train_iou: 0.5983 (0.6530)  time: 0.9883  data: 0.0004  max mem: 31302
Epoch: [10]  [3460/5625]  eta: 0:35:42  lr: 0.000008  train_loss: 0.1356 (0.1832)  train_iou: 0.6503 (0.6530)  time: 0.9804  data: 0.0004  max mem: 31302
Epoch: [10]  [3480/5625]  eta: 0:35:22  lr: 0.000008  train_loss: 0.1425 (0.1832)  train_iou: 0.6949 (0.6532)  time: 0.9746  data: 0.0004  max mem: 31302
Epoch: [10]  [3500/5625]  eta: 0:35:02  lr: 0.000008  train_loss: 0.1620 (0.1832)  train_iou: 0.6271 (0.6533)  time: 0.9773  data: 0.0004  max mem: 31302
Epoch: [10]  [3520/5625]  eta: 0:34:42  lr: 0.000008  train_loss: 0.1635 (0.1835)  train_iou: 0.6046 (0.6532)  time: 0.9691  data: 0.0004  max mem: 31302
Epoch: [10]  [3540/5625]  eta: 0:34:22  lr: 0.000008  train_loss: 0.1415 (0.1835)  train_iou: 0.5930 (0.6529)  time: 0.9781  data: 0.0004  max mem: 31302
Epoch: [10]  [3560/5625]  eta: 0:34:03  lr: 0.000008  train_loss: 0.1698 (0.1835)  train_iou: 0.6353 (0.6529)  time: 0.9747  data: 0.0004  max mem: 31302
Epoch: [10]  [3580/5625]  eta: 0:33:43  lr: 0.000008  train_loss: 0.1222 (0.1834)  train_iou: 0.6749 (0.6530)  time: 0.9806  data: 0.0004  max mem: 31302
Epoch: [10]  [3600/5625]  eta: 0:33:23  lr: 0.000008  train_loss: 0.1980 (0.1836)  train_iou: 0.6417 (0.6530)  time: 0.9793  data: 0.0004  max mem: 31302
Epoch: [10]  [3620/5625]  eta: 0:33:03  lr: 0.000008  train_loss: 0.1270 (0.1835)  train_iou: 0.6634 (0.6530)  time: 0.9813  data: 0.0004  max mem: 31302
Epoch: [10]  [3640/5625]  eta: 0:32:43  lr: 0.000008  train_loss: 0.1274 (0.1836)  train_iou: 0.6481 (0.6529)  time: 0.9828  data: 0.0004  max mem: 31302
Epoch: [10]  [3660/5625]  eta: 0:32:23  lr: 0.000008  train_loss: 0.1446 (0.1836)  train_iou: 0.6685 (0.6528)  time: 0.9775  data: 0.0004  max mem: 31302
Epoch: [10]  [3680/5625]  eta: 0:32:03  lr: 0.000008  train_loss: 0.1005 (0.1835)  train_iou: 0.6642 (0.6527)  time: 0.9868  data: 0.0004  max mem: 31302
Epoch: [10]  [3700/5625]  eta: 0:31:43  lr: 0.000008  train_loss: 0.1169 (0.1836)  train_iou: 0.6678 (0.6528)  time: 0.9831  data: 0.0004  max mem: 31302
Epoch: [10]  [3720/5625]  eta: 0:31:24  lr: 0.000008  train_loss: 0.1089 (0.1834)  train_iou: 0.6539 (0.6530)  time: 0.9822  data: 0.0004  max mem: 31302
Epoch: [10]  [3740/5625]  eta: 0:31:04  lr: 0.000008  train_loss: 0.1170 (0.1834)  train_iou: 0.6688 (0.6533)  time: 0.9668  data: 0.0004  max mem: 31302
Epoch: [10]  [3760/5625]  eta: 0:30:44  lr: 0.000008  train_loss: 0.1968 (0.1836)  train_iou: 0.6444 (0.6533)  time: 0.9732  data: 0.0004  max mem: 31302
Epoch: [10]  [3780/5625]  eta: 0:30:24  lr: 0.000008  train_loss: 0.1572 (0.1837)  train_iou: 0.6435 (0.6533)  time: 0.9903  data: 0.0004  max mem: 31302
Epoch: [10]  [3800/5625]  eta: 0:30:04  lr: 0.000008  train_loss: 0.1427 (0.1840)  train_iou: 0.6291 (0.6531)  time: 0.9879  data: 0.0004  max mem: 31302
Epoch: [10]  [3820/5625]  eta: 0:29:44  lr: 0.000008  train_loss: 0.1460 (0.1839)  train_iou: 0.7228 (0.6534)  time: 0.9822  data: 0.0004  max mem: 31302
Epoch: [10]  [3840/5625]  eta: 0:29:24  lr: 0.000008  train_loss: 0.1533 (0.1839)  train_iou: 0.5925 (0.6531)  time: 0.9885  data: 0.0004  max mem: 31302
Epoch: [10]  [3860/5625]  eta: 0:29:05  lr: 0.000008  train_loss: 0.1471 (0.1840)  train_iou: 0.6529 (0.6531)  time: 0.9870  data: 0.0004  max mem: 31302
Epoch: [10]  [3880/5625]  eta: 0:28:45  lr: 0.000008  train_loss: 0.1204 (0.1840)  train_iou: 0.6692 (0.6531)  time: 0.9842  data: 0.0004  max mem: 31302
Epoch: [10]  [3900/5625]  eta: 0:28:25  lr: 0.000008  train_loss: 0.1154 (0.1841)  train_iou: 0.5721 (0.6528)  time: 0.9834  data: 0.0004  max mem: 31302
Epoch: [10]  [3920/5625]  eta: 0:28:05  lr: 0.000008  train_loss: 0.2222 (0.1843)  train_iou: 0.6643 (0.6528)  time: 0.9852  data: 0.0004  max mem: 31302
Epoch: [10]  [3940/5625]  eta: 0:27:45  lr: 0.000008  train_loss: 0.1044 (0.1841)  train_iou: 0.6510 (0.6527)  time: 0.9900  data: 0.0004  max mem: 31302
Epoch: [10]  [3960/5625]  eta: 0:27:26  lr: 0.000008  train_loss: 0.1010 (0.1841)  train_iou: 0.6694 (0.6529)  time: 0.9807  data: 0.0004  max mem: 31302
Epoch: [10]  [3980/5625]  eta: 0:27:06  lr: 0.000008  train_loss: 0.1537 (0.1842)  train_iou: 0.6622 (0.6530)  time: 0.9817  data: 0.0004  max mem: 31302
Epoch: [10]  [4000/5625]  eta: 0:26:46  lr: 0.000008  train_loss: 0.1182 (0.1841)  train_iou: 0.7325 (0.6532)  time: 0.9782  data: 0.0004  max mem: 31302
Epoch: [10]  [4020/5625]  eta: 0:26:26  lr: 0.000008  train_loss: 0.1539 (0.1841)  train_iou: 0.6451 (0.6532)  time: 0.9791  data: 0.0004  max mem: 31302
Epoch: [10]  [4040/5625]  eta: 0:26:06  lr: 0.000008  train_loss: 0.1123 (0.1840)  train_iou: 0.6564 (0.6531)  time: 0.9764  data: 0.0004  max mem: 31302
Epoch: [10]  [4060/5625]  eta: 0:25:46  lr: 0.000008  train_loss: 0.1148 (0.1839)  train_iou: 0.6482 (0.6530)  time: 0.9873  data: 0.0004  max mem: 31302
Epoch: [10]  [4080/5625]  eta: 0:25:27  lr: 0.000008  train_loss: 0.1291 (0.1839)  train_iou: 0.6695 (0.6531)  time: 0.9860  data: 0.0004  max mem: 31302
Epoch: [10]  [4100/5625]  eta: 0:25:07  lr: 0.000008  train_loss: 0.1644 (0.1840)  train_iou: 0.6790 (0.6531)  time: 0.9819  data: 0.0004  max mem: 31302
Epoch: [10]  [4120/5625]  eta: 0:24:47  lr: 0.000008  train_loss: 0.1875 (0.1841)  train_iou: 0.6413 (0.6529)  time: 0.9891  data: 0.0005  max mem: 31302
Epoch: [10]  [4140/5625]  eta: 0:24:27  lr: 0.000008  train_loss: 0.1621 (0.1843)  train_iou: 0.5828 (0.6529)  time: 0.9892  data: 0.0004  max mem: 31302
Epoch: [10]  [4160/5625]  eta: 0:24:08  lr: 0.000008  train_loss: 0.1130 (0.1845)  train_iou: 0.6550 (0.6529)  time: 0.9811  data: 0.0004  max mem: 31302
Epoch: [10]  [4180/5625]  eta: 0:23:48  lr: 0.000008  train_loss: 0.1314 (0.1845)  train_iou: 0.7124 (0.6531)  time: 0.9912  data: 0.0004  max mem: 31302
Epoch: [10]  [4200/5625]  eta: 0:23:28  lr: 0.000008  train_loss: 0.1311 (0.1844)  train_iou: 0.6638 (0.6533)  time: 0.9890  data: 0.0004  max mem: 31302
Epoch: [10]  [4220/5625]  eta: 0:23:08  lr: 0.000008  train_loss: 0.1503 (0.1846)  train_iou: 0.6235 (0.6532)  time: 0.9849  data: 0.0004  max mem: 31302
Epoch: [10]  [4240/5625]  eta: 0:22:48  lr: 0.000008  train_loss: 0.1431 (0.1845)  train_iou: 0.6683 (0.6533)  time: 0.9864  data: 0.0004  max mem: 31302
Epoch: [10]  [4260/5625]  eta: 0:22:29  lr: 0.000008  train_loss: 0.1333 (0.1844)  train_iou: 0.6791 (0.6533)  time: 0.9836  data: 0.0004  max mem: 31302
Epoch: [10]  [4280/5625]  eta: 0:22:09  lr: 0.000008  train_loss: 0.2050 (0.1845)  train_iou: 0.6224 (0.6532)  time: 0.9891  data: 0.0004  max mem: 31302
Epoch: [10]  [4300/5625]  eta: 0:21:49  lr: 0.000008  train_loss: 0.1436 (0.1846)  train_iou: 0.6658 (0.6532)  time: 0.9889  data: 0.0004  max mem: 31302
Epoch: [10]  [4320/5625]  eta: 0:21:29  lr: 0.000008  train_loss: 0.1217 (0.1844)  train_iou: 0.6533 (0.6532)  time: 0.9861  data: 0.0004  max mem: 31302
Epoch: [10]  [4340/5625]  eta: 0:21:10  lr: 0.000008  train_loss: 0.1029 (0.1844)  train_iou: 0.6343 (0.6532)  time: 0.9869  data: 0.0004  max mem: 31302
Epoch: [10]  [4360/5625]  eta: 0:20:50  lr: 0.000008  train_loss: 0.1282 (0.1844)  train_iou: 0.6877 (0.6532)  time: 0.9878  data: 0.0004  max mem: 31302
Epoch: [10]  [4380/5625]  eta: 0:20:31  lr: 0.000008  train_loss: 0.1553 (0.1846)  train_iou: 0.6722 (0.6533)  time: 1.1427  data: 0.0004  max mem: 31302
Epoch: [10]  [4400/5625]  eta: 0:20:11  lr: 0.000008  train_loss: 0.0850 (0.1843)  train_iou: 0.7212 (0.6535)  time: 0.9827  data: 0.0004  max mem: 31302
Epoch: [10]  [4420/5625]  eta: 0:19:51  lr: 0.000008  train_loss: 0.1124 (0.1844)  train_iou: 0.6313 (0.6534)  time: 0.9860  data: 0.0004  max mem: 31302
Epoch: [10]  [4440/5625]  eta: 0:19:31  lr: 0.000008  train_loss: 0.1543 (0.1846)  train_iou: 0.6865 (0.6535)  time: 0.9901  data: 0.0004  max mem: 31302
Epoch: [10]  [4460/5625]  eta: 0:19:12  lr: 0.000008  train_loss: 0.1150 (0.1845)  train_iou: 0.6336 (0.6533)  time: 0.9858  data: 0.0004  max mem: 31302
Epoch: [10]  [4480/5625]  eta: 0:18:52  lr: 0.000008  train_loss: 0.1344 (0.1844)  train_iou: 0.6190 (0.6532)  time: 0.9841  data: 0.0004  max mem: 31302
Epoch: [10]  [4500/5625]  eta: 0:18:32  lr: 0.000008  train_loss: 0.1290 (0.1843)  train_iou: 0.6463 (0.6532)  time: 0.9884  data: 0.0004  max mem: 31302
Epoch: [10]  [4520/5625]  eta: 0:18:12  lr: 0.000008  train_loss: 0.1072 (0.1843)  train_iou: 0.6666 (0.6532)  time: 0.9886  data: 0.0005  max mem: 31302
Epoch: [10]  [4540/5625]  eta: 0:17:53  lr: 0.000008  train_loss: 0.1241 (0.1843)  train_iou: 0.6675 (0.6532)  time: 0.9845  data: 0.0004  max mem: 31302
Epoch: [10]  [4560/5625]  eta: 0:17:33  lr: 0.000008  train_loss: 0.1068 (0.1843)  train_iou: 0.6244 (0.6531)  time: 0.9814  data: 0.0004  max mem: 31302
Epoch: [10]  [4580/5625]  eta: 0:17:13  lr: 0.000008  train_loss: 0.1466 (0.1843)  train_iou: 0.6727 (0.6531)  time: 0.9908  data: 0.0004  max mem: 31302
Epoch: [10]  [4600/5625]  eta: 0:16:53  lr: 0.000008  train_loss: 0.1118 (0.1842)  train_iou: 0.5574 (0.6529)  time: 0.9846  data: 0.0004  max mem: 31302
Epoch: [10]  [4620/5625]  eta: 0:16:33  lr: 0.000008  train_loss: 0.1493 (0.1842)  train_iou: 0.6433 (0.6528)  time: 0.9868  data: 0.0004  max mem: 31302
Epoch: [10]  [4640/5625]  eta: 0:16:14  lr: 0.000008  train_loss: 0.1250 (0.1843)  train_iou: 0.6585 (0.6527)  time: 0.9897  data: 0.0004  max mem: 31302
Epoch: [10]  [4660/5625]  eta: 0:15:54  lr: 0.000008  train_loss: 0.1366 (0.1842)  train_iou: 0.6599 (0.6529)  time: 0.9868  data: 0.0004  max mem: 31302
Epoch: [10]  [4680/5625]  eta: 0:15:34  lr: 0.000008  train_loss: 0.1389 (0.1843)  train_iou: 0.6353 (0.6527)  time: 0.9878  data: 0.0004  max mem: 31302
Epoch: [10]  [4700/5625]  eta: 0:15:14  lr: 0.000008  train_loss: 0.1353 (0.1844)  train_iou: 0.6054 (0.6527)  time: 0.9879  data: 0.0004  max mem: 31302
Epoch: [10]  [4720/5625]  eta: 0:14:54  lr: 0.000008  train_loss: 0.1329 (0.1844)  train_iou: 0.6302 (0.6527)  time: 0.9824  data: 0.0004  max mem: 31302
Epoch: [10]  [4740/5625]  eta: 0:14:35  lr: 0.000008  train_loss: 0.1860 (0.1844)  train_iou: 0.5912 (0.6526)  time: 0.9794  data: 0.0004  max mem: 31302
Epoch: [10]  [4760/5625]  eta: 0:14:15  lr: 0.000008  train_loss: 0.1406 (0.1845)  train_iou: 0.6288 (0.6526)  time: 0.9834  data: 0.0004  max mem: 31302
Epoch: [10]  [4780/5625]  eta: 0:13:55  lr: 0.000008  train_loss: 0.2557 (0.1846)  train_iou: 0.6243 (0.6526)  time: 0.9868  data: 0.0004  max mem: 31302
Epoch: [10]  [4800/5625]  eta: 0:13:35  lr: 0.000008  train_loss: 0.1164 (0.1846)  train_iou: 0.6722 (0.6527)  time: 0.9938  data: 0.0004  max mem: 31302
Epoch: [10]  [4820/5625]  eta: 0:13:16  lr: 0.000008  train_loss: 0.1207 (0.1844)  train_iou: 0.6724 (0.6528)  time: 0.9889  data: 0.0004  max mem: 31302
Epoch: [10]  [4840/5625]  eta: 0:12:56  lr: 0.000008  train_loss: 0.1892 (0.1844)  train_iou: 0.6587 (0.6529)  time: 0.9832  data: 0.0004  max mem: 31302
Epoch: [10]  [4860/5625]  eta: 0:12:36  lr: 0.000008  train_loss: 0.1088 (0.1843)  train_iou: 0.5568 (0.6527)  time: 0.9922  data: 0.0004  max mem: 31302
Epoch: [10]  [4880/5625]  eta: 0:12:16  lr: 0.000008  train_loss: 0.1685 (0.1844)  train_iou: 0.6841 (0.6528)  time: 0.9832  data: 0.0004  max mem: 31302
Epoch: [10]  [4900/5625]  eta: 0:11:56  lr: 0.000008  train_loss: 0.1209 (0.1843)  train_iou: 0.7031 (0.6530)  time: 0.9887  data: 0.0004  max mem: 31302
Epoch: [10]  [4920/5625]  eta: 0:11:37  lr: 0.000008  train_loss: 0.1244 (0.1844)  train_iou: 0.6402 (0.6529)  time: 0.9901  data: 0.0004  max mem: 31302
Epoch: [10]  [4940/5625]  eta: 0:11:17  lr: 0.000008  train_loss: 0.1088 (0.1844)  train_iou: 0.6612 (0.6529)  time: 0.9879  data: 0.0004  max mem: 31302
Epoch: [10]  [4960/5625]  eta: 0:10:57  lr: 0.000008  train_loss: 0.1297 (0.1843)  train_iou: 0.7217 (0.6530)  time: 0.9905  data: 0.0004  max mem: 31302
Epoch: [10]  [4980/5625]  eta: 0:10:37  lr: 0.000008  train_loss: 0.1061 (0.1841)  train_iou: 0.6837 (0.6531)  time: 0.9854  data: 0.0004  max mem: 31302
Epoch: [10]  [5000/5625]  eta: 0:10:17  lr: 0.000008  train_loss: 0.1085 (0.1841)  train_iou: 0.6790 (0.6532)  time: 0.9847  data: 0.0004  max mem: 31302
Epoch: [10]  [5020/5625]  eta: 0:09:58  lr: 0.000008  train_loss: 0.1021 (0.1841)  train_iou: 0.6460 (0.6531)  time: 0.9883  data: 0.0004  max mem: 31302
Epoch: [10]  [5040/5625]  eta: 0:09:38  lr: 0.000008  train_loss: 0.1355 (0.1841)  train_iou: 0.6801 (0.6532)  time: 0.9900  data: 0.0004  max mem: 31302
Epoch: [10]  [5060/5625]  eta: 0:09:18  lr: 0.000008  train_loss: 0.1178 (0.1841)  train_iou: 0.6745 (0.6533)  time: 0.9884  data: 0.0004  max mem: 31302
Epoch: [10]  [5080/5625]  eta: 0:08:58  lr: 0.000008  train_loss: 0.1090 (0.1841)  train_iou: 0.6367 (0.6532)  time: 0.9855  data: 0.0004  max mem: 31302
Epoch: [10]  [5100/5625]  eta: 0:08:39  lr: 0.000008  train_loss: 0.1430 (0.1840)  train_iou: 0.6725 (0.6533)  time: 0.9874  data: 0.0004  max mem: 31302
Epoch: [10]  [5120/5625]  eta: 0:08:19  lr: 0.000008  train_loss: 0.1166 (0.1841)  train_iou: 0.6529 (0.6532)  time: 0.9847  data: 0.0004  max mem: 31302
Epoch: [10]  [5140/5625]  eta: 0:07:59  lr: 0.000008  train_loss: 0.1180 (0.1840)  train_iou: 0.6153 (0.6531)  time: 0.9794  data: 0.0004  max mem: 31302
Epoch: [10]  [5160/5625]  eta: 0:07:39  lr: 0.000008  train_loss: 0.1088 (0.1840)  train_iou: 0.6461 (0.6531)  time: 0.9840  data: 0.0004  max mem: 31302
Epoch: [10]  [5180/5625]  eta: 0:07:19  lr: 0.000008  train_loss: 0.2108 (0.1841)  train_iou: 0.6351 (0.6530)  time: 0.9888  data: 0.0004  max mem: 31302
Epoch: [10]  [5200/5625]  eta: 0:07:00  lr: 0.000008  train_loss: 0.1364 (0.1842)  train_iou: 0.6780 (0.6532)  time: 0.9927  data: 0.0004  max mem: 31302
Epoch: [10]  [5220/5625]  eta: 0:06:40  lr: 0.000008  train_loss: 0.1312 (0.1841)  train_iou: 0.6373 (0.6532)  time: 0.9862  data: 0.0004  max mem: 31302
Epoch: [10]  [5240/5625]  eta: 0:06:20  lr: 0.000008  train_loss: 0.1440 (0.1843)  train_iou: 0.6481 (0.6531)  time: 0.9898  data: 0.0004  max mem: 31302
Epoch: [10]  [5260/5625]  eta: 0:06:00  lr: 0.000008  train_loss: 0.1268 (0.1843)  train_iou: 0.6577 (0.6529)  time: 0.9914  data: 0.0004  max mem: 31302
Epoch: [10]  [5280/5625]  eta: 0:05:41  lr: 0.000008  train_loss: 0.1600 (0.1843)  train_iou: 0.6231 (0.6528)  time: 0.9836  data: 0.0004  max mem: 31302
Epoch: [10]  [5300/5625]  eta: 0:05:21  lr: 0.000008  train_loss: 0.1381 (0.1844)  train_iou: 0.6640 (0.6528)  time: 0.9861  data: 0.0004  max mem: 31302
Epoch: [10]  [5320/5625]  eta: 0:05:01  lr: 0.000008  train_loss: 0.2610 (0.1846)  train_iou: 0.6314 (0.6527)  time: 0.9847  data: 0.0004  max mem: 31302
Epoch: [10]  [5340/5625]  eta: 0:04:41  lr: 0.000008  train_loss: 0.1520 (0.1846)  train_iou: 0.6542 (0.6527)  time: 0.9807  data: 0.0004  max mem: 31302
Epoch: [10]  [5360/5625]  eta: 0:04:21  lr: 0.000008  train_loss: 0.1357 (0.1846)  train_iou: 0.6572 (0.6528)  time: 0.9851  data: 0.0004  max mem: 31302
Epoch: [10]  [5380/5625]  eta: 0:04:02  lr: 0.000008  train_loss: 0.1656 (0.1846)  train_iou: 0.6417 (0.6529)  time: 0.9807  data: 0.0004  max mem: 31302
Epoch: [10]  [5400/5625]  eta: 0:03:42  lr: 0.000008  train_loss: 0.1718 (0.1847)  train_iou: 0.6547 (0.6529)  time: 0.9899  data: 0.0004  max mem: 31302
Epoch: [10]  [5420/5625]  eta: 0:03:22  lr: 0.000008  train_loss: 0.2170 (0.1848)  train_iou: 0.6125 (0.6527)  time: 0.9828  data: 0.0004  max mem: 31302
Epoch: [10]  [5440/5625]  eta: 0:03:02  lr: 0.000008  train_loss: 0.2265 (0.1850)  train_iou: 0.5803 (0.6525)  time: 0.9801  data: 0.0004  max mem: 31302
Epoch: [10]  [5460/5625]  eta: 0:02:43  lr: 0.000008  train_loss: 0.1367 (0.1851)  train_iou: 0.6522 (0.6525)  time: 0.9874  data: 0.0004  max mem: 31302
Epoch: [10]  [5480/5625]  eta: 0:02:23  lr: 0.000008  train_loss: 0.1382 (0.1850)  train_iou: 0.5675 (0.6523)  time: 0.9887  data: 0.0004  max mem: 31302
Epoch: [10]  [5500/5625]  eta: 0:02:03  lr: 0.000008  train_loss: 0.1268 (0.1849)  train_iou: 0.6353 (0.6522)  time: 0.9841  data: 0.0004  max mem: 31302
Epoch: [10]  [5520/5625]  eta: 0:01:43  lr: 0.000008  train_loss: 0.1286 (0.1850)  train_iou: 0.6475 (0.6522)  time: 0.9816  data: 0.0004  max mem: 31302
Epoch: [10]  [5540/5625]  eta: 0:01:24  lr: 0.000008  train_loss: 0.1252 (0.1850)  train_iou: 0.5697 (0.6521)  time: 0.9883  data: 0.0004  max mem: 31302
Epoch: [10]  [5560/5625]  eta: 0:01:04  lr: 0.000008  train_loss: 0.1389 (0.1849)  train_iou: 0.6667 (0.6521)  time: 0.9858  data: 0.0004  max mem: 31302
Epoch: [10]  [5580/5625]  eta: 0:00:44  lr: 0.000008  train_loss: 0.1367 (0.1849)  train_iou: 0.7070 (0.6521)  time: 0.9848  data: 0.0004  max mem: 31302
Epoch: [10]  [5600/5625]  eta: 0:00:24  lr: 0.000008  train_loss: 0.1559 (0.1850)  train_iou: 0.6484 (0.6520)  time: 0.9914  data: 0.0004  max mem: 31302
Epoch: [10]  [5620/5625]  eta: 0:00:04  lr: 0.000008  train_loss: 0.1485 (0.1849)  train_iou: 0.7141 (0.6522)  time: 0.9139  data: 0.0003  max mem: 31302
Epoch: [10]  [5624/5625]  eta: 0:00:00  lr: 0.000008  train_loss: 0.1485 (0.1849)  train_iou: 0.6873 (0.6522)  time: 0.8916  data: 0.0002  max mem: 31302
Epoch: [10] Total time: 1:32:39 (0.9884 s / it)
Averaged stats: lr: 0.000008  train_loss: 0.1485 (0.1849)  train_iou: 0.6873 (0.6522)
huggingface/tokenizers: The current process just got forked, after parallelism has already been used. Disabling parallelism to avoid deadlocks...
To disable this warning, you can either:
	- Avoid using `tokenizers` before the fork if possible
	- Explicitly set the environment variable TOKENIZERS_PARALLELISM=(true | false)
huggingface/tokenizers: The current process just got forked, after parallelism has already been used. Disabling parallelism to avoid deadlocks...
To disable this warning, you can either:
	- Avoid using `tokenizers` before the fork if possible
	- Explicitly set the environment variable TOKENIZERS_PARALLELISM=(true | false)
huggingface/tokenizers: The current process just got forked, after parallelism has already been used. Disabling parallelism to avoid deadlocks...
To disable this warning, you can either:
	- Avoid using `tokenizers` before the fork if possible
	- Explicitly set the environment variable TOKENIZERS_PARALLELISM=(true | false)
huggingface/tokenizers: The current process just got forked, after parallelism has already been used. Disabling parallelism to avoid deadlocks...
To disable this warning, you can either:
	- Avoid using `tokenizers` before the fork if possible
	- Explicitly set the environment variable TOKENIZERS_PARALLELISM=(true | false)
huggingface/tokenizers: The current process just got forked, after parallelism has already been used. Disabling parallelism to avoid deadlocks...
To disable this warning, you can either:
	- Avoid using `tokenizers` before the fork if possible
	- Explicitly set the environment variable TOKENIZERS_PARALLELISM=(true | false)
huggingface/tokenizers: The current process just got forked, after parallelism has already been used. Disabling parallelism to avoid deadlocks...
To disable this warning, you can either:
	- Avoid using `tokenizers` before the fork if possible
	- Explicitly set the environment variable TOKENIZERS_PARALLELISM=(true | false)
huggingface/tokenizers: The current process just got forked, after parallelism has already been used. Disabling parallelism to avoid deadlocks...
To disable this warning, you can either:
	- Avoid using `tokenizers` before the fork if possible
	- Explicitly set the environment variable TOKENIZERS_PARALLELISM=(true | false)
huggingface/tokenizers: The current process just got forked, after parallelism has already been used. Disabling parallelism to avoid deadlocks...
To disable this warning, you can either:
	- Avoid using `tokenizers` before the fork if possible
	- Explicitly set the environment variable TOKENIZERS_PARALLELISM=(true | false)
Test:  [   0/4000]  eta: 1:51:08  inter: 33174.0000 (33174.0000)  union: 35456.0000 (35456.0000)  iou: 0.9356 (0.9356)  time: 1.6672  data: 1.4151  max mem: 31302
Test:  [  50/4000]  eta: 0:13:59  inter: 11518.0000 (22099.4844)  union: 45998.0000 (40691.8281)  iou: 0.5020 (0.5173)  time: 0.1886  data: 0.0004  max mem: 31302
Test:  [ 100/4000]  eta: 0:13:06  inter: 20168.0000 (23955.2132)  union: 47188.0000 (41385.6838)  iou: 0.6035 (0.5681)  time: 0.1842  data: 0.0004  max mem: 31302
Test:  [ 150/4000]  eta: 0:12:44  inter: 18766.0000 (24430.2775)  union: 30021.0000 (39270.6459)  iou: 0.8366 (0.6046)  time: 0.1971  data: 0.0004  max mem: 31302
Test:  [ 200/4000]  eta: 0:12:21  inter: 33861.0000 (25217.1026)  union: 37663.0000 (39201.7326)  iou: 0.9132 (0.6140)  time: 0.1810  data: 0.0004  max mem: 31302
Test:  [ 250/4000]  eta: 0:12:00  inter: 14552.0000 (27115.1627)  union: 31968.0000 (40768.7078)  iou: 0.5869 (0.6127)  time: 0.1754  data: 0.0004  max mem: 31302
Test:  [ 300/4000]  eta: 0:11:51  inter: 17749.0000 (26433.5732)  union: 24897.0000 (40074.3449)  iou: 0.5313 (0.6047)  time: 0.1951  data: 0.0004  max mem: 31302
Test:  [ 350/4000]  eta: 0:11:45  inter: 9328.0000 (25437.9112)  union: 30109.0000 (39796.2872)  iou: 0.4318 (0.5932)  time: 0.2017  data: 0.0004  max mem: 31302
Test:  [ 400/4000]  eta: 0:11:38  inter: 30221.0000 (24816.9286)  union: 35866.0000 (39284.5875)  iou: 0.6839 (0.5899)  time: 0.1834  data: 0.0004  max mem: 31302
Test:  [ 450/4000]  eta: 0:11:26  inter: 14335.0000 (24665.1524)  union: 29037.0000 (39172.5619)  iou: 0.5726 (0.5908)  time: 0.2042  data: 0.0004  max mem: 31302
Test:  [ 500/4000]  eta: 0:11:13  inter: 17305.0000 (25228.6404)  union: 33322.0000 (40249.5774)  iou: 0.5359 (0.5882)  time: 0.1790  data: 0.0004  max mem: 31302
Test:  [ 550/4000]  eta: 0:11:06  inter: 23717.0000 (25280.0129)  union: 28129.0000 (39971.7391)  iou: 0.8479 (0.5972)  time: 0.1957  data: 0.0004  max mem: 31302
Test:  [ 600/4000]  eta: 0:10:54  inter: 9232.0000 (25142.3574)  union: 31353.0000 (39985.7065)  iou: 0.8031 (0.5932)  time: 0.1909  data: 0.0004  max mem: 31302
Test:  [ 650/4000]  eta: 0:10:42  inter: 25258.0000 (25588.9116)  union: 40772.0000 (40330.3503)  iou: 0.6677 (0.5931)  time: 0.1805  data: 0.0004  max mem: 31302
Test:  [ 700/4000]  eta: 0:10:31  inter: 13931.0000 (25150.7146)  union: 28906.0000 (40045.2269)  iou: 0.4160 (0.5866)  time: 0.1799  data: 0.0004  max mem: 31302
Test:  [ 750/4000]  eta: 0:10:22  inter: 27069.0000 (25087.7231)  union: 29731.0000 (39963.2160)  iou: 0.8339 (0.5901)  time: 0.2060  data: 0.0004  max mem: 31302
Test:  [ 800/4000]  eta: 0:10:11  inter: 19554.0000 (24876.6473)  union: 46710.0000 (39539.8643)  iou: 0.6267 (0.5901)  time: 0.1939  data: 0.0005  max mem: 31302
Test:  [ 850/4000]  eta: 0:10:03  inter: 21837.0000 (24969.4268)  union: 36271.0000 (39536.9213)  iou: 0.8120 (0.5909)  time: 0.1796  data: 0.0004  max mem: 31302
Test:  [ 900/4000]  eta: 0:09:53  inter: 11200.0000 (24891.8901)  union: 27583.0000 (39786.7123)  iou: 0.4652 (0.5855)  time: 0.1759  data: 0.0004  max mem: 31302
Test:  [ 950/4000]  eta: 0:09:42  inter: 24753.0000 (25008.6414)  union: 30943.0000 (39925.4366)  iou: 0.8088 (0.5843)  time: 0.1861  data: 0.0004  max mem: 31302
Test:  [1000/4000]  eta: 0:09:32  inter: 22302.0000 (25266.5560)  union: 37908.0000 (40143.5203)  iou: 0.7350 (0.5860)  time: 0.1756  data: 0.0004  max mem: 31302
Test:  [1050/4000]  eta: 0:09:22  inter: 20176.0000 (25292.7884)  union: 37148.0000 (40156.5197)  iou: 0.5396 (0.5856)  time: 0.1906  data: 0.0004  max mem: 31302
Test:  [1100/4000]  eta: 0:09:12  inter: 22515.0000 (25184.5931)  union: 28612.0000 (39886.9668)  iou: 0.6998 (0.5857)  time: 0.1858  data: 0.0004  max mem: 31302
Test:  [1150/4000]  eta: 0:09:03  inter: 10002.0000 (25299.5769)  union: 23933.0000 (39720.5124)  iou: 0.4185 (0.5892)  time: 0.1974  data: 0.0004  max mem: 31302
Test:  [1200/4000]  eta: 0:08:54  inter: 10701.0000 (25229.0244)  union: 33486.0000 (39961.6593)  iou: 0.7343 (0.5856)  time: 0.1894  data: 0.0004  max mem: 31302
Test:  [1250/4000]  eta: 0:08:45  inter: 9824.0000 (25052.4037)  union: 34768.0000 (39777.0585)  iou: 0.2167 (0.5844)  time: 0.2019  data: 0.0004  max mem: 31302
Test:  [1300/4000]  eta: 0:08:35  inter: 15614.0000 (24817.0934)  union: 33676.0000 (39556.2758)  iou: 0.4098 (0.5848)  time: 0.1925  data: 0.0004  max mem: 31302
Test:  [1350/4000]  eta: 0:08:26  inter: 26330.0000 (24817.0437)  union: 35434.0000 (39555.4489)  iou: 0.8314 (0.5849)  time: 0.1901  data: 0.0004  max mem: 31302
Test:  [1400/4000]  eta: 0:08:17  inter: 9974.0000 (24920.7424)  union: 11916.0000 (39653.8623)  iou: 0.7394 (0.5832)  time: 0.1918  data: 0.0004  max mem: 31302
Test:  [1450/4000]  eta: 0:08:07  inter: 15787.0000 (24864.8963)  union: 46270.0000 (39572.5330)  iou: 0.6137 (0.5824)  time: 0.1863  data: 0.0004  max mem: 31302
Test:  [1500/4000]  eta: 0:07:57  inter: 16670.0000 (24852.6788)  union: 38625.0000 (39661.0468)  iou: 0.4836 (0.5801)  time: 0.1878  data: 0.0004  max mem: 31302
Test:  [1550/4000]  eta: 0:07:48  inter: 21711.0000 (24748.4763)  union: 30459.0000 (39619.9544)  iou: 0.8181 (0.5809)  time: 0.2055  data: 0.0004  max mem: 31302
Test:  [1600/4000]  eta: 0:07:39  inter: 11109.0000 (24562.4130)  union: 23941.0000 (39581.7479)  iou: 0.4333 (0.5773)  time: 0.2071  data: 0.0004  max mem: 31302
Test:  [1650/4000]  eta: 0:07:29  inter: 16197.0000 (24561.4756)  union: 32626.0000 (39569.0334)  iou: 0.4813 (0.5766)  time: 0.1904  data: 0.0004  max mem: 31302
Test:  [1700/4000]  eta: 0:07:19  inter: 16957.0000 (24584.9320)  union: 36112.0000 (39629.2741)  iou: 0.8096 (0.5759)  time: 0.1901  data: 0.0004  max mem: 31302
Test:  [1750/4000]  eta: 0:07:09  inter: 18330.0000 (24528.9234)  union: 32578.0000 (39603.5713)  iou: 0.8006 (0.5752)  time: 0.2069  data: 0.0004  max mem: 31302
Test:  [1800/4000]  eta: 0:07:01  inter: 22495.0000 (24434.5913)  union: 34368.0000 (39503.7538)  iou: 0.7295 (0.5748)  time: 0.2060  data: 0.0004  max mem: 31302
Test:  [1850/4000]  eta: 0:06:51  inter: 2990.0000 (24398.0192)  union: 34127.0000 (39591.7165)  iou: 0.3439 (0.5732)  time: 0.1924  data: 0.0004  max mem: 31302
Test:  [1900/4000]  eta: 0:06:41  inter: 31492.0000 (24346.0186)  union: 50831.0000 (39492.7585)  iou: 0.6205 (0.5745)  time: 0.1973  data: 0.0004  max mem: 31302
Test:  [1950/4000]  eta: 0:06:32  inter: 11753.0000 (24319.1521)  union: 16878.0000 (39474.5701)  iou: 0.6934 (0.5751)  time: 0.1915  data: 0.0004  max mem: 31302
Test:  [2000/4000]  eta: 0:06:22  inter: 15720.0000 (24321.5567)  union: 22611.0000 (39419.9246)  iou: 0.7860 (0.5759)  time: 0.1794  data: 0.0004  max mem: 31302
Test:  [2050/4000]  eta: 0:06:13  inter: 13088.0000 (24187.7826)  union: 49718.0000 (39495.3797)  iou: 0.2731 (0.5736)  time: 0.2167  data: 0.0004  max mem: 31302
Test:  [2100/4000]  eta: 0:06:03  inter: 16328.0000 (24183.6510)  union: 32213.0000 (39457.7566)  iou: 0.7708 (0.5743)  time: 0.1769  data: 0.0004  max mem: 31302
Test:  [2150/4000]  eta: 0:05:53  inter: 16151.0000 (24192.2575)  union: 30341.0000 (39489.5645)  iou: 0.7364 (0.5738)  time: 0.1813  data: 0.0004  max mem: 31302
Test:  [2200/4000]  eta: 0:05:44  inter: 13484.0000 (24142.5493)  union: 21229.0000 (39406.3652)  iou: 0.7357 (0.5740)  time: 0.1903  data: 0.0004  max mem: 31302
Test:  [2250/4000]  eta: 0:05:34  inter: 19347.0000 (24025.3140)  union: 37006.0000 (39273.9028)  iou: 0.7551 (0.5733)  time: 0.1785  data: 0.0004  max mem: 31302
Test:  [2300/4000]  eta: 0:05:24  inter: 19509.0000 (24105.0003)  union: 36909.0000 (39256.4712)  iou: 0.5590 (0.5748)  time: 0.1933  data: 0.0004  max mem: 31302
Test:  [2350/4000]  eta: 0:05:15  inter: 15704.0000 (24043.4670)  union: 37752.0000 (39217.2033)  iou: 0.7420 (0.5749)  time: 0.2014  data: 0.0004  max mem: 31302
Test:  [2400/4000]  eta: 0:05:06  inter: 10609.0000 (24100.2507)  union: 33048.0000 (39183.0206)  iou: 0.4439 (0.5757)  time: 0.1999  data: 0.0004  max mem: 31302
Test:  [2450/4000]  eta: 0:04:56  inter: 28823.0000 (24212.0613)  union: 32864.0000 (39265.9902)  iou: 0.8460 (0.5773)  time: 0.1722  data: 0.0004  max mem: 31302
Test:  [2500/4000]  eta: 0:04:46  inter: 25795.0000 (24165.0475)  union: 39845.0000 (39277.4936)  iou: 0.7845 (0.5766)  time: 0.1772  data: 0.0004  max mem: 31302
Test:  [2550/4000]  eta: 0:04:37  inter: 29334.0000 (24249.3498)  union: 33143.0000 (39394.0067)  iou: 0.8217 (0.5770)  time: 0.2067  data: 0.0004  max mem: 31302
Test:  [2600/4000]  eta: 0:04:27  inter: 12419.0000 (24171.3475)  union: 28693.0000 (39327.4344)  iou: 0.3091 (0.5758)  time: 0.1977  data: 0.0004  max mem: 31302
Test:  [2650/4000]  eta: 0:04:17  inter: 16027.0000 (24178.5489)  union: 34287.0000 (39527.9280)  iou: 0.8127 (0.5748)  time: 0.1947  data: 0.0004  max mem: 31302
Test:  [2700/4000]  eta: 0:04:08  inter: 22634.0000 (24259.3642)  union: 30648.0000 (39597.2885)  iou: 0.8400 (0.5757)  time: 0.1889  data: 0.0004  max mem: 31302
Test:  [2750/4000]  eta: 0:03:58  inter: 16049.0000 (24309.8147)  union: 29087.0000 (39688.2341)  iou: 0.7941 (0.5751)  time: 0.1848  data: 0.0004  max mem: 31302
Test:  [2800/4000]  eta: 0:03:49  inter: 14789.0000 (24283.5830)  union: 30337.0000 (39595.5642)  iou: 0.6582 (0.5753)  time: 0.1868  data: 0.0004  max mem: 31302
Test:  [2850/4000]  eta: 0:03:39  inter: 12098.0000 (24417.1842)  union: 32814.0000 (39690.0985)  iou: 0.3250 (0.5748)  time: 0.1844  data: 0.0004  max mem: 31302
Test:  [2900/4000]  eta: 0:03:30  inter: 17800.0000 (24420.1191)  union: 26144.0000 (39741.1807)  iou: 0.5875 (0.5735)  time: 0.1823  data: 0.0004  max mem: 31302
Test:  [2950/4000]  eta: 0:03:20  inter: 19796.0000 (24442.0207)  union: 26669.0000 (39719.9788)  iou: 0.5894 (0.5736)  time: 0.1795  data: 0.0004  max mem: 31302
Test:  [3000/4000]  eta: 0:03:11  inter: 10447.0000 (24369.0934)  union: 32574.0000 (39696.8535)  iou: 0.4183 (0.5724)  time: 0.2014  data: 0.0004  max mem: 31302
Test:  [3050/4000]  eta: 0:03:01  inter: 13493.0000 (24323.9738)  union: 29346.0000 (39756.4689)  iou: 0.4622 (0.5719)  time: 0.1890  data: 0.0004  max mem: 31302
Test:  [3100/4000]  eta: 0:02:51  inter: 17686.0000 (24313.6969)  union: 37780.0000 (39729.1214)  iou: 0.4527 (0.5722)  time: 0.1880  data: 0.0004  max mem: 31302
Test:  [3150/4000]  eta: 0:02:42  inter: 14854.0000 (24205.3458)  union: 21756.0000 (39614.3898)  iou: 0.5337 (0.5716)  time: 0.1892  data: 0.0004  max mem: 31302
Test:  [3200/4000]  eta: 0:02:32  inter: 10880.0000 (24232.9967)  union: 38824.0000 (39661.1837)  iou: 0.5132 (0.5718)  time: 0.1809  data: 0.0004  max mem: 31302
Test:  [3250/4000]  eta: 0:02:23  inter: 15129.0000 (24173.3700)  union: 24501.0000 (39583.5462)  iou: 0.7948 (0.5706)  time: 0.1897  data: 0.0004  max mem: 31302
Test:  [3300/4000]  eta: 0:02:13  inter: 24910.0000 (24246.4473)  union: 43739.0000 (39692.2971)  iou: 0.8140 (0.5698)  time: 0.2055  data: 0.0004  max mem: 31302
Test:  [3350/4000]  eta: 0:02:04  inter: 9639.0000 (24212.8556)  union: 12655.0000 (39698.2371)  iou: 0.7775 (0.5700)  time: 0.1769  data: 0.0004  max mem: 31302
Test:  [3400/4000]  eta: 0:01:54  inter: 22909.0000 (24324.0359)  union: 37613.0000 (39758.0265)  iou: 0.8472 (0.5713)  time: 0.1979  data: 0.0004  max mem: 31302
Test:  [3450/4000]  eta: 0:01:45  inter: 16649.0000 (24331.7705)  union: 30370.0000 (39757.2153)  iou: 0.5213 (0.5713)  time: 0.1871  data: 0.0004  max mem: 31302
Test:  [3500/4000]  eta: 0:01:35  inter: 13136.0000 (24312.7028)  union: 21444.0000 (39687.7133)  iou: 0.3972 (0.5715)  time: 0.1815  data: 0.0004  max mem: 31302
Test:  [3550/4000]  eta: 0:01:25  inter: 21250.0000 (24304.9814)  union: 35421.0000 (39690.4694)  iou: 0.7187 (0.5707)  time: 0.1780  data: 0.0004  max mem: 31302
Test:  [3600/4000]  eta: 0:01:16  inter: 21427.0000 (24244.1821)  union: 31957.0000 (39649.4430)  iou: 0.6951 (0.5696)  time: 0.1848  data: 0.0004  max mem: 31302
Test:  [3650/4000]  eta: 0:01:06  inter: 13416.0000 (24190.9228)  union: 38827.0000 (39642.9596)  iou: 0.4337 (0.5691)  time: 0.2114  data: 0.0004  max mem: 31302
Test:  [3700/4000]  eta: 0:00:57  inter: 18752.0000 (24291.4656)  union: 36227.0000 (39676.0910)  iou: 0.6509 (0.5699)  time: 0.1863  data: 0.0004  max mem: 31302
Test:  [3750/4000]  eta: 0:00:47  inter: 22663.0000 (24311.5154)  union: 44175.0000 (39715.9057)  iou: 0.5826 (0.5706)  time: 0.1808  data: 0.0004  max mem: 31302
Test:  [3800/4000]  eta: 0:00:38  inter: 21514.0000 (24357.8635)  union: 29571.0000 (39710.1104)  iou: 0.5911 (0.5712)  time: 0.1756  data: 0.0004  max mem: 31302
Test:  [3850/4000]  eta: 0:00:28  inter: 20432.0000 (24371.4584)  union: 34038.0000 (39730.4224)  iou: 0.8514 (0.5716)  time: 0.1845  data: 0.0004  max mem: 31302
Test:  [3900/4000]  eta: 0:00:19  inter: 18959.0000 (24402.2743)  union: 27769.0000 (39804.5791)  iou: 0.6307 (0.5712)  time: 0.1878  data: 0.0004  max mem: 31302
Test:  [3950/4000]  eta: 0:00:09  inter: 17725.0000 (24377.1405)  union: 35425.0000 (39761.6697)  iou: 0.6975 (0.5715)  time: 0.1837  data: 0.0004  max mem: 31302
Test:  [3999/4000]  eta: 0:00:00  inter: 14818.0000 (24330.2574)  union: 30829.0000 (39684.3761)  iou: 0.5207 (0.5721)  time: 0.1650  data: 0.0002  max mem: 31302
Test: Total time: 0:12:44 (0.1911 s / it)
* IoU 0.572 oIoU 0.613
IoU of the network on the 4000 test images: 0.6%
Max IoU: 0.59%
huggingface/tokenizers: The current process just got forked, after parallelism has already been used. Disabling parallelism to avoid deadlocks...
To disable this warning, you can either:
	- Avoid using `tokenizers` before the fork if possible
	- Explicitly set the environment variable TOKENIZERS_PARALLELISM=(true | false)
huggingface/tokenizers: The current process just got forked, after parallelism has already been used. Disabling parallelism to avoid deadlocks...
To disable this warning, you can either:
	- Avoid using `tokenizers` before the fork if possible
	- Explicitly set the environment variable TOKENIZERS_PARALLELISM=(true | false)
huggingface/tokenizers: The current process just got forked, after parallelism has already been used. Disabling parallelism to avoid deadlocks...
To disable this warning, you can either:
	- Avoid using `tokenizers` before the fork if possible
	- Explicitly set the environment variable TOKENIZERS_PARALLELISM=(true | false)
huggingface/tokenizers: The current process just got forked, after parallelism has already been used. Disabling parallelism to avoid deadlocks...
To disable this warning, you can either:
	- Avoid using `tokenizers` before the fork if possible
	- Explicitly set the environment variable TOKENIZERS_PARALLELISM=(true | false)
huggingface/tokenizers: The current process just got forked, after parallelism has already been used. Disabling parallelism to avoid deadlocks...
To disable this warning, you can either:
	- Avoid using `tokenizers` before the fork if possible
	- Explicitly set the environment variable TOKENIZERS_PARALLELISM=(true | false)
huggingface/tokenizers: The current process just got forked, after parallelism has already been used. Disabling parallelism to avoid deadlocks...
To disable this warning, you can either:
	- Avoid using `tokenizers` before the fork if possible
	- Explicitly set the environment variable TOKENIZERS_PARALLELISM=(true | false)
huggingface/tokenizers: The current process just got forked, after parallelism has already been used. Disabling parallelism to avoid deadlocks...
To disable this warning, you can either:
	- Avoid using `tokenizers` before the fork if possible
	- Explicitly set the environment variable TOKENIZERS_PARALLELISM=(true | false)
huggingface/tokenizers: The current process just got forked, after parallelism has already been used. Disabling parallelism to avoid deadlocks...
To disable this warning, you can either:
	- Avoid using `tokenizers` before the fork if possible
	- Explicitly set the environment variable TOKENIZERS_PARALLELISM=(true | false)
Epoch: [11]  [   0/5625]  eta: 9:17:12  lr: 0.000008  train_loss: 0.1548 (0.1548)  train_iou: 0.7244 (0.7244)  time: 5.9435  data: 4.7063  max mem: 31302
Epoch: [11]  [  20/5625]  eta: 1:54:49  lr: 0.000008  train_loss: 0.1418 (0.1935)  train_iou: 0.6687 (0.6555)  time: 0.9934  data: 0.0004  max mem: 31302
Epoch: [11]  [  40/5625]  eta: 1:43:28  lr: 0.000008  train_loss: 0.1198 (0.1797)  train_iou: 0.6271 (0.6563)  time: 0.9882  data: 0.0004  max mem: 31302
Epoch: [11]  [  60/5625]  eta: 1:39:16  lr: 0.000008  train_loss: 0.1288 (0.1698)  train_iou: 0.5935 (0.6460)  time: 0.9856  data: 0.0004  max mem: 31302
Epoch: [11]  [  80/5625]  eta: 1:37:00  lr: 0.000008  train_loss: 0.1137 (0.1634)  train_iou: 0.6774 (0.6560)  time: 0.9866  data: 0.0005  max mem: 31302
Epoch: [11]  [ 100/5625]  eta: 1:38:38  lr: 0.000008  train_loss: 0.1440 (0.1766)  train_iou: 0.5632 (0.6449)  time: 1.1584  data: 0.0004  max mem: 31302
Epoch: [11]  [ 120/5625]  eta: 1:37:00  lr: 0.000008  train_loss: 0.1303 (0.1801)  train_iou: 0.6830 (0.6489)  time: 0.9871  data: 0.0004  max mem: 31302
Epoch: [11]  [ 140/5625]  eta: 1:35:43  lr: 0.000008  train_loss: 0.1219 (0.1806)  train_iou: 0.6682 (0.6488)  time: 0.9856  data: 0.0004  max mem: 31302
Epoch: [11]  [ 160/5625]  eta: 1:34:38  lr: 0.000008  train_loss: 0.0987 (0.1776)  train_iou: 0.6388 (0.6468)  time: 0.9828  data: 0.0004  max mem: 31302
Epoch: [11]  [ 180/5625]  eta: 1:33:44  lr: 0.000008  train_loss: 0.1133 (0.1784)  train_iou: 0.6115 (0.6423)  time: 0.9836  data: 0.0004  max mem: 31302
Epoch: [11]  [ 200/5625]  eta: 1:32:55  lr: 0.000008  train_loss: 0.1099 (0.1765)  train_iou: 0.6658 (0.6440)  time: 0.9803  data: 0.0004  max mem: 31302
Epoch: [11]  [ 220/5625]  eta: 1:32:08  lr: 0.000008  train_loss: 0.1427 (0.1771)  train_iou: 0.6799 (0.6461)  time: 0.9739  data: 0.0004  max mem: 31302
Epoch: [11]  [ 240/5625]  eta: 1:31:28  lr: 0.000008  train_loss: 0.1067 (0.1747)  train_iou: 0.6608 (0.6474)  time: 0.9799  data: 0.0004  max mem: 31302
Epoch: [11]  [ 260/5625]  eta: 1:30:54  lr: 0.000008  train_loss: 0.1105 (0.1733)  train_iou: 0.6712 (0.6510)  time: 0.9857  data: 0.0005  max mem: 31302
Epoch: [11]  [ 280/5625]  eta: 1:30:20  lr: 0.000008  train_loss: 0.1138 (0.1726)  train_iou: 0.6059 (0.6468)  time: 0.9816  data: 0.0004  max mem: 31302
Epoch: [11]  [ 300/5625]  eta: 1:29:50  lr: 0.000008  train_loss: 0.1129 (0.1741)  train_iou: 0.6316 (0.6470)  time: 0.9842  data: 0.0004  max mem: 31302
Epoch: [11]  [ 320/5625]  eta: 1:29:20  lr: 0.000008  train_loss: 0.1103 (0.1725)  train_iou: 0.6515 (0.6487)  time: 0.9838  data: 0.0004  max mem: 31302
Epoch: [11]  [ 340/5625]  eta: 1:28:50  lr: 0.000008  train_loss: 0.1440 (0.1739)  train_iou: 0.6327 (0.6459)  time: 0.9795  data: 0.0004  max mem: 31302
Epoch: [11]  [ 360/5625]  eta: 1:28:22  lr: 0.000008  train_loss: 0.1396 (0.1726)  train_iou: 0.6581 (0.6466)  time: 0.9817  data: 0.0005  max mem: 31302
Epoch: [11]  [ 380/5625]  eta: 1:27:55  lr: 0.000008  train_loss: 0.1957 (0.1745)  train_iou: 0.6463 (0.6446)  time: 0.9803  data: 0.0005  max mem: 31302
Epoch: [11]  [ 400/5625]  eta: 1:27:29  lr: 0.000008  train_loss: 0.1129 (0.1745)  train_iou: 0.6828 (0.6469)  time: 0.9845  data: 0.0004  max mem: 31302
Epoch: [11]  [ 420/5625]  eta: 1:27:04  lr: 0.000008  train_loss: 0.1060 (0.1739)  train_iou: 0.6525 (0.6455)  time: 0.9868  data: 0.0004  max mem: 31302
Epoch: [11]  [ 440/5625]  eta: 1:26:41  lr: 0.000008  train_loss: 0.1466 (0.1737)  train_iou: 0.7126 (0.6475)  time: 0.9893  data: 0.0004  max mem: 31302
Epoch: [11]  [ 460/5625]  eta: 1:26:17  lr: 0.000008  train_loss: 0.1271 (0.1741)  train_iou: 0.6858 (0.6503)  time: 0.9849  data: 0.0004  max mem: 31302
Epoch: [11]  [ 480/5625]  eta: 1:25:52  lr: 0.000008  train_loss: 0.1453 (0.1736)  train_iou: 0.6260 (0.6502)  time: 0.9800  data: 0.0004  max mem: 31302
Epoch: [11]  [ 500/5625]  eta: 1:25:29  lr: 0.000008  train_loss: 0.1417 (0.1743)  train_iou: 0.7109 (0.6529)  time: 0.9889  data: 0.0005  max mem: 31302
Epoch: [11]  [ 520/5625]  eta: 1:25:06  lr: 0.000008  train_loss: 0.1360 (0.1742)  train_iou: 0.6545 (0.6528)  time: 0.9828  data: 0.0004  max mem: 31302
Epoch: [11]  [ 540/5625]  eta: 1:24:43  lr: 0.000008  train_loss: 0.1213 (0.1740)  train_iou: 0.6069 (0.6516)  time: 0.9850  data: 0.0004  max mem: 31302
Epoch: [11]  [ 560/5625]  eta: 1:24:21  lr: 0.000008  train_loss: 0.1032 (0.1723)  train_iou: 0.6446 (0.6524)  time: 0.9877  data: 0.0004  max mem: 31302
Epoch: [11]  [ 580/5625]  eta: 1:23:59  lr: 0.000008  train_loss: 0.1132 (0.1717)  train_iou: 0.6513 (0.6522)  time: 0.9872  data: 0.0005  max mem: 31302
Epoch: [11]  [ 600/5625]  eta: 1:23:36  lr: 0.000008  train_loss: 0.1286 (0.1720)  train_iou: 0.6484 (0.6516)  time: 0.9854  data: 0.0004  max mem: 31302
Epoch: [11]  [ 620/5625]  eta: 1:23:14  lr: 0.000008  train_loss: 0.0859 (0.1708)  train_iou: 0.6381 (0.6504)  time: 0.9831  data: 0.0004  max mem: 31302
Epoch: [11]  [ 640/5625]  eta: 1:22:51  lr: 0.000008  train_loss: 0.1651 (0.1717)  train_iou: 0.6452 (0.6507)  time: 0.9809  data: 0.0004  max mem: 31302
Epoch: [11]  [ 660/5625]  eta: 1:22:30  lr: 0.000008  train_loss: 0.1217 (0.1708)  train_iou: 0.7462 (0.6534)  time: 0.9894  data: 0.0004  max mem: 31302
Epoch: [11]  [ 680/5625]  eta: 1:22:09  lr: 0.000008  train_loss: 0.1676 (0.1710)  train_iou: 0.6345 (0.6532)  time: 0.9858  data: 0.0004  max mem: 31302
Epoch: [11]  [ 700/5625]  eta: 1:21:47  lr: 0.000008  train_loss: 0.1024 (0.1711)  train_iou: 0.6329 (0.6522)  time: 0.9853  data: 0.0004  max mem: 31302
Epoch: [11]  [ 720/5625]  eta: 1:21:26  lr: 0.000008  train_loss: 0.1017 (0.1715)  train_iou: 0.6505 (0.6519)  time: 0.9846  data: 0.0004  max mem: 31302
Epoch: [11]  [ 740/5625]  eta: 1:21:04  lr: 0.000008  train_loss: 0.1462 (0.1721)  train_iou: 0.6637 (0.6521)  time: 0.9847  data: 0.0004  max mem: 31302
Epoch: [11]  [ 760/5625]  eta: 1:20:42  lr: 0.000008  train_loss: 0.1197 (0.1714)  train_iou: 0.7016 (0.6536)  time: 0.9798  data: 0.0004  max mem: 31302
Epoch: [11]  [ 780/5625]  eta: 1:20:21  lr: 0.000008  train_loss: 0.0846 (0.1700)  train_iou: 0.6723 (0.6544)  time: 0.9824  data: 0.0004  max mem: 31302
Epoch: [11]  [ 800/5625]  eta: 1:19:59  lr: 0.000008  train_loss: 0.1449 (0.1709)  train_iou: 0.6460 (0.6542)  time: 0.9821  data: 0.0004  max mem: 31302
Epoch: [11]  [ 820/5625]  eta: 1:19:38  lr: 0.000008  train_loss: 0.1746 (0.1718)  train_iou: 0.7019 (0.6552)  time: 0.9820  data: 0.0004  max mem: 31302
Epoch: [11]  [ 840/5625]  eta: 1:19:16  lr: 0.000008  train_loss: 0.1538 (0.1728)  train_iou: 0.6710 (0.6550)  time: 0.9797  data: 0.0004  max mem: 31302
Epoch: [11]  [ 860/5625]  eta: 1:18:54  lr: 0.000008  train_loss: 0.1060 (0.1726)  train_iou: 0.6783 (0.6558)  time: 0.9758  data: 0.0004  max mem: 31302
Epoch: [11]  [ 880/5625]  eta: 1:18:34  lr: 0.000008  train_loss: 0.1274 (0.1724)  train_iou: 0.6867 (0.6567)  time: 0.9867  data: 0.0004  max mem: 31302
Epoch: [11]  [ 900/5625]  eta: 1:18:13  lr: 0.000008  train_loss: 0.1850 (0.1732)  train_iou: 0.5707 (0.6546)  time: 0.9817  data: 0.0004  max mem: 31302
Epoch: [11]  [ 920/5625]  eta: 1:17:51  lr: 0.000008  train_loss: 0.1472 (0.1736)  train_iou: 0.6658 (0.6548)  time: 0.9789  data: 0.0004  max mem: 31302
Epoch: [11]  [ 940/5625]  eta: 1:17:30  lr: 0.000008  train_loss: 0.1031 (0.1736)  train_iou: 0.6612 (0.6546)  time: 0.9772  data: 0.0004  max mem: 31302
Epoch: [11]  [ 960/5625]  eta: 1:17:09  lr: 0.000008  train_loss: 0.1074 (0.1740)  train_iou: 0.5791 (0.6532)  time: 0.9808  data: 0.0004  max mem: 31302
Epoch: [11]  [ 980/5625]  eta: 1:16:48  lr: 0.000008  train_loss: 0.1355 (0.1738)  train_iou: 0.6847 (0.6535)  time: 0.9808  data: 0.0005  max mem: 31302
Epoch: [11]  [1000/5625]  eta: 1:16:27  lr: 0.000008  train_loss: 0.0933 (0.1731)  train_iou: 0.7393 (0.6542)  time: 0.9793  data: 0.0004  max mem: 31302
Epoch: [11]  [1020/5625]  eta: 1:16:05  lr: 0.000008  train_loss: 0.1225 (0.1727)  train_iou: 0.7509 (0.6555)  time: 0.9725  data: 0.0004  max mem: 31302
Epoch: [11]  [1040/5625]  eta: 1:15:45  lr: 0.000008  train_loss: 0.1174 (0.1724)  train_iou: 0.6711 (0.6555)  time: 0.9852  data: 0.0004  max mem: 31302
Epoch: [11]  [1060/5625]  eta: 1:15:24  lr: 0.000008  train_loss: 0.1375 (0.1727)  train_iou: 0.6807 (0.6562)  time: 0.9764  data: 0.0004  max mem: 31302
Epoch: [11]  [1080/5625]  eta: 1:15:03  lr: 0.000008  train_loss: 0.1072 (0.1718)  train_iou: 0.6930 (0.6572)  time: 0.9777  data: 0.0004  max mem: 31302
Epoch: [11]  [1100/5625]  eta: 1:14:42  lr: 0.000008  train_loss: 0.1306 (0.1727)  train_iou: 0.6510 (0.6567)  time: 0.9809  data: 0.0004  max mem: 31302
Epoch: [11]  [1120/5625]  eta: 1:14:22  lr: 0.000008  train_loss: 0.1190 (0.1725)  train_iou: 0.6767 (0.6567)  time: 0.9813  data: 0.0004  max mem: 31302
Epoch: [11]  [1140/5625]  eta: 1:14:01  lr: 0.000008  train_loss: 0.1270 (0.1723)  train_iou: 0.6704 (0.6561)  time: 0.9765  data: 0.0004  max mem: 31302
Epoch: [11]  [1160/5625]  eta: 1:13:40  lr: 0.000008  train_loss: 0.1116 (0.1721)  train_iou: 0.6888 (0.6564)  time: 0.9772  data: 0.0004  max mem: 31302
Epoch: [11]  [1180/5625]  eta: 1:13:19  lr: 0.000008  train_loss: 0.1145 (0.1719)  train_iou: 0.6399 (0.6566)  time: 0.9794  data: 0.0004  max mem: 31302
Epoch: [11]  [1200/5625]  eta: 1:12:59  lr: 0.000008  train_loss: 0.1054 (0.1715)  train_iou: 0.6723 (0.6566)  time: 0.9878  data: 0.0004  max mem: 31302
Epoch: [11]  [1220/5625]  eta: 1:12:39  lr: 0.000008  train_loss: 0.1332 (0.1717)  train_iou: 0.6703 (0.6565)  time: 0.9865  data: 0.0004  max mem: 31302
Epoch: [11]  [1240/5625]  eta: 1:12:19  lr: 0.000008  train_loss: 0.1191 (0.1714)  train_iou: 0.5835 (0.6558)  time: 0.9805  data: 0.0004  max mem: 31302
Epoch: [11]  [1260/5625]  eta: 1:11:58  lr: 0.000008  train_loss: 0.1401 (0.1715)  train_iou: 0.6668 (0.6554)  time: 0.9796  data: 0.0004  max mem: 31302
Epoch: [11]  [1280/5625]  eta: 1:11:38  lr: 0.000008  train_loss: 0.1242 (0.1719)  train_iou: 0.7096 (0.6561)  time: 0.9823  data: 0.0004  max mem: 31302
Epoch: [11]  [1300/5625]  eta: 1:11:18  lr: 0.000008  train_loss: 0.0946 (0.1715)  train_iou: 0.6748 (0.6560)  time: 0.9800  data: 0.0004  max mem: 31302
Epoch: [11]  [1320/5625]  eta: 1:10:57  lr: 0.000008  train_loss: 0.0968 (0.1712)  train_iou: 0.6695 (0.6560)  time: 0.9756  data: 0.0004  max mem: 31302
Epoch: [11]  [1340/5625]  eta: 1:10:36  lr: 0.000008  train_loss: 0.1150 (0.1710)  train_iou: 0.6649 (0.6562)  time: 0.9760  data: 0.0004  max mem: 31302
Epoch: [11]  [1360/5625]  eta: 1:10:16  lr: 0.000008  train_loss: 0.1276 (0.1709)  train_iou: 0.6588 (0.6565)  time: 0.9810  data: 0.0004  max mem: 31302
Epoch: [11]  [1380/5625]  eta: 1:09:56  lr: 0.000008  train_loss: 0.1171 (0.1707)  train_iou: 0.6610 (0.6564)  time: 0.9836  data: 0.0004  max mem: 31302
Epoch: [11]  [1400/5625]  eta: 1:09:36  lr: 0.000008  train_loss: 0.1262 (0.1714)  train_iou: 0.6306 (0.6561)  time: 0.9814  data: 0.0004  max mem: 31302
Epoch: [11]  [1420/5625]  eta: 1:09:16  lr: 0.000008  train_loss: 0.1204 (0.1718)  train_iou: 0.5551 (0.6551)  time: 0.9821  data: 0.0004  max mem: 31302
Epoch: [11]  [1440/5625]  eta: 1:08:56  lr: 0.000008  train_loss: 0.1216 (0.1715)  train_iou: 0.6932 (0.6555)  time: 0.9873  data: 0.0004  max mem: 31302
Epoch: [11]  [1460/5625]  eta: 1:08:36  lr: 0.000008  train_loss: 0.1241 (0.1721)  train_iou: 0.5626 (0.6547)  time: 0.9884  data: 0.0004  max mem: 31302
Epoch: [11]  [1480/5625]  eta: 1:08:16  lr: 0.000008  train_loss: 0.1329 (0.1721)  train_iou: 0.6392 (0.6546)  time: 0.9876  data: 0.0004  max mem: 31302
Epoch: [11]  [1500/5625]  eta: 1:07:56  lr: 0.000008  train_loss: 0.1365 (0.1720)  train_iou: 0.6834 (0.6551)  time: 0.9743  data: 0.0004  max mem: 31302
Epoch: [11]  [1520/5625]  eta: 1:07:36  lr: 0.000008  train_loss: 0.0978 (0.1722)  train_iou: 0.6476 (0.6548)  time: 0.9893  data: 0.0004  max mem: 31302
Epoch: [11]  [1540/5625]  eta: 1:07:16  lr: 0.000008  train_loss: 0.1333 (0.1720)  train_iou: 0.6583 (0.6548)  time: 0.9881  data: 0.0004  max mem: 31302
Epoch: [11]  [1560/5625]  eta: 1:06:56  lr: 0.000008  train_loss: 0.1256 (0.1716)  train_iou: 0.6513 (0.6551)  time: 0.9819  data: 0.0004  max mem: 31302
Epoch: [11]  [1580/5625]  eta: 1:06:36  lr: 0.000008  train_loss: 0.1085 (0.1716)  train_iou: 0.6186 (0.6544)  time: 0.9827  data: 0.0004  max mem: 31302
Epoch: [11]  [1600/5625]  eta: 1:06:16  lr: 0.000008  train_loss: 0.1126 (0.1715)  train_iou: 0.6606 (0.6544)  time: 0.9843  data: 0.0004  max mem: 31302
Epoch: [11]  [1620/5625]  eta: 1:05:56  lr: 0.000008  train_loss: 0.1342 (0.1717)  train_iou: 0.7483 (0.6553)  time: 0.9859  data: 0.0004  max mem: 31302
Epoch: [11]  [1640/5625]  eta: 1:05:36  lr: 0.000008  train_loss: 0.1020 (0.1711)  train_iou: 0.6713 (0.6557)  time: 0.9834  data: 0.0004  max mem: 31302
Epoch: [11]  [1660/5625]  eta: 1:05:16  lr: 0.000008  train_loss: 0.1096 (0.1714)  train_iou: 0.6577 (0.6552)  time: 0.9794  data: 0.0004  max mem: 31302
Epoch: [11]  [1680/5625]  eta: 1:04:56  lr: 0.000008  train_loss: 0.1049 (0.1717)  train_iou: 0.6682 (0.6554)  time: 0.9787  data: 0.0004  max mem: 31302
Epoch: [11]  [1700/5625]  eta: 1:04:36  lr: 0.000008  train_loss: 0.1546 (0.1721)  train_iou: 0.6781 (0.6554)  time: 0.9853  data: 0.0004  max mem: 31302
Epoch: [11]  [1720/5625]  eta: 1:04:16  lr: 0.000008  train_loss: 0.1110 (0.1718)  train_iou: 0.7240 (0.6557)  time: 0.9837  data: 0.0004  max mem: 31302
Epoch: [11]  [1740/5625]  eta: 1:03:56  lr: 0.000008  train_loss: 0.1196 (0.1719)  train_iou: 0.6518 (0.6555)  time: 0.9865  data: 0.0005  max mem: 31302
Epoch: [11]  [1760/5625]  eta: 1:03:43  lr: 0.000008  train_loss: 0.1531 (0.1719)  train_iou: 0.6756 (0.6556)  time: 1.1413  data: 0.0004  max mem: 31302
Epoch: [11]  [1780/5625]  eta: 1:03:23  lr: 0.000008  train_loss: 0.1267 (0.1720)  train_iou: 0.6251 (0.6555)  time: 0.9826  data: 0.0004  max mem: 31302
Epoch: [11]  [1800/5625]  eta: 1:03:04  lr: 0.000008  train_loss: 0.1218 (0.1718)  train_iou: 0.7108 (0.6560)  time: 0.9879  data: 0.0004  max mem: 31302
Epoch: [11]  [1820/5625]  eta: 1:02:44  lr: 0.000008  train_loss: 0.1289 (0.1718)  train_iou: 0.6595 (0.6559)  time: 0.9856  data: 0.0004  max mem: 31302
Epoch: [11]  [1840/5625]  eta: 1:02:24  lr: 0.000008  train_loss: 0.1435 (0.1722)  train_iou: 0.6973 (0.6562)  time: 0.9891  data: 0.0004  max mem: 31302
Epoch: [11]  [1860/5625]  eta: 1:02:04  lr: 0.000008  train_loss: 0.1782 (0.1727)  train_iou: 0.5751 (0.6554)  time: 0.9853  data: 0.0004  max mem: 31302
Epoch: [11]  [1880/5625]  eta: 1:01:44  lr: 0.000008  train_loss: 0.1329 (0.1728)  train_iou: 0.6564 (0.6554)  time: 0.9918  data: 0.0004  max mem: 31302
Epoch: [11]  [1900/5625]  eta: 1:01:24  lr: 0.000008  train_loss: 0.1707 (0.1729)  train_iou: 0.6714 (0.6558)  time: 0.9848  data: 0.0004  max mem: 31302
Epoch: [11]  [1920/5625]  eta: 1:01:04  lr: 0.000008  train_loss: 0.1180 (0.1727)  train_iou: 0.6831 (0.6561)  time: 0.9880  data: 0.0004  max mem: 31302
Epoch: [11]  [1940/5625]  eta: 1:00:44  lr: 0.000008  train_loss: 0.1364 (0.1731)  train_iou: 0.6275 (0.6559)  time: 0.9839  data: 0.0004  max mem: 31302
Epoch: [11]  [1960/5625]  eta: 1:00:25  lr: 0.000008  train_loss: 0.1016 (0.1728)  train_iou: 0.6805 (0.6561)  time: 0.9882  data: 0.0004  max mem: 31302
Epoch: [11]  [1980/5625]  eta: 1:00:05  lr: 0.000008  train_loss: 0.1156 (0.1728)  train_iou: 0.6669 (0.6563)  time: 0.9844  data: 0.0004  max mem: 31302
Epoch: [11]  [2000/5625]  eta: 0:59:45  lr: 0.000008  train_loss: 0.1213 (0.1728)  train_iou: 0.6551 (0.6565)  time: 0.9912  data: 0.0004  max mem: 31302
Epoch: [11]  [2020/5625]  eta: 0:59:25  lr: 0.000008  train_loss: 0.1362 (0.1726)  train_iou: 0.6670 (0.6565)  time: 0.9878  data: 0.0004  max mem: 31302
Epoch: [11]  [2040/5625]  eta: 0:59:05  lr: 0.000008  train_loss: 0.1053 (0.1724)  train_iou: 0.6752 (0.6569)  time: 0.9894  data: 0.0004  max mem: 31302
Epoch: [11]  [2060/5625]  eta: 0:58:45  lr: 0.000008  train_loss: 0.1209 (0.1723)  train_iou: 0.6725 (0.6571)  time: 0.9857  data: 0.0004  max mem: 31302
Epoch: [11]  [2080/5625]  eta: 0:58:26  lr: 0.000008  train_loss: 0.1169 (0.1721)  train_iou: 0.7290 (0.6572)  time: 0.9867  data: 0.0004  max mem: 31302
Epoch: [11]  [2100/5625]  eta: 0:58:06  lr: 0.000008  train_loss: 0.1449 (0.1722)  train_iou: 0.6169 (0.6568)  time: 0.9879  data: 0.0004  max mem: 31302
Epoch: [11]  [2120/5625]  eta: 0:57:46  lr: 0.000008  train_loss: 0.1969 (0.1724)  train_iou: 0.5603 (0.6563)  time: 0.9867  data: 0.0004  max mem: 31302
Epoch: [11]  [2140/5625]  eta: 0:57:26  lr: 0.000008  train_loss: 0.1144 (0.1722)  train_iou: 0.6454 (0.6563)  time: 0.9892  data: 0.0004  max mem: 31302
Epoch: [11]  [2160/5625]  eta: 0:57:06  lr: 0.000008  train_loss: 0.1105 (0.1725)  train_iou: 0.6379 (0.6558)  time: 0.9847  data: 0.0004  max mem: 31302
Epoch: [11]  [2180/5625]  eta: 0:56:46  lr: 0.000008  train_loss: 0.0986 (0.1722)  train_iou: 0.7426 (0.6564)  time: 0.9879  data: 0.0004  max mem: 31302
Epoch: [11]  [2200/5625]  eta: 0:56:27  lr: 0.000008  train_loss: 0.1139 (0.1720)  train_iou: 0.6704 (0.6565)  time: 0.9882  data: 0.0004  max mem: 31302
Epoch: [11]  [2220/5625]  eta: 0:56:07  lr: 0.000008  train_loss: 0.1017 (0.1718)  train_iou: 0.6677 (0.6565)  time: 0.9846  data: 0.0004  max mem: 31302
Epoch: [11]  [2240/5625]  eta: 0:55:47  lr: 0.000008  train_loss: 0.1305 (0.1722)  train_iou: 0.6594 (0.6566)  time: 0.9850  data: 0.0004  max mem: 31302
Epoch: [11]  [2260/5625]  eta: 0:55:27  lr: 0.000008  train_loss: 0.1057 (0.1719)  train_iou: 0.6684 (0.6569)  time: 0.9852  data: 0.0004  max mem: 31302
Epoch: [11]  [2280/5625]  eta: 0:55:07  lr: 0.000008  train_loss: 0.1541 (0.1723)  train_iou: 0.6257 (0.6563)  time: 0.9860  data: 0.0004  max mem: 31302
Epoch: [11]  [2300/5625]  eta: 0:54:47  lr: 0.000008  train_loss: 0.1336 (0.1722)  train_iou: 0.6741 (0.6563)  time: 0.9852  data: 0.0004  max mem: 31302
Epoch: [11]  [2320/5625]  eta: 0:54:27  lr: 0.000008  train_loss: 0.1102 (0.1722)  train_iou: 0.6584 (0.6567)  time: 0.9916  data: 0.0004  max mem: 31302
Epoch: [11]  [2340/5625]  eta: 0:54:08  lr: 0.000008  train_loss: 0.1146 (0.1722)  train_iou: 0.6624 (0.6566)  time: 0.9894  data: 0.0004  max mem: 31302
Epoch: [11]  [2360/5625]  eta: 0:53:48  lr: 0.000008  train_loss: 0.1306 (0.1721)  train_iou: 0.6373 (0.6567)  time: 0.9858  data: 0.0004  max mem: 31302
Epoch: [11]  [2380/5625]  eta: 0:53:28  lr: 0.000008  train_loss: 0.1052 (0.1717)  train_iou: 0.7070 (0.6573)  time: 0.9883  data: 0.0004  max mem: 31302
Epoch: [11]  [2400/5625]  eta: 0:53:08  lr: 0.000008  train_loss: 0.1272 (0.1718)  train_iou: 0.6962 (0.6576)  time: 0.9879  data: 0.0004  max mem: 31302
Epoch: [11]  [2420/5625]  eta: 0:52:48  lr: 0.000008  train_loss: 0.1476 (0.1718)  train_iou: 0.6760 (0.6575)  time: 0.9785  data: 0.0004  max mem: 31302
Epoch: [11]  [2440/5625]  eta: 0:52:28  lr: 0.000008  train_loss: 0.1302 (0.1721)  train_iou: 0.6018 (0.6573)  time: 0.9843  data: 0.0004  max mem: 31302
Epoch: [11]  [2460/5625]  eta: 0:52:08  lr: 0.000008  train_loss: 0.1331 (0.1722)  train_iou: 0.5510 (0.6567)  time: 0.9802  data: 0.0004  max mem: 31302
Epoch: [11]  [2480/5625]  eta: 0:51:48  lr: 0.000008  train_loss: 0.1262 (0.1721)  train_iou: 0.6604 (0.6566)  time: 0.9844  data: 0.0004  max mem: 31302
Epoch: [11]  [2500/5625]  eta: 0:51:29  lr: 0.000008  train_loss: 0.1183 (0.1723)  train_iou: 0.6195 (0.6563)  time: 0.9930  data: 0.0004  max mem: 31302
Epoch: [11]  [2520/5625]  eta: 0:51:09  lr: 0.000008  train_loss: 0.1013 (0.1725)  train_iou: 0.6579 (0.6566)  time: 0.9854  data: 0.0004  max mem: 31302
Epoch: [11]  [2540/5625]  eta: 0:50:49  lr: 0.000008  train_loss: 0.1464 (0.1726)  train_iou: 0.6746 (0.6567)  time: 0.9891  data: 0.0004  max mem: 31302
Epoch: [11]  [2560/5625]  eta: 0:50:29  lr: 0.000008  train_loss: 0.0998 (0.1725)  train_iou: 0.5699 (0.6564)  time: 0.9817  data: 0.0004  max mem: 31302
Epoch: [11]  [2580/5625]  eta: 0:50:09  lr: 0.000008  train_loss: 0.1857 (0.1726)  train_iou: 0.6765 (0.6564)  time: 0.9862  data: 0.0004  max mem: 31302
Epoch: [11]  [2600/5625]  eta: 0:49:50  lr: 0.000008  train_loss: 0.1834 (0.1729)  train_iou: 0.6654 (0.6565)  time: 0.9879  data: 0.0004  max mem: 31302
Epoch: [11]  [2620/5625]  eta: 0:49:30  lr: 0.000008  train_loss: 0.1304 (0.1730)  train_iou: 0.6820 (0.6568)  time: 0.9811  data: 0.0004  max mem: 31302
Epoch: [11]  [2640/5625]  eta: 0:49:10  lr: 0.000008  train_loss: 0.1039 (0.1730)  train_iou: 0.6168 (0.6566)  time: 0.9851  data: 0.0004  max mem: 31302
Epoch: [11]  [2660/5625]  eta: 0:48:50  lr: 0.000008  train_loss: 0.1105 (0.1731)  train_iou: 0.5651 (0.6562)  time: 0.9783  data: 0.0004  max mem: 31302
Epoch: [11]  [2680/5625]  eta: 0:48:30  lr: 0.000008  train_loss: 0.1020 (0.1730)  train_iou: 0.6610 (0.6563)  time: 0.9837  data: 0.0004  max mem: 31302
Epoch: [11]  [2700/5625]  eta: 0:48:10  lr: 0.000008  train_loss: 0.1174 (0.1732)  train_iou: 0.6563 (0.6562)  time: 0.9816  data: 0.0004  max mem: 31302
Epoch: [11]  [2720/5625]  eta: 0:47:50  lr: 0.000008  train_loss: 0.1415 (0.1731)  train_iou: 0.6415 (0.6561)  time: 0.9894  data: 0.0004  max mem: 31302
Epoch: [11]  [2740/5625]  eta: 0:47:31  lr: 0.000008  train_loss: 0.1209 (0.1731)  train_iou: 0.6734 (0.6563)  time: 0.9901  data: 0.0004  max mem: 31302
Epoch: [11]  [2760/5625]  eta: 0:47:11  lr: 0.000008  train_loss: 0.1115 (0.1730)  train_iou: 0.6352 (0.6561)  time: 0.9840  data: 0.0004  max mem: 31302
Epoch: [11]  [2780/5625]  eta: 0:46:51  lr: 0.000008  train_loss: 0.1336 (0.1731)  train_iou: 0.5707 (0.6557)  time: 0.9854  data: 0.0004  max mem: 31302
Epoch: [11]  [2800/5625]  eta: 0:46:31  lr: 0.000008  train_loss: 0.1373 (0.1730)  train_iou: 0.6218 (0.6556)  time: 0.9859  data: 0.0004  max mem: 31302
Epoch: [11]  [2820/5625]  eta: 0:46:11  lr: 0.000008  train_loss: 0.1346 (0.1729)  train_iou: 0.7121 (0.6559)  time: 0.9880  data: 0.0004  max mem: 31302
Epoch: [11]  [2840/5625]  eta: 0:45:52  lr: 0.000008  train_loss: 0.1091 (0.1731)  train_iou: 0.6989 (0.6560)  time: 0.9898  data: 0.0004  max mem: 31302
Epoch: [11]  [2860/5625]  eta: 0:45:32  lr: 0.000008  train_loss: 0.2009 (0.1735)  train_iou: 0.6429 (0.6559)  time: 0.9927  data: 0.0004  max mem: 31302
Epoch: [11]  [2880/5625]  eta: 0:45:12  lr: 0.000008  train_loss: 0.1473 (0.1736)  train_iou: 0.6981 (0.6560)  time: 0.9779  data: 0.0004  max mem: 31302
Epoch: [11]  [2900/5625]  eta: 0:44:52  lr: 0.000008  train_loss: 0.1547 (0.1734)  train_iou: 0.6152 (0.6560)  time: 0.9845  data: 0.0004  max mem: 31302
Epoch: [11]  [2920/5625]  eta: 0:44:32  lr: 0.000008  train_loss: 0.1779 (0.1738)  train_iou: 0.6831 (0.6561)  time: 0.9814  data: 0.0004  max mem: 31302
Epoch: [11]  [2940/5625]  eta: 0:44:12  lr: 0.000008  train_loss: 0.1638 (0.1739)  train_iou: 0.6777 (0.6559)  time: 0.9869  data: 0.0004  max mem: 31302
Epoch: [11]  [2960/5625]  eta: 0:43:53  lr: 0.000008  train_loss: 0.1002 (0.1736)  train_iou: 0.6539 (0.6561)  time: 0.9917  data: 0.0004  max mem: 31302
Epoch: [11]  [2980/5625]  eta: 0:43:33  lr: 0.000008  train_loss: 0.1339 (0.1735)  train_iou: 0.6749 (0.6563)  time: 0.9769  data: 0.0004  max mem: 31302
Epoch: [11]  [3000/5625]  eta: 0:43:13  lr: 0.000008  train_loss: 0.1683 (0.1738)  train_iou: 0.6535 (0.6562)  time: 0.9920  data: 0.0004  max mem: 31302
Epoch: [11]  [3020/5625]  eta: 0:42:53  lr: 0.000008  train_loss: 0.1296 (0.1739)  train_iou: 0.6602 (0.6561)  time: 0.9863  data: 0.0004  max mem: 31302
Epoch: [11]  [3040/5625]  eta: 0:42:34  lr: 0.000008  train_loss: 0.1220 (0.1739)  train_iou: 0.7065 (0.6563)  time: 0.9931  data: 0.0004  max mem: 31302
Epoch: [11]  [3060/5625]  eta: 0:42:14  lr: 0.000008  train_loss: 0.1692 (0.1740)  train_iou: 0.6399 (0.6562)  time: 0.9851  data: 0.0004  max mem: 31302
Epoch: [11]  [3080/5625]  eta: 0:41:57  lr: 0.000008  train_loss: 0.1376 (0.1742)  train_iou: 0.6956 (0.6563)  time: 1.1446  data: 0.0004  max mem: 31302
Epoch: [11]  [3100/5625]  eta: 0:41:37  lr: 0.000008  train_loss: 0.1903 (0.1747)  train_iou: 0.6726 (0.6564)  time: 0.9901  data: 0.0004  max mem: 31302
Epoch: [11]  [3120/5625]  eta: 0:41:17  lr: 0.000008  train_loss: 0.1231 (0.1747)  train_iou: 0.7473 (0.6567)  time: 0.9886  data: 0.0004  max mem: 31302
Epoch: [11]  [3140/5625]  eta: 0:40:57  lr: 0.000008  train_loss: 0.1031 (0.1743)  train_iou: 0.6867 (0.6568)  time: 0.9861  data: 0.0004  max mem: 31302
Epoch: [11]  [3160/5625]  eta: 0:40:37  lr: 0.000008  train_loss: 0.1040 (0.1743)  train_iou: 0.6556 (0.6568)  time: 0.9863  data: 0.0004  max mem: 31302
Epoch: [11]  [3180/5625]  eta: 0:40:18  lr: 0.000008  train_loss: 0.0936 (0.1742)  train_iou: 0.6631 (0.6567)  time: 0.9829  data: 0.0004  max mem: 31302
Epoch: [11]  [3200/5625]  eta: 0:39:58  lr: 0.000008  train_loss: 0.1984 (0.1744)  train_iou: 0.5528 (0.6564)  time: 0.9827  data: 0.0004  max mem: 31302
Epoch: [11]  [3220/5625]  eta: 0:39:38  lr: 0.000008  train_loss: 0.1171 (0.1743)  train_iou: 0.6469 (0.6563)  time: 0.9817  data: 0.0004  max mem: 31302
Epoch: [11]  [3240/5625]  eta: 0:39:18  lr: 0.000008  train_loss: 0.1489 (0.1744)  train_iou: 0.6966 (0.6564)  time: 0.9894  data: 0.0004  max mem: 31302
Epoch: [11]  [3260/5625]  eta: 0:38:58  lr: 0.000008  train_loss: 0.1429 (0.1746)  train_iou: 0.6753 (0.6565)  time: 0.9949  data: 0.0004  max mem: 31302
Epoch: [11]  [3280/5625]  eta: 0:38:39  lr: 0.000008  train_loss: 0.0999 (0.1745)  train_iou: 0.6640 (0.6566)  time: 0.9910  data: 0.0004  max mem: 31302
Epoch: [11]  [3300/5625]  eta: 0:38:19  lr: 0.000008  train_loss: 0.1301 (0.1746)  train_iou: 0.5412 (0.6562)  time: 0.9860  data: 0.0004  max mem: 31302
Epoch: [11]  [3320/5625]  eta: 0:37:59  lr: 0.000008  train_loss: 0.1392 (0.1746)  train_iou: 0.6470 (0.6562)  time: 0.9842  data: 0.0004  max mem: 31302
Epoch: [11]  [3340/5625]  eta: 0:37:39  lr: 0.000008  train_loss: 0.1212 (0.1745)  train_iou: 0.6513 (0.6559)  time: 0.9785  data: 0.0004  max mem: 31302
Epoch: [11]  [3360/5625]  eta: 0:37:19  lr: 0.000008  train_loss: 0.1175 (0.1744)  train_iou: 0.7159 (0.6561)  time: 0.9880  data: 0.0004  max mem: 31302
Epoch: [11]  [3380/5625]  eta: 0:36:59  lr: 0.000008  train_loss: 0.1361 (0.1744)  train_iou: 0.6767 (0.6562)  time: 0.9806  data: 0.0005  max mem: 31302
Epoch: [11]  [3400/5625]  eta: 0:36:39  lr: 0.000008  train_loss: 0.0816 (0.1744)  train_iou: 0.6123 (0.6559)  time: 0.9815  data: 0.0004  max mem: 31302
Epoch: [11]  [3420/5625]  eta: 0:36:20  lr: 0.000008  train_loss: 0.1643 (0.1744)  train_iou: 0.6737 (0.6561)  time: 0.9845  data: 0.0004  max mem: 31302
Epoch: [11]  [3440/5625]  eta: 0:36:00  lr: 0.000008  train_loss: 0.1024 (0.1742)  train_iou: 0.6631 (0.6562)  time: 0.9798  data: 0.0004  max mem: 31302
Epoch: [11]  [3460/5625]  eta: 0:35:40  lr: 0.000008  train_loss: 0.1147 (0.1741)  train_iou: 0.7046 (0.6564)  time: 0.9814  data: 0.0004  max mem: 31302
Epoch: [11]  [3480/5625]  eta: 0:35:20  lr: 0.000008  train_loss: 0.1892 (0.1745)  train_iou: 0.6539 (0.6563)  time: 0.9818  data: 0.0004  max mem: 31302
Epoch: [11]  [3500/5625]  eta: 0:35:00  lr: 0.000008  train_loss: 0.1272 (0.1745)  train_iou: 0.6044 (0.6562)  time: 0.9842  data: 0.0004  max mem: 31302
Epoch: [11]  [3520/5625]  eta: 0:34:40  lr: 0.000008  train_loss: 0.1067 (0.1744)  train_iou: 0.6272 (0.6560)  time: 0.9861  data: 0.0004  max mem: 31302
Epoch: [11]  [3540/5625]  eta: 0:34:21  lr: 0.000008  train_loss: 0.1949 (0.1746)  train_iou: 0.6578 (0.6558)  time: 0.9881  data: 0.0004  max mem: 31302
Epoch: [11]  [3560/5625]  eta: 0:34:01  lr: 0.000008  train_loss: 0.1215 (0.1744)  train_iou: 0.6757 (0.6560)  time: 0.9891  data: 0.0004  max mem: 31302
Epoch: [11]  [3580/5625]  eta: 0:33:41  lr: 0.000008  train_loss: 0.1377 (0.1743)  train_iou: 0.6764 (0.6560)  time: 0.9808  data: 0.0004  max mem: 31302
Epoch: [11]  [3600/5625]  eta: 0:33:21  lr: 0.000008  train_loss: 0.1009 (0.1741)  train_iou: 0.6849 (0.6563)  time: 0.9829  data: 0.0004  max mem: 31302
Epoch: [11]  [3620/5625]  eta: 0:33:01  lr: 0.000008  train_loss: 0.1409 (0.1741)  train_iou: 0.6946 (0.6563)  time: 0.9861  data: 0.0004  max mem: 31302
Epoch: [11]  [3640/5625]  eta: 0:32:42  lr: 0.000008  train_loss: 0.1357 (0.1740)  train_iou: 0.6640 (0.6564)  time: 0.9897  data: 0.0004  max mem: 31302
Epoch: [11]  [3660/5625]  eta: 0:32:22  lr: 0.000008  train_loss: 0.1217 (0.1741)  train_iou: 0.6386 (0.6563)  time: 0.9786  data: 0.0004  max mem: 31302
Epoch: [11]  [3680/5625]  eta: 0:32:02  lr: 0.000008  train_loss: 0.1491 (0.1742)  train_iou: 0.6697 (0.6563)  time: 0.9875  data: 0.0004  max mem: 31302
Epoch: [11]  [3700/5625]  eta: 0:31:42  lr: 0.000008  train_loss: 0.0958 (0.1740)  train_iou: 0.6810 (0.6565)  time: 0.9842  data: 0.0004  max mem: 31302
Epoch: [11]  [3720/5625]  eta: 0:31:22  lr: 0.000008  train_loss: 0.1450 (0.1741)  train_iou: 0.6772 (0.6565)  time: 0.9867  data: 0.0004  max mem: 31302
Epoch: [11]  [3740/5625]  eta: 0:31:03  lr: 0.000008  train_loss: 0.1115 (0.1741)  train_iou: 0.6342 (0.6563)  time: 0.9885  data: 0.0004  max mem: 31302
Epoch: [11]  [3760/5625]  eta: 0:30:43  lr: 0.000008  train_loss: 0.1010 (0.1740)  train_iou: 0.6147 (0.6563)  time: 0.9890  data: 0.0004  max mem: 31302
Epoch: [11]  [3780/5625]  eta: 0:30:23  lr: 0.000008  train_loss: 0.1161 (0.1739)  train_iou: 0.5662 (0.6560)  time: 0.9873  data: 0.0004  max mem: 31302
Epoch: [11]  [3800/5625]  eta: 0:30:03  lr: 0.000008  train_loss: 0.1724 (0.1741)  train_iou: 0.6885 (0.6560)  time: 0.9887  data: 0.0004  max mem: 31302
Epoch: [11]  [3820/5625]  eta: 0:29:44  lr: 0.000008  train_loss: 0.1143 (0.1740)  train_iou: 0.6431 (0.6560)  time: 0.9878  data: 0.0004  max mem: 31302
Epoch: [11]  [3840/5625]  eta: 0:29:24  lr: 0.000008  train_loss: 0.1405 (0.1741)  train_iou: 0.6414 (0.6560)  time: 0.9881  data: 0.0004  max mem: 31302
Epoch: [11]  [3860/5625]  eta: 0:29:04  lr: 0.000008  train_loss: 0.1055 (0.1738)  train_iou: 0.7038 (0.6562)  time: 0.9850  data: 0.0004  max mem: 31302
Epoch: [11]  [3880/5625]  eta: 0:28:44  lr: 0.000008  train_loss: 0.1260 (0.1738)  train_iou: 0.6978 (0.6564)  time: 0.9827  data: 0.0004  max mem: 31302
Epoch: [11]  [3900/5625]  eta: 0:28:24  lr: 0.000008  train_loss: 0.1538 (0.1739)  train_iou: 0.6141 (0.6562)  time: 0.9867  data: 0.0004  max mem: 31302
Epoch: [11]  [3920/5625]  eta: 0:28:05  lr: 0.000008  train_loss: 0.1634 (0.1741)  train_iou: 0.5665 (0.6561)  time: 0.9909  data: 0.0004  max mem: 31302
Epoch: [11]  [3940/5625]  eta: 0:27:45  lr: 0.000008  train_loss: 0.1026 (0.1739)  train_iou: 0.6560 (0.6560)  time: 0.9912  data: 0.0004  max mem: 31302
Epoch: [11]  [3960/5625]  eta: 0:27:25  lr: 0.000008  train_loss: 0.1520 (0.1739)  train_iou: 0.6162 (0.6559)  time: 0.9850  data: 0.0004  max mem: 31302
Epoch: [11]  [3980/5625]  eta: 0:27:05  lr: 0.000008  train_loss: 0.1354 (0.1742)  train_iou: 0.6296 (0.6558)  time: 0.9897  data: 0.0004  max mem: 31302
Epoch: [11]  [4000/5625]  eta: 0:26:45  lr: 0.000008  train_loss: 0.1158 (0.1741)  train_iou: 0.6573 (0.6558)  time: 0.9784  data: 0.0004  max mem: 31302
Epoch: [11]  [4020/5625]  eta: 0:26:26  lr: 0.000008  train_loss: 0.1205 (0.1740)  train_iou: 0.6069 (0.6556)  time: 0.9869  data: 0.0004  max mem: 31302
Epoch: [11]  [4040/5625]  eta: 0:26:06  lr: 0.000008  train_loss: 0.1159 (0.1740)  train_iou: 0.6590 (0.6558)  time: 0.9840  data: 0.0004  max mem: 31302
Epoch: [11]  [4060/5625]  eta: 0:25:46  lr: 0.000008  train_loss: 0.1026 (0.1738)  train_iou: 0.5997 (0.6558)  time: 0.9915  data: 0.0004  max mem: 31302
Epoch: [11]  [4080/5625]  eta: 0:25:26  lr: 0.000008  train_loss: 0.1121 (0.1738)  train_iou: 0.6628 (0.6560)  time: 0.9912  data: 0.0004  max mem: 31302
Epoch: [11]  [4100/5625]  eta: 0:25:07  lr: 0.000008  train_loss: 0.0954 (0.1736)  train_iou: 0.6181 (0.6558)  time: 0.9942  data: 0.0004  max mem: 31302
Epoch: [11]  [4120/5625]  eta: 0:24:47  lr: 0.000008  train_loss: 0.1203 (0.1735)  train_iou: 0.6874 (0.6560)  time: 0.9895  data: 0.0004  max mem: 31302
Epoch: [11]  [4140/5625]  eta: 0:24:27  lr: 0.000008  train_loss: 0.1566 (0.1736)  train_iou: 0.6967 (0.6561)  time: 0.9887  data: 0.0004  max mem: 31302
Epoch: [11]  [4160/5625]  eta: 0:24:07  lr: 0.000008  train_loss: 0.1256 (0.1737)  train_iou: 0.6589 (0.6560)  time: 0.9852  data: 0.0004  max mem: 31302
Epoch: [11]  [4180/5625]  eta: 0:23:48  lr: 0.000008  train_loss: 0.1311 (0.1738)  train_iou: 0.6634 (0.6561)  time: 0.9824  data: 0.0004  max mem: 31302
Epoch: [11]  [4200/5625]  eta: 0:23:28  lr: 0.000008  train_loss: 0.1694 (0.1739)  train_iou: 0.6552 (0.6560)  time: 0.9852  data: 0.0004  max mem: 31302
Epoch: [11]  [4220/5625]  eta: 0:23:08  lr: 0.000008  train_loss: 0.1091 (0.1739)  train_iou: 0.6505 (0.6560)  time: 0.9838  data: 0.0004  max mem: 31302
Epoch: [11]  [4240/5625]  eta: 0:22:48  lr: 0.000008  train_loss: 0.2070 (0.1742)  train_iou: 0.6496 (0.6559)  time: 0.9873  data: 0.0004  max mem: 31302
Epoch: [11]  [4260/5625]  eta: 0:22:28  lr: 0.000008  train_loss: 0.1290 (0.1742)  train_iou: 0.6439 (0.6559)  time: 0.9864  data: 0.0004  max mem: 31302
Epoch: [11]  [4280/5625]  eta: 0:22:09  lr: 0.000008  train_loss: 0.1304 (0.1743)  train_iou: 0.7236 (0.6560)  time: 0.9844  data: 0.0004  max mem: 31302
Epoch: [11]  [4300/5625]  eta: 0:21:49  lr: 0.000008  train_loss: 0.1412 (0.1744)  train_iou: 0.6879 (0.6563)  time: 0.9816  data: 0.0004  max mem: 31302
Epoch: [11]  [4320/5625]  eta: 0:21:29  lr: 0.000008  train_loss: 0.1287 (0.1747)  train_iou: 0.6749 (0.6565)  time: 0.9790  data: 0.0004  max mem: 31302
Epoch: [11]  [4340/5625]  eta: 0:21:09  lr: 0.000008  train_loss: 0.1262 (0.1747)  train_iou: 0.6195 (0.6563)  time: 0.9803  data: 0.0004  max mem: 31302
Epoch: [11]  [4360/5625]  eta: 0:20:49  lr: 0.000008  train_loss: 0.1089 (0.1747)  train_iou: 0.6467 (0.6563)  time: 0.9821  data: 0.0004  max mem: 31302
Epoch: [11]  [4380/5625]  eta: 0:20:30  lr: 0.000008  train_loss: 0.1409 (0.1747)  train_iou: 0.6861 (0.6564)  time: 0.9817  data: 0.0004  max mem: 31302
Epoch: [11]  [4400/5625]  eta: 0:20:11  lr: 0.000008  train_loss: 0.1540 (0.1750)  train_iou: 0.6737 (0.6565)  time: 1.1359  data: 0.0004  max mem: 31302
Epoch: [11]  [4420/5625]  eta: 0:19:51  lr: 0.000008  train_loss: 0.1229 (0.1748)  train_iou: 0.6704 (0.6564)  time: 0.9824  data: 0.0004  max mem: 31302
Epoch: [11]  [4440/5625]  eta: 0:19:31  lr: 0.000008  train_loss: 0.1836 (0.1751)  train_iou: 0.6494 (0.6563)  time: 0.9734  data: 0.0004  max mem: 31302
Epoch: [11]  [4460/5625]  eta: 0:19:11  lr: 0.000008  train_loss: 0.1097 (0.1751)  train_iou: 0.6826 (0.6564)  time: 0.9799  data: 0.0004  max mem: 31302
Epoch: [11]  [4480/5625]  eta: 0:18:51  lr: 0.000008  train_loss: 0.2201 (0.1753)  train_iou: 0.6573 (0.6565)  time: 0.9802  data: 0.0004  max mem: 31302
Epoch: [11]  [4500/5625]  eta: 0:18:32  lr: 0.000008  train_loss: 0.1085 (0.1753)  train_iou: 0.6848 (0.6566)  time: 0.9826  data: 0.0004  max mem: 31302
Epoch: [11]  [4520/5625]  eta: 0:18:12  lr: 0.000008  train_loss: 0.2140 (0.1756)  train_iou: 0.6309 (0.6565)  time: 0.9811  data: 0.0004  max mem: 31302
Epoch: [11]  [4540/5625]  eta: 0:17:52  lr: 0.000008  train_loss: 0.1920 (0.1758)  train_iou: 0.6459 (0.6564)  time: 0.9863  data: 0.0004  max mem: 31302
Epoch: [11]  [4560/5625]  eta: 0:17:32  lr: 0.000008  train_loss: 0.1411 (0.1758)  train_iou: 0.6462 (0.6562)  time: 0.9836  data: 0.0004  max mem: 31302
Epoch: [11]  [4580/5625]  eta: 0:17:12  lr: 0.000008  train_loss: 0.1273 (0.1760)  train_iou: 0.6480 (0.6562)  time: 0.9861  data: 0.0004  max mem: 31302
Epoch: [11]  [4600/5625]  eta: 0:16:53  lr: 0.000008  train_loss: 0.2375 (0.1762)  train_iou: 0.6497 (0.6561)  time: 0.9817  data: 0.0004  max mem: 31302
Epoch: [11]  [4620/5625]  eta: 0:16:33  lr: 0.000008  train_loss: 0.1127 (0.1762)  train_iou: 0.6115 (0.6560)  time: 0.9923  data: 0.0004  max mem: 31302
Epoch: [11]  [4640/5625]  eta: 0:16:13  lr: 0.000008  train_loss: 0.1550 (0.1762)  train_iou: 0.6768 (0.6561)  time: 0.9879  data: 0.0004  max mem: 31302
Epoch: [11]  [4660/5625]  eta: 0:15:53  lr: 0.000008  train_loss: 0.1050 (0.1761)  train_iou: 0.6496 (0.6560)  time: 0.9807  data: 0.0004  max mem: 31302
Epoch: [11]  [4680/5625]  eta: 0:15:34  lr: 0.000008  train_loss: 0.1480 (0.1763)  train_iou: 0.6568 (0.6560)  time: 0.9901  data: 0.0004  max mem: 31302
Epoch: [11]  [4700/5625]  eta: 0:15:14  lr: 0.000008  train_loss: 0.1201 (0.1765)  train_iou: 0.6468 (0.6560)  time: 0.9881  data: 0.0004  max mem: 31302
Epoch: [11]  [4720/5625]  eta: 0:14:54  lr: 0.000008  train_loss: 0.1192 (0.1764)  train_iou: 0.7056 (0.6562)  time: 0.9903  data: 0.0004  max mem: 31302
Epoch: [11]  [4740/5625]  eta: 0:14:34  lr: 0.000008  train_loss: 0.1287 (0.1764)  train_iou: 0.6535 (0.6562)  time: 0.9912  data: 0.0004  max mem: 31302
Epoch: [11]  [4760/5625]  eta: 0:14:14  lr: 0.000008  train_loss: 0.1668 (0.1765)  train_iou: 0.6970 (0.6562)  time: 0.9857  data: 0.0004  max mem: 31302
Epoch: [11]  [4780/5625]  eta: 0:13:55  lr: 0.000008  train_loss: 0.1238 (0.1765)  train_iou: 0.6557 (0.6562)  time: 0.9875  data: 0.0004  max mem: 31302
Epoch: [11]  [4800/5625]  eta: 0:13:35  lr: 0.000008  train_loss: 0.1156 (0.1764)  train_iou: 0.6838 (0.6564)  time: 0.9873  data: 0.0004  max mem: 31302
Epoch: [11]  [4820/5625]  eta: 0:13:15  lr: 0.000008  train_loss: 0.1798 (0.1765)  train_iou: 0.6375 (0.6563)  time: 0.9905  data: 0.0004  max mem: 31302
Epoch: [11]  [4840/5625]  eta: 0:12:55  lr: 0.000008  train_loss: 0.1097 (0.1764)  train_iou: 0.6793 (0.6564)  time: 0.9911  data: 0.0004  max mem: 31302
Epoch: [11]  [4860/5625]  eta: 0:12:36  lr: 0.000008  train_loss: 0.1495 (0.1764)  train_iou: 0.6687 (0.6565)  time: 0.9856  data: 0.0004  max mem: 31302
Epoch: [11]  [4880/5625]  eta: 0:12:16  lr: 0.000008  train_loss: 0.1216 (0.1764)  train_iou: 0.6618 (0.6565)  time: 0.9818  data: 0.0004  max mem: 31302
Epoch: [11]  [4900/5625]  eta: 0:11:56  lr: 0.000008  train_loss: 0.1730 (0.1766)  train_iou: 0.6366 (0.6563)  time: 0.9860  data: 0.0004  max mem: 31302
Epoch: [11]  [4920/5625]  eta: 0:11:36  lr: 0.000008  train_loss: 0.1100 (0.1765)  train_iou: 0.6729 (0.6564)  time: 0.9890  data: 0.0004  max mem: 31302
Epoch: [11]  [4940/5625]  eta: 0:11:17  lr: 0.000008  train_loss: 0.1242 (0.1766)  train_iou: 0.6540 (0.6564)  time: 0.9902  data: 0.0004  max mem: 31302
Epoch: [11]  [4960/5625]  eta: 0:10:57  lr: 0.000008  train_loss: 0.1034 (0.1766)  train_iou: 0.6174 (0.6564)  time: 0.9907  data: 0.0004  max mem: 31302
Epoch: [11]  [4980/5625]  eta: 0:10:37  lr: 0.000008  train_loss: 0.1115 (0.1765)  train_iou: 0.6660 (0.6564)  time: 0.9947  data: 0.0004  max mem: 31302
Epoch: [11]  [5000/5625]  eta: 0:10:17  lr: 0.000008  train_loss: 0.1901 (0.1766)  train_iou: 0.6538 (0.6563)  time: 0.9867  data: 0.0004  max mem: 31302
Epoch: [11]  [5020/5625]  eta: 0:09:57  lr: 0.000008  train_loss: 0.1480 (0.1766)  train_iou: 0.6249 (0.6561)  time: 0.9740  data: 0.0004  max mem: 31302
Epoch: [11]  [5040/5625]  eta: 0:09:38  lr: 0.000008  train_loss: 0.1129 (0.1766)  train_iou: 0.6784 (0.6561)  time: 0.9786  data: 0.0004  max mem: 31302
Epoch: [11]  [5060/5625]  eta: 0:09:18  lr: 0.000008  train_loss: 0.1189 (0.1766)  train_iou: 0.6574 (0.6561)  time: 0.9860  data: 0.0004  max mem: 31302
Epoch: [11]  [5080/5625]  eta: 0:08:58  lr: 0.000008  train_loss: 0.1386 (0.1766)  train_iou: 0.6264 (0.6559)  time: 0.9876  data: 0.0004  max mem: 31302
Epoch: [11]  [5100/5625]  eta: 0:08:38  lr: 0.000008  train_loss: 0.1445 (0.1765)  train_iou: 0.6669 (0.6560)  time: 0.9849  data: 0.0004  max mem: 31302
Epoch: [11]  [5120/5625]  eta: 0:08:19  lr: 0.000008  train_loss: 0.1358 (0.1766)  train_iou: 0.6301 (0.6559)  time: 0.9846  data: 0.0004  max mem: 31302
Epoch: [11]  [5140/5625]  eta: 0:07:59  lr: 0.000008  train_loss: 0.1441 (0.1767)  train_iou: 0.6830 (0.6561)  time: 0.9864  data: 0.0004  max mem: 31302
Epoch: [11]  [5160/5625]  eta: 0:07:39  lr: 0.000008  train_loss: 0.1257 (0.1767)  train_iou: 0.6041 (0.6558)  time: 0.9851  data: 0.0004  max mem: 31302
Epoch: [11]  [5180/5625]  eta: 0:07:19  lr: 0.000008  train_loss: 0.1137 (0.1765)  train_iou: 0.7081 (0.6561)  time: 0.9904  data: 0.0004  max mem: 31302
Epoch: [11]  [5200/5625]  eta: 0:07:00  lr: 0.000008  train_loss: 0.1364 (0.1766)  train_iou: 0.6901 (0.6561)  time: 0.9854  data: 0.0004  max mem: 31302
Epoch: [11]  [5220/5625]  eta: 0:06:40  lr: 0.000008  train_loss: 0.1358 (0.1765)  train_iou: 0.6309 (0.6561)  time: 0.9843  data: 0.0004  max mem: 31302
Epoch: [11]  [5240/5625]  eta: 0:06:20  lr: 0.000008  train_loss: 0.2092 (0.1768)  train_iou: 0.6416 (0.6560)  time: 0.9866  data: 0.0004  max mem: 31302
Epoch: [11]  [5260/5625]  eta: 0:06:00  lr: 0.000008  train_loss: 0.1314 (0.1768)  train_iou: 0.6225 (0.6558)  time: 0.9879  data: 0.0004  max mem: 31302
Epoch: [11]  [5280/5625]  eta: 0:05:40  lr: 0.000008  train_loss: 0.1332 (0.1768)  train_iou: 0.6222 (0.6558)  time: 0.9920  data: 0.0004  max mem: 31302
Epoch: [11]  [5300/5625]  eta: 0:05:21  lr: 0.000008  train_loss: 0.2542 (0.1771)  train_iou: 0.6018 (0.6557)  time: 0.9904  data: 0.0004  max mem: 31302
Epoch: [11]  [5320/5625]  eta: 0:05:01  lr: 0.000008  train_loss: 0.1365 (0.1771)  train_iou: 0.6736 (0.6557)  time: 0.9870  data: 0.0004  max mem: 31302
Epoch: [11]  [5340/5625]  eta: 0:04:41  lr: 0.000008  train_loss: 0.1445 (0.1771)  train_iou: 0.6892 (0.6557)  time: 0.9885  data: 0.0004  max mem: 31302
Epoch: [11]  [5360/5625]  eta: 0:04:21  lr: 0.000008  train_loss: 0.1034 (0.1771)  train_iou: 0.6419 (0.6557)  time: 0.9804  data: 0.0004  max mem: 31302
Epoch: [11]  [5380/5625]  eta: 0:04:02  lr: 0.000008  train_loss: 0.1312 (0.1772)  train_iou: 0.6690 (0.6558)  time: 0.9825  data: 0.0004  max mem: 31302
Epoch: [11]  [5400/5625]  eta: 0:03:42  lr: 0.000008  train_loss: 0.1572 (0.1774)  train_iou: 0.6340 (0.6557)  time: 0.9850  data: 0.0004  max mem: 31302
Epoch: [11]  [5420/5625]  eta: 0:03:22  lr: 0.000008  train_loss: 0.1190 (0.1773)  train_iou: 0.6509 (0.6557)  time: 0.9885  data: 0.0004  max mem: 31302
Epoch: [11]  [5440/5625]  eta: 0:03:02  lr: 0.000008  train_loss: 0.1545 (0.1773)  train_iou: 0.6490 (0.6556)  time: 0.9845  data: 0.0004  max mem: 31302
Epoch: [11]  [5460/5625]  eta: 0:02:43  lr: 0.000008  train_loss: 0.1440 (0.1776)  train_iou: 0.6305 (0.6554)  time: 0.9763  data: 0.0004  max mem: 31302
Epoch: [11]  [5480/5625]  eta: 0:02:23  lr: 0.000008  train_loss: 0.1011 (0.1776)  train_iou: 0.6585 (0.6554)  time: 0.9820  data: 0.0004  max mem: 31302
Epoch: [11]  [5500/5625]  eta: 0:02:03  lr: 0.000008  train_loss: 0.1181 (0.1775)  train_iou: 0.6635 (0.6554)  time: 0.9887  data: 0.0004  max mem: 31302
Epoch: [11]  [5520/5625]  eta: 0:01:43  lr: 0.000008  train_loss: 0.1271 (0.1775)  train_iou: 0.6492 (0.6553)  time: 0.9852  data: 0.0004  max mem: 31302
Epoch: [11]  [5540/5625]  eta: 0:01:23  lr: 0.000008  train_loss: 0.1234 (0.1774)  train_iou: 0.6612 (0.6552)  time: 0.9881  data: 0.0004  max mem: 31302
Epoch: [11]  [5560/5625]  eta: 0:01:04  lr: 0.000008  train_loss: 0.1217 (0.1774)  train_iou: 0.5797 (0.6551)  time: 0.9810  data: 0.0004  max mem: 31302
Epoch: [11]  [5580/5625]  eta: 0:00:44  lr: 0.000008  train_loss: 0.1252 (0.1775)  train_iou: 0.6750 (0.6552)  time: 0.9895  data: 0.0004  max mem: 31302
Epoch: [11]  [5600/5625]  eta: 0:00:24  lr: 0.000008  train_loss: 0.1168 (0.1774)  train_iou: 0.7513 (0.6553)  time: 0.9832  data: 0.0004  max mem: 31302
Epoch: [11]  [5620/5625]  eta: 0:00:04  lr: 0.000008  train_loss: 0.1372 (0.1775)  train_iou: 0.6723 (0.6553)  time: 0.9161  data: 0.0003  max mem: 31302
Epoch: [11]  [5624/5625]  eta: 0:00:00  lr: 0.000008  train_loss: 0.1385 (0.1774)  train_iou: 0.6782 (0.6554)  time: 0.8941  data: 0.0002  max mem: 31302
Epoch: [11] Total time: 1:32:37 (0.9880 s / it)
Averaged stats: lr: 0.000008  train_loss: 0.1385 (0.1774)  train_iou: 0.6782 (0.6554)
huggingface/tokenizers: The current process just got forked, after parallelism has already been used. Disabling parallelism to avoid deadlocks...
To disable this warning, you can either:
	- Avoid using `tokenizers` before the fork if possible
	- Explicitly set the environment variable TOKENIZERS_PARALLELISM=(true | false)
huggingface/tokenizers: The current process just got forked, after parallelism has already been used. Disabling parallelism to avoid deadlocks...
To disable this warning, you can either:
	- Avoid using `tokenizers` before the fork if possible
	- Explicitly set the environment variable TOKENIZERS_PARALLELISM=(true | false)
huggingface/tokenizers: The current process just got forked, after parallelism has already been used. Disabling parallelism to avoid deadlocks...
To disable this warning, you can either:
	- Avoid using `tokenizers` before the fork if possible
	- Explicitly set the environment variable TOKENIZERS_PARALLELISM=(true | false)
huggingface/tokenizers: The current process just got forked, after parallelism has already been used. Disabling parallelism to avoid deadlocks...
To disable this warning, you can either:
	- Avoid using `tokenizers` before the fork if possible
	- Explicitly set the environment variable TOKENIZERS_PARALLELISM=(true | false)
huggingface/tokenizers: The current process just got forked, after parallelism has already been used. Disabling parallelism to avoid deadlocks...
To disable this warning, you can either:
	- Avoid using `tokenizers` before the fork if possible
	- Explicitly set the environment variable TOKENIZERS_PARALLELISM=(true | false)
huggingface/tokenizers: The current process just got forked, after parallelism has already been used. Disabling parallelism to avoid deadlocks...
To disable this warning, you can either:
	- Avoid using `tokenizers` before the fork if possible
	- Explicitly set the environment variable TOKENIZERS_PARALLELISM=(true | false)
huggingface/tokenizers: The current process just got forked, after parallelism has already been used. Disabling parallelism to avoid deadlocks...
To disable this warning, you can either:
	- Avoid using `tokenizers` before the fork if possible
	- Explicitly set the environment variable TOKENIZERS_PARALLELISM=(true | false)
huggingface/tokenizers: The current process just got forked, after parallelism has already been used. Disabling parallelism to avoid deadlocks...
To disable this warning, you can either:
	- Avoid using `tokenizers` before the fork if possible
	- Explicitly set the environment variable TOKENIZERS_PARALLELISM=(true | false)
Test:  [   0/4000]  eta: 1:49:24  inter: 33124.0000 (33124.0000)  union: 35324.0000 (35324.0000)  iou: 0.9377 (0.9377)  time: 1.6411  data: 1.3367  max mem: 31302
Test:  [  50/4000]  eta: 0:13:51  inter: 14945.0000 (23113.2656)  union: 45165.0000 (41316.0625)  iou: 0.6340 (0.5385)  time: 0.1877  data: 0.0004  max mem: 31302
Test:  [ 100/4000]  eta: 0:13:01  inter: 20315.0000 (24778.8088)  union: 47830.0000 (42006.4559)  iou: 0.6028 (0.5859)  time: 0.1842  data: 0.0004  max mem: 31302
Test:  [ 150/4000]  eta: 0:12:44  inter: 18509.0000 (24939.3636)  union: 29901.0000 (39709.5742)  iou: 0.8490 (0.6168)  time: 0.2016  data: 0.0004  max mem: 31302
Test:  [ 200/4000]  eta: 0:12:23  inter: 33777.0000 (25604.1648)  union: 37552.0000 (39535.1538)  iou: 0.9076 (0.6223)  time: 0.1838  data: 0.0004  max mem: 31302
Test:  [ 250/4000]  eta: 0:12:01  inter: 14500.0000 (27756.8886)  union: 32461.0000 (41214.9849)  iou: 0.6123 (0.6239)  time: 0.1761  data: 0.0004  max mem: 31302
Test:  [ 300/4000]  eta: 0:11:50  inter: 17532.0000 (27040.9132)  union: 24820.0000 (40633.3052)  iou: 0.5372 (0.6147)  time: 0.1931  data: 0.0004  max mem: 31302
Test:  [ 350/4000]  eta: 0:11:43  inter: 9105.0000 (25995.8120)  union: 30067.0000 (40356.0331)  iou: 0.4065 (0.6025)  time: 0.1996  data: 0.0004  max mem: 31302
Test:  [ 400/4000]  eta: 0:11:34  inter: 30224.0000 (25462.5714)  union: 36127.0000 (39731.2554)  iou: 0.6737 (0.6028)  time: 0.1820  data: 0.0004  max mem: 31302
Test:  [ 450/4000]  eta: 0:11:22  inter: 13194.0000 (25168.9333)  union: 28901.0000 (39595.2206)  iou: 0.4988 (0.6027)  time: 0.2049  data: 0.0004  max mem: 31302
Test:  [ 500/4000]  eta: 0:11:11  inter: 17199.0000 (25655.9527)  union: 32146.0000 (40647.4140)  iou: 0.5360 (0.5984)  time: 0.1800  data: 0.0004  max mem: 31302
Test:  [ 550/4000]  eta: 0:11:03  inter: 23775.0000 (25669.7404)  union: 28157.0000 (40345.7314)  iou: 0.8722 (0.6057)  time: 0.1962  data: 0.0004  max mem: 31302
Test:  [ 600/4000]  eta: 0:10:52  inter: 10236.0000 (25529.9432)  union: 33847.0000 (40358.2450)  iou: 0.8009 (0.6017)  time: 0.1905  data: 0.0004  max mem: 31302
Test:  [ 650/4000]  eta: 0:10:40  inter: 25471.0000 (25996.5425)  union: 40806.0000 (40755.3669)  iou: 0.6678 (0.6013)  time: 0.1791  data: 0.0004  max mem: 31302
Test:  [ 700/4000]  eta: 0:10:29  inter: 13808.0000 (25589.1232)  union: 28934.0000 (40413.3255)  iou: 0.3795 (0.5952)  time: 0.1793  data: 0.0004  max mem: 31302
Test:  [ 750/4000]  eta: 0:10:21  inter: 25450.0000 (25523.5728)  union: 29719.0000 (40288.4291)  iou: 0.7965 (0.5979)  time: 0.2048  data: 0.0004  max mem: 31302
Test:  [ 800/4000]  eta: 0:10:10  inter: 19581.0000 (25279.6036)  union: 46862.0000 (39844.4616)  iou: 0.5823 (0.5972)  time: 0.1940  data: 0.0004  max mem: 31302
Test:  [ 850/4000]  eta: 0:10:02  inter: 21732.0000 (25316.4536)  union: 35422.0000 (39836.7222)  iou: 0.8024 (0.5969)  time: 0.1817  data: 0.0004  max mem: 31302
Test:  [ 900/4000]  eta: 0:09:53  inter: 11168.0000 (25406.8514)  union: 27418.0000 (40090.4806)  iou: 0.6907 (0.5928)  time: 0.1762  data: 0.0004  max mem: 31302
Test:  [ 950/4000]  eta: 0:09:42  inter: 24973.0000 (25630.3196)  union: 30544.0000 (40188.3953)  iou: 0.8302 (0.5935)  time: 0.1859  data: 0.0004  max mem: 31302
Test:  [1000/4000]  eta: 0:09:32  inter: 22517.0000 (25859.0342)  union: 37697.0000 (40359.8182)  iou: 0.7287 (0.5947)  time: 0.1796  data: 0.0004  max mem: 31302
Test:  [1050/4000]  eta: 0:09:22  inter: 19344.0000 (25909.4565)  union: 37029.0000 (40384.8116)  iou: 0.5440 (0.5944)  time: 0.1924  data: 0.0004  max mem: 31302
Test:  [1100/4000]  eta: 0:09:12  inter: 22441.0000 (25754.2884)  union: 28733.0000 (40120.6322)  iou: 0.7060 (0.5936)  time: 0.1859  data: 0.0004  max mem: 31302
Test:  [1150/4000]  eta: 0:09:03  inter: 10004.0000 (25911.2215)  union: 23870.0000 (39949.4578)  iou: 0.6053 (0.5978)  time: 0.2014  data: 0.0004  max mem: 31302
Test:  [1200/4000]  eta: 0:08:54  inter: 9982.0000 (25915.4275)  union: 33233.0000 (40182.2931)  iou: 0.7888 (0.5951)  time: 0.1938  data: 0.0004  max mem: 31302
Test:  [1250/4000]  eta: 0:08:45  inter: 8931.0000 (25705.3453)  union: 33761.0000 (39979.7019)  iou: 0.1416 (0.5935)  time: 0.2058  data: 0.0004  max mem: 31302
Test:  [1300/4000]  eta: 0:08:36  inter: 15576.0000 (25482.7744)  union: 34330.0000 (39773.1666)  iou: 0.5555 (0.5941)  time: 0.1953  data: 0.0004  max mem: 31302
Test:  [1350/4000]  eta: 0:08:26  inter: 26272.0000 (25525.4684)  union: 35056.0000 (39819.7737)  iou: 0.8344 (0.5946)  time: 0.1895  data: 0.0004  max mem: 31302
Test:  [1400/4000]  eta: 0:08:17  inter: 9991.0000 (25651.1032)  union: 11930.0000 (39925.2556)  iou: 0.7567 (0.5926)  time: 0.1912  data: 0.0004  max mem: 31302
Test:  [1450/4000]  eta: 0:08:07  inter: 15772.0000 (25602.6831)  union: 42822.0000 (39848.5521)  iou: 0.5190 (0.5918)  time: 0.1889  data: 0.0004  max mem: 31302
Test:  [1500/4000]  eta: 0:07:57  inter: 16556.0000 (25619.7167)  union: 36572.0000 (39936.0757)  iou: 0.4912 (0.5898)  time: 0.1892  data: 0.0004  max mem: 31302
Test:  [1550/4000]  eta: 0:07:49  inter: 22244.0000 (25515.7724)  union: 29013.0000 (39878.9571)  iou: 0.8715 (0.5910)  time: 0.2070  data: 0.0004  max mem: 31302
Test:  [1600/4000]  eta: 0:07:39  inter: 11081.0000 (25335.5513)  union: 23941.0000 (39839.1155)  iou: 0.4343 (0.5874)  time: 0.2087  data: 0.0004  max mem: 31302
Test:  [1650/4000]  eta: 0:07:29  inter: 15922.0000 (25305.8718)  union: 33294.0000 (39819.8178)  iou: 0.4036 (0.5860)  time: 0.1850  data: 0.0004  max mem: 31302
Test:  [1700/4000]  eta: 0:07:19  inter: 16870.0000 (25316.5461)  union: 35668.0000 (39859.4197)  iou: 0.7971 (0.5854)  time: 0.1888  data: 0.0004  max mem: 31302
Test:  [1750/4000]  eta: 0:07:10  inter: 17531.0000 (25248.5786)  union: 32568.0000 (39842.8740)  iou: 0.7907 (0.5844)  time: 0.2024  data: 0.0004  max mem: 31302
Test:  [1800/4000]  eta: 0:07:01  inter: 15298.0000 (25114.4998)  union: 33662.0000 (39727.9545)  iou: 0.4175 (0.5834)  time: 0.2038  data: 0.0004  max mem: 31302
Test:  [1850/4000]  eta: 0:06:51  inter: 11212.0000 (25087.3157)  union: 34046.0000 (39810.4831)  iou: 0.3403 (0.5818)  time: 0.1888  data: 0.0004  max mem: 31302
Test:  [1900/4000]  eta: 0:06:41  inter: 36095.0000 (25043.5430)  union: 55563.0000 (39735.1927)  iou: 0.6341 (0.5831)  time: 0.1957  data: 0.0004  max mem: 31302
Test:  [1950/4000]  eta: 0:06:32  inter: 11280.0000 (25022.0254)  union: 16569.0000 (39717.0652)  iou: 0.6819 (0.5836)  time: 0.1891  data: 0.0004  max mem: 31302
Test:  [2000/4000]  eta: 0:06:22  inter: 15284.0000 (25045.0691)  union: 22605.0000 (39672.0205)  iou: 0.7801 (0.5844)  time: 0.1784  data: 0.0004  max mem: 31302
Test:  [2050/4000]  eta: 0:06:13  inter: 7242.0000 (24873.2181)  union: 50957.0000 (39758.9369)  iou: 0.1993 (0.5814)  time: 0.2163  data: 0.0004  max mem: 31302
Test:  [2100/4000]  eta: 0:06:03  inter: 16198.0000 (24853.5641)  union: 32397.0000 (39723.4973)  iou: 0.8022 (0.5815)  time: 0.1771  data: 0.0004  max mem: 31302
Test:  [2150/4000]  eta: 0:05:53  inter: 16171.0000 (24854.8732)  union: 32302.0000 (39752.6365)  iou: 0.5707 (0.5808)  time: 0.1837  data: 0.0004  max mem: 31302
Test:  [2200/4000]  eta: 0:05:44  inter: 13837.0000 (24827.1044)  union: 20465.0000 (39693.5467)  iou: 0.6502 (0.5811)  time: 0.1956  data: 0.0004  max mem: 31302
Test:  [2250/4000]  eta: 0:05:34  inter: 19167.0000 (24698.5028)  union: 36985.0000 (39562.8987)  iou: 0.7584 (0.5802)  time: 0.1775  data: 0.0004  max mem: 31302
Test:  [2300/4000]  eta: 0:05:24  inter: 25452.0000 (24777.5670)  union: 36959.0000 (39544.0293)  iou: 0.6185 (0.5819)  time: 0.1903  data: 0.0004  max mem: 31302
Test:  [2350/4000]  eta: 0:05:15  inter: 18728.0000 (24724.7326)  union: 37780.0000 (39507.8269)  iou: 0.7729 (0.5820)  time: 0.2010  data: 0.0004  max mem: 31302
Test:  [2400/4000]  eta: 0:05:05  inter: 10282.0000 (24772.3518)  union: 33048.0000 (39478.5580)  iou: 0.3508 (0.5824)  time: 0.2028  data: 0.0004  max mem: 31302
Test:  [2450/4000]  eta: 0:04:56  inter: 29167.0000 (24866.7175)  union: 33032.0000 (39566.1084)  iou: 0.8448 (0.5839)  time: 0.1744  data: 0.0004  max mem: 31302
Test:  [2500/4000]  eta: 0:04:46  inter: 25327.0000 (24823.3057)  union: 39517.0000 (39578.6716)  iou: 0.7906 (0.5835)  time: 0.1751  data: 0.0006  max mem: 31302
Test:  [2550/4000]  eta: 0:04:36  inter: 28988.0000 (24919.4545)  union: 33214.0000 (39699.2775)  iou: 0.8295 (0.5841)  time: 0.2039  data: 0.0004  max mem: 31302
Test:  [2600/4000]  eta: 0:04:27  inter: 10644.0000 (24851.8077)  union: 28720.0000 (39644.2530)  iou: 0.3572 (0.5828)  time: 0.1925  data: 0.0004  max mem: 31302
Test:  [2650/4000]  eta: 0:04:17  inter: 16572.0000 (24858.2143)  union: 34317.0000 (39859.2908)  iou: 0.8049 (0.5817)  time: 0.1941  data: 0.0004  max mem: 31302
Test:  [2700/4000]  eta: 0:04:08  inter: 22226.0000 (24935.7129)  union: 30694.0000 (39923.9127)  iou: 0.8531 (0.5825)  time: 0.1857  data: 0.0004  max mem: 31302
Test:  [2750/4000]  eta: 0:03:58  inter: 22875.0000 (25013.9275)  union: 29008.0000 (40015.7700)  iou: 0.8155 (0.5823)  time: 0.1818  data: 0.0004  max mem: 31302
Test:  [2800/4000]  eta: 0:03:48  inter: 14775.0000 (24978.9703)  union: 30441.0000 (39923.3817)  iou: 0.6628 (0.5824)  time: 0.1849  data: 0.0004  max mem: 31302
Test:  [2850/4000]  eta: 0:03:39  inter: 12219.0000 (25099.2116)  union: 32739.0000 (40010.6416)  iou: 0.3249 (0.5819)  time: 0.1815  data: 0.0004  max mem: 31302
Test:  [2900/4000]  eta: 0:03:30  inter: 17770.0000 (25122.4790)  union: 26058.0000 (40069.8250)  iou: 0.6653 (0.5810)  time: 0.1779  data: 0.0004  max mem: 31302
Test:  [2950/4000]  eta: 0:03:20  inter: 20453.0000 (25139.8529)  union: 26882.0000 (40061.5716)  iou: 0.5355 (0.5809)  time: 0.1776  data: 0.0004  max mem: 31302
Test:  [3000/4000]  eta: 0:03:10  inter: 10509.0000 (25042.3864)  union: 32879.0000 (40032.4996)  iou: 0.3901 (0.5795)  time: 0.2010  data: 0.0004  max mem: 31302
Test:  [3050/4000]  eta: 0:03:01  inter: 13419.0000 (25003.3107)  union: 29513.0000 (40089.0715)  iou: 0.4635 (0.5791)  time: 0.1878  data: 0.0004  max mem: 31302
Test:  [3100/4000]  eta: 0:02:51  inter: 17594.0000 (24994.8030)  union: 37198.0000 (40053.4629)  iou: 0.4404 (0.5797)  time: 0.1898  data: 0.0004  max mem: 31302
Test:  [3150/4000]  eta: 0:02:42  inter: 15186.0000 (24884.9263)  union: 21769.0000 (39948.9247)  iou: 0.5657 (0.5793)  time: 0.1895  data: 0.0004  max mem: 31302
Test:  [3200/4000]  eta: 0:02:32  inter: 10622.0000 (24906.6245)  union: 38181.0000 (40001.1104)  iou: 0.6030 (0.5795)  time: 0.1846  data: 0.0004  max mem: 31302
Test:  [3250/4000]  eta: 0:02:23  inter: 19030.0000 (24850.5430)  union: 24888.0000 (39923.2231)  iou: 0.7640 (0.5784)  time: 0.1900  data: 0.0004  max mem: 31302
Test:  [3300/4000]  eta: 0:02:13  inter: 24886.0000 (24921.7008)  union: 43731.0000 (40032.8012)  iou: 0.8212 (0.5774)  time: 0.2062  data: 0.0004  max mem: 31302
Test:  [3350/4000]  eta: 0:02:03  inter: 9659.0000 (24874.1975)  union: 12644.0000 (40052.3114)  iou: 0.7495 (0.5772)  time: 0.1761  data: 0.0004  max mem: 31302
Test:  [3400/4000]  eta: 0:01:54  inter: 23913.0000 (24982.7728)  union: 37343.0000 (40109.0743)  iou: 0.8642 (0.5785)  time: 0.1992  data: 0.0004  max mem: 31302
Test:  [3450/4000]  eta: 0:01:44  inter: 17498.0000 (25001.3311)  union: 30176.0000 (40096.0823)  iou: 0.5624 (0.5788)  time: 0.1821  data: 0.0004  max mem: 31302
Test:  [3500/4000]  eta: 0:01:35  inter: 15141.0000 (24978.0401)  union: 21743.0000 (40012.4635)  iou: 0.8027 (0.5791)  time: 0.1793  data: 0.0004  max mem: 31302
Test:  [3550/4000]  eta: 0:01:25  inter: 23482.0000 (24978.1718)  union: 35405.0000 (40014.0446)  iou: 0.7085 (0.5784)  time: 0.1762  data: 0.0004  max mem: 31302
Test:  [3600/4000]  eta: 0:01:16  inter: 21339.0000 (24896.2105)  union: 30341.0000 (39968.0946)  iou: 0.4615 (0.5772)  time: 0.1824  data: 0.0004  max mem: 31302
Test:  [3650/4000]  eta: 0:01:06  inter: 13513.0000 (24845.2272)  union: 38729.0000 (39963.5209)  iou: 0.4604 (0.5767)  time: 0.2107  data: 0.0004  max mem: 31302
Test:  [3700/4000]  eta: 0:00:57  inter: 18813.0000 (24935.3783)  union: 36298.0000 (39993.0220)  iou: 0.6587 (0.5774)  time: 0.1843  data: 0.0004  max mem: 31302
Test:  [3750/4000]  eta: 0:00:47  inter: 22678.0000 (24975.8817)  union: 44126.0000 (40045.4611)  iou: 0.5072 (0.5781)  time: 0.1811  data: 0.0005  max mem: 31302
Test:  [3800/4000]  eta: 0:00:38  inter: 22316.0000 (25017.6520)  union: 29477.0000 (40040.1829)  iou: 0.5745 (0.5785)  time: 0.1724  data: 0.0004  max mem: 31302
Test:  [3850/4000]  eta: 0:00:28  inter: 19076.0000 (25019.0271)  union: 33758.0000 (40057.1316)  iou: 0.8549 (0.5786)  time: 0.1829  data: 0.0004  max mem: 31302
Test:  [3900/4000]  eta: 0:00:19  inter: 18945.0000 (25052.1271)  union: 28552.0000 (40112.6274)  iou: 0.6734 (0.5783)  time: 0.1891  data: 0.0004  max mem: 31302
Test:  [3950/4000]  eta: 0:00:09  inter: 17694.0000 (25018.8611)  union: 35442.0000 (40071.2450)  iou: 0.6999 (0.5785)  time: 0.1817  data: 0.0004  max mem: 31302
Test:  [3999/4000]  eta: 0:00:00  inter: 14661.0000 (24986.7481)  union: 30875.0000 (39989.4257)  iou: 0.5475 (0.5795)  time: 0.1679  data: 0.0002  max mem: 31302
Test: Total time: 0:12:42 (0.1907 s / it)
* IoU 0.579 oIoU 0.625
IoU of the network on the 4000 test images: 0.6%
Max IoU: 0.59%
huggingface/tokenizers: The current process just got forked, after parallelism has already been used. Disabling parallelism to avoid deadlocks...
To disable this warning, you can either:
	- Avoid using `tokenizers` before the fork if possible
	- Explicitly set the environment variable TOKENIZERS_PARALLELISM=(true | false)
huggingface/tokenizers: The current process just got forked, after parallelism has already been used. Disabling parallelism to avoid deadlocks...
To disable this warning, you can either:
	- Avoid using `tokenizers` before the fork if possible
	- Explicitly set the environment variable TOKENIZERS_PARALLELISM=(true | false)
huggingface/tokenizers: The current process just got forked, after parallelism has already been used. Disabling parallelism to avoid deadlocks...
To disable this warning, you can either:
	- Avoid using `tokenizers` before the fork if possible
	- Explicitly set the environment variable TOKENIZERS_PARALLELISM=(true | false)
huggingface/tokenizers: The current process just got forked, after parallelism has already been used. Disabling parallelism to avoid deadlocks...
To disable this warning, you can either:
	- Avoid using `tokenizers` before the fork if possible
	- Explicitly set the environment variable TOKENIZERS_PARALLELISM=(true | false)
huggingface/tokenizers: The current process just got forked, after parallelism has already been used. Disabling parallelism to avoid deadlocks...
To disable this warning, you can either:
	- Avoid using `tokenizers` before the fork if possible
	- Explicitly set the environment variable TOKENIZERS_PARALLELISM=(true | false)
huggingface/tokenizers: The current process just got forked, after parallelism has already been used. Disabling parallelism to avoid deadlocks...
To disable this warning, you can either:
	- Avoid using `tokenizers` before the fork if possible
	- Explicitly set the environment variable TOKENIZERS_PARALLELISM=(true | false)
huggingface/tokenizers: The current process just got forked, after parallelism has already been used. Disabling parallelism to avoid deadlocks...
To disable this warning, you can either:
	- Avoid using `tokenizers` before the fork if possible
	- Explicitly set the environment variable TOKENIZERS_PARALLELISM=(true | false)
huggingface/tokenizers: The current process just got forked, after parallelism has already been used. Disabling parallelism to avoid deadlocks...
To disable this warning, you can either:
	- Avoid using `tokenizers` before the fork if possible
	- Explicitly set the environment variable TOKENIZERS_PARALLELISM=(true | false)
Epoch: [12]  [   0/5625]  eta: 8:38:19  lr: 0.000008  train_loss: 0.1345 (0.1345)  train_iou: 0.7351 (0.7351)  time: 5.5289  data: 4.1879  max mem: 31302
Epoch: [12]  [  20/5625]  eta: 1:53:27  lr: 0.000008  train_loss: 0.1067 (0.1434)  train_iou: 0.6744 (0.6929)  time: 0.9987  data: 0.0020  max mem: 31302
Epoch: [12]  [  40/5625]  eta: 1:42:37  lr: 0.000008  train_loss: 0.1100 (0.1415)  train_iou: 0.6818 (0.6780)  time: 0.9851  data: 0.0004  max mem: 31302
Epoch: [12]  [  60/5625]  eta: 1:38:30  lr: 0.000008  train_loss: 0.1090 (0.1509)  train_iou: 0.5632 (0.6589)  time: 0.9790  data: 0.0004  max mem: 31302
Epoch: [12]  [  80/5625]  eta: 1:40:09  lr: 0.000008  train_loss: 0.1114 (0.1524)  train_iou: 0.6494 (0.6642)  time: 1.1502  data: 0.0004  max mem: 31302
Epoch: [12]  [ 100/5625]  eta: 1:38:00  lr: 0.000008  train_loss: 0.1415 (0.1555)  train_iou: 0.6628 (0.6652)  time: 0.9851  data: 0.0004  max mem: 31302
Epoch: [12]  [ 120/5625]  eta: 1:36:25  lr: 0.000008  train_loss: 0.1503 (0.1615)  train_iou: 0.6753 (0.6702)  time: 0.9841  data: 0.0004  max mem: 31302
Epoch: [12]  [ 140/5625]  eta: 1:35:13  lr: 0.000008  train_loss: 0.1232 (0.1620)  train_iou: 0.6733 (0.6680)  time: 0.9855  data: 0.0004  max mem: 31302
Epoch: [12]  [ 160/5625]  eta: 1:34:11  lr: 0.000008  train_loss: 0.1048 (0.1600)  train_iou: 0.6529 (0.6664)  time: 0.9807  data: 0.0004  max mem: 31302
Epoch: [12]  [ 180/5625]  eta: 1:33:19  lr: 0.000008  train_loss: 0.1376 (0.1619)  train_iou: 0.6827 (0.6655)  time: 0.9816  data: 0.0004  max mem: 31302
Epoch: [12]  [ 200/5625]  eta: 1:32:35  lr: 0.000008  train_loss: 0.2313 (0.1675)  train_iou: 0.6633 (0.6627)  time: 0.9844  data: 0.0004  max mem: 31302
Epoch: [12]  [ 220/5625]  eta: 1:31:54  lr: 0.000008  train_loss: 0.1057 (0.1653)  train_iou: 0.6745 (0.6636)  time: 0.9836  data: 0.0004  max mem: 31302
Epoch: [12]  [ 240/5625]  eta: 1:31:18  lr: 0.000008  train_loss: 0.1308 (0.1693)  train_iou: 0.6938 (0.6641)  time: 0.9853  data: 0.0004  max mem: 31302
Epoch: [12]  [ 260/5625]  eta: 1:30:42  lr: 0.000008  train_loss: 0.0926 (0.1655)  train_iou: 0.7187 (0.6680)  time: 0.9785  data: 0.0005  max mem: 31302
Epoch: [12]  [ 280/5625]  eta: 1:30:09  lr: 0.000008  train_loss: 0.1150 (0.1655)  train_iou: 0.6850 (0.6670)  time: 0.9809  data: 0.0004  max mem: 31302
Epoch: [12]  [ 300/5625]  eta: 1:29:38  lr: 0.000008  train_loss: 0.1578 (0.1697)  train_iou: 0.6284 (0.6631)  time: 0.9812  data: 0.0004  max mem: 31302
Epoch: [12]  [ 320/5625]  eta: 1:29:09  lr: 0.000008  train_loss: 0.0970 (0.1691)  train_iou: 0.6799 (0.6637)  time: 0.9851  data: 0.0004  max mem: 31302
Epoch: [12]  [ 340/5625]  eta: 1:28:41  lr: 0.000008  train_loss: 0.1601 (0.1714)  train_iou: 0.6669 (0.6637)  time: 0.9826  data: 0.0004  max mem: 31302
Epoch: [12]  [ 360/5625]  eta: 1:28:15  lr: 0.000008  train_loss: 0.1340 (0.1735)  train_iou: 0.6396 (0.6609)  time: 0.9851  data: 0.0005  max mem: 31302
Epoch: [12]  [ 380/5625]  eta: 1:27:48  lr: 0.000008  train_loss: 0.0996 (0.1712)  train_iou: 0.6813 (0.6626)  time: 0.9806  data: 0.0004  max mem: 31302
Epoch: [12]  [ 400/5625]  eta: 1:27:23  lr: 0.000008  train_loss: 0.1111 (0.1702)  train_iou: 0.6338 (0.6608)  time: 0.9862  data: 0.0005  max mem: 31302
Epoch: [12]  [ 420/5625]  eta: 1:26:58  lr: 0.000008  train_loss: 0.1200 (0.1702)  train_iou: 0.6972 (0.6625)  time: 0.9837  data: 0.0004  max mem: 31302
Epoch: [12]  [ 440/5625]  eta: 1:26:33  lr: 0.000008  train_loss: 0.0934 (0.1685)  train_iou: 0.6763 (0.6620)  time: 0.9834  data: 0.0004  max mem: 31302
Epoch: [12]  [ 460/5625]  eta: 1:26:10  lr: 0.000008  train_loss: 0.0898 (0.1674)  train_iou: 0.6375 (0.6609)  time: 0.9864  data: 0.0004  max mem: 31302
Epoch: [12]  [ 480/5625]  eta: 1:25:46  lr: 0.000008  train_loss: 0.1136 (0.1680)  train_iou: 0.6180 (0.6605)  time: 0.9838  data: 0.0004  max mem: 31302
Epoch: [12]  [ 500/5625]  eta: 1:25:23  lr: 0.000008  train_loss: 0.1505 (0.1679)  train_iou: 0.7309 (0.6607)  time: 0.9868  data: 0.0004  max mem: 31302
Epoch: [12]  [ 520/5625]  eta: 1:25:00  lr: 0.000008  train_loss: 0.1849 (0.1695)  train_iou: 0.6307 (0.6597)  time: 0.9850  data: 0.0004  max mem: 31302
Epoch: [12]  [ 540/5625]  eta: 1:24:39  lr: 0.000008  train_loss: 0.1155 (0.1699)  train_iou: 0.6031 (0.6584)  time: 0.9902  data: 0.0004  max mem: 31302
Epoch: [12]  [ 560/5625]  eta: 1:24:16  lr: 0.000008  train_loss: 0.1298 (0.1703)  train_iou: 0.6461 (0.6591)  time: 0.9843  data: 0.0004  max mem: 31302
Epoch: [12]  [ 580/5625]  eta: 1:23:53  lr: 0.000008  train_loss: 0.1357 (0.1711)  train_iou: 0.6299 (0.6583)  time: 0.9818  data: 0.0004  max mem: 31302
Epoch: [12]  [ 600/5625]  eta: 1:23:31  lr: 0.000008  train_loss: 0.0989 (0.1707)  train_iou: 0.6620 (0.6577)  time: 0.9818  data: 0.0004  max mem: 31302
Epoch: [12]  [ 620/5625]  eta: 1:23:09  lr: 0.000008  train_loss: 0.1450 (0.1711)  train_iou: 0.6521 (0.6568)  time: 0.9891  data: 0.0004  max mem: 31302
Epoch: [12]  [ 640/5625]  eta: 1:22:47  lr: 0.000008  train_loss: 0.1156 (0.1708)  train_iou: 0.5550 (0.6549)  time: 0.9814  data: 0.0005  max mem: 31302
Epoch: [12]  [ 660/5625]  eta: 1:22:25  lr: 0.000008  train_loss: 0.2062 (0.1728)  train_iou: 0.6008 (0.6539)  time: 0.9810  data: 0.0004  max mem: 31302
Epoch: [12]  [ 680/5625]  eta: 1:22:03  lr: 0.000008  train_loss: 0.1575 (0.1727)  train_iou: 0.6757 (0.6542)  time: 0.9808  data: 0.0004  max mem: 31302
Epoch: [12]  [ 700/5625]  eta: 1:21:41  lr: 0.000008  train_loss: 0.1220 (0.1732)  train_iou: 0.6596 (0.6544)  time: 0.9833  data: 0.0004  max mem: 31302
Epoch: [12]  [ 720/5625]  eta: 1:21:19  lr: 0.000008  train_loss: 0.1166 (0.1722)  train_iou: 0.6689 (0.6553)  time: 0.9811  data: 0.0004  max mem: 31302
Epoch: [12]  [ 740/5625]  eta: 1:20:57  lr: 0.000008  train_loss: 0.1370 (0.1722)  train_iou: 0.6449 (0.6551)  time: 0.9806  data: 0.0005  max mem: 31302
Epoch: [12]  [ 760/5625]  eta: 1:20:36  lr: 0.000008  train_loss: 0.1244 (0.1720)  train_iou: 0.6596 (0.6557)  time: 0.9834  data: 0.0004  max mem: 31302
Epoch: [12]  [ 780/5625]  eta: 1:20:15  lr: 0.000008  train_loss: 0.1117 (0.1716)  train_iou: 0.6851 (0.6564)  time: 0.9835  data: 0.0004  max mem: 31302
Epoch: [12]  [ 800/5625]  eta: 1:19:54  lr: 0.000008  train_loss: 0.1188 (0.1718)  train_iou: 0.6422 (0.6562)  time: 0.9841  data: 0.0005  max mem: 31302
Epoch: [12]  [ 820/5625]  eta: 1:19:33  lr: 0.000008  train_loss: 0.1422 (0.1714)  train_iou: 0.6597 (0.6562)  time: 0.9830  data: 0.0004  max mem: 31302
Epoch: [12]  [ 840/5625]  eta: 1:19:13  lr: 0.000008  train_loss: 0.1156 (0.1716)  train_iou: 0.6438 (0.6563)  time: 0.9903  data: 0.0004  max mem: 31302
Epoch: [12]  [ 860/5625]  eta: 1:18:52  lr: 0.000008  train_loss: 0.1028 (0.1708)  train_iou: 0.6093 (0.6566)  time: 0.9896  data: 0.0004  max mem: 31302
Epoch: [12]  [ 880/5625]  eta: 1:18:31  lr: 0.000008  train_loss: 0.1737 (0.1711)  train_iou: 0.6842 (0.6573)  time: 0.9850  data: 0.0004  max mem: 31302
Epoch: [12]  [ 900/5625]  eta: 1:18:11  lr: 0.000008  train_loss: 0.1170 (0.1713)  train_iou: 0.6674 (0.6576)  time: 0.9849  data: 0.0004  max mem: 31302
Epoch: [12]  [ 920/5625]  eta: 1:17:50  lr: 0.000008  train_loss: 0.1347 (0.1719)  train_iou: 0.5645 (0.6571)  time: 0.9827  data: 0.0004  max mem: 31302
Epoch: [12]  [ 940/5625]  eta: 1:17:29  lr: 0.000008  train_loss: 0.1303 (0.1724)  train_iou: 0.6723 (0.6570)  time: 0.9798  data: 0.0004  max mem: 31302
Epoch: [12]  [ 960/5625]  eta: 1:17:08  lr: 0.000008  train_loss: 0.1186 (0.1721)  train_iou: 0.6876 (0.6583)  time: 0.9826  data: 0.0004  max mem: 31302
Epoch: [12]  [ 980/5625]  eta: 1:16:48  lr: 0.000008  train_loss: 0.1632 (0.1727)  train_iou: 0.6345 (0.6580)  time: 0.9873  data: 0.0004  max mem: 31302
Epoch: [12]  [1000/5625]  eta: 1:16:27  lr: 0.000008  train_loss: 0.1050 (0.1720)  train_iou: 0.6467 (0.6576)  time: 0.9808  data: 0.0004  max mem: 31302
Epoch: [12]  [1020/5625]  eta: 1:16:06  lr: 0.000008  train_loss: 0.1239 (0.1721)  train_iou: 0.6382 (0.6573)  time: 0.9769  data: 0.0004  max mem: 31302
Epoch: [12]  [1040/5625]  eta: 1:15:45  lr: 0.000008  train_loss: 0.1570 (0.1722)  train_iou: 0.7210 (0.6578)  time: 0.9837  data: 0.0004  max mem: 31302
Epoch: [12]  [1060/5625]  eta: 1:15:24  lr: 0.000008  train_loss: 0.0949 (0.1712)  train_iou: 0.6388 (0.6571)  time: 0.9813  data: 0.0004  max mem: 31302
Epoch: [12]  [1080/5625]  eta: 1:15:04  lr: 0.000008  train_loss: 0.1220 (0.1706)  train_iou: 0.6089 (0.6564)  time: 0.9833  data: 0.0004  max mem: 31302
Epoch: [12]  [1100/5625]  eta: 1:14:43  lr: 0.000008  train_loss: 0.1005 (0.1704)  train_iou: 0.7302 (0.6574)  time: 0.9841  data: 0.0004  max mem: 31302
Epoch: [12]  [1120/5625]  eta: 1:14:24  lr: 0.000008  train_loss: 0.1262 (0.1702)  train_iou: 0.7155 (0.6586)  time: 0.9889  data: 0.0004  max mem: 31302
Epoch: [12]  [1140/5625]  eta: 1:14:02  lr: 0.000008  train_loss: 0.1197 (0.1700)  train_iou: 0.6677 (0.6586)  time: 0.9694  data: 0.0004  max mem: 31302
Epoch: [12]  [1160/5625]  eta: 1:13:41  lr: 0.000008  train_loss: 0.1214 (0.1701)  train_iou: 0.6587 (0.6589)  time: 0.9718  data: 0.0004  max mem: 31302
Epoch: [12]  [1180/5625]  eta: 1:13:20  lr: 0.000008  train_loss: 0.0996 (0.1698)  train_iou: 0.6057 (0.6586)  time: 0.9826  data: 0.0004  max mem: 31302
Epoch: [12]  [1200/5625]  eta: 1:13:00  lr: 0.000008  train_loss: 0.1073 (0.1698)  train_iou: 0.6654 (0.6592)  time: 0.9830  data: 0.0004  max mem: 31302
Epoch: [12]  [1220/5625]  eta: 1:12:39  lr: 0.000008  train_loss: 0.1111 (0.1695)  train_iou: 0.6735 (0.6597)  time: 0.9770  data: 0.0004  max mem: 31302
Epoch: [12]  [1240/5625]  eta: 1:12:18  lr: 0.000008  train_loss: 0.1524 (0.1695)  train_iou: 0.6633 (0.6599)  time: 0.9738  data: 0.0004  max mem: 31302
Epoch: [12]  [1260/5625]  eta: 1:11:58  lr: 0.000008  train_loss: 0.1177 (0.1692)  train_iou: 0.6144 (0.6594)  time: 0.9756  data: 0.0004  max mem: 31302
Epoch: [12]  [1280/5625]  eta: 1:11:37  lr: 0.000008  train_loss: 0.0908 (0.1686)  train_iou: 0.6666 (0.6598)  time: 0.9827  data: 0.0004  max mem: 31302
Epoch: [12]  [1300/5625]  eta: 1:11:17  lr: 0.000008  train_loss: 0.1093 (0.1688)  train_iou: 0.6889 (0.6599)  time: 0.9806  data: 0.0004  max mem: 31302
Epoch: [12]  [1320/5625]  eta: 1:10:57  lr: 0.000008  train_loss: 0.1347 (0.1695)  train_iou: 0.6736 (0.6601)  time: 0.9851  data: 0.0005  max mem: 31302
Epoch: [12]  [1340/5625]  eta: 1:10:37  lr: 0.000008  train_loss: 0.1303 (0.1696)  train_iou: 0.6627 (0.6599)  time: 0.9845  data: 0.0004  max mem: 31302
Epoch: [12]  [1360/5625]  eta: 1:10:17  lr: 0.000008  train_loss: 0.1046 (0.1693)  train_iou: 0.5709 (0.6594)  time: 0.9837  data: 0.0004  max mem: 31302
Epoch: [12]  [1380/5625]  eta: 1:09:57  lr: 0.000008  train_loss: 0.1022 (0.1691)  train_iou: 0.7047 (0.6599)  time: 0.9905  data: 0.0004  max mem: 31302
Epoch: [12]  [1400/5625]  eta: 1:09:37  lr: 0.000008  train_loss: 0.1133 (0.1689)  train_iou: 0.6643 (0.6599)  time: 0.9816  data: 0.0004  max mem: 31302
Epoch: [12]  [1420/5625]  eta: 1:09:17  lr: 0.000008  train_loss: 0.1183 (0.1688)  train_iou: 0.6676 (0.6597)  time: 0.9848  data: 0.0004  max mem: 31302
Epoch: [12]  [1440/5625]  eta: 1:08:57  lr: 0.000008  train_loss: 0.1532 (0.1694)  train_iou: 0.7019 (0.6600)  time: 0.9872  data: 0.0004  max mem: 31302
Epoch: [12]  [1460/5625]  eta: 1:08:37  lr: 0.000008  train_loss: 0.1149 (0.1691)  train_iou: 0.6652 (0.6605)  time: 0.9763  data: 0.0004  max mem: 31302
Epoch: [12]  [1480/5625]  eta: 1:08:16  lr: 0.000008  train_loss: 0.1577 (0.1697)  train_iou: 0.6720 (0.6606)  time: 0.9784  data: 0.0004  max mem: 31302
Epoch: [12]  [1500/5625]  eta: 1:07:56  lr: 0.000008  train_loss: 0.0980 (0.1692)  train_iou: 0.6505 (0.6605)  time: 0.9773  data: 0.0004  max mem: 31302
Epoch: [12]  [1520/5625]  eta: 1:07:36  lr: 0.000008  train_loss: 0.1107 (0.1689)  train_iou: 0.6428 (0.6607)  time: 0.9851  data: 0.0004  max mem: 31302
Epoch: [12]  [1540/5625]  eta: 1:07:16  lr: 0.000008  train_loss: 0.1157 (0.1686)  train_iou: 0.6471 (0.6604)  time: 0.9822  data: 0.0004  max mem: 31302
Epoch: [12]  [1560/5625]  eta: 1:06:56  lr: 0.000008  train_loss: 0.0943 (0.1682)  train_iou: 0.7023 (0.6611)  time: 0.9804  data: 0.0004  max mem: 31302
Epoch: [12]  [1580/5625]  eta: 1:06:36  lr: 0.000008  train_loss: 0.1027 (0.1685)  train_iou: 0.6873 (0.6615)  time: 0.9801  data: 0.0004  max mem: 31302
Epoch: [12]  [1600/5625]  eta: 1:06:16  lr: 0.000008  train_loss: 0.1134 (0.1682)  train_iou: 0.6912 (0.6618)  time: 0.9820  data: 0.0004  max mem: 31302
Epoch: [12]  [1620/5625]  eta: 1:05:55  lr: 0.000008  train_loss: 0.2404 (0.1692)  train_iou: 0.5844 (0.6614)  time: 0.9795  data: 0.0004  max mem: 31302
Epoch: [12]  [1640/5625]  eta: 1:05:35  lr: 0.000008  train_loss: 0.1365 (0.1692)  train_iou: 0.6126 (0.6611)  time: 0.9817  data: 0.0004  max mem: 31302
Epoch: [12]  [1660/5625]  eta: 1:05:15  lr: 0.000008  train_loss: 0.1433 (0.1691)  train_iou: 0.6857 (0.6614)  time: 0.9817  data: 0.0004  max mem: 31302
Epoch: [12]  [1680/5625]  eta: 1:04:55  lr: 0.000008  train_loss: 0.1437 (0.1691)  train_iou: 0.7306 (0.6621)  time: 0.9840  data: 0.0004  max mem: 31302
Epoch: [12]  [1700/5625]  eta: 1:04:36  lr: 0.000008  train_loss: 0.1201 (0.1689)  train_iou: 0.6323 (0.6620)  time: 0.9868  data: 0.0004  max mem: 31302
Epoch: [12]  [1720/5625]  eta: 1:04:16  lr: 0.000008  train_loss: 0.1213 (0.1689)  train_iou: 0.6523 (0.6617)  time: 0.9832  data: 0.0004  max mem: 31302
Epoch: [12]  [1740/5625]  eta: 1:03:56  lr: 0.000008  train_loss: 0.1362 (0.1689)  train_iou: 0.6149 (0.6615)  time: 0.9872  data: 0.0004  max mem: 31302
Epoch: [12]  [1760/5625]  eta: 1:03:36  lr: 0.000008  train_loss: 0.0964 (0.1689)  train_iou: 0.6198 (0.6607)  time: 0.9841  data: 0.0004  max mem: 31302
Epoch: [12]  [1780/5625]  eta: 1:03:16  lr: 0.000008  train_loss: 0.1353 (0.1692)  train_iou: 0.6362 (0.6603)  time: 0.9879  data: 0.0004  max mem: 31302
Epoch: [12]  [1800/5625]  eta: 1:02:56  lr: 0.000008  train_loss: 0.1043 (0.1688)  train_iou: 0.6649 (0.6603)  time: 0.9859  data: 0.0004  max mem: 31302
Epoch: [12]  [1820/5625]  eta: 1:02:37  lr: 0.000008  train_loss: 0.1598 (0.1692)  train_iou: 0.6756 (0.6604)  time: 0.9897  data: 0.0004  max mem: 31302
Epoch: [12]  [1840/5625]  eta: 1:02:17  lr: 0.000008  train_loss: 0.0991 (0.1693)  train_iou: 0.6967 (0.6608)  time: 0.9818  data: 0.0004  max mem: 31302
Epoch: [12]  [1860/5625]  eta: 1:01:57  lr: 0.000008  train_loss: 0.1367 (0.1691)  train_iou: 0.6589 (0.6607)  time: 0.9865  data: 0.0004  max mem: 31302
Epoch: [12]  [1880/5625]  eta: 1:01:37  lr: 0.000008  train_loss: 0.1420 (0.1691)  train_iou: 0.6846 (0.6610)  time: 0.9830  data: 0.0004  max mem: 31302
Epoch: [12]  [1900/5625]  eta: 1:01:17  lr: 0.000008  train_loss: 0.1023 (0.1690)  train_iou: 0.6704 (0.6612)  time: 0.9794  data: 0.0004  max mem: 31302
Epoch: [12]  [1920/5625]  eta: 1:00:57  lr: 0.000008  train_loss: 0.1254 (0.1689)  train_iou: 0.6284 (0.6609)  time: 0.9710  data: 0.0004  max mem: 31302
Epoch: [12]  [1940/5625]  eta: 1:00:37  lr: 0.000008  train_loss: 0.1186 (0.1690)  train_iou: 0.6549 (0.6609)  time: 0.9917  data: 0.0004  max mem: 31302
Epoch: [12]  [1960/5625]  eta: 1:00:17  lr: 0.000008  train_loss: 0.1210 (0.1698)  train_iou: 0.6607 (0.6611)  time: 0.9811  data: 0.0004  max mem: 31302
Epoch: [12]  [1980/5625]  eta: 0:59:57  lr: 0.000008  train_loss: 0.1120 (0.1697)  train_iou: 0.6665 (0.6612)  time: 0.9873  data: 0.0004  max mem: 31302
Epoch: [12]  [2000/5625]  eta: 0:59:38  lr: 0.000008  train_loss: 0.1175 (0.1701)  train_iou: 0.5966 (0.6609)  time: 0.9919  data: 0.0004  max mem: 31302
Epoch: [12]  [2020/5625]  eta: 0:59:18  lr: 0.000008  train_loss: 0.1437 (0.1703)  train_iou: 0.6261 (0.6606)  time: 0.9890  data: 0.0004  max mem: 31302
Epoch: [12]  [2040/5625]  eta: 0:58:58  lr: 0.000008  train_loss: 0.1325 (0.1703)  train_iou: 0.6357 (0.6604)  time: 0.9846  data: 0.0004  max mem: 31302
Epoch: [12]  [2060/5625]  eta: 0:58:39  lr: 0.000008  train_loss: 0.1141 (0.1706)  train_iou: 0.6525 (0.6605)  time: 0.9875  data: 0.0004  max mem: 31302
Epoch: [12]  [2080/5625]  eta: 0:58:19  lr: 0.000008  train_loss: 0.1210 (0.1705)  train_iou: 0.6652 (0.6605)  time: 0.9871  data: 0.0004  max mem: 31302
Epoch: [12]  [2100/5625]  eta: 0:57:59  lr: 0.000008  train_loss: 0.1301 (0.1705)  train_iou: 0.7134 (0.6606)  time: 0.9835  data: 0.0004  max mem: 31302
Epoch: [12]  [2120/5625]  eta: 0:57:39  lr: 0.000008  train_loss: 0.1421 (0.1706)  train_iou: 0.6305 (0.6604)  time: 0.9863  data: 0.0005  max mem: 31302
Epoch: [12]  [2140/5625]  eta: 0:57:19  lr: 0.000008  train_loss: 0.1712 (0.1712)  train_iou: 0.6641 (0.6603)  time: 0.9822  data: 0.0004  max mem: 31302
Epoch: [12]  [2160/5625]  eta: 0:57:00  lr: 0.000008  train_loss: 0.1432 (0.1714)  train_iou: 0.6056 (0.6600)  time: 0.9880  data: 0.0004  max mem: 31302
Epoch: [12]  [2180/5625]  eta: 0:56:40  lr: 0.000008  train_loss: 0.1163 (0.1713)  train_iou: 0.6685 (0.6601)  time: 0.9838  data: 0.0004  max mem: 31302
Epoch: [12]  [2200/5625]  eta: 0:56:20  lr: 0.000008  train_loss: 0.1818 (0.1717)  train_iou: 0.6488 (0.6602)  time: 0.9871  data: 0.0004  max mem: 31302
Epoch: [12]  [2220/5625]  eta: 0:56:00  lr: 0.000008  train_loss: 0.1473 (0.1717)  train_iou: 0.6625 (0.6599)  time: 0.9834  data: 0.0004  max mem: 31302
Epoch: [12]  [2240/5625]  eta: 0:55:40  lr: 0.000008  train_loss: 0.1604 (0.1718)  train_iou: 0.6591 (0.6599)  time: 0.9865  data: 0.0004  max mem: 31302
Epoch: [12]  [2260/5625]  eta: 0:55:21  lr: 0.000008  train_loss: 0.2241 (0.1720)  train_iou: 0.6371 (0.6599)  time: 0.9826  data: 0.0004  max mem: 31302
Epoch: [12]  [2280/5625]  eta: 0:55:00  lr: 0.000008  train_loss: 0.1089 (0.1719)  train_iou: 0.6694 (0.6600)  time: 0.9768  data: 0.0004  max mem: 31302
Epoch: [12]  [2300/5625]  eta: 0:54:41  lr: 0.000008  train_loss: 0.1145 (0.1719)  train_iou: 0.6442 (0.6599)  time: 0.9853  data: 0.0004  max mem: 31302
Epoch: [12]  [2320/5625]  eta: 0:54:21  lr: 0.000008  train_loss: 0.1236 (0.1719)  train_iou: 0.6627 (0.6600)  time: 0.9799  data: 0.0004  max mem: 31302
Epoch: [12]  [2340/5625]  eta: 0:54:01  lr: 0.000008  train_loss: 0.1127 (0.1717)  train_iou: 0.6870 (0.6604)  time: 0.9868  data: 0.0004  max mem: 31302
Epoch: [12]  [2360/5625]  eta: 0:53:41  lr: 0.000008  train_loss: 0.1191 (0.1717)  train_iou: 0.6499 (0.6601)  time: 0.9848  data: 0.0004  max mem: 31302
Epoch: [12]  [2380/5625]  eta: 0:53:21  lr: 0.000008  train_loss: 0.1511 (0.1715)  train_iou: 0.6717 (0.6599)  time: 0.9863  data: 0.0004  max mem: 31302
Epoch: [12]  [2400/5625]  eta: 0:53:02  lr: 0.000008  train_loss: 0.1443 (0.1717)  train_iou: 0.5907 (0.6598)  time: 0.9910  data: 0.0004  max mem: 31302
Epoch: [12]  [2420/5625]  eta: 0:52:42  lr: 0.000008  train_loss: 0.1098 (0.1717)  train_iou: 0.6593 (0.6596)  time: 0.9881  data: 0.0004  max mem: 31302
Epoch: [12]  [2440/5625]  eta: 0:52:22  lr: 0.000008  train_loss: 0.1492 (0.1720)  train_iou: 0.7350 (0.6598)  time: 0.9812  data: 0.0004  max mem: 31302
Epoch: [12]  [2460/5625]  eta: 0:52:03  lr: 0.000008  train_loss: 0.1420 (0.1720)  train_iou: 0.6861 (0.6602)  time: 0.9862  data: 0.0004  max mem: 31302
Epoch: [12]  [2480/5625]  eta: 0:51:43  lr: 0.000008  train_loss: 0.1037 (0.1720)  train_iou: 0.6792 (0.6606)  time: 0.9858  data: 0.0004  max mem: 31302
Epoch: [12]  [2500/5625]  eta: 0:51:23  lr: 0.000008  train_loss: 0.1090 (0.1719)  train_iou: 0.7070 (0.6608)  time: 1.0003  data: 0.0004  max mem: 31302
Epoch: [12]  [2520/5625]  eta: 0:51:04  lr: 0.000008  train_loss: 0.1374 (0.1720)  train_iou: 0.7073 (0.6611)  time: 1.0011  data: 0.0004  max mem: 31302
Epoch: [12]  [2540/5625]  eta: 0:50:45  lr: 0.000008  train_loss: 0.1492 (0.1721)  train_iou: 0.6638 (0.6612)  time: 0.9975  data: 0.0004  max mem: 31302
Epoch: [12]  [2560/5625]  eta: 0:50:25  lr: 0.000008  train_loss: 0.1362 (0.1723)  train_iou: 0.6209 (0.6610)  time: 0.9988  data: 0.0004  max mem: 31302
Epoch: [12]  [2580/5625]  eta: 0:50:06  lr: 0.000008  train_loss: 0.1266 (0.1722)  train_iou: 0.6725 (0.6612)  time: 1.0021  data: 0.0004  max mem: 31302
Epoch: [12]  [2600/5625]  eta: 0:49:46  lr: 0.000008  train_loss: 0.1068 (0.1720)  train_iou: 0.6527 (0.6611)  time: 0.9950  data: 0.0004  max mem: 31302
Epoch: [12]  [2620/5625]  eta: 0:49:27  lr: 0.000008  train_loss: 0.1018 (0.1718)  train_iou: 0.6721 (0.6611)  time: 0.9935  data: 0.0004  max mem: 31302
Epoch: [12]  [2640/5625]  eta: 0:49:07  lr: 0.000008  train_loss: 0.2282 (0.1724)  train_iou: 0.6262 (0.6606)  time: 0.9957  data: 0.0004  max mem: 31302
Epoch: [12]  [2660/5625]  eta: 0:48:47  lr: 0.000008  train_loss: 0.1179 (0.1726)  train_iou: 0.6518 (0.6605)  time: 0.9915  data: 0.0004  max mem: 31302
Epoch: [12]  [2680/5625]  eta: 0:48:28  lr: 0.000008  train_loss: 0.1247 (0.1726)  train_iou: 0.6307 (0.6605)  time: 0.9913  data: 0.0004  max mem: 31302
Epoch: [12]  [2700/5625]  eta: 0:48:08  lr: 0.000008  train_loss: 0.1385 (0.1726)  train_iou: 0.6121 (0.6602)  time: 0.9968  data: 0.0004  max mem: 31302
Epoch: [12]  [2720/5625]  eta: 0:47:48  lr: 0.000008  train_loss: 0.1890 (0.1729)  train_iou: 0.7049 (0.6604)  time: 0.9927  data: 0.0004  max mem: 31302
Epoch: [12]  [2740/5625]  eta: 0:47:29  lr: 0.000008  train_loss: 0.1246 (0.1729)  train_iou: 0.6689 (0.6602)  time: 0.9952  data: 0.0004  max mem: 31302
Epoch: [12]  [2760/5625]  eta: 0:47:09  lr: 0.000008  train_loss: 0.1741 (0.1734)  train_iou: 0.6419 (0.6601)  time: 0.9911  data: 0.0004  max mem: 31302
Epoch: [12]  [2780/5625]  eta: 0:46:50  lr: 0.000008  train_loss: 0.1252 (0.1732)  train_iou: 0.6519 (0.6599)  time: 0.9923  data: 0.0004  max mem: 31302
Epoch: [12]  [2800/5625]  eta: 0:46:33  lr: 0.000008  train_loss: 0.1448 (0.1733)  train_iou: 0.6703 (0.6600)  time: 1.1596  data: 0.0004  max mem: 31302
Epoch: [12]  [2820/5625]  eta: 0:46:14  lr: 0.000008  train_loss: 0.1036 (0.1733)  train_iou: 0.6457 (0.6599)  time: 0.9977  data: 0.0004  max mem: 31302
Epoch: [12]  [2840/5625]  eta: 0:45:54  lr: 0.000008  train_loss: 0.1289 (0.1733)  train_iou: 0.7333 (0.6603)  time: 0.9921  data: 0.0004  max mem: 31302
Epoch: [12]  [2860/5625]  eta: 0:45:34  lr: 0.000008  train_loss: 0.1611 (0.1735)  train_iou: 0.6361 (0.6601)  time: 0.9899  data: 0.0004  max mem: 31302
Epoch: [12]  [2880/5625]  eta: 0:45:14  lr: 0.000008  train_loss: 0.1712 (0.1736)  train_iou: 0.6426 (0.6598)  time: 0.9880  data: 0.0004  max mem: 31302
Epoch: [12]  [2900/5625]  eta: 0:44:55  lr: 0.000008  train_loss: 0.1434 (0.1735)  train_iou: 0.6507 (0.6596)  time: 0.9933  data: 0.0004  max mem: 31302
Epoch: [12]  [2920/5625]  eta: 0:44:35  lr: 0.000008  train_loss: 0.1579 (0.1735)  train_iou: 0.6601 (0.6594)  time: 0.9948  data: 0.0004  max mem: 31302
Epoch: [12]  [2940/5625]  eta: 0:44:15  lr: 0.000008  train_loss: 0.1276 (0.1735)  train_iou: 0.6672 (0.6594)  time: 0.9949  data: 0.0004  max mem: 31302
Epoch: [12]  [2960/5625]  eta: 0:43:56  lr: 0.000008  train_loss: 0.0903 (0.1734)  train_iou: 0.6725 (0.6596)  time: 0.9940  data: 0.0004  max mem: 31302
Epoch: [12]  [2980/5625]  eta: 0:43:36  lr: 0.000008  train_loss: 0.1373 (0.1736)  train_iou: 0.6397 (0.6595)  time: 0.9969  data: 0.0004  max mem: 31302
Epoch: [12]  [3000/5625]  eta: 0:43:16  lr: 0.000008  train_loss: 0.1172 (0.1734)  train_iou: 0.6557 (0.6595)  time: 0.9953  data: 0.0004  max mem: 31302
Epoch: [12]  [3020/5625]  eta: 0:42:56  lr: 0.000008  train_loss: 0.1417 (0.1734)  train_iou: 0.6949 (0.6596)  time: 0.9900  data: 0.0004  max mem: 31302
Epoch: [12]  [3040/5625]  eta: 0:42:37  lr: 0.000008  train_loss: 0.1415 (0.1736)  train_iou: 0.6811 (0.6595)  time: 0.9910  data: 0.0004  max mem: 31302
Epoch: [12]  [3060/5625]  eta: 0:42:17  lr: 0.000008  train_loss: 0.1072 (0.1733)  train_iou: 0.6713 (0.6596)  time: 0.9920  data: 0.0004  max mem: 31302
Epoch: [12]  [3080/5625]  eta: 0:41:57  lr: 0.000008  train_loss: 0.1291 (0.1733)  train_iou: 0.6688 (0.6596)  time: 0.9951  data: 0.0004  max mem: 31302
Epoch: [12]  [3100/5625]  eta: 0:41:38  lr: 0.000008  train_loss: 0.0907 (0.1732)  train_iou: 0.6562 (0.6596)  time: 0.9927  data: 0.0004  max mem: 31302
Epoch: [12]  [3120/5625]  eta: 0:41:18  lr: 0.000008  train_loss: 0.1587 (0.1735)  train_iou: 0.5964 (0.6592)  time: 0.9939  data: 0.0004  max mem: 31302
Epoch: [12]  [3140/5625]  eta: 0:40:58  lr: 0.000008  train_loss: 0.1135 (0.1735)  train_iou: 0.6658 (0.6593)  time: 0.9961  data: 0.0004  max mem: 31302
Epoch: [12]  [3160/5625]  eta: 0:40:38  lr: 0.000008  train_loss: 0.1328 (0.1734)  train_iou: 0.6549 (0.6591)  time: 0.9912  data: 0.0004  max mem: 31302
Epoch: [12]  [3180/5625]  eta: 0:40:19  lr: 0.000008  train_loss: 0.2361 (0.1738)  train_iou: 0.6148 (0.6587)  time: 0.9931  data: 0.0004  max mem: 31302
Epoch: [12]  [3200/5625]  eta: 0:39:59  lr: 0.000008  train_loss: 0.2661 (0.1744)  train_iou: 0.6238 (0.6585)  time: 0.9967  data: 0.0004  max mem: 31302
Epoch: [12]  [3220/5625]  eta: 0:39:39  lr: 0.000008  train_loss: 0.1207 (0.1746)  train_iou: 0.5576 (0.6581)  time: 0.9966  data: 0.0004  max mem: 31302
Epoch: [12]  [3240/5625]  eta: 0:39:20  lr: 0.000008  train_loss: 0.1392 (0.1746)  train_iou: 0.6781 (0.6582)  time: 0.9907  data: 0.0004  max mem: 31302
Epoch: [12]  [3260/5625]  eta: 0:39:00  lr: 0.000008  train_loss: 0.1094 (0.1743)  train_iou: 0.6623 (0.6582)  time: 0.9889  data: 0.0004  max mem: 31302
Epoch: [12]  [3280/5625]  eta: 0:38:40  lr: 0.000008  train_loss: 0.1811 (0.1745)  train_iou: 0.6554 (0.6582)  time: 0.9950  data: 0.0004  max mem: 31302
Epoch: [12]  [3300/5625]  eta: 0:38:20  lr: 0.000008  train_loss: 0.1205 (0.1744)  train_iou: 0.6465 (0.6582)  time: 0.9886  data: 0.0004  max mem: 31302
Epoch: [12]  [3320/5625]  eta: 0:38:00  lr: 0.000008  train_loss: 0.1328 (0.1743)  train_iou: 0.6665 (0.6582)  time: 0.9890  data: 0.0004  max mem: 31302
Epoch: [12]  [3340/5625]  eta: 0:37:41  lr: 0.000008  train_loss: 0.2058 (0.1746)  train_iou: 0.6913 (0.6583)  time: 0.9882  data: 0.0004  max mem: 31302
Epoch: [12]  [3360/5625]  eta: 0:37:21  lr: 0.000008  train_loss: 0.1061 (0.1744)  train_iou: 0.7256 (0.6585)  time: 0.9994  data: 0.0004  max mem: 31302
Epoch: [12]  [3380/5625]  eta: 0:37:01  lr: 0.000008  train_loss: 0.1038 (0.1742)  train_iou: 0.6723 (0.6586)  time: 0.9941  data: 0.0004  max mem: 31302
Epoch: [12]  [3400/5625]  eta: 0:36:41  lr: 0.000008  train_loss: 0.0927 (0.1742)  train_iou: 0.5763 (0.6584)  time: 0.9903  data: 0.0004  max mem: 31302
Epoch: [12]  [3420/5625]  eta: 0:36:22  lr: 0.000008  train_loss: 0.1231 (0.1742)  train_iou: 0.7275 (0.6586)  time: 0.9977  data: 0.0004  max mem: 31302
Epoch: [12]  [3440/5625]  eta: 0:36:02  lr: 0.000008  train_loss: 0.1581 (0.1744)  train_iou: 0.7009 (0.6588)  time: 0.9927  data: 0.0004  max mem: 31302
Epoch: [12]  [3460/5625]  eta: 0:35:42  lr: 0.000008  train_loss: 0.0958 (0.1743)  train_iou: 0.6719 (0.6589)  time: 0.9880  data: 0.0004  max mem: 31302
Epoch: [12]  [3480/5625]  eta: 0:35:22  lr: 0.000008  train_loss: 0.1043 (0.1742)  train_iou: 0.6735 (0.6589)  time: 0.9921  data: 0.0004  max mem: 31302
Epoch: [12]  [3500/5625]  eta: 0:35:03  lr: 0.000008  train_loss: 0.1770 (0.1743)  train_iou: 0.6093 (0.6587)  time: 0.9855  data: 0.0005  max mem: 31302
Epoch: [12]  [3520/5625]  eta: 0:34:43  lr: 0.000008  train_loss: 0.1651 (0.1744)  train_iou: 0.6308 (0.6587)  time: 0.9880  data: 0.0004  max mem: 31302
Epoch: [12]  [3540/5625]  eta: 0:34:23  lr: 0.000008  train_loss: 0.1417 (0.1743)  train_iou: 0.6757 (0.6586)  time: 0.9922  data: 0.0004  max mem: 31302
Epoch: [12]  [3560/5625]  eta: 0:34:03  lr: 0.000008  train_loss: 0.1305 (0.1744)  train_iou: 0.6549 (0.6585)  time: 0.9785  data: 0.0004  max mem: 31302
Epoch: [12]  [3580/5625]  eta: 0:33:43  lr: 0.000008  train_loss: 0.1102 (0.1742)  train_iou: 0.6551 (0.6584)  time: 0.9921  data: 0.0004  max mem: 31302
Epoch: [12]  [3600/5625]  eta: 0:33:24  lr: 0.000008  train_loss: 0.1195 (0.1742)  train_iou: 0.6874 (0.6586)  time: 0.9920  data: 0.0004  max mem: 31302
Epoch: [12]  [3620/5625]  eta: 0:33:04  lr: 0.000008  train_loss: 0.1047 (0.1742)  train_iou: 0.5633 (0.6583)  time: 0.9943  data: 0.0004  max mem: 31302
Epoch: [12]  [3640/5625]  eta: 0:32:44  lr: 0.000008  train_loss: 0.0968 (0.1739)  train_iou: 0.6548 (0.6581)  time: 0.9969  data: 0.0004  max mem: 31302
Epoch: [12]  [3660/5625]  eta: 0:32:24  lr: 0.000008  train_loss: 0.0991 (0.1739)  train_iou: 0.6663 (0.6582)  time: 0.9862  data: 0.0004  max mem: 31302
Epoch: [12]  [3680/5625]  eta: 0:32:04  lr: 0.000008  train_loss: 0.1576 (0.1740)  train_iou: 0.6833 (0.6583)  time: 0.9878  data: 0.0004  max mem: 31302
Epoch: [12]  [3700/5625]  eta: 0:31:45  lr: 0.000008  train_loss: 0.0958 (0.1738)  train_iou: 0.7334 (0.6585)  time: 0.9864  data: 0.0004  max mem: 31302
Epoch: [12]  [3720/5625]  eta: 0:31:25  lr: 0.000008  train_loss: 0.1468 (0.1740)  train_iou: 0.6386 (0.6584)  time: 0.9741  data: 0.0004  max mem: 31302
Epoch: [12]  [3740/5625]  eta: 0:31:05  lr: 0.000008  train_loss: 0.1316 (0.1739)  train_iou: 0.6573 (0.6586)  time: 0.9723  data: 0.0004  max mem: 31302
slurmstepd: error: *** JOB 48370024 ON d1006 CANCELLED AT 2025-04-21T08:30:11 DUE TO TIME LIMIT ***
