Architecture:          x86_64
CPU op-mode(s):        32-bit, 64-bit
Byte Order:            Little Endian
CPU(s):                28
On-line CPU(s) list:   0-27
Thread(s) per core:    1
Core(s) per socket:    14
Socket(s):             2
NUMA node(s):          2
Vendor ID:             GenuineIntel
CPU family:            6
Model:                 85
Model name:            Intel(R) Xeon(R) Gold 6132 CPU @ 2.60GHz
Stepping:              4
CPU MHz:               999.914
CPU max MHz:           3700.0000
CPU min MHz:           1000.0000
BogoMIPS:              5200.00
Virtualization:        VT-x
L1d cache:             32K
L1i cache:             32K
L2 cache:              1024K
L3 cache:              19712K
NUMA node0 CPU(s):     0,2,4,6,8,10,12,14,16,18,20,22,24,26
NUMA node1 CPU(s):     1,3,5,7,9,11,13,15,17,19,21,23,25,27
Flags:                 fpu vme de pse tsc msr pae mce cx8 apic sep mtrr pge mca cmov pat pse36 clflush dts acpi mmx fxsr sse sse2 ss ht tm pbe syscall nx pdpe1gb rdtscp lm constant_tsc art arch_perfmon pebs bts rep_good nopl xtopology nonstop_tsc aperfmperf eagerfpu pni pclmulqdq dtes64 monitor ds_cpl vmx smx est tm2 ssse3 sdbg fma cx16 xtpr pdcm pcid dca sse4_1 sse4_2 x2apic movbe popcnt tsc_deadline_timer aes xsave avx f16c rdrand lahf_lm abm 3dnowprefetch epb cat_l3 cdp_l3 invpcid_single intel_ppin intel_pt ssbd mba ibrs ibpb stibp tpr_shadow vnmi flexpriority ept vpid fsgsbase tsc_adjust bmi1 hle avx2 smep bmi2 erms invpcid rtm cqm mpx rdt_a avx512f avx512dq rdseed adx smap clflushopt clwb avx512cd avx512bw avx512vl xsaveopt xsavec xgetbv1 cqm_llc cqm_occup_llc cqm_mbm_total cqm_mbm_local dtherm ida arat pln pts pku ospke md_clear spec_ctrl intel_stibp flush_l1d arch_capabilities
Mon Apr 21 00:26:57 2025       
+---------------------------------------------------------------------------------------+
| NVIDIA-SMI 545.23.08              Driver Version: 545.23.08    CUDA Version: 12.3     |
|-----------------------------------------+----------------------+----------------------+
| GPU  Name                 Persistence-M | Bus-Id        Disp.A | Volatile Uncorr. ECC |
| Fan  Temp   Perf          Pwr:Usage/Cap |         Memory-Usage | GPU-Util  Compute M. |
|                                         |                      |               MIG M. |
|=========================================+======================+======================|
|   0  Tesla V100-SXM2-32GB           Off | 00000000:AF:00.0 Off |                    0 |
| N/A   40C    P0              64W / 300W |      0MiB / 32768MiB |      2%      Default |
|                                         |                      |                  N/A |
+-----------------------------------------+----------------------+----------------------+
                                                                                         
+---------------------------------------------------------------------------------------+
| Processes:                                                                            |
|  GPU   GI   CI        PID   Type   Process name                            GPU Memory |
|        ID   ID                                                             Usage      |
|=======================================================================================|
|  No running processes found                                                           |
+---------------------------------------------------------------------------------------+
/home/akula.ha/.conda/envs/refseg/lib/python3.10/site-packages/torch/distributed/launch.py:181: FutureWarning: The module torch.distributed.launch is deprecated
and will be removed in future. Use torchrun.
Note that --use-env is set by default in torchrun.
If your script expects `--local-rank` argument to be set, please
change it to read from `os.environ['LOCAL_RANK']` instead. See 
https://pytorch.org/docs/stable/distributed.html#launch-utility for 
further instructions

  warnings.warn(
| distributed init (rank 0): env://
Namespace(batch_size=8, epochs=50, model='ReMamber_Conv', pretrain_path='./pretrain', input_size=480, drop=0.0, drop_path=0.1, model_ema=False, model_ema_decay=0.9999, model_ema_force_cpu=False, opt='adamw', opt_eps=1e-08, opt_betas=None, clip_grad=None, momentum=0.9, weight_decay=0.0001, sched='cosine', lr=9e-06, lr_decoder=5e-05, lr_backbone=2.5e-05, lr_vssm=2.5e-05, warmup_lr=1e-06, min_lr=1e-06, decay_epochs=30, warmup_epochs=0, cooldown_epochs=10, patience_epochs=10, decay_rate=0.1, train_mode=True, finetune='pretrain/ReMamber_Conv.pth', data_path='./ref_dataset/data', data_set='refzom', output_dir='./outputs', device='cuda', seed=0, resume='outputs/checkpoint_model:bc7317b7.pth', start_epoch=0, eval=False, dist_eval=False, num_workers=8, pin_mem=True, distributed=True, world_size=1, dist_url='env://', if_amp=True, debug_mode=False, local_rank=0, model_title='model', logging='model', decoder_adapter=False, continue_lr=None, partial_freeze=True, single_epoch=False, lite_baseline=False, rank=0, gpu=0, dist_backend='nccl')
True val
./ref_dataset/data refzom zom
loading dataset refzom into memory...
creating index...
index created.
DONE (t=9.78s)
Preparing dataset ......
False val
./ref_dataset/data refzom zom
loading dataset refzom into memory...
creating index...
index created.
DONE (t=9.69s)
Preparing dataset ......
length of train set: 57624
length of val set: 15406
/home/akula.ha/.conda/envs/refseg/lib/python3.10/site-packages/torch/utils/data/dataloader.py:557: UserWarning: This DataLoader will create 8 worker processes in total. Our suggested max number of worker in current system is 1, which is smaller than what this DataLoader is going to create. Please be aware that excessive worker creation might get DataLoader running slow or even freeze, lower the worker number to avoid potential slowness/freeze if necessary.
  warnings.warn(_create_warning_msg(
Creating model: ReMamber_Conv
kwargs {}
number of params: 19461889
Loaded checkpoint from 'outputs/checkpoint_model:bc7317b7.pth'
Continuing training from epoch 8...
Model id is - model:c4791aaa
length of train set: 45000
length of val set: 4000
Start training for 50 epochs
Learning rate: 9e-06
/home/akula.ha/.conda/envs/refseg/lib/python3.10/site-packages/torch/autograd/__init__.py:251: UserWarning: Grad strides do not match bucket view strides. This may indicate grad was not created according to the gradient layout contract, or that the param's strides changed since DDP was constructed.  This is not an error, but may impair performance.
grad.sizes() = [512, 768, 1, 1], strides() = [768, 1, 768, 768]
bucket_view.sizes() = [512, 768, 1, 1], strides() = [768, 1, 1, 1] (Triggered internally at ../torch/csrc/distributed/c10d/reducer.cpp:320.)
  Variable._execution_engine.run_backward(  # Calls into the C++ engine to run the backward pass
Epoch: [8]  [   0/5625]  eta: 1 day, 6:45:11  lr: 0.000009  train_loss: 0.1695 (0.1695)  train_iou: 0.8616 (0.8616)  time: 19.6821  data: 6.7035  max mem: 21381
Epoch: [8]  [  20/5625]  eta: 2:12:28  lr: 0.000009  train_loss: 0.1951 (0.2055)  train_iou: 0.6727 (0.6882)  time: 0.5049  data: 0.0004  max mem: 21381
Epoch: [8]  [  40/5625]  eta: 1:30:31  lr: 0.000009  train_loss: 0.2555 (0.2159)  train_iou: 0.6618 (0.6630)  time: 0.5049  data: 0.0004  max mem: 21381
Epoch: [8]  [  60/5625]  eta: 1:15:54  lr: 0.000009  train_loss: 0.2118 (0.2229)  train_iou: 0.6257 (0.6589)  time: 0.5024  data: 0.0004  max mem: 21381
Epoch: [8]  [  80/5625]  eta: 1:08:29  lr: 0.000009  train_loss: 0.1359 (0.2156)  train_iou: 0.6642 (0.6671)  time: 0.5054  data: 0.0004  max mem: 21381
Epoch: [8]  [ 100/5625]  eta: 1:03:56  lr: 0.000009  train_loss: 0.2081 (0.2160)  train_iou: 0.6829 (0.6672)  time: 0.5047  data: 0.0004  max mem: 21381
Epoch: [8]  [ 120/5625]  eta: 1:00:56  lr: 0.000009  train_loss: 0.1363 (0.2134)  train_iou: 0.6337 (0.6658)  time: 0.5118  data: 0.0006  max mem: 21381
Epoch: [8]  [ 140/5625]  eta: 0:58:39  lr: 0.000009  train_loss: 0.1082 (0.2062)  train_iou: 0.6758 (0.6614)  time: 0.5058  data: 0.0006  max mem: 21381
Epoch: [8]  [ 160/5625]  eta: 0:56:57  lr: 0.000009  train_loss: 0.1344 (0.2028)  train_iou: 0.6088 (0.6574)  time: 0.5102  data: 0.0004  max mem: 21381
Epoch: [8]  [ 180/5625]  eta: 0:55:32  lr: 0.000009  train_loss: 0.2105 (0.2071)  train_iou: 0.5468 (0.6496)  time: 0.5051  data: 0.0009  max mem: 21381
Epoch: [8]  [ 200/5625]  eta: 0:54:21  lr: 0.000009  train_loss: 0.2237 (0.2095)  train_iou: 0.6976 (0.6535)  time: 0.5036  data: 0.0004  max mem: 21381
Epoch: [8]  [ 220/5625]  eta: 0:53:23  lr: 0.000009  train_loss: 0.1440 (0.2138)  train_iou: 0.6635 (0.6577)  time: 0.5063  data: 0.0005  max mem: 21381
Epoch: [8]  [ 240/5625]  eta: 0:52:32  lr: 0.000009  train_loss: 0.1771 (0.2136)  train_iou: 0.6565 (0.6560)  time: 0.5042  data: 0.0004  max mem: 21381
Epoch: [8]  [ 260/5625]  eta: 0:51:49  lr: 0.000009  train_loss: 0.1679 (0.2145)  train_iou: 0.6757 (0.6576)  time: 0.5101  data: 0.0004  max mem: 21381
Epoch: [8]  [ 280/5625]  eta: 0:51:09  lr: 0.000009  train_loss: 0.2100 (0.2145)  train_iou: 0.6791 (0.6587)  time: 0.5042  data: 0.0004  max mem: 21381
Epoch: [8]  [ 300/5625]  eta: 0:50:33  lr: 0.000009  train_loss: 0.1084 (0.2109)  train_iou: 0.6202 (0.6587)  time: 0.5053  data: 0.0004  max mem: 21381
Epoch: [8]  [ 320/5625]  eta: 0:50:01  lr: 0.000009  train_loss: 0.1144 (0.2077)  train_iou: 0.6837 (0.6619)  time: 0.5074  data: 0.0004  max mem: 21381
Epoch: [8]  [ 340/5625]  eta: 0:49:30  lr: 0.000009  train_loss: 0.1227 (0.2057)  train_iou: 0.6630 (0.6617)  time: 0.5025  data: 0.0005  max mem: 21381
Epoch: [8]  [ 360/5625]  eta: 0:49:02  lr: 0.000009  train_loss: 0.1785 (0.2065)  train_iou: 0.6458 (0.6596)  time: 0.5048  data: 0.0004  max mem: 21381
Epoch: [8]  [ 380/5625]  eta: 0:48:36  lr: 0.000009  train_loss: 0.1872 (0.2099)  train_iou: 0.5936 (0.6573)  time: 0.5055  data: 0.0004  max mem: 21381
Epoch: [8]  [ 400/5625]  eta: 0:48:12  lr: 0.000009  train_loss: 0.2281 (0.2129)  train_iou: 0.6013 (0.6544)  time: 0.5044  data: 0.0004  max mem: 21381
Epoch: [8]  [ 420/5625]  eta: 0:47:49  lr: 0.000009  train_loss: 0.1379 (0.2105)  train_iou: 0.6752 (0.6557)  time: 0.5074  data: 0.0008  max mem: 21381
Epoch: [8]  [ 440/5625]  eta: 0:47:28  lr: 0.000009  train_loss: 0.1936 (0.2105)  train_iou: 0.6407 (0.6555)  time: 0.5072  data: 0.0004  max mem: 21381
Epoch: [8]  [ 460/5625]  eta: 0:47:07  lr: 0.000009  train_loss: 0.1219 (0.2097)  train_iou: 0.6212 (0.6540)  time: 0.5063  data: 0.0005  max mem: 21381
Epoch: [8]  [ 480/5625]  eta: 0:46:48  lr: 0.000009  train_loss: 0.1096 (0.2081)  train_iou: 0.6624 (0.6533)  time: 0.5110  data: 0.0004  max mem: 21381
Epoch: [8]  [ 500/5625]  eta: 0:46:29  lr: 0.000009  train_loss: 0.1201 (0.2072)  train_iou: 0.6600 (0.6537)  time: 0.5049  data: 0.0004  max mem: 21381
Epoch: [8]  [ 520/5625]  eta: 0:46:11  lr: 0.000009  train_loss: 0.1003 (0.2052)  train_iou: 0.6336 (0.6535)  time: 0.5090  data: 0.0004  max mem: 21381
Epoch: [8]  [ 540/5625]  eta: 0:45:53  lr: 0.000009  train_loss: 0.1197 (0.2038)  train_iou: 0.6690 (0.6545)  time: 0.5066  data: 0.0004  max mem: 21381
Epoch: [8]  [ 560/5625]  eta: 0:45:36  lr: 0.000009  train_loss: 0.1781 (0.2033)  train_iou: 0.5687 (0.6530)  time: 0.5043  data: 0.0004  max mem: 21381
Epoch: [8]  [ 580/5625]  eta: 0:45:20  lr: 0.000009  train_loss: 0.1156 (0.2021)  train_iou: 0.6878 (0.6546)  time: 0.5107  data: 0.0004  max mem: 21381
Epoch: [8]  [ 600/5625]  eta: 0:45:04  lr: 0.000009  train_loss: 0.2085 (0.2026)  train_iou: 0.6584 (0.6548)  time: 0.5069  data: 0.0006  max mem: 21381
Epoch: [8]  [ 620/5625]  eta: 0:44:48  lr: 0.000009  train_loss: 0.1943 (0.2029)  train_iou: 0.6972 (0.6562)  time: 0.5065  data: 0.0009  max mem: 21381
Epoch: [8]  [ 640/5625]  eta: 0:44:32  lr: 0.000009  train_loss: 0.1327 (0.2017)  train_iou: 0.6594 (0.6565)  time: 0.5069  data: 0.0004  max mem: 21381
Epoch: [8]  [ 660/5625]  eta: 0:44:18  lr: 0.000009  train_loss: 0.1896 (0.2036)  train_iou: 0.6264 (0.6560)  time: 0.5082  data: 0.0004  max mem: 21381
Epoch: [8]  [ 680/5625]  eta: 0:44:03  lr: 0.000009  train_loss: 0.1407 (0.2024)  train_iou: 0.6664 (0.6558)  time: 0.5062  data: 0.0004  max mem: 21381
Epoch: [8]  [ 700/5625]  eta: 0:43:48  lr: 0.000009  train_loss: 0.1635 (0.2029)  train_iou: 0.6594 (0.6552)  time: 0.5077  data: 0.0004  max mem: 21381
Epoch: [8]  [ 720/5625]  eta: 0:43:34  lr: 0.000009  train_loss: 0.1473 (0.2021)  train_iou: 0.6432 (0.6557)  time: 0.5050  data: 0.0005  max mem: 21381
Epoch: [8]  [ 740/5625]  eta: 0:43:19  lr: 0.000009  train_loss: 0.1552 (0.2029)  train_iou: 0.6118 (0.6551)  time: 0.5062  data: 0.0004  max mem: 21381
Epoch: [8]  [ 760/5625]  eta: 0:43:05  lr: 0.000009  train_loss: 0.1620 (0.2028)  train_iou: 0.6737 (0.6560)  time: 0.5026  data: 0.0004  max mem: 21381
Epoch: [8]  [ 780/5625]  eta: 0:42:52  lr: 0.000009  train_loss: 0.1218 (0.2026)  train_iou: 0.6479 (0.6548)  time: 0.5108  data: 0.0008  max mem: 21381
Epoch: [8]  [ 800/5625]  eta: 0:42:38  lr: 0.000009  train_loss: 0.1601 (0.2024)  train_iou: 0.6596 (0.6546)  time: 0.5079  data: 0.0005  max mem: 21381
Epoch: [8]  [ 820/5625]  eta: 0:42:25  lr: 0.000009  train_loss: 0.1287 (0.2025)  train_iou: 0.6590 (0.6538)  time: 0.5072  data: 0.0006  max mem: 21381
Epoch: [8]  [ 840/5625]  eta: 0:42:12  lr: 0.000009  train_loss: 0.1177 (0.2017)  train_iou: 0.6863 (0.6544)  time: 0.5042  data: 0.0010  max mem: 21381
Epoch: [8]  [ 860/5625]  eta: 0:41:59  lr: 0.000009  train_loss: 0.1155 (0.2025)  train_iou: 0.6632 (0.6538)  time: 0.5124  data: 0.0005  max mem: 21381
Epoch: [8]  [ 880/5625]  eta: 0:41:46  lr: 0.000009  train_loss: 0.2238 (0.2031)  train_iou: 0.6485 (0.6527)  time: 0.5094  data: 0.0009  max mem: 21381
Epoch: [8]  [ 900/5625]  eta: 0:41:34  lr: 0.000009  train_loss: 0.1938 (0.2034)  train_iou: 0.6437 (0.6523)  time: 0.5099  data: 0.0006  max mem: 21381
Epoch: [8]  [ 920/5625]  eta: 0:41:22  lr: 0.000009  train_loss: 0.1380 (0.2035)  train_iou: 0.5657 (0.6516)  time: 0.5112  data: 0.0018  max mem: 21381
Epoch: [8]  [ 940/5625]  eta: 0:41:09  lr: 0.000009  train_loss: 0.1011 (0.2028)  train_iou: 0.6679 (0.6521)  time: 0.5059  data: 0.0015  max mem: 21381
Epoch: [8]  [ 960/5625]  eta: 0:40:57  lr: 0.000009  train_loss: 0.2194 (0.2031)  train_iou: 0.6598 (0.6518)  time: 0.5096  data: 0.0004  max mem: 21381
Epoch: [8]  [ 980/5625]  eta: 0:40:44  lr: 0.000009  train_loss: 0.1451 (0.2032)  train_iou: 0.5671 (0.6516)  time: 0.5044  data: 0.0006  max mem: 21381
Epoch: [8]  [1000/5625]  eta: 0:40:32  lr: 0.000009  train_loss: 0.2041 (0.2034)  train_iou: 0.6908 (0.6525)  time: 0.5071  data: 0.0004  max mem: 21381
Epoch: [8]  [1020/5625]  eta: 0:40:19  lr: 0.000009  train_loss: 0.1402 (0.2027)  train_iou: 0.7067 (0.6529)  time: 0.5020  data: 0.0016  max mem: 21381
Epoch: [8]  [1040/5625]  eta: 0:40:07  lr: 0.000009  train_loss: 0.1744 (0.2030)  train_iou: 0.6384 (0.6528)  time: 0.5079  data: 0.0004  max mem: 21381
Epoch: [8]  [1060/5625]  eta: 0:39:55  lr: 0.000009  train_loss: 0.1480 (0.2024)  train_iou: 0.6941 (0.6537)  time: 0.5102  data: 0.0004  max mem: 21381
Epoch: [8]  [1080/5625]  eta: 0:39:43  lr: 0.000009  train_loss: 0.2049 (0.2029)  train_iou: 0.6106 (0.6531)  time: 0.5086  data: 0.0004  max mem: 21381
Epoch: [8]  [1100/5625]  eta: 0:39:31  lr: 0.000009  train_loss: 0.1741 (0.2029)  train_iou: 0.6255 (0.6527)  time: 0.5066  data: 0.0005  max mem: 21381
Epoch: [8]  [1120/5625]  eta: 0:39:19  lr: 0.000009  train_loss: 0.1875 (0.2032)  train_iou: 0.6738 (0.6530)  time: 0.5055  data: 0.0004  max mem: 21381
Epoch: [8]  [1140/5625]  eta: 0:39:07  lr: 0.000009  train_loss: 0.1325 (0.2028)  train_iou: 0.6450 (0.6531)  time: 0.5029  data: 0.0006  max mem: 21381
Epoch: [8]  [1160/5625]  eta: 0:38:56  lr: 0.000009  train_loss: 0.1879 (0.2032)  train_iou: 0.6327 (0.6529)  time: 0.5062  data: 0.0005  max mem: 21381
Epoch: [8]  [1180/5625]  eta: 0:38:44  lr: 0.000009  train_loss: 0.1841 (0.2031)  train_iou: 0.6349 (0.6527)  time: 0.5063  data: 0.0004  max mem: 21381
Epoch: [8]  [1200/5625]  eta: 0:38:32  lr: 0.000009  train_loss: 0.1661 (0.2033)  train_iou: 0.5833 (0.6526)  time: 0.5065  data: 0.0006  max mem: 21381
Epoch: [8]  [1220/5625]  eta: 0:38:21  lr: 0.000009  train_loss: 0.2122 (0.2039)  train_iou: 0.5732 (0.6518)  time: 0.5085  data: 0.0004  max mem: 21381
Epoch: [8]  [1240/5625]  eta: 0:38:09  lr: 0.000009  train_loss: 0.1117 (0.2032)  train_iou: 0.6572 (0.6520)  time: 0.5045  data: 0.0004  max mem: 21381
Epoch: [8]  [1260/5625]  eta: 0:37:58  lr: 0.000009  train_loss: 0.1819 (0.2033)  train_iou: 0.6753 (0.6519)  time: 0.5086  data: 0.0004  max mem: 21381
Epoch: [8]  [1280/5625]  eta: 0:37:47  lr: 0.000009  train_loss: 0.1249 (0.2030)  train_iou: 0.6953 (0.6528)  time: 0.5131  data: 0.0004  max mem: 21381
Epoch: [8]  [1300/5625]  eta: 0:37:35  lr: 0.000009  train_loss: 0.1727 (0.2031)  train_iou: 0.5780 (0.6523)  time: 0.5059  data: 0.0014  max mem: 21381
Epoch: [8]  [1320/5625]  eta: 0:37:23  lr: 0.000009  train_loss: 0.1334 (0.2031)  train_iou: 0.6054 (0.6515)  time: 0.5014  data: 0.0004  max mem: 21381
Epoch: [8]  [1340/5625]  eta: 0:37:12  lr: 0.000009  train_loss: 0.1251 (0.2027)  train_iou: 0.6600 (0.6514)  time: 0.5034  data: 0.0004  max mem: 21381
Epoch: [8]  [1360/5625]  eta: 0:37:00  lr: 0.000009  train_loss: 0.1893 (0.2027)  train_iou: 0.6502 (0.6512)  time: 0.5074  data: 0.0018  max mem: 21381
Epoch: [8]  [1380/5625]  eta: 0:36:49  lr: 0.000009  train_loss: 0.1223 (0.2029)  train_iou: 0.6663 (0.6512)  time: 0.5074  data: 0.0004  max mem: 21381
Epoch: [8]  [1400/5625]  eta: 0:36:38  lr: 0.000009  train_loss: 0.1584 (0.2031)  train_iou: 0.6676 (0.6512)  time: 0.5108  data: 0.0009  max mem: 21381
Epoch: [8]  [1420/5625]  eta: 0:36:27  lr: 0.000009  train_loss: 0.1881 (0.2036)  train_iou: 0.6623 (0.6508)  time: 0.5033  data: 0.0004  max mem: 21381
Epoch: [8]  [1440/5625]  eta: 0:36:16  lr: 0.000009  train_loss: 0.1943 (0.2047)  train_iou: 0.6435 (0.6510)  time: 0.5049  data: 0.0010  max mem: 21381
Epoch: [8]  [1460/5625]  eta: 0:36:04  lr: 0.000009  train_loss: 0.1171 (0.2041)  train_iou: 0.7135 (0.6517)  time: 0.5060  data: 0.0005  max mem: 21381
Epoch: [8]  [1480/5625]  eta: 0:35:53  lr: 0.000009  train_loss: 0.1453 (0.2037)  train_iou: 0.6639 (0.6520)  time: 0.5095  data: 0.0016  max mem: 21381
Epoch: [8]  [1500/5625]  eta: 0:35:43  lr: 0.000009  train_loss: 0.1476 (0.2033)  train_iou: 0.6788 (0.6522)  time: 0.5111  data: 0.0006  max mem: 21381
Epoch: [8]  [1520/5625]  eta: 0:35:31  lr: 0.000009  train_loss: 0.1513 (0.2032)  train_iou: 0.6435 (0.6523)  time: 0.5050  data: 0.0005  max mem: 21381
Epoch: [8]  [1540/5625]  eta: 0:35:20  lr: 0.000009  train_loss: 0.1974 (0.2031)  train_iou: 0.6524 (0.6520)  time: 0.5061  data: 0.0019  max mem: 21381
Epoch: [8]  [1560/5625]  eta: 0:35:09  lr: 0.000009  train_loss: 0.1347 (0.2033)  train_iou: 0.6457 (0.6521)  time: 0.5009  data: 0.0018  max mem: 21381
Epoch: [8]  [1580/5625]  eta: 0:34:58  lr: 0.000009  train_loss: 0.2026 (0.2037)  train_iou: 0.6628 (0.6522)  time: 0.5029  data: 0.0004  max mem: 21381
Epoch: [8]  [1600/5625]  eta: 0:34:47  lr: 0.000009  train_loss: 0.2260 (0.2040)  train_iou: 0.6550 (0.6521)  time: 0.5044  data: 0.0005  max mem: 21381
Epoch: [8]  [1620/5625]  eta: 0:34:36  lr: 0.000009  train_loss: 0.1542 (0.2040)  train_iou: 0.6808 (0.6524)  time: 0.5082  data: 0.0021  max mem: 21381
Epoch: [8]  [1640/5625]  eta: 0:34:25  lr: 0.000009  train_loss: 0.1983 (0.2045)  train_iou: 0.6833 (0.6529)  time: 0.5053  data: 0.0022  max mem: 21381
Epoch: [8]  [1660/5625]  eta: 0:34:14  lr: 0.000009  train_loss: 0.1761 (0.2047)  train_iou: 0.6848 (0.6535)  time: 0.5045  data: 0.0007  max mem: 21381
Epoch: [8]  [1680/5625]  eta: 0:34:03  lr: 0.000009  train_loss: 0.1279 (0.2041)  train_iou: 0.7350 (0.6545)  time: 0.5011  data: 0.0011  max mem: 21381
Epoch: [8]  [1700/5625]  eta: 0:33:52  lr: 0.000009  train_loss: 0.1201 (0.2034)  train_iou: 0.6651 (0.6547)  time: 0.5057  data: 0.0018  max mem: 21381
Epoch: [8]  [1720/5625]  eta: 0:33:41  lr: 0.000009  train_loss: 0.2161 (0.2037)  train_iou: 0.6307 (0.6541)  time: 0.5019  data: 0.0004  max mem: 21381
Epoch: [8]  [1740/5625]  eta: 0:33:30  lr: 0.000009  train_loss: 0.1246 (0.2038)  train_iou: 0.6360 (0.6539)  time: 0.5055  data: 0.0005  max mem: 21381
Epoch: [8]  [1760/5625]  eta: 0:33:19  lr: 0.000009  train_loss: 0.1119 (0.2034)  train_iou: 0.6713 (0.6542)  time: 0.5062  data: 0.0015  max mem: 21381
Epoch: [8]  [1780/5625]  eta: 0:33:08  lr: 0.000009  train_loss: 0.1234 (0.2031)  train_iou: 0.6616 (0.6543)  time: 0.5023  data: 0.0006  max mem: 21381
Epoch: [8]  [1800/5625]  eta: 0:32:57  lr: 0.000009  train_loss: 0.2019 (0.2038)  train_iou: 0.5965 (0.6539)  time: 0.5053  data: 0.0008  max mem: 21381
Epoch: [8]  [1820/5625]  eta: 0:32:46  lr: 0.000009  train_loss: 0.1276 (0.2035)  train_iou: 0.6746 (0.6540)  time: 0.5059  data: 0.0004  max mem: 21381
Epoch: [8]  [1840/5625]  eta: 0:32:35  lr: 0.000009  train_loss: 0.2036 (0.2040)  train_iou: 0.6236 (0.6536)  time: 0.5035  data: 0.0006  max mem: 21381
Epoch: [8]  [1860/5625]  eta: 0:32:24  lr: 0.000009  train_loss: 0.1189 (0.2041)  train_iou: 0.6486 (0.6534)  time: 0.5006  data: 0.0014  max mem: 21381
Epoch: [8]  [1880/5625]  eta: 0:32:14  lr: 0.000009  train_loss: 0.1253 (0.2037)  train_iou: 0.6742 (0.6538)  time: 0.5127  data: 0.0049  max mem: 21381
Epoch: [8]  [1900/5625]  eta: 0:32:03  lr: 0.000009  train_loss: 0.2000 (0.2043)  train_iou: 0.5699 (0.6533)  time: 0.5029  data: 0.0004  max mem: 21381
Epoch: [8]  [1920/5625]  eta: 0:31:52  lr: 0.000009  train_loss: 0.2386 (0.2045)  train_iou: 0.6902 (0.6535)  time: 0.5075  data: 0.0004  max mem: 21381
Epoch: [8]  [1940/5625]  eta: 0:31:42  lr: 0.000009  train_loss: 0.1205 (0.2044)  train_iou: 0.7464 (0.6538)  time: 0.5113  data: 0.0024  max mem: 21381
Epoch: [8]  [1960/5625]  eta: 0:31:31  lr: 0.000009  train_loss: 0.1546 (0.2048)  train_iou: 0.6484 (0.6537)  time: 0.5057  data: 0.0007  max mem: 21381
Epoch: [8]  [1980/5625]  eta: 0:31:20  lr: 0.000009  train_loss: 0.2027 (0.2056)  train_iou: 0.6961 (0.6539)  time: 0.5046  data: 0.0004  max mem: 21381
Epoch: [8]  [2000/5625]  eta: 0:31:10  lr: 0.000009  train_loss: 0.1457 (0.2056)  train_iou: 0.6803 (0.6541)  time: 0.5057  data: 0.0007  max mem: 21381
Epoch: [8]  [2020/5625]  eta: 0:30:59  lr: 0.000009  train_loss: 0.1154 (0.2051)  train_iou: 0.6675 (0.6544)  time: 0.5023  data: 0.0004  max mem: 21381
Epoch: [8]  [2040/5625]  eta: 0:30:48  lr: 0.000009  train_loss: 0.1317 (0.2047)  train_iou: 0.6716 (0.6547)  time: 0.5081  data: 0.0007  max mem: 21381
Epoch: [8]  [2060/5625]  eta: 0:30:38  lr: 0.000009  train_loss: 0.1382 (0.2044)  train_iou: 0.7622 (0.6553)  time: 0.5056  data: 0.0016  max mem: 21381
Epoch: [8]  [2080/5625]  eta: 0:30:27  lr: 0.000009  train_loss: 0.1028 (0.2041)  train_iou: 0.6501 (0.6550)  time: 0.5119  data: 0.0008  max mem: 21381
Epoch: [8]  [2100/5625]  eta: 0:30:16  lr: 0.000009  train_loss: 0.1607 (0.2041)  train_iou: 0.6090 (0.6549)  time: 0.5033  data: 0.0005  max mem: 21381
Epoch: [8]  [2120/5625]  eta: 0:30:06  lr: 0.000009  train_loss: 0.1559 (0.2039)  train_iou: 0.6633 (0.6551)  time: 0.5135  data: 0.0018  max mem: 21381
Epoch: [8]  [2140/5625]  eta: 0:29:55  lr: 0.000009  train_loss: 0.1523 (0.2038)  train_iou: 0.6879 (0.6551)  time: 0.5024  data: 0.0005  max mem: 21381
Epoch: [8]  [2160/5625]  eta: 0:29:45  lr: 0.000009  train_loss: 0.1170 (0.2041)  train_iou: 0.6413 (0.6549)  time: 0.5039  data: 0.0004  max mem: 21381
Epoch: [8]  [2180/5625]  eta: 0:29:34  lr: 0.000009  train_loss: 0.1053 (0.2039)  train_iou: 0.6556 (0.6548)  time: 0.5091  data: 0.0013  max mem: 21381
Epoch: [8]  [2200/5625]  eta: 0:29:23  lr: 0.000009  train_loss: 0.1338 (0.2037)  train_iou: 0.6720 (0.6548)  time: 0.5015  data: 0.0005  max mem: 21381
Epoch: [8]  [2220/5625]  eta: 0:29:13  lr: 0.000009  train_loss: 0.1515 (0.2038)  train_iou: 0.6552 (0.6548)  time: 0.4985  data: 0.0009  max mem: 21381
Epoch: [8]  [2240/5625]  eta: 0:29:02  lr: 0.000009  train_loss: 0.1424 (0.2040)  train_iou: 0.6546 (0.6548)  time: 0.5065  data: 0.0018  max mem: 21381
Epoch: [8]  [2260/5625]  eta: 0:28:52  lr: 0.000009  train_loss: 0.1802 (0.2041)  train_iou: 0.6501 (0.6547)  time: 0.5078  data: 0.0015  max mem: 21381
Epoch: [8]  [2280/5625]  eta: 0:28:41  lr: 0.000009  train_loss: 0.1276 (0.2039)  train_iou: 0.6319 (0.6546)  time: 0.5062  data: 0.0009  max mem: 21381
Epoch: [8]  [2300/5625]  eta: 0:28:31  lr: 0.000009  train_loss: 0.1466 (0.2037)  train_iou: 0.6459 (0.6547)  time: 0.5072  data: 0.0020  max mem: 21381
Epoch: [8]  [2320/5625]  eta: 0:28:20  lr: 0.000009  train_loss: 0.1957 (0.2037)  train_iou: 0.6677 (0.6549)  time: 0.5051  data: 0.0004  max mem: 21381
Epoch: [8]  [2340/5625]  eta: 0:28:09  lr: 0.000009  train_loss: 0.0959 (0.2036)  train_iou: 0.6367 (0.6547)  time: 0.5084  data: 0.0010  max mem: 21381
Epoch: [8]  [2360/5625]  eta: 0:27:59  lr: 0.000009  train_loss: 0.1348 (0.2035)  train_iou: 0.7285 (0.6549)  time: 0.5114  data: 0.0023  max mem: 21381
Epoch: [8]  [2380/5625]  eta: 0:27:48  lr: 0.000009  train_loss: 0.1403 (0.2036)  train_iou: 0.6514 (0.6547)  time: 0.5002  data: 0.0009  max mem: 21381
Epoch: [8]  [2400/5625]  eta: 0:27:38  lr: 0.000009  train_loss: 0.1257 (0.2034)  train_iou: 0.7225 (0.6551)  time: 0.5039  data: 0.0004  max mem: 21381
Epoch: [8]  [2420/5625]  eta: 0:27:27  lr: 0.000009  train_loss: 0.2045 (0.2037)  train_iou: 0.6766 (0.6551)  time: 0.5046  data: 0.0004  max mem: 21381
Epoch: [8]  [2440/5625]  eta: 0:27:17  lr: 0.000009  train_loss: 0.1357 (0.2038)  train_iou: 0.6871 (0.6553)  time: 0.5069  data: 0.0004  max mem: 21381
Epoch: [8]  [2460/5625]  eta: 0:27:06  lr: 0.000009  train_loss: 0.1387 (0.2036)  train_iou: 0.6655 (0.6555)  time: 0.5067  data: 0.0022  max mem: 21381
Epoch: [8]  [2480/5625]  eta: 0:26:56  lr: 0.000009  train_loss: 0.2011 (0.2039)  train_iou: 0.6207 (0.6551)  time: 0.5076  data: 0.0007  max mem: 21381
Epoch: [8]  [2500/5625]  eta: 0:26:45  lr: 0.000009  train_loss: 0.1871 (0.2038)  train_iou: 0.6619 (0.6550)  time: 0.5040  data: 0.0004  max mem: 21381
Epoch: [8]  [2520/5625]  eta: 0:26:35  lr: 0.000009  train_loss: 0.1041 (0.2035)  train_iou: 0.6412 (0.6546)  time: 0.5074  data: 0.0004  max mem: 21381
Epoch: [8]  [2540/5625]  eta: 0:26:25  lr: 0.000009  train_loss: 0.1318 (0.2034)  train_iou: 0.6607 (0.6548)  time: 0.5117  data: 0.0005  max mem: 21381
Epoch: [8]  [2560/5625]  eta: 0:26:14  lr: 0.000009  train_loss: 0.2121 (0.2037)  train_iou: 0.5652 (0.6543)  time: 0.5077  data: 0.0005  max mem: 21381
Epoch: [8]  [2580/5625]  eta: 0:26:04  lr: 0.000009  train_loss: 0.1937 (0.2041)  train_iou: 0.6698 (0.6543)  time: 0.5102  data: 0.0010  max mem: 21381
Epoch: [8]  [2600/5625]  eta: 0:25:53  lr: 0.000009  train_loss: 0.2191 (0.2045)  train_iou: 0.6379 (0.6542)  time: 0.5051  data: 0.0004  max mem: 21381
Epoch: [8]  [2620/5625]  eta: 0:25:43  lr: 0.000009  train_loss: 0.1310 (0.2042)  train_iou: 0.6722 (0.6543)  time: 0.5101  data: 0.0004  max mem: 21381
Epoch: [8]  [2640/5625]  eta: 0:25:33  lr: 0.000009  train_loss: 0.2233 (0.2045)  train_iou: 0.5714 (0.6541)  time: 0.5042  data: 0.0004  max mem: 21381
Epoch: [8]  [2660/5625]  eta: 0:25:22  lr: 0.000009  train_loss: 0.1323 (0.2043)  train_iou: 0.6640 (0.6542)  time: 0.5037  data: 0.0007  max mem: 21381
Epoch: [8]  [2680/5625]  eta: 0:25:12  lr: 0.000009  train_loss: 0.1949 (0.2044)  train_iou: 0.6208 (0.6540)  time: 0.5075  data: 0.0018  max mem: 21381
Epoch: [8]  [2700/5625]  eta: 0:25:01  lr: 0.000009  train_loss: 0.1751 (0.2049)  train_iou: 0.6681 (0.6539)  time: 0.5043  data: 0.0008  max mem: 21381
Epoch: [8]  [2720/5625]  eta: 0:24:51  lr: 0.000009  train_loss: 0.1998 (0.2051)  train_iou: 0.6774 (0.6541)  time: 0.5074  data: 0.0008  max mem: 21381
Epoch: [8]  [2740/5625]  eta: 0:24:40  lr: 0.000009  train_loss: 0.1113 (0.2049)  train_iou: 0.6378 (0.6539)  time: 0.5063  data: 0.0009  max mem: 21381
Epoch: [8]  [2760/5625]  eta: 0:24:30  lr: 0.000009  train_loss: 0.1755 (0.2051)  train_iou: 0.6623 (0.6539)  time: 0.5101  data: 0.0004  max mem: 21381
Epoch: [8]  [2780/5625]  eta: 0:24:20  lr: 0.000009  train_loss: 0.1669 (0.2053)  train_iou: 0.6900 (0.6542)  time: 0.5036  data: 0.0004  max mem: 21381
Epoch: [8]  [2800/5625]  eta: 0:24:09  lr: 0.000009  train_loss: 0.2155 (0.2055)  train_iou: 0.6121 (0.6538)  time: 0.5044  data: 0.0004  max mem: 21381
Epoch: [8]  [2820/5625]  eta: 0:23:59  lr: 0.000009  train_loss: 0.1627 (0.2054)  train_iou: 0.5846 (0.6533)  time: 0.5034  data: 0.0004  max mem: 21381
Epoch: [8]  [2840/5625]  eta: 0:23:48  lr: 0.000009  train_loss: 0.2140 (0.2055)  train_iou: 0.6563 (0.6533)  time: 0.5067  data: 0.0005  max mem: 21381
Epoch: [8]  [2860/5625]  eta: 0:23:38  lr: 0.000009  train_loss: 0.1475 (0.2055)  train_iou: 0.7054 (0.6536)  time: 0.5055  data: 0.0016  max mem: 21381
Epoch: [8]  [2880/5625]  eta: 0:23:27  lr: 0.000009  train_loss: 0.1048 (0.2055)  train_iou: 0.6723 (0.6538)  time: 0.5051  data: 0.0006  max mem: 21381
Epoch: [8]  [2900/5625]  eta: 0:23:17  lr: 0.000009  train_loss: 0.1559 (0.2055)  train_iou: 0.6188 (0.6537)  time: 0.5099  data: 0.0008  max mem: 21381
Epoch: [8]  [2920/5625]  eta: 0:23:07  lr: 0.000009  train_loss: 0.1448 (0.2054)  train_iou: 0.6776 (0.6540)  time: 0.5062  data: 0.0004  max mem: 21381
Epoch: [8]  [2940/5625]  eta: 0:22:56  lr: 0.000009  train_loss: 0.1814 (0.2055)  train_iou: 0.6217 (0.6537)  time: 0.5038  data: 0.0004  max mem: 21381
Epoch: [8]  [2960/5625]  eta: 0:22:46  lr: 0.000009  train_loss: 0.1690 (0.2055)  train_iou: 0.6329 (0.6534)  time: 0.5043  data: 0.0004  max mem: 21381
Epoch: [8]  [2980/5625]  eta: 0:22:36  lr: 0.000009  train_loss: 0.2374 (0.2056)  train_iou: 0.6447 (0.6534)  time: 0.5068  data: 0.0026  max mem: 21381
Epoch: [8]  [3000/5625]  eta: 0:22:25  lr: 0.000009  train_loss: 0.1261 (0.2057)  train_iou: 0.6523 (0.6534)  time: 0.5008  data: 0.0004  max mem: 21381
Epoch: [8]  [3020/5625]  eta: 0:22:15  lr: 0.000009  train_loss: 0.1193 (0.2056)  train_iou: 0.6629 (0.6536)  time: 0.5076  data: 0.0004  max mem: 21381
Epoch: [8]  [3040/5625]  eta: 0:22:04  lr: 0.000009  train_loss: 0.2610 (0.2059)  train_iou: 0.5687 (0.6531)  time: 0.5040  data: 0.0004  max mem: 21381
Epoch: [8]  [3060/5625]  eta: 0:21:54  lr: 0.000009  train_loss: 0.1620 (0.2058)  train_iou: 0.6497 (0.6530)  time: 0.5093  data: 0.0012  max mem: 21381
Epoch: [8]  [3080/5625]  eta: 0:21:44  lr: 0.000009  train_loss: 0.1946 (0.2060)  train_iou: 0.6478 (0.6529)  time: 0.5100  data: 0.0005  max mem: 21381
Epoch: [8]  [3100/5625]  eta: 0:21:33  lr: 0.000009  train_loss: 0.1579 (0.2061)  train_iou: 0.6309 (0.6529)  time: 0.5102  data: 0.0018  max mem: 21381
Epoch: [8]  [3120/5625]  eta: 0:21:23  lr: 0.000009  train_loss: 0.1601 (0.2059)  train_iou: 0.6639 (0.6529)  time: 0.5089  data: 0.0005  max mem: 21381
Epoch: [8]  [3140/5625]  eta: 0:21:13  lr: 0.000009  train_loss: 0.1476 (0.2057)  train_iou: 0.6836 (0.6530)  time: 0.5004  data: 0.0004  max mem: 21381
Epoch: [8]  [3160/5625]  eta: 0:21:02  lr: 0.000009  train_loss: 0.1866 (0.2059)  train_iou: 0.6404 (0.6531)  time: 0.5081  data: 0.0009  max mem: 21381
Epoch: [8]  [3180/5625]  eta: 0:20:52  lr: 0.000009  train_loss: 0.1411 (0.2059)  train_iou: 0.7041 (0.6533)  time: 0.5074  data: 0.0010  max mem: 21381
Epoch: [8]  [3200/5625]  eta: 0:20:42  lr: 0.000009  train_loss: 0.1850 (0.2059)  train_iou: 0.6553 (0.6534)  time: 0.5062  data: 0.0004  max mem: 21381
Epoch: [8]  [3220/5625]  eta: 0:20:31  lr: 0.000009  train_loss: 0.1924 (0.2063)  train_iou: 0.5674 (0.6533)  time: 0.5093  data: 0.0013  max mem: 21381
Epoch: [8]  [3240/5625]  eta: 0:20:21  lr: 0.000009  train_loss: 0.2326 (0.2066)  train_iou: 0.6400 (0.6532)  time: 0.5049  data: 0.0007  max mem: 21381
Epoch: [8]  [3260/5625]  eta: 0:20:11  lr: 0.000009  train_loss: 0.2007 (0.2066)  train_iou: 0.6894 (0.6534)  time: 0.5096  data: 0.0006  max mem: 21381
Epoch: [8]  [3280/5625]  eta: 0:20:00  lr: 0.000009  train_loss: 0.1057 (0.2063)  train_iou: 0.6820 (0.6536)  time: 0.5036  data: 0.0004  max mem: 21381
Epoch: [8]  [3300/5625]  eta: 0:19:50  lr: 0.000009  train_loss: 0.2322 (0.2066)  train_iou: 0.6553 (0.6536)  time: 0.5076  data: 0.0004  max mem: 21381
Epoch: [8]  [3320/5625]  eta: 0:19:40  lr: 0.000009  train_loss: 0.2093 (0.2066)  train_iou: 0.6281 (0.6532)  time: 0.5065  data: 0.0004  max mem: 21381
Epoch: [8]  [3340/5625]  eta: 0:19:30  lr: 0.000009  train_loss: 0.1598 (0.2065)  train_iou: 0.6477 (0.6533)  time: 0.5094  data: 0.0004  max mem: 21381
Epoch: [8]  [3360/5625]  eta: 0:19:19  lr: 0.000009  train_loss: 0.1714 (0.2066)  train_iou: 0.6917 (0.6536)  time: 0.5056  data: 0.0004  max mem: 21381
Epoch: [8]  [3380/5625]  eta: 0:19:09  lr: 0.000009  train_loss: 0.2167 (0.2066)  train_iou: 0.6390 (0.6535)  time: 0.5079  data: 0.0009  max mem: 21381
Epoch: [8]  [3400/5625]  eta: 0:18:59  lr: 0.000009  train_loss: 0.1966 (0.2067)  train_iou: 0.6656 (0.6536)  time: 0.5064  data: 0.0005  max mem: 21381
Epoch: [8]  [3420/5625]  eta: 0:18:48  lr: 0.000009  train_loss: 0.1606 (0.2069)  train_iou: 0.6415 (0.6534)  time: 0.5046  data: 0.0004  max mem: 21381
Epoch: [8]  [3440/5625]  eta: 0:18:38  lr: 0.000009  train_loss: 0.1925 (0.2070)  train_iou: 0.6744 (0.6535)  time: 0.5098  data: 0.0007  max mem: 21381
Epoch: [8]  [3460/5625]  eta: 0:18:28  lr: 0.000009  train_loss: 0.1068 (0.2067)  train_iou: 0.6587 (0.6534)  time: 0.5045  data: 0.0007  max mem: 21381
Epoch: [8]  [3480/5625]  eta: 0:18:17  lr: 0.000009  train_loss: 0.1619 (0.2069)  train_iou: 0.6758 (0.6535)  time: 0.5053  data: 0.0004  max mem: 21381
Epoch: [8]  [3500/5625]  eta: 0:18:07  lr: 0.000009  train_loss: 0.2303 (0.2072)  train_iou: 0.6282 (0.6533)  time: 0.5068  data: 0.0004  max mem: 21381
Epoch: [8]  [3520/5625]  eta: 0:17:57  lr: 0.000009  train_loss: 0.1374 (0.2072)  train_iou: 0.5550 (0.6530)  time: 0.5038  data: 0.0006  max mem: 21381
Epoch: [8]  [3540/5625]  eta: 0:17:46  lr: 0.000009  train_loss: 0.1507 (0.2071)  train_iou: 0.6685 (0.6530)  time: 0.5034  data: 0.0004  max mem: 21381
Epoch: [8]  [3560/5625]  eta: 0:17:36  lr: 0.000009  train_loss: 0.1814 (0.2073)  train_iou: 0.5539 (0.6526)  time: 0.5038  data: 0.0010  max mem: 21381
Epoch: [8]  [3580/5625]  eta: 0:17:26  lr: 0.000009  train_loss: 0.1285 (0.2071)  train_iou: 0.7620 (0.6531)  time: 0.5053  data: 0.0020  max mem: 21381
Epoch: [8]  [3600/5625]  eta: 0:17:16  lr: 0.000009  train_loss: 0.1748 (0.2072)  train_iou: 0.6021 (0.6528)  time: 0.5099  data: 0.0004  max mem: 21381
Epoch: [8]  [3620/5625]  eta: 0:17:05  lr: 0.000009  train_loss: 0.2454 (0.2076)  train_iou: 0.6438 (0.6526)  time: 0.5056  data: 0.0007  max mem: 21381
Epoch: [8]  [3640/5625]  eta: 0:16:55  lr: 0.000009  train_loss: 0.1556 (0.2077)  train_iou: 0.6550 (0.6527)  time: 0.5051  data: 0.0005  max mem: 21381
Epoch: [8]  [3660/5625]  eta: 0:16:45  lr: 0.000009  train_loss: 0.1800 (0.2077)  train_iou: 0.6803 (0.6529)  time: 0.5051  data: 0.0004  max mem: 21381
Epoch: [8]  [3680/5625]  eta: 0:16:34  lr: 0.000009  train_loss: 0.1304 (0.2077)  train_iou: 0.6297 (0.6527)  time: 0.5047  data: 0.0004  max mem: 21381
Epoch: [8]  [3700/5625]  eta: 0:16:24  lr: 0.000009  train_loss: 0.1400 (0.2079)  train_iou: 0.5587 (0.6524)  time: 0.5045  data: 0.0025  max mem: 21381
Epoch: [8]  [3720/5625]  eta: 0:16:14  lr: 0.000009  train_loss: 0.1402 (0.2079)  train_iou: 0.6600 (0.6525)  time: 0.5098  data: 0.0004  max mem: 21381
Epoch: [8]  [3740/5625]  eta: 0:16:03  lr: 0.000009  train_loss: 0.1978 (0.2078)  train_iou: 0.6408 (0.6523)  time: 0.5036  data: 0.0007  max mem: 21381
Epoch: [8]  [3760/5625]  eta: 0:15:53  lr: 0.000009  train_loss: 0.1677 (0.2077)  train_iou: 0.6129 (0.6521)  time: 0.5087  data: 0.0006  max mem: 21381
Epoch: [8]  [3780/5625]  eta: 0:15:43  lr: 0.000009  train_loss: 0.2045 (0.2078)  train_iou: 0.6725 (0.6522)  time: 0.5058  data: 0.0004  max mem: 21381
Epoch: [8]  [3800/5625]  eta: 0:15:33  lr: 0.000009  train_loss: 0.1560 (0.2076)  train_iou: 0.6500 (0.6521)  time: 0.5088  data: 0.0004  max mem: 21381
Epoch: [8]  [3820/5625]  eta: 0:15:22  lr: 0.000009  train_loss: 0.1958 (0.2077)  train_iou: 0.6763 (0.6523)  time: 0.5020  data: 0.0004  max mem: 21381
Epoch: [8]  [3840/5625]  eta: 0:15:12  lr: 0.000009  train_loss: 0.2010 (0.2078)  train_iou: 0.6573 (0.6523)  time: 0.5068  data: 0.0013  max mem: 21381
Epoch: [8]  [3860/5625]  eta: 0:15:02  lr: 0.000009  train_loss: 0.2162 (0.2079)  train_iou: 0.6584 (0.6523)  time: 0.5095  data: 0.0008  max mem: 21381
Epoch: [8]  [3880/5625]  eta: 0:14:52  lr: 0.000009  train_loss: 0.1772 (0.2079)  train_iou: 0.6321 (0.6522)  time: 0.5091  data: 0.0009  max mem: 21381
Epoch: [8]  [3900/5625]  eta: 0:14:41  lr: 0.000009  train_loss: 0.1172 (0.2077)  train_iou: 0.6741 (0.6525)  time: 0.5052  data: 0.0006  max mem: 21381
Epoch: [8]  [3920/5625]  eta: 0:14:31  lr: 0.000009  train_loss: 0.1350 (0.2076)  train_iou: 0.6550 (0.6526)  time: 0.5002  data: 0.0004  max mem: 21381
Epoch: [8]  [3940/5625]  eta: 0:14:21  lr: 0.000009  train_loss: 0.1441 (0.2075)  train_iou: 0.6578 (0.6526)  time: 0.5049  data: 0.0026  max mem: 21381
Epoch: [8]  [3960/5625]  eta: 0:14:10  lr: 0.000009  train_loss: 0.1229 (0.2073)  train_iou: 0.6527 (0.6527)  time: 0.5044  data: 0.0009  max mem: 21381
Epoch: [8]  [3980/5625]  eta: 0:14:00  lr: 0.000009  train_loss: 0.1425 (0.2073)  train_iou: 0.6359 (0.6527)  time: 0.5049  data: 0.0006  max mem: 21381
Epoch: [8]  [4000/5625]  eta: 0:13:50  lr: 0.000009  train_loss: 0.1418 (0.2073)  train_iou: 0.6573 (0.6528)  time: 0.5056  data: 0.0004  max mem: 21381
Epoch: [8]  [4020/5625]  eta: 0:13:40  lr: 0.000009  train_loss: 0.2075 (0.2073)  train_iou: 0.6596 (0.6527)  time: 0.5038  data: 0.0004  max mem: 21381
Epoch: [8]  [4040/5625]  eta: 0:13:29  lr: 0.000009  train_loss: 0.1255 (0.2072)  train_iou: 0.6748 (0.6527)  time: 0.5058  data: 0.0006  max mem: 21381
Epoch: [8]  [4060/5625]  eta: 0:13:19  lr: 0.000009  train_loss: 0.1955 (0.2073)  train_iou: 0.6739 (0.6527)  time: 0.5085  data: 0.0004  max mem: 21381
Epoch: [8]  [4080/5625]  eta: 0:13:09  lr: 0.000009  train_loss: 0.1425 (0.2072)  train_iou: 0.6645 (0.6527)  time: 0.5014  data: 0.0004  max mem: 21381
Epoch: [8]  [4100/5625]  eta: 0:12:59  lr: 0.000009  train_loss: 0.1849 (0.2072)  train_iou: 0.6785 (0.6528)  time: 0.5036  data: 0.0004  max mem: 21381
Epoch: [8]  [4120/5625]  eta: 0:12:48  lr: 0.000009  train_loss: 0.2587 (0.2075)  train_iou: 0.6487 (0.6527)  time: 0.5094  data: 0.0004  max mem: 21381
Epoch: [8]  [4140/5625]  eta: 0:12:38  lr: 0.000009  train_loss: 0.1789 (0.2076)  train_iou: 0.6606 (0.6528)  time: 0.5060  data: 0.0004  max mem: 21381
Epoch: [8]  [4160/5625]  eta: 0:12:28  lr: 0.000009  train_loss: 0.1825 (0.2075)  train_iou: 0.6753 (0.6529)  time: 0.5045  data: 0.0004  max mem: 21381
Epoch: [8]  [4180/5625]  eta: 0:12:18  lr: 0.000009  train_loss: 0.2090 (0.2078)  train_iou: 0.6211 (0.6528)  time: 0.5101  data: 0.0004  max mem: 21381
Epoch: [8]  [4200/5625]  eta: 0:12:07  lr: 0.000009  train_loss: 0.1278 (0.2078)  train_iou: 0.6681 (0.6529)  time: 0.5046  data: 0.0004  max mem: 21381
Epoch: [8]  [4220/5625]  eta: 0:11:57  lr: 0.000009  train_loss: 0.2016 (0.2080)  train_iou: 0.6983 (0.6530)  time: 0.5046  data: 0.0005  max mem: 21381
Epoch: [8]  [4240/5625]  eta: 0:11:47  lr: 0.000009  train_loss: 0.2227 (0.2082)  train_iou: 0.7582 (0.6535)  time: 0.5056  data: 0.0004  max mem: 21381
Epoch: [8]  [4260/5625]  eta: 0:11:37  lr: 0.000009  train_loss: 0.1836 (0.2083)  train_iou: 0.5579 (0.6532)  time: 0.5068  data: 0.0013  max mem: 21381
Epoch: [8]  [4280/5625]  eta: 0:11:26  lr: 0.000009  train_loss: 0.2089 (0.2084)  train_iou: 0.6369 (0.6532)  time: 0.5074  data: 0.0010  max mem: 21381
Epoch: [8]  [4300/5625]  eta: 0:11:16  lr: 0.000009  train_loss: 0.1699 (0.2087)  train_iou: 0.6053 (0.6530)  time: 0.5053  data: 0.0006  max mem: 21381
Epoch: [8]  [4320/5625]  eta: 0:11:06  lr: 0.000009  train_loss: 0.1063 (0.2085)  train_iou: 0.6328 (0.6530)  time: 0.5076  data: 0.0004  max mem: 21381
Epoch: [8]  [4340/5625]  eta: 0:10:56  lr: 0.000009  train_loss: 0.1225 (0.2083)  train_iou: 0.6414 (0.6530)  time: 0.5072  data: 0.0004  max mem: 21381
Epoch: [8]  [4360/5625]  eta: 0:10:45  lr: 0.000009  train_loss: 0.1605 (0.2083)  train_iou: 0.5989 (0.6528)  time: 0.5098  data: 0.0008  max mem: 21381
Epoch: [8]  [4380/5625]  eta: 0:10:35  lr: 0.000009  train_loss: 0.1766 (0.2086)  train_iou: 0.6792 (0.6529)  time: 0.5068  data: 0.0005  max mem: 21381
Epoch: [8]  [4400/5625]  eta: 0:10:25  lr: 0.000009  train_loss: 0.1270 (0.2087)  train_iou: 0.6672 (0.6529)  time: 0.5117  data: 0.0004  max mem: 21381
Epoch: [8]  [4420/5625]  eta: 0:10:15  lr: 0.000009  train_loss: 0.2525 (0.2088)  train_iou: 0.6588 (0.6528)  time: 0.5061  data: 0.0004  max mem: 21381
Epoch: [8]  [4440/5625]  eta: 0:10:05  lr: 0.000009  train_loss: 0.1317 (0.2089)  train_iou: 0.6242 (0.6527)  time: 0.5038  data: 0.0004  max mem: 21381
Epoch: [8]  [4460/5625]  eta: 0:09:54  lr: 0.000009  train_loss: 0.1499 (0.2088)  train_iou: 0.6655 (0.6528)  time: 0.5009  data: 0.0006  max mem: 21381
Epoch: [8]  [4480/5625]  eta: 0:09:44  lr: 0.000009  train_loss: 0.1212 (0.2087)  train_iou: 0.6712 (0.6528)  time: 0.5067  data: 0.0033  max mem: 21381
Epoch: [8]  [4500/5625]  eta: 0:09:34  lr: 0.000009  train_loss: 0.1338 (0.2086)  train_iou: 0.6463 (0.6528)  time: 0.5087  data: 0.0008  max mem: 21381
Epoch: [8]  [4520/5625]  eta: 0:09:24  lr: 0.000009  train_loss: 0.1588 (0.2085)  train_iou: 0.5939 (0.6526)  time: 0.5082  data: 0.0007  max mem: 21381
Epoch: [8]  [4540/5625]  eta: 0:09:13  lr: 0.000009  train_loss: 0.1670 (0.2084)  train_iou: 0.6708 (0.6527)  time: 0.5104  data: 0.0004  max mem: 21381
Epoch: [8]  [4560/5625]  eta: 0:09:03  lr: 0.000009  train_loss: 0.1516 (0.2084)  train_iou: 0.6873 (0.6528)  time: 0.5083  data: 0.0004  max mem: 21381
Epoch: [8]  [4580/5625]  eta: 0:08:53  lr: 0.000009  train_loss: 0.1314 (0.2085)  train_iou: 0.6541 (0.6529)  time: 0.5075  data: 0.0008  max mem: 21381
Epoch: [8]  [4600/5625]  eta: 0:08:43  lr: 0.000009  train_loss: 0.1167 (0.2085)  train_iou: 0.6484 (0.6528)  time: 0.5068  data: 0.0004  max mem: 21381
Epoch: [8]  [4620/5625]  eta: 0:08:33  lr: 0.000009  train_loss: 0.1248 (0.2083)  train_iou: 0.6385 (0.6528)  time: 0.5086  data: 0.0006  max mem: 21381
Epoch: [8]  [4640/5625]  eta: 0:08:22  lr: 0.000009  train_loss: 0.1425 (0.2083)  train_iou: 0.5079 (0.6524)  time: 0.5092  data: 0.0004  max mem: 21381
Epoch: [8]  [4660/5625]  eta: 0:08:12  lr: 0.000009  train_loss: 0.1990 (0.2083)  train_iou: 0.6252 (0.6523)  time: 0.5083  data: 0.0015  max mem: 21381
Epoch: [8]  [4680/5625]  eta: 0:08:02  lr: 0.000009  train_loss: 0.2022 (0.2082)  train_iou: 0.6322 (0.6520)  time: 0.5072  data: 0.0008  max mem: 21381
Epoch: [8]  [4700/5625]  eta: 0:07:52  lr: 0.000009  train_loss: 0.1324 (0.2082)  train_iou: 0.6566 (0.6521)  time: 0.5025  data: 0.0005  max mem: 21381
Epoch: [8]  [4720/5625]  eta: 0:07:41  lr: 0.000009  train_loss: 0.1705 (0.2082)  train_iou: 0.6797 (0.6522)  time: 0.5113  data: 0.0005  max mem: 21381
Epoch: [8]  [4740/5625]  eta: 0:07:31  lr: 0.000009  train_loss: 0.1640 (0.2081)  train_iou: 0.6598 (0.6522)  time: 0.5068  data: 0.0004  max mem: 21381
Epoch: [8]  [4760/5625]  eta: 0:07:21  lr: 0.000009  train_loss: 0.1760 (0.2081)  train_iou: 0.6618 (0.6523)  time: 0.5009  data: 0.0004  max mem: 21381
Epoch: [8]  [4780/5625]  eta: 0:07:11  lr: 0.000009  train_loss: 0.2346 (0.2082)  train_iou: 0.6740 (0.6524)  time: 0.5080  data: 0.0004  max mem: 21381
Epoch: [8]  [4800/5625]  eta: 0:07:01  lr: 0.000009  train_loss: 0.2229 (0.2084)  train_iou: 0.6404 (0.6523)  time: 0.5117  data: 0.0004  max mem: 21381
Epoch: [8]  [4820/5625]  eta: 0:06:50  lr: 0.000009  train_loss: 0.2178 (0.2087)  train_iou: 0.6487 (0.6523)  time: 0.5052  data: 0.0006  max mem: 21381
Epoch: [8]  [4840/5625]  eta: 0:06:40  lr: 0.000009  train_loss: 0.1921 (0.2087)  train_iou: 0.5864 (0.6523)  time: 0.5066  data: 0.0004  max mem: 21381
Epoch: [8]  [4860/5625]  eta: 0:06:30  lr: 0.000009  train_loss: 0.0951 (0.2086)  train_iou: 0.6700 (0.6523)  time: 0.5073  data: 0.0006  max mem: 21381
Epoch: [8]  [4880/5625]  eta: 0:06:20  lr: 0.000009  train_loss: 0.1867 (0.2086)  train_iou: 0.7050 (0.6525)  time: 0.5051  data: 0.0004  max mem: 21381
Epoch: [8]  [4900/5625]  eta: 0:06:09  lr: 0.000009  train_loss: 0.1312 (0.2086)  train_iou: 0.6578 (0.6525)  time: 0.5051  data: 0.0004  max mem: 21381
Epoch: [8]  [4920/5625]  eta: 0:05:59  lr: 0.000009  train_loss: 0.1382 (0.2085)  train_iou: 0.5763 (0.6524)  time: 0.5093  data: 0.0016  max mem: 21381
Epoch: [8]  [4940/5625]  eta: 0:05:49  lr: 0.000009  train_loss: 0.1859 (0.2086)  train_iou: 0.6166 (0.6520)  time: 0.5046  data: 0.0004  max mem: 21381
Epoch: [8]  [4960/5625]  eta: 0:05:39  lr: 0.000009  train_loss: 0.1913 (0.2087)  train_iou: 0.6779 (0.6520)  time: 0.5053  data: 0.0004  max mem: 21381
Epoch: [8]  [4980/5625]  eta: 0:05:29  lr: 0.000009  train_loss: 0.2165 (0.2088)  train_iou: 0.6800 (0.6521)  time: 0.5040  data: 0.0004  max mem: 21381
Epoch: [8]  [5000/5625]  eta: 0:05:18  lr: 0.000009  train_loss: 0.1835 (0.2089)  train_iou: 0.6023 (0.6520)  time: 0.5083  data: 0.0004  max mem: 21381
Epoch: [8]  [5020/5625]  eta: 0:05:08  lr: 0.000009  train_loss: 0.1826 (0.2089)  train_iou: 0.6602 (0.6520)  time: 0.5090  data: 0.0008  max mem: 21381
Epoch: [8]  [5040/5625]  eta: 0:04:58  lr: 0.000009  train_loss: 0.1761 (0.2089)  train_iou: 0.6929 (0.6522)  time: 0.5033  data: 0.0005  max mem: 21381
Epoch: [8]  [5060/5625]  eta: 0:04:48  lr: 0.000009  train_loss: 0.1199 (0.2087)  train_iou: 0.6824 (0.6523)  time: 0.5024  data: 0.0004  max mem: 21381
Epoch: [8]  [5080/5625]  eta: 0:04:37  lr: 0.000009  train_loss: 0.1319 (0.2087)  train_iou: 0.6996 (0.6525)  time: 0.5059  data: 0.0004  max mem: 21381
Epoch: [8]  [5100/5625]  eta: 0:04:27  lr: 0.000009  train_loss: 0.2094 (0.2089)  train_iou: 0.6460 (0.6524)  time: 0.5074  data: 0.0005  max mem: 21381
Epoch: [8]  [5120/5625]  eta: 0:04:17  lr: 0.000009  train_loss: 0.2166 (0.2089)  train_iou: 0.6307 (0.6524)  time: 0.5032  data: 0.0004  max mem: 21381
Epoch: [8]  [5140/5625]  eta: 0:04:07  lr: 0.000009  train_loss: 0.1216 (0.2088)  train_iou: 0.6750 (0.6524)  time: 0.5073  data: 0.0014  max mem: 21381
Epoch: [8]  [5160/5625]  eta: 0:03:57  lr: 0.000009  train_loss: 0.1246 (0.2087)  train_iou: 0.6410 (0.6523)  time: 0.5052  data: 0.0010  max mem: 21381
Epoch: [8]  [5180/5625]  eta: 0:03:46  lr: 0.000009  train_loss: 0.1924 (0.2086)  train_iou: 0.6539 (0.6523)  time: 0.5080  data: 0.0016  max mem: 21381
Epoch: [8]  [5200/5625]  eta: 0:03:36  lr: 0.000009  train_loss: 0.1831 (0.2088)  train_iou: 0.6699 (0.6523)  time: 0.5095  data: 0.0005  max mem: 21381
Epoch: [8]  [5220/5625]  eta: 0:03:26  lr: 0.000009  train_loss: 0.1285 (0.2086)  train_iou: 0.6931 (0.6525)  time: 0.5088  data: 0.0009  max mem: 21381
Epoch: [8]  [5240/5625]  eta: 0:03:16  lr: 0.000009  train_loss: 0.1749 (0.2086)  train_iou: 0.6591 (0.6525)  time: 0.5018  data: 0.0004  max mem: 21381
Epoch: [8]  [5260/5625]  eta: 0:03:06  lr: 0.000009  train_loss: 0.2155 (0.2085)  train_iou: 0.6399 (0.6524)  time: 0.5071  data: 0.0014  max mem: 21381
Epoch: [8]  [5280/5625]  eta: 0:02:55  lr: 0.000009  train_loss: 0.2264 (0.2087)  train_iou: 0.6147 (0.6523)  time: 0.5079  data: 0.0004  max mem: 21381
Epoch: [8]  [5300/5625]  eta: 0:02:45  lr: 0.000009  train_loss: 0.1406 (0.2088)  train_iou: 0.6378 (0.6521)  time: 0.5049  data: 0.0004  max mem: 21381
Epoch: [8]  [5320/5625]  eta: 0:02:35  lr: 0.000009  train_loss: 0.1607 (0.2089)  train_iou: 0.6641 (0.6521)  time: 0.5006  data: 0.0004  max mem: 21381
Epoch: [8]  [5340/5625]  eta: 0:02:25  lr: 0.000009  train_loss: 0.1878 (0.2090)  train_iou: 0.6521 (0.6520)  time: 0.5076  data: 0.0004  max mem: 21381
Epoch: [8]  [5360/5625]  eta: 0:02:15  lr: 0.000009  train_loss: 0.1546 (0.2089)  train_iou: 0.7196 (0.6522)  time: 0.5083  data: 0.0004  max mem: 21381
Epoch: [8]  [5380/5625]  eta: 0:02:04  lr: 0.000009  train_loss: 0.1590 (0.2087)  train_iou: 0.6608 (0.6522)  time: 0.5089  data: 0.0022  max mem: 21381
Epoch: [8]  [5400/5625]  eta: 0:01:54  lr: 0.000009  train_loss: 0.1112 (0.2086)  train_iou: 0.6839 (0.6523)  time: 0.5076  data: 0.0004  max mem: 21381
Epoch: [8]  [5420/5625]  eta: 0:01:44  lr: 0.000009  train_loss: 0.1322 (0.2084)  train_iou: 0.7060 (0.6525)  time: 0.5081  data: 0.0005  max mem: 21381
Epoch: [8]  [5440/5625]  eta: 0:01:34  lr: 0.000009  train_loss: 0.0982 (0.2082)  train_iou: 0.6643 (0.6526)  time: 0.5052  data: 0.0004  max mem: 21381
Epoch: [8]  [5460/5625]  eta: 0:01:24  lr: 0.000009  train_loss: 0.1419 (0.2080)  train_iou: 0.6720 (0.6525)  time: 0.5090  data: 0.0004  max mem: 21381
Epoch: [8]  [5480/5625]  eta: 0:01:13  lr: 0.000009  train_loss: 0.2381 (0.2082)  train_iou: 0.6402 (0.6523)  time: 0.5097  data: 0.0005  max mem: 21381
Epoch: [8]  [5500/5625]  eta: 0:01:03  lr: 0.000009  train_loss: 0.1514 (0.2081)  train_iou: 0.6728 (0.6524)  time: 0.5070  data: 0.0004  max mem: 21381
Epoch: [8]  [5520/5625]  eta: 0:00:53  lr: 0.000009  train_loss: 0.1558 (0.2080)  train_iou: 0.6666 (0.6525)  time: 0.5057  data: 0.0005  max mem: 21381
Epoch: [8]  [5540/5625]  eta: 0:00:43  lr: 0.000009  train_loss: 0.1922 (0.2080)  train_iou: 0.5947 (0.6524)  time: 0.5099  data: 0.0004  max mem: 21381
Epoch: [8]  [5560/5625]  eta: 0:00:33  lr: 0.000009  train_loss: 0.2099 (0.2080)  train_iou: 0.6394 (0.6523)  time: 0.5086  data: 0.0004  max mem: 21381
Epoch: [8]  [5580/5625]  eta: 0:00:22  lr: 0.000009  train_loss: 0.1700 (0.2080)  train_iou: 0.6612 (0.6524)  time: 0.5030  data: 0.0007  max mem: 21381
Epoch: [8]  [5600/5625]  eta: 0:00:12  lr: 0.000009  train_loss: 0.1933 (0.2080)  train_iou: 0.6181 (0.6523)  time: 0.5059  data: 0.0004  max mem: 21381
Epoch: [8]  [5620/5625]  eta: 0:00:02  lr: 0.000009  train_loss: 0.1044 (0.2080)  train_iou: 0.6758 (0.6524)  time: 0.4876  data: 0.0002  max mem: 21381
Epoch: [8]  [5624/5625]  eta: 0:00:00  lr: 0.000009  train_loss: 0.1057 (0.2080)  train_iou: 0.6718 (0.6524)  time: 0.4808  data: 0.0002  max mem: 21381
Epoch: [8] Total time: 0:47:48 (0.5099 s / it)
Averaged stats: lr: 0.000009  train_loss: 0.1057 (0.2080)  train_iou: 0.6718 (0.6524)
huggingface/tokenizers: The current process just got forked, after parallelism has already been used. Disabling parallelism to avoid deadlocks...
To disable this warning, you can either:
	- Avoid using `tokenizers` before the fork if possible
	- Explicitly set the environment variable TOKENIZERS_PARALLELISM=(true | false)
huggingface/tokenizers: The current process just got forked, after parallelism has already been used. Disabling parallelism to avoid deadlocks...
To disable this warning, you can either:
	- Avoid using `tokenizers` before the fork if possible
	- Explicitly set the environment variable TOKENIZERS_PARALLELISM=(true | false)
huggingface/tokenizers: The current process just got forked, after parallelism has already been used. Disabling parallelism to avoid deadlocks...
To disable this warning, you can either:
	- Avoid using `tokenizers` before the fork if possible
	- Explicitly set the environment variable TOKENIZERS_PARALLELISM=(true | false)
huggingface/tokenizers: The current process just got forked, after parallelism has already been used. Disabling parallelism to avoid deadlocks...
To disable this warning, you can either:
	- Avoid using `tokenizers` before the fork if possible
	- Explicitly set the environment variable TOKENIZERS_PARALLELISM=(true | false)
huggingface/tokenizers: The current process just got forked, after parallelism has already been used. Disabling parallelism to avoid deadlocks...
To disable this warning, you can either:
	- Avoid using `tokenizers` before the fork if possible
	- Explicitly set the environment variable TOKENIZERS_PARALLELISM=(true | false)
huggingface/tokenizers: The current process just got forked, after parallelism has already been used. Disabling parallelism to avoid deadlocks...
To disable this warning, you can either:
	- Avoid using `tokenizers` before the fork if possible
	- Explicitly set the environment variable TOKENIZERS_PARALLELISM=(true | false)
huggingface/tokenizers: The current process just got forked, after parallelism has already been used. Disabling parallelism to avoid deadlocks...
To disable this warning, you can either:
	- Avoid using `tokenizers` before the fork if possible
	- Explicitly set the environment variable TOKENIZERS_PARALLELISM=(true | false)
huggingface/tokenizers: The current process just got forked, after parallelism has already been used. Disabling parallelism to avoid deadlocks...
To disable this warning, you can either:
	- Avoid using `tokenizers` before the fork if possible
	- Explicitly set the environment variable TOKENIZERS_PARALLELISM=(true | false)
Test:  [   0/4000]  eta: 8:03:43  inter: 33231.0000 (33231.0000)  union: 35049.0000 (35049.0000)  iou: 0.9481 (0.9481)  time: 7.2560  data: 1.4294  max mem: 21381
Test:  [  50/4000]  eta: 0:36:33  inter: 17935.0000 (23240.7188)  union: 47671.0000 (41474.4219)  iou: 0.5083 (0.5441)  time: 0.1324  data: 0.0005  max mem: 21381
Test:  [ 100/4000]  eta: 0:27:34  inter: 23635.0000 (24896.0882)  union: 46494.0000 (41726.4265)  iou: 0.6308 (0.5775)  time: 0.1308  data: 0.0005  max mem: 21381
Test:  [ 150/4000]  eta: 0:21:09  inter: 18232.0000 (24067.9187)  union: 29824.0000 (39405.0622)  iou: 0.8247 (0.5963)  time: 0.1439  data: 0.0005  max mem: 21381
Test:  [ 200/4000]  eta: 0:17:41  inter: 32967.0000 (24406.8462)  union: 36658.0000 (39058.1905)  iou: 0.8739 (0.6041)  time: 0.1262  data: 0.0005  max mem: 21381
Test:  [ 250/4000]  eta: 0:15:30  inter: 14862.0000 (25616.0331)  union: 32979.0000 (40856.4096)  iou: 0.4322 (0.5910)  time: 0.1186  data: 0.0005  max mem: 21381
Test:  [ 300/4000]  eta: 0:14:08  inter: 20128.0000 (25213.9975)  union: 24331.0000 (40636.8660)  iou: 0.7225 (0.5845)  time: 0.1387  data: 0.0005  max mem: 21381
Test:  [ 350/4000]  eta: 0:13:14  inter: 10413.0000 (24277.0103)  union: 29911.0000 (40341.6467)  iou: 0.5798 (0.5741)  time: 0.1487  data: 0.0005  max mem: 21381
Test:  [ 400/4000]  eta: 0:13:58  inter: 30805.0000 (24040.9250)  union: 35252.0000 (39873.0982)  iou: 0.6403 (0.5762)  time: 0.1248  data: 0.0005  max mem: 24228
Test:  [ 450/4000]  eta: 0:13:08  inter: 12893.0000 (23907.7905)  union: 28810.0000 (39661.1603)  iou: 0.6177 (0.5760)  time: 0.1553  data: 0.0005  max mem: 24228
Test:  [ 500/4000]  eta: 0:12:26  inter: 14619.0000 (24206.4112)  union: 27526.0000 (40521.7221)  iou: 0.4731 (0.5729)  time: 0.1237  data: 0.0005  max mem: 24228
Test:  [ 550/4000]  eta: 0:11:54  inter: 23398.0000 (24198.8599)  union: 27840.0000 (40296.5283)  iou: 0.8171 (0.5790)  time: 0.1452  data: 0.0005  max mem: 24228
Test:  [ 600/4000]  eta: 0:11:23  inter: 9981.0000 (24103.9917)  union: 30476.0000 (40137.7598)  iou: 0.8087 (0.5777)  time: 0.1391  data: 0.0005  max mem: 24228
Test:  [ 650/4000]  eta: 0:10:53  inter: 25505.0000 (24559.5481)  union: 41762.0000 (40579.8099)  iou: 0.6750 (0.5770)  time: 0.1235  data: 0.0005  max mem: 24228
Test:  [ 700/4000]  eta: 0:10:29  inter: 13909.0000 (24089.9938)  union: 28882.0000 (40235.9168)  iou: 0.3731 (0.5697)  time: 0.1281  data: 0.0005  max mem: 24228
Test:  [ 750/4000]  eta: 0:10:09  inter: 22445.0000 (24134.9800)  union: 29679.0000 (40188.8725)  iou: 0.7964 (0.5719)  time: 0.1540  data: 0.0005  max mem: 24228
Test:  [ 800/4000]  eta: 0:09:48  inter: 12351.0000 (23982.3295)  union: 44399.0000 (39750.4777)  iou: 0.5856 (0.5729)  time: 0.1405  data: 0.0005  max mem: 24228
Test:  [ 850/4000]  eta: 0:09:31  inter: 21620.0000 (24124.4117)  union: 33406.0000 (39725.8828)  iou: 0.7188 (0.5756)  time: 0.1225  data: 0.0005  max mem: 24228
Test:  [ 900/4000]  eta: 0:09:14  inter: 5709.0000 (24115.0830)  union: 27399.0000 (39864.0221)  iou: 0.4772 (0.5713)  time: 0.1212  data: 0.0005  max mem: 24228
Test:  [ 950/4000]  eta: 0:08:58  inter: 24869.0000 (24364.6429)  union: 30540.0000 (39935.6549)  iou: 0.8272 (0.5724)  time: 0.1349  data: 0.0005  max mem: 24228
Test:  [1000/4000]  eta: 0:08:43  inter: 19456.0000 (24606.6287)  union: 37121.0000 (40078.0478)  iou: 0.7337 (0.5731)  time: 0.1215  data: 0.0005  max mem: 24228
Test:  [1050/4000]  eta: 0:08:28  inter: 21189.0000 (24646.2272)  union: 38044.0000 (40096.3878)  iou: 0.5441 (0.5726)  time: 0.1368  data: 0.0005  max mem: 24228
Test:  [1100/4000]  eta: 0:08:14  inter: 14480.0000 (24510.4941)  union: 28500.0000 (39894.0072)  iou: 0.7200 (0.5727)  time: 0.1340  data: 0.0005  max mem: 24228
Test:  [1150/4000]  eta: 0:08:02  inter: 9927.0000 (24610.6346)  union: 23718.0000 (39759.3083)  iou: 0.4181 (0.5753)  time: 0.1449  data: 0.0005  max mem: 24228
Test:  [1200/4000]  eta: 0:07:49  inter: 9906.0000 (24504.2259)  union: 28883.0000 (39945.9578)  iou: 0.6341 (0.5715)  time: 0.1353  data: 0.0005  max mem: 24228
Test:  [1250/4000]  eta: 0:07:39  inter: 598.0000 (24322.6014)  union: 29759.0000 (39710.9245)  iou: 0.0172 (0.5707)  time: 0.1513  data: 0.0005  max mem: 24228
Test:  [1300/4000]  eta: 0:07:27  inter: 19127.0000 (24135.7084)  union: 32471.0000 (39489.8591)  iou: 0.5482 (0.5720)  time: 0.1410  data: 0.0005  max mem: 24228
Test:  [1350/4000]  eta: 0:07:16  inter: 25734.0000 (24204.9837)  union: 34036.0000 (39518.4805)  iou: 0.7668 (0.5732)  time: 0.1339  data: 0.0005  max mem: 24228
Test:  [1400/4000]  eta: 0:07:05  inter: 9937.0000 (24312.0491)  union: 11927.0000 (39733.7050)  iou: 0.5383 (0.5704)  time: 0.1353  data: 0.0005  max mem: 24228
Test:  [1450/4000]  eta: 0:06:55  inter: 15238.0000 (24279.8939)  union: 42494.0000 (39664.6733)  iou: 0.5040 (0.5702)  time: 0.1298  data: 0.0005  max mem: 24228
Test:  [1500/4000]  eta: 0:06:44  inter: 16925.0000 (24327.4447)  union: 48350.0000 (39825.7649)  iou: 0.3353 (0.5682)  time: 0.1313  data: 0.0005  max mem: 24228
Test:  [1550/4000]  eta: 0:06:35  inter: 11682.0000 (24190.9284)  union: 26777.0000 (39757.3339)  iou: 0.8403 (0.5688)  time: 0.1523  data: 0.0005  max mem: 24228
Test:  [1600/4000]  eta: 0:06:44  inter: 11112.0000 (24073.4967)  union: 25281.0000 (39711.8823)  iou: 0.4338 (0.5659)  time: 0.7871  data: 0.0005  max mem: 28813
Test:  [1650/4000]  eta: 0:06:33  inter: 15839.0000 (23988.1878)  union: 35223.0000 (39732.6424)  iou: 0.3533 (0.5640)  time: 0.1329  data: 0.0005  max mem: 28813
Test:  [1700/4000]  eta: 0:06:22  inter: 16822.0000 (23966.0647)  union: 35432.0000 (39782.7501)  iou: 0.7669 (0.5628)  time: 0.1337  data: 0.0005  max mem: 28813
Test:  [1750/4000]  eta: 0:06:12  inter: 19703.0000 (23913.2058)  union: 32485.0000 (39709.1544)  iou: 0.7739 (0.5624)  time: 0.1506  data: 0.0005  max mem: 28813
Test:  [1800/4000]  eta: 0:06:03  inter: 17974.0000 (23809.9929)  union: 44975.0000 (39609.8127)  iou: 0.4582 (0.5617)  time: 0.1546  data: 0.0005  max mem: 28813
Test:  [1850/4000]  eta: 0:05:52  inter: 67.0000 (23768.2031)  union: 33576.0000 (39662.4126)  iou: 0.0018 (0.5598)  time: 0.1384  data: 0.0005  max mem: 28813
Test:  [1900/4000]  eta: 0:05:43  inter: 37072.0000 (23725.0432)  union: 56045.0000 (39587.4491)  iou: 0.5964 (0.5606)  time: 0.1402  data: 0.0005  max mem: 28813
Test:  [1950/4000]  eta: 0:05:34  inter: 11741.0000 (23684.8682)  union: 16725.0000 (39564.4871)  iou: 0.7188 (0.5607)  time: 0.1389  data: 0.0005  max mem: 28813
Test:  [2000/4000]  eta: 0:05:24  inter: 16644.0000 (23729.7242)  union: 22306.0000 (39522.5839)  iou: 0.6467 (0.5620)  time: 0.1224  data: 0.0005  max mem: 28813
Test:  [2050/4000]  eta: 0:05:15  inter: 6788.0000 (23593.6723)  union: 56140.0000 (39621.3039)  iou: 0.2012 (0.5598)  time: 0.1655  data: 0.0005  max mem: 28813
Test:  [2100/4000]  eta: 0:05:06  inter: 15304.0000 (23533.7245)  union: 31882.0000 (39587.0978)  iou: 0.7613 (0.5594)  time: 0.1249  data: 0.0005  max mem: 28813
Test:  [2150/4000]  eta: 0:04:56  inter: 19165.0000 (23543.3912)  union: 30477.0000 (39627.1215)  iou: 0.8030 (0.5589)  time: 0.1272  data: 0.0005  max mem: 28813
Test:  [2200/4000]  eta: 0:04:47  inter: 13933.0000 (23520.9600)  union: 21041.0000 (39583.2344)  iou: 0.5177 (0.5591)  time: 0.1413  data: 0.0005  max mem: 28813
Test:  [2250/4000]  eta: 0:04:39  inter: 14097.0000 (23406.5957)  union: 37666.0000 (39434.5167)  iou: 0.5479 (0.5580)  time: 0.1258  data: 0.0005  max mem: 28813
Test:  [2300/4000]  eta: 0:04:30  inter: 19109.0000 (23482.1917)  union: 37062.0000 (39411.6644)  iou: 0.5582 (0.5600)  time: 0.1383  data: 0.0005  max mem: 28813
Test:  [2350/4000]  eta: 0:04:21  inter: 15457.0000 (23392.6022)  union: 49853.0000 (39373.0482)  iou: 0.7058 (0.5599)  time: 0.1494  data: 0.0005  max mem: 28813
Test:  [2400/4000]  eta: 0:04:13  inter: 10583.0000 (23451.5681)  union: 33048.0000 (39356.0398)  iou: 0.4429 (0.5605)  time: 0.1514  data: 0.0005  max mem: 28813
Test:  [2450/4000]  eta: 0:04:04  inter: 28968.0000 (23519.9688)  union: 32062.0000 (39417.6542)  iou: 0.8569 (0.5619)  time: 0.1162  data: 0.0005  max mem: 28813
Test:  [2500/4000]  eta: 0:03:55  inter: 24933.0000 (23486.6642)  union: 40311.0000 (39437.9602)  iou: 0.7807 (0.5616)  time: 0.1206  data: 0.0005  max mem: 28813
Test:  [2550/4000]  eta: 0:03:47  inter: 28520.0000 (23589.9875)  union: 33066.0000 (39563.9416)  iou: 0.7974 (0.5621)  time: 0.1523  data: 0.0005  max mem: 28813
Test:  [2600/4000]  eta: 0:03:38  inter: 10639.0000 (23496.5645)  union: 30781.0000 (39497.5962)  iou: 0.2692 (0.5605)  time: 0.1415  data: 0.0005  max mem: 28813
Test:  [2650/4000]  eta: 0:03:30  inter: 16796.0000 (23493.2852)  union: 34270.0000 (39694.8633)  iou: 0.8014 (0.5598)  time: 0.1409  data: 0.0005  max mem: 28813
Test:  [2700/4000]  eta: 0:03:22  inter: 22344.0000 (23592.6771)  union: 30327.0000 (39781.9090)  iou: 0.8456 (0.5611)  time: 0.1330  data: 0.0005  max mem: 28813
Test:  [2750/4000]  eta: 0:03:14  inter: 23067.0000 (23667.0431)  union: 29073.0000 (39920.5823)  iou: 0.6453 (0.5604)  time: 0.1298  data: 0.0005  max mem: 28813
Test:  [2800/4000]  eta: 0:03:05  inter: 14746.0000 (23651.8586)  union: 25571.0000 (39805.8132)  iou: 0.5744 (0.5609)  time: 0.1334  data: 0.0005  max mem: 28813
Test:  [2850/4000]  eta: 0:02:57  inter: 12453.0000 (23775.1014)  union: 33022.0000 (39904.4404)  iou: 0.4212 (0.5602)  time: 0.1305  data: 0.0005  max mem: 28813
Test:  [2900/4000]  eta: 0:02:50  inter: 17586.0000 (23790.3699)  union: 26076.0000 (39946.6072)  iou: 0.7041 (0.5595)  time: 0.1256  data: 0.0005  max mem: 28813
Test:  [2950/4000]  eta: 0:02:41  inter: 17813.0000 (23821.9810)  union: 26381.0000 (39973.5692)  iou: 0.4387 (0.5597)  time: 0.1262  data: 0.0005  max mem: 28813
Test:  [3000/4000]  eta: 0:02:33  inter: 10491.0000 (23765.9619)  union: 32397.0000 (39925.0258)  iou: 0.4229 (0.5587)  time: 0.1518  data: 0.0005  max mem: 28813
Test:  [3050/4000]  eta: 0:02:26  inter: 13364.0000 (23721.9710)  union: 29667.0000 (39959.6066)  iou: 0.4537 (0.5586)  time: 0.1339  data: 0.0007  max mem: 28813
Test:  [3100/4000]  eta: 0:02:18  inter: 19292.0000 (23707.2288)  union: 41711.0000 (39931.1874)  iou: 0.4548 (0.5590)  time: 0.1364  data: 0.0005  max mem: 28813
Test:  [3150/4000]  eta: 0:02:10  inter: 10884.0000 (23599.5098)  union: 21331.0000 (39807.1384)  iou: 0.4654 (0.5587)  time: 0.1418  data: 0.0005  max mem: 28813
Test:  [3200/4000]  eta: 0:02:02  inter: 11202.0000 (23591.7575)  union: 38115.0000 (39844.9639)  iou: 0.6427 (0.5590)  time: 0.1304  data: 0.0005  max mem: 28813
Test:  [3250/4000]  eta: 0:01:54  inter: 19119.0000 (23537.4416)  union: 25463.0000 (39794.7580)  iou: 0.6649 (0.5576)  time: 0.1354  data: 0.0005  max mem: 28813
Test:  [3300/4000]  eta: 0:01:46  inter: 24807.0000 (23604.1071)  union: 45059.0000 (39897.5525)  iou: 0.5687 (0.5568)  time: 0.1518  data: 0.0005  max mem: 28813
Test:  [3350/4000]  eta: 0:01:38  inter: 9658.0000 (23601.0334)  union: 12551.0000 (39907.7777)  iou: 0.7409 (0.5574)  time: 0.1186  data: 0.0005  max mem: 28813
Test:  [3400/4000]  eta: 0:01:31  inter: 25335.0000 (23723.2539)  union: 40653.0000 (39968.4513)  iou: 0.8606 (0.5589)  time: 0.1486  data: 0.0005  max mem: 28813
Test:  [3450/4000]  eta: 0:01:23  inter: 16509.0000 (23728.4658)  union: 30454.0000 (40003.5741)  iou: 0.4354 (0.5587)  time: 0.1278  data: 0.0005  max mem: 28813
Test:  [3500/4000]  eta: 0:01:15  inter: 11181.0000 (23703.2021)  union: 20752.0000 (39924.1468)  iou: 0.4186 (0.5588)  time: 0.1250  data: 0.0005  max mem: 28813
Test:  [3550/4000]  eta: 0:01:08  inter: 15396.0000 (23702.1148)  union: 36980.0000 (39937.6308)  iou: 0.6256 (0.5583)  time: 0.1229  data: 0.0005  max mem: 28813
Test:  [3600/4000]  eta: 0:01:00  inter: 21183.0000 (23649.0260)  union: 36387.0000 (39909.5319)  iou: 0.3928 (0.5572)  time: 0.1287  data: 0.0005  max mem: 28813
Test:  [3650/4000]  eta: 0:00:52  inter: 13960.0000 (23600.1157)  union: 39038.0000 (39904.9757)  iou: 0.4413 (0.5564)  time: 0.1604  data: 0.0005  max mem: 28813
Test:  [3700/4000]  eta: 0:00:45  inter: 20564.0000 (23718.9194)  union: 36222.0000 (39947.1247)  iou: 0.8204 (0.5574)  time: 0.1334  data: 0.0005  max mem: 28813
Test:  [3750/4000]  eta: 0:00:37  inter: 22546.0000 (23769.0121)  union: 44381.0000 (39995.8179)  iou: 0.4954 (0.5584)  time: 0.1312  data: 0.0005  max mem: 28813
Test:  [3800/4000]  eta: 0:00:30  inter: 20089.0000 (23813.5872)  union: 29429.0000 (39973.1104)  iou: 0.5735 (0.5590)  time: 0.1162  data: 0.0005  max mem: 28813
Test:  [3850/4000]  eta: 0:00:22  inter: 18253.0000 (23786.5001)  union: 33351.0000 (40005.4892)  iou: 0.7959 (0.5587)  time: 0.1337  data: 0.0005  max mem: 28813
Test:  [3900/4000]  eta: 0:00:14  inter: 17053.0000 (23808.2683)  union: 33320.0000 (40095.1431)  iou: 0.5424 (0.5582)  time: 0.1380  data: 0.0005  max mem: 28813
Test:  [3950/4000]  eta: 0:00:07  inter: 17470.0000 (23779.4312)  union: 35406.0000 (40041.5972)  iou: 0.6959 (0.5587)  time: 0.1285  data: 0.0005  max mem: 28813
Test:  [3999/4000]  eta: 0:00:00  inter: 14834.0000 (23742.9791)  union: 30887.0000 (39955.5493)  iou: 0.4569 (0.5597)  time: 0.1128  data: 0.0002  max mem: 28813
Test: Total time: 0:09:59 (0.1500 s / it)
* IoU 0.560 oIoU 0.594
IoU of the network on the 4000 test images: 0.6%
Max IoU: 0.56%
huggingface/tokenizers: The current process just got forked, after parallelism has already been used. Disabling parallelism to avoid deadlocks...
To disable this warning, you can either:
	- Avoid using `tokenizers` before the fork if possible
	- Explicitly set the environment variable TOKENIZERS_PARALLELISM=(true | false)
huggingface/tokenizers: The current process just got forked, after parallelism has already been used. Disabling parallelism to avoid deadlocks...
To disable this warning, you can either:
	- Avoid using `tokenizers` before the fork if possible
	- Explicitly set the environment variable TOKENIZERS_PARALLELISM=(true | false)
huggingface/tokenizers: The current process just got forked, after parallelism has already been used. Disabling parallelism to avoid deadlocks...
To disable this warning, you can either:
	- Avoid using `tokenizers` before the fork if possible
	- Explicitly set the environment variable TOKENIZERS_PARALLELISM=(true | false)
huggingface/tokenizers: The current process just got forked, after parallelism has already been used. Disabling parallelism to avoid deadlocks...
To disable this warning, you can either:
	- Avoid using `tokenizers` before the fork if possible
	- Explicitly set the environment variable TOKENIZERS_PARALLELISM=(true | false)
huggingface/tokenizers: The current process just got forked, after parallelism has already been used. Disabling parallelism to avoid deadlocks...
To disable this warning, you can either:
	- Avoid using `tokenizers` before the fork if possible
	- Explicitly set the environment variable TOKENIZERS_PARALLELISM=(true | false)
huggingface/tokenizers: The current process just got forked, after parallelism has already been used. Disabling parallelism to avoid deadlocks...
To disable this warning, you can either:
	- Avoid using `tokenizers` before the fork if possible
	- Explicitly set the environment variable TOKENIZERS_PARALLELISM=(true | false)
huggingface/tokenizers: The current process just got forked, after parallelism has already been used. Disabling parallelism to avoid deadlocks...
To disable this warning, you can either:
	- Avoid using `tokenizers` before the fork if possible
	- Explicitly set the environment variable TOKENIZERS_PARALLELISM=(true | false)
huggingface/tokenizers: The current process just got forked, after parallelism has already been used. Disabling parallelism to avoid deadlocks...
To disable this warning, you can either:
	- Avoid using `tokenizers` before the fork if possible
	- Explicitly set the environment variable TOKENIZERS_PARALLELISM=(true | false)
Epoch: [9]  [   0/5625]  eta: 8:00:57  lr: 0.000009  train_loss: 0.1570 (0.1570)  train_iou: 0.5021 (0.5021)  time: 5.1303  data: 3.7968  max mem: 28813
Epoch: [9]  [  20/5625]  eta: 1:12:34  lr: 0.000009  train_loss: 0.2314 (0.2535)  train_iou: 0.6522 (0.6329)  time: 0.5593  data: 0.0210  max mem: 28813
Epoch: [9]  [  40/5625]  eta: 1:00:38  lr: 0.000009  train_loss: 0.1151 (0.2099)  train_iou: 0.6706 (0.6611)  time: 0.5196  data: 0.0005  max mem: 28813
Epoch: [9]  [  60/5625]  eta: 0:56:26  lr: 0.000009  train_loss: 0.1264 (0.1965)  train_iou: 0.6755 (0.6735)  time: 0.5207  data: 0.0038  max mem: 28813
Epoch: [9]  [  80/5625]  eta: 0:54:20  lr: 0.000009  train_loss: 0.1666 (0.2025)  train_iou: 0.6221 (0.6631)  time: 0.5254  data: 0.0008  max mem: 28813
Epoch: [9]  [ 100/5625]  eta: 0:53:00  lr: 0.000009  train_loss: 0.1366 (0.2026)  train_iou: 0.7402 (0.6693)  time: 0.5251  data: 0.0027  max mem: 28813
Epoch: [9]  [ 120/5625]  eta: 0:51:59  lr: 0.000009  train_loss: 0.1049 (0.1941)  train_iou: 0.6779 (0.6706)  time: 0.5217  data: 0.0011  max mem: 28813
Epoch: [9]  [ 140/5625]  eta: 0:51:12  lr: 0.000009  train_loss: 0.0934 (0.1856)  train_iou: 0.6618 (0.6743)  time: 0.5209  data: 0.0013  max mem: 28813
Epoch: [9]  [ 160/5625]  eta: 0:50:44  lr: 0.000009  train_loss: 0.1647 (0.1839)  train_iou: 0.6653 (0.6733)  time: 0.5353  data: 0.0022  max mem: 28813
Epoch: [9]  [ 180/5625]  eta: 0:50:13  lr: 0.000009  train_loss: 0.1111 (0.1822)  train_iou: 0.6407 (0.6661)  time: 0.5235  data: 0.0010  max mem: 28813
Epoch: [9]  [ 200/5625]  eta: 0:49:46  lr: 0.000009  train_loss: 0.2381 (0.1860)  train_iou: 0.5585 (0.6587)  time: 0.5245  data: 0.0009  max mem: 28813
Epoch: [9]  [ 220/5625]  eta: 0:49:25  lr: 0.000009  train_loss: 0.1100 (0.1845)  train_iou: 0.6822 (0.6607)  time: 0.5297  data: 0.0021  max mem: 28813
Epoch: [9]  [ 240/5625]  eta: 0:48:59  lr: 0.000009  train_loss: 0.1491 (0.1886)  train_iou: 0.6488 (0.6586)  time: 0.5165  data: 0.0031  max mem: 28813
Epoch: [9]  [ 260/5625]  eta: 0:48:40  lr: 0.000009  train_loss: 0.1676 (0.1894)  train_iou: 0.6459 (0.6601)  time: 0.5249  data: 0.0018  max mem: 28813
Epoch: [9]  [ 280/5625]  eta: 0:48:21  lr: 0.000009  train_loss: 0.1231 (0.1870)  train_iou: 0.6691 (0.6604)  time: 0.5243  data: 0.0020  max mem: 28813
Epoch: [9]  [ 300/5625]  eta: 0:48:04  lr: 0.000009  train_loss: 0.1098 (0.1858)  train_iou: 0.6792 (0.6633)  time: 0.5243  data: 0.0026  max mem: 28813
Epoch: [9]  [ 320/5625]  eta: 0:47:50  lr: 0.000009  train_loss: 0.1475 (0.1877)  train_iou: 0.6151 (0.6603)  time: 0.5309  data: 0.0034  max mem: 28813
Epoch: [9]  [ 340/5625]  eta: 0:47:33  lr: 0.000009  train_loss: 0.1639 (0.1891)  train_iou: 0.6565 (0.6602)  time: 0.5237  data: 0.0013  max mem: 28813
Epoch: [9]  [ 360/5625]  eta: 0:47:17  lr: 0.000009  train_loss: 0.1968 (0.1900)  train_iou: 0.6840 (0.6611)  time: 0.5205  data: 0.0030  max mem: 28813
Epoch: [9]  [ 380/5625]  eta: 0:47:00  lr: 0.000009  train_loss: 0.2199 (0.1924)  train_iou: 0.5763 (0.6590)  time: 0.5172  data: 0.0028  max mem: 28813
Epoch: [9]  [ 400/5625]  eta: 0:46:47  lr: 0.000009  train_loss: 0.2303 (0.1952)  train_iou: 0.5796 (0.6560)  time: 0.5301  data: 0.0022  max mem: 28813
Epoch: [9]  [ 420/5625]  eta: 0:46:35  lr: 0.000009  train_loss: 0.1263 (0.1945)  train_iou: 0.5715 (0.6532)  time: 0.5308  data: 0.0026  max mem: 28813
Epoch: [9]  [ 440/5625]  eta: 0:46:19  lr: 0.000009  train_loss: 0.1462 (0.1929)  train_iou: 0.6855 (0.6543)  time: 0.5148  data: 0.0008  max mem: 28813
Epoch: [9]  [ 460/5625]  eta: 0:46:06  lr: 0.000009  train_loss: 0.1523 (0.1926)  train_iou: 0.6597 (0.6541)  time: 0.5242  data: 0.0032  max mem: 28813
Epoch: [9]  [ 480/5625]  eta: 0:45:53  lr: 0.000009  train_loss: 0.1257 (0.1919)  train_iou: 0.6688 (0.6555)  time: 0.5261  data: 0.0042  max mem: 28813
Epoch: [9]  [ 500/5625]  eta: 0:45:40  lr: 0.000009  train_loss: 0.1997 (0.1935)  train_iou: 0.6009 (0.6529)  time: 0.5224  data: 0.0007  max mem: 28813
Epoch: [9]  [ 520/5625]  eta: 0:45:27  lr: 0.000009  train_loss: 0.1253 (0.1938)  train_iou: 0.6441 (0.6528)  time: 0.5251  data: 0.0027  max mem: 28813
Epoch: [9]  [ 540/5625]  eta: 0:45:14  lr: 0.000009  train_loss: 0.1118 (0.1932)  train_iou: 0.6675 (0.6534)  time: 0.5228  data: 0.0012  max mem: 28813
Epoch: [9]  [ 560/5625]  eta: 0:45:01  lr: 0.000009  train_loss: 0.2258 (0.1938)  train_iou: 0.6549 (0.6535)  time: 0.5183  data: 0.0021  max mem: 28813
Epoch: [9]  [ 580/5625]  eta: 0:44:49  lr: 0.000009  train_loss: 0.1868 (0.1940)  train_iou: 0.5882 (0.6524)  time: 0.5257  data: 0.0039  max mem: 28813
Epoch: [9]  [ 600/5625]  eta: 0:44:36  lr: 0.000009  train_loss: 0.1919 (0.1956)  train_iou: 0.7177 (0.6538)  time: 0.5211  data: 0.0025  max mem: 28813
Epoch: [9]  [ 620/5625]  eta: 0:44:23  lr: 0.000009  train_loss: 0.2184 (0.1967)  train_iou: 0.6709 (0.6538)  time: 0.5174  data: 0.0015  max mem: 28813
Epoch: [9]  [ 640/5625]  eta: 0:44:10  lr: 0.000009  train_loss: 0.1374 (0.1987)  train_iou: 0.6803 (0.6540)  time: 0.5181  data: 0.0023  max mem: 28813
Epoch: [9]  [ 660/5625]  eta: 0:43:58  lr: 0.000009  train_loss: 0.1245 (0.1983)  train_iou: 0.6413 (0.6547)  time: 0.5224  data: 0.0010  max mem: 28813
Epoch: [9]  [ 680/5625]  eta: 0:43:47  lr: 0.000009  train_loss: 0.2060 (0.1982)  train_iou: 0.6829 (0.6548)  time: 0.5289  data: 0.0023  max mem: 28813
Epoch: [9]  [ 700/5625]  eta: 0:43:36  lr: 0.000009  train_loss: 0.1944 (0.1983)  train_iou: 0.7090 (0.6560)  time: 0.5246  data: 0.0028  max mem: 28813
Epoch: [9]  [ 720/5625]  eta: 0:43:23  lr: 0.000009  train_loss: 0.1413 (0.1979)  train_iou: 0.5687 (0.6554)  time: 0.5210  data: 0.0025  max mem: 28813
Epoch: [9]  [ 740/5625]  eta: 0:43:12  lr: 0.000009  train_loss: 0.1018 (0.1973)  train_iou: 0.6802 (0.6556)  time: 0.5219  data: 0.0005  max mem: 28813
Epoch: [9]  [ 760/5625]  eta: 0:43:02  lr: 0.000009  train_loss: 0.1581 (0.1973)  train_iou: 0.6942 (0.6569)  time: 0.5350  data: 0.0051  max mem: 28813
Epoch: [9]  [ 780/5625]  eta: 0:42:50  lr: 0.000009  train_loss: 0.1067 (0.1966)  train_iou: 0.6179 (0.6557)  time: 0.5220  data: 0.0024  max mem: 28813
Epoch: [9]  [ 800/5625]  eta: 0:42:37  lr: 0.000009  train_loss: 0.1367 (0.1969)  train_iou: 0.6142 (0.6548)  time: 0.5133  data: 0.0008  max mem: 28813
Epoch: [9]  [ 820/5625]  eta: 0:42:26  lr: 0.000009  train_loss: 0.1645 (0.1972)  train_iou: 0.6745 (0.6551)  time: 0.5246  data: 0.0039  max mem: 28813
Epoch: [9]  [ 840/5625]  eta: 0:42:15  lr: 0.000009  train_loss: 0.1937 (0.1978)  train_iou: 0.6480 (0.6549)  time: 0.5276  data: 0.0031  max mem: 28813
Epoch: [9]  [ 860/5625]  eta: 0:42:05  lr: 0.000009  train_loss: 0.1524 (0.1973)  train_iou: 0.6194 (0.6542)  time: 0.5317  data: 0.0031  max mem: 28813
Epoch: [9]  [ 880/5625]  eta: 0:41:54  lr: 0.000009  train_loss: 0.2012 (0.1974)  train_iou: 0.6692 (0.6544)  time: 0.5265  data: 0.0008  max mem: 28813
Epoch: [9]  [ 900/5625]  eta: 0:41:43  lr: 0.000009  train_loss: 0.1221 (0.1970)  train_iou: 0.7184 (0.6554)  time: 0.5240  data: 0.0030  max mem: 28813
Epoch: [9]  [ 920/5625]  eta: 0:41:32  lr: 0.000009  train_loss: 0.1235 (0.1958)  train_iou: 0.6551 (0.6556)  time: 0.5288  data: 0.0034  max mem: 28813
Epoch: [9]  [ 940/5625]  eta: 0:41:21  lr: 0.000009  train_loss: 0.1142 (0.1953)  train_iou: 0.6836 (0.6563)  time: 0.5290  data: 0.0037  max mem: 28813
Epoch: [9]  [ 960/5625]  eta: 0:41:10  lr: 0.000009  train_loss: 0.0992 (0.1944)  train_iou: 0.6598 (0.6563)  time: 0.5235  data: 0.0025  max mem: 28813
Epoch: [9]  [ 980/5625]  eta: 0:40:59  lr: 0.000009  train_loss: 0.1537 (0.1945)  train_iou: 0.6596 (0.6567)  time: 0.5223  data: 0.0023  max mem: 28813
Epoch: [9]  [1000/5625]  eta: 0:40:47  lr: 0.000009  train_loss: 0.1326 (0.1944)  train_iou: 0.6525 (0.6563)  time: 0.5172  data: 0.0016  max mem: 28813
Epoch: [9]  [1020/5625]  eta: 0:40:36  lr: 0.000009  train_loss: 0.1533 (0.1942)  train_iou: 0.7032 (0.6569)  time: 0.5276  data: 0.0010  max mem: 28813
Epoch: [9]  [1040/5625]  eta: 0:40:25  lr: 0.000009  train_loss: 0.1319 (0.1945)  train_iou: 0.6775 (0.6579)  time: 0.5234  data: 0.0038  max mem: 28813
Epoch: [9]  [1060/5625]  eta: 0:40:14  lr: 0.000009  train_loss: 0.0840 (0.1931)  train_iou: 0.6468 (0.6571)  time: 0.5175  data: 0.0028  max mem: 28813
Epoch: [9]  [1080/5625]  eta: 0:40:02  lr: 0.000009  train_loss: 0.0984 (0.1921)  train_iou: 0.7565 (0.6584)  time: 0.5194  data: 0.0018  max mem: 28813
Epoch: [9]  [1100/5625]  eta: 0:39:51  lr: 0.000009  train_loss: 0.1932 (0.1924)  train_iou: 0.6273 (0.6571)  time: 0.5233  data: 0.0011  max mem: 28813
Epoch: [9]  [1120/5625]  eta: 0:39:40  lr: 0.000009  train_loss: 0.1952 (0.1930)  train_iou: 0.6403 (0.6564)  time: 0.5242  data: 0.0025  max mem: 28813
Epoch: [9]  [1140/5625]  eta: 0:39:30  lr: 0.000009  train_loss: 0.1081 (0.1926)  train_iou: 0.5465 (0.6558)  time: 0.5298  data: 0.0036  max mem: 28813
Epoch: [9]  [1160/5625]  eta: 0:39:19  lr: 0.000009  train_loss: 0.1715 (0.1932)  train_iou: 0.6601 (0.6562)  time: 0.5217  data: 0.0029  max mem: 28813
Epoch: [9]  [1180/5625]  eta: 0:39:08  lr: 0.000009  train_loss: 0.1902 (0.1933)  train_iou: 0.6662 (0.6560)  time: 0.5234  data: 0.0025  max mem: 28813
Epoch: [9]  [1200/5625]  eta: 0:38:57  lr: 0.000009  train_loss: 0.1709 (0.1931)  train_iou: 0.6733 (0.6566)  time: 0.5276  data: 0.0041  max mem: 28813
Epoch: [9]  [1220/5625]  eta: 0:38:46  lr: 0.000009  train_loss: 0.1642 (0.1934)  train_iou: 0.6634 (0.6569)  time: 0.5256  data: 0.0008  max mem: 28813
Epoch: [9]  [1240/5625]  eta: 0:38:35  lr: 0.000009  train_loss: 0.1154 (0.1933)  train_iou: 0.6749 (0.6577)  time: 0.5213  data: 0.0026  max mem: 28813
Epoch: [9]  [1260/5625]  eta: 0:38:24  lr: 0.000009  train_loss: 0.1573 (0.1931)  train_iou: 0.6861 (0.6576)  time: 0.5230  data: 0.0044  max mem: 28813
Epoch: [9]  [1280/5625]  eta: 0:38:14  lr: 0.000009  train_loss: 0.1632 (0.1932)  train_iou: 0.7076 (0.6582)  time: 0.5252  data: 0.0023  max mem: 28813
Epoch: [9]  [1300/5625]  eta: 0:38:03  lr: 0.000009  train_loss: 0.2055 (0.1937)  train_iou: 0.6724 (0.6583)  time: 0.5299  data: 0.0022  max mem: 28813
Epoch: [9]  [1320/5625]  eta: 0:37:53  lr: 0.000009  train_loss: 0.1365 (0.1935)  train_iou: 0.7196 (0.6587)  time: 0.5289  data: 0.0023  max mem: 28813
Epoch: [9]  [1340/5625]  eta: 0:37:41  lr: 0.000009  train_loss: 0.1224 (0.1932)  train_iou: 0.6599 (0.6591)  time: 0.5162  data: 0.0022  max mem: 28813
Epoch: [9]  [1360/5625]  eta: 0:37:30  lr: 0.000009  train_loss: 0.1652 (0.1939)  train_iou: 0.7182 (0.6595)  time: 0.5177  data: 0.0019  max mem: 28813
Epoch: [9]  [1380/5625]  eta: 0:37:19  lr: 0.000009  train_loss: 0.2072 (0.1944)  train_iou: 0.6656 (0.6597)  time: 0.5173  data: 0.0028  max mem: 28813
Epoch: [9]  [1400/5625]  eta: 0:37:08  lr: 0.000009  train_loss: 0.1129 (0.1946)  train_iou: 0.6378 (0.6597)  time: 0.5176  data: 0.0037  max mem: 28813
Epoch: [9]  [1420/5625]  eta: 0:36:57  lr: 0.000009  train_loss: 0.1488 (0.1950)  train_iou: 0.5797 (0.6586)  time: 0.5199  data: 0.0013  max mem: 28813
Epoch: [9]  [1440/5625]  eta: 0:36:46  lr: 0.000009  train_loss: 0.1019 (0.1945)  train_iou: 0.5879 (0.6585)  time: 0.5286  data: 0.0023  max mem: 28813
Epoch: [9]  [1460/5625]  eta: 0:36:35  lr: 0.000009  train_loss: 0.1141 (0.1941)  train_iou: 0.6727 (0.6593)  time: 0.5159  data: 0.0009  max mem: 28813
Epoch: [9]  [1480/5625]  eta: 0:36:24  lr: 0.000009  train_loss: 0.1055 (0.1941)  train_iou: 0.6262 (0.6591)  time: 0.5212  data: 0.0007  max mem: 28813
Epoch: [9]  [1500/5625]  eta: 0:36:13  lr: 0.000009  train_loss: 0.1385 (0.1946)  train_iou: 0.6521 (0.6584)  time: 0.5182  data: 0.0007  max mem: 28813
Epoch: [9]  [1520/5625]  eta: 0:36:03  lr: 0.000009  train_loss: 0.1432 (0.1949)  train_iou: 0.5800 (0.6580)  time: 0.5245  data: 0.0023  max mem: 28813
Epoch: [9]  [1540/5625]  eta: 0:35:52  lr: 0.000009  train_loss: 0.1455 (0.1950)  train_iou: 0.6790 (0.6585)  time: 0.5229  data: 0.0019  max mem: 28813
Epoch: [9]  [1560/5625]  eta: 0:35:41  lr: 0.000009  train_loss: 0.0864 (0.1944)  train_iou: 0.6711 (0.6586)  time: 0.5205  data: 0.0019  max mem: 28813
Epoch: [9]  [1580/5625]  eta: 0:35:30  lr: 0.000009  train_loss: 0.1315 (0.1943)  train_iou: 0.7045 (0.6592)  time: 0.5163  data: 0.0011  max mem: 28813
Epoch: [9]  [1600/5625]  eta: 0:35:19  lr: 0.000009  train_loss: 0.1670 (0.1942)  train_iou: 0.6535 (0.6588)  time: 0.5167  data: 0.0020  max mem: 28813
Epoch: [9]  [1620/5625]  eta: 0:35:09  lr: 0.000009  train_loss: 0.1470 (0.1942)  train_iou: 0.6618 (0.6589)  time: 0.5304  data: 0.0038  max mem: 28813
Epoch: [9]  [1640/5625]  eta: 0:34:58  lr: 0.000009  train_loss: 0.2132 (0.1943)  train_iou: 0.6523 (0.6585)  time: 0.5280  data: 0.0035  max mem: 28813
Epoch: [9]  [1660/5625]  eta: 0:34:48  lr: 0.000009  train_loss: 0.1433 (0.1940)  train_iou: 0.6835 (0.6593)  time: 0.5250  data: 0.0047  max mem: 28813
Epoch: [9]  [1680/5625]  eta: 0:34:37  lr: 0.000009  train_loss: 0.1971 (0.1939)  train_iou: 0.6760 (0.6595)  time: 0.5252  data: 0.0029  max mem: 28813
Epoch: [9]  [1700/5625]  eta: 0:34:26  lr: 0.000009  train_loss: 0.1949 (0.1942)  train_iou: 0.6432 (0.6591)  time: 0.5227  data: 0.0028  max mem: 28813
Epoch: [9]  [1720/5625]  eta: 0:34:16  lr: 0.000009  train_loss: 0.1334 (0.1939)  train_iou: 0.6801 (0.6593)  time: 0.5251  data: 0.0020  max mem: 28813
Epoch: [9]  [1740/5625]  eta: 0:34:05  lr: 0.000009  train_loss: 0.1781 (0.1941)  train_iou: 0.6684 (0.6595)  time: 0.5212  data: 0.0043  max mem: 28813
Epoch: [9]  [1760/5625]  eta: 0:33:54  lr: 0.000009  train_loss: 0.1690 (0.1942)  train_iou: 0.5844 (0.6591)  time: 0.5227  data: 0.0008  max mem: 28813
Epoch: [9]  [1780/5625]  eta: 0:33:43  lr: 0.000009  train_loss: 0.1467 (0.1941)  train_iou: 0.6285 (0.6590)  time: 0.5228  data: 0.0036  max mem: 28813
Epoch: [9]  [1800/5625]  eta: 0:33:33  lr: 0.000009  train_loss: 0.1218 (0.1945)  train_iou: 0.6813 (0.6590)  time: 0.5171  data: 0.0021  max mem: 28813
Epoch: [9]  [1820/5625]  eta: 0:33:22  lr: 0.000009  train_loss: 0.1854 (0.1947)  train_iou: 0.6761 (0.6591)  time: 0.5230  data: 0.0015  max mem: 28813
Epoch: [9]  [1840/5625]  eta: 0:33:11  lr: 0.000009  train_loss: 0.1667 (0.1945)  train_iou: 0.6299 (0.6584)  time: 0.5210  data: 0.0016  max mem: 28813
Epoch: [9]  [1860/5625]  eta: 0:33:01  lr: 0.000009  train_loss: 0.1998 (0.1949)  train_iou: 0.6066 (0.6578)  time: 0.5290  data: 0.0010  max mem: 28813
Epoch: [9]  [1880/5625]  eta: 0:32:50  lr: 0.000009  train_loss: 0.1205 (0.1947)  train_iou: 0.6555 (0.6579)  time: 0.5217  data: 0.0024  max mem: 28813
Epoch: [9]  [1900/5625]  eta: 0:32:39  lr: 0.000009  train_loss: 0.1245 (0.1945)  train_iou: 0.5700 (0.6576)  time: 0.5251  data: 0.0025  max mem: 28813
Epoch: [9]  [1920/5625]  eta: 0:32:29  lr: 0.000009  train_loss: 0.1111 (0.1943)  train_iou: 0.6640 (0.6574)  time: 0.5259  data: 0.0046  max mem: 28813
Epoch: [9]  [1940/5625]  eta: 0:32:18  lr: 0.000009  train_loss: 0.1467 (0.1942)  train_iou: 0.6311 (0.6574)  time: 0.5174  data: 0.0024  max mem: 28813
Epoch: [9]  [1960/5625]  eta: 0:32:07  lr: 0.000009  train_loss: 0.1253 (0.1941)  train_iou: 0.7082 (0.6580)  time: 0.5203  data: 0.0024  max mem: 28813
Epoch: [9]  [1980/5625]  eta: 0:31:57  lr: 0.000009  train_loss: 0.1418 (0.1942)  train_iou: 0.6670 (0.6582)  time: 0.5280  data: 0.0033  max mem: 28813
Epoch: [9]  [2000/5625]  eta: 0:31:46  lr: 0.000009  train_loss: 0.1120 (0.1941)  train_iou: 0.7327 (0.6586)  time: 0.5289  data: 0.0032  max mem: 28813
Epoch: [9]  [2020/5625]  eta: 0:31:36  lr: 0.000009  train_loss: 0.1711 (0.1938)  train_iou: 0.6651 (0.6584)  time: 0.5239  data: 0.0028  max mem: 28813
Epoch: [9]  [2040/5625]  eta: 0:31:25  lr: 0.000009  train_loss: 0.1751 (0.1940)  train_iou: 0.6829 (0.6585)  time: 0.5179  data: 0.0023  max mem: 28813
Epoch: [9]  [2060/5625]  eta: 0:31:15  lr: 0.000009  train_loss: 0.1252 (0.1940)  train_iou: 0.6384 (0.6584)  time: 0.5316  data: 0.0024  max mem: 28813
Epoch: [9]  [2080/5625]  eta: 0:31:04  lr: 0.000009  train_loss: 0.2034 (0.1941)  train_iou: 0.6189 (0.6582)  time: 0.5304  data: 0.0037  max mem: 28813
Epoch: [9]  [2100/5625]  eta: 0:30:54  lr: 0.000009  train_loss: 0.1602 (0.1941)  train_iou: 0.6782 (0.6582)  time: 0.5178  data: 0.0024  max mem: 28813
Epoch: [9]  [2120/5625]  eta: 0:30:43  lr: 0.000009  train_loss: 0.1629 (0.1943)  train_iou: 0.6517 (0.6581)  time: 0.5238  data: 0.0011  max mem: 28813
Epoch: [9]  [2140/5625]  eta: 0:30:32  lr: 0.000009  train_loss: 0.0959 (0.1941)  train_iou: 0.6891 (0.6584)  time: 0.5266  data: 0.0043  max mem: 28813
Epoch: [9]  [2160/5625]  eta: 0:30:22  lr: 0.000009  train_loss: 0.1308 (0.1939)  train_iou: 0.6497 (0.6582)  time: 0.5177  data: 0.0009  max mem: 28813
Epoch: [9]  [2180/5625]  eta: 0:30:11  lr: 0.000009  train_loss: 0.1899 (0.1945)  train_iou: 0.6091 (0.6578)  time: 0.5209  data: 0.0007  max mem: 28813
Epoch: [9]  [2200/5625]  eta: 0:30:01  lr: 0.000009  train_loss: 0.1767 (0.1945)  train_iou: 0.6826 (0.6579)  time: 0.5302  data: 0.0037  max mem: 28813
Epoch: [9]  [2220/5625]  eta: 0:29:50  lr: 0.000009  train_loss: 0.1019 (0.1942)  train_iou: 0.6715 (0.6582)  time: 0.5096  data: 0.0038  max mem: 28813
Epoch: [9]  [2240/5625]  eta: 0:29:39  lr: 0.000009  train_loss: 0.1583 (0.1943)  train_iou: 0.6837 (0.6580)  time: 0.5200  data: 0.0014  max mem: 28813
Epoch: [9]  [2260/5625]  eta: 0:29:28  lr: 0.000009  train_loss: 0.2510 (0.1947)  train_iou: 0.6012 (0.6577)  time: 0.5218  data: 0.0066  max mem: 28813
Epoch: [9]  [2280/5625]  eta: 0:29:18  lr: 0.000009  train_loss: 0.1489 (0.1950)  train_iou: 0.6838 (0.6578)  time: 0.5263  data: 0.0037  max mem: 28813
Epoch: [9]  [2300/5625]  eta: 0:29:07  lr: 0.000009  train_loss: 0.1325 (0.1952)  train_iou: 0.6282 (0.6578)  time: 0.5303  data: 0.0047  max mem: 28813
Epoch: [9]  [2320/5625]  eta: 0:28:57  lr: 0.000009  train_loss: 0.1649 (0.1953)  train_iou: 0.6320 (0.6575)  time: 0.5215  data: 0.0023  max mem: 28813
Epoch: [9]  [2340/5625]  eta: 0:28:46  lr: 0.000009  train_loss: 0.2305 (0.1957)  train_iou: 0.6207 (0.6572)  time: 0.5258  data: 0.0044  max mem: 28813
Epoch: [9]  [2360/5625]  eta: 0:28:36  lr: 0.000009  train_loss: 0.1391 (0.1954)  train_iou: 0.6700 (0.6575)  time: 0.5261  data: 0.0022  max mem: 28813
Epoch: [9]  [2380/5625]  eta: 0:28:25  lr: 0.000009  train_loss: 0.1367 (0.1955)  train_iou: 0.7038 (0.6576)  time: 0.5277  data: 0.0016  max mem: 28813
Epoch: [9]  [2400/5625]  eta: 0:28:15  lr: 0.000009  train_loss: 0.1423 (0.1956)  train_iou: 0.6369 (0.6573)  time: 0.5194  data: 0.0017  max mem: 28813
Epoch: [9]  [2420/5625]  eta: 0:28:04  lr: 0.000009  train_loss: 0.2186 (0.1959)  train_iou: 0.6036 (0.6568)  time: 0.5244  data: 0.0025  max mem: 28813
Epoch: [9]  [2440/5625]  eta: 0:27:54  lr: 0.000009  train_loss: 0.1544 (0.1962)  train_iou: 0.6388 (0.6569)  time: 0.5246  data: 0.0058  max mem: 28813
Epoch: [9]  [2460/5625]  eta: 0:27:43  lr: 0.000009  train_loss: 0.2253 (0.1963)  train_iou: 0.6664 (0.6570)  time: 0.5273  data: 0.0037  max mem: 28813
Epoch: [9]  [2480/5625]  eta: 0:27:32  lr: 0.000009  train_loss: 0.1190 (0.1966)  train_iou: 0.6786 (0.6573)  time: 0.5218  data: 0.0014  max mem: 28813
Epoch: [9]  [2500/5625]  eta: 0:27:22  lr: 0.000009  train_loss: 0.1080 (0.1963)  train_iou: 0.6707 (0.6575)  time: 0.5230  data: 0.0054  max mem: 28813
Epoch: [9]  [2520/5625]  eta: 0:27:11  lr: 0.000009  train_loss: 0.2254 (0.1967)  train_iou: 0.6563 (0.6573)  time: 0.5204  data: 0.0008  max mem: 28813
Epoch: [9]  [2540/5625]  eta: 0:27:01  lr: 0.000009  train_loss: 0.1808 (0.1966)  train_iou: 0.6713 (0.6576)  time: 0.5203  data: 0.0013  max mem: 28813
Epoch: [9]  [2560/5625]  eta: 0:26:50  lr: 0.000009  train_loss: 0.1325 (0.1963)  train_iou: 0.5695 (0.6571)  time: 0.5149  data: 0.0009  max mem: 28813
Epoch: [9]  [2580/5625]  eta: 0:26:39  lr: 0.000009  train_loss: 0.1756 (0.1965)  train_iou: 0.6021 (0.6571)  time: 0.5266  data: 0.0033  max mem: 28813
Epoch: [9]  [2600/5625]  eta: 0:26:29  lr: 0.000009  train_loss: 0.1229 (0.1963)  train_iou: 0.6042 (0.6570)  time: 0.5184  data: 0.0010  max mem: 28813
Epoch: [9]  [2620/5625]  eta: 0:26:18  lr: 0.000009  train_loss: 0.2132 (0.1967)  train_iou: 0.5795 (0.6565)  time: 0.5207  data: 0.0008  max mem: 28813
Epoch: [9]  [2640/5625]  eta: 0:26:08  lr: 0.000009  train_loss: 0.1232 (0.1965)  train_iou: 0.6418 (0.6563)  time: 0.5225  data: 0.0012  max mem: 28813
Epoch: [9]  [2660/5625]  eta: 0:25:57  lr: 0.000009  train_loss: 0.1166 (0.1963)  train_iou: 0.6557 (0.6564)  time: 0.5217  data: 0.0007  max mem: 28813
Epoch: [9]  [2680/5625]  eta: 0:25:46  lr: 0.000009  train_loss: 0.1177 (0.1959)  train_iou: 0.6410 (0.6563)  time: 0.5216  data: 0.0013  max mem: 28813
Epoch: [9]  [2700/5625]  eta: 0:25:36  lr: 0.000009  train_loss: 0.2319 (0.1966)  train_iou: 0.5745 (0.6557)  time: 0.5187  data: 0.0029  max mem: 28813
Epoch: [9]  [2720/5625]  eta: 0:25:25  lr: 0.000009  train_loss: 0.1668 (0.1965)  train_iou: 0.5712 (0.6554)  time: 0.5184  data: 0.0007  max mem: 28813
Epoch: [9]  [2740/5625]  eta: 0:25:14  lr: 0.000009  train_loss: 0.1317 (0.1963)  train_iou: 0.6721 (0.6556)  time: 0.5216  data: 0.0023  max mem: 28813
Epoch: [9]  [2760/5625]  eta: 0:25:04  lr: 0.000009  train_loss: 0.1849 (0.1964)  train_iou: 0.6630 (0.6556)  time: 0.5130  data: 0.0016  max mem: 28813
Epoch: [9]  [2780/5625]  eta: 0:24:53  lr: 0.000009  train_loss: 0.2439 (0.1967)  train_iou: 0.6077 (0.6552)  time: 0.5168  data: 0.0020  max mem: 28813
Epoch: [9]  [2800/5625]  eta: 0:24:42  lr: 0.000009  train_loss: 0.1114 (0.1967)  train_iou: 0.6610 (0.6552)  time: 0.5143  data: 0.0027  max mem: 28813
Epoch: [9]  [2820/5625]  eta: 0:24:32  lr: 0.000009  train_loss: 0.2275 (0.1971)  train_iou: 0.6630 (0.6551)  time: 0.5213  data: 0.0019  max mem: 28813
Epoch: [9]  [2840/5625]  eta: 0:24:21  lr: 0.000009  train_loss: 0.1616 (0.1973)  train_iou: 0.6338 (0.6549)  time: 0.5164  data: 0.0006  max mem: 28813
Epoch: [9]  [2860/5625]  eta: 0:24:11  lr: 0.000009  train_loss: 0.1412 (0.1977)  train_iou: 0.6758 (0.6551)  time: 0.5196  data: 0.0006  max mem: 28813
Epoch: [9]  [2880/5625]  eta: 0:24:00  lr: 0.000009  train_loss: 0.1159 (0.1974)  train_iou: 0.6602 (0.6551)  time: 0.5219  data: 0.0013  max mem: 28813
Epoch: [9]  [2900/5625]  eta: 0:23:49  lr: 0.000009  train_loss: 0.2094 (0.1977)  train_iou: 0.5613 (0.6547)  time: 0.5259  data: 0.0011  max mem: 28813
Epoch: [9]  [2920/5625]  eta: 0:23:39  lr: 0.000009  train_loss: 0.1283 (0.1974)  train_iou: 0.6819 (0.6551)  time: 0.5200  data: 0.0005  max mem: 28813
Epoch: [9]  [2940/5625]  eta: 0:23:28  lr: 0.000009  train_loss: 0.0972 (0.1971)  train_iou: 0.6725 (0.6553)  time: 0.5176  data: 0.0007  max mem: 28813
Epoch: [9]  [2960/5625]  eta: 0:23:18  lr: 0.000009  train_loss: 0.1502 (0.1972)  train_iou: 0.6637 (0.6552)  time: 0.5222  data: 0.0025  max mem: 28813
Epoch: [9]  [2980/5625]  eta: 0:23:07  lr: 0.000009  train_loss: 0.1271 (0.1973)  train_iou: 0.6278 (0.6552)  time: 0.5260  data: 0.0040  max mem: 28813
Epoch: [9]  [3000/5625]  eta: 0:22:57  lr: 0.000009  train_loss: 0.1413 (0.1973)  train_iou: 0.6757 (0.6552)  time: 0.5256  data: 0.0018  max mem: 28813
Epoch: [9]  [3020/5625]  eta: 0:22:46  lr: 0.000009  train_loss: 0.1996 (0.1976)  train_iou: 0.6500 (0.6552)  time: 0.5324  data: 0.0043  max mem: 28813
Epoch: [9]  [3040/5625]  eta: 0:22:36  lr: 0.000009  train_loss: 0.1640 (0.1976)  train_iou: 0.6944 (0.6553)  time: 0.5207  data: 0.0008  max mem: 28813
Epoch: [9]  [3060/5625]  eta: 0:22:25  lr: 0.000009  train_loss: 0.1213 (0.1975)  train_iou: 0.6568 (0.6552)  time: 0.5195  data: 0.0007  max mem: 28813
Epoch: [9]  [3080/5625]  eta: 0:22:15  lr: 0.000009  train_loss: 0.1251 (0.1979)  train_iou: 0.6629 (0.6553)  time: 0.5264  data: 0.0036  max mem: 28813
Epoch: [9]  [3100/5625]  eta: 0:22:04  lr: 0.000009  train_loss: 0.1313 (0.1978)  train_iou: 0.6490 (0.6554)  time: 0.5209  data: 0.0037  max mem: 28813
Epoch: [9]  [3120/5625]  eta: 0:21:54  lr: 0.000009  train_loss: 0.2082 (0.1980)  train_iou: 0.6658 (0.6554)  time: 0.5260  data: 0.0023  max mem: 28813
Epoch: [9]  [3140/5625]  eta: 0:21:43  lr: 0.000009  train_loss: 0.1297 (0.1981)  train_iou: 0.6937 (0.6556)  time: 0.5229  data: 0.0008  max mem: 28813
Epoch: [9]  [3160/5625]  eta: 0:21:33  lr: 0.000009  train_loss: 0.1466 (0.1980)  train_iou: 0.6756 (0.6557)  time: 0.5301  data: 0.0029  max mem: 28813
Epoch: [9]  [3180/5625]  eta: 0:21:22  lr: 0.000009  train_loss: 0.1923 (0.1980)  train_iou: 0.6689 (0.6556)  time: 0.5292  data: 0.0039  max mem: 28813
Epoch: [9]  [3200/5625]  eta: 0:21:12  lr: 0.000009  train_loss: 0.1575 (0.1980)  train_iou: 0.6306 (0.6555)  time: 0.5255  data: 0.0040  max mem: 28813
Epoch: [9]  [3220/5625]  eta: 0:21:01  lr: 0.000009  train_loss: 0.1532 (0.1983)  train_iou: 0.5785 (0.6554)  time: 0.5250  data: 0.0029  max mem: 28813
Epoch: [9]  [3240/5625]  eta: 0:20:51  lr: 0.000009  train_loss: 0.0961 (0.1980)  train_iou: 0.6782 (0.6556)  time: 0.5273  data: 0.0011  max mem: 28813
Epoch: [9]  [3260/5625]  eta: 0:20:40  lr: 0.000009  train_loss: 0.1471 (0.1977)  train_iou: 0.6643 (0.6556)  time: 0.5176  data: 0.0029  max mem: 28813
Epoch: [9]  [3280/5625]  eta: 0:20:30  lr: 0.000009  train_loss: 0.1536 (0.1977)  train_iou: 0.7246 (0.6560)  time: 0.5335  data: 0.0038  max mem: 28813
Epoch: [9]  [3300/5625]  eta: 0:20:20  lr: 0.000009  train_loss: 0.2489 (0.1980)  train_iou: 0.6276 (0.6556)  time: 0.5307  data: 0.0032  max mem: 28813
Epoch: [9]  [3320/5625]  eta: 0:20:09  lr: 0.000009  train_loss: 0.1391 (0.1981)  train_iou: 0.7083 (0.6556)  time: 0.5248  data: 0.0020  max mem: 28813
Epoch: [9]  [3340/5625]  eta: 0:19:59  lr: 0.000009  train_loss: 0.1290 (0.1979)  train_iou: 0.6495 (0.6556)  time: 0.5267  data: 0.0022  max mem: 28813
Epoch: [9]  [3360/5625]  eta: 0:19:48  lr: 0.000009  train_loss: 0.1400 (0.1978)  train_iou: 0.6584 (0.6555)  time: 0.5177  data: 0.0008  max mem: 28813
Epoch: [9]  [3380/5625]  eta: 0:19:38  lr: 0.000009  train_loss: 0.1402 (0.1981)  train_iou: 0.5609 (0.6550)  time: 0.5215  data: 0.0030  max mem: 28813
Epoch: [9]  [3400/5625]  eta: 0:19:27  lr: 0.000009  train_loss: 0.1988 (0.1981)  train_iou: 0.6483 (0.6549)  time: 0.5204  data: 0.0020  max mem: 28813
Epoch: [9]  [3420/5625]  eta: 0:19:16  lr: 0.000009  train_loss: 0.1320 (0.1981)  train_iou: 0.5794 (0.6546)  time: 0.5167  data: 0.0007  max mem: 28813
Epoch: [9]  [3440/5625]  eta: 0:19:06  lr: 0.000009  train_loss: 0.1210 (0.1981)  train_iou: 0.6260 (0.6545)  time: 0.5212  data: 0.0014  max mem: 28813
Epoch: [9]  [3460/5625]  eta: 0:18:55  lr: 0.000009  train_loss: 0.1056 (0.1979)  train_iou: 0.6608 (0.6544)  time: 0.5231  data: 0.0020  max mem: 28813
Epoch: [9]  [3480/5625]  eta: 0:18:45  lr: 0.000009  train_loss: 0.2154 (0.1982)  train_iou: 0.6352 (0.6541)  time: 0.5264  data: 0.0019  max mem: 28813
Epoch: [9]  [3500/5625]  eta: 0:18:34  lr: 0.000009  train_loss: 0.1628 (0.1982)  train_iou: 0.6284 (0.6538)  time: 0.5187  data: 0.0019  max mem: 28813
Epoch: [9]  [3520/5625]  eta: 0:18:24  lr: 0.000009  train_loss: 0.2520 (0.1985)  train_iou: 0.5517 (0.6535)  time: 0.5294  data: 0.0026  max mem: 28813
Epoch: [9]  [3540/5625]  eta: 0:18:13  lr: 0.000009  train_loss: 0.1638 (0.1985)  train_iou: 0.6715 (0.6534)  time: 0.5146  data: 0.0012  max mem: 28813
Epoch: [9]  [3560/5625]  eta: 0:18:03  lr: 0.000009  train_loss: 0.1153 (0.1983)  train_iou: 0.6827 (0.6536)  time: 0.5212  data: 0.0006  max mem: 28813
Epoch: [9]  [3580/5625]  eta: 0:17:52  lr: 0.000009  train_loss: 0.1256 (0.1981)  train_iou: 0.6484 (0.6536)  time: 0.5247  data: 0.0023  max mem: 28813
Epoch: [9]  [3600/5625]  eta: 0:17:42  lr: 0.000009  train_loss: 0.2059 (0.1983)  train_iou: 0.6677 (0.6535)  time: 0.5231  data: 0.0030  max mem: 28813
Epoch: [9]  [3620/5625]  eta: 0:17:31  lr: 0.000009  train_loss: 0.1406 (0.1981)  train_iou: 0.6466 (0.6535)  time: 0.5252  data: 0.0023  max mem: 28813
Epoch: [9]  [3640/5625]  eta: 0:17:21  lr: 0.000009  train_loss: 0.1512 (0.1984)  train_iou: 0.5975 (0.6534)  time: 0.5237  data: 0.0022  max mem: 28813
Epoch: [9]  [3660/5625]  eta: 0:17:10  lr: 0.000009  train_loss: 0.1442 (0.1983)  train_iou: 0.6894 (0.6534)  time: 0.5238  data: 0.0007  max mem: 28813
Epoch: [9]  [3680/5625]  eta: 0:17:00  lr: 0.000009  train_loss: 0.1198 (0.1980)  train_iou: 0.6812 (0.6536)  time: 0.5285  data: 0.0031  max mem: 28813
Epoch: [9]  [3700/5625]  eta: 0:16:49  lr: 0.000009  train_loss: 0.1904 (0.1982)  train_iou: 0.5522 (0.6532)  time: 0.5183  data: 0.0007  max mem: 28813
Epoch: [9]  [3720/5625]  eta: 0:16:39  lr: 0.000009  train_loss: 0.2025 (0.1983)  train_iou: 0.6321 (0.6529)  time: 0.5234  data: 0.0036  max mem: 28813
Epoch: [9]  [3740/5625]  eta: 0:16:28  lr: 0.000009  train_loss: 0.1845 (0.1986)  train_iou: 0.5907 (0.6527)  time: 0.5187  data: 0.0026  max mem: 28813
Epoch: [9]  [3760/5625]  eta: 0:16:18  lr: 0.000009  train_loss: 0.1786 (0.1986)  train_iou: 0.6737 (0.6526)  time: 0.5223  data: 0.0019  max mem: 28813
Epoch: [9]  [3780/5625]  eta: 0:16:07  lr: 0.000009  train_loss: 0.2099 (0.1987)  train_iou: 0.6747 (0.6526)  time: 0.5327  data: 0.0032  max mem: 28813
Epoch: [9]  [3800/5625]  eta: 0:15:57  lr: 0.000009  train_loss: 0.1258 (0.1986)  train_iou: 0.6832 (0.6527)  time: 0.5354  data: 0.0054  max mem: 28813
Epoch: [9]  [3820/5625]  eta: 0:15:46  lr: 0.000009  train_loss: 0.1243 (0.1984)  train_iou: 0.6975 (0.6529)  time: 0.5208  data: 0.0018  max mem: 28813
Epoch: [9]  [3840/5625]  eta: 0:15:36  lr: 0.000009  train_loss: 0.1337 (0.1983)  train_iou: 0.6852 (0.6532)  time: 0.5261  data: 0.0017  max mem: 28813
Epoch: [9]  [3860/5625]  eta: 0:15:25  lr: 0.000009  train_loss: 0.2124 (0.1986)  train_iou: 0.6551 (0.6530)  time: 0.5186  data: 0.0039  max mem: 28813
Epoch: [9]  [3880/5625]  eta: 0:15:15  lr: 0.000009  train_loss: 0.1008 (0.1985)  train_iou: 0.6756 (0.6530)  time: 0.5216  data: 0.0026  max mem: 28813
Epoch: [9]  [3900/5625]  eta: 0:15:04  lr: 0.000009  train_loss: 0.1748 (0.1985)  train_iou: 0.6977 (0.6532)  time: 0.5251  data: 0.0007  max mem: 28813
Epoch: [9]  [3920/5625]  eta: 0:14:54  lr: 0.000009  train_loss: 0.0979 (0.1985)  train_iou: 0.6740 (0.6534)  time: 0.5305  data: 0.0014  max mem: 28813
Epoch: [9]  [3940/5625]  eta: 0:14:43  lr: 0.000009  train_loss: 0.1712 (0.1988)  train_iou: 0.6294 (0.6534)  time: 0.5196  data: 0.0015  max mem: 28813
Epoch: [9]  [3960/5625]  eta: 0:14:33  lr: 0.000009  train_loss: 0.1802 (0.1988)  train_iou: 0.6473 (0.6533)  time: 0.5195  data: 0.0029  max mem: 28813
Epoch: [9]  [3980/5625]  eta: 0:14:22  lr: 0.000009  train_loss: 0.1948 (0.1988)  train_iou: 0.5978 (0.6532)  time: 0.5235  data: 0.0012  max mem: 28813
Epoch: [9]  [4000/5625]  eta: 0:14:12  lr: 0.000009  train_loss: 0.1160 (0.1987)  train_iou: 0.6661 (0.6533)  time: 0.5227  data: 0.0036  max mem: 28813
Epoch: [9]  [4020/5625]  eta: 0:14:01  lr: 0.000009  train_loss: 0.1359 (0.1987)  train_iou: 0.6776 (0.6534)  time: 0.5233  data: 0.0012  max mem: 28813
Epoch: [9]  [4040/5625]  eta: 0:13:51  lr: 0.000009  train_loss: 0.1366 (0.1988)  train_iou: 0.6174 (0.6533)  time: 0.5184  data: 0.0016  max mem: 28813
Epoch: [9]  [4060/5625]  eta: 0:13:40  lr: 0.000009  train_loss: 0.1335 (0.1988)  train_iou: 0.6634 (0.6533)  time: 0.5203  data: 0.0014  max mem: 28813
Epoch: [9]  [4080/5625]  eta: 0:13:30  lr: 0.000009  train_loss: 0.1839 (0.1990)  train_iou: 0.6513 (0.6533)  time: 0.5127  data: 0.0020  max mem: 28813
Epoch: [9]  [4100/5625]  eta: 0:13:19  lr: 0.000009  train_loss: 0.1332 (0.1989)  train_iou: 0.6409 (0.6532)  time: 0.5255  data: 0.0049  max mem: 28813
Epoch: [9]  [4120/5625]  eta: 0:13:09  lr: 0.000009  train_loss: 0.1951 (0.1990)  train_iou: 0.6924 (0.6535)  time: 0.5148  data: 0.0006  max mem: 28813
Epoch: [9]  [4140/5625]  eta: 0:12:58  lr: 0.000009  train_loss: 0.1265 (0.1988)  train_iou: 0.6900 (0.6534)  time: 0.5189  data: 0.0023  max mem: 28813
Epoch: [9]  [4160/5625]  eta: 0:12:48  lr: 0.000009  train_loss: 0.1590 (0.1989)  train_iou: 0.6666 (0.6536)  time: 0.5195  data: 0.0020  max mem: 28813
Epoch: [9]  [4180/5625]  eta: 0:12:37  lr: 0.000009  train_loss: 0.1207 (0.1988)  train_iou: 0.6535 (0.6536)  time: 0.5173  data: 0.0005  max mem: 28813
Epoch: [9]  [4200/5625]  eta: 0:12:27  lr: 0.000009  train_loss: 0.1575 (0.1990)  train_iou: 0.6156 (0.6534)  time: 0.5234  data: 0.0031  max mem: 28813
Epoch: [9]  [4220/5625]  eta: 0:12:16  lr: 0.000009  train_loss: 0.1868 (0.1990)  train_iou: 0.6605 (0.6534)  time: 0.5242  data: 0.0012  max mem: 28813
Epoch: [9]  [4240/5625]  eta: 0:12:06  lr: 0.000009  train_loss: 0.1849 (0.1990)  train_iou: 0.6558 (0.6535)  time: 0.5216  data: 0.0009  max mem: 28813
Epoch: [9]  [4260/5625]  eta: 0:11:55  lr: 0.000009  train_loss: 0.1388 (0.1989)  train_iou: 0.6823 (0.6536)  time: 0.5197  data: 0.0025  max mem: 28813
Epoch: [9]  [4280/5625]  eta: 0:11:45  lr: 0.000009  train_loss: 0.1190 (0.1988)  train_iou: 0.6329 (0.6535)  time: 0.5197  data: 0.0011  max mem: 28813
Epoch: [9]  [4300/5625]  eta: 0:11:34  lr: 0.000009  train_loss: 0.1363 (0.1989)  train_iou: 0.6423 (0.6536)  time: 0.5176  data: 0.0009  max mem: 28813
Epoch: [9]  [4320/5625]  eta: 0:11:24  lr: 0.000009  train_loss: 0.1255 (0.1988)  train_iou: 0.6664 (0.6538)  time: 0.5207  data: 0.0020  max mem: 28813
Epoch: [9]  [4340/5625]  eta: 0:11:13  lr: 0.000009  train_loss: 0.1126 (0.1985)  train_iou: 0.6724 (0.6539)  time: 0.5156  data: 0.0014  max mem: 28813
Epoch: [9]  [4360/5625]  eta: 0:11:02  lr: 0.000009  train_loss: 0.1353 (0.1986)  train_iou: 0.6427 (0.6539)  time: 0.5155  data: 0.0009  max mem: 28813
Epoch: [9]  [4380/5625]  eta: 0:10:52  lr: 0.000009  train_loss: 0.1938 (0.1989)  train_iou: 0.6273 (0.6538)  time: 0.5212  data: 0.0022  max mem: 28813
Epoch: [9]  [4400/5625]  eta: 0:10:41  lr: 0.000009  train_loss: 0.1319 (0.1988)  train_iou: 0.7069 (0.6540)  time: 0.5194  data: 0.0007  max mem: 28813
Epoch: [9]  [4420/5625]  eta: 0:10:31  lr: 0.000009  train_loss: 0.1705 (0.1988)  train_iou: 0.6959 (0.6542)  time: 0.5189  data: 0.0020  max mem: 28813
Epoch: [9]  [4440/5625]  eta: 0:10:20  lr: 0.000009  train_loss: 0.1347 (0.1986)  train_iou: 0.6670 (0.6543)  time: 0.5230  data: 0.0011  max mem: 28813
Epoch: [9]  [4460/5625]  eta: 0:10:10  lr: 0.000009  train_loss: 0.2168 (0.1989)  train_iou: 0.6645 (0.6544)  time: 0.5183  data: 0.0026  max mem: 28813
Epoch: [9]  [4480/5625]  eta: 0:09:59  lr: 0.000009  train_loss: 0.1202 (0.1988)  train_iou: 0.6405 (0.6544)  time: 0.5213  data: 0.0035  max mem: 28813
Epoch: [9]  [4500/5625]  eta: 0:09:49  lr: 0.000009  train_loss: 0.1089 (0.1988)  train_iou: 0.6754 (0.6543)  time: 0.5234  data: 0.0008  max mem: 28813
Epoch: [9]  [4520/5625]  eta: 0:09:38  lr: 0.000009  train_loss: 0.1318 (0.1988)  train_iou: 0.7087 (0.6546)  time: 0.5218  data: 0.0024  max mem: 28813
Epoch: [9]  [4540/5625]  eta: 0:09:28  lr: 0.000009  train_loss: 0.1914 (0.1989)  train_iou: 0.6584 (0.6546)  time: 0.5163  data: 0.0027  max mem: 28813
Epoch: [9]  [4560/5625]  eta: 0:09:17  lr: 0.000009  train_loss: 0.1696 (0.1990)  train_iou: 0.6916 (0.6549)  time: 0.5246  data: 0.0013  max mem: 28813
Epoch: [9]  [4580/5625]  eta: 0:09:07  lr: 0.000009  train_loss: 0.1491 (0.1989)  train_iou: 0.7103 (0.6551)  time: 0.5207  data: 0.0005  max mem: 28813
Epoch: [9]  [4600/5625]  eta: 0:08:57  lr: 0.000009  train_loss: 0.2017 (0.1991)  train_iou: 0.6530 (0.6551)  time: 0.5272  data: 0.0026  max mem: 28813
Epoch: [9]  [4620/5625]  eta: 0:08:46  lr: 0.000009  train_loss: 0.1697 (0.1992)  train_iou: 0.6388 (0.6549)  time: 0.5211  data: 0.0034  max mem: 28813
Epoch: [9]  [4640/5625]  eta: 0:08:36  lr: 0.000009  train_loss: 0.1994 (0.1994)  train_iou: 0.5492 (0.6547)  time: 0.5195  data: 0.0040  max mem: 28813
Epoch: [9]  [4660/5625]  eta: 0:08:25  lr: 0.000009  train_loss: 0.1147 (0.1992)  train_iou: 0.6746 (0.6548)  time: 0.5260  data: 0.0045  max mem: 28813
Epoch: [9]  [4680/5625]  eta: 0:08:15  lr: 0.000009  train_loss: 0.2013 (0.1992)  train_iou: 0.5710 (0.6548)  time: 0.5232  data: 0.0006  max mem: 28813
Epoch: [9]  [4700/5625]  eta: 0:08:04  lr: 0.000009  train_loss: 0.1408 (0.1991)  train_iou: 0.6384 (0.6548)  time: 0.5360  data: 0.0022  max mem: 28813
Epoch: [9]  [4720/5625]  eta: 0:07:54  lr: 0.000009  train_loss: 0.1356 (0.1990)  train_iou: 0.7491 (0.6552)  time: 0.5265  data: 0.0020  max mem: 28813
Epoch: [9]  [4740/5625]  eta: 0:07:43  lr: 0.000009  train_loss: 0.1677 (0.1990)  train_iou: 0.6392 (0.6551)  time: 0.5280  data: 0.0036  max mem: 28813
Epoch: [9]  [4760/5625]  eta: 0:07:33  lr: 0.000009  train_loss: 0.1632 (0.1992)  train_iou: 0.6600 (0.6551)  time: 0.5222  data: 0.0015  max mem: 28813
Epoch: [9]  [4780/5625]  eta: 0:07:22  lr: 0.000009  train_loss: 0.1448 (0.1992)  train_iou: 0.6208 (0.6550)  time: 0.5333  data: 0.0023  max mem: 28813
Epoch: [9]  [4800/5625]  eta: 0:07:12  lr: 0.000009  train_loss: 0.1346 (0.1993)  train_iou: 0.6109 (0.6548)  time: 0.5283  data: 0.0023  max mem: 28813
Epoch: [9]  [4820/5625]  eta: 0:07:01  lr: 0.000009  train_loss: 0.1530 (0.1995)  train_iou: 0.6459 (0.6547)  time: 0.5178  data: 0.0021  max mem: 28813
Epoch: [9]  [4840/5625]  eta: 0:06:51  lr: 0.000009  train_loss: 0.2258 (0.1996)  train_iou: 0.6234 (0.6545)  time: 0.5271  data: 0.0031  max mem: 28813
Epoch: [9]  [4860/5625]  eta: 0:06:40  lr: 0.000009  train_loss: 0.1359 (0.1995)  train_iou: 0.6210 (0.6543)  time: 0.5233  data: 0.0017  max mem: 28813
Epoch: [9]  [4880/5625]  eta: 0:06:30  lr: 0.000009  train_loss: 0.1285 (0.1995)  train_iou: 0.6022 (0.6541)  time: 0.5242  data: 0.0019  max mem: 28813
Epoch: [9]  [4900/5625]  eta: 0:06:19  lr: 0.000009  train_loss: 0.1184 (0.1992)  train_iou: 0.7195 (0.6542)  time: 0.5228  data: 0.0040  max mem: 28813
Epoch: [9]  [4920/5625]  eta: 0:06:09  lr: 0.000009  train_loss: 0.1120 (0.1993)  train_iou: 0.6696 (0.6543)  time: 0.5195  data: 0.0019  max mem: 28813
Epoch: [9]  [4940/5625]  eta: 0:05:58  lr: 0.000009  train_loss: 0.1599 (0.1993)  train_iou: 0.6124 (0.6542)  time: 0.5287  data: 0.0032  max mem: 28813
Epoch: [9]  [4960/5625]  eta: 0:05:48  lr: 0.000009  train_loss: 0.1929 (0.1993)  train_iou: 0.6154 (0.6541)  time: 0.5247  data: 0.0044  max mem: 28813
Epoch: [9]  [4980/5625]  eta: 0:05:37  lr: 0.000009  train_loss: 0.1636 (0.1994)  train_iou: 0.5820 (0.6539)  time: 0.5189  data: 0.0016  max mem: 28813
Epoch: [9]  [5000/5625]  eta: 0:05:27  lr: 0.000009  train_loss: 0.1432 (0.1994)  train_iou: 0.6678 (0.6539)  time: 0.5266  data: 0.0030  max mem: 28813
Epoch: [9]  [5020/5625]  eta: 0:05:17  lr: 0.000009  train_loss: 0.1015 (0.1993)  train_iou: 0.6336 (0.6540)  time: 0.5301  data: 0.0030  max mem: 28813
Epoch: [9]  [5040/5625]  eta: 0:05:06  lr: 0.000009  train_loss: 0.0954 (0.1992)  train_iou: 0.6586 (0.6539)  time: 0.5277  data: 0.0013  max mem: 28813
Epoch: [9]  [5060/5625]  eta: 0:04:56  lr: 0.000009  train_loss: 0.1917 (0.1993)  train_iou: 0.6312 (0.6538)  time: 0.5234  data: 0.0015  max mem: 28813
Epoch: [9]  [5080/5625]  eta: 0:04:45  lr: 0.000009  train_loss: 0.1501 (0.1993)  train_iou: 0.6930 (0.6539)  time: 0.5232  data: 0.0010  max mem: 28813
Epoch: [9]  [5100/5625]  eta: 0:04:35  lr: 0.000009  train_loss: 0.1450 (0.1993)  train_iou: 0.7131 (0.6540)  time: 0.5250  data: 0.0015  max mem: 28813
Epoch: [9]  [5120/5625]  eta: 0:04:24  lr: 0.000009  train_loss: 0.2152 (0.1994)  train_iou: 0.6404 (0.6539)  time: 0.5242  data: 0.0007  max mem: 28813
Epoch: [9]  [5140/5625]  eta: 0:04:14  lr: 0.000009  train_loss: 0.2041 (0.1995)  train_iou: 0.6560 (0.6539)  time: 0.5292  data: 0.0025  max mem: 28813
Epoch: [9]  [5160/5625]  eta: 0:04:03  lr: 0.000009  train_loss: 0.1362 (0.1994)  train_iou: 0.6991 (0.6540)  time: 0.5196  data: 0.0007  max mem: 28813
Epoch: [9]  [5180/5625]  eta: 0:03:53  lr: 0.000009  train_loss: 0.2073 (0.1994)  train_iou: 0.6916 (0.6541)  time: 0.5208  data: 0.0018  max mem: 28813
Epoch: [9]  [5200/5625]  eta: 0:03:42  lr: 0.000009  train_loss: 0.1146 (0.1992)  train_iou: 0.7640 (0.6544)  time: 0.5179  data: 0.0026  max mem: 28813
Epoch: [9]  [5220/5625]  eta: 0:03:32  lr: 0.000009  train_loss: 0.1708 (0.1992)  train_iou: 0.6851 (0.6546)  time: 0.5221  data: 0.0013  max mem: 28813
Epoch: [9]  [5240/5625]  eta: 0:03:21  lr: 0.000009  train_loss: 0.2073 (0.1992)  train_iou: 0.6829 (0.6548)  time: 0.5227  data: 0.0007  max mem: 28813
Epoch: [9]  [5260/5625]  eta: 0:03:11  lr: 0.000009  train_loss: 0.1460 (0.1992)  train_iou: 0.6411 (0.6548)  time: 0.5300  data: 0.0035  max mem: 28813
Epoch: [9]  [5280/5625]  eta: 0:03:00  lr: 0.000009  train_loss: 0.1188 (0.1992)  train_iou: 0.6676 (0.6548)  time: 0.5334  data: 0.0038  max mem: 28813
Epoch: [9]  [5300/5625]  eta: 0:02:50  lr: 0.000009  train_loss: 0.2652 (0.1995)  train_iou: 0.6351 (0.6547)  time: 0.5194  data: 0.0021  max mem: 28813
Epoch: [9]  [5320/5625]  eta: 0:02:39  lr: 0.000009  train_loss: 0.1938 (0.1996)  train_iou: 0.6932 (0.6547)  time: 0.5218  data: 0.0023  max mem: 28813
Epoch: [9]  [5340/5625]  eta: 0:02:29  lr: 0.000009  train_loss: 0.1546 (0.1996)  train_iou: 0.6497 (0.6547)  time: 0.5196  data: 0.0020  max mem: 28813
Epoch: [9]  [5360/5625]  eta: 0:02:18  lr: 0.000009  train_loss: 0.1219 (0.1995)  train_iou: 0.6847 (0.6548)  time: 0.5211  data: 0.0011  max mem: 28813
Epoch: [9]  [5380/5625]  eta: 0:02:08  lr: 0.000009  train_loss: 0.1549 (0.1997)  train_iou: 0.5867 (0.6546)  time: 0.5282  data: 0.0016  max mem: 28813
Epoch: [9]  [5400/5625]  eta: 0:01:57  lr: 0.000009  train_loss: 0.1331 (0.1996)  train_iou: 0.6757 (0.6547)  time: 0.5314  data: 0.0042  max mem: 28813
Epoch: [9]  [5420/5625]  eta: 0:01:47  lr: 0.000009  train_loss: 0.1062 (0.1994)  train_iou: 0.6793 (0.6547)  time: 0.5244  data: 0.0033  max mem: 28813
Epoch: [9]  [5440/5625]  eta: 0:01:36  lr: 0.000009  train_loss: 0.1112 (0.1992)  train_iou: 0.6589 (0.6548)  time: 0.5218  data: 0.0010  max mem: 28813
Epoch: [9]  [5460/5625]  eta: 0:01:26  lr: 0.000009  train_loss: 0.1009 (0.1990)  train_iou: 0.6700 (0.6549)  time: 0.5128  data: 0.0010  max mem: 28813
Epoch: [9]  [5480/5625]  eta: 0:01:15  lr: 0.000009  train_loss: 0.1453 (0.1989)  train_iou: 0.5862 (0.6549)  time: 0.5232  data: 0.0013  max mem: 28813
Epoch: [9]  [5500/5625]  eta: 0:01:05  lr: 0.000009  train_loss: 0.1662 (0.1990)  train_iou: 0.5603 (0.6546)  time: 0.5161  data: 0.0007  max mem: 28813
Epoch: [9]  [5520/5625]  eta: 0:00:55  lr: 0.000009  train_loss: 0.1106 (0.1989)  train_iou: 0.6861 (0.6547)  time: 0.5180  data: 0.0034  max mem: 28813
Epoch: [9]  [5540/5625]  eta: 0:00:44  lr: 0.000009  train_loss: 0.1686 (0.1989)  train_iou: 0.6999 (0.6549)  time: 0.5184  data: 0.0009  max mem: 28813
Epoch: [9]  [5560/5625]  eta: 0:00:34  lr: 0.000009  train_loss: 0.1260 (0.1989)  train_iou: 0.6809 (0.6550)  time: 0.5206  data: 0.0015  max mem: 28813
Epoch: [9]  [5580/5625]  eta: 0:00:23  lr: 0.000009  train_loss: 0.1839 (0.1990)  train_iou: 0.6775 (0.6550)  time: 0.5198  data: 0.0049  max mem: 28813
Epoch: [9]  [5600/5625]  eta: 0:00:13  lr: 0.000009  train_loss: 0.1904 (0.1990)  train_iou: 0.7464 (0.6551)  time: 0.5202  data: 0.0020  max mem: 28813
Epoch: [9]  [5620/5625]  eta: 0:00:02  lr: 0.000009  train_loss: 0.2232 (0.1993)  train_iou: 0.5852 (0.6548)  time: 0.4953  data: 0.0006  max mem: 28813
Epoch: [9]  [5624/5625]  eta: 0:00:00  lr: 0.000009  train_loss: 0.2198 (0.1993)  train_iou: 0.5647 (0.6548)  time: 0.4882  data: 0.0005  max mem: 28813
Epoch: [9] Total time: 0:49:07 (0.5240 s / it)
Averaged stats: lr: 0.000009  train_loss: 0.2198 (0.1993)  train_iou: 0.5647 (0.6548)
huggingface/tokenizers: The current process just got forked, after parallelism has already been used. Disabling parallelism to avoid deadlocks...
To disable this warning, you can either:
	- Avoid using `tokenizers` before the fork if possible
	- Explicitly set the environment variable TOKENIZERS_PARALLELISM=(true | false)
huggingface/tokenizers: The current process just got forked, after parallelism has already been used. Disabling parallelism to avoid deadlocks...
To disable this warning, you can either:
	- Avoid using `tokenizers` before the fork if possible
	- Explicitly set the environment variable TOKENIZERS_PARALLELISM=(true | false)
huggingface/tokenizers: The current process just got forked, after parallelism has already been used. Disabling parallelism to avoid deadlocks...
To disable this warning, you can either:
	- Avoid using `tokenizers` before the fork if possible
	- Explicitly set the environment variable TOKENIZERS_PARALLELISM=(true | false)
huggingface/tokenizers: The current process just got forked, after parallelism has already been used. Disabling parallelism to avoid deadlocks...
To disable this warning, you can either:
	- Avoid using `tokenizers` before the fork if possible
	- Explicitly set the environment variable TOKENIZERS_PARALLELISM=(true | false)
huggingface/tokenizers: The current process just got forked, after parallelism has already been used. Disabling parallelism to avoid deadlocks...
To disable this warning, you can either:
	- Avoid using `tokenizers` before the fork if possible
	- Explicitly set the environment variable TOKENIZERS_PARALLELISM=(true | false)
huggingface/tokenizers: The current process just got forked, after parallelism has already been used. Disabling parallelism to avoid deadlocks...
To disable this warning, you can either:
	- Avoid using `tokenizers` before the fork if possible
	- Explicitly set the environment variable TOKENIZERS_PARALLELISM=(true | false)
huggingface/tokenizers: The current process just got forked, after parallelism has already been used. Disabling parallelism to avoid deadlocks...
To disable this warning, you can either:
	- Avoid using `tokenizers` before the fork if possible
	- Explicitly set the environment variable TOKENIZERS_PARALLELISM=(true | false)
huggingface/tokenizers: The current process just got forked, after parallelism has already been used. Disabling parallelism to avoid deadlocks...
To disable this warning, you can either:
	- Avoid using `tokenizers` before the fork if possible
	- Explicitly set the environment variable TOKENIZERS_PARALLELISM=(true | false)
Test:  [   0/4000]  eta: 2:04:30  inter: 33468.0000 (33468.0000)  union: 35824.0000 (35824.0000)  iou: 0.9342 (0.9342)  time: 1.8677  data: 1.6413  max mem: 28813
Test:  [  50/4000]  eta: 0:10:47  inter: 18330.0000 (24445.5625)  union: 49185.0000 (42495.1562)  iou: 0.5062 (0.5586)  time: 0.1352  data: 0.0005  max mem: 28813
Test:  [ 100/4000]  eta: 0:09:53  inter: 20500.0000 (26375.7941)  union: 46254.0000 (42311.2647)  iou: 0.7134 (0.5973)  time: 0.1349  data: 0.0005  max mem: 28813
Test:  [ 150/4000]  eta: 0:09:34  inter: 18029.0000 (25432.4976)  union: 30344.0000 (39928.6938)  iou: 0.8277 (0.6233)  time: 0.1493  data: 0.0005  max mem: 28813
Test:  [ 200/4000]  eta: 0:09:09  inter: 33685.0000 (25775.0623)  union: 36835.0000 (39598.9487)  iou: 0.9177 (0.6307)  time: 0.1284  data: 0.0005  max mem: 28813
Test:  [ 250/4000]  eta: 0:08:47  inter: 14951.0000 (27169.5964)  union: 33245.0000 (41420.0723)  iou: 0.4343 (0.6186)  time: 0.1207  data: 0.0005  max mem: 28813
Test:  [ 300/4000]  eta: 0:08:40  inter: 20455.0000 (26690.0323)  union: 24342.0000 (41190.0521)  iou: 0.7540 (0.6131)  time: 0.1420  data: 0.0005  max mem: 28813
Test:  [ 350/4000]  eta: 0:08:39  inter: 8919.0000 (25684.6198)  union: 33179.0000 (41034.3512)  iou: 0.5263 (0.6009)  time: 0.1542  data: 0.0005  max mem: 28813
Test:  [ 400/4000]  eta: 0:08:33  inter: 31259.0000 (25356.0054)  union: 35888.0000 (40581.2411)  iou: 0.6416 (0.6010)  time: 0.1276  data: 0.0005  max mem: 28813
Test:  [ 450/4000]  eta: 0:08:25  inter: 14717.0000 (25232.4730)  union: 28879.0000 (40348.0460)  iou: 0.6274 (0.6019)  time: 0.1601  data: 0.0005  max mem: 28813
Test:  [ 500/4000]  eta: 0:08:15  inter: 17199.0000 (25503.5430)  union: 27366.0000 (41165.1834)  iou: 0.5378 (0.5977)  time: 0.1262  data: 0.0005  max mem: 28813
Test:  [ 550/4000]  eta: 0:08:11  inter: 23764.0000 (25410.4987)  union: 28555.0000 (40928.5617)  iou: 0.8324 (0.6020)  time: 0.1495  data: 0.0005  max mem: 28813
Test:  [ 600/4000]  eta: 0:08:02  inter: 10502.0000 (25237.4095)  union: 31087.0000 (40731.2521)  iou: 0.8025 (0.6002)  time: 0.1416  data: 0.0005  max mem: 28813
Test:  [ 650/4000]  eta: 0:07:50  inter: 27524.0000 (25713.3370)  union: 41819.0000 (41193.4873)  iou: 0.7252 (0.5994)  time: 0.1243  data: 0.0005  max mem: 28813
Test:  [ 700/4000]  eta: 0:07:42  inter: 14007.0000 (25188.9209)  union: 28899.0000 (40836.2823)  iou: 0.3301 (0.5924)  time: 0.1319  data: 0.0005  max mem: 28813
Test:  [ 750/4000]  eta: 0:07:37  inter: 23331.0000 (25220.8449)  union: 29907.0000 (40837.5262)  iou: 0.7319 (0.5941)  time: 0.1595  data: 0.0005  max mem: 28813
Test:  [ 800/4000]  eta: 0:07:29  inter: 12416.0000 (25032.9089)  union: 46312.0000 (40414.2268)  iou: 0.6012 (0.5947)  time: 0.1491  data: 0.0005  max mem: 28813
Test:  [ 850/4000]  eta: 0:07:23  inter: 21350.0000 (25155.0946)  union: 34797.0000 (40422.3506)  iou: 0.7565 (0.5967)  time: 0.1258  data: 0.0005  max mem: 28813
Test:  [ 900/4000]  eta: 0:07:16  inter: 10171.0000 (25180.0806)  union: 27692.0000 (40574.8324)  iou: 0.6498 (0.5926)  time: 0.1231  data: 0.0005  max mem: 28813
Test:  [ 950/4000]  eta: 0:07:08  inter: 24985.0000 (25433.2213)  union: 30655.0000 (40635.2378)  iou: 0.7739 (0.5935)  time: 0.1391  data: 0.0005  max mem: 28813
Test:  [1000/4000]  eta: 0:07:01  inter: 21242.0000 (25647.4683)  union: 37576.0000 (40766.7940)  iou: 0.7246 (0.5951)  time: 0.1263  data: 0.0005  max mem: 28813
Test:  [1050/4000]  eta: 0:06:53  inter: 21117.0000 (25678.2537)  union: 38303.0000 (40780.8959)  iou: 0.6459 (0.5950)  time: 0.1409  data: 0.0005  max mem: 28813
Test:  [1100/4000]  eta: 0:06:45  inter: 22219.0000 (25527.5391)  union: 29091.0000 (40558.9928)  iou: 0.7750 (0.5946)  time: 0.1347  data: 0.0005  max mem: 28813
Test:  [1150/4000]  eta: 0:06:39  inter: 9987.0000 (25677.4187)  union: 23867.0000 (40417.0571)  iou: 0.5627 (0.5975)  time: 0.1526  data: 0.0005  max mem: 28813
Test:  [1200/4000]  eta: 0:06:32  inter: 9976.0000 (25550.2937)  union: 29193.0000 (40592.9851)  iou: 0.6132 (0.5931)  time: 0.1384  data: 0.0005  max mem: 28813
Test:  [1250/4000]  eta: 0:06:26  inter: 594.0000 (25316.3464)  union: 29978.0000 (40378.5520)  iou: 0.0155 (0.5908)  time: 0.1559  data: 0.0005  max mem: 28813
Test:  [1300/4000]  eta: 0:06:19  inter: 19508.0000 (25127.2048)  union: 32714.0000 (40179.5986)  iou: 0.5963 (0.5920)  time: 0.1427  data: 0.0005  max mem: 28813
Test:  [1350/4000]  eta: 0:06:12  inter: 25566.0000 (25173.8532)  union: 34178.0000 (40169.3374)  iou: 0.7581 (0.5928)  time: 0.1379  data: 0.0005  max mem: 28813
Test:  [1400/4000]  eta: 0:06:05  inter: 9875.0000 (25304.5162)  union: 11686.0000 (40362.1053)  iou: 0.7347 (0.5906)  time: 0.1420  data: 0.0005  max mem: 28813
Test:  [1450/4000]  eta: 0:05:58  inter: 15690.0000 (25245.5051)  union: 46371.0000 (40289.1819)  iou: 0.4009 (0.5896)  time: 0.1332  data: 0.0005  max mem: 28813
Test:  [1500/4000]  eta: 0:05:51  inter: 17032.0000 (25288.7682)  union: 48345.0000 (40452.6282)  iou: 0.4022 (0.5878)  time: 0.1345  data: 0.0005  max mem: 28813
Test:  [1550/4000]  eta: 0:05:44  inter: 11735.0000 (25139.0265)  union: 26777.0000 (40395.6255)  iou: 0.8527 (0.5881)  time: 0.1575  data: 0.0005  max mem: 28813
Test:  [1600/4000]  eta: 0:05:38  inter: 11923.0000 (25012.0097)  union: 25449.0000 (40339.8744)  iou: 0.5379 (0.5850)  time: 0.1615  data: 0.0005  max mem: 28813
Test:  [1650/4000]  eta: 0:05:30  inter: 16296.0000 (24954.7033)  union: 34643.0000 (40338.7581)  iou: 0.4424 (0.5838)  time: 0.1377  data: 0.0005  max mem: 28813
Test:  [1700/4000]  eta: 0:05:23  inter: 16923.0000 (24909.3521)  union: 35664.0000 (40373.1001)  iou: 0.7175 (0.5825)  time: 0.1353  data: 0.0005  max mem: 28813
Test:  [1750/4000]  eta: 0:05:16  inter: 20739.0000 (24861.1592)  union: 32614.0000 (40292.5162)  iou: 0.8192 (0.5823)  time: 0.1543  data: 0.0005  max mem: 28813
Test:  [1800/4000]  eta: 0:05:09  inter: 23641.0000 (24764.0400)  union: 44500.0000 (40222.6608)  iou: 0.5824 (0.5817)  time: 0.1553  data: 0.0005  max mem: 28813
Test:  [1850/4000]  eta: 0:05:01  inter: 575.0000 (24729.6954)  union: 34315.0000 (40279.3904)  iou: 0.2071 (0.5799)  time: 0.1421  data: 0.0005  max mem: 28813
Test:  [1900/4000]  eta: 0:04:55  inter: 36263.0000 (24670.5155)  union: 55823.0000 (40197.0041)  iou: 0.6506 (0.5803)  time: 0.1442  data: 0.0005  max mem: 28813
Test:  [1950/4000]  eta: 0:04:48  inter: 11575.0000 (24612.6487)  union: 16551.0000 (40173.1134)  iou: 0.7027 (0.5802)  time: 0.1392  data: 0.0005  max mem: 28813
Test:  [2000/4000]  eta: 0:04:41  inter: 15755.0000 (24653.7040)  union: 22233.0000 (40132.1144)  iou: 0.7939 (0.5813)  time: 0.1260  data: 0.0005  max mem: 28813
Test:  [2050/4000]  eta: 0:04:34  inter: 6221.0000 (24520.9280)  union: 56153.0000 (40211.1706)  iou: 0.2019 (0.5792)  time: 0.1712  data: 0.0005  max mem: 28813
Test:  [2100/4000]  eta: 0:04:27  inter: 15596.0000 (24475.9933)  union: 31989.0000 (40168.9599)  iou: 0.7670 (0.5792)  time: 0.1267  data: 0.0005  max mem: 28813
Test:  [2150/4000]  eta: 0:04:19  inter: 16413.0000 (24471.3470)  union: 30558.0000 (40206.8478)  iou: 0.7220 (0.5783)  time: 0.1314  data: 0.0005  max mem: 28813
Test:  [2200/4000]  eta: 0:04:12  inter: 14140.0000 (24454.9497)  union: 21143.0000 (40176.2440)  iou: 0.5167 (0.5783)  time: 0.1444  data: 0.0005  max mem: 28813
Test:  [2250/4000]  eta: 0:04:06  inter: 18525.0000 (24331.1086)  union: 37830.0000 (40032.0985)  iou: 0.7359 (0.5773)  time: 0.1293  data: 0.0005  max mem: 28813
Test:  [2300/4000]  eta: 0:03:58  inter: 25613.0000 (24425.1874)  union: 37358.0000 (40011.7753)  iou: 0.6190 (0.5797)  time: 0.1434  data: 0.0005  max mem: 28813
Test:  [2350/4000]  eta: 0:03:52  inter: 20651.0000 (24361.8898)  union: 51254.0000 (39979.6137)  iou: 0.7459 (0.5800)  time: 0.1527  data: 0.0005  max mem: 28813
Test:  [2400/4000]  eta: 0:03:45  inter: 10582.0000 (24421.6815)  union: 33055.0000 (39956.4517)  iou: 0.4468 (0.5806)  time: 0.1525  data: 0.0005  max mem: 28813
Test:  [2450/4000]  eta: 0:03:37  inter: 29140.0000 (24490.0006)  union: 32507.0000 (40025.5106)  iou: 0.8727 (0.5820)  time: 0.1185  data: 0.0005  max mem: 28813
Test:  [2500/4000]  eta: 0:03:30  inter: 25126.0000 (24456.9286)  union: 39992.0000 (40039.3273)  iou: 0.7724 (0.5816)  time: 0.1216  data: 0.0005  max mem: 28813
Test:  [2550/4000]  eta: 0:03:23  inter: 28432.0000 (24581.5132)  union: 36411.0000 (40196.8519)  iou: 0.7854 (0.5822)  time: 0.1562  data: 0.0005  max mem: 28813
Test:  [2600/4000]  eta: 0:03:16  inter: 10520.0000 (24496.3410)  union: 30764.0000 (40144.4951)  iou: 0.3104 (0.5808)  time: 0.1453  data: 0.0005  max mem: 28813
Test:  [2650/4000]  eta: 0:03:09  inter: 16823.0000 (24466.0631)  union: 34474.0000 (40335.0695)  iou: 0.8272 (0.5800)  time: 0.1431  data: 0.0005  max mem: 28813
Test:  [2700/4000]  eta: 0:03:02  inter: 22661.0000 (24557.5209)  union: 30712.0000 (40434.8391)  iou: 0.7816 (0.5810)  time: 0.1340  data: 0.0005  max mem: 28813
Test:  [2750/4000]  eta: 0:02:55  inter: 23041.0000 (24642.7754)  union: 29092.0000 (40580.3552)  iou: 0.8122 (0.5804)  time: 0.1339  data: 0.0006  max mem: 28813
Test:  [2800/4000]  eta: 0:02:48  inter: 14336.0000 (24623.6749)  union: 25940.0000 (40466.2112)  iou: 0.8230 (0.5808)  time: 0.1370  data: 0.0005  max mem: 28813
Test:  [2850/4000]  eta: 0:02:41  inter: 12498.0000 (24740.7218)  union: 33072.0000 (40557.9683)  iou: 0.4194 (0.5802)  time: 0.1317  data: 0.0005  max mem: 28813
Test:  [2900/4000]  eta: 0:02:34  inter: 17708.0000 (24740.5891)  union: 26189.0000 (40609.9119)  iou: 0.7101 (0.5791)  time: 0.1263  data: 0.0005  max mem: 28813
Test:  [2950/4000]  eta: 0:02:27  inter: 17960.0000 (24780.8370)  union: 26514.0000 (40640.5942)  iou: 0.4473 (0.5793)  time: 0.1274  data: 0.0005  max mem: 28813
Test:  [3000/4000]  eta: 0:02:20  inter: 10084.0000 (24728.3129)  union: 32438.0000 (40585.6845)  iou: 0.4984 (0.5784)  time: 0.1576  data: 0.0005  max mem: 28813
Test:  [3050/4000]  eta: 0:02:13  inter: 13066.0000 (24686.5908)  union: 31197.0000 (40622.6869)  iou: 0.4437 (0.5781)  time: 0.1347  data: 0.0005  max mem: 28813
Test:  [3100/4000]  eta: 0:02:06  inter: 22178.0000 (24673.2080)  union: 41769.0000 (40593.9339)  iou: 0.4823 (0.5785)  time: 0.1386  data: 0.0005  max mem: 28813
Test:  [3150/4000]  eta: 0:01:59  inter: 14696.0000 (24559.3642)  union: 21513.0000 (40459.2408)  iou: 0.5449 (0.5781)  time: 0.1430  data: 0.0005  max mem: 28813
Test:  [3200/4000]  eta: 0:01:52  inter: 10910.0000 (24553.0474)  union: 40243.0000 (40490.9533)  iou: 0.6183 (0.5783)  time: 0.1337  data: 0.0005  max mem: 28813
Test:  [3250/4000]  eta: 0:01:45  inter: 16475.0000 (24486.3173)  union: 25086.0000 (40439.9049)  iou: 0.6672 (0.5767)  time: 0.1394  data: 0.0005  max mem: 28813
Test:  [3300/4000]  eta: 0:01:38  inter: 24981.0000 (24556.9150)  union: 43722.0000 (40538.8508)  iou: 0.6721 (0.5757)  time: 0.1592  data: 0.0005  max mem: 28813
Test:  [3350/4000]  eta: 0:01:31  inter: 9706.0000 (24551.0387)  union: 12672.0000 (40543.6507)  iou: 0.7705 (0.5763)  time: 0.1218  data: 0.0005  max mem: 28813
Test:  [3400/4000]  eta: 0:01:24  inter: 23626.0000 (24682.5794)  union: 38922.0000 (40606.0494)  iou: 0.8466 (0.5777)  time: 0.1486  data: 0.0005  max mem: 28813
Test:  [3450/4000]  eta: 0:01:17  inter: 16462.0000 (24690.4339)  union: 30428.0000 (40638.5505)  iou: 0.5604 (0.5777)  time: 0.1310  data: 0.0005  max mem: 28813
Test:  [3500/4000]  eta: 0:01:10  inter: 12954.0000 (24661.5095)  union: 20822.0000 (40558.6815)  iou: 0.4210 (0.5778)  time: 0.1304  data: 0.0005  max mem: 28813
Test:  [3550/4000]  eta: 0:01:03  inter: 29714.0000 (24681.6510)  union: 37109.0000 (40593.5324)  iou: 0.8360 (0.5774)  time: 0.1249  data: 0.0005  max mem: 28813
Test:  [3600/4000]  eta: 0:00:56  inter: 21253.0000 (24622.6488)  union: 37043.0000 (40554.4911)  iou: 0.5568 (0.5763)  time: 0.1303  data: 0.0005  max mem: 28813
Test:  [3650/4000]  eta: 0:00:49  inter: 18418.0000 (24575.8467)  union: 38969.0000 (40548.2680)  iou: 0.4437 (0.5754)  time: 0.1650  data: 0.0005  max mem: 28813
Test:  [3700/4000]  eta: 0:00:42  inter: 20673.0000 (24698.9902)  union: 36175.0000 (40597.8173)  iou: 0.8183 (0.5765)  time: 0.1365  data: 0.0005  max mem: 28813
Test:  [3750/4000]  eta: 0:00:35  inter: 22699.0000 (24740.2105)  union: 44409.0000 (40645.2294)  iou: 0.5605 (0.5773)  time: 0.1332  data: 0.0005  max mem: 28813
Test:  [3800/4000]  eta: 0:00:28  inter: 20094.0000 (24776.4780)  union: 29587.0000 (40618.4051)  iou: 0.6297 (0.5778)  time: 0.1189  data: 0.0005  max mem: 28813
Test:  [3850/4000]  eta: 0:00:21  inter: 20778.0000 (24765.4248)  union: 33495.0000 (40652.6454)  iou: 0.7767 (0.5778)  time: 0.1383  data: 0.0005  max mem: 28813
Test:  [3900/4000]  eta: 0:00:14  inter: 15130.0000 (24786.7694)  union: 32598.0000 (40735.9390)  iou: 0.5585 (0.5772)  time: 0.1391  data: 0.0005  max mem: 28813
Test:  [3950/4000]  eta: 0:00:07  inter: 17689.0000 (24752.8258)  union: 35660.0000 (40680.7633)  iou: 0.7010 (0.5776)  time: 0.1309  data: 0.0005  max mem: 28813
Test:  [3999/4000]  eta: 0:00:00  inter: 14953.0000 (24716.9095)  union: 32955.0000 (40594.1881)  iou: 0.5211 (0.5783)  time: 0.1137  data: 0.0002  max mem: 28813
Test: Total time: 0:09:23 (0.1408 s / it)
* IoU 0.578 oIoU 0.609
IoU of the network on the 4000 test images: 0.6%
Max IoU: 0.58%
huggingface/tokenizers: The current process just got forked, after parallelism has already been used. Disabling parallelism to avoid deadlocks...
To disable this warning, you can either:
	- Avoid using `tokenizers` before the fork if possible
	- Explicitly set the environment variable TOKENIZERS_PARALLELISM=(true | false)
huggingface/tokenizers: The current process just got forked, after parallelism has already been used. Disabling parallelism to avoid deadlocks...
To disable this warning, you can either:
	- Avoid using `tokenizers` before the fork if possible
	- Explicitly set the environment variable TOKENIZERS_PARALLELISM=(true | false)
huggingface/tokenizers: The current process just got forked, after parallelism has already been used. Disabling parallelism to avoid deadlocks...
To disable this warning, you can either:
	- Avoid using `tokenizers` before the fork if possible
	- Explicitly set the environment variable TOKENIZERS_PARALLELISM=(true | false)
huggingface/tokenizers: The current process just got forked, after parallelism has already been used. Disabling parallelism to avoid deadlocks...
To disable this warning, you can either:
	- Avoid using `tokenizers` before the fork if possible
	- Explicitly set the environment variable TOKENIZERS_PARALLELISM=(true | false)
huggingface/tokenizers: The current process just got forked, after parallelism has already been used. Disabling parallelism to avoid deadlocks...
To disable this warning, you can either:
	- Avoid using `tokenizers` before the fork if possible
	- Explicitly set the environment variable TOKENIZERS_PARALLELISM=(true | false)
huggingface/tokenizers: The current process just got forked, after parallelism has already been used. Disabling parallelism to avoid deadlocks...
To disable this warning, you can either:
	- Avoid using `tokenizers` before the fork if possible
	- Explicitly set the environment variable TOKENIZERS_PARALLELISM=(true | false)
huggingface/tokenizers: The current process just got forked, after parallelism has already been used. Disabling parallelism to avoid deadlocks...
To disable this warning, you can either:
	- Avoid using `tokenizers` before the fork if possible
	- Explicitly set the environment variable TOKENIZERS_PARALLELISM=(true | false)
huggingface/tokenizers: The current process just got forked, after parallelism has already been used. Disabling parallelism to avoid deadlocks...
To disable this warning, you can either:
	- Avoid using `tokenizers` before the fork if possible
	- Explicitly set the environment variable TOKENIZERS_PARALLELISM=(true | false)
Epoch: [10]  [   0/5625]  eta: 8:56:07  lr: 0.000008  train_loss: 0.1264 (0.1264)  train_iou: 0.5614 (0.5614)  time: 5.7186  data: 5.0254  max mem: 28813
Epoch: [10]  [  20/5625]  eta: 1:14:51  lr: 0.000008  train_loss: 0.2400 (0.2561)  train_iou: 0.6002 (0.6220)  time: 0.5555  data: 0.0047  max mem: 28813
Epoch: [10]  [  40/5625]  eta: 1:01:42  lr: 0.000008  train_loss: 0.1016 (0.2058)  train_iou: 0.6413 (0.6340)  time: 0.5176  data: 0.0006  max mem: 28813
Epoch: [10]  [  60/5625]  eta: 0:56:57  lr: 0.000008  train_loss: 0.1585 (0.2034)  train_iou: 0.6900 (0.6498)  time: 0.5141  data: 0.0007  max mem: 28813
Epoch: [10]  [  80/5625]  eta: 0:54:39  lr: 0.000008  train_loss: 0.1673 (0.2056)  train_iou: 0.5817 (0.6449)  time: 0.5225  data: 0.0008  max mem: 28813
Epoch: [10]  [ 100/5625]  eta: 0:53:17  lr: 0.000008  train_loss: 0.1736 (0.2069)  train_iou: 0.5963 (0.6420)  time: 0.5271  data: 0.0012  max mem: 28813
Epoch: [10]  [ 120/5625]  eta: 0:52:14  lr: 0.000008  train_loss: 0.1038 (0.2020)  train_iou: 0.6625 (0.6423)  time: 0.5216  data: 0.0017  max mem: 28813
Epoch: [10]  [ 140/5625]  eta: 0:51:26  lr: 0.000008  train_loss: 0.1121 (0.1946)  train_iou: 0.6770 (0.6442)  time: 0.5226  data: 0.0018  max mem: 28813
Epoch: [10]  [ 160/5625]  eta: 0:50:49  lr: 0.000008  train_loss: 0.1744 (0.1981)  train_iou: 0.6626 (0.6428)  time: 0.5245  data: 0.0029  max mem: 28813
Epoch: [10]  [ 180/5625]  eta: 0:50:17  lr: 0.000008  train_loss: 0.1395 (0.1945)  train_iou: 0.6880 (0.6471)  time: 0.5240  data: 0.0014  max mem: 28813
Epoch: [10]  [ 200/5625]  eta: 0:49:52  lr: 0.000008  train_loss: 0.1364 (0.1932)  train_iou: 0.6593 (0.6470)  time: 0.5276  data: 0.0030  max mem: 28813
Epoch: [10]  [ 220/5625]  eta: 0:49:25  lr: 0.000008  train_loss: 0.1046 (0.1905)  train_iou: 0.6669 (0.6460)  time: 0.5196  data: 0.0006  max mem: 28813
Epoch: [10]  [ 240/5625]  eta: 0:49:01  lr: 0.000008  train_loss: 0.1095 (0.1872)  train_iou: 0.6832 (0.6478)  time: 0.5206  data: 0.0014  max mem: 28813
Epoch: [10]  [ 260/5625]  eta: 0:48:42  lr: 0.000008  train_loss: 0.1974 (0.1900)  train_iou: 0.6582 (0.6494)  time: 0.5248  data: 0.0043  max mem: 28813
Epoch: [10]  [ 280/5625]  eta: 0:48:25  lr: 0.000008  train_loss: 0.1333 (0.1892)  train_iou: 0.6683 (0.6518)  time: 0.5284  data: 0.0013  max mem: 28813
Epoch: [10]  [ 300/5625]  eta: 0:48:11  lr: 0.000008  train_loss: 0.1855 (0.1897)  train_iou: 0.6560 (0.6506)  time: 0.5344  data: 0.0015  max mem: 28813
Epoch: [10]  [ 320/5625]  eta: 0:47:56  lr: 0.000008  train_loss: 0.1358 (0.1890)  train_iou: 0.6901 (0.6512)  time: 0.5325  data: 0.0056  max mem: 28813
Epoch: [10]  [ 340/5625]  eta: 0:47:42  lr: 0.000008  train_loss: 0.1353 (0.1880)  train_iou: 0.6438 (0.6521)  time: 0.5317  data: 0.0036  max mem: 28813
Epoch: [10]  [ 360/5625]  eta: 0:47:26  lr: 0.000008  train_loss: 0.1225 (0.1875)  train_iou: 0.6741 (0.6540)  time: 0.5241  data: 0.0026  max mem: 28813
Epoch: [10]  [ 380/5625]  eta: 0:47:09  lr: 0.000008  train_loss: 0.1669 (0.1918)  train_iou: 0.6187 (0.6526)  time: 0.5182  data: 0.0005  max mem: 28813
Epoch: [10]  [ 400/5625]  eta: 0:46:55  lr: 0.000008  train_loss: 0.1197 (0.1910)  train_iou: 0.5547 (0.6504)  time: 0.5268  data: 0.0025  max mem: 28813
Epoch: [10]  [ 420/5625]  eta: 0:46:44  lr: 0.000008  train_loss: 0.1849 (0.1932)  train_iou: 0.5755 (0.6507)  time: 0.5385  data: 0.0031  max mem: 28813
Epoch: [10]  [ 440/5625]  eta: 0:46:31  lr: 0.000008  train_loss: 0.1394 (0.1930)  train_iou: 0.6733 (0.6515)  time: 0.5267  data: 0.0037  max mem: 28813
Epoch: [10]  [ 460/5625]  eta: 0:46:17  lr: 0.000008  train_loss: 0.1464 (0.1935)  train_iou: 0.6533 (0.6507)  time: 0.5269  data: 0.0022  max mem: 28813
Epoch: [10]  [ 480/5625]  eta: 0:46:04  lr: 0.000008  train_loss: 0.1292 (0.1944)  train_iou: 0.6752 (0.6513)  time: 0.5243  data: 0.0023  max mem: 28813
Epoch: [10]  [ 500/5625]  eta: 0:45:52  lr: 0.000008  train_loss: 0.1525 (0.1945)  train_iou: 0.6595 (0.6522)  time: 0.5328  data: 0.0035  max mem: 28813
Epoch: [10]  [ 520/5625]  eta: 0:45:39  lr: 0.000008  train_loss: 0.1106 (0.1928)  train_iou: 0.7016 (0.6545)  time: 0.5254  data: 0.0028  max mem: 28813
Epoch: [10]  [ 540/5625]  eta: 0:45:27  lr: 0.000008  train_loss: 0.1462 (0.1932)  train_iou: 0.6717 (0.6552)  time: 0.5283  data: 0.0046  max mem: 28813
Epoch: [10]  [ 560/5625]  eta: 0:45:15  lr: 0.000008  train_loss: 0.1826 (0.1945)  train_iou: 0.6826 (0.6570)  time: 0.5287  data: 0.0008  max mem: 28813
Epoch: [10]  [ 580/5625]  eta: 0:45:01  lr: 0.000008  train_loss: 0.1251 (0.1932)  train_iou: 0.6651 (0.6580)  time: 0.5222  data: 0.0044  max mem: 28813
Epoch: [10]  [ 600/5625]  eta: 0:44:49  lr: 0.000008  train_loss: 0.1328 (0.1926)  train_iou: 0.6975 (0.6592)  time: 0.5256  data: 0.0046  max mem: 28813
Epoch: [10]  [ 620/5625]  eta: 0:44:37  lr: 0.000008  train_loss: 0.2015 (0.1929)  train_iou: 0.6684 (0.6594)  time: 0.5243  data: 0.0013  max mem: 28813
Epoch: [10]  [ 640/5625]  eta: 0:44:24  lr: 0.000008  train_loss: 0.1689 (0.1935)  train_iou: 0.6602 (0.6591)  time: 0.5205  data: 0.0019  max mem: 28813
Epoch: [10]  [ 660/5625]  eta: 0:44:12  lr: 0.000008  train_loss: 0.1443 (0.1935)  train_iou: 0.6554 (0.6589)  time: 0.5311  data: 0.0051  max mem: 28813
Epoch: [10]  [ 680/5625]  eta: 0:44:01  lr: 0.000008  train_loss: 0.1262 (0.1925)  train_iou: 0.6653 (0.6593)  time: 0.5321  data: 0.0017  max mem: 28813
Epoch: [10]  [ 700/5625]  eta: 0:43:51  lr: 0.000008  train_loss: 0.1088 (0.1927)  train_iou: 0.6620 (0.6593)  time: 0.5375  data: 0.0029  max mem: 28813
Epoch: [10]  [ 720/5625]  eta: 0:43:39  lr: 0.000008  train_loss: 0.2039 (0.1928)  train_iou: 0.6648 (0.6598)  time: 0.5252  data: 0.0016  max mem: 28813
Epoch: [10]  [ 740/5625]  eta: 0:43:28  lr: 0.000008  train_loss: 0.1988 (0.1932)  train_iou: 0.7027 (0.6608)  time: 0.5276  data: 0.0025  max mem: 28813
Epoch: [10]  [ 760/5625]  eta: 0:43:17  lr: 0.000008  train_loss: 0.0988 (0.1920)  train_iou: 0.7592 (0.6625)  time: 0.5337  data: 0.0020  max mem: 28813
Epoch: [10]  [ 780/5625]  eta: 0:43:05  lr: 0.000008  train_loss: 0.1035 (0.1904)  train_iou: 0.6802 (0.6633)  time: 0.5232  data: 0.0032  max mem: 28813
Epoch: [10]  [ 800/5625]  eta: 0:42:54  lr: 0.000008  train_loss: 0.1270 (0.1901)  train_iou: 0.6467 (0.6630)  time: 0.5289  data: 0.0016  max mem: 28813
Epoch: [10]  [ 820/5625]  eta: 0:42:43  lr: 0.000008  train_loss: 0.1442 (0.1905)  train_iou: 0.6765 (0.6625)  time: 0.5322  data: 0.0017  max mem: 28813
Epoch: [10]  [ 840/5625]  eta: 0:42:31  lr: 0.000008  train_loss: 0.1151 (0.1895)  train_iou: 0.6694 (0.6623)  time: 0.5200  data: 0.0021  max mem: 28813
Epoch: [10]  [ 860/5625]  eta: 0:42:19  lr: 0.000008  train_loss: 0.1514 (0.1899)  train_iou: 0.6585 (0.6626)  time: 0.5244  data: 0.0024  max mem: 28813
Epoch: [10]  [ 880/5625]  eta: 0:42:08  lr: 0.000008  train_loss: 0.2577 (0.1919)  train_iou: 0.5747 (0.6607)  time: 0.5288  data: 0.0023  max mem: 28813
Epoch: [10]  [ 900/5625]  eta: 0:41:56  lr: 0.000008  train_loss: 0.1162 (0.1917)  train_iou: 0.6808 (0.6613)  time: 0.5217  data: 0.0011  max mem: 28813
Epoch: [10]  [ 920/5625]  eta: 0:41:45  lr: 0.000008  train_loss: 0.1141 (0.1910)  train_iou: 0.6535 (0.6615)  time: 0.5302  data: 0.0017  max mem: 28813
Epoch: [10]  [ 940/5625]  eta: 0:41:33  lr: 0.000008  train_loss: 0.1253 (0.1904)  train_iou: 0.6596 (0.6618)  time: 0.5181  data: 0.0040  max mem: 28813
Epoch: [10]  [ 960/5625]  eta: 0:41:22  lr: 0.000008  train_loss: 0.1924 (0.1909)  train_iou: 0.5988 (0.6607)  time: 0.5288  data: 0.0043  max mem: 28813
Epoch: [10]  [ 980/5625]  eta: 0:41:11  lr: 0.000008  train_loss: 0.1417 (0.1910)  train_iou: 0.6808 (0.6610)  time: 0.5298  data: 0.0033  max mem: 28813
Epoch: [10]  [1000/5625]  eta: 0:41:00  lr: 0.000008  train_loss: 0.1564 (0.1910)  train_iou: 0.6414 (0.6604)  time: 0.5248  data: 0.0020  max mem: 28813
Epoch: [10]  [1020/5625]  eta: 0:40:49  lr: 0.000008  train_loss: 0.1362 (0.1905)  train_iou: 0.6572 (0.6600)  time: 0.5310  data: 0.0036  max mem: 28813
Epoch: [10]  [1040/5625]  eta: 0:40:39  lr: 0.000008  train_loss: 0.0984 (0.1894)  train_iou: 0.6634 (0.6599)  time: 0.5345  data: 0.0029  max mem: 28813
Epoch: [10]  [1060/5625]  eta: 0:40:28  lr: 0.000008  train_loss: 0.1209 (0.1892)  train_iou: 0.6781 (0.6604)  time: 0.5286  data: 0.0030  max mem: 28813
Epoch: [10]  [1080/5625]  eta: 0:40:17  lr: 0.000008  train_loss: 0.1198 (0.1887)  train_iou: 0.6707 (0.6605)  time: 0.5283  data: 0.0023  max mem: 28813
Epoch: [10]  [1100/5625]  eta: 0:40:06  lr: 0.000008  train_loss: 0.1294 (0.1882)  train_iou: 0.5710 (0.6596)  time: 0.5252  data: 0.0017  max mem: 28813
Epoch: [10]  [1120/5625]  eta: 0:39:55  lr: 0.000008  train_loss: 0.1158 (0.1879)  train_iou: 0.6730 (0.6600)  time: 0.5316  data: 0.0033  max mem: 28813
Epoch: [10]  [1140/5625]  eta: 0:39:44  lr: 0.000008  train_loss: 0.1236 (0.1876)  train_iou: 0.6616 (0.6604)  time: 0.5287  data: 0.0036  max mem: 28813
Epoch: [10]  [1160/5625]  eta: 0:39:33  lr: 0.000008  train_loss: 0.1746 (0.1882)  train_iou: 0.6671 (0.6605)  time: 0.5231  data: 0.0020  max mem: 28813
Epoch: [10]  [1180/5625]  eta: 0:39:22  lr: 0.000008  train_loss: 0.1106 (0.1876)  train_iou: 0.6367 (0.6608)  time: 0.5316  data: 0.0020  max mem: 28813
Epoch: [10]  [1200/5625]  eta: 0:39:12  lr: 0.000008  train_loss: 0.1289 (0.1875)  train_iou: 0.7032 (0.6613)  time: 0.5318  data: 0.0008  max mem: 28813
Epoch: [10]  [1220/5625]  eta: 0:39:01  lr: 0.000008  train_loss: 0.1249 (0.1878)  train_iou: 0.6634 (0.6612)  time: 0.5259  data: 0.0009  max mem: 28813
Epoch: [10]  [1240/5625]  eta: 0:38:49  lr: 0.000008  train_loss: 0.1862 (0.1881)  train_iou: 0.6627 (0.6614)  time: 0.5226  data: 0.0016  max mem: 28813
Epoch: [10]  [1260/5625]  eta: 0:38:38  lr: 0.000008  train_loss: 0.1328 (0.1883)  train_iou: 0.6502 (0.6612)  time: 0.5217  data: 0.0009  max mem: 28813
Epoch: [10]  [1280/5625]  eta: 0:38:27  lr: 0.000008  train_loss: 0.1390 (0.1880)  train_iou: 0.6425 (0.6613)  time: 0.5282  data: 0.0015  max mem: 28813
Epoch: [10]  [1300/5625]  eta: 0:38:16  lr: 0.000008  train_loss: 0.1417 (0.1883)  train_iou: 0.6773 (0.6615)  time: 0.5220  data: 0.0015  max mem: 28813
Epoch: [10]  [1320/5625]  eta: 0:38:05  lr: 0.000008  train_loss: 0.2022 (0.1889)  train_iou: 0.6338 (0.6606)  time: 0.5291  data: 0.0034  max mem: 28813
Epoch: [10]  [1340/5625]  eta: 0:37:55  lr: 0.000008  train_loss: 0.1149 (0.1893)  train_iou: 0.6389 (0.6601)  time: 0.5324  data: 0.0037  max mem: 28813
Epoch: [10]  [1360/5625]  eta: 0:37:44  lr: 0.000008  train_loss: 0.2349 (0.1905)  train_iou: 0.6246 (0.6596)  time: 0.5355  data: 0.0032  max mem: 28813
Epoch: [10]  [1380/5625]  eta: 0:37:34  lr: 0.000008  train_loss: 0.1428 (0.1907)  train_iou: 0.5708 (0.6593)  time: 0.5379  data: 0.0038  max mem: 28813
Epoch: [10]  [1400/5625]  eta: 0:37:24  lr: 0.000008  train_loss: 0.1681 (0.1910)  train_iou: 0.6600 (0.6592)  time: 0.5345  data: 0.0042  max mem: 28813
Epoch: [10]  [1420/5625]  eta: 0:37:13  lr: 0.000008  train_loss: 0.1058 (0.1903)  train_iou: 0.6805 (0.6595)  time: 0.5311  data: 0.0036  max mem: 28813
Epoch: [10]  [1440/5625]  eta: 0:37:02  lr: 0.000008  train_loss: 0.2121 (0.1907)  train_iou: 0.6222 (0.6590)  time: 0.5271  data: 0.0016  max mem: 28813
Epoch: [10]  [1460/5625]  eta: 0:36:52  lr: 0.000008  train_loss: 0.0929 (0.1910)  train_iou: 0.5621 (0.6583)  time: 0.5284  data: 0.0025  max mem: 28813
Epoch: [10]  [1480/5625]  eta: 0:36:41  lr: 0.000008  train_loss: 0.1402 (0.1908)  train_iou: 0.6635 (0.6583)  time: 0.5411  data: 0.0046  max mem: 28813
Epoch: [10]  [1500/5625]  eta: 0:36:30  lr: 0.000008  train_loss: 0.1257 (0.1904)  train_iou: 0.6654 (0.6583)  time: 0.5247  data: 0.0021  max mem: 28813
Epoch: [10]  [1520/5625]  eta: 0:36:20  lr: 0.000008  train_loss: 0.1062 (0.1899)  train_iou: 0.6529 (0.6584)  time: 0.5345  data: 0.0027  max mem: 28813
Epoch: [10]  [1540/5625]  eta: 0:36:09  lr: 0.000008  train_loss: 0.1649 (0.1898)  train_iou: 0.7218 (0.6586)  time: 0.5241  data: 0.0017  max mem: 28813
Epoch: [10]  [1560/5625]  eta: 0:35:58  lr: 0.000008  train_loss: 0.1794 (0.1898)  train_iou: 0.6285 (0.6583)  time: 0.5315  data: 0.0032  max mem: 28813
Epoch: [10]  [1580/5625]  eta: 0:35:48  lr: 0.000008  train_loss: 0.2067 (0.1899)  train_iou: 0.6746 (0.6586)  time: 0.5299  data: 0.0023  max mem: 28813
Epoch: [10]  [1600/5625]  eta: 0:35:37  lr: 0.000008  train_loss: 0.1330 (0.1897)  train_iou: 0.7430 (0.6589)  time: 0.5261  data: 0.0006  max mem: 28813
Epoch: [10]  [1620/5625]  eta: 0:35:26  lr: 0.000008  train_loss: 0.1625 (0.1898)  train_iou: 0.6674 (0.6592)  time: 0.5273  data: 0.0027  max mem: 28813
Epoch: [10]  [1640/5625]  eta: 0:35:15  lr: 0.000008  train_loss: 0.1148 (0.1893)  train_iou: 0.6776 (0.6596)  time: 0.5288  data: 0.0013  max mem: 28813
Epoch: [10]  [1660/5625]  eta: 0:35:04  lr: 0.000008  train_loss: 0.0991 (0.1889)  train_iou: 0.5721 (0.6589)  time: 0.5217  data: 0.0008  max mem: 28813
Epoch: [10]  [1680/5625]  eta: 0:34:53  lr: 0.000008  train_loss: 0.1549 (0.1887)  train_iou: 0.6687 (0.6588)  time: 0.5264  data: 0.0025  max mem: 28813
Epoch: [10]  [1700/5625]  eta: 0:34:42  lr: 0.000008  train_loss: 0.1123 (0.1883)  train_iou: 0.6739 (0.6587)  time: 0.5227  data: 0.0048  max mem: 28813
Epoch: [10]  [1720/5625]  eta: 0:34:32  lr: 0.000008  train_loss: 0.1286 (0.1881)  train_iou: 0.6399 (0.6586)  time: 0.5248  data: 0.0011  max mem: 28813
Epoch: [10]  [1740/5625]  eta: 0:34:21  lr: 0.000008  train_loss: 0.1247 (0.1882)  train_iou: 0.6610 (0.6585)  time: 0.5387  data: 0.0037  max mem: 28813
Epoch: [10]  [1760/5625]  eta: 0:34:11  lr: 0.000008  train_loss: 0.2139 (0.1887)  train_iou: 0.6561 (0.6585)  time: 0.5363  data: 0.0056  max mem: 28813
Epoch: [10]  [1780/5625]  eta: 0:34:00  lr: 0.000008  train_loss: 0.1729 (0.1886)  train_iou: 0.7178 (0.6593)  time: 0.5242  data: 0.0010  max mem: 28813
Epoch: [10]  [1800/5625]  eta: 0:33:50  lr: 0.000008  train_loss: 0.0827 (0.1880)  train_iou: 0.6953 (0.6594)  time: 0.5334  data: 0.0024  max mem: 28813
Epoch: [10]  [1820/5625]  eta: 0:33:39  lr: 0.000008  train_loss: 0.2237 (0.1887)  train_iou: 0.6439 (0.6590)  time: 0.5347  data: 0.0057  max mem: 28813
Epoch: [10]  [1840/5625]  eta: 0:33:29  lr: 0.000008  train_loss: 0.1765 (0.1887)  train_iou: 0.6205 (0.6586)  time: 0.5311  data: 0.0030  max mem: 28813
Epoch: [10]  [1860/5625]  eta: 0:33:18  lr: 0.000008  train_loss: 0.1302 (0.1885)  train_iou: 0.6565 (0.6584)  time: 0.5256  data: 0.0026  max mem: 28813
Epoch: [10]  [1880/5625]  eta: 0:33:07  lr: 0.000008  train_loss: 0.1077 (0.1881)  train_iou: 0.6871 (0.6588)  time: 0.5239  data: 0.0012  max mem: 28813
Epoch: [10]  [1900/5625]  eta: 0:32:56  lr: 0.000008  train_loss: 0.1775 (0.1886)  train_iou: 0.5488 (0.6579)  time: 0.5244  data: 0.0023  max mem: 28813
Epoch: [10]  [1920/5625]  eta: 0:32:45  lr: 0.000008  train_loss: 0.1289 (0.1887)  train_iou: 0.6679 (0.6583)  time: 0.5279  data: 0.0029  max mem: 28813
Epoch: [10]  [1940/5625]  eta: 0:32:34  lr: 0.000008  train_loss: 0.1909 (0.1888)  train_iou: 0.6491 (0.6584)  time: 0.5270  data: 0.0036  max mem: 28813
Epoch: [10]  [1960/5625]  eta: 0:32:24  lr: 0.000008  train_loss: 0.1261 (0.1887)  train_iou: 0.6745 (0.6587)  time: 0.5281  data: 0.0007  max mem: 28813
Epoch: [10]  [1980/5625]  eta: 0:32:13  lr: 0.000008  train_loss: 0.1727 (0.1889)  train_iou: 0.6677 (0.6590)  time: 0.5308  data: 0.0020  max mem: 28813
Epoch: [10]  [2000/5625]  eta: 0:32:02  lr: 0.000008  train_loss: 0.1318 (0.1886)  train_iou: 0.6775 (0.6591)  time: 0.5213  data: 0.0005  max mem: 28813
Epoch: [10]  [2020/5625]  eta: 0:31:52  lr: 0.000008  train_loss: 0.1013 (0.1887)  train_iou: 0.6724 (0.6592)  time: 0.5318  data: 0.0032  max mem: 28813
Epoch: [10]  [2040/5625]  eta: 0:31:41  lr: 0.000008  train_loss: 0.1330 (0.1889)  train_iou: 0.6472 (0.6590)  time: 0.5309  data: 0.0047  max mem: 28813
Epoch: [10]  [2060/5625]  eta: 0:31:30  lr: 0.000008  train_loss: 0.2114 (0.1892)  train_iou: 0.6676 (0.6592)  time: 0.5271  data: 0.0010  max mem: 28813
Epoch: [10]  [2080/5625]  eta: 0:31:20  lr: 0.000008  train_loss: 0.1772 (0.1895)  train_iou: 0.6631 (0.6591)  time: 0.5274  data: 0.0048  max mem: 28813
Epoch: [10]  [2100/5625]  eta: 0:31:09  lr: 0.000008  train_loss: 0.1706 (0.1895)  train_iou: 0.5946 (0.6588)  time: 0.5221  data: 0.0032  max mem: 28813
Epoch: [10]  [2120/5625]  eta: 0:30:58  lr: 0.000008  train_loss: 0.1984 (0.1897)  train_iou: 0.6371 (0.6584)  time: 0.5290  data: 0.0006  max mem: 28813
Epoch: [10]  [2140/5625]  eta: 0:30:48  lr: 0.000008  train_loss: 0.2186 (0.1899)  train_iou: 0.6849 (0.6584)  time: 0.5306  data: 0.0015  max mem: 28813
Epoch: [10]  [2160/5625]  eta: 0:30:37  lr: 0.000008  train_loss: 0.1871 (0.1900)  train_iou: 0.6132 (0.6580)  time: 0.5301  data: 0.0010  max mem: 28813
Epoch: [10]  [2180/5625]  eta: 0:30:26  lr: 0.000008  train_loss: 0.1239 (0.1902)  train_iou: 0.6260 (0.6578)  time: 0.5249  data: 0.0021  max mem: 28813
Epoch: [10]  [2200/5625]  eta: 0:30:16  lr: 0.000008  train_loss: 0.1569 (0.1901)  train_iou: 0.6662 (0.6579)  time: 0.5308  data: 0.0005  max mem: 28813
Epoch: [10]  [2220/5625]  eta: 0:30:05  lr: 0.000008  train_loss: 0.1092 (0.1896)  train_iou: 0.6422 (0.6579)  time: 0.5267  data: 0.0006  max mem: 28813
Epoch: [10]  [2240/5625]  eta: 0:29:54  lr: 0.000008  train_loss: 0.1114 (0.1895)  train_iou: 0.6845 (0.6580)  time: 0.5200  data: 0.0031  max mem: 28813
Epoch: [10]  [2260/5625]  eta: 0:29:43  lr: 0.000008  train_loss: 0.1259 (0.1893)  train_iou: 0.6407 (0.6580)  time: 0.5303  data: 0.0021  max mem: 28813
Epoch: [10]  [2280/5625]  eta: 0:29:33  lr: 0.000008  train_loss: 0.0898 (0.1891)  train_iou: 0.6627 (0.6581)  time: 0.5260  data: 0.0013  max mem: 28813
Epoch: [10]  [2300/5625]  eta: 0:29:22  lr: 0.000008  train_loss: 0.2441 (0.1895)  train_iou: 0.6583 (0.6581)  time: 0.5347  data: 0.0018  max mem: 28813
Epoch: [10]  [2320/5625]  eta: 0:29:12  lr: 0.000008  train_loss: 0.1991 (0.1895)  train_iou: 0.6915 (0.6586)  time: 0.5298  data: 0.0028  max mem: 28813
Epoch: [10]  [2340/5625]  eta: 0:29:01  lr: 0.000008  train_loss: 0.1974 (0.1897)  train_iou: 0.6614 (0.6586)  time: 0.5364  data: 0.0045  max mem: 28813
Epoch: [10]  [2360/5625]  eta: 0:28:51  lr: 0.000008  train_loss: 0.1396 (0.1898)  train_iou: 0.6707 (0.6586)  time: 0.5316  data: 0.0019  max mem: 28813
Epoch: [10]  [2380/5625]  eta: 0:28:40  lr: 0.000008  train_loss: 0.1469 (0.1898)  train_iou: 0.6844 (0.6586)  time: 0.5383  data: 0.0026  max mem: 28813
Epoch: [10]  [2400/5625]  eta: 0:28:30  lr: 0.000008  train_loss: 0.1940 (0.1899)  train_iou: 0.6801 (0.6586)  time: 0.5292  data: 0.0022  max mem: 28813
Epoch: [10]  [2420/5625]  eta: 0:28:19  lr: 0.000008  train_loss: 0.1330 (0.1898)  train_iou: 0.7084 (0.6589)  time: 0.5326  data: 0.0050  max mem: 28813
Epoch: [10]  [2440/5625]  eta: 0:28:09  lr: 0.000008  train_loss: 0.1447 (0.1897)  train_iou: 0.6742 (0.6590)  time: 0.5357  data: 0.0033  max mem: 28813
Epoch: [10]  [2460/5625]  eta: 0:27:58  lr: 0.000008  train_loss: 0.1087 (0.1896)  train_iou: 0.7072 (0.6593)  time: 0.5270  data: 0.0015  max mem: 28813
Epoch: [10]  [2480/5625]  eta: 0:27:47  lr: 0.000008  train_loss: 0.1728 (0.1895)  train_iou: 0.6883 (0.6597)  time: 0.5299  data: 0.0025  max mem: 28813
Epoch: [10]  [2500/5625]  eta: 0:27:37  lr: 0.000008  train_loss: 0.1878 (0.1896)  train_iou: 0.6708 (0.6596)  time: 0.5266  data: 0.0036  max mem: 28813
Epoch: [10]  [2520/5625]  eta: 0:27:26  lr: 0.000008  train_loss: 0.1337 (0.1898)  train_iou: 0.6691 (0.6598)  time: 0.5338  data: 0.0031  max mem: 28813
Epoch: [10]  [2540/5625]  eta: 0:27:16  lr: 0.000008  train_loss: 0.1745 (0.1900)  train_iou: 0.6626 (0.6599)  time: 0.5358  data: 0.0047  max mem: 28813
Epoch: [10]  [2560/5625]  eta: 0:27:05  lr: 0.000008  train_loss: 0.1336 (0.1900)  train_iou: 0.6944 (0.6598)  time: 0.5388  data: 0.0028  max mem: 28813
Epoch: [10]  [2580/5625]  eta: 0:26:55  lr: 0.000008  train_loss: 0.1260 (0.1898)  train_iou: 0.7069 (0.6600)  time: 0.5386  data: 0.0031  max mem: 28813
Epoch: [10]  [2600/5625]  eta: 0:26:44  lr: 0.000008  train_loss: 0.1561 (0.1897)  train_iou: 0.6694 (0.6600)  time: 0.5423  data: 0.0047  max mem: 28813
Epoch: [10]  [2620/5625]  eta: 0:26:34  lr: 0.000008  train_loss: 0.1439 (0.1896)  train_iou: 0.6801 (0.6602)  time: 0.5287  data: 0.0030  max mem: 28813
Epoch: [10]  [2640/5625]  eta: 0:26:23  lr: 0.000008  train_loss: 0.1287 (0.1893)  train_iou: 0.6870 (0.6602)  time: 0.5267  data: 0.0089  max mem: 28813
Epoch: [10]  [2660/5625]  eta: 0:26:12  lr: 0.000008  train_loss: 0.1706 (0.1893)  train_iou: 0.6690 (0.6604)  time: 0.5238  data: 0.0008  max mem: 28813
Epoch: [10]  [2680/5625]  eta: 0:26:01  lr: 0.000008  train_loss: 0.1781 (0.1892)  train_iou: 0.6846 (0.6605)  time: 0.5215  data: 0.0021  max mem: 28813
Epoch: [10]  [2700/5625]  eta: 0:25:51  lr: 0.000008  train_loss: 0.1467 (0.1893)  train_iou: 0.6752 (0.6605)  time: 0.5300  data: 0.0014  max mem: 28813
Epoch: [10]  [2720/5625]  eta: 0:25:40  lr: 0.000008  train_loss: 0.1670 (0.1893)  train_iou: 0.6674 (0.6605)  time: 0.5257  data: 0.0010  max mem: 28813
Epoch: [10]  [2740/5625]  eta: 0:25:30  lr: 0.000008  train_loss: 0.1184 (0.1891)  train_iou: 0.7682 (0.6612)  time: 0.5346  data: 0.0010  max mem: 28813
Epoch: [10]  [2760/5625]  eta: 0:25:19  lr: 0.000008  train_loss: 0.1189 (0.1890)  train_iou: 0.6869 (0.6614)  time: 0.5365  data: 0.0015  max mem: 28813
Epoch: [10]  [2780/5625]  eta: 0:25:08  lr: 0.000008  train_loss: 0.1936 (0.1894)  train_iou: 0.6649 (0.6615)  time: 0.5283  data: 0.0052  max mem: 28813
Epoch: [10]  [2800/5625]  eta: 0:24:58  lr: 0.000008  train_loss: 0.1239 (0.1894)  train_iou: 0.6328 (0.6614)  time: 0.5204  data: 0.0009  max mem: 28813
Epoch: [10]  [2820/5625]  eta: 0:24:47  lr: 0.000008  train_loss: 0.1655 (0.1895)  train_iou: 0.6736 (0.6614)  time: 0.5296  data: 0.0026  max mem: 28813
Epoch: [10]  [2840/5625]  eta: 0:24:37  lr: 0.000008  train_loss: 0.1343 (0.1896)  train_iou: 0.6336 (0.6613)  time: 0.5328  data: 0.0012  max mem: 28813
Epoch: [10]  [2860/5625]  eta: 0:24:26  lr: 0.000008  train_loss: 0.0973 (0.1893)  train_iou: 0.7636 (0.6615)  time: 0.5322  data: 0.0031  max mem: 28813
Epoch: [10]  [2880/5625]  eta: 0:24:15  lr: 0.000008  train_loss: 0.1934 (0.1893)  train_iou: 0.6413 (0.6611)  time: 0.5332  data: 0.0016  max mem: 28813
Epoch: [10]  [2900/5625]  eta: 0:24:05  lr: 0.000008  train_loss: 0.1087 (0.1892)  train_iou: 0.6906 (0.6610)  time: 0.5215  data: 0.0005  max mem: 28813
Epoch: [10]  [2920/5625]  eta: 0:23:54  lr: 0.000008  train_loss: 0.1513 (0.1894)  train_iou: 0.6512 (0.6609)  time: 0.5320  data: 0.0027  max mem: 28813
Epoch: [10]  [2940/5625]  eta: 0:23:43  lr: 0.000008  train_loss: 0.1566 (0.1898)  train_iou: 0.6247 (0.6606)  time: 0.5289  data: 0.0017  max mem: 28813
Epoch: [10]  [2960/5625]  eta: 0:23:33  lr: 0.000008  train_loss: 0.1806 (0.1900)  train_iou: 0.6518 (0.6605)  time: 0.5291  data: 0.0023  max mem: 28813
Epoch: [10]  [2980/5625]  eta: 0:23:22  lr: 0.000008  train_loss: 0.2207 (0.1904)  train_iou: 0.6394 (0.6604)  time: 0.5295  data: 0.0032  max mem: 28813
Epoch: [10]  [3000/5625]  eta: 0:23:12  lr: 0.000008  train_loss: 0.1630 (0.1903)  train_iou: 0.6340 (0.6605)  time: 0.5296  data: 0.0011  max mem: 28813
Epoch: [10]  [3020/5625]  eta: 0:23:01  lr: 0.000008  train_loss: 0.1088 (0.1904)  train_iou: 0.6672 (0.6604)  time: 0.5307  data: 0.0043  max mem: 28813
Epoch: [10]  [3040/5625]  eta: 0:22:50  lr: 0.000008  train_loss: 0.2076 (0.1907)  train_iou: 0.6666 (0.6604)  time: 0.5351  data: 0.0047  max mem: 28813
Epoch: [10]  [3060/5625]  eta: 0:22:40  lr: 0.000008  train_loss: 0.1889 (0.1909)  train_iou: 0.6509 (0.6602)  time: 0.5241  data: 0.0013  max mem: 28813
Epoch: [10]  [3080/5625]  eta: 0:22:29  lr: 0.000008  train_loss: 0.1391 (0.1908)  train_iou: 0.6648 (0.6602)  time: 0.5257  data: 0.0028  max mem: 28813
Epoch: [10]  [3100/5625]  eta: 0:22:18  lr: 0.000008  train_loss: 0.1540 (0.1910)  train_iou: 0.6648 (0.6603)  time: 0.5287  data: 0.0023  max mem: 28813
Epoch: [10]  [3120/5625]  eta: 0:22:08  lr: 0.000008  train_loss: 0.1054 (0.1908)  train_iou: 0.6614 (0.6601)  time: 0.5225  data: 0.0006  max mem: 28813
Epoch: [10]  [3140/5625]  eta: 0:21:57  lr: 0.000008  train_loss: 0.1090 (0.1907)  train_iou: 0.6427 (0.6602)  time: 0.5313  data: 0.0039  max mem: 28813
Epoch: [10]  [3160/5625]  eta: 0:21:47  lr: 0.000008  train_loss: 0.1452 (0.1908)  train_iou: 0.6597 (0.6601)  time: 0.5367  data: 0.0022  max mem: 28813
Epoch: [10]  [3180/5625]  eta: 0:21:36  lr: 0.000008  train_loss: 0.1314 (0.1908)  train_iou: 0.6524 (0.6599)  time: 0.5398  data: 0.0038  max mem: 28813
Epoch: [10]  [3200/5625]  eta: 0:21:25  lr: 0.000008  train_loss: 0.1406 (0.1909)  train_iou: 0.6167 (0.6597)  time: 0.5236  data: 0.0060  max mem: 28813
Epoch: [10]  [3220/5625]  eta: 0:21:15  lr: 0.000008  train_loss: 0.1446 (0.1909)  train_iou: 0.6278 (0.6594)  time: 0.5242  data: 0.0018  max mem: 28813
Epoch: [10]  [3240/5625]  eta: 0:21:04  lr: 0.000008  train_loss: 0.1211 (0.1907)  train_iou: 0.6627 (0.6593)  time: 0.5280  data: 0.0020  max mem: 28813
Epoch: [10]  [3260/5625]  eta: 0:20:53  lr: 0.000008  train_loss: 0.2060 (0.1910)  train_iou: 0.5707 (0.6589)  time: 0.5314  data: 0.0030  max mem: 28813
Epoch: [10]  [3280/5625]  eta: 0:20:43  lr: 0.000008  train_loss: 0.2161 (0.1911)  train_iou: 0.6539 (0.6585)  time: 0.5183  data: 0.0008  max mem: 28813
Epoch: [10]  [3300/5625]  eta: 0:20:32  lr: 0.000008  train_loss: 0.1603 (0.1912)  train_iou: 0.6445 (0.6586)  time: 0.5287  data: 0.0033  max mem: 28813
Epoch: [10]  [3320/5625]  eta: 0:20:22  lr: 0.000008  train_loss: 0.1300 (0.1913)  train_iou: 0.6502 (0.6586)  time: 0.5345  data: 0.0032  max mem: 28813
Epoch: [10]  [3340/5625]  eta: 0:20:11  lr: 0.000008  train_loss: 0.2192 (0.1918)  train_iou: 0.5977 (0.6583)  time: 0.5333  data: 0.0059  max mem: 28813
Epoch: [10]  [3360/5625]  eta: 0:20:00  lr: 0.000008  train_loss: 0.1299 (0.1916)  train_iou: 0.6488 (0.6582)  time: 0.5351  data: 0.0022  max mem: 28813
Epoch: [10]  [3380/5625]  eta: 0:19:50  lr: 0.000008  train_loss: 0.1323 (0.1918)  train_iou: 0.6352 (0.6582)  time: 0.5295  data: 0.0036  max mem: 28813
Epoch: [10]  [3400/5625]  eta: 0:19:39  lr: 0.000008  train_loss: 0.1783 (0.1920)  train_iou: 0.6487 (0.6581)  time: 0.5365  data: 0.0048  max mem: 28813
Epoch: [10]  [3420/5625]  eta: 0:19:29  lr: 0.000008  train_loss: 0.2261 (0.1921)  train_iou: 0.6684 (0.6582)  time: 0.5258  data: 0.0031  max mem: 28813
Epoch: [10]  [3440/5625]  eta: 0:19:18  lr: 0.000008  train_loss: 0.1376 (0.1921)  train_iou: 0.5949 (0.6581)  time: 0.5282  data: 0.0015  max mem: 28813
Epoch: [10]  [3460/5625]  eta: 0:19:07  lr: 0.000008  train_loss: 0.1327 (0.1920)  train_iou: 0.6582 (0.6582)  time: 0.5276  data: 0.0029  max mem: 28813
Epoch: [10]  [3480/5625]  eta: 0:18:57  lr: 0.000008  train_loss: 0.1237 (0.1919)  train_iou: 0.7173 (0.6584)  time: 0.5167  data: 0.0007  max mem: 28813
Epoch: [10]  [3500/5625]  eta: 0:18:46  lr: 0.000008  train_loss: 0.1103 (0.1918)  train_iou: 0.6610 (0.6586)  time: 0.5357  data: 0.0071  max mem: 28813
Epoch: [10]  [3520/5625]  eta: 0:18:36  lr: 0.000008  train_loss: 0.1466 (0.1919)  train_iou: 0.6477 (0.6585)  time: 0.5358  data: 0.0037  max mem: 28813
Epoch: [10]  [3540/5625]  eta: 0:18:25  lr: 0.000008  train_loss: 0.1330 (0.1917)  train_iou: 0.5916 (0.6583)  time: 0.5376  data: 0.0037  max mem: 28813
Epoch: [10]  [3560/5625]  eta: 0:18:15  lr: 0.000008  train_loss: 0.1859 (0.1916)  train_iou: 0.6626 (0.6583)  time: 0.5393  data: 0.0032  max mem: 28813
Epoch: [10]  [3580/5625]  eta: 0:18:04  lr: 0.000008  train_loss: 0.1007 (0.1914)  train_iou: 0.6859 (0.6584)  time: 0.5401  data: 0.0053  max mem: 28813
Epoch: [10]  [3600/5625]  eta: 0:17:53  lr: 0.000008  train_loss: 0.1428 (0.1915)  train_iou: 0.6596 (0.6585)  time: 0.5274  data: 0.0014  max mem: 28813
Epoch: [10]  [3620/5625]  eta: 0:17:43  lr: 0.000008  train_loss: 0.1030 (0.1912)  train_iou: 0.6776 (0.6585)  time: 0.5291  data: 0.0022  max mem: 28813
Epoch: [10]  [3640/5625]  eta: 0:17:32  lr: 0.000008  train_loss: 0.1324 (0.1912)  train_iou: 0.6833 (0.6585)  time: 0.5290  data: 0.0017  max mem: 28813
Epoch: [10]  [3660/5625]  eta: 0:17:22  lr: 0.000008  train_loss: 0.1702 (0.1912)  train_iou: 0.6658 (0.6584)  time: 0.5280  data: 0.0022  max mem: 28813
Epoch: [10]  [3680/5625]  eta: 0:17:11  lr: 0.000008  train_loss: 0.1264 (0.1911)  train_iou: 0.6406 (0.6582)  time: 0.5204  data: 0.0010  max mem: 28813
Epoch: [10]  [3700/5625]  eta: 0:17:00  lr: 0.000008  train_loss: 0.1284 (0.1912)  train_iou: 0.6879 (0.6585)  time: 0.5270  data: 0.0012  max mem: 28813
Epoch: [10]  [3720/5625]  eta: 0:16:50  lr: 0.000008  train_loss: 0.1113 (0.1911)  train_iou: 0.6735 (0.6586)  time: 0.5271  data: 0.0020  max mem: 28813
Epoch: [10]  [3740/5625]  eta: 0:16:39  lr: 0.000008  train_loss: 0.1299 (0.1912)  train_iou: 0.6556 (0.6588)  time: 0.5303  data: 0.0037  max mem: 28813
Epoch: [10]  [3760/5625]  eta: 0:16:28  lr: 0.000008  train_loss: 0.1970 (0.1913)  train_iou: 0.6602 (0.6589)  time: 0.5239  data: 0.0045  max mem: 28813
Epoch: [10]  [3780/5625]  eta: 0:16:18  lr: 0.000008  train_loss: 0.1733 (0.1914)  train_iou: 0.6523 (0.6589)  time: 0.5256  data: 0.0007  max mem: 28813
Epoch: [10]  [3800/5625]  eta: 0:16:07  lr: 0.000008  train_loss: 0.1494 (0.1916)  train_iou: 0.6400 (0.6587)  time: 0.5385  data: 0.0014  max mem: 28813
Epoch: [10]  [3820/5625]  eta: 0:15:56  lr: 0.000008  train_loss: 0.1020 (0.1913)  train_iou: 0.7299 (0.6590)  time: 0.5296  data: 0.0033  max mem: 28813
Epoch: [10]  [3840/5625]  eta: 0:15:46  lr: 0.000008  train_loss: 0.1556 (0.1914)  train_iou: 0.5768 (0.6587)  time: 0.5300  data: 0.0013  max mem: 28813
Epoch: [10]  [3860/5625]  eta: 0:15:35  lr: 0.000008  train_loss: 0.2049 (0.1915)  train_iou: 0.6686 (0.6587)  time: 0.5294  data: 0.0027  max mem: 28813
Epoch: [10]  [3880/5625]  eta: 0:15:25  lr: 0.000008  train_loss: 0.1738 (0.1916)  train_iou: 0.6652 (0.6587)  time: 0.5266  data: 0.0034  max mem: 28813
Epoch: [10]  [3900/5625]  eta: 0:15:14  lr: 0.000008  train_loss: 0.2412 (0.1918)  train_iou: 0.5719 (0.6583)  time: 0.5199  data: 0.0010  max mem: 28813
Epoch: [10]  [3920/5625]  eta: 0:15:03  lr: 0.000008  train_loss: 0.1585 (0.1919)  train_iou: 0.6876 (0.6584)  time: 0.5149  data: 0.0013  max mem: 28813
Epoch: [10]  [3940/5625]  eta: 0:14:53  lr: 0.000008  train_loss: 0.1408 (0.1918)  train_iou: 0.5972 (0.6582)  time: 0.5334  data: 0.0038  max mem: 28813
Epoch: [10]  [3960/5625]  eta: 0:14:42  lr: 0.000008  train_loss: 0.0971 (0.1916)  train_iou: 0.6769 (0.6585)  time: 0.5295  data: 0.0043  max mem: 28813
Epoch: [10]  [3980/5625]  eta: 0:14:31  lr: 0.000008  train_loss: 0.1630 (0.1916)  train_iou: 0.6781 (0.6586)  time: 0.5352  data: 0.0046  max mem: 28813
Epoch: [10]  [4000/5625]  eta: 0:14:21  lr: 0.000008  train_loss: 0.1073 (0.1916)  train_iou: 0.6821 (0.6589)  time: 0.5309  data: 0.0060  max mem: 28813
Epoch: [10]  [4020/5625]  eta: 0:14:10  lr: 0.000008  train_loss: 0.1393 (0.1915)  train_iou: 0.6626 (0.6588)  time: 0.5255  data: 0.0008  max mem: 28813
Epoch: [10]  [4040/5625]  eta: 0:14:00  lr: 0.000008  train_loss: 0.1489 (0.1915)  train_iou: 0.6220 (0.6587)  time: 0.5277  data: 0.0010  max mem: 28813
Epoch: [10]  [4060/5625]  eta: 0:13:49  lr: 0.000008  train_loss: 0.1796 (0.1915)  train_iou: 0.6666 (0.6586)  time: 0.5232  data: 0.0009  max mem: 28813
Epoch: [10]  [4080/5625]  eta: 0:13:38  lr: 0.000008  train_loss: 0.1261 (0.1914)  train_iou: 0.6947 (0.6588)  time: 0.5264  data: 0.0018  max mem: 28813
Epoch: [10]  [4100/5625]  eta: 0:13:28  lr: 0.000008  train_loss: 0.1022 (0.1914)  train_iou: 0.6923 (0.6588)  time: 0.5222  data: 0.0008  max mem: 28813
Epoch: [10]  [4120/5625]  eta: 0:13:17  lr: 0.000008  train_loss: 0.1612 (0.1913)  train_iou: 0.6534 (0.6588)  time: 0.5249  data: 0.0010  max mem: 28813
Epoch: [10]  [4140/5625]  eta: 0:13:06  lr: 0.000008  train_loss: 0.2070 (0.1914)  train_iou: 0.5829 (0.6587)  time: 0.5218  data: 0.0018  max mem: 28813
Epoch: [10]  [4160/5625]  eta: 0:12:56  lr: 0.000008  train_loss: 0.0995 (0.1915)  train_iou: 0.6658 (0.6587)  time: 0.5290  data: 0.0043  max mem: 28813
Epoch: [10]  [4180/5625]  eta: 0:12:45  lr: 0.000008  train_loss: 0.1127 (0.1913)  train_iou: 0.7307 (0.6590)  time: 0.5362  data: 0.0045  max mem: 28813
Epoch: [10]  [4200/5625]  eta: 0:12:35  lr: 0.000008  train_loss: 0.1104 (0.1913)  train_iou: 0.6697 (0.6592)  time: 0.5363  data: 0.0050  max mem: 28813
Epoch: [10]  [4220/5625]  eta: 0:12:24  lr: 0.000008  train_loss: 0.2151 (0.1914)  train_iou: 0.6173 (0.6592)  time: 0.5325  data: 0.0046  max mem: 28813
Epoch: [10]  [4240/5625]  eta: 0:12:14  lr: 0.000008  train_loss: 0.1952 (0.1913)  train_iou: 0.6891 (0.6592)  time: 0.5345  data: 0.0014  max mem: 28813
Epoch: [10]  [4260/5625]  eta: 0:12:03  lr: 0.000008  train_loss: 0.1328 (0.1913)  train_iou: 0.6802 (0.6592)  time: 0.5370  data: 0.0035  max mem: 28813
Epoch: [10]  [4280/5625]  eta: 0:11:52  lr: 0.000008  train_loss: 0.1523 (0.1913)  train_iou: 0.6504 (0.6592)  time: 0.5374  data: 0.0027  max mem: 28813
Epoch: [10]  [4300/5625]  eta: 0:11:42  lr: 0.000008  train_loss: 0.1188 (0.1911)  train_iou: 0.6745 (0.6592)  time: 0.5371  data: 0.0034  max mem: 28813
Epoch: [10]  [4320/5625]  eta: 0:11:31  lr: 0.000008  train_loss: 0.1231 (0.1911)  train_iou: 0.6171 (0.6592)  time: 0.5426  data: 0.0016  max mem: 28813
Epoch: [10]  [4340/5625]  eta: 0:11:21  lr: 0.000008  train_loss: 0.1023 (0.1909)  train_iou: 0.6517 (0.6592)  time: 0.5310  data: 0.0043  max mem: 28813
Epoch: [10]  [4360/5625]  eta: 0:11:10  lr: 0.000008  train_loss: 0.1268 (0.1910)  train_iou: 0.6491 (0.6591)  time: 0.5295  data: 0.0031  max mem: 28813
Epoch: [10]  [4380/5625]  eta: 0:10:59  lr: 0.000008  train_loss: 0.1457 (0.1909)  train_iou: 0.6920 (0.6593)  time: 0.5212  data: 0.0010  max mem: 28813
Epoch: [10]  [4400/5625]  eta: 0:10:49  lr: 0.000008  train_loss: 0.0949 (0.1907)  train_iou: 0.7223 (0.6594)  time: 0.5323  data: 0.0026  max mem: 28813
Epoch: [10]  [4420/5625]  eta: 0:10:38  lr: 0.000008  train_loss: 0.1642 (0.1908)  train_iou: 0.6600 (0.6593)  time: 0.5272  data: 0.0006  max mem: 28813
Epoch: [10]  [4440/5625]  eta: 0:10:28  lr: 0.000008  train_loss: 0.1854 (0.1908)  train_iou: 0.6783 (0.6594)  time: 0.5356  data: 0.0054  max mem: 28813
Epoch: [10]  [4460/5625]  eta: 0:10:17  lr: 0.000008  train_loss: 0.1605 (0.1908)  train_iou: 0.6249 (0.6592)  time: 0.5254  data: 0.0012  max mem: 28813
Epoch: [10]  [4480/5625]  eta: 0:10:06  lr: 0.000008  train_loss: 0.1038 (0.1907)  train_iou: 0.6362 (0.6591)  time: 0.5367  data: 0.0013  max mem: 28813
Epoch: [10]  [4500/5625]  eta: 0:09:56  lr: 0.000008  train_loss: 0.1430 (0.1907)  train_iou: 0.6617 (0.6591)  time: 0.5292  data: 0.0016  max mem: 28813
Epoch: [10]  [4520/5625]  eta: 0:09:45  lr: 0.000008  train_loss: 0.2020 (0.1908)  train_iou: 0.6419 (0.6591)  time: 0.5251  data: 0.0007  max mem: 28813
Epoch: [10]  [4540/5625]  eta: 0:09:35  lr: 0.000008  train_loss: 0.1513 (0.1907)  train_iou: 0.6718 (0.6592)  time: 0.5219  data: 0.0046  max mem: 28813
Epoch: [10]  [4560/5625]  eta: 0:09:24  lr: 0.000008  train_loss: 0.1853 (0.1908)  train_iou: 0.5896 (0.6590)  time: 0.5332  data: 0.0047  max mem: 28813
Epoch: [10]  [4580/5625]  eta: 0:09:13  lr: 0.000008  train_loss: 0.1708 (0.1908)  train_iou: 0.6807 (0.6590)  time: 0.5277  data: 0.0031  max mem: 28813
Epoch: [10]  [4600/5625]  eta: 0:09:03  lr: 0.000008  train_loss: 0.1275 (0.1908)  train_iou: 0.5568 (0.6588)  time: 0.5265  data: 0.0013  max mem: 28813
Epoch: [10]  [4620/5625]  eta: 0:08:52  lr: 0.000008  train_loss: 0.1280 (0.1908)  train_iou: 0.6642 (0.6588)  time: 0.5242  data: 0.0011  max mem: 28813
Epoch: [10]  [4640/5625]  eta: 0:08:42  lr: 0.000008  train_loss: 0.1400 (0.1908)  train_iou: 0.6632 (0.6587)  time: 0.5303  data: 0.0028  max mem: 28813
Epoch: [10]  [4660/5625]  eta: 0:08:31  lr: 0.000008  train_loss: 0.1308 (0.1907)  train_iou: 0.6827 (0.6589)  time: 0.5354  data: 0.0033  max mem: 28813
Epoch: [10]  [4680/5625]  eta: 0:08:20  lr: 0.000008  train_loss: 0.1376 (0.1907)  train_iou: 0.6599 (0.6588)  time: 0.5354  data: 0.0063  max mem: 28813
Epoch: [10]  [4700/5625]  eta: 0:08:10  lr: 0.000008  train_loss: 0.1127 (0.1906)  train_iou: 0.6322 (0.6588)  time: 0.5355  data: 0.0058  max mem: 28813
Epoch: [10]  [4720/5625]  eta: 0:07:59  lr: 0.000008  train_loss: 0.1507 (0.1908)  train_iou: 0.6760 (0.6588)  time: 0.5319  data: 0.0022  max mem: 28813
Epoch: [10]  [4740/5625]  eta: 0:07:49  lr: 0.000008  train_loss: 0.1248 (0.1907)  train_iou: 0.6242 (0.6587)  time: 0.5322  data: 0.0026  max mem: 28813
Epoch: [10]  [4760/5625]  eta: 0:07:38  lr: 0.000008  train_loss: 0.1582 (0.1907)  train_iou: 0.6841 (0.6588)  time: 0.5353  data: 0.0018  max mem: 28813
Epoch: [10]  [4780/5625]  eta: 0:07:27  lr: 0.000008  train_loss: 0.1319 (0.1907)  train_iou: 0.6630 (0.6589)  time: 0.5368  data: 0.0039  max mem: 28813
Epoch: [10]  [4800/5625]  eta: 0:07:17  lr: 0.000008  train_loss: 0.1411 (0.1907)  train_iou: 0.6797 (0.6589)  time: 0.5269  data: 0.0025  max mem: 28813
Epoch: [10]  [4820/5625]  eta: 0:07:06  lr: 0.000008  train_loss: 0.1030 (0.1905)  train_iou: 0.6834 (0.6591)  time: 0.5357  data: 0.0021  max mem: 28813
Epoch: [10]  [4840/5625]  eta: 0:06:56  lr: 0.000008  train_loss: 0.1458 (0.1904)  train_iou: 0.6651 (0.6592)  time: 0.5258  data: 0.0031  max mem: 28813
Epoch: [10]  [4860/5625]  eta: 0:06:45  lr: 0.000008  train_loss: 0.1071 (0.1904)  train_iou: 0.5387 (0.6589)  time: 0.5263  data: 0.0017  max mem: 28813
Epoch: [10]  [4880/5625]  eta: 0:06:34  lr: 0.000008  train_loss: 0.1469 (0.1905)  train_iou: 0.7020 (0.6591)  time: 0.5288  data: 0.0039  max mem: 28813
Epoch: [10]  [4900/5625]  eta: 0:06:24  lr: 0.000008  train_loss: 0.1233 (0.1904)  train_iou: 0.7161 (0.6593)  time: 0.5387  data: 0.0042  max mem: 28813
Epoch: [10]  [4920/5625]  eta: 0:06:13  lr: 0.000008  train_loss: 0.2033 (0.1905)  train_iou: 0.6274 (0.6591)  time: 0.5342  data: 0.0046  max mem: 28813
Epoch: [10]  [4940/5625]  eta: 0:06:03  lr: 0.000008  train_loss: 0.0813 (0.1903)  train_iou: 0.6755 (0.6591)  time: 0.5268  data: 0.0009  max mem: 28813
Epoch: [10]  [4960/5625]  eta: 0:05:52  lr: 0.000008  train_loss: 0.1082 (0.1902)  train_iou: 0.6859 (0.6592)  time: 0.5270  data: 0.0023  max mem: 28813
Epoch: [10]  [4980/5625]  eta: 0:05:41  lr: 0.000008  train_loss: 0.1122 (0.1900)  train_iou: 0.6874 (0.6594)  time: 0.5294  data: 0.0010  max mem: 28813
Epoch: [10]  [5000/5625]  eta: 0:05:31  lr: 0.000008  train_loss: 0.1386 (0.1900)  train_iou: 0.6832 (0.6595)  time: 0.5350  data: 0.0027  max mem: 28813
Epoch: [10]  [5020/5625]  eta: 0:05:20  lr: 0.000008  train_loss: 0.1543 (0.1900)  train_iou: 0.6637 (0.6594)  time: 0.5292  data: 0.0011  max mem: 28813
Epoch: [10]  [5040/5625]  eta: 0:05:10  lr: 0.000008  train_loss: 0.1301 (0.1899)  train_iou: 0.7078 (0.6596)  time: 0.5236  data: 0.0031  max mem: 28813
Epoch: [10]  [5060/5625]  eta: 0:04:59  lr: 0.000008  train_loss: 0.1243 (0.1899)  train_iou: 0.6735 (0.6596)  time: 0.5292  data: 0.0005  max mem: 28813
Epoch: [10]  [5080/5625]  eta: 0:04:48  lr: 0.000008  train_loss: 0.1329 (0.1899)  train_iou: 0.6461 (0.6595)  time: 0.5337  data: 0.0041  max mem: 28813
Epoch: [10]  [5100/5625]  eta: 0:04:38  lr: 0.000008  train_loss: 0.1324 (0.1898)  train_iou: 0.6718 (0.6596)  time: 0.5273  data: 0.0013  max mem: 28813
Epoch: [10]  [5120/5625]  eta: 0:04:27  lr: 0.000008  train_loss: 0.1691 (0.1899)  train_iou: 0.6703 (0.6595)  time: 0.5246  data: 0.0012  max mem: 28813
Epoch: [10]  [5140/5625]  eta: 0:04:17  lr: 0.000008  train_loss: 0.1192 (0.1898)  train_iou: 0.6652 (0.6595)  time: 0.5230  data: 0.0006  max mem: 28813
Epoch: [10]  [5160/5625]  eta: 0:04:06  lr: 0.000008  train_loss: 0.1119 (0.1899)  train_iou: 0.6491 (0.6594)  time: 0.5228  data: 0.0005  max mem: 28813
Epoch: [10]  [5180/5625]  eta: 0:03:55  lr: 0.000008  train_loss: 0.1832 (0.1899)  train_iou: 0.6376 (0.6594)  time: 0.5281  data: 0.0005  max mem: 28813
Epoch: [10]  [5200/5625]  eta: 0:03:45  lr: 0.000008  train_loss: 0.1238 (0.1899)  train_iou: 0.7488 (0.6596)  time: 0.5253  data: 0.0025  max mem: 28813
Epoch: [10]  [5220/5625]  eta: 0:03:34  lr: 0.000008  train_loss: 0.1364 (0.1899)  train_iou: 0.6492 (0.6596)  time: 0.5326  data: 0.0043  max mem: 28813
Epoch: [10]  [5240/5625]  eta: 0:03:24  lr: 0.000008  train_loss: 0.1833 (0.1900)  train_iou: 0.6657 (0.6595)  time: 0.5361  data: 0.0033  max mem: 28813
Epoch: [10]  [5260/5625]  eta: 0:03:13  lr: 0.000008  train_loss: 0.1686 (0.1901)  train_iou: 0.6452 (0.6594)  time: 0.5216  data: 0.0011  max mem: 28813
Epoch: [10]  [5280/5625]  eta: 0:03:02  lr: 0.000008  train_loss: 0.1544 (0.1901)  train_iou: 0.6457 (0.6593)  time: 0.5206  data: 0.0009  max mem: 28813
Epoch: [10]  [5300/5625]  eta: 0:02:52  lr: 0.000008  train_loss: 0.1039 (0.1901)  train_iou: 0.6777 (0.6593)  time: 0.5238  data: 0.0008  max mem: 28813
Epoch: [10]  [5320/5625]  eta: 0:02:41  lr: 0.000008  train_loss: 0.1915 (0.1903)  train_iou: 0.6545 (0.6592)  time: 0.5229  data: 0.0025  max mem: 28813
Epoch: [10]  [5340/5625]  eta: 0:02:31  lr: 0.000008  train_loss: 0.1829 (0.1902)  train_iou: 0.6704 (0.6593)  time: 0.5260  data: 0.0025  max mem: 28813
Epoch: [10]  [5360/5625]  eta: 0:02:20  lr: 0.000008  train_loss: 0.1588 (0.1902)  train_iou: 0.6572 (0.6594)  time: 0.5197  data: 0.0019  max mem: 28813
Epoch: [10]  [5380/5625]  eta: 0:02:09  lr: 0.000008  train_loss: 0.1627 (0.1903)  train_iou: 0.6520 (0.6594)  time: 0.5235  data: 0.0050  max mem: 28813
Epoch: [10]  [5400/5625]  eta: 0:01:59  lr: 0.000008  train_loss: 0.1888 (0.1904)  train_iou: 0.6618 (0.6594)  time: 0.5249  data: 0.0042  max mem: 28813
Epoch: [10]  [5420/5625]  eta: 0:01:48  lr: 0.000008  train_loss: 0.1726 (0.1904)  train_iou: 0.5833 (0.6592)  time: 0.5260  data: 0.0053  max mem: 28813
Epoch: [10]  [5440/5625]  eta: 0:01:38  lr: 0.000008  train_loss: 0.1996 (0.1905)  train_iou: 0.6138 (0.6592)  time: 0.5242  data: 0.0046  max mem: 28813
Epoch: [10]  [5460/5625]  eta: 0:01:27  lr: 0.000008  train_loss: 0.1745 (0.1906)  train_iou: 0.6550 (0.6591)  time: 0.5288  data: 0.0019  max mem: 28813
Epoch: [10]  [5480/5625]  eta: 0:01:16  lr: 0.000008  train_loss: 0.1337 (0.1904)  train_iou: 0.5593 (0.6589)  time: 0.5281  data: 0.0012  max mem: 28813
Epoch: [10]  [5500/5625]  eta: 0:01:06  lr: 0.000008  train_loss: 0.1140 (0.1903)  train_iou: 0.6468 (0.6589)  time: 0.5305  data: 0.0010  max mem: 28813
Epoch: [10]  [5520/5625]  eta: 0:00:55  lr: 0.000008  train_loss: 0.1235 (0.1903)  train_iou: 0.6698 (0.6589)  time: 0.5269  data: 0.0018  max mem: 28813
Epoch: [10]  [5540/5625]  eta: 0:00:45  lr: 0.000008  train_loss: 0.1323 (0.1902)  train_iou: 0.5775 (0.6587)  time: 0.5282  data: 0.0046  max mem: 28813
Epoch: [10]  [5560/5625]  eta: 0:00:34  lr: 0.000008  train_loss: 0.1449 (0.1901)  train_iou: 0.6383 (0.6587)  time: 0.5241  data: 0.0008  max mem: 28813
Epoch: [10]  [5580/5625]  eta: 0:00:23  lr: 0.000008  train_loss: 0.1762 (0.1902)  train_iou: 0.6707 (0.6587)  time: 0.5333  data: 0.0009  max mem: 28813
Epoch: [10]  [5600/5625]  eta: 0:00:13  lr: 0.000008  train_loss: 0.1332 (0.1902)  train_iou: 0.5963 (0.6585)  time: 0.5345  data: 0.0015  max mem: 28813
Epoch: [10]  [5620/5625]  eta: 0:00:02  lr: 0.000008  train_loss: 0.1370 (0.1900)  train_iou: 0.7255 (0.6587)  time: 0.5023  data: 0.0004  max mem: 28813
Epoch: [10]  [5624/5625]  eta: 0:00:00  lr: 0.000008  train_loss: 0.1370 (0.1901)  train_iou: 0.6743 (0.6588)  time: 0.4902  data: 0.0003  max mem: 28813
Epoch: [10] Total time: 0:49:41 (0.5300 s / it)
Averaged stats: lr: 0.000008  train_loss: 0.1370 (0.1901)  train_iou: 0.6743 (0.6588)
huggingface/tokenizers: The current process just got forked, after parallelism has already been used. Disabling parallelism to avoid deadlocks...
To disable this warning, you can either:
	- Avoid using `tokenizers` before the fork if possible
	- Explicitly set the environment variable TOKENIZERS_PARALLELISM=(true | false)
huggingface/tokenizers: The current process just got forked, after parallelism has already been used. Disabling parallelism to avoid deadlocks...
To disable this warning, you can either:
	- Avoid using `tokenizers` before the fork if possible
	- Explicitly set the environment variable TOKENIZERS_PARALLELISM=(true | false)
huggingface/tokenizers: The current process just got forked, after parallelism has already been used. Disabling parallelism to avoid deadlocks...
To disable this warning, you can either:
	- Avoid using `tokenizers` before the fork if possible
	- Explicitly set the environment variable TOKENIZERS_PARALLELISM=(true | false)
huggingface/tokenizers: The current process just got forked, after parallelism has already been used. Disabling parallelism to avoid deadlocks...
To disable this warning, you can either:
	- Avoid using `tokenizers` before the fork if possible
	- Explicitly set the environment variable TOKENIZERS_PARALLELISM=(true | false)
huggingface/tokenizers: The current process just got forked, after parallelism has already been used. Disabling parallelism to avoid deadlocks...
To disable this warning, you can either:
	- Avoid using `tokenizers` before the fork if possible
	- Explicitly set the environment variable TOKENIZERS_PARALLELISM=(true | false)
huggingface/tokenizers: The current process just got forked, after parallelism has already been used. Disabling parallelism to avoid deadlocks...
To disable this warning, you can either:
	- Avoid using `tokenizers` before the fork if possible
	- Explicitly set the environment variable TOKENIZERS_PARALLELISM=(true | false)
huggingface/tokenizers: The current process just got forked, after parallelism has already been used. Disabling parallelism to avoid deadlocks...
To disable this warning, you can either:
	- Avoid using `tokenizers` before the fork if possible
	- Explicitly set the environment variable TOKENIZERS_PARALLELISM=(true | false)
huggingface/tokenizers: The current process just got forked, after parallelism has already been used. Disabling parallelism to avoid deadlocks...
To disable this warning, you can either:
	- Avoid using `tokenizers` before the fork if possible
	- Explicitly set the environment variable TOKENIZERS_PARALLELISM=(true | false)
Test:  [   0/4000]  eta: 2:04:55  inter: 33152.0000 (33152.0000)  union: 35811.0000 (35811.0000)  iou: 0.9257 (0.9257)  time: 1.8739  data: 1.5287  max mem: 28813
Test:  [  50/4000]  eta: 0:10:55  inter: 15095.0000 (20560.0000)  union: 47671.0000 (40794.2500)  iou: 0.5084 (0.5114)  time: 0.1361  data: 0.0006  max mem: 28813
Test:  [ 100/4000]  eta: 0:10:00  inter: 20300.0000 (23183.2794)  union: 46185.0000 (40777.6176)  iou: 0.5684 (0.5563)  time: 0.1349  data: 0.0005  max mem: 28813
Test:  [ 150/4000]  eta: 0:09:40  inter: 17823.0000 (22550.7847)  union: 29671.0000 (38532.2344)  iou: 0.8178 (0.5763)  time: 0.1498  data: 0.0005  max mem: 28813
Test:  [ 200/4000]  eta: 0:09:15  inter: 29761.0000 (23174.0879)  union: 36581.0000 (38375.4835)  iou: 0.8010 (0.5876)  time: 0.1304  data: 0.0005  max mem: 28813
Test:  [ 250/4000]  eta: 0:08:53  inter: 14575.0000 (24256.5151)  union: 32715.0000 (40082.8825)  iou: 0.4206 (0.5753)  time: 0.1214  data: 0.0005  max mem: 28813
Test:  [ 300/4000]  eta: 0:08:45  inter: 17495.0000 (23857.1861)  union: 24017.0000 (39917.6154)  iou: 0.5358 (0.5683)  time: 0.1460  data: 0.0005  max mem: 28813
Test:  [ 350/4000]  eta: 0:08:44  inter: 9220.0000 (22925.5723)  union: 30508.0000 (39713.8926)  iou: 0.5172 (0.5566)  time: 0.1553  data: 0.0005  max mem: 28813
Test:  [ 400/4000]  eta: 0:08:38  inter: 31062.0000 (22762.3393)  union: 35398.0000 (39225.5196)  iou: 0.6315 (0.5600)  time: 0.1319  data: 0.0006  max mem: 28813
Test:  [ 450/4000]  eta: 0:08:29  inter: 16855.0000 (22742.9270)  union: 28873.0000 (39081.0397)  iou: 0.6142 (0.5615)  time: 0.1581  data: 0.0005  max mem: 28813
Test:  [ 500/4000]  eta: 0:08:20  inter: 14687.0000 (23072.3467)  union: 27281.0000 (39979.7536)  iou: 0.4709 (0.5592)  time: 0.1277  data: 0.0005  max mem: 28813
Test:  [ 550/4000]  eta: 0:08:15  inter: 20389.0000 (23105.0578)  union: 27860.0000 (39767.4589)  iou: 0.8223 (0.5660)  time: 0.1515  data: 0.0005  max mem: 28813
Test:  [ 600/4000]  eta: 0:08:07  inter: 10103.0000 (22964.0899)  union: 30040.0000 (39629.9527)  iou: 0.7602 (0.5655)  time: 0.1436  data: 0.0005  max mem: 28813
Test:  [ 650/4000]  eta: 0:07:56  inter: 14821.0000 (23365.8088)  union: 41112.0000 (40010.8254)  iou: 0.4838 (0.5631)  time: 0.1284  data: 0.0005  max mem: 28813
Test:  [ 700/4000]  eta: 0:07:48  inter: 13782.0000 (22948.2136)  union: 26491.0000 (39656.0000)  iou: 0.3620 (0.5568)  time: 0.1343  data: 0.0005  max mem: 28813
Test:  [ 750/4000]  eta: 0:07:42  inter: 22231.0000 (22959.1579)  union: 29755.0000 (39542.9429)  iou: 0.7886 (0.5582)  time: 0.1590  data: 0.0005  max mem: 28813
Test:  [ 800/4000]  eta: 0:07:35  inter: 12285.0000 (22775.5232)  union: 43879.0000 (39131.8357)  iou: 0.5919 (0.5590)  time: 0.1518  data: 0.0006  max mem: 28813
Test:  [ 850/4000]  eta: 0:07:28  inter: 20964.0000 (22960.2736)  union: 29349.0000 (39069.4092)  iou: 0.7100 (0.5620)  time: 0.1291  data: 0.0005  max mem: 28813
Test:  [ 900/4000]  eta: 0:07:21  inter: 5442.0000 (22903.6941)  union: 27538.0000 (39235.7462)  iou: 0.4450 (0.5572)  time: 0.1238  data: 0.0005  max mem: 28813
Test:  [ 950/4000]  eta: 0:07:13  inter: 24752.0000 (23080.4171)  union: 30431.0000 (39314.0990)  iou: 0.8069 (0.5578)  time: 0.1391  data: 0.0005  max mem: 28813
Test:  [1000/4000]  eta: 0:07:05  inter: 19413.0000 (23368.0456)  union: 37787.0000 (39461.9729)  iou: 0.7225 (0.5595)  time: 0.1273  data: 0.0005  max mem: 28813
Test:  [1050/4000]  eta: 0:06:57  inter: 20882.0000 (23382.3762)  union: 38201.0000 (39503.3136)  iou: 0.5395 (0.5587)  time: 0.1419  data: 0.0005  max mem: 28813
Test:  [1100/4000]  eta: 0:06:49  inter: 14880.0000 (23267.7454)  union: 28604.0000 (39297.5885)  iou: 0.7249 (0.5592)  time: 0.1378  data: 0.0005  max mem: 28813
Test:  [1150/4000]  eta: 0:06:43  inter: 9772.0000 (23334.1253)  union: 23652.0000 (39182.7128)  iou: 0.4112 (0.5612)  time: 0.1519  data: 0.0005  max mem: 28813
Test:  [1200/4000]  eta: 0:06:36  inter: 9912.0000 (23227.3365)  union: 29000.0000 (39348.2152)  iou: 0.5950 (0.5573)  time: 0.1400  data: 0.0005  max mem: 28813
Test:  [1250/4000]  eta: 0:06:30  inter: 128.0000 (23054.5054)  union: 29166.0000 (39128.1437)  iou: 0.0039 (0.5563)  time: 0.1541  data: 0.0005  max mem: 28813
Test:  [1300/4000]  eta: 0:06:22  inter: 18134.0000 (22844.9803)  union: 32409.0000 (38897.9121)  iou: 0.4189 (0.5570)  time: 0.1429  data: 0.0005  max mem: 28813
Test:  [1350/4000]  eta: 0:06:15  inter: 25990.0000 (22871.5353)  union: 34832.0000 (38883.5442)  iou: 0.7713 (0.5586)  time: 0.1388  data: 0.0005  max mem: 28813
Test:  [1400/4000]  eta: 0:06:08  inter: 9839.0000 (22992.8381)  union: 11296.0000 (39059.7839)  iou: 0.5695 (0.5566)  time: 0.1408  data: 0.0006  max mem: 28813
Test:  [1450/4000]  eta: 0:06:01  inter: 13946.0000 (22949.3878)  union: 46372.0000 (38982.8054)  iou: 0.4528 (0.5561)  time: 0.1346  data: 0.0005  max mem: 28813
Test:  [1500/4000]  eta: 0:05:54  inter: 16911.0000 (23035.1637)  union: 47242.0000 (39086.4745)  iou: 0.4375 (0.5548)  time: 0.1361  data: 0.0005  max mem: 28813
Test:  [1550/4000]  eta: 0:05:47  inter: 11515.0000 (22882.2993)  union: 24537.0000 (39008.5137)  iou: 0.8311 (0.5552)  time: 0.1596  data: 0.0006  max mem: 28813
Test:  [1600/4000]  eta: 0:05:41  inter: 11081.0000 (22784.6902)  union: 24852.0000 (38982.7735)  iou: 0.4247 (0.5526)  time: 0.1592  data: 0.0005  max mem: 28813
Test:  [1650/4000]  eta: 0:05:33  inter: 15564.0000 (22674.2547)  union: 33742.0000 (38968.5034)  iou: 0.3762 (0.5509)  time: 0.1385  data: 0.0005  max mem: 28813
Test:  [1700/4000]  eta: 0:05:25  inter: 16883.0000 (22635.9958)  union: 35104.0000 (38999.9524)  iou: 0.6596 (0.5499)  time: 0.1379  data: 0.0005  max mem: 28813
Test:  [1750/4000]  eta: 0:05:18  inter: 24249.0000 (22577.1552)  union: 32472.0000 (38943.4194)  iou: 0.7466 (0.5491)  time: 0.1570  data: 0.0005  max mem: 28813
Test:  [1800/4000]  eta: 0:05:12  inter: 15148.0000 (22490.9592)  union: 38460.0000 (38848.5257)  iou: 0.3694 (0.5483)  time: 0.1549  data: 0.0005  max mem: 28813
Test:  [1850/4000]  eta: 0:05:04  inter: 14.0000 (22432.8659)  union: 33961.0000 (38911.1540)  iou: 0.0002 (0.5460)  time: 0.1424  data: 0.0005  max mem: 28813
Test:  [1900/4000]  eta: 0:04:57  inter: 30374.0000 (22394.1729)  union: 54976.0000 (38824.4007)  iou: 0.5525 (0.5462)  time: 0.1444  data: 0.0005  max mem: 28813
Test:  [1950/4000]  eta: 0:04:51  inter: 11765.0000 (22340.0851)  union: 16637.0000 (38815.9475)  iou: 0.7109 (0.5464)  time: 0.1407  data: 0.0005  max mem: 28813
Test:  [2000/4000]  eta: 0:04:43  inter: 12593.0000 (22356.1285)  union: 22283.0000 (38782.1020)  iou: 0.6185 (0.5471)  time: 0.1240  data: 0.0005  max mem: 28813
Test:  [2050/4000]  eta: 0:04:36  inter: 6374.0000 (22212.6730)  union: 56164.0000 (38853.2460)  iou: 0.1948 (0.5443)  time: 0.1690  data: 0.0005  max mem: 28813
Test:  [2100/4000]  eta: 0:04:29  inter: 13375.0000 (22148.6716)  union: 31828.0000 (38827.7755)  iou: 0.7147 (0.5440)  time: 0.1274  data: 0.0009  max mem: 28813
Test:  [2150/4000]  eta: 0:04:21  inter: 15680.0000 (22132.5678)  union: 30466.0000 (38879.9709)  iou: 0.6910 (0.5429)  time: 0.1324  data: 0.0005  max mem: 28813
Test:  [2200/4000]  eta: 0:04:14  inter: 13825.0000 (22085.2015)  union: 21042.0000 (38795.1164)  iou: 0.5330 (0.5429)  time: 0.1456  data: 0.0005  max mem: 28813
Test:  [2250/4000]  eta: 0:04:07  inter: 16992.0000 (21991.2659)  union: 37625.0000 (38647.1476)  iou: 0.5450 (0.5416)  time: 0.1288  data: 0.0005  max mem: 28813
Test:  [2300/4000]  eta: 0:04:00  inter: 18898.0000 (22063.8875)  union: 37017.0000 (38638.3236)  iou: 0.5583 (0.5437)  time: 0.1454  data: 0.0005  max mem: 28813
Test:  [2350/4000]  eta: 0:03:53  inter: 15509.0000 (21973.7784)  union: 41014.0000 (38603.9039)  iou: 0.6298 (0.5434)  time: 0.1537  data: 0.0005  max mem: 28813
Test:  [2400/4000]  eta: 0:03:46  inter: 10562.0000 (22046.2342)  union: 33048.0000 (38589.8524)  iou: 0.4413 (0.5442)  time: 0.1515  data: 0.0005  max mem: 28813
Test:  [2450/4000]  eta: 0:03:39  inter: 27719.0000 (22117.9728)  union: 32135.0000 (38653.0737)  iou: 0.8481 (0.5456)  time: 0.1204  data: 0.0005  max mem: 28813
Test:  [2500/4000]  eta: 0:03:32  inter: 24860.0000 (22066.2340)  union: 38862.0000 (38678.4316)  iou: 0.6992 (0.5449)  time: 0.1235  data: 0.0005  max mem: 28813
Test:  [2550/4000]  eta: 0:03:25  inter: 26613.0000 (22179.7829)  union: 32948.0000 (38803.9271)  iou: 0.8022 (0.5454)  time: 0.1576  data: 0.0005  max mem: 28813
Test:  [2600/4000]  eta: 0:03:17  inter: 10668.0000 (22075.3541)  union: 30887.0000 (38747.5451)  iou: 0.2668 (0.5435)  time: 0.1471  data: 0.0005  max mem: 28813
Test:  [2650/4000]  eta: 0:03:10  inter: 16713.0000 (22053.1992)  union: 34402.0000 (38917.3550)  iou: 0.7542 (0.5429)  time: 0.1428  data: 0.0005  max mem: 28813
Test:  [2700/4000]  eta: 0:03:03  inter: 22223.0000 (22160.4425)  union: 30089.0000 (39014.8593)  iou: 0.6656 (0.5442)  time: 0.1347  data: 0.0005  max mem: 28813
Test:  [2750/4000]  eta: 0:02:56  inter: 23028.0000 (22227.5426)  union: 29100.0000 (39150.9151)  iou: 0.6477 (0.5437)  time: 0.1323  data: 0.0005  max mem: 28813
Test:  [2800/4000]  eta: 0:02:49  inter: 14759.0000 (22211.4020)  union: 26242.0000 (39046.2964)  iou: 0.6488 (0.5440)  time: 0.1385  data: 0.0005  max mem: 28813
Test:  [2850/4000]  eta: 0:02:42  inter: 12340.0000 (22332.8549)  union: 32977.0000 (39137.7410)  iou: 0.4173 (0.5435)  time: 0.1322  data: 0.0005  max mem: 28813
Test:  [2900/4000]  eta: 0:02:35  inter: 17453.0000 (22341.3818)  union: 26072.0000 (39189.1345)  iou: 0.6260 (0.5427)  time: 0.1278  data: 0.0005  max mem: 28813
Test:  [2950/4000]  eta: 0:02:28  inter: 18180.0000 (22375.8308)  union: 26477.0000 (39204.4615)  iou: 0.3841 (0.5428)  time: 0.1284  data: 0.0008  max mem: 28813
Test:  [3000/4000]  eta: 0:02:21  inter: 9235.0000 (22322.8944)  union: 32163.0000 (39159.4517)  iou: 0.4268 (0.5418)  time: 0.1548  data: 0.0005  max mem: 28813
Test:  [3050/4000]  eta: 0:02:14  inter: 12756.0000 (22290.9659)  union: 30875.0000 (39209.1923)  iou: 0.4323 (0.5417)  time: 0.1369  data: 0.0005  max mem: 28813
Test:  [3100/4000]  eta: 0:02:07  inter: 18168.0000 (22263.7477)  union: 41849.0000 (39182.6263)  iou: 0.4096 (0.5419)  time: 0.1382  data: 0.0005  max mem: 28813
Test:  [3150/4000]  eta: 0:02:00  inter: 12305.0000 (22172.6998)  union: 21543.0000 (39055.5740)  iou: 0.4607 (0.5417)  time: 0.1439  data: 0.0005  max mem: 28813
Test:  [3200/4000]  eta: 0:01:53  inter: 10099.0000 (22171.7502)  union: 36120.0000 (39092.1852)  iou: 0.6175 (0.5420)  time: 0.1341  data: 0.0005  max mem: 28813
Test:  [3250/4000]  eta: 0:01:46  inter: 14813.0000 (22105.9562)  union: 24975.0000 (39032.3831)  iou: 0.6525 (0.5404)  time: 0.1402  data: 0.0007  max mem: 28813
Test:  [3300/4000]  eta: 0:01:39  inter: 24620.0000 (22171.1114)  union: 43660.0000 (39132.3591)  iou: 0.6099 (0.5396)  time: 0.1599  data: 0.0005  max mem: 28813
Test:  [3350/4000]  eta: 0:01:31  inter: 9645.0000 (22172.9589)  union: 12551.0000 (39136.5199)  iou: 0.7409 (0.5404)  time: 0.1231  data: 0.0005  max mem: 28813
Test:  [3400/4000]  eta: 0:01:24  inter: 23243.0000 (22300.6595)  union: 37773.0000 (39201.4037)  iou: 0.8338 (0.5420)  time: 0.1502  data: 0.0005  max mem: 28813
Test:  [3450/4000]  eta: 0:01:17  inter: 16769.0000 (22286.0535)  union: 31117.0000 (39242.0683)  iou: 0.4434 (0.5416)  time: 0.1294  data: 0.0005  max mem: 28813
Test:  [3500/4000]  eta: 0:01:10  inter: 11942.0000 (22265.0939)  union: 20657.0000 (39169.4367)  iou: 0.4203 (0.5419)  time: 0.1308  data: 0.0005  max mem: 28813
Test:  [3550/4000]  eta: 0:01:03  inter: 24330.0000 (22282.9274)  union: 36955.0000 (39183.5390)  iou: 0.6192 (0.5415)  time: 0.1238  data: 0.0006  max mem: 28813
Test:  [3600/4000]  eta: 0:00:56  inter: 21069.0000 (22218.1454)  union: 35679.0000 (39148.7698)  iou: 0.3809 (0.5401)  time: 0.1297  data: 0.0005  max mem: 28813
Test:  [3650/4000]  eta: 0:00:49  inter: 16347.0000 (22166.7764)  union: 38842.0000 (39147.0541)  iou: 0.4399 (0.5394)  time: 0.1653  data: 0.0006  max mem: 28813
Test:  [3700/4000]  eta: 0:00:42  inter: 20517.0000 (22288.8901)  union: 35726.0000 (39190.3338)  iou: 0.7384 (0.5405)  time: 0.1347  data: 0.0005  max mem: 28813
Test:  [3750/4000]  eta: 0:00:35  inter: 22242.0000 (22328.6580)  union: 44613.0000 (39241.0522)  iou: 0.4850 (0.5411)  time: 0.1330  data: 0.0005  max mem: 28813
Test:  [3800/4000]  eta: 0:00:28  inter: 18715.0000 (22369.6838)  union: 29410.0000 (39224.1494)  iou: 0.4909 (0.5415)  time: 0.1172  data: 0.0005  max mem: 28813
Test:  [3850/4000]  eta: 0:00:21  inter: 17581.0000 (22341.6889)  union: 33628.0000 (39264.4480)  iou: 0.7416 (0.5410)  time: 0.1365  data: 0.0005  max mem: 28813
Test:  [3900/4000]  eta: 0:00:14  inter: 15375.0000 (22364.6420)  union: 31576.0000 (39345.2468)  iou: 0.5387 (0.5407)  time: 0.1365  data: 0.0005  max mem: 28813
Test:  [3950/4000]  eta: 0:00:07  inter: 17979.0000 (22345.6995)  union: 35360.0000 (39298.0767)  iou: 0.6875 (0.5414)  time: 0.1309  data: 0.0005  max mem: 28813
Test:  [3999/4000]  eta: 0:00:00  inter: 13111.0000 (22312.9991)  union: 30826.0000 (39219.7807)  iou: 0.4131 (0.5422)  time: 0.1132  data: 0.0002  max mem: 28813
Test: Total time: 0:09:25 (0.1414 s / it)
* IoU 0.542 oIoU 0.569
IoU of the network on the 4000 test images: 0.5%
Max IoU: 0.58%
huggingface/tokenizers: The current process just got forked, after parallelism has already been used. Disabling parallelism to avoid deadlocks...
To disable this warning, you can either:
	- Avoid using `tokenizers` before the fork if possible
	- Explicitly set the environment variable TOKENIZERS_PARALLELISM=(true | false)
huggingface/tokenizers: The current process just got forked, after parallelism has already been used. Disabling parallelism to avoid deadlocks...
To disable this warning, you can either:
	- Avoid using `tokenizers` before the fork if possible
	- Explicitly set the environment variable TOKENIZERS_PARALLELISM=(true | false)
huggingface/tokenizers: The current process just got forked, after parallelism has already been used. Disabling parallelism to avoid deadlocks...
To disable this warning, you can either:
	- Avoid using `tokenizers` before the fork if possible
	- Explicitly set the environment variable TOKENIZERS_PARALLELISM=(true | false)
huggingface/tokenizers: The current process just got forked, after parallelism has already been used. Disabling parallelism to avoid deadlocks...
To disable this warning, you can either:
	- Avoid using `tokenizers` before the fork if possible
	- Explicitly set the environment variable TOKENIZERS_PARALLELISM=(true | false)
huggingface/tokenizers: The current process just got forked, after parallelism has already been used. Disabling parallelism to avoid deadlocks...
To disable this warning, you can either:
	- Avoid using `tokenizers` before the fork if possible
	- Explicitly set the environment variable TOKENIZERS_PARALLELISM=(true | false)
huggingface/tokenizers: The current process just got forked, after parallelism has already been used. Disabling parallelism to avoid deadlocks...
To disable this warning, you can either:
	- Avoid using `tokenizers` before the fork if possible
	- Explicitly set the environment variable TOKENIZERS_PARALLELISM=(true | false)
huggingface/tokenizers: The current process just got forked, after parallelism has already been used. Disabling parallelism to avoid deadlocks...
To disable this warning, you can either:
	- Avoid using `tokenizers` before the fork if possible
	- Explicitly set the environment variable TOKENIZERS_PARALLELISM=(true | false)
huggingface/tokenizers: The current process just got forked, after parallelism has already been used. Disabling parallelism to avoid deadlocks...
To disable this warning, you can either:
	- Avoid using `tokenizers` before the fork if possible
	- Explicitly set the environment variable TOKENIZERS_PARALLELISM=(true | false)
Epoch: [11]  [   0/5625]  eta: 10:03:24  lr: 0.000008  train_loss: 0.1741 (0.1741)  train_iou: 0.7049 (0.7049)  time: 6.4364  data: 5.8192  max mem: 28813
Epoch: [11]  [  20/5625]  eta: 1:16:18  lr: 0.000008  train_loss: 0.1748 (0.2343)  train_iou: 0.6629 (0.6388)  time: 0.5359  data: 0.0035  max mem: 28813
Epoch: [11]  [  40/5625]  eta: 1:02:43  lr: 0.000008  train_loss: 0.2078 (0.2164)  train_iou: 0.5807 (0.6415)  time: 0.5239  data: 0.0011  max mem: 28813
Epoch: [11]  [  60/5625]  eta: 0:58:04  lr: 0.000008  train_loss: 0.1250 (0.1965)  train_iou: 0.6142 (0.6375)  time: 0.5282  data: 0.0024  max mem: 28813
Epoch: [11]  [  80/5625]  eta: 0:55:29  lr: 0.000008  train_loss: 0.1029 (0.1804)  train_iou: 0.6683 (0.6476)  time: 0.5222  data: 0.0015  max mem: 28813
Epoch: [11]  [ 100/5625]  eta: 0:53:52  lr: 0.000008  train_loss: 0.1729 (0.1849)  train_iou: 0.5837 (0.6422)  time: 0.5224  data: 0.0018  max mem: 28813
Epoch: [11]  [ 120/5625]  eta: 0:52:41  lr: 0.000008  train_loss: 0.1578 (0.1873)  train_iou: 0.6673 (0.6463)  time: 0.5204  data: 0.0016  max mem: 28813
Epoch: [11]  [ 140/5625]  eta: 0:51:44  lr: 0.000008  train_loss: 0.1213 (0.1861)  train_iou: 0.6785 (0.6475)  time: 0.5151  data: 0.0005  max mem: 28813
Epoch: [11]  [ 160/5625]  eta: 0:51:02  lr: 0.000008  train_loss: 0.1163 (0.1865)  train_iou: 0.6329 (0.6451)  time: 0.5219  data: 0.0010  max mem: 28813
Epoch: [11]  [ 180/5625]  eta: 0:50:28  lr: 0.000008  train_loss: 0.1395 (0.1872)  train_iou: 0.6062 (0.6406)  time: 0.5214  data: 0.0021  max mem: 28813
Epoch: [11]  [ 200/5625]  eta: 0:49:55  lr: 0.000008  train_loss: 0.1072 (0.1829)  train_iou: 0.6496 (0.6433)  time: 0.5164  data: 0.0011  max mem: 28813
Epoch: [11]  [ 220/5625]  eta: 0:49:29  lr: 0.000008  train_loss: 0.1572 (0.1835)  train_iou: 0.6706 (0.6455)  time: 0.5207  data: 0.0025  max mem: 28813
Epoch: [11]  [ 240/5625]  eta: 0:49:02  lr: 0.000008  train_loss: 0.1273 (0.1819)  train_iou: 0.6701 (0.6468)  time: 0.5136  data: 0.0020  max mem: 28813
Epoch: [11]  [ 260/5625]  eta: 0:48:39  lr: 0.000008  train_loss: 0.1131 (0.1802)  train_iou: 0.6708 (0.6508)  time: 0.5176  data: 0.0009  max mem: 28813
Epoch: [11]  [ 280/5625]  eta: 0:48:16  lr: 0.000008  train_loss: 0.1266 (0.1788)  train_iou: 0.6094 (0.6483)  time: 0.5123  data: 0.0005  max mem: 28813
Epoch: [11]  [ 300/5625]  eta: 0:47:58  lr: 0.000008  train_loss: 0.1557 (0.1829)  train_iou: 0.6189 (0.6469)  time: 0.5211  data: 0.0005  max mem: 28813
Epoch: [11]  [ 320/5625]  eta: 0:47:40  lr: 0.000008  train_loss: 0.1258 (0.1822)  train_iou: 0.6417 (0.6480)  time: 0.5195  data: 0.0015  max mem: 28813
Epoch: [11]  [ 340/5625]  eta: 0:47:23  lr: 0.000008  train_loss: 0.1228 (0.1816)  train_iou: 0.6227 (0.6459)  time: 0.5197  data: 0.0009  max mem: 28813
Epoch: [11]  [ 360/5625]  eta: 0:47:07  lr: 0.000008  train_loss: 0.0912 (0.1791)  train_iou: 0.6615 (0.6473)  time: 0.5182  data: 0.0017  max mem: 28813
Epoch: [11]  [ 380/5625]  eta: 0:46:51  lr: 0.000008  train_loss: 0.1725 (0.1792)  train_iou: 0.6521 (0.6462)  time: 0.5176  data: 0.0020  max mem: 28813
Epoch: [11]  [ 400/5625]  eta: 0:46:35  lr: 0.000008  train_loss: 0.1179 (0.1787)  train_iou: 0.6885 (0.6488)  time: 0.5169  data: 0.0016  max mem: 28813
Epoch: [11]  [ 420/5625]  eta: 0:46:21  lr: 0.000008  train_loss: 0.1302 (0.1781)  train_iou: 0.6509 (0.6477)  time: 0.5213  data: 0.0005  max mem: 28813
Epoch: [11]  [ 440/5625]  eta: 0:46:06  lr: 0.000008  train_loss: 0.1877 (0.1784)  train_iou: 0.7160 (0.6500)  time: 0.5155  data: 0.0005  max mem: 28813
Epoch: [11]  [ 460/5625]  eta: 0:45:52  lr: 0.000008  train_loss: 0.1954 (0.1793)  train_iou: 0.6750 (0.6532)  time: 0.5222  data: 0.0026  max mem: 28813
Epoch: [11]  [ 480/5625]  eta: 0:45:41  lr: 0.000008  train_loss: 0.1642 (0.1800)  train_iou: 0.6130 (0.6525)  time: 0.5295  data: 0.0033  max mem: 28813
Epoch: [11]  [ 500/5625]  eta: 0:45:29  lr: 0.000008  train_loss: 0.1651 (0.1820)  train_iou: 0.7464 (0.6553)  time: 0.5239  data: 0.0019  max mem: 28813
Epoch: [11]  [ 520/5625]  eta: 0:45:17  lr: 0.000008  train_loss: 0.1342 (0.1833)  train_iou: 0.6616 (0.6553)  time: 0.5258  data: 0.0026  max mem: 28813
Epoch: [11]  [ 540/5625]  eta: 0:45:05  lr: 0.000008  train_loss: 0.1196 (0.1839)  train_iou: 0.6350 (0.6547)  time: 0.5247  data: 0.0013  max mem: 28813
Epoch: [11]  [ 560/5625]  eta: 0:44:52  lr: 0.000008  train_loss: 0.1045 (0.1817)  train_iou: 0.6660 (0.6561)  time: 0.5221  data: 0.0028  max mem: 28813
Epoch: [11]  [ 580/5625]  eta: 0:44:39  lr: 0.000008  train_loss: 0.1128 (0.1809)  train_iou: 0.6491 (0.6557)  time: 0.5176  data: 0.0005  max mem: 28813
Epoch: [11]  [ 600/5625]  eta: 0:44:26  lr: 0.000008  train_loss: 0.1776 (0.1816)  train_iou: 0.6518 (0.6551)  time: 0.5176  data: 0.0005  max mem: 28813
Epoch: [11]  [ 620/5625]  eta: 0:44:14  lr: 0.000008  train_loss: 0.1012 (0.1799)  train_iou: 0.5851 (0.6541)  time: 0.5231  data: 0.0008  max mem: 28813
Epoch: [11]  [ 640/5625]  eta: 0:44:02  lr: 0.000008  train_loss: 0.1696 (0.1804)  train_iou: 0.6537 (0.6548)  time: 0.5170  data: 0.0006  max mem: 28813
Epoch: [11]  [ 660/5625]  eta: 0:43:49  lr: 0.000008  train_loss: 0.1427 (0.1804)  train_iou: 0.7650 (0.6574)  time: 0.5164  data: 0.0007  max mem: 28813
Epoch: [11]  [ 680/5625]  eta: 0:43:37  lr: 0.000008  train_loss: 0.1570 (0.1798)  train_iou: 0.6698 (0.6575)  time: 0.5233  data: 0.0035  max mem: 28813
Epoch: [11]  [ 700/5625]  eta: 0:43:25  lr: 0.000008  train_loss: 0.0866 (0.1789)  train_iou: 0.6349 (0.6568)  time: 0.5187  data: 0.0008  max mem: 28813
Epoch: [11]  [ 720/5625]  eta: 0:43:13  lr: 0.000008  train_loss: 0.0832 (0.1787)  train_iou: 0.6649 (0.6568)  time: 0.5155  data: 0.0005  max mem: 28813
Epoch: [11]  [ 740/5625]  eta: 0:43:02  lr: 0.000008  train_loss: 0.1727 (0.1801)  train_iou: 0.6580 (0.6564)  time: 0.5248  data: 0.0041  max mem: 28813
Epoch: [11]  [ 760/5625]  eta: 0:42:50  lr: 0.000008  train_loss: 0.1396 (0.1796)  train_iou: 0.6774 (0.6576)  time: 0.5218  data: 0.0048  max mem: 28813
Epoch: [11]  [ 780/5625]  eta: 0:42:39  lr: 0.000008  train_loss: 0.1040 (0.1786)  train_iou: 0.6657 (0.6580)  time: 0.5209  data: 0.0017  max mem: 28813
Epoch: [11]  [ 800/5625]  eta: 0:42:29  lr: 0.000008  train_loss: 0.1322 (0.1800)  train_iou: 0.6387 (0.6576)  time: 0.5306  data: 0.0022  max mem: 28813
Epoch: [11]  [ 820/5625]  eta: 0:42:18  lr: 0.000008  train_loss: 0.1862 (0.1807)  train_iou: 0.6826 (0.6584)  time: 0.5249  data: 0.0023  max mem: 28813
Epoch: [11]  [ 840/5625]  eta: 0:42:06  lr: 0.000008  train_loss: 0.1279 (0.1815)  train_iou: 0.6779 (0.6583)  time: 0.5200  data: 0.0036  max mem: 28813
Epoch: [11]  [ 860/5625]  eta: 0:41:56  lr: 0.000008  train_loss: 0.0948 (0.1816)  train_iou: 0.6638 (0.6590)  time: 0.5286  data: 0.0022  max mem: 28813
Epoch: [11]  [ 880/5625]  eta: 0:41:44  lr: 0.000008  train_loss: 0.1387 (0.1816)  train_iou: 0.6681 (0.6598)  time: 0.5172  data: 0.0010  max mem: 28813
Epoch: [11]  [ 900/5625]  eta: 0:41:33  lr: 0.000008  train_loss: 0.1940 (0.1825)  train_iou: 0.6091 (0.6581)  time: 0.5269  data: 0.0044  max mem: 28813
Epoch: [11]  [ 920/5625]  eta: 0:41:22  lr: 0.000008  train_loss: 0.1028 (0.1822)  train_iou: 0.6474 (0.6582)  time: 0.5230  data: 0.0007  max mem: 28813
Epoch: [11]  [ 940/5625]  eta: 0:41:11  lr: 0.000008  train_loss: 0.1101 (0.1820)  train_iou: 0.6796 (0.6580)  time: 0.5251  data: 0.0005  max mem: 28813
Epoch: [11]  [ 960/5625]  eta: 0:41:00  lr: 0.000008  train_loss: 0.1561 (0.1826)  train_iou: 0.5432 (0.6563)  time: 0.5181  data: 0.0008  max mem: 28813
Epoch: [11]  [ 980/5625]  eta: 0:40:49  lr: 0.000008  train_loss: 0.1575 (0.1826)  train_iou: 0.6833 (0.6566)  time: 0.5192  data: 0.0005  max mem: 28813
Epoch: [11]  [1000/5625]  eta: 0:40:37  lr: 0.000008  train_loss: 0.1062 (0.1821)  train_iou: 0.6751 (0.6571)  time: 0.5207  data: 0.0005  max mem: 28813
Epoch: [11]  [1020/5625]  eta: 0:40:26  lr: 0.000008  train_loss: 0.1134 (0.1819)  train_iou: 0.7760 (0.6584)  time: 0.5167  data: 0.0005  max mem: 28813
Epoch: [11]  [1040/5625]  eta: 0:40:15  lr: 0.000008  train_loss: 0.1288 (0.1817)  train_iou: 0.6384 (0.6585)  time: 0.5201  data: 0.0020  max mem: 28813
Epoch: [11]  [1060/5625]  eta: 0:40:04  lr: 0.000008  train_loss: 0.1488 (0.1815)  train_iou: 0.7211 (0.6593)  time: 0.5243  data: 0.0006  max mem: 28813
Epoch: [11]  [1080/5625]  eta: 0:39:53  lr: 0.000008  train_loss: 0.1095 (0.1803)  train_iou: 0.6895 (0.6603)  time: 0.5224  data: 0.0018  max mem: 28813
Epoch: [11]  [1100/5625]  eta: 0:39:42  lr: 0.000008  train_loss: 0.1683 (0.1814)  train_iou: 0.5744 (0.6596)  time: 0.5240  data: 0.0037  max mem: 28813
Epoch: [11]  [1120/5625]  eta: 0:39:31  lr: 0.000008  train_loss: 0.1181 (0.1813)  train_iou: 0.6928 (0.6597)  time: 0.5163  data: 0.0005  max mem: 28813
Epoch: [11]  [1140/5625]  eta: 0:39:20  lr: 0.000008  train_loss: 0.1326 (0.1813)  train_iou: 0.6653 (0.6593)  time: 0.5139  data: 0.0010  max mem: 28813
Epoch: [11]  [1160/5625]  eta: 0:39:09  lr: 0.000008  train_loss: 0.1161 (0.1813)  train_iou: 0.6885 (0.6595)  time: 0.5249  data: 0.0031  max mem: 28813
Epoch: [11]  [1180/5625]  eta: 0:38:59  lr: 0.000008  train_loss: 0.1188 (0.1810)  train_iou: 0.6386 (0.6597)  time: 0.5294  data: 0.0042  max mem: 28813
Epoch: [11]  [1200/5625]  eta: 0:38:48  lr: 0.000008  train_loss: 0.1721 (0.1807)  train_iou: 0.6771 (0.6597)  time: 0.5241  data: 0.0045  max mem: 28813
Epoch: [11]  [1220/5625]  eta: 0:38:37  lr: 0.000008  train_loss: 0.1374 (0.1807)  train_iou: 0.6687 (0.6597)  time: 0.5143  data: 0.0010  max mem: 28813
Epoch: [11]  [1240/5625]  eta: 0:38:25  lr: 0.000008  train_loss: 0.1617 (0.1805)  train_iou: 0.5940 (0.6590)  time: 0.5152  data: 0.0006  max mem: 28813
Epoch: [11]  [1260/5625]  eta: 0:38:15  lr: 0.000008  train_loss: 0.1755 (0.1808)  train_iou: 0.6771 (0.6587)  time: 0.5238  data: 0.0008  max mem: 28813
Epoch: [11]  [1280/5625]  eta: 0:38:04  lr: 0.000008  train_loss: 0.1058 (0.1805)  train_iou: 0.7420 (0.6597)  time: 0.5182  data: 0.0007  max mem: 28813
Epoch: [11]  [1300/5625]  eta: 0:37:53  lr: 0.000008  train_loss: 0.1031 (0.1801)  train_iou: 0.6750 (0.6597)  time: 0.5168  data: 0.0007  max mem: 28813
Epoch: [11]  [1320/5625]  eta: 0:37:42  lr: 0.000008  train_loss: 0.0931 (0.1796)  train_iou: 0.6733 (0.6596)  time: 0.5221  data: 0.0043  max mem: 28813
Epoch: [11]  [1340/5625]  eta: 0:37:31  lr: 0.000008  train_loss: 0.1960 (0.1801)  train_iou: 0.6500 (0.6594)  time: 0.5242  data: 0.0021  max mem: 28813
Epoch: [11]  [1360/5625]  eta: 0:37:20  lr: 0.000008  train_loss: 0.1391 (0.1801)  train_iou: 0.6593 (0.6597)  time: 0.5222  data: 0.0017  max mem: 28813
Epoch: [11]  [1380/5625]  eta: 0:37:09  lr: 0.000008  train_loss: 0.1046 (0.1796)  train_iou: 0.6717 (0.6598)  time: 0.5094  data: 0.0008  max mem: 28813
Epoch: [11]  [1400/5625]  eta: 0:36:59  lr: 0.000008  train_loss: 0.1288 (0.1800)  train_iou: 0.6541 (0.6596)  time: 0.5259  data: 0.0017  max mem: 28813
Epoch: [11]  [1420/5625]  eta: 0:36:47  lr: 0.000008  train_loss: 0.1421 (0.1798)  train_iou: 0.5741 (0.6589)  time: 0.5138  data: 0.0017  max mem: 28813
Epoch: [11]  [1440/5625]  eta: 0:36:36  lr: 0.000008  train_loss: 0.1468 (0.1796)  train_iou: 0.6943 (0.6592)  time: 0.5191  data: 0.0033  max mem: 28813
Epoch: [11]  [1460/5625]  eta: 0:36:25  lr: 0.000008  train_loss: 0.1181 (0.1795)  train_iou: 0.5765 (0.6585)  time: 0.5165  data: 0.0009  max mem: 28813
Epoch: [11]  [1480/5625]  eta: 0:36:15  lr: 0.000008  train_loss: 0.2040 (0.1795)  train_iou: 0.6522 (0.6585)  time: 0.5179  data: 0.0016  max mem: 28813
Epoch: [11]  [1500/5625]  eta: 0:36:04  lr: 0.000008  train_loss: 0.1182 (0.1796)  train_iou: 0.7279 (0.6591)  time: 0.5251  data: 0.0010  max mem: 28813
Epoch: [11]  [1520/5625]  eta: 0:35:54  lr: 0.000008  train_loss: 0.0932 (0.1796)  train_iou: 0.6559 (0.6588)  time: 0.5236  data: 0.0033  max mem: 28813
Epoch: [11]  [1540/5625]  eta: 0:35:43  lr: 0.000008  train_loss: 0.1258 (0.1798)  train_iou: 0.6736 (0.6587)  time: 0.5224  data: 0.0010  max mem: 28813
Epoch: [11]  [1560/5625]  eta: 0:35:33  lr: 0.000008  train_loss: 0.0947 (0.1792)  train_iou: 0.6593 (0.6592)  time: 0.5277  data: 0.0026  max mem: 28813
Epoch: [11]  [1580/5625]  eta: 0:35:22  lr: 0.000008  train_loss: 0.1178 (0.1791)  train_iou: 0.6277 (0.6586)  time: 0.5227  data: 0.0006  max mem: 28813
Epoch: [11]  [1600/5625]  eta: 0:35:12  lr: 0.000008  train_loss: 0.1543 (0.1792)  train_iou: 0.6501 (0.6584)  time: 0.5261  data: 0.0011  max mem: 28813
Epoch: [11]  [1620/5625]  eta: 0:35:01  lr: 0.000008  train_loss: 0.1371 (0.1791)  train_iou: 0.7496 (0.6593)  time: 0.5276  data: 0.0052  max mem: 28813
Epoch: [11]  [1640/5625]  eta: 0:34:51  lr: 0.000008  train_loss: 0.1056 (0.1787)  train_iou: 0.6789 (0.6596)  time: 0.5244  data: 0.0023  max mem: 28813
Epoch: [11]  [1660/5625]  eta: 0:34:40  lr: 0.000008  train_loss: 0.1188 (0.1786)  train_iou: 0.6572 (0.6594)  time: 0.5234  data: 0.0017  max mem: 28813
Epoch: [11]  [1680/5625]  eta: 0:34:30  lr: 0.000008  train_loss: 0.1824 (0.1789)  train_iou: 0.6936 (0.6595)  time: 0.5246  data: 0.0036  max mem: 28813
Epoch: [11]  [1700/5625]  eta: 0:34:19  lr: 0.000008  train_loss: 0.1543 (0.1792)  train_iou: 0.6741 (0.6594)  time: 0.5275  data: 0.0019  max mem: 28813
Epoch: [11]  [1720/5625]  eta: 0:34:09  lr: 0.000008  train_loss: 0.1219 (0.1788)  train_iou: 0.7133 (0.6597)  time: 0.5228  data: 0.0005  max mem: 28813
Epoch: [11]  [1740/5625]  eta: 0:33:58  lr: 0.000008  train_loss: 0.1738 (0.1790)  train_iou: 0.6565 (0.6594)  time: 0.5168  data: 0.0023  max mem: 28813
Epoch: [11]  [1760/5625]  eta: 0:33:47  lr: 0.000008  train_loss: 0.1267 (0.1790)  train_iou: 0.6451 (0.6595)  time: 0.5177  data: 0.0007  max mem: 28813
Epoch: [11]  [1780/5625]  eta: 0:33:37  lr: 0.000008  train_loss: 0.1336 (0.1792)  train_iou: 0.6307 (0.6594)  time: 0.5251  data: 0.0007  max mem: 28813
Epoch: [11]  [1800/5625]  eta: 0:33:26  lr: 0.000008  train_loss: 0.1101 (0.1787)  train_iou: 0.7001 (0.6599)  time: 0.5273  data: 0.0063  max mem: 28813
Epoch: [11]  [1820/5625]  eta: 0:33:15  lr: 0.000008  train_loss: 0.1277 (0.1785)  train_iou: 0.6701 (0.6601)  time: 0.5191  data: 0.0022  max mem: 28813
Epoch: [11]  [1840/5625]  eta: 0:33:05  lr: 0.000008  train_loss: 0.1609 (0.1787)  train_iou: 0.6767 (0.6603)  time: 0.5254  data: 0.0007  max mem: 28813
Epoch: [11]  [1860/5625]  eta: 0:32:54  lr: 0.000008  train_loss: 0.1453 (0.1787)  train_iou: 0.5899 (0.6596)  time: 0.5222  data: 0.0009  max mem: 28813
Epoch: [11]  [1880/5625]  eta: 0:32:44  lr: 0.000008  train_loss: 0.1424 (0.1790)  train_iou: 0.6489 (0.6596)  time: 0.5285  data: 0.0048  max mem: 28813
Epoch: [11]  [1900/5625]  eta: 0:32:34  lr: 0.000008  train_loss: 0.1291 (0.1790)  train_iou: 0.6862 (0.6599)  time: 0.5226  data: 0.0007  max mem: 28813
Epoch: [11]  [1920/5625]  eta: 0:32:23  lr: 0.000008  train_loss: 0.1163 (0.1789)  train_iou: 0.6739 (0.6603)  time: 0.5226  data: 0.0015  max mem: 28813
Epoch: [11]  [1940/5625]  eta: 0:32:12  lr: 0.000008  train_loss: 0.1420 (0.1790)  train_iou: 0.6509 (0.6601)  time: 0.5171  data: 0.0027  max mem: 28813
Epoch: [11]  [1960/5625]  eta: 0:32:02  lr: 0.000008  train_loss: 0.0855 (0.1784)  train_iou: 0.6862 (0.6604)  time: 0.5266  data: 0.0019  max mem: 28813
Epoch: [11]  [1980/5625]  eta: 0:31:51  lr: 0.000008  train_loss: 0.1398 (0.1787)  train_iou: 0.6653 (0.6604)  time: 0.5292  data: 0.0016  max mem: 28813
Epoch: [11]  [2000/5625]  eta: 0:31:41  lr: 0.000008  train_loss: 0.1160 (0.1785)  train_iou: 0.6803 (0.6606)  time: 0.5266  data: 0.0007  max mem: 28813
Epoch: [11]  [2020/5625]  eta: 0:31:30  lr: 0.000008  train_loss: 0.1161 (0.1785)  train_iou: 0.6343 (0.6606)  time: 0.5217  data: 0.0017  max mem: 28813
Epoch: [11]  [2040/5625]  eta: 0:31:20  lr: 0.000008  train_loss: 0.1092 (0.1782)  train_iou: 0.6717 (0.6610)  time: 0.5207  data: 0.0006  max mem: 28813
Epoch: [11]  [2060/5625]  eta: 0:31:09  lr: 0.000008  train_loss: 0.1455 (0.1783)  train_iou: 0.6732 (0.6610)  time: 0.5180  data: 0.0006  max mem: 28813
Epoch: [11]  [2080/5625]  eta: 0:30:59  lr: 0.000008  train_loss: 0.1290 (0.1782)  train_iou: 0.6840 (0.6610)  time: 0.5263  data: 0.0007  max mem: 28813
Epoch: [11]  [2100/5625]  eta: 0:30:48  lr: 0.000008  train_loss: 0.1380 (0.1782)  train_iou: 0.6148 (0.6606)  time: 0.5226  data: 0.0026  max mem: 28813
Epoch: [11]  [2120/5625]  eta: 0:30:37  lr: 0.000008  train_loss: 0.1846 (0.1787)  train_iou: 0.5669 (0.6602)  time: 0.5184  data: 0.0015  max mem: 28813
Epoch: [11]  [2140/5625]  eta: 0:30:27  lr: 0.000008  train_loss: 0.1214 (0.1788)  train_iou: 0.6592 (0.6601)  time: 0.5220  data: 0.0008  max mem: 28813
Epoch: [11]  [2160/5625]  eta: 0:30:16  lr: 0.000008  train_loss: 0.1132 (0.1797)  train_iou: 0.6346 (0.6596)  time: 0.5201  data: 0.0010  max mem: 28813
Epoch: [11]  [2180/5625]  eta: 0:30:06  lr: 0.000008  train_loss: 0.1004 (0.1794)  train_iou: 0.7453 (0.6601)  time: 0.5173  data: 0.0014  max mem: 28813
Epoch: [11]  [2200/5625]  eta: 0:29:55  lr: 0.000008  train_loss: 0.1170 (0.1792)  train_iou: 0.6878 (0.6602)  time: 0.5243  data: 0.0021  max mem: 28813
Epoch: [11]  [2220/5625]  eta: 0:29:45  lr: 0.000008  train_loss: 0.1010 (0.1790)  train_iou: 0.6634 (0.6603)  time: 0.5218  data: 0.0039  max mem: 28813
Epoch: [11]  [2240/5625]  eta: 0:29:34  lr: 0.000008  train_loss: 0.1815 (0.1792)  train_iou: 0.6707 (0.6604)  time: 0.5229  data: 0.0018  max mem: 28813
Epoch: [11]  [2260/5625]  eta: 0:29:23  lr: 0.000008  train_loss: 0.0899 (0.1789)  train_iou: 0.6866 (0.6607)  time: 0.5201  data: 0.0018  max mem: 28813
Epoch: [11]  [2280/5625]  eta: 0:29:13  lr: 0.000008  train_loss: 0.2069 (0.1793)  train_iou: 0.6125 (0.6601)  time: 0.5251  data: 0.0020  max mem: 28813
Epoch: [11]  [2300/5625]  eta: 0:29:03  lr: 0.000008  train_loss: 0.1319 (0.1793)  train_iou: 0.6588 (0.6600)  time: 0.5318  data: 0.0009  max mem: 28813
Epoch: [11]  [2320/5625]  eta: 0:28:52  lr: 0.000008  train_loss: 0.1027 (0.1791)  train_iou: 0.6974 (0.6603)  time: 0.5263  data: 0.0037  max mem: 28813
Epoch: [11]  [2340/5625]  eta: 0:28:42  lr: 0.000008  train_loss: 0.1743 (0.1795)  train_iou: 0.6375 (0.6601)  time: 0.5244  data: 0.0012  max mem: 28813
Epoch: [11]  [2360/5625]  eta: 0:28:31  lr: 0.000008  train_loss: 0.1624 (0.1797)  train_iou: 0.6215 (0.6601)  time: 0.5226  data: 0.0017  max mem: 28813
Epoch: [11]  [2380/5625]  eta: 0:28:21  lr: 0.000008  train_loss: 0.1566 (0.1800)  train_iou: 0.6865 (0.6605)  time: 0.5183  data: 0.0019  max mem: 28813
Epoch: [11]  [2400/5625]  eta: 0:28:10  lr: 0.000008  train_loss: 0.1109 (0.1798)  train_iou: 0.6979 (0.6609)  time: 0.5185  data: 0.0005  max mem: 28813
Epoch: [11]  [2420/5625]  eta: 0:28:00  lr: 0.000008  train_loss: 0.1642 (0.1798)  train_iou: 0.6845 (0.6609)  time: 0.5269  data: 0.0035  max mem: 28813
Epoch: [11]  [2440/5625]  eta: 0:27:49  lr: 0.000008  train_loss: 0.1224 (0.1799)  train_iou: 0.6650 (0.6607)  time: 0.5242  data: 0.0018  max mem: 28813
Epoch: [11]  [2460/5625]  eta: 0:27:39  lr: 0.000008  train_loss: 0.1201 (0.1800)  train_iou: 0.5702 (0.6602)  time: 0.5266  data: 0.0006  max mem: 28813
Epoch: [11]  [2480/5625]  eta: 0:27:28  lr: 0.000008  train_loss: 0.1264 (0.1799)  train_iou: 0.6275 (0.6601)  time: 0.5241  data: 0.0025  max mem: 28813
Epoch: [11]  [2500/5625]  eta: 0:27:18  lr: 0.000008  train_loss: 0.1768 (0.1801)  train_iou: 0.6247 (0.6599)  time: 0.5244  data: 0.0005  max mem: 28813
Epoch: [11]  [2520/5625]  eta: 0:27:07  lr: 0.000008  train_loss: 0.1094 (0.1801)  train_iou: 0.6868 (0.6602)  time: 0.5198  data: 0.0005  max mem: 28813
Epoch: [11]  [2540/5625]  eta: 0:26:57  lr: 0.000008  train_loss: 0.1765 (0.1802)  train_iou: 0.6799 (0.6603)  time: 0.5213  data: 0.0007  max mem: 28813
Epoch: [11]  [2560/5625]  eta: 0:26:46  lr: 0.000008  train_loss: 0.1650 (0.1805)  train_iou: 0.5736 (0.6600)  time: 0.5238  data: 0.0049  max mem: 28813
Epoch: [11]  [2580/5625]  eta: 0:26:35  lr: 0.000008  train_loss: 0.1130 (0.1805)  train_iou: 0.6599 (0.6599)  time: 0.5192  data: 0.0008  max mem: 28813
Epoch: [11]  [2600/5625]  eta: 0:26:25  lr: 0.000008  train_loss: 0.1792 (0.1809)  train_iou: 0.6563 (0.6599)  time: 0.5249  data: 0.0010  max mem: 28813
Epoch: [11]  [2620/5625]  eta: 0:26:14  lr: 0.000008  train_loss: 0.1181 (0.1810)  train_iou: 0.6854 (0.6602)  time: 0.5208  data: 0.0005  max mem: 28813
Epoch: [11]  [2640/5625]  eta: 0:26:04  lr: 0.000008  train_loss: 0.1072 (0.1810)  train_iou: 0.6396 (0.6600)  time: 0.5203  data: 0.0031  max mem: 28813
Epoch: [11]  [2660/5625]  eta: 0:25:53  lr: 0.000008  train_loss: 0.1122 (0.1809)  train_iou: 0.6313 (0.6598)  time: 0.5261  data: 0.0033  max mem: 28813
Epoch: [11]  [2680/5625]  eta: 0:25:43  lr: 0.000008  train_loss: 0.1949 (0.1810)  train_iou: 0.6603 (0.6598)  time: 0.5260  data: 0.0042  max mem: 28813
Epoch: [11]  [2700/5625]  eta: 0:25:33  lr: 0.000008  train_loss: 0.1172 (0.1809)  train_iou: 0.6756 (0.6600)  time: 0.5321  data: 0.0011  max mem: 28813
Epoch: [11]  [2720/5625]  eta: 0:25:22  lr: 0.000008  train_loss: 0.1228 (0.1807)  train_iou: 0.6705 (0.6599)  time: 0.5267  data: 0.0017  max mem: 28813
Epoch: [11]  [2740/5625]  eta: 0:25:12  lr: 0.000008  train_loss: 0.1501 (0.1806)  train_iou: 0.7290 (0.6602)  time: 0.5278  data: 0.0015  max mem: 28813
Epoch: [11]  [2760/5625]  eta: 0:25:01  lr: 0.000008  train_loss: 0.1060 (0.1802)  train_iou: 0.6586 (0.6602)  time: 0.5241  data: 0.0026  max mem: 28813
Epoch: [11]  [2780/5625]  eta: 0:24:51  lr: 0.000008  train_loss: 0.1372 (0.1802)  train_iou: 0.5995 (0.6598)  time: 0.5307  data: 0.0045  max mem: 28813
Epoch: [11]  [2800/5625]  eta: 0:24:41  lr: 0.000008  train_loss: 0.0907 (0.1800)  train_iou: 0.6650 (0.6598)  time: 0.5297  data: 0.0010  max mem: 28813
Epoch: [11]  [2820/5625]  eta: 0:24:30  lr: 0.000008  train_loss: 0.1046 (0.1797)  train_iou: 0.6912 (0.6602)  time: 0.5320  data: 0.0010  max mem: 28813
Epoch: [11]  [2840/5625]  eta: 0:24:20  lr: 0.000008  train_loss: 0.1164 (0.1798)  train_iou: 0.7261 (0.6603)  time: 0.5590  data: 0.0021  max mem: 28813
Epoch: [11]  [2860/5625]  eta: 0:24:10  lr: 0.000008  train_loss: 0.2185 (0.1802)  train_iou: 0.5789 (0.6602)  time: 0.5220  data: 0.0005  max mem: 28813
Epoch: [11]  [2880/5625]  eta: 0:23:59  lr: 0.000008  train_loss: 0.1508 (0.1803)  train_iou: 0.6950 (0.6603)  time: 0.5268  data: 0.0064  max mem: 28813
Epoch: [11]  [2900/5625]  eta: 0:23:49  lr: 0.000008  train_loss: 0.1107 (0.1799)  train_iou: 0.6530 (0.6603)  time: 0.5207  data: 0.0007  max mem: 28813
Epoch: [11]  [2920/5625]  eta: 0:23:38  lr: 0.000008  train_loss: 0.1638 (0.1801)  train_iou: 0.6915 (0.6605)  time: 0.5214  data: 0.0009  max mem: 28813
Epoch: [11]  [2940/5625]  eta: 0:23:28  lr: 0.000008  train_loss: 0.1113 (0.1800)  train_iou: 0.6528 (0.6603)  time: 0.5223  data: 0.0008  max mem: 28813
Epoch: [11]  [2960/5625]  eta: 0:23:17  lr: 0.000008  train_loss: 0.1326 (0.1800)  train_iou: 0.6355 (0.6603)  time: 0.5239  data: 0.0005  max mem: 28813
Epoch: [11]  [2980/5625]  eta: 0:23:07  lr: 0.000008  train_loss: 0.1184 (0.1798)  train_iou: 0.6800 (0.6605)  time: 0.5201  data: 0.0022  max mem: 28813
Epoch: [11]  [3000/5625]  eta: 0:22:56  lr: 0.000008  train_loss: 0.1321 (0.1799)  train_iou: 0.6651 (0.6605)  time: 0.5207  data: 0.0005  max mem: 28813
Epoch: [11]  [3020/5625]  eta: 0:22:46  lr: 0.000008  train_loss: 0.1322 (0.1798)  train_iou: 0.6708 (0.6605)  time: 0.5274  data: 0.0008  max mem: 28813
Epoch: [11]  [3040/5625]  eta: 0:22:35  lr: 0.000008  train_loss: 0.1259 (0.1798)  train_iou: 0.6952 (0.6607)  time: 0.5238  data: 0.0030  max mem: 28813
Epoch: [11]  [3060/5625]  eta: 0:22:25  lr: 0.000008  train_loss: 0.2134 (0.1802)  train_iou: 0.6497 (0.6606)  time: 0.5274  data: 0.0048  max mem: 28813
Epoch: [11]  [3080/5625]  eta: 0:22:14  lr: 0.000008  train_loss: 0.1528 (0.1802)  train_iou: 0.6935 (0.6607)  time: 0.5233  data: 0.0043  max mem: 28813
Epoch: [11]  [3100/5625]  eta: 0:22:04  lr: 0.000008  train_loss: 0.1923 (0.1806)  train_iou: 0.6801 (0.6608)  time: 0.5294  data: 0.0029  max mem: 28813
Epoch: [11]  [3120/5625]  eta: 0:21:53  lr: 0.000008  train_loss: 0.1493 (0.1809)  train_iou: 0.7205 (0.6610)  time: 0.5207  data: 0.0017  max mem: 28813
Epoch: [11]  [3140/5625]  eta: 0:21:43  lr: 0.000008  train_loss: 0.0878 (0.1804)  train_iou: 0.6809 (0.6610)  time: 0.5234  data: 0.0006  max mem: 28813
Epoch: [11]  [3160/5625]  eta: 0:21:32  lr: 0.000008  train_loss: 0.1007 (0.1802)  train_iou: 0.6749 (0.6612)  time: 0.5189  data: 0.0005  max mem: 28813
Epoch: [11]  [3180/5625]  eta: 0:21:22  lr: 0.000008  train_loss: 0.1139 (0.1801)  train_iou: 0.6576 (0.6612)  time: 0.5185  data: 0.0008  max mem: 28813
Epoch: [11]  [3200/5625]  eta: 0:21:11  lr: 0.000008  train_loss: 0.2004 (0.1804)  train_iou: 0.5630 (0.6608)  time: 0.5267  data: 0.0041  max mem: 28813
Epoch: [11]  [3220/5625]  eta: 0:21:01  lr: 0.000008  train_loss: 0.1149 (0.1803)  train_iou: 0.6331 (0.6606)  time: 0.5205  data: 0.0005  max mem: 28813
Epoch: [11]  [3240/5625]  eta: 0:20:50  lr: 0.000008  train_loss: 0.1350 (0.1805)  train_iou: 0.6910 (0.6609)  time: 0.5240  data: 0.0025  max mem: 28813
Epoch: [11]  [3260/5625]  eta: 0:20:40  lr: 0.000008  train_loss: 0.1271 (0.1805)  train_iou: 0.6787 (0.6610)  time: 0.5178  data: 0.0006  max mem: 28813
Epoch: [11]  [3280/5625]  eta: 0:20:29  lr: 0.000008  train_loss: 0.1314 (0.1803)  train_iou: 0.6534 (0.6610)  time: 0.5184  data: 0.0006  max mem: 28813
Epoch: [11]  [3300/5625]  eta: 0:20:18  lr: 0.000008  train_loss: 0.1632 (0.1806)  train_iou: 0.5646 (0.6606)  time: 0.5175  data: 0.0011  max mem: 28813
Epoch: [11]  [3320/5625]  eta: 0:20:08  lr: 0.000008  train_loss: 0.1284 (0.1808)  train_iou: 0.6344 (0.6605)  time: 0.5235  data: 0.0019  max mem: 28813
Epoch: [11]  [3340/5625]  eta: 0:19:57  lr: 0.000008  train_loss: 0.1578 (0.1809)  train_iou: 0.6270 (0.6601)  time: 0.5220  data: 0.0009  max mem: 28813
Epoch: [11]  [3360/5625]  eta: 0:19:47  lr: 0.000008  train_loss: 0.1235 (0.1807)  train_iou: 0.6926 (0.6603)  time: 0.5206  data: 0.0012  max mem: 28813
Epoch: [11]  [3380/5625]  eta: 0:19:36  lr: 0.000008  train_loss: 0.1746 (0.1807)  train_iou: 0.6875 (0.6604)  time: 0.5273  data: 0.0033  max mem: 28813
Epoch: [11]  [3400/5625]  eta: 0:19:26  lr: 0.000008  train_loss: 0.1605 (0.1807)  train_iou: 0.5832 (0.6600)  time: 0.5256  data: 0.0016  max mem: 28813
Epoch: [11]  [3420/5625]  eta: 0:19:15  lr: 0.000008  train_loss: 0.1284 (0.1807)  train_iou: 0.6841 (0.6603)  time: 0.5228  data: 0.0023  max mem: 28813
Epoch: [11]  [3440/5625]  eta: 0:19:05  lr: 0.000008  train_loss: 0.1646 (0.1806)  train_iou: 0.6712 (0.6603)  time: 0.5212  data: 0.0007  max mem: 28813
Epoch: [11]  [3460/5625]  eta: 0:18:54  lr: 0.000008  train_loss: 0.1070 (0.1805)  train_iou: 0.7419 (0.6605)  time: 0.5197  data: 0.0021  max mem: 28813
Epoch: [11]  [3480/5625]  eta: 0:18:44  lr: 0.000008  train_loss: 0.2492 (0.1810)  train_iou: 0.6386 (0.6603)  time: 0.5255  data: 0.0010  max mem: 28813
Epoch: [11]  [3500/5625]  eta: 0:18:33  lr: 0.000008  train_loss: 0.1561 (0.1811)  train_iou: 0.6057 (0.6602)  time: 0.5219  data: 0.0009  max mem: 28813
Epoch: [11]  [3520/5625]  eta: 0:18:23  lr: 0.000008  train_loss: 0.1644 (0.1812)  train_iou: 0.6159 (0.6599)  time: 0.5190  data: 0.0017  max mem: 28813
Epoch: [11]  [3540/5625]  eta: 0:18:12  lr: 0.000008  train_loss: 0.1697 (0.1812)  train_iou: 0.6695 (0.6597)  time: 0.5266  data: 0.0032  max mem: 28813
Epoch: [11]  [3560/5625]  eta: 0:18:02  lr: 0.000008  train_loss: 0.1277 (0.1812)  train_iou: 0.6705 (0.6599)  time: 0.5192  data: 0.0023  max mem: 28813
Epoch: [11]  [3580/5625]  eta: 0:17:51  lr: 0.000008  train_loss: 0.1623 (0.1811)  train_iou: 0.6691 (0.6599)  time: 0.5259  data: 0.0048  max mem: 28813
Epoch: [11]  [3600/5625]  eta: 0:17:41  lr: 0.000008  train_loss: 0.1305 (0.1811)  train_iou: 0.6918 (0.6600)  time: 0.5298  data: 0.0021  max mem: 28813
Epoch: [11]  [3620/5625]  eta: 0:17:30  lr: 0.000008  train_loss: 0.1636 (0.1810)  train_iou: 0.7041 (0.6601)  time: 0.5201  data: 0.0025  max mem: 28813
Epoch: [11]  [3640/5625]  eta: 0:17:20  lr: 0.000008  train_loss: 0.1103 (0.1809)  train_iou: 0.6638 (0.6603)  time: 0.5266  data: 0.0054  max mem: 28813
Epoch: [11]  [3660/5625]  eta: 0:17:09  lr: 0.000008  train_loss: 0.1116 (0.1809)  train_iou: 0.6422 (0.6602)  time: 0.5155  data: 0.0006  max mem: 28813
Epoch: [11]  [3680/5625]  eta: 0:16:59  lr: 0.000008  train_loss: 0.1301 (0.1809)  train_iou: 0.6917 (0.6603)  time: 0.5208  data: 0.0025  max mem: 28813
Epoch: [11]  [3700/5625]  eta: 0:16:48  lr: 0.000008  train_loss: 0.1029 (0.1808)  train_iou: 0.6886 (0.6604)  time: 0.5224  data: 0.0005  max mem: 28813
Epoch: [11]  [3720/5625]  eta: 0:16:38  lr: 0.000008  train_loss: 0.1057 (0.1808)  train_iou: 0.6808 (0.6605)  time: 0.5204  data: 0.0008  max mem: 28813
Epoch: [11]  [3740/5625]  eta: 0:16:27  lr: 0.000008  train_loss: 0.1492 (0.1809)  train_iou: 0.6344 (0.6603)  time: 0.5211  data: 0.0032  max mem: 28813
Epoch: [11]  [3760/5625]  eta: 0:16:17  lr: 0.000008  train_loss: 0.1063 (0.1808)  train_iou: 0.6421 (0.6603)  time: 0.5275  data: 0.0005  max mem: 28813
Epoch: [11]  [3780/5625]  eta: 0:16:06  lr: 0.000008  train_loss: 0.1061 (0.1807)  train_iou: 0.5565 (0.6600)  time: 0.5208  data: 0.0015  max mem: 28813
Epoch: [11]  [3800/5625]  eta: 0:15:56  lr: 0.000008  train_loss: 0.1453 (0.1809)  train_iou: 0.6678 (0.6600)  time: 0.5208  data: 0.0007  max mem: 28813
Epoch: [11]  [3820/5625]  eta: 0:15:45  lr: 0.000008  train_loss: 0.1221 (0.1808)  train_iou: 0.6248 (0.6599)  time: 0.5216  data: 0.0011  max mem: 28813
Epoch: [11]  [3840/5625]  eta: 0:15:35  lr: 0.000008  train_loss: 0.1533 (0.1809)  train_iou: 0.6618 (0.6600)  time: 0.5297  data: 0.0030  max mem: 28813
Epoch: [11]  [3860/5625]  eta: 0:15:25  lr: 0.000008  train_loss: 0.1001 (0.1805)  train_iou: 0.6835 (0.6602)  time: 0.5252  data: 0.0038  max mem: 28813
Epoch: [11]  [3880/5625]  eta: 0:15:14  lr: 0.000008  train_loss: 0.1118 (0.1803)  train_iou: 0.7378 (0.6604)  time: 0.5283  data: 0.0022  max mem: 28813
Epoch: [11]  [3900/5625]  eta: 0:15:04  lr: 0.000008  train_loss: 0.1892 (0.1805)  train_iou: 0.6421 (0.6603)  time: 0.5265  data: 0.0028  max mem: 28813
Epoch: [11]  [3920/5625]  eta: 0:14:53  lr: 0.000008  train_loss: 0.1928 (0.1807)  train_iou: 0.5651 (0.6602)  time: 0.5231  data: 0.0011  max mem: 28813
Epoch: [11]  [3940/5625]  eta: 0:14:43  lr: 0.000008  train_loss: 0.1125 (0.1805)  train_iou: 0.6367 (0.6601)  time: 0.5196  data: 0.0038  max mem: 28813
Epoch: [11]  [3960/5625]  eta: 0:14:32  lr: 0.000008  train_loss: 0.1800 (0.1806)  train_iou: 0.6158 (0.6600)  time: 0.5221  data: 0.0015  max mem: 28813
Epoch: [11]  [3980/5625]  eta: 0:14:22  lr: 0.000008  train_loss: 0.1671 (0.1808)  train_iou: 0.6282 (0.6599)  time: 0.5170  data: 0.0020  max mem: 28813
Epoch: [11]  [4000/5625]  eta: 0:14:11  lr: 0.000008  train_loss: 0.1230 (0.1807)  train_iou: 0.6781 (0.6600)  time: 0.5227  data: 0.0023  max mem: 28813
Epoch: [11]  [4020/5625]  eta: 0:14:01  lr: 0.000008  train_loss: 0.1043 (0.1806)  train_iou: 0.6353 (0.6599)  time: 0.5195  data: 0.0009  max mem: 28813
Epoch: [11]  [4040/5625]  eta: 0:13:50  lr: 0.000008  train_loss: 0.1432 (0.1806)  train_iou: 0.7116 (0.6600)  time: 0.5343  data: 0.0013  max mem: 28813
Epoch: [11]  [4060/5625]  eta: 0:13:40  lr: 0.000008  train_loss: 0.1080 (0.1804)  train_iou: 0.6569 (0.6601)  time: 0.5251  data: 0.0026  max mem: 28813
Epoch: [11]  [4080/5625]  eta: 0:13:29  lr: 0.000008  train_loss: 0.1420 (0.1803)  train_iou: 0.6716 (0.6604)  time: 0.5190  data: 0.0027  max mem: 28813
Epoch: [11]  [4100/5625]  eta: 0:13:19  lr: 0.000008  train_loss: 0.0921 (0.1801)  train_iou: 0.6185 (0.6601)  time: 0.5206  data: 0.0012  max mem: 28813
Epoch: [11]  [4120/5625]  eta: 0:13:08  lr: 0.000008  train_loss: 0.1311 (0.1801)  train_iou: 0.6863 (0.6603)  time: 0.5245  data: 0.0051  max mem: 28813
Epoch: [11]  [4140/5625]  eta: 0:12:58  lr: 0.000008  train_loss: 0.1837 (0.1802)  train_iou: 0.6800 (0.6604)  time: 0.5194  data: 0.0041  max mem: 28813
Epoch: [11]  [4160/5625]  eta: 0:12:47  lr: 0.000008  train_loss: 0.1145 (0.1802)  train_iou: 0.6824 (0.6603)  time: 0.5287  data: 0.0035  max mem: 28813
Epoch: [11]  [4180/5625]  eta: 0:12:37  lr: 0.000008  train_loss: 0.1295 (0.1802)  train_iou: 0.6800 (0.6604)  time: 0.5286  data: 0.0044  max mem: 28813
Epoch: [11]  [4200/5625]  eta: 0:12:26  lr: 0.000008  train_loss: 0.1484 (0.1804)  train_iou: 0.6607 (0.6603)  time: 0.5301  data: 0.0031  max mem: 28813
Epoch: [11]  [4220/5625]  eta: 0:12:16  lr: 0.000008  train_loss: 0.1026 (0.1802)  train_iou: 0.6587 (0.6603)  time: 0.5211  data: 0.0019  max mem: 28813
Epoch: [11]  [4240/5625]  eta: 0:12:05  lr: 0.000008  train_loss: 0.1220 (0.1802)  train_iou: 0.6584 (0.6604)  time: 0.5215  data: 0.0010  max mem: 28813
Epoch: [11]  [4260/5625]  eta: 0:11:55  lr: 0.000008  train_loss: 0.1611 (0.1804)  train_iou: 0.6441 (0.6603)  time: 0.5198  data: 0.0008  max mem: 28813
Epoch: [11]  [4280/5625]  eta: 0:11:44  lr: 0.000008  train_loss: 0.1038 (0.1806)  train_iou: 0.7365 (0.6605)  time: 0.5199  data: 0.0005  max mem: 28813
Epoch: [11]  [4300/5625]  eta: 0:11:34  lr: 0.000008  train_loss: 0.1423 (0.1806)  train_iou: 0.7255 (0.6608)  time: 0.5206  data: 0.0046  max mem: 28813
Epoch: [11]  [4320/5625]  eta: 0:11:23  lr: 0.000008  train_loss: 0.1539 (0.1808)  train_iou: 0.6952 (0.6611)  time: 0.5197  data: 0.0017  max mem: 28813
Epoch: [11]  [4340/5625]  eta: 0:11:13  lr: 0.000008  train_loss: 0.1166 (0.1807)  train_iou: 0.6401 (0.6609)  time: 0.5269  data: 0.0005  max mem: 28813
Epoch: [11]  [4360/5625]  eta: 0:11:02  lr: 0.000008  train_loss: 0.1213 (0.1807)  train_iou: 0.6637 (0.6610)  time: 0.5236  data: 0.0011  max mem: 28813
Epoch: [11]  [4380/5625]  eta: 0:10:52  lr: 0.000008  train_loss: 0.1165 (0.1806)  train_iou: 0.6908 (0.6611)  time: 0.5290  data: 0.0019  max mem: 28813
Epoch: [11]  [4400/5625]  eta: 0:10:41  lr: 0.000008  train_loss: 0.1552 (0.1807)  train_iou: 0.6797 (0.6613)  time: 0.5206  data: 0.0035  max mem: 28813
Epoch: [11]  [4420/5625]  eta: 0:10:31  lr: 0.000008  train_loss: 0.1291 (0.1808)  train_iou: 0.6587 (0.6611)  time: 0.5276  data: 0.0012  max mem: 28813
Epoch: [11]  [4440/5625]  eta: 0:10:20  lr: 0.000008  train_loss: 0.1836 (0.1811)  train_iou: 0.6035 (0.6610)  time: 0.5269  data: 0.0020  max mem: 28813
Epoch: [11]  [4460/5625]  eta: 0:10:10  lr: 0.000008  train_loss: 0.1144 (0.1811)  train_iou: 0.6784 (0.6612)  time: 0.5308  data: 0.0032  max mem: 28813
Epoch: [11]  [4480/5625]  eta: 0:10:00  lr: 0.000008  train_loss: 0.1619 (0.1812)  train_iou: 0.6533 (0.6613)  time: 0.5207  data: 0.0022  max mem: 28813
Epoch: [11]  [4500/5625]  eta: 0:09:49  lr: 0.000008  train_loss: 0.1427 (0.1813)  train_iou: 0.6895 (0.6613)  time: 0.5226  data: 0.0005  max mem: 28813
Epoch: [11]  [4520/5625]  eta: 0:09:39  lr: 0.000008  train_loss: 0.2181 (0.1816)  train_iou: 0.6682 (0.6613)  time: 0.5229  data: 0.0025  max mem: 28813
Epoch: [11]  [4540/5625]  eta: 0:09:28  lr: 0.000008  train_loss: 0.1584 (0.1818)  train_iou: 0.6061 (0.6611)  time: 0.5179  data: 0.0035  max mem: 28813
Epoch: [11]  [4560/5625]  eta: 0:09:18  lr: 0.000008  train_loss: 0.1171 (0.1818)  train_iou: 0.6537 (0.6610)  time: 0.5231  data: 0.0006  max mem: 28813
Epoch: [11]  [4580/5625]  eta: 0:09:07  lr: 0.000008  train_loss: 0.1517 (0.1819)  train_iou: 0.6923 (0.6610)  time: 0.5185  data: 0.0019  max mem: 28813
Epoch: [11]  [4600/5625]  eta: 0:08:57  lr: 0.000008  train_loss: 0.1927 (0.1819)  train_iou: 0.6494 (0.6610)  time: 0.5228  data: 0.0008  max mem: 28813
Epoch: [11]  [4620/5625]  eta: 0:08:46  lr: 0.000008  train_loss: 0.1563 (0.1820)  train_iou: 0.6240 (0.6609)  time: 0.5164  data: 0.0020  max mem: 28813
Epoch: [11]  [4640/5625]  eta: 0:08:36  lr: 0.000008  train_loss: 0.2159 (0.1822)  train_iou: 0.6807 (0.6610)  time: 0.5225  data: 0.0006  max mem: 28813
Epoch: [11]  [4660/5625]  eta: 0:08:25  lr: 0.000008  train_loss: 0.1245 (0.1822)  train_iou: 0.6565 (0.6609)  time: 0.5195  data: 0.0024  max mem: 28813
Epoch: [11]  [4680/5625]  eta: 0:08:15  lr: 0.000008  train_loss: 0.1682 (0.1822)  train_iou: 0.6635 (0.6610)  time: 0.5309  data: 0.0030  max mem: 28813
Epoch: [11]  [4700/5625]  eta: 0:08:04  lr: 0.000008  train_loss: 0.1700 (0.1823)  train_iou: 0.6672 (0.6609)  time: 0.5197  data: 0.0009  max mem: 28813
Epoch: [11]  [4720/5625]  eta: 0:07:54  lr: 0.000008  train_loss: 0.2068 (0.1824)  train_iou: 0.6854 (0.6610)  time: 0.5232  data: 0.0012  max mem: 28813
Epoch: [11]  [4740/5625]  eta: 0:07:43  lr: 0.000008  train_loss: 0.1240 (0.1824)  train_iou: 0.6807 (0.6611)  time: 0.5274  data: 0.0005  max mem: 28813
Epoch: [11]  [4760/5625]  eta: 0:07:33  lr: 0.000008  train_loss: 0.1528 (0.1824)  train_iou: 0.6806 (0.6612)  time: 0.5240  data: 0.0008  max mem: 28813
Epoch: [11]  [4780/5625]  eta: 0:07:22  lr: 0.000008  train_loss: 0.1223 (0.1825)  train_iou: 0.6797 (0.6612)  time: 0.5258  data: 0.0010  max mem: 28813
Epoch: [11]  [4800/5625]  eta: 0:07:12  lr: 0.000008  train_loss: 0.0928 (0.1824)  train_iou: 0.6991 (0.6614)  time: 0.5171  data: 0.0008  max mem: 28813
Epoch: [11]  [4820/5625]  eta: 0:07:01  lr: 0.000008  train_loss: 0.1840 (0.1825)  train_iou: 0.6460 (0.6613)  time: 0.5232  data: 0.0008  max mem: 28813
Epoch: [11]  [4840/5625]  eta: 0:06:51  lr: 0.000008  train_loss: 0.1144 (0.1824)  train_iou: 0.6854 (0.6614)  time: 0.5243  data: 0.0009  max mem: 28813
Epoch: [11]  [4860/5625]  eta: 0:06:40  lr: 0.000008  train_loss: 0.1699 (0.1825)  train_iou: 0.6703 (0.6615)  time: 0.5168  data: 0.0048  max mem: 28813
Epoch: [11]  [4880/5625]  eta: 0:06:30  lr: 0.000008  train_loss: 0.1175 (0.1826)  train_iou: 0.6564 (0.6615)  time: 0.5103  data: 0.0007  max mem: 28813
Epoch: [11]  [4900/5625]  eta: 0:06:19  lr: 0.000008  train_loss: 0.1799 (0.1828)  train_iou: 0.6148 (0.6613)  time: 0.5220  data: 0.0031  max mem: 28813
Epoch: [11]  [4920/5625]  eta: 0:06:09  lr: 0.000008  train_loss: 0.1307 (0.1828)  train_iou: 0.6675 (0.6613)  time: 0.5237  data: 0.0028  max mem: 28813
Epoch: [11]  [4940/5625]  eta: 0:05:58  lr: 0.000008  train_loss: 0.1218 (0.1829)  train_iou: 0.6677 (0.6614)  time: 0.5241  data: 0.0014  max mem: 28813
Epoch: [11]  [4960/5625]  eta: 0:05:48  lr: 0.000008  train_loss: 0.1228 (0.1830)  train_iou: 0.5963 (0.6612)  time: 0.5235  data: 0.0006  max mem: 28813
Epoch: [11]  [4980/5625]  eta: 0:05:37  lr: 0.000008  train_loss: 0.1156 (0.1830)  train_iou: 0.6702 (0.6613)  time: 0.5256  data: 0.0023  max mem: 28813
Epoch: [11]  [5000/5625]  eta: 0:05:27  lr: 0.000008  train_loss: 0.1900 (0.1831)  train_iou: 0.6526 (0.6612)  time: 0.5222  data: 0.0030  max mem: 28813
Epoch: [11]  [5020/5625]  eta: 0:05:16  lr: 0.000008  train_loss: 0.1764 (0.1831)  train_iou: 0.6346 (0.6610)  time: 0.5197  data: 0.0005  max mem: 28813
Epoch: [11]  [5040/5625]  eta: 0:05:06  lr: 0.000008  train_loss: 0.1349 (0.1830)  train_iou: 0.6816 (0.6610)  time: 0.5281  data: 0.0056  max mem: 28813
Epoch: [11]  [5060/5625]  eta: 0:04:55  lr: 0.000008  train_loss: 0.1561 (0.1831)  train_iou: 0.6583 (0.6610)  time: 0.5207  data: 0.0015  max mem: 28813
Epoch: [11]  [5080/5625]  eta: 0:04:45  lr: 0.000008  train_loss: 0.1327 (0.1831)  train_iou: 0.6160 (0.6608)  time: 0.5199  data: 0.0005  max mem: 28813
Epoch: [11]  [5100/5625]  eta: 0:04:34  lr: 0.000008  train_loss: 0.1428 (0.1831)  train_iou: 0.6764 (0.6608)  time: 0.5216  data: 0.0022  max mem: 28813
Epoch: [11]  [5120/5625]  eta: 0:04:24  lr: 0.000008  train_loss: 0.1378 (0.1833)  train_iou: 0.6481 (0.6606)  time: 0.5292  data: 0.0020  max mem: 28813
Epoch: [11]  [5140/5625]  eta: 0:04:14  lr: 0.000008  train_loss: 0.1965 (0.1834)  train_iou: 0.6911 (0.6608)  time: 0.5206  data: 0.0006  max mem: 28813
Epoch: [11]  [5160/5625]  eta: 0:04:03  lr: 0.000008  train_loss: 0.1611 (0.1834)  train_iou: 0.6300 (0.6606)  time: 0.5224  data: 0.0007  max mem: 28813
Epoch: [11]  [5180/5625]  eta: 0:03:53  lr: 0.000008  train_loss: 0.1051 (0.1833)  train_iou: 0.6839 (0.6608)  time: 0.5237  data: 0.0022  max mem: 28813
Epoch: [11]  [5200/5625]  eta: 0:03:42  lr: 0.000008  train_loss: 0.1433 (0.1834)  train_iou: 0.6611 (0.6608)  time: 0.5258  data: 0.0035  max mem: 28813
Epoch: [11]  [5220/5625]  eta: 0:03:32  lr: 0.000008  train_loss: 0.1249 (0.1833)  train_iou: 0.6468 (0.6609)  time: 0.5147  data: 0.0014  max mem: 28813
Epoch: [11]  [5240/5625]  eta: 0:03:21  lr: 0.000008  train_loss: 0.1981 (0.1835)  train_iou: 0.6614 (0.6608)  time: 0.5256  data: 0.0024  max mem: 28813
Epoch: [11]  [5260/5625]  eta: 0:03:11  lr: 0.000008  train_loss: 0.1417 (0.1834)  train_iou: 0.6244 (0.6607)  time: 0.5217  data: 0.0022  max mem: 28813
Epoch: [11]  [5280/5625]  eta: 0:03:00  lr: 0.000008  train_loss: 0.1274 (0.1835)  train_iou: 0.6531 (0.6607)  time: 0.5208  data: 0.0021  max mem: 28813
Epoch: [11]  [5300/5625]  eta: 0:02:50  lr: 0.000008  train_loss: 0.2116 (0.1836)  train_iou: 0.6074 (0.6606)  time: 0.5261  data: 0.0016  max mem: 28813
Epoch: [11]  [5320/5625]  eta: 0:02:39  lr: 0.000008  train_loss: 0.1315 (0.1835)  train_iou: 0.6850 (0.6606)  time: 0.5291  data: 0.0006  max mem: 28813
Epoch: [11]  [5340/5625]  eta: 0:02:29  lr: 0.000008  train_loss: 0.1213 (0.1835)  train_iou: 0.6646 (0.6606)  time: 0.5310  data: 0.0008  max mem: 28813
Epoch: [11]  [5360/5625]  eta: 0:02:18  lr: 0.000008  train_loss: 0.1038 (0.1835)  train_iou: 0.6420 (0.6606)  time: 0.5261  data: 0.0008  max mem: 28813
Epoch: [11]  [5380/5625]  eta: 0:02:08  lr: 0.000008  train_loss: 0.2128 (0.1837)  train_iou: 0.6604 (0.6606)  time: 0.5246  data: 0.0028  max mem: 28813
Epoch: [11]  [5400/5625]  eta: 0:01:57  lr: 0.000008  train_loss: 0.1710 (0.1838)  train_iou: 0.6314 (0.6606)  time: 0.5229  data: 0.0028  max mem: 28813
Epoch: [11]  [5420/5625]  eta: 0:01:47  lr: 0.000008  train_loss: 0.1448 (0.1837)  train_iou: 0.6649 (0.6607)  time: 0.5226  data: 0.0022  max mem: 28813
Epoch: [11]  [5440/5625]  eta: 0:01:36  lr: 0.000008  train_loss: 0.1414 (0.1838)  train_iou: 0.6602 (0.6605)  time: 0.5251  data: 0.0017  max mem: 28813
Epoch: [11]  [5460/5625]  eta: 0:01:26  lr: 0.000008  train_loss: 0.1388 (0.1839)  train_iou: 0.6474 (0.6603)  time: 0.5236  data: 0.0017  max mem: 28813
Epoch: [11]  [5480/5625]  eta: 0:01:15  lr: 0.000008  train_loss: 0.1171 (0.1839)  train_iou: 0.6737 (0.6604)  time: 0.5250  data: 0.0007  max mem: 28813
Epoch: [11]  [5500/5625]  eta: 0:01:05  lr: 0.000008  train_loss: 0.0959 (0.1837)  train_iou: 0.6647 (0.6604)  time: 0.5204  data: 0.0019  max mem: 28813
Epoch: [11]  [5520/5625]  eta: 0:00:55  lr: 0.000008  train_loss: 0.1185 (0.1836)  train_iou: 0.6567 (0.6603)  time: 0.5255  data: 0.0019  max mem: 28813
Epoch: [11]  [5540/5625]  eta: 0:00:44  lr: 0.000008  train_loss: 0.1617 (0.1836)  train_iou: 0.6533 (0.6602)  time: 0.5252  data: 0.0021  max mem: 28813
Epoch: [11]  [5560/5625]  eta: 0:00:34  lr: 0.000008  train_loss: 0.1813 (0.1838)  train_iou: 0.5799 (0.6600)  time: 0.5246  data: 0.0021  max mem: 28813
Epoch: [11]  [5580/5625]  eta: 0:00:23  lr: 0.000008  train_loss: 0.1258 (0.1838)  train_iou: 0.6628 (0.6601)  time: 0.5248  data: 0.0026  max mem: 28813
Epoch: [11]  [5600/5625]  eta: 0:00:13  lr: 0.000008  train_loss: 0.1309 (0.1838)  train_iou: 0.6996 (0.6602)  time: 0.5166  data: 0.0015  max mem: 28813
Epoch: [11]  [5620/5625]  eta: 0:00:02  lr: 0.000008  train_loss: 0.1516 (0.1838)  train_iou: 0.6805 (0.6602)  time: 0.4927  data: 0.0019  max mem: 28813
Epoch: [11]  [5624/5625]  eta: 0:00:00  lr: 0.000008  train_loss: 0.1568 (0.1838)  train_iou: 0.6868 (0.6603)  time: 0.4848  data: 0.0011  max mem: 28813
Epoch: [11] Total time: 0:49:07 (0.5240 s / it)
Averaged stats: lr: 0.000008  train_loss: 0.1568 (0.1838)  train_iou: 0.6868 (0.6603)
huggingface/tokenizers: The current process just got forked, after parallelism has already been used. Disabling parallelism to avoid deadlocks...
To disable this warning, you can either:
	- Avoid using `tokenizers` before the fork if possible
	- Explicitly set the environment variable TOKENIZERS_PARALLELISM=(true | false)
huggingface/tokenizers: The current process just got forked, after parallelism has already been used. Disabling parallelism to avoid deadlocks...
To disable this warning, you can either:
	- Avoid using `tokenizers` before the fork if possible
	- Explicitly set the environment variable TOKENIZERS_PARALLELISM=(true | false)
huggingface/tokenizers: The current process just got forked, after parallelism has already been used. Disabling parallelism to avoid deadlocks...
To disable this warning, you can either:
	- Avoid using `tokenizers` before the fork if possible
	- Explicitly set the environment variable TOKENIZERS_PARALLELISM=(true | false)
huggingface/tokenizers: The current process just got forked, after parallelism has already been used. Disabling parallelism to avoid deadlocks...
To disable this warning, you can either:
	- Avoid using `tokenizers` before the fork if possible
	- Explicitly set the environment variable TOKENIZERS_PARALLELISM=(true | false)
huggingface/tokenizers: The current process just got forked, after parallelism has already been used. Disabling parallelism to avoid deadlocks...
To disable this warning, you can either:
	- Avoid using `tokenizers` before the fork if possible
	- Explicitly set the environment variable TOKENIZERS_PARALLELISM=(true | false)
huggingface/tokenizers: The current process just got forked, after parallelism has already been used. Disabling parallelism to avoid deadlocks...
To disable this warning, you can either:
	- Avoid using `tokenizers` before the fork if possible
	- Explicitly set the environment variable TOKENIZERS_PARALLELISM=(true | false)
huggingface/tokenizers: The current process just got forked, after parallelism has already been used. Disabling parallelism to avoid deadlocks...
To disable this warning, you can either:
	- Avoid using `tokenizers` before the fork if possible
	- Explicitly set the environment variable TOKENIZERS_PARALLELISM=(true | false)
huggingface/tokenizers: The current process just got forked, after parallelism has already been used. Disabling parallelism to avoid deadlocks...
To disable this warning, you can either:
	- Avoid using `tokenizers` before the fork if possible
	- Explicitly set the environment variable TOKENIZERS_PARALLELISM=(true | false)
Test:  [   0/4000]  eta: 2:05:49  inter: 33230.0000 (33230.0000)  union: 35182.0000 (35182.0000)  iou: 0.9445 (0.9445)  time: 1.8873  data: 1.6277  max mem: 28813
Test:  [  50/4000]  eta: 0:11:02  inter: 18102.0000 (22337.0312)  union: 47756.0000 (41579.7344)  iou: 0.5017 (0.5322)  time: 0.1372  data: 0.0005  max mem: 28813
Test:  [ 100/4000]  eta: 0:10:01  inter: 21704.0000 (24524.7941)  union: 46762.0000 (41345.6324)  iou: 0.6031 (0.5754)  time: 0.1361  data: 0.0005  max mem: 28813
Test:  [ 150/4000]  eta: 0:09:41  inter: 18226.0000 (23903.5646)  union: 29688.0000 (38973.2249)  iou: 0.8357 (0.6003)  time: 0.1499  data: 0.0006  max mem: 28813
Test:  [ 200/4000]  eta: 0:09:17  inter: 33313.0000 (24094.9194)  union: 36761.0000 (38749.3040)  iou: 0.8621 (0.6020)  time: 0.1321  data: 0.0005  max mem: 28813
Test:  [ 250/4000]  eta: 0:08:54  inter: 14703.0000 (25248.1235)  union: 33069.0000 (40494.3645)  iou: 0.4282 (0.5888)  time: 0.1222  data: 0.0005  max mem: 28813
Test:  [ 300/4000]  eta: 0:08:46  inter: 17758.0000 (24796.4541)  union: 24298.0000 (40241.5310)  iou: 0.5412 (0.5823)  time: 0.1432  data: 0.0005  max mem: 28813
Test:  [ 350/4000]  eta: 0:08:44  inter: 9603.0000 (23842.5475)  union: 30904.0000 (40012.6942)  iou: 0.5482 (0.5701)  time: 0.1549  data: 0.0005  max mem: 28813
Test:  [ 400/4000]  eta: 0:08:38  inter: 30906.0000 (23622.4554)  union: 35484.0000 (39617.4536)  iou: 0.6403 (0.5724)  time: 0.1298  data: 0.0005  max mem: 28813
Test:  [ 450/4000]  eta: 0:08:29  inter: 13372.0000 (23519.6810)  union: 28945.0000 (39425.0619)  iou: 0.6099 (0.5739)  time: 0.1601  data: 0.0005  max mem: 28813
Test:  [ 500/4000]  eta: 0:08:20  inter: 14660.0000 (23828.5501)  union: 27542.0000 (40297.4226)  iou: 0.4401 (0.5714)  time: 0.1275  data: 0.0005  max mem: 28813
Test:  [ 550/4000]  eta: 0:08:16  inter: 20615.0000 (23846.0835)  union: 27936.0000 (40097.1799)  iou: 0.8383 (0.5773)  time: 0.1525  data: 0.0005  max mem: 28813
Test:  [ 600/4000]  eta: 0:08:07  inter: 9570.0000 (23599.4994)  union: 30143.0000 (39938.8438)  iou: 0.7877 (0.5740)  time: 0.1416  data: 0.0005  max mem: 28813
Test:  [ 650/4000]  eta: 0:07:55  inter: 22144.0000 (24061.1260)  union: 41568.0000 (40353.5050)  iou: 0.6033 (0.5728)  time: 0.1264  data: 0.0005  max mem: 28813
Test:  [ 700/4000]  eta: 0:07:47  inter: 13811.0000 (23625.9795)  union: 23363.0000 (39969.4733)  iou: 0.4131 (0.5673)  time: 0.1324  data: 0.0005  max mem: 28813
Test:  [ 750/4000]  eta: 0:07:41  inter: 22327.0000 (23700.6451)  union: 29835.0000 (39929.6337)  iou: 0.7537 (0.5684)  time: 0.1583  data: 0.0006  max mem: 28813
Test:  [ 800/4000]  eta: 0:07:34  inter: 12586.0000 (23540.3027)  union: 44513.0000 (39560.4000)  iou: 0.5951 (0.5688)  time: 0.1488  data: 0.0005  max mem: 28813
Test:  [ 850/4000]  eta: 0:07:27  inter: 20777.0000 (23643.5983)  union: 33310.0000 (39542.8176)  iou: 0.4967 (0.5698)  time: 0.1269  data: 0.0005  max mem: 28813
Test:  [ 900/4000]  eta: 0:07:20  inter: 5707.0000 (23642.7486)  union: 27506.0000 (39685.9842)  iou: 0.4481 (0.5652)  time: 0.1253  data: 0.0005  max mem: 28813
Test:  [ 950/4000]  eta: 0:07:12  inter: 24718.0000 (23893.5791)  union: 30035.0000 (39747.3953)  iou: 0.7944 (0.5667)  time: 0.1411  data: 0.0005  max mem: 28813
Test:  [1000/4000]  eta: 0:07:04  inter: 19948.0000 (24160.9216)  union: 37813.0000 (39877.1582)  iou: 0.7271 (0.5681)  time: 0.1275  data: 0.0005  max mem: 28813
Test:  [1050/4000]  eta: 0:06:56  inter: 20837.0000 (24209.3612)  union: 37667.0000 (39907.2014)  iou: 0.5441 (0.5682)  time: 0.1449  data: 0.0006  max mem: 28813
Test:  [1100/4000]  eta: 0:06:49  inter: 17095.0000 (24059.6940)  union: 27858.0000 (39674.0410)  iou: 0.7180 (0.5684)  time: 0.1378  data: 0.0005  max mem: 28813
Test:  [1150/4000]  eta: 0:06:42  inter: 10013.0000 (24190.8164)  union: 23843.0000 (39551.8412)  iou: 0.4193 (0.5711)  time: 0.1515  data: 0.0005  max mem: 28813
Test:  [1200/4000]  eta: 0:06:35  inter: 10013.0000 (24083.5809)  union: 29213.0000 (39732.2319)  iou: 0.6328 (0.5673)  time: 0.1385  data: 0.0005  max mem: 28813
Test:  [1250/4000]  eta: 0:06:29  inter: 73.0000 (23900.5088)  union: 28882.0000 (39495.2226)  iou: 0.0025 (0.5661)  time: 0.1557  data: 0.0005  max mem: 28813
Test:  [1300/4000]  eta: 0:06:22  inter: 15479.0000 (23691.8498)  union: 35045.0000 (39296.8684)  iou: 0.4879 (0.5667)  time: 0.1438  data: 0.0005  max mem: 28813
Test:  [1350/4000]  eta: 0:06:15  inter: 26092.0000 (23762.8884)  union: 34194.0000 (39301.2089)  iou: 0.7772 (0.5681)  time: 0.1392  data: 0.0005  max mem: 28813
Test:  [1400/4000]  eta: 0:06:08  inter: 9971.0000 (23893.2556)  union: 11802.0000 (39480.2293)  iou: 0.6221 (0.5656)  time: 0.1432  data: 0.0007  max mem: 28813
Test:  [1450/4000]  eta: 0:06:01  inter: 13520.0000 (23840.5364)  union: 46506.0000 (39389.1262)  iou: 0.3945 (0.5649)  time: 0.1342  data: 0.0005  max mem: 28813
Test:  [1500/4000]  eta: 0:05:53  inter: 16701.0000 (23944.7096)  union: 45194.0000 (39504.3770)  iou: 0.4488 (0.5636)  time: 0.1354  data: 0.0005  max mem: 28813
Test:  [1550/4000]  eta: 0:05:47  inter: 11884.0000 (23779.4995)  union: 26885.0000 (39431.5027)  iou: 0.8584 (0.5639)  time: 0.1585  data: 0.0005  max mem: 28813
Test:  [1600/4000]  eta: 0:05:41  inter: 11120.0000 (23674.7761)  union: 25273.0000 (39399.5055)  iou: 0.4339 (0.5611)  time: 0.1593  data: 0.0005  max mem: 28813
Test:  [1650/4000]  eta: 0:05:33  inter: 15085.0000 (23553.2907)  union: 34924.0000 (39391.5888)  iou: 0.4524 (0.5592)  time: 0.1372  data: 0.0005  max mem: 28813
Test:  [1700/4000]  eta: 0:05:25  inter: 16843.0000 (23506.0738)  union: 36019.0000 (39417.9408)  iou: 0.7524 (0.5579)  time: 0.1374  data: 0.0005  max mem: 28813
Test:  [1750/4000]  eta: 0:05:18  inter: 19666.0000 (23446.4271)  union: 32616.0000 (39352.7139)  iou: 0.7784 (0.5576)  time: 0.1567  data: 0.0005  max mem: 28813
Test:  [1800/4000]  eta: 0:05:12  inter: 15303.0000 (23349.6086)  union: 45254.0000 (39261.9117)  iou: 0.4530 (0.5567)  time: 0.1564  data: 0.0005  max mem: 28813
Test:  [1850/4000]  eta: 0:05:04  inter: 24.0000 (23301.3157)  union: 33776.0000 (39327.3100)  iou: 0.0004 (0.5543)  time: 0.1412  data: 0.0005  max mem: 28813
Test:  [1900/4000]  eta: 0:04:57  inter: 31635.0000 (23253.8617)  union: 55397.0000 (39245.3709)  iou: 0.5561 (0.5547)  time: 0.1426  data: 0.0005  max mem: 28813
Test:  [1950/4000]  eta: 0:04:50  inter: 11852.0000 (23176.8519)  union: 16604.0000 (39233.7834)  iou: 0.7138 (0.5545)  time: 0.1398  data: 0.0007  max mem: 28813
Test:  [2000/4000]  eta: 0:04:43  inter: 12363.0000 (23178.7429)  union: 22431.0000 (39188.7943)  iou: 0.5962 (0.5548)  time: 0.1260  data: 0.0005  max mem: 28813
Test:  [2050/4000]  eta: 0:04:36  inter: 6582.0000 (23054.6482)  union: 56146.0000 (39259.8908)  iou: 0.1940 (0.5527)  time: 0.1708  data: 0.0005  max mem: 28813
Test:  [2100/4000]  eta: 0:04:28  inter: 15418.0000 (22974.9063)  union: 32081.0000 (39224.6568)  iou: 0.7686 (0.5523)  time: 0.1270  data: 0.0005  max mem: 28813
Test:  [2150/4000]  eta: 0:04:21  inter: 17328.0000 (22961.4117)  union: 30216.0000 (39264.4797)  iou: 0.7449 (0.5515)  time: 0.1328  data: 0.0005  max mem: 28813
Test:  [2200/4000]  eta: 0:04:14  inter: 13813.0000 (22917.1580)  union: 21147.0000 (39187.1622)  iou: 0.5819 (0.5515)  time: 0.1443  data: 0.0005  max mem: 28813
Test:  [2250/4000]  eta: 0:04:07  inter: 14374.0000 (22819.6882)  union: 37641.0000 (39040.4106)  iou: 0.5530 (0.5505)  time: 0.1308  data: 0.0005  max mem: 28813
Test:  [2300/4000]  eta: 0:04:00  inter: 19026.0000 (22897.5307)  union: 36933.0000 (39026.0737)  iou: 0.6177 (0.5526)  time: 0.1412  data: 0.0005  max mem: 28813
Test:  [2350/4000]  eta: 0:03:53  inter: 15627.0000 (22797.8103)  union: 37693.0000 (38992.5796)  iou: 0.7604 (0.5523)  time: 0.1541  data: 0.0005  max mem: 28813
Test:  [2400/4000]  eta: 0:03:46  inter: 10312.0000 (22865.9926)  union: 33587.0000 (38992.9417)  iou: 0.4448 (0.5532)  time: 0.1539  data: 0.0005  max mem: 28813
Test:  [2450/4000]  eta: 0:03:39  inter: 28557.0000 (22948.6456)  union: 31862.0000 (39045.9835)  iou: 0.8410 (0.5547)  time: 0.1195  data: 0.0005  max mem: 28813
Test:  [2500/4000]  eta: 0:03:31  inter: 25018.0000 (22904.6719)  union: 38267.0000 (39065.4111)  iou: 0.7566 (0.5544)  time: 0.1217  data: 0.0005  max mem: 28813
Test:  [2550/4000]  eta: 0:03:24  inter: 28511.0000 (23019.2085)  union: 33205.0000 (39191.8848)  iou: 0.7934 (0.5549)  time: 0.1565  data: 0.0005  max mem: 28813
Test:  [2600/4000]  eta: 0:03:17  inter: 10451.0000 (22917.3915)  union: 32999.0000 (39122.9320)  iou: 0.2684 (0.5533)  time: 0.1469  data: 0.0005  max mem: 28813
Test:  [2650/4000]  eta: 0:03:10  inter: 16784.0000 (22901.5846)  union: 34505.0000 (39321.2645)  iou: 0.8403 (0.5528)  time: 0.1442  data: 0.0005  max mem: 28813
Test:  [2700/4000]  eta: 0:03:03  inter: 22605.0000 (22988.5706)  union: 30628.0000 (39423.2551)  iou: 0.7558 (0.5538)  time: 0.1367  data: 0.0005  max mem: 28813
Test:  [2750/4000]  eta: 0:02:56  inter: 23059.0000 (23070.8487)  union: 29183.0000 (39578.4350)  iou: 0.7564 (0.5533)  time: 0.1336  data: 0.0005  max mem: 28813
Test:  [2800/4000]  eta: 0:02:49  inter: 14795.0000 (23061.4119)  union: 25935.0000 (39474.2525)  iou: 0.7781 (0.5538)  time: 0.1358  data: 0.0005  max mem: 28813
Test:  [2850/4000]  eta: 0:02:42  inter: 12558.0000 (23182.1757)  union: 33110.0000 (39568.5818)  iou: 0.3924 (0.5531)  time: 0.1327  data: 0.0005  max mem: 28813
Test:  [2900/4000]  eta: 0:02:35  inter: 17524.0000 (23197.2864)  union: 26111.0000 (39604.3640)  iou: 0.6446 (0.5523)  time: 0.1280  data: 0.0005  max mem: 28813
Test:  [2950/4000]  eta: 0:02:28  inter: 17706.0000 (23243.3570)  union: 26406.0000 (39611.5466)  iou: 0.4452 (0.5527)  time: 0.1270  data: 0.0005  max mem: 28813
Test:  [3000/4000]  eta: 0:02:21  inter: 9822.0000 (23185.0139)  union: 32482.0000 (39563.9738)  iou: 0.5830 (0.5516)  time: 0.1555  data: 0.0005  max mem: 28813
Test:  [3050/4000]  eta: 0:02:14  inter: 13441.0000 (23159.4693)  union: 29494.0000 (39611.7880)  iou: 0.4686 (0.5517)  time: 0.1362  data: 0.0005  max mem: 28813
Test:  [3100/4000]  eta: 0:02:07  inter: 18084.0000 (23126.5353)  union: 41647.0000 (39579.0121)  iou: 0.4156 (0.5518)  time: 0.1419  data: 0.0005  max mem: 28813
Test:  [3150/4000]  eta: 0:02:00  inter: 12803.0000 (23028.6095)  union: 21503.0000 (39449.8090)  iou: 0.4662 (0.5517)  time: 0.1451  data: 0.0005  max mem: 28813
Test:  [3200/4000]  eta: 0:01:53  inter: 9367.0000 (23014.5477)  union: 38257.0000 (39488.9197)  iou: 0.6018 (0.5517)  time: 0.1320  data: 0.0005  max mem: 28813
Test:  [3250/4000]  eta: 0:01:46  inter: 15667.0000 (22955.6302)  union: 25008.0000 (39441.4023)  iou: 0.6681 (0.5503)  time: 0.1398  data: 0.0005  max mem: 28813
Test:  [3300/4000]  eta: 0:01:38  inter: 24876.0000 (23022.9807)  union: 44904.0000 (39549.0725)  iou: 0.5946 (0.5493)  time: 0.1597  data: 0.0005  max mem: 28813
Test:  [3350/4000]  eta: 0:01:31  inter: 9712.0000 (23015.2779)  union: 12551.0000 (39556.1169)  iou: 0.7177 (0.5497)  time: 0.1206  data: 0.0005  max mem: 28813
Test:  [3400/4000]  eta: 0:01:24  inter: 24779.0000 (23135.4298)  union: 38011.0000 (39619.2187)  iou: 0.8365 (0.5512)  time: 0.1484  data: 0.0005  max mem: 28813
Test:  [3450/4000]  eta: 0:01:17  inter: 14968.0000 (23140.7467)  union: 30763.0000 (39654.8180)  iou: 0.4386 (0.5510)  time: 0.1309  data: 0.0005  max mem: 28813
Test:  [3500/4000]  eta: 0:01:10  inter: 10444.0000 (23111.1859)  union: 21067.0000 (39582.3615)  iou: 0.3926 (0.5509)  time: 0.1302  data: 0.0005  max mem: 28813
Test:  [3550/4000]  eta: 0:01:03  inter: 15533.0000 (23115.4630)  union: 36934.0000 (39596.5776)  iou: 0.6258 (0.5504)  time: 0.1238  data: 0.0005  max mem: 28813
Test:  [3600/4000]  eta: 0:00:56  inter: 21232.0000 (23052.5187)  union: 37217.0000 (39562.0623)  iou: 0.3839 (0.5491)  time: 0.1298  data: 0.0005  max mem: 28813
Test:  [3650/4000]  eta: 0:00:49  inter: 17103.0000 (23004.6365)  union: 38536.0000 (39556.7467)  iou: 0.3658 (0.5483)  time: 0.1645  data: 0.0005  max mem: 28813
Test:  [3700/4000]  eta: 0:00:42  inter: 20594.0000 (23124.6434)  union: 36264.0000 (39591.9263)  iou: 0.8067 (0.5494)  time: 0.1361  data: 0.0005  max mem: 28813
Test:  [3750/4000]  eta: 0:00:35  inter: 20647.0000 (23170.5393)  union: 44292.0000 (39645.1804)  iou: 0.4945 (0.5501)  time: 0.1308  data: 0.0005  max mem: 28813
Test:  [3800/4000]  eta: 0:00:28  inter: 20408.0000 (23215.7077)  union: 29282.0000 (39619.9632)  iou: 0.5741 (0.5506)  time: 0.1188  data: 0.0005  max mem: 28813
Test:  [3850/4000]  eta: 0:00:21  inter: 17709.0000 (23186.4864)  union: 33507.0000 (39662.9662)  iou: 0.7717 (0.5503)  time: 0.1361  data: 0.0005  max mem: 28813
Test:  [3900/4000]  eta: 0:00:14  inter: 18803.0000 (23213.2451)  union: 30555.0000 (39745.3626)  iou: 0.5415 (0.5500)  time: 0.1382  data: 0.0005  max mem: 28813
Test:  [3950/4000]  eta: 0:00:07  inter: 18303.0000 (23184.3900)  union: 35461.0000 (39696.5609)  iou: 0.6907 (0.5504)  time: 0.1303  data: 0.0005  max mem: 28813
Test:  [3999/4000]  eta: 0:00:00  inter: 14940.0000 (23153.2971)  union: 30978.0000 (39614.9371)  iou: 0.4562 (0.5515)  time: 0.1137  data: 0.0002  max mem: 28813
Test: Total time: 0:09:25 (0.1413 s / it)
* IoU 0.551 oIoU 0.584
IoU of the network on the 4000 test images: 0.6%
Max IoU: 0.58%
huggingface/tokenizers: The current process just got forked, after parallelism has already been used. Disabling parallelism to avoid deadlocks...
To disable this warning, you can either:
	- Avoid using `tokenizers` before the fork if possible
	- Explicitly set the environment variable TOKENIZERS_PARALLELISM=(true | false)
huggingface/tokenizers: The current process just got forked, after parallelism has already been used. Disabling parallelism to avoid deadlocks...
To disable this warning, you can either:
	- Avoid using `tokenizers` before the fork if possible
	- Explicitly set the environment variable TOKENIZERS_PARALLELISM=(true | false)
huggingface/tokenizers: The current process just got forked, after parallelism has already been used. Disabling parallelism to avoid deadlocks...
To disable this warning, you can either:
	- Avoid using `tokenizers` before the fork if possible
	- Explicitly set the environment variable TOKENIZERS_PARALLELISM=(true | false)
huggingface/tokenizers: The current process just got forked, after parallelism has already been used. Disabling parallelism to avoid deadlocks...
To disable this warning, you can either:
	- Avoid using `tokenizers` before the fork if possible
	- Explicitly set the environment variable TOKENIZERS_PARALLELISM=(true | false)
huggingface/tokenizers: The current process just got forked, after parallelism has already been used. Disabling parallelism to avoid deadlocks...
To disable this warning, you can either:
	- Avoid using `tokenizers` before the fork if possible
	- Explicitly set the environment variable TOKENIZERS_PARALLELISM=(true | false)
huggingface/tokenizers: The current process just got forked, after parallelism has already been used. Disabling parallelism to avoid deadlocks...
To disable this warning, you can either:
	- Avoid using `tokenizers` before the fork if possible
	- Explicitly set the environment variable TOKENIZERS_PARALLELISM=(true | false)
huggingface/tokenizers: The current process just got forked, after parallelism has already been used. Disabling parallelism to avoid deadlocks...
To disable this warning, you can either:
	- Avoid using `tokenizers` before the fork if possible
	- Explicitly set the environment variable TOKENIZERS_PARALLELISM=(true | false)
huggingface/tokenizers: The current process just got forked, after parallelism has already been used. Disabling parallelism to avoid deadlocks...
To disable this warning, you can either:
	- Avoid using `tokenizers` before the fork if possible
	- Explicitly set the environment variable TOKENIZERS_PARALLELISM=(true | false)
Epoch: [12]  [   0/5625]  eta: 8:55:51  lr: 0.000008  train_loss: 0.2027 (0.2027)  train_iou: 0.6897 (0.6897)  time: 5.7159  data: 5.1017  max mem: 28813
Epoch: [12]  [  20/5625]  eta: 1:14:16  lr: 0.000008  train_loss: 0.1228 (0.1686)  train_iou: 0.6741 (0.6944)  time: 0.5490  data: 0.0066  max mem: 28813
Epoch: [12]  [  40/5625]  eta: 1:01:21  lr: 0.000008  train_loss: 0.1107 (0.1564)  train_iou: 0.6705 (0.6797)  time: 0.5167  data: 0.0005  max mem: 28813
Epoch: [12]  [  60/5625]  eta: 0:57:03  lr: 0.000008  train_loss: 0.1019 (0.1495)  train_iou: 0.5708 (0.6678)  time: 0.5250  data: 0.0009  max mem: 28813
Epoch: [12]  [  80/5625]  eta: 0:54:46  lr: 0.000008  train_loss: 0.1179 (0.1537)  train_iou: 0.6800 (0.6717)  time: 0.5242  data: 0.0028  max mem: 28813
Epoch: [12]  [ 100/5625]  eta: 0:53:16  lr: 0.000008  train_loss: 0.1429 (0.1623)  train_iou: 0.6451 (0.6672)  time: 0.5207  data: 0.0027  max mem: 28813
Epoch: [12]  [ 120/5625]  eta: 0:52:15  lr: 0.000008  train_loss: 0.1698 (0.1672)  train_iou: 0.6874 (0.6706)  time: 0.5249  data: 0.0009  max mem: 28813
Epoch: [12]  [ 140/5625]  eta: 0:51:32  lr: 0.000008  train_loss: 0.1338 (0.1720)  train_iou: 0.6749 (0.6680)  time: 0.5280  data: 0.0015  max mem: 28813
Epoch: [12]  [ 160/5625]  eta: 0:50:50  lr: 0.000008  train_loss: 0.1280 (0.1726)  train_iou: 0.6451 (0.6665)  time: 0.5190  data: 0.0014  max mem: 28813
Epoch: [12]  [ 180/5625]  eta: 0:50:17  lr: 0.000008  train_loss: 0.1491 (0.1747)  train_iou: 0.6644 (0.6666)  time: 0.5225  data: 0.0017  max mem: 28813
Epoch: [12]  [ 200/5625]  eta: 0:49:50  lr: 0.000008  train_loss: 0.1857 (0.1761)  train_iou: 0.6716 (0.6654)  time: 0.5246  data: 0.0014  max mem: 28813
Epoch: [12]  [ 220/5625]  eta: 0:49:25  lr: 0.000008  train_loss: 0.1151 (0.1731)  train_iou: 0.6740 (0.6666)  time: 0.5219  data: 0.0028  max mem: 28813
Epoch: [12]  [ 240/5625]  eta: 0:49:01  lr: 0.000008  train_loss: 0.1432 (0.1772)  train_iou: 0.6779 (0.6662)  time: 0.5196  data: 0.0018  max mem: 28813
Epoch: [12]  [ 260/5625]  eta: 0:48:38  lr: 0.000008  train_loss: 0.0845 (0.1744)  train_iou: 0.6824 (0.6694)  time: 0.5177  data: 0.0014  max mem: 28813
Epoch: [12]  [ 280/5625]  eta: 0:48:19  lr: 0.000008  train_loss: 0.1447 (0.1753)  train_iou: 0.6700 (0.6677)  time: 0.5219  data: 0.0010  max mem: 28813
Epoch: [12]  [ 300/5625]  eta: 0:48:00  lr: 0.000008  train_loss: 0.1505 (0.1768)  train_iou: 0.6478 (0.6644)  time: 0.5208  data: 0.0020  max mem: 28813
Epoch: [12]  [ 320/5625]  eta: 0:47:43  lr: 0.000008  train_loss: 0.0833 (0.1764)  train_iou: 0.6456 (0.6644)  time: 0.5212  data: 0.0016  max mem: 28813
Epoch: [12]  [ 340/5625]  eta: 0:47:29  lr: 0.000008  train_loss: 0.1798 (0.1805)  train_iou: 0.6501 (0.6641)  time: 0.5281  data: 0.0017  max mem: 28813
Epoch: [12]  [ 360/5625]  eta: 0:47:15  lr: 0.000008  train_loss: 0.1451 (0.1821)  train_iou: 0.6345 (0.6622)  time: 0.5294  data: 0.0018  max mem: 28813
Epoch: [12]  [ 380/5625]  eta: 0:47:01  lr: 0.000008  train_loss: 0.1005 (0.1793)  train_iou: 0.6925 (0.6639)  time: 0.5274  data: 0.0044  max mem: 28813
Epoch: [12]  [ 400/5625]  eta: 0:46:49  lr: 0.000008  train_loss: 0.1161 (0.1794)  train_iou: 0.5877 (0.6613)  time: 0.5308  data: 0.0013  max mem: 28813
Epoch: [12]  [ 420/5625]  eta: 0:46:35  lr: 0.000008  train_loss: 0.0981 (0.1783)  train_iou: 0.6577 (0.6631)  time: 0.5277  data: 0.0051  max mem: 28813
Epoch: [12]  [ 440/5625]  eta: 0:46:22  lr: 0.000008  train_loss: 0.1166 (0.1774)  train_iou: 0.6559 (0.6625)  time: 0.5240  data: 0.0011  max mem: 28813
Epoch: [12]  [ 460/5625]  eta: 0:46:08  lr: 0.000008  train_loss: 0.1212 (0.1771)  train_iou: 0.6518 (0.6613)  time: 0.5245  data: 0.0023  max mem: 28813
Epoch: [12]  [ 480/5625]  eta: 0:45:55  lr: 0.000008  train_loss: 0.1546 (0.1779)  train_iou: 0.6166 (0.6609)  time: 0.5238  data: 0.0020  max mem: 28813
Epoch: [12]  [ 500/5625]  eta: 0:45:41  lr: 0.000008  train_loss: 0.1364 (0.1774)  train_iou: 0.6819 (0.6612)  time: 0.5191  data: 0.0011  max mem: 28813
Epoch: [12]  [ 520/5625]  eta: 0:45:28  lr: 0.000008  train_loss: 0.1454 (0.1780)  train_iou: 0.6365 (0.6607)  time: 0.5232  data: 0.0011  max mem: 28813
Epoch: [12]  [ 540/5625]  eta: 0:45:15  lr: 0.000008  train_loss: 0.1233 (0.1785)  train_iou: 0.6174 (0.6593)  time: 0.5251  data: 0.0035  max mem: 28813
Epoch: [12]  [ 560/5625]  eta: 0:45:03  lr: 0.000008  train_loss: 0.1243 (0.1778)  train_iou: 0.6829 (0.6605)  time: 0.5258  data: 0.0023  max mem: 28813
Epoch: [12]  [ 580/5625]  eta: 0:44:52  lr: 0.000008  train_loss: 0.2378 (0.1802)  train_iou: 0.5969 (0.6590)  time: 0.5320  data: 0.0028  max mem: 28813
Epoch: [12]  [ 600/5625]  eta: 0:44:40  lr: 0.000008  train_loss: 0.1516 (0.1805)  train_iou: 0.6574 (0.6584)  time: 0.5224  data: 0.0006  max mem: 28813
Epoch: [12]  [ 620/5625]  eta: 0:44:28  lr: 0.000008  train_loss: 0.1127 (0.1797)  train_iou: 0.6459 (0.6581)  time: 0.5269  data: 0.0013  max mem: 28813
Epoch: [12]  [ 640/5625]  eta: 0:44:17  lr: 0.000008  train_loss: 0.1151 (0.1793)  train_iou: 0.5652 (0.6562)  time: 0.5346  data: 0.0028  max mem: 28813
Epoch: [12]  [ 660/5625]  eta: 0:44:05  lr: 0.000008  train_loss: 0.1977 (0.1814)  train_iou: 0.6193 (0.6553)  time: 0.5205  data: 0.0012  max mem: 28813
Epoch: [12]  [ 680/5625]  eta: 0:43:53  lr: 0.000008  train_loss: 0.1996 (0.1821)  train_iou: 0.6797 (0.6552)  time: 0.5235  data: 0.0032  max mem: 28813
Epoch: [12]  [ 700/5625]  eta: 0:43:41  lr: 0.000008  train_loss: 0.1978 (0.1830)  train_iou: 0.6573 (0.6547)  time: 0.5272  data: 0.0007  max mem: 28813
Epoch: [12]  [ 720/5625]  eta: 0:43:30  lr: 0.000008  train_loss: 0.1117 (0.1814)  train_iou: 0.6705 (0.6557)  time: 0.5285  data: 0.0012  max mem: 28813
Epoch: [12]  [ 740/5625]  eta: 0:43:20  lr: 0.000008  train_loss: 0.1552 (0.1818)  train_iou: 0.6382 (0.6553)  time: 0.5317  data: 0.0039  max mem: 28813
Epoch: [12]  [ 760/5625]  eta: 0:43:08  lr: 0.000008  train_loss: 0.1109 (0.1810)  train_iou: 0.6682 (0.6560)  time: 0.5275  data: 0.0026  max mem: 28813
Epoch: [12]  [ 780/5625]  eta: 0:42:58  lr: 0.000008  train_loss: 0.1129 (0.1808)  train_iou: 0.7133 (0.6566)  time: 0.5316  data: 0.0036  max mem: 28813
Epoch: [12]  [ 800/5625]  eta: 0:42:47  lr: 0.000008  train_loss: 0.1691 (0.1814)  train_iou: 0.6616 (0.6564)  time: 0.5292  data: 0.0022  max mem: 28813
Epoch: [12]  [ 820/5625]  eta: 0:42:35  lr: 0.000008  train_loss: 0.1680 (0.1815)  train_iou: 0.6712 (0.6563)  time: 0.5276  data: 0.0037  max mem: 28813
Epoch: [12]  [ 840/5625]  eta: 0:42:24  lr: 0.000008  train_loss: 0.1152 (0.1818)  train_iou: 0.6616 (0.6562)  time: 0.5222  data: 0.0013  max mem: 28813
Epoch: [12]  [ 860/5625]  eta: 0:42:12  lr: 0.000008  train_loss: 0.1057 (0.1811)  train_iou: 0.6293 (0.6564)  time: 0.5240  data: 0.0022  max mem: 28813
Epoch: [12]  [ 880/5625]  eta: 0:42:01  lr: 0.000008  train_loss: 0.1109 (0.1810)  train_iou: 0.6853 (0.6570)  time: 0.5228  data: 0.0025  max mem: 28813
Epoch: [12]  [ 900/5625]  eta: 0:41:50  lr: 0.000008  train_loss: 0.1491 (0.1811)  train_iou: 0.7293 (0.6577)  time: 0.5287  data: 0.0011  max mem: 28813
Epoch: [12]  [ 920/5625]  eta: 0:41:39  lr: 0.000008  train_loss: 0.1500 (0.1823)  train_iou: 0.5713 (0.6569)  time: 0.5257  data: 0.0038  max mem: 28813
Epoch: [12]  [ 940/5625]  eta: 0:41:28  lr: 0.000008  train_loss: 0.1343 (0.1824)  train_iou: 0.6603 (0.6572)  time: 0.5293  data: 0.0033  max mem: 28813
Epoch: [12]  [ 960/5625]  eta: 0:41:17  lr: 0.000008  train_loss: 0.1045 (0.1817)  train_iou: 0.7203 (0.6584)  time: 0.5261  data: 0.0026  max mem: 28813
Epoch: [12]  [ 980/5625]  eta: 0:41:06  lr: 0.000008  train_loss: 0.1873 (0.1823)  train_iou: 0.6208 (0.6580)  time: 0.5306  data: 0.0015  max mem: 28813
Epoch: [12]  [1000/5625]  eta: 0:40:55  lr: 0.000008  train_loss: 0.1010 (0.1818)  train_iou: 0.6423 (0.6576)  time: 0.5320  data: 0.0020  max mem: 28813
Epoch: [12]  [1020/5625]  eta: 0:40:45  lr: 0.000008  train_loss: 0.1234 (0.1813)  train_iou: 0.6575 (0.6577)  time: 0.5367  data: 0.0060  max mem: 28813
Epoch: [12]  [1040/5625]  eta: 0:40:34  lr: 0.000008  train_loss: 0.1244 (0.1814)  train_iou: 0.7371 (0.6585)  time: 0.5214  data: 0.0039  max mem: 28813
Epoch: [12]  [1060/5625]  eta: 0:40:23  lr: 0.000008  train_loss: 0.1149 (0.1809)  train_iou: 0.6432 (0.6577)  time: 0.5236  data: 0.0008  max mem: 28813
Epoch: [12]  [1080/5625]  eta: 0:40:12  lr: 0.000008  train_loss: 0.1264 (0.1805)  train_iou: 0.5926 (0.6569)  time: 0.5272  data: 0.0012  max mem: 28813
Epoch: [12]  [1100/5625]  eta: 0:40:01  lr: 0.000008  train_loss: 0.1600 (0.1805)  train_iou: 0.7568 (0.6580)  time: 0.5248  data: 0.0008  max mem: 28813
Epoch: [12]  [1120/5625]  eta: 0:39:50  lr: 0.000008  train_loss: 0.1372 (0.1804)  train_iou: 0.7689 (0.6592)  time: 0.5283  data: 0.0020  max mem: 28813
Epoch: [12]  [1140/5625]  eta: 0:39:38  lr: 0.000008  train_loss: 0.1069 (0.1804)  train_iou: 0.6532 (0.6590)  time: 0.5205  data: 0.0025  max mem: 28813
Epoch: [12]  [1160/5625]  eta: 0:39:27  lr: 0.000008  train_loss: 0.1268 (0.1803)  train_iou: 0.6710 (0.6594)  time: 0.5254  data: 0.0016  max mem: 28813
Epoch: [12]  [1180/5625]  eta: 0:39:16  lr: 0.000008  train_loss: 0.1018 (0.1796)  train_iou: 0.6687 (0.6592)  time: 0.5238  data: 0.0031  max mem: 28813
Epoch: [12]  [1200/5625]  eta: 0:39:05  lr: 0.000008  train_loss: 0.1219 (0.1796)  train_iou: 0.6806 (0.6600)  time: 0.5216  data: 0.0009  max mem: 28813
Epoch: [12]  [1220/5625]  eta: 0:38:54  lr: 0.000008  train_loss: 0.1081 (0.1794)  train_iou: 0.7083 (0.6606)  time: 0.5294  data: 0.0037  max mem: 28813
Epoch: [12]  [1240/5625]  eta: 0:38:44  lr: 0.000008  train_loss: 0.1484 (0.1792)  train_iou: 0.6804 (0.6609)  time: 0.5302  data: 0.0009  max mem: 28813
Epoch: [12]  [1260/5625]  eta: 0:38:33  lr: 0.000008  train_loss: 0.1045 (0.1787)  train_iou: 0.6426 (0.6606)  time: 0.5341  data: 0.0048  max mem: 28813
Epoch: [12]  [1280/5625]  eta: 0:38:23  lr: 0.000008  train_loss: 0.1341 (0.1783)  train_iou: 0.6800 (0.6607)  time: 0.5284  data: 0.0015  max mem: 28813
Epoch: [12]  [1300/5625]  eta: 0:38:12  lr: 0.000008  train_loss: 0.1808 (0.1788)  train_iou: 0.6707 (0.6608)  time: 0.5340  data: 0.0045  max mem: 28813
Epoch: [12]  [1320/5625]  eta: 0:38:01  lr: 0.000008  train_loss: 0.1158 (0.1788)  train_iou: 0.6983 (0.6613)  time: 0.5208  data: 0.0026  max mem: 28813
Epoch: [12]  [1340/5625]  eta: 0:37:51  lr: 0.000008  train_loss: 0.1413 (0.1787)  train_iou: 0.6467 (0.6613)  time: 0.5381  data: 0.0039  max mem: 28813
Epoch: [12]  [1360/5625]  eta: 0:37:40  lr: 0.000008  train_loss: 0.0962 (0.1783)  train_iou: 0.5746 (0.6607)  time: 0.5246  data: 0.0019  max mem: 28813
Epoch: [12]  [1380/5625]  eta: 0:37:30  lr: 0.000008  train_loss: 0.1037 (0.1780)  train_iou: 0.7025 (0.6611)  time: 0.5322  data: 0.0024  max mem: 28813
Epoch: [12]  [1400/5625]  eta: 0:37:19  lr: 0.000008  train_loss: 0.1848 (0.1781)  train_iou: 0.6515 (0.6610)  time: 0.5229  data: 0.0011  max mem: 28813
Epoch: [12]  [1420/5625]  eta: 0:37:08  lr: 0.000008  train_loss: 0.1162 (0.1777)  train_iou: 0.6706 (0.6608)  time: 0.5297  data: 0.0016  max mem: 28813
Epoch: [12]  [1440/5625]  eta: 0:36:58  lr: 0.000008  train_loss: 0.1737 (0.1781)  train_iou: 0.6836 (0.6610)  time: 0.5330  data: 0.0023  max mem: 28813
Epoch: [12]  [1460/5625]  eta: 0:36:47  lr: 0.000008  train_loss: 0.1220 (0.1781)  train_iou: 0.6662 (0.6614)  time: 0.5269  data: 0.0032  max mem: 28813
Epoch: [12]  [1480/5625]  eta: 0:36:36  lr: 0.000008  train_loss: 0.1539 (0.1786)  train_iou: 0.6695 (0.6617)  time: 0.5255  data: 0.0009  max mem: 28813
Epoch: [12]  [1500/5625]  eta: 0:36:25  lr: 0.000008  train_loss: 0.0973 (0.1782)  train_iou: 0.6527 (0.6616)  time: 0.5239  data: 0.0013  max mem: 28813
Epoch: [12]  [1520/5625]  eta: 0:36:14  lr: 0.000008  train_loss: 0.1124 (0.1778)  train_iou: 0.6400 (0.6619)  time: 0.5200  data: 0.0030  max mem: 28813
Epoch: [12]  [1540/5625]  eta: 0:36:03  lr: 0.000008  train_loss: 0.1163 (0.1779)  train_iou: 0.6030 (0.6615)  time: 0.5296  data: 0.0023  max mem: 28813
Epoch: [12]  [1560/5625]  eta: 0:35:53  lr: 0.000008  train_loss: 0.0938 (0.1772)  train_iou: 0.6982 (0.6623)  time: 0.5270  data: 0.0049  max mem: 28813
Epoch: [12]  [1580/5625]  eta: 0:35:42  lr: 0.000008  train_loss: 0.0987 (0.1775)  train_iou: 0.6660 (0.6627)  time: 0.5349  data: 0.0030  max mem: 28813
Epoch: [12]  [1600/5625]  eta: 0:35:31  lr: 0.000008  train_loss: 0.1984 (0.1775)  train_iou: 0.6618 (0.6628)  time: 0.5223  data: 0.0021  max mem: 28813
Epoch: [12]  [1620/5625]  eta: 0:35:21  lr: 0.000008  train_loss: 0.1792 (0.1779)  train_iou: 0.6511 (0.6627)  time: 0.5324  data: 0.0010  max mem: 28813
Epoch: [12]  [1640/5625]  eta: 0:35:10  lr: 0.000008  train_loss: 0.1352 (0.1780)  train_iou: 0.5933 (0.6624)  time: 0.5261  data: 0.0008  max mem: 28813
Epoch: [12]  [1660/5625]  eta: 0:35:00  lr: 0.000008  train_loss: 0.1395 (0.1778)  train_iou: 0.6977 (0.6627)  time: 0.5307  data: 0.0023  max mem: 28813
Epoch: [12]  [1680/5625]  eta: 0:34:49  lr: 0.000008  train_loss: 0.1400 (0.1776)  train_iou: 0.7056 (0.6633)  time: 0.5361  data: 0.0033  max mem: 28813
Epoch: [12]  [1700/5625]  eta: 0:34:39  lr: 0.000008  train_loss: 0.1307 (0.1778)  train_iou: 0.6409 (0.6632)  time: 0.5363  data: 0.0017  max mem: 28813
Epoch: [12]  [1720/5625]  eta: 0:34:28  lr: 0.000008  train_loss: 0.1176 (0.1776)  train_iou: 0.6618 (0.6631)  time: 0.5300  data: 0.0018  max mem: 28813
Epoch: [12]  [1740/5625]  eta: 0:34:18  lr: 0.000008  train_loss: 0.1508 (0.1778)  train_iou: 0.6436 (0.6628)  time: 0.5310  data: 0.0025  max mem: 28813
Epoch: [12]  [1760/5625]  eta: 0:34:07  lr: 0.000008  train_loss: 0.1484 (0.1778)  train_iou: 0.6192 (0.6619)  time: 0.5277  data: 0.0031  max mem: 28813
Epoch: [12]  [1780/5625]  eta: 0:33:57  lr: 0.000008  train_loss: 0.1051 (0.1779)  train_iou: 0.6565 (0.6617)  time: 0.5334  data: 0.0023  max mem: 28813
Epoch: [12]  [1800/5625]  eta: 0:33:46  lr: 0.000008  train_loss: 0.1060 (0.1775)  train_iou: 0.6478 (0.6617)  time: 0.5343  data: 0.0048  max mem: 28813
Epoch: [12]  [1820/5625]  eta: 0:33:36  lr: 0.000008  train_loss: 0.2189 (0.1779)  train_iou: 0.6738 (0.6620)  time: 0.5303  data: 0.0022  max mem: 28813
Epoch: [12]  [1840/5625]  eta: 0:33:25  lr: 0.000008  train_loss: 0.1060 (0.1776)  train_iou: 0.6990 (0.6625)  time: 0.5305  data: 0.0041  max mem: 28813
Epoch: [12]  [1860/5625]  eta: 0:33:14  lr: 0.000008  train_loss: 0.1186 (0.1773)  train_iou: 0.6810 (0.6626)  time: 0.5235  data: 0.0019  max mem: 28813
Epoch: [12]  [1880/5625]  eta: 0:33:03  lr: 0.000008  train_loss: 0.1386 (0.1774)  train_iou: 0.6704 (0.6628)  time: 0.5231  data: 0.0013  max mem: 28813
Epoch: [12]  [1900/5625]  eta: 0:32:53  lr: 0.000008  train_loss: 0.1545 (0.1777)  train_iou: 0.6767 (0.6630)  time: 0.5359  data: 0.0011  max mem: 28813
Epoch: [12]  [1920/5625]  eta: 0:32:43  lr: 0.000008  train_loss: 0.1342 (0.1777)  train_iou: 0.6459 (0.6627)  time: 0.5315  data: 0.0046  max mem: 28813
Epoch: [12]  [1940/5625]  eta: 0:32:32  lr: 0.000008  train_loss: 0.1102 (0.1776)  train_iou: 0.6464 (0.6627)  time: 0.5333  data: 0.0023  max mem: 28813
Epoch: [12]  [1960/5625]  eta: 0:32:21  lr: 0.000008  train_loss: 0.1076 (0.1774)  train_iou: 0.7463 (0.6631)  time: 0.5265  data: 0.0030  max mem: 28813
Epoch: [12]  [1980/5625]  eta: 0:32:11  lr: 0.000008  train_loss: 0.1197 (0.1773)  train_iou: 0.6457 (0.6631)  time: 0.5319  data: 0.0021  max mem: 28813
Epoch: [12]  [2000/5625]  eta: 0:32:00  lr: 0.000008  train_loss: 0.1218 (0.1774)  train_iou: 0.6402 (0.6630)  time: 0.5252  data: 0.0061  max mem: 28813
Epoch: [12]  [2020/5625]  eta: 0:31:49  lr: 0.000008  train_loss: 0.1452 (0.1774)  train_iou: 0.6378 (0.6628)  time: 0.5305  data: 0.0031  max mem: 28813
Epoch: [12]  [2040/5625]  eta: 0:31:39  lr: 0.000008  train_loss: 0.1150 (0.1771)  train_iou: 0.6062 (0.6626)  time: 0.5227  data: 0.0010  max mem: 28813
Epoch: [12]  [2060/5625]  eta: 0:31:28  lr: 0.000008  train_loss: 0.1167 (0.1773)  train_iou: 0.6676 (0.6627)  time: 0.5368  data: 0.0026  max mem: 28813
Epoch: [12]  [2080/5625]  eta: 0:31:18  lr: 0.000008  train_loss: 0.1180 (0.1772)  train_iou: 0.6711 (0.6628)  time: 0.5283  data: 0.0030  max mem: 28813
Epoch: [12]  [2100/5625]  eta: 0:31:07  lr: 0.000008  train_loss: 0.1159 (0.1771)  train_iou: 0.7065 (0.6630)  time: 0.5247  data: 0.0020  max mem: 28813
Epoch: [12]  [2120/5625]  eta: 0:30:56  lr: 0.000008  train_loss: 0.1240 (0.1770)  train_iou: 0.6541 (0.6629)  time: 0.5326  data: 0.0024  max mem: 28813
Epoch: [12]  [2140/5625]  eta: 0:30:46  lr: 0.000008  train_loss: 0.1235 (0.1772)  train_iou: 0.7014 (0.6630)  time: 0.5259  data: 0.0040  max mem: 28813
Epoch: [12]  [2160/5625]  eta: 0:30:35  lr: 0.000008  train_loss: 0.1279 (0.1773)  train_iou: 0.5948 (0.6627)  time: 0.5279  data: 0.0019  max mem: 28813
Epoch: [12]  [2180/5625]  eta: 0:30:25  lr: 0.000008  train_loss: 0.1110 (0.1773)  train_iou: 0.6642 (0.6628)  time: 0.5339  data: 0.0028  max mem: 28813
Epoch: [12]  [2200/5625]  eta: 0:30:14  lr: 0.000008  train_loss: 0.1109 (0.1771)  train_iou: 0.6681 (0.6631)  time: 0.5314  data: 0.0044  max mem: 28813
Epoch: [12]  [2220/5625]  eta: 0:30:03  lr: 0.000008  train_loss: 0.1219 (0.1771)  train_iou: 0.6579 (0.6629)  time: 0.5307  data: 0.0025  max mem: 28813
Epoch: [12]  [2240/5625]  eta: 0:29:53  lr: 0.000008  train_loss: 0.1439 (0.1770)  train_iou: 0.7369 (0.6631)  time: 0.5198  data: 0.0030  max mem: 28813
Epoch: [12]  [2260/5625]  eta: 0:29:42  lr: 0.000008  train_loss: 0.2149 (0.1774)  train_iou: 0.6482 (0.6630)  time: 0.5290  data: 0.0021  max mem: 28813
Epoch: [12]  [2280/5625]  eta: 0:29:31  lr: 0.000008  train_loss: 0.1023 (0.1770)  train_iou: 0.6633 (0.6632)  time: 0.5318  data: 0.0074  max mem: 28813
Epoch: [12]  [2300/5625]  eta: 0:29:21  lr: 0.000008  train_loss: 0.1176 (0.1771)  train_iou: 0.6505 (0.6632)  time: 0.5319  data: 0.0042  max mem: 28813
Epoch: [12]  [2320/5625]  eta: 0:29:10  lr: 0.000008  train_loss: 0.1355 (0.1772)  train_iou: 0.6780 (0.6633)  time: 0.5324  data: 0.0061  max mem: 28813
Epoch: [12]  [2340/5625]  eta: 0:29:00  lr: 0.000008  train_loss: 0.1110 (0.1771)  train_iou: 0.7013 (0.6637)  time: 0.5263  data: 0.0024  max mem: 28813
Epoch: [12]  [2360/5625]  eta: 0:28:49  lr: 0.000008  train_loss: 0.1811 (0.1773)  train_iou: 0.5960 (0.6633)  time: 0.5330  data: 0.0017  max mem: 28813
Epoch: [12]  [2380/5625]  eta: 0:28:38  lr: 0.000008  train_loss: 0.1085 (0.1771)  train_iou: 0.6505 (0.6631)  time: 0.5240  data: 0.0050  max mem: 28813
Epoch: [12]  [2400/5625]  eta: 0:28:28  lr: 0.000008  train_loss: 0.1430 (0.1771)  train_iou: 0.6598 (0.6632)  time: 0.5391  data: 0.0041  max mem: 28813
Epoch: [12]  [2420/5625]  eta: 0:28:18  lr: 0.000008  train_loss: 0.1425 (0.1772)  train_iou: 0.6600 (0.6632)  time: 0.5335  data: 0.0021  max mem: 28813
Epoch: [12]  [2440/5625]  eta: 0:28:07  lr: 0.000008  train_loss: 0.1059 (0.1771)  train_iou: 0.7586 (0.6635)  time: 0.5328  data: 0.0037  max mem: 28813
Epoch: [12]  [2460/5625]  eta: 0:27:56  lr: 0.000008  train_loss: 0.1021 (0.1769)  train_iou: 0.7298 (0.6640)  time: 0.5286  data: 0.0024  max mem: 28813
Epoch: [12]  [2480/5625]  eta: 0:27:46  lr: 0.000008  train_loss: 0.1402 (0.1768)  train_iou: 0.6852 (0.6644)  time: 0.5204  data: 0.0010  max mem: 28813
Epoch: [12]  [2500/5625]  eta: 0:27:35  lr: 0.000008  train_loss: 0.1114 (0.1765)  train_iou: 0.7383 (0.6647)  time: 0.5266  data: 0.0014  max mem: 28813
Epoch: [12]  [2520/5625]  eta: 0:27:24  lr: 0.000008  train_loss: 0.0955 (0.1765)  train_iou: 0.7383 (0.6652)  time: 0.5256  data: 0.0006  max mem: 28813
Epoch: [12]  [2540/5625]  eta: 0:27:13  lr: 0.000008  train_loss: 0.1367 (0.1765)  train_iou: 0.6734 (0.6653)  time: 0.5247  data: 0.0043  max mem: 28813
Epoch: [12]  [2560/5625]  eta: 0:27:03  lr: 0.000008  train_loss: 0.1568 (0.1768)  train_iou: 0.6286 (0.6651)  time: 0.5259  data: 0.0015  max mem: 28813
Epoch: [12]  [2580/5625]  eta: 0:26:52  lr: 0.000008  train_loss: 0.1055 (0.1766)  train_iou: 0.6853 (0.6653)  time: 0.5202  data: 0.0013  max mem: 28813
Epoch: [12]  [2600/5625]  eta: 0:26:41  lr: 0.000008  train_loss: 0.0968 (0.1762)  train_iou: 0.6487 (0.6653)  time: 0.5178  data: 0.0020  max mem: 28813
Epoch: [12]  [2620/5625]  eta: 0:26:30  lr: 0.000008  train_loss: 0.1542 (0.1763)  train_iou: 0.6763 (0.6652)  time: 0.5141  data: 0.0007  max mem: 28813
Epoch: [12]  [2640/5625]  eta: 0:26:20  lr: 0.000008  train_loss: 0.2263 (0.1771)  train_iou: 0.5678 (0.6646)  time: 0.5265  data: 0.0050  max mem: 28813
Epoch: [12]  [2660/5625]  eta: 0:26:09  lr: 0.000008  train_loss: 0.1101 (0.1771)  train_iou: 0.6671 (0.6646)  time: 0.5210  data: 0.0023  max mem: 28813
Epoch: [12]  [2680/5625]  eta: 0:25:58  lr: 0.000008  train_loss: 0.1379 (0.1772)  train_iou: 0.6448 (0.6646)  time: 0.5209  data: 0.0025  max mem: 28813
Epoch: [12]  [2700/5625]  eta: 0:25:47  lr: 0.000008  train_loss: 0.2111 (0.1773)  train_iou: 0.6136 (0.6642)  time: 0.5203  data: 0.0031  max mem: 28813
Epoch: [12]  [2720/5625]  eta: 0:25:36  lr: 0.000008  train_loss: 0.1315 (0.1773)  train_iou: 0.7001 (0.6645)  time: 0.5226  data: 0.0057  max mem: 28813
Epoch: [12]  [2740/5625]  eta: 0:25:26  lr: 0.000008  train_loss: 0.1703 (0.1780)  train_iou: 0.6472 (0.6642)  time: 0.5245  data: 0.0007  max mem: 28813
Epoch: [12]  [2760/5625]  eta: 0:25:15  lr: 0.000008  train_loss: 0.2253 (0.1787)  train_iou: 0.5978 (0.6640)  time: 0.5179  data: 0.0016  max mem: 28813
Epoch: [12]  [2780/5625]  eta: 0:25:04  lr: 0.000008  train_loss: 0.1147 (0.1786)  train_iou: 0.6615 (0.6637)  time: 0.5225  data: 0.0018  max mem: 28813
Epoch: [12]  [2800/5625]  eta: 0:24:54  lr: 0.000008  train_loss: 0.1226 (0.1786)  train_iou: 0.6640 (0.6638)  time: 0.5214  data: 0.0014  max mem: 28813
Epoch: [12]  [2820/5625]  eta: 0:24:43  lr: 0.000008  train_loss: 0.0964 (0.1785)  train_iou: 0.6970 (0.6638)  time: 0.5206  data: 0.0035  max mem: 28813
Epoch: [12]  [2840/5625]  eta: 0:24:32  lr: 0.000008  train_loss: 0.1447 (0.1787)  train_iou: 0.6800 (0.6641)  time: 0.5233  data: 0.0009  max mem: 28813
Epoch: [12]  [2860/5625]  eta: 0:24:21  lr: 0.000008  train_loss: 0.1900 (0.1788)  train_iou: 0.6512 (0.6639)  time: 0.5219  data: 0.0067  max mem: 28813
Epoch: [12]  [2880/5625]  eta: 0:24:11  lr: 0.000008  train_loss: 0.1458 (0.1789)  train_iou: 0.6406 (0.6638)  time: 0.5223  data: 0.0024  max mem: 28813
Epoch: [12]  [2900/5625]  eta: 0:24:00  lr: 0.000008  train_loss: 0.1482 (0.1788)  train_iou: 0.6428 (0.6635)  time: 0.5183  data: 0.0039  max mem: 28813
Epoch: [12]  [2920/5625]  eta: 0:23:49  lr: 0.000008  train_loss: 0.1039 (0.1786)  train_iou: 0.6615 (0.6633)  time: 0.5262  data: 0.0031  max mem: 28813
Epoch: [12]  [2940/5625]  eta: 0:23:39  lr: 0.000008  train_loss: 0.1217 (0.1786)  train_iou: 0.6425 (0.6633)  time: 0.5291  data: 0.0046  max mem: 28813
Epoch: [12]  [2960/5625]  eta: 0:23:28  lr: 0.000008  train_loss: 0.1390 (0.1785)  train_iou: 0.6710 (0.6635)  time: 0.5283  data: 0.0011  max mem: 28813
Epoch: [12]  [2980/5625]  eta: 0:23:18  lr: 0.000008  train_loss: 0.1201 (0.1785)  train_iou: 0.6465 (0.6634)  time: 0.5339  data: 0.0025  max mem: 28813
Epoch: [12]  [3000/5625]  eta: 0:23:07  lr: 0.000008  train_loss: 0.1177 (0.1783)  train_iou: 0.6609 (0.6634)  time: 0.5196  data: 0.0011  max mem: 28813
Epoch: [12]  [3020/5625]  eta: 0:22:56  lr: 0.000008  train_loss: 0.1095 (0.1782)  train_iou: 0.7247 (0.6636)  time: 0.5317  data: 0.0036  max mem: 28813
Epoch: [12]  [3040/5625]  eta: 0:22:46  lr: 0.000008  train_loss: 0.1445 (0.1783)  train_iou: 0.6774 (0.6635)  time: 0.5174  data: 0.0005  max mem: 28813
Epoch: [12]  [3060/5625]  eta: 0:22:35  lr: 0.000008  train_loss: 0.1045 (0.1780)  train_iou: 0.6857 (0.6636)  time: 0.5262  data: 0.0012  max mem: 28813
Epoch: [12]  [3080/5625]  eta: 0:22:24  lr: 0.000008  train_loss: 0.1644 (0.1781)  train_iou: 0.6281 (0.6635)  time: 0.5196  data: 0.0024  max mem: 28813
Epoch: [12]  [3100/5625]  eta: 0:22:14  lr: 0.000008  train_loss: 0.0909 (0.1779)  train_iou: 0.6719 (0.6634)  time: 0.5185  data: 0.0011  max mem: 28813
Epoch: [12]  [3120/5625]  eta: 0:22:03  lr: 0.000008  train_loss: 0.2039 (0.1782)  train_iou: 0.5799 (0.6631)  time: 0.5161  data: 0.0005  max mem: 28813
Epoch: [12]  [3140/5625]  eta: 0:21:52  lr: 0.000008  train_loss: 0.1284 (0.1783)  train_iou: 0.6568 (0.6631)  time: 0.5200  data: 0.0011  max mem: 28813
Epoch: [12]  [3160/5625]  eta: 0:21:41  lr: 0.000008  train_loss: 0.1529 (0.1783)  train_iou: 0.6759 (0.6629)  time: 0.5198  data: 0.0028  max mem: 28813
Epoch: [12]  [3180/5625]  eta: 0:21:31  lr: 0.000008  train_loss: 0.2034 (0.1785)  train_iou: 0.6218 (0.6626)  time: 0.5234  data: 0.0015  max mem: 28813
Epoch: [12]  [3200/5625]  eta: 0:21:20  lr: 0.000008  train_loss: 0.2552 (0.1789)  train_iou: 0.6383 (0.6624)  time: 0.5197  data: 0.0025  max mem: 28813
Epoch: [12]  [3220/5625]  eta: 0:21:09  lr: 0.000008  train_loss: 0.1599 (0.1791)  train_iou: 0.5682 (0.6621)  time: 0.5195  data: 0.0009  max mem: 28813
Epoch: [12]  [3240/5625]  eta: 0:20:59  lr: 0.000008  train_loss: 0.1460 (0.1790)  train_iou: 0.6812 (0.6622)  time: 0.5126  data: 0.0017  max mem: 28813
Epoch: [12]  [3260/5625]  eta: 0:20:48  lr: 0.000008  train_loss: 0.1047 (0.1788)  train_iou: 0.6470 (0.6621)  time: 0.5203  data: 0.0024  max mem: 28813
Epoch: [12]  [3280/5625]  eta: 0:20:37  lr: 0.000008  train_loss: 0.1483 (0.1788)  train_iou: 0.6657 (0.6622)  time: 0.5205  data: 0.0017  max mem: 28813
Epoch: [12]  [3300/5625]  eta: 0:20:27  lr: 0.000008  train_loss: 0.1761 (0.1790)  train_iou: 0.6011 (0.6621)  time: 0.5226  data: 0.0021  max mem: 28813
Epoch: [12]  [3320/5625]  eta: 0:20:16  lr: 0.000008  train_loss: 0.1200 (0.1790)  train_iou: 0.6832 (0.6622)  time: 0.5223  data: 0.0022  max mem: 28813
Epoch: [12]  [3340/5625]  eta: 0:20:05  lr: 0.000008  train_loss: 0.1699 (0.1792)  train_iou: 0.6932 (0.6623)  time: 0.5225  data: 0.0020  max mem: 28813
Epoch: [12]  [3360/5625]  eta: 0:19:55  lr: 0.000008  train_loss: 0.1042 (0.1790)  train_iou: 0.7096 (0.6625)  time: 0.5119  data: 0.0017  max mem: 28813
Epoch: [12]  [3380/5625]  eta: 0:19:44  lr: 0.000008  train_loss: 0.1142 (0.1789)  train_iou: 0.6673 (0.6627)  time: 0.5174  data: 0.0027  max mem: 28813
Epoch: [12]  [3400/5625]  eta: 0:19:33  lr: 0.000008  train_loss: 0.0950 (0.1788)  train_iou: 0.6229 (0.6625)  time: 0.5218  data: 0.0028  max mem: 28813
Epoch: [12]  [3420/5625]  eta: 0:19:23  lr: 0.000008  train_loss: 0.1280 (0.1789)  train_iou: 0.7315 (0.6626)  time: 0.5203  data: 0.0007  max mem: 28813
Epoch: [12]  [3440/5625]  eta: 0:19:12  lr: 0.000008  train_loss: 0.1611 (0.1789)  train_iou: 0.7382 (0.6629)  time: 0.5241  data: 0.0015  max mem: 28813
Epoch: [12]  [3460/5625]  eta: 0:19:02  lr: 0.000008  train_loss: 0.1063 (0.1786)  train_iou: 0.6744 (0.6630)  time: 0.5253  data: 0.0026  max mem: 28813
Epoch: [12]  [3480/5625]  eta: 0:18:51  lr: 0.000008  train_loss: 0.0863 (0.1784)  train_iou: 0.6814 (0.6631)  time: 0.5246  data: 0.0012  max mem: 28813
Epoch: [12]  [3500/5625]  eta: 0:18:40  lr: 0.000008  train_loss: 0.1442 (0.1785)  train_iou: 0.6398 (0.6629)  time: 0.5250  data: 0.0046  max mem: 28813
Epoch: [12]  [3520/5625]  eta: 0:18:30  lr: 0.000008  train_loss: 0.1304 (0.1785)  train_iou: 0.6300 (0.6629)  time: 0.5194  data: 0.0009  max mem: 28813
Epoch: [12]  [3540/5625]  eta: 0:18:19  lr: 0.000008  train_loss: 0.1429 (0.1784)  train_iou: 0.6734 (0.6627)  time: 0.5247  data: 0.0029  max mem: 28813
Epoch: [12]  [3560/5625]  eta: 0:18:09  lr: 0.000008  train_loss: 0.1536 (0.1784)  train_iou: 0.6631 (0.6626)  time: 0.5255  data: 0.0036  max mem: 28813
Epoch: [12]  [3580/5625]  eta: 0:17:58  lr: 0.000008  train_loss: 0.1143 (0.1783)  train_iou: 0.6556 (0.6625)  time: 0.5133  data: 0.0007  max mem: 28813
Epoch: [12]  [3600/5625]  eta: 0:17:47  lr: 0.000008  train_loss: 0.1443 (0.1784)  train_iou: 0.6746 (0.6626)  time: 0.5264  data: 0.0034  max mem: 28813
Epoch: [12]  [3620/5625]  eta: 0:17:37  lr: 0.000008  train_loss: 0.1149 (0.1785)  train_iou: 0.5710 (0.6623)  time: 0.5269  data: 0.0027  max mem: 28813
Epoch: [12]  [3640/5625]  eta: 0:17:26  lr: 0.000008  train_loss: 0.1633 (0.1786)  train_iou: 0.6196 (0.6620)  time: 0.5184  data: 0.0012  max mem: 28813
Epoch: [12]  [3660/5625]  eta: 0:17:15  lr: 0.000008  train_loss: 0.1384 (0.1787)  train_iou: 0.6742 (0.6621)  time: 0.5143  data: 0.0021  max mem: 28813
Epoch: [12]  [3680/5625]  eta: 0:17:05  lr: 0.000008  train_loss: 0.1369 (0.1787)  train_iou: 0.6844 (0.6623)  time: 0.5239  data: 0.0032  max mem: 28813
Epoch: [12]  [3700/5625]  eta: 0:16:54  lr: 0.000008  train_loss: 0.0941 (0.1784)  train_iou: 0.7512 (0.6625)  time: 0.5187  data: 0.0024  max mem: 28813
Epoch: [12]  [3720/5625]  eta: 0:16:44  lr: 0.000008  train_loss: 0.1817 (0.1785)  train_iou: 0.6385 (0.6625)  time: 0.5129  data: 0.0016  max mem: 28813
Epoch: [12]  [3740/5625]  eta: 0:16:33  lr: 0.000008  train_loss: 0.1285 (0.1786)  train_iou: 0.6711 (0.6627)  time: 0.5256  data: 0.0026  max mem: 28813
Epoch: [12]  [3760/5625]  eta: 0:16:22  lr: 0.000008  train_loss: 0.1540 (0.1787)  train_iou: 0.6771 (0.6627)  time: 0.5268  data: 0.0041  max mem: 28813
Epoch: [12]  [3780/5625]  eta: 0:16:12  lr: 0.000008  train_loss: 0.1014 (0.1786)  train_iou: 0.6794 (0.6627)  time: 0.5151  data: 0.0034  max mem: 28813
Epoch: [12]  [3800/5625]  eta: 0:16:01  lr: 0.000008  train_loss: 0.1050 (0.1785)  train_iou: 0.6661 (0.6628)  time: 0.5177  data: 0.0021  max mem: 28813
Epoch: [12]  [3820/5625]  eta: 0:15:51  lr: 0.000008  train_loss: 0.1923 (0.1787)  train_iou: 0.6934 (0.6630)  time: 0.5257  data: 0.0015  max mem: 28813
Epoch: [12]  [3840/5625]  eta: 0:15:40  lr: 0.000008  train_loss: 0.1574 (0.1787)  train_iou: 0.6500 (0.6629)  time: 0.5208  data: 0.0012  max mem: 28813
Epoch: [12]  [3860/5625]  eta: 0:15:29  lr: 0.000008  train_loss: 0.1802 (0.1788)  train_iou: 0.6920 (0.6629)  time: 0.5205  data: 0.0018  max mem: 28813
Epoch: [12]  [3880/5625]  eta: 0:15:19  lr: 0.000008  train_loss: 0.1270 (0.1786)  train_iou: 0.6798 (0.6628)  time: 0.5183  data: 0.0006  max mem: 28813
Epoch: [12]  [3900/5625]  eta: 0:15:08  lr: 0.000008  train_loss: 0.1390 (0.1788)  train_iou: 0.6678 (0.6629)  time: 0.5222  data: 0.0018  max mem: 28813
Epoch: [12]  [3920/5625]  eta: 0:14:58  lr: 0.000008  train_loss: 0.1794 (0.1789)  train_iou: 0.6639 (0.6629)  time: 0.5205  data: 0.0024  max mem: 28813
Epoch: [12]  [3940/5625]  eta: 0:14:47  lr: 0.000008  train_loss: 0.1845 (0.1791)  train_iou: 0.6693 (0.6629)  time: 0.5221  data: 0.0026  max mem: 28813
Epoch: [12]  [3960/5625]  eta: 0:14:36  lr: 0.000008  train_loss: 0.1024 (0.1789)  train_iou: 0.6262 (0.6628)  time: 0.5181  data: 0.0009  max mem: 28813
Epoch: [12]  [3980/5625]  eta: 0:14:26  lr: 0.000008  train_loss: 0.1134 (0.1786)  train_iou: 0.6723 (0.6628)  time: 0.5194  data: 0.0015  max mem: 28813
Epoch: [12]  [4000/5625]  eta: 0:14:15  lr: 0.000008  train_loss: 0.1156 (0.1788)  train_iou: 0.6580 (0.6628)  time: 0.5185  data: 0.0028  max mem: 28813
Epoch: [12]  [4020/5625]  eta: 0:14:05  lr: 0.000008  train_loss: 0.1416 (0.1789)  train_iou: 0.6806 (0.6627)  time: 0.5246  data: 0.0027  max mem: 28813
Epoch: [12]  [4040/5625]  eta: 0:13:54  lr: 0.000008  train_loss: 0.1144 (0.1787)  train_iou: 0.5803 (0.6625)  time: 0.5235  data: 0.0037  max mem: 28813
Epoch: [12]  [4060/5625]  eta: 0:13:44  lr: 0.000008  train_loss: 0.1033 (0.1787)  train_iou: 0.6772 (0.6625)  time: 0.5157  data: 0.0010  max mem: 28813
Epoch: [12]  [4080/5625]  eta: 0:13:33  lr: 0.000008  train_loss: 0.1122 (0.1788)  train_iou: 0.6513 (0.6623)  time: 0.5153  data: 0.0008  max mem: 28813
Epoch: [12]  [4100/5625]  eta: 0:13:22  lr: 0.000008  train_loss: 0.2057 (0.1790)  train_iou: 0.5770 (0.6619)  time: 0.5203  data: 0.0010  max mem: 28813
Epoch: [12]  [4120/5625]  eta: 0:13:12  lr: 0.000008  train_loss: 0.1139 (0.1790)  train_iou: 0.7482 (0.6622)  time: 0.5270  data: 0.0038  max mem: 28813
Epoch: [12]  [4140/5625]  eta: 0:13:01  lr: 0.000008  train_loss: 0.1474 (0.1791)  train_iou: 0.6586 (0.6621)  time: 0.5189  data: 0.0025  max mem: 28813
Epoch: [12]  [4160/5625]  eta: 0:12:51  lr: 0.000008  train_loss: 0.1980 (0.1792)  train_iou: 0.6890 (0.6622)  time: 0.5236  data: 0.0019  max mem: 28813
Epoch: [12]  [4180/5625]  eta: 0:12:40  lr: 0.000008  train_loss: 0.1285 (0.1791)  train_iou: 0.6900 (0.6624)  time: 0.5186  data: 0.0009  max mem: 28813
Epoch: [12]  [4200/5625]  eta: 0:12:29  lr: 0.000008  train_loss: 0.1315 (0.1791)  train_iou: 0.6951 (0.6624)  time: 0.5146  data: 0.0011  max mem: 28813
Epoch: [12]  [4220/5625]  eta: 0:12:19  lr: 0.000008  train_loss: 0.1164 (0.1791)  train_iou: 0.6644 (0.6624)  time: 0.5249  data: 0.0021  max mem: 28813
Epoch: [12]  [4240/5625]  eta: 0:12:08  lr: 0.000008  train_loss: 0.1450 (0.1792)  train_iou: 0.6655 (0.6625)  time: 0.5201  data: 0.0035  max mem: 28813
Epoch: [12]  [4260/5625]  eta: 0:11:58  lr: 0.000008  train_loss: 0.1079 (0.1791)  train_iou: 0.6452 (0.6624)  time: 0.5203  data: 0.0007  max mem: 28813
Epoch: [12]  [4280/5625]  eta: 0:11:47  lr: 0.000008  train_loss: 0.1023 (0.1790)  train_iou: 0.5763 (0.6623)  time: 0.5207  data: 0.0040  max mem: 28813
Epoch: [12]  [4300/5625]  eta: 0:11:37  lr: 0.000008  train_loss: 0.1073 (0.1789)  train_iou: 0.6388 (0.6624)  time: 0.5243  data: 0.0028  max mem: 28813
Epoch: [12]  [4320/5625]  eta: 0:11:26  lr: 0.000008  train_loss: 0.1099 (0.1789)  train_iou: 0.6714 (0.6623)  time: 0.5196  data: 0.0037  max mem: 28813
Epoch: [12]  [4340/5625]  eta: 0:11:16  lr: 0.000008  train_loss: 0.0926 (0.1788)  train_iou: 0.6883 (0.6624)  time: 0.5235  data: 0.0007  max mem: 28813
Epoch: [12]  [4360/5625]  eta: 0:11:05  lr: 0.000008  train_loss: 0.0946 (0.1786)  train_iou: 0.6793 (0.6626)  time: 0.5286  data: 0.0020  max mem: 28813
Epoch: [12]  [4380/5625]  eta: 0:10:55  lr: 0.000008  train_loss: 0.1366 (0.1786)  train_iou: 0.6593 (0.6626)  time: 0.5229  data: 0.0028  max mem: 28813
Epoch: [12]  [4400/5625]  eta: 0:10:44  lr: 0.000008  train_loss: 0.1033 (0.1785)  train_iou: 0.6632 (0.6626)  time: 0.5232  data: 0.0023  max mem: 28813
Epoch: [12]  [4420/5625]  eta: 0:10:34  lr: 0.000008  train_loss: 0.1312 (0.1785)  train_iou: 0.6809 (0.6626)  time: 0.5343  data: 0.0028  max mem: 28813
Epoch: [12]  [4440/5625]  eta: 0:10:23  lr: 0.000008  train_loss: 0.1849 (0.1788)  train_iou: 0.6387 (0.6625)  time: 0.5203  data: 0.0013  max mem: 28813
Epoch: [12]  [4460/5625]  eta: 0:10:12  lr: 0.000008  train_loss: 0.1264 (0.1786)  train_iou: 0.6780 (0.6624)  time: 0.5238  data: 0.0029  max mem: 28813
Epoch: [12]  [4480/5625]  eta: 0:10:02  lr: 0.000008  train_loss: 0.0905 (0.1787)  train_iou: 0.6602 (0.6623)  time: 0.5138  data: 0.0016  max mem: 28813
Epoch: [12]  [4500/5625]  eta: 0:09:51  lr: 0.000008  train_loss: 0.1176 (0.1785)  train_iou: 0.6739 (0.6624)  time: 0.5183  data: 0.0019  max mem: 28813
Epoch: [12]  [4520/5625]  eta: 0:09:41  lr: 0.000008  train_loss: 0.1562 (0.1787)  train_iou: 0.6735 (0.6622)  time: 0.5206  data: 0.0027  max mem: 28813
Epoch: [12]  [4540/5625]  eta: 0:09:30  lr: 0.000008  train_loss: 0.1374 (0.1788)  train_iou: 0.6854 (0.6622)  time: 0.5307  data: 0.0027  max mem: 28813
Epoch: [12]  [4560/5625]  eta: 0:09:20  lr: 0.000008  train_loss: 0.2120 (0.1791)  train_iou: 0.6491 (0.6621)  time: 0.5233  data: 0.0023  max mem: 28813
Epoch: [12]  [4580/5625]  eta: 0:09:09  lr: 0.000008  train_loss: 0.1261 (0.1791)  train_iou: 0.6790 (0.6622)  time: 0.5149  data: 0.0011  max mem: 28813
Epoch: [12]  [4600/5625]  eta: 0:08:59  lr: 0.000008  train_loss: 0.1539 (0.1791)  train_iou: 0.5477 (0.6620)  time: 0.5199  data: 0.0037  max mem: 28813
Epoch: [12]  [4620/5625]  eta: 0:08:48  lr: 0.000008  train_loss: 0.1084 (0.1792)  train_iou: 0.6577 (0.6620)  time: 0.5240  data: 0.0027  max mem: 28813
Epoch: [12]  [4640/5625]  eta: 0:08:38  lr: 0.000008  train_loss: 0.0941 (0.1789)  train_iou: 0.6649 (0.6620)  time: 0.5215  data: 0.0012  max mem: 28813
Epoch: [12]  [4660/5625]  eta: 0:08:27  lr: 0.000008  train_loss: 0.1127 (0.1788)  train_iou: 0.6768 (0.6621)  time: 0.5269  data: 0.0018  max mem: 28813
Epoch: [12]  [4680/5625]  eta: 0:08:16  lr: 0.000008  train_loss: 0.1086 (0.1787)  train_iou: 0.6792 (0.6621)  time: 0.5206  data: 0.0041  max mem: 28813
Epoch: [12]  [4700/5625]  eta: 0:08:06  lr: 0.000008  train_loss: 0.1297 (0.1785)  train_iou: 0.6250 (0.6619)  time: 0.5227  data: 0.0024  max mem: 28813
Epoch: [12]  [4720/5625]  eta: 0:07:55  lr: 0.000008  train_loss: 0.1508 (0.1786)  train_iou: 0.6596 (0.6619)  time: 0.5136  data: 0.0019  max mem: 28813
Epoch: [12]  [4740/5625]  eta: 0:07:45  lr: 0.000008  train_loss: 0.1244 (0.1785)  train_iou: 0.6425 (0.6618)  time: 0.5343  data: 0.0042  max mem: 28813
Epoch: [12]  [4760/5625]  eta: 0:07:34  lr: 0.000008  train_loss: 0.0878 (0.1782)  train_iou: 0.6878 (0.6620)  time: 0.5194  data: 0.0020  max mem: 28813
Epoch: [12]  [4780/5625]  eta: 0:07:24  lr: 0.000008  train_loss: 0.1055 (0.1781)  train_iou: 0.6928 (0.6621)  time: 0.5296  data: 0.0038  max mem: 28813
Epoch: [12]  [4800/5625]  eta: 0:07:13  lr: 0.000008  train_loss: 0.1290 (0.1782)  train_iou: 0.6643 (0.6622)  time: 0.5167  data: 0.0031  max mem: 28813
Epoch: [12]  [4820/5625]  eta: 0:07:03  lr: 0.000008  train_loss: 0.1400 (0.1783)  train_iou: 0.7551 (0.6624)  time: 0.5153  data: 0.0004  max mem: 28813
Epoch: [12]  [4840/5625]  eta: 0:06:52  lr: 0.000008  train_loss: 0.1197 (0.1782)  train_iou: 0.6862 (0.6624)  time: 0.5172  data: 0.0027  max mem: 28813
Epoch: [12]  [4860/5625]  eta: 0:06:42  lr: 0.000008  train_loss: 0.1729 (0.1782)  train_iou: 0.6521 (0.6623)  time: 0.5229  data: 0.0027  max mem: 28813
Epoch: [12]  [4880/5625]  eta: 0:06:31  lr: 0.000008  train_loss: 0.0962 (0.1780)  train_iou: 0.6550 (0.6623)  time: 0.5198  data: 0.0026  max mem: 28813
Epoch: [12]  [4900/5625]  eta: 0:06:21  lr: 0.000008  train_loss: 0.1294 (0.1779)  train_iou: 0.5812 (0.6622)  time: 0.5196  data: 0.0011  max mem: 28813
Epoch: [12]  [4920/5625]  eta: 0:06:10  lr: 0.000008  train_loss: 0.1416 (0.1780)  train_iou: 0.6889 (0.6623)  time: 0.5183  data: 0.0018  max mem: 28813
Epoch: [12]  [4940/5625]  eta: 0:06:00  lr: 0.000008  train_loss: 0.1208 (0.1780)  train_iou: 0.6498 (0.6623)  time: 0.5260  data: 0.0007  max mem: 28813
Epoch: [12]  [4960/5625]  eta: 0:05:49  lr: 0.000008  train_loss: 0.1257 (0.1780)  train_iou: 0.6853 (0.6624)  time: 0.5291  data: 0.0043  max mem: 28813
Epoch: [12]  [4980/5625]  eta: 0:05:39  lr: 0.000008  train_loss: 0.1180 (0.1780)  train_iou: 0.6694 (0.6625)  time: 0.5224  data: 0.0009  max mem: 28813
Epoch: [12]  [5000/5625]  eta: 0:05:28  lr: 0.000008  train_loss: 0.1113 (0.1779)  train_iou: 0.7604 (0.6628)  time: 0.5201  data: 0.0027  max mem: 28813
Epoch: [12]  [5020/5625]  eta: 0:05:18  lr: 0.000008  train_loss: 0.1073 (0.1779)  train_iou: 0.6705 (0.6629)  time: 0.5265  data: 0.0028  max mem: 28813
Epoch: [12]  [5040/5625]  eta: 0:05:07  lr: 0.000008  train_loss: 0.1758 (0.1780)  train_iou: 0.5626 (0.6626)  time: 0.5254  data: 0.0006  max mem: 28813
Epoch: [12]  [5060/5625]  eta: 0:04:56  lr: 0.000008  train_loss: 0.1670 (0.1781)  train_iou: 0.6902 (0.6626)  time: 0.5208  data: 0.0009  max mem: 28813
Epoch: [12]  [5080/5625]  eta: 0:04:46  lr: 0.000008  train_loss: 0.1123 (0.1781)  train_iou: 0.6904 (0.6627)  time: 0.5205  data: 0.0004  max mem: 28813
Epoch: [12]  [5100/5625]  eta: 0:04:35  lr: 0.000008  train_loss: 0.1716 (0.1782)  train_iou: 0.6460 (0.6627)  time: 0.5185  data: 0.0021  max mem: 28813
Epoch: [12]  [5120/5625]  eta: 0:04:25  lr: 0.000008  train_loss: 0.1298 (0.1782)  train_iou: 0.6749 (0.6628)  time: 0.5145  data: 0.0005  max mem: 28813
Epoch: [12]  [5140/5625]  eta: 0:04:14  lr: 0.000008  train_loss: 0.1718 (0.1782)  train_iou: 0.7008 (0.6628)  time: 0.5196  data: 0.0026  max mem: 28813
Epoch: [12]  [5160/5625]  eta: 0:04:04  lr: 0.000008  train_loss: 0.1199 (0.1783)  train_iou: 0.6701 (0.6627)  time: 0.5164  data: 0.0026  max mem: 28813
Epoch: [12]  [5180/5625]  eta: 0:03:53  lr: 0.000008  train_loss: 0.1310 (0.1782)  train_iou: 0.6705 (0.6627)  time: 0.5172  data: 0.0014  max mem: 28813
Epoch: [12]  [5200/5625]  eta: 0:03:43  lr: 0.000008  train_loss: 0.1175 (0.1781)  train_iou: 0.6904 (0.6629)  time: 0.5158  data: 0.0007  max mem: 28813
Epoch: [12]  [5220/5625]  eta: 0:03:32  lr: 0.000008  train_loss: 0.1151 (0.1780)  train_iou: 0.6800 (0.6629)  time: 0.5148  data: 0.0019  max mem: 28813
Epoch: [12]  [5240/5625]  eta: 0:03:22  lr: 0.000008  train_loss: 0.0984 (0.1779)  train_iou: 0.6686 (0.6629)  time: 0.5060  data: 0.0004  max mem: 28813
Epoch: [12]  [5260/5625]  eta: 0:03:11  lr: 0.000008  train_loss: 0.0972 (0.1778)  train_iou: 0.6809 (0.6629)  time: 0.5130  data: 0.0007  max mem: 28813
Epoch: [12]  [5280/5625]  eta: 0:03:01  lr: 0.000008  train_loss: 0.0986 (0.1777)  train_iou: 0.6640 (0.6629)  time: 0.5122  data: 0.0008  max mem: 28813
Epoch: [12]  [5300/5625]  eta: 0:02:50  lr: 0.000008  train_loss: 0.1986 (0.1778)  train_iou: 0.6068 (0.6628)  time: 0.5153  data: 0.0007  max mem: 28813
Epoch: [12]  [5320/5625]  eta: 0:02:40  lr: 0.000008  train_loss: 0.0912 (0.1776)  train_iou: 0.6247 (0.6627)  time: 0.5118  data: 0.0008  max mem: 28813
Epoch: [12]  [5340/5625]  eta: 0:02:29  lr: 0.000008  train_loss: 0.1219 (0.1776)  train_iou: 0.6586 (0.6626)  time: 0.5148  data: 0.0008  max mem: 28813
Epoch: [12]  [5360/5625]  eta: 0:02:19  lr: 0.000008  train_loss: 0.0955 (0.1777)  train_iou: 0.6711 (0.6626)  time: 0.5106  data: 0.0009  max mem: 28813
Epoch: [12]  [5380/5625]  eta: 0:02:08  lr: 0.000008  train_loss: 0.1168 (0.1776)  train_iou: 0.6304 (0.6624)  time: 0.5106  data: 0.0004  max mem: 28813
Epoch: [12]  [5400/5625]  eta: 0:01:58  lr: 0.000008  train_loss: 0.1521 (0.1777)  train_iou: 0.6509 (0.6623)  time: 0.5153  data: 0.0027  max mem: 28813
Epoch: [12]  [5420/5625]  eta: 0:01:47  lr: 0.000008  train_loss: 0.1154 (0.1776)  train_iou: 0.6268 (0.6622)  time: 0.5121  data: 0.0004  max mem: 28813
Epoch: [12]  [5440/5625]  eta: 0:01:37  lr: 0.000008  train_loss: 0.1441 (0.1776)  train_iou: 0.6794 (0.6622)  time: 0.5099  data: 0.0006  max mem: 28813
Epoch: [12]  [5460/5625]  eta: 0:01:26  lr: 0.000008  train_loss: 0.1320 (0.1776)  train_iou: 0.7091 (0.6624)  time: 0.5128  data: 0.0004  max mem: 28813
Epoch: [12]  [5480/5625]  eta: 0:01:16  lr: 0.000008  train_loss: 0.1400 (0.1777)  train_iou: 0.6656 (0.6624)  time: 0.5070  data: 0.0004  max mem: 28813
Epoch: [12]  [5500/5625]  eta: 0:01:05  lr: 0.000008  train_loss: 0.1075 (0.1775)  train_iou: 0.6497 (0.6624)  time: 0.5102  data: 0.0016  max mem: 28813
Epoch: [12]  [5520/5625]  eta: 0:00:55  lr: 0.000008  train_loss: 0.1039 (0.1774)  train_iou: 0.6886 (0.6625)  time: 0.5151  data: 0.0006  max mem: 28813
Epoch: [12]  [5540/5625]  eta: 0:00:44  lr: 0.000008  train_loss: 0.1125 (0.1774)  train_iou: 0.6260 (0.6623)  time: 0.5139  data: 0.0023  max mem: 28813
Epoch: [12]  [5560/5625]  eta: 0:00:34  lr: 0.000008  train_loss: 0.1316 (0.1774)  train_iou: 0.6121 (0.6622)  time: 0.5173  data: 0.0004  max mem: 28813
Epoch: [12]  [5580/5625]  eta: 0:00:23  lr: 0.000008  train_loss: 0.1066 (0.1774)  train_iou: 0.6504 (0.6622)  time: 0.5174  data: 0.0020  max mem: 28813
Epoch: [12]  [5600/5625]  eta: 0:00:13  lr: 0.000008  train_loss: 0.1568 (0.1774)  train_iou: 0.6736 (0.6623)  time: 0.5166  data: 0.0020  max mem: 28813
Epoch: [12]  [5620/5625]  eta: 0:00:02  lr: 0.000008  train_loss: 0.1005 (0.1774)  train_iou: 0.6494 (0.6622)  time: 0.4916  data: 0.0005  max mem: 28813
Epoch: [12]  [5624/5625]  eta: 0:00:00  lr: 0.000008  train_loss: 0.1005 (0.1773)  train_iou: 0.6592 (0.6622)  time: 0.4823  data: 0.0005  max mem: 28813
Epoch: [12] Total time: 0:49:11 (0.5247 s / it)
Averaged stats: lr: 0.000008  train_loss: 0.1005 (0.1773)  train_iou: 0.6592 (0.6622)
huggingface/tokenizers: The current process just got forked, after parallelism has already been used. Disabling parallelism to avoid deadlocks...
To disable this warning, you can either:
	- Avoid using `tokenizers` before the fork if possible
	- Explicitly set the environment variable TOKENIZERS_PARALLELISM=(true | false)
huggingface/tokenizers: The current process just got forked, after parallelism has already been used. Disabling parallelism to avoid deadlocks...
To disable this warning, you can either:
	- Avoid using `tokenizers` before the fork if possible
	- Explicitly set the environment variable TOKENIZERS_PARALLELISM=(true | false)
huggingface/tokenizers: The current process just got forked, after parallelism has already been used. Disabling parallelism to avoid deadlocks...
To disable this warning, you can either:
	- Avoid using `tokenizers` before the fork if possible
	- Explicitly set the environment variable TOKENIZERS_PARALLELISM=(true | false)
huggingface/tokenizers: The current process just got forked, after parallelism has already been used. Disabling parallelism to avoid deadlocks...
To disable this warning, you can either:
	- Avoid using `tokenizers` before the fork if possible
	- Explicitly set the environment variable TOKENIZERS_PARALLELISM=(true | false)
huggingface/tokenizers: The current process just got forked, after parallelism has already been used. Disabling parallelism to avoid deadlocks...
To disable this warning, you can either:
	- Avoid using `tokenizers` before the fork if possible
	- Explicitly set the environment variable TOKENIZERS_PARALLELISM=(true | false)
huggingface/tokenizers: The current process just got forked, after parallelism has already been used. Disabling parallelism to avoid deadlocks...
To disable this warning, you can either:
	- Avoid using `tokenizers` before the fork if possible
	- Explicitly set the environment variable TOKENIZERS_PARALLELISM=(true | false)
huggingface/tokenizers: The current process just got forked, after parallelism has already been used. Disabling parallelism to avoid deadlocks...
To disable this warning, you can either:
	- Avoid using `tokenizers` before the fork if possible
	- Explicitly set the environment variable TOKENIZERS_PARALLELISM=(true | false)
huggingface/tokenizers: The current process just got forked, after parallelism has already been used. Disabling parallelism to avoid deadlocks...
To disable this warning, you can either:
	- Avoid using `tokenizers` before the fork if possible
	- Explicitly set the environment variable TOKENIZERS_PARALLELISM=(true | false)
Test:  [   0/4000]  eta: 1:59:39  inter: 33188.0000 (33188.0000)  union: 35159.0000 (35159.0000)  iou: 0.9439 (0.9439)  time: 1.7950  data: 1.6583  max mem: 28813
Test:  [  50/4000]  eta: 0:10:29  inter: 18117.0000 (22836.0781)  union: 47671.0000 (41685.2344)  iou: 0.5040 (0.5381)  time: 0.1319  data: 0.0004  max mem: 28813
Test:  [ 100/4000]  eta: 0:09:37  inter: 23523.0000 (24695.3897)  union: 46076.0000 (41055.5221)  iou: 0.6329 (0.5768)  time: 0.1324  data: 0.0004  max mem: 28813
Test:  [ 150/4000]  eta: 0:09:18  inter: 18478.0000 (23834.6172)  union: 30169.0000 (38774.6746)  iou: 0.8466 (0.5993)  time: 0.1437  data: 0.0004  max mem: 28813
Test:  [ 200/4000]  eta: 0:08:52  inter: 32659.0000 (24335.7912)  union: 36948.0000 (38650.6886)  iou: 0.9072 (0.6079)  time: 0.1230  data: 0.0004  max mem: 28813
Test:  [ 250/4000]  eta: 0:08:30  inter: 15199.0000 (25365.9970)  union: 33146.0000 (40382.2590)  iou: 0.4350 (0.5939)  time: 0.1145  data: 0.0004  max mem: 28813
Test:  [ 300/4000]  eta: 0:08:22  inter: 17920.0000 (24930.5583)  union: 24334.0000 (40197.1538)  iou: 0.7301 (0.5874)  time: 0.1363  data: 0.0004  max mem: 28813
Test:  [ 350/4000]  eta: 0:08:21  inter: 9345.0000 (23878.7479)  union: 31002.0000 (40099.7851)  iou: 0.5368 (0.5724)  time: 0.1500  data: 0.0004  max mem: 28813
Test:  [ 400/4000]  eta: 0:08:16  inter: 30755.0000 (23663.0196)  union: 35759.0000 (39724.3268)  iou: 0.6493 (0.5745)  time: 0.1222  data: 0.0004  max mem: 28813
Test:  [ 450/4000]  eta: 0:08:06  inter: 18849.0000 (23623.6698)  union: 28944.0000 (39522.8238)  iou: 0.6163 (0.5760)  time: 0.1533  data: 0.0004  max mem: 28813
Test:  [ 500/4000]  eta: 0:07:57  inter: 14803.0000 (23923.1375)  union: 27928.0000 (40398.5029)  iou: 0.4775 (0.5724)  time: 0.1208  data: 0.0004  max mem: 28813
Test:  [ 550/4000]  eta: 0:07:53  inter: 21556.0000 (23895.7828)  union: 27763.0000 (40192.9010)  iou: 0.8168 (0.5773)  time: 0.1443  data: 0.0004  max mem: 28813
Test:  [ 600/4000]  eta: 0:07:44  inter: 9885.0000 (23752.4402)  union: 29759.0000 (40033.2308)  iou: 0.7633 (0.5754)  time: 0.1375  data: 0.0004  max mem: 28813
Test:  [ 650/4000]  eta: 0:07:33  inter: 18956.0000 (24191.6785)  union: 41723.0000 (40524.6519)  iou: 0.5404 (0.5739)  time: 0.1207  data: 0.0004  max mem: 28813
Test:  [ 700/4000]  eta: 0:07:26  inter: 13830.0000 (23752.7238)  union: 23697.0000 (40134.7957)  iou: 0.4134 (0.5682)  time: 0.1277  data: 0.0004  max mem: 28813
Test:  [ 750/4000]  eta: 0:07:21  inter: 22522.0000 (23861.9401)  union: 29925.0000 (40077.7364)  iou: 0.7257 (0.5713)  time: 0.1535  data: 0.0004  max mem: 28813
Test:  [ 800/4000]  eta: 0:07:13  inter: 12540.0000 (23656.7384)  union: 44564.0000 (39639.3804)  iou: 0.5873 (0.5718)  time: 0.1429  data: 0.0004  max mem: 28813
Test:  [ 850/4000]  eta: 0:07:08  inter: 21327.0000 (23843.1272)  union: 33420.0000 (39698.1824)  iou: 0.6628 (0.5748)  time: 0.1221  data: 0.0004  max mem: 28813
Test:  [ 900/4000]  eta: 0:07:01  inter: 9626.0000 (23855.0538)  union: 27415.0000 (39849.4474)  iou: 0.4772 (0.5707)  time: 0.1206  data: 0.0004  max mem: 28813
Test:  [ 950/4000]  eta: 0:06:53  inter: 25063.0000 (24066.3706)  union: 30666.0000 (39935.9610)  iou: 0.7749 (0.5716)  time: 0.1343  data: 0.0004  max mem: 28813
Test:  [1000/4000]  eta: 0:06:46  inter: 20056.0000 (24323.6123)  union: 37637.0000 (40077.4989)  iou: 0.7399 (0.5737)  time: 0.1210  data: 0.0004  max mem: 28813
Test:  [1050/4000]  eta: 0:06:39  inter: 21240.0000 (24366.1571)  union: 37046.0000 (40101.2762)  iou: 0.5683 (0.5737)  time: 0.1385  data: 0.0004  max mem: 28813
Test:  [1100/4000]  eta: 0:06:31  inter: 19527.0000 (24237.6367)  union: 27921.0000 (39887.5749)  iou: 0.7618 (0.5737)  time: 0.1331  data: 0.0004  max mem: 28813
Test:  [1150/4000]  eta: 0:06:25  inter: 9988.0000 (24329.7500)  union: 23885.0000 (39751.4770)  iou: 0.4183 (0.5760)  time: 0.1455  data: 0.0004  max mem: 28813
Test:  [1200/4000]  eta: 0:06:18  inter: 9980.0000 (24233.5725)  union: 29445.0000 (39913.4489)  iou: 0.5853 (0.5722)  time: 0.1346  data: 0.0004  max mem: 28813
Test:  [1250/4000]  eta: 0:06:13  inter: 450.0000 (24060.7172)  union: 30248.0000 (39715.4077)  iou: 0.0054 (0.5708)  time: 0.1505  data: 0.0004  max mem: 28813
Test:  [1300/4000]  eta: 0:06:06  inter: 16020.0000 (23859.8116)  union: 35833.0000 (39567.5030)  iou: 0.4422 (0.5717)  time: 0.1376  data: 0.0004  max mem: 28813
Test:  [1350/4000]  eta: 0:05:59  inter: 25636.0000 (23921.6947)  union: 34592.0000 (39579.7753)  iou: 0.7562 (0.5728)  time: 0.1312  data: 0.0004  max mem: 28813
Test:  [1400/4000]  eta: 0:05:53  inter: 10028.0000 (24043.6584)  union: 11924.0000 (39752.5779)  iou: 0.5326 (0.5706)  time: 0.1382  data: 0.0004  max mem: 28813
Test:  [1450/4000]  eta: 0:05:46  inter: 13262.0000 (23990.0626)  union: 46396.0000 (39674.1149)  iou: 0.4398 (0.5699)  time: 0.1280  data: 0.0004  max mem: 28813
Test:  [1500/4000]  eta: 0:05:39  inter: 16874.0000 (24099.4650)  union: 48763.0000 (39828.6079)  iou: 0.4401 (0.5686)  time: 0.1283  data: 0.0004  max mem: 28813
Test:  [1550/4000]  eta: 0:05:32  inter: 11270.0000 (23947.8536)  union: 26558.0000 (39759.8431)  iou: 0.8392 (0.5690)  time: 0.1541  data: 0.0004  max mem: 28813
Test:  [1600/4000]  eta: 0:05:26  inter: 11126.0000 (23832.0498)  union: 25342.0000 (39720.3363)  iou: 0.4412 (0.5661)  time: 0.1538  data: 0.0004  max mem: 28813
Test:  [1650/4000]  eta: 0:05:19  inter: 15627.0000 (23715.2088)  union: 34428.0000 (39707.0283)  iou: 0.4046 (0.5643)  time: 0.1315  data: 0.0004  max mem: 28813
Test:  [1700/4000]  eta: 0:05:11  inter: 16870.0000 (23690.7530)  union: 36309.0000 (39751.5261)  iou: 0.8141 (0.5634)  time: 0.1324  data: 0.0004  max mem: 28813
Test:  [1750/4000]  eta: 0:05:05  inter: 24381.0000 (23635.8079)  union: 32502.0000 (39675.0028)  iou: 0.7712 (0.5634)  time: 0.1497  data: 0.0004  max mem: 28813
Test:  [1800/4000]  eta: 0:04:58  inter: 15410.0000 (23545.6278)  union: 45650.0000 (39586.7314)  iou: 0.4726 (0.5626)  time: 0.1509  data: 0.0004  max mem: 28813
Test:  [1850/4000]  eta: 0:04:51  inter: 54.0000 (23494.3310)  union: 33857.0000 (39644.3184)  iou: 0.0014 (0.5602)  time: 0.1365  data: 0.0004  max mem: 28813
Test:  [1900/4000]  eta: 0:04:44  inter: 31969.0000 (23446.1565)  union: 55811.0000 (39545.3205)  iou: 0.6416 (0.5605)  time: 0.1379  data: 0.0004  max mem: 28813
Test:  [1950/4000]  eta: 0:04:38  inter: 12000.0000 (23377.1912)  union: 16853.0000 (39528.0453)  iou: 0.7173 (0.5604)  time: 0.1341  data: 0.0004  max mem: 28813
Test:  [2000/4000]  eta: 0:04:31  inter: 14534.0000 (23387.5836)  union: 22377.0000 (39476.6792)  iou: 0.5672 (0.5610)  time: 0.1189  data: 0.0004  max mem: 28813
Test:  [2050/4000]  eta: 0:04:24  inter: 6172.0000 (23254.5262)  union: 56156.0000 (39555.5782)  iou: 0.1895 (0.5588)  time: 0.1658  data: 0.0004  max mem: 28813
Test:  [2100/4000]  eta: 0:04:17  inter: 12010.0000 (23174.9053)  union: 32144.0000 (39515.1639)  iou: 0.7741 (0.5582)  time: 0.1204  data: 0.0004  max mem: 28813
Test:  [2150/4000]  eta: 0:04:10  inter: 16032.0000 (23166.8798)  union: 30509.0000 (39555.3780)  iou: 0.7357 (0.5572)  time: 0.1249  data: 0.0004  max mem: 28813
Test:  [2200/4000]  eta: 0:04:03  inter: 13965.0000 (23125.0135)  union: 21791.0000 (39484.3562)  iou: 0.4571 (0.5572)  time: 0.1398  data: 0.0004  max mem: 28813
Test:  [2250/4000]  eta: 0:03:57  inter: 18773.0000 (23023.6520)  union: 38007.0000 (39330.0324)  iou: 0.5426 (0.5561)  time: 0.1227  data: 0.0004  max mem: 28813
Test:  [2300/4000]  eta: 0:03:50  inter: 19095.0000 (23121.5686)  union: 37298.0000 (39323.7572)  iou: 0.6183 (0.5586)  time: 0.1375  data: 0.0004  max mem: 28813
Test:  [2350/4000]  eta: 0:03:43  inter: 15831.0000 (23025.3318)  union: 44992.0000 (39285.8383)  iou: 0.7072 (0.5582)  time: 0.1479  data: 0.0004  max mem: 28813
Test:  [2400/4000]  eta: 0:03:37  inter: 10514.0000 (23092.9134)  union: 31046.0000 (39262.0321)  iou: 0.4452 (0.5591)  time: 0.1482  data: 0.0004  max mem: 28813
Test:  [2450/4000]  eta: 0:03:30  inter: 28968.0000 (23161.0145)  union: 31857.0000 (39328.3247)  iou: 0.8777 (0.5604)  time: 0.1124  data: 0.0004  max mem: 28813
Test:  [2500/4000]  eta: 0:03:22  inter: 25646.0000 (23112.8794)  union: 38376.0000 (39349.3546)  iou: 0.7517 (0.5599)  time: 0.1163  data: 0.0004  max mem: 28813
Test:  [2550/4000]  eta: 0:03:16  inter: 29220.0000 (23210.8068)  union: 33448.0000 (39467.7901)  iou: 0.7806 (0.5602)  time: 0.1522  data: 0.0004  max mem: 28813
Test:  [2600/4000]  eta: 0:03:09  inter: 11767.0000 (23111.1044)  union: 31158.0000 (39405.7279)  iou: 0.2692 (0.5585)  time: 0.1415  data: 0.0004  max mem: 28813
Test:  [2650/4000]  eta: 0:03:02  inter: 16936.0000 (23091.4229)  union: 34375.0000 (39591.3692)  iou: 0.8120 (0.5578)  time: 0.1383  data: 0.0004  max mem: 28813
Test:  [2700/4000]  eta: 0:02:55  inter: 22394.0000 (23185.9211)  union: 30717.0000 (39691.1004)  iou: 0.8401 (0.5589)  time: 0.1294  data: 0.0004  max mem: 28813
Test:  [2750/4000]  eta: 0:02:49  inter: 23049.0000 (23273.4930)  union: 29154.0000 (39836.0369)  iou: 0.7556 (0.5584)  time: 0.1274  data: 0.0004  max mem: 28813
Test:  [2800/4000]  eta: 0:02:42  inter: 14773.0000 (23260.0028)  union: 26511.0000 (39735.2122)  iou: 0.8385 (0.5588)  time: 0.1316  data: 0.0004  max mem: 28813
Test:  [2850/4000]  eta: 0:02:35  inter: 12484.0000 (23373.4526)  union: 33040.0000 (39826.1907)  iou: 0.4187 (0.5582)  time: 0.1281  data: 0.0004  max mem: 28813
Test:  [2900/4000]  eta: 0:02:29  inter: 17626.0000 (23374.7844)  union: 26092.0000 (39862.4185)  iou: 0.6638 (0.5571)  time: 0.1219  data: 0.0004  max mem: 28813
Test:  [2950/4000]  eta: 0:02:22  inter: 19087.0000 (23433.8050)  union: 26676.0000 (39877.5168)  iou: 0.5107 (0.5576)  time: 0.1205  data: 0.0004  max mem: 28813
Test:  [3000/4000]  eta: 0:02:15  inter: 10055.0000 (23379.4777)  union: 30744.0000 (39824.5051)  iou: 0.4189 (0.5566)  time: 0.1503  data: 0.0004  max mem: 28813
Test:  [3050/4000]  eta: 0:02:08  inter: 13377.0000 (23347.2822)  union: 30418.0000 (39881.3556)  iou: 0.4488 (0.5564)  time: 0.1308  data: 0.0004  max mem: 28813
Test:  [3100/4000]  eta: 0:02:01  inter: 20694.0000 (23323.0000)  union: 41541.0000 (39851.0729)  iou: 0.4488 (0.5568)  time: 0.1355  data: 0.0004  max mem: 28813
Test:  [3150/4000]  eta: 0:01:55  inter: 14633.0000 (23229.1474)  union: 21626.0000 (39731.3103)  iou: 0.5605 (0.5566)  time: 0.1374  data: 0.0004  max mem: 28813
Test:  [3200/4000]  eta: 0:01:48  inter: 12157.0000 (23223.4459)  union: 38210.0000 (39765.1684)  iou: 0.6426 (0.5568)  time: 0.1269  data: 0.0004  max mem: 28813
Test:  [3250/4000]  eta: 0:01:41  inter: 16021.0000 (23162.9538)  union: 24660.0000 (39712.4727)  iou: 0.6400 (0.5554)  time: 0.1348  data: 0.0004  max mem: 28813
Test:  [3300/4000]  eta: 0:01:34  inter: 24889.0000 (23224.4482)  union: 43941.0000 (39811.2490)  iou: 0.5530 (0.5545)  time: 0.1544  data: 0.0004  max mem: 28813
Test:  [3350/4000]  eta: 0:01:27  inter: 9655.0000 (23216.7462)  union: 12551.0000 (39816.7267)  iou: 0.7099 (0.5549)  time: 0.1151  data: 0.0004  max mem: 28813
Test:  [3400/4000]  eta: 0:01:21  inter: 23508.0000 (23338.9311)  union: 40408.0000 (39881.0025)  iou: 0.8305 (0.5564)  time: 0.1427  data: 0.0004  max mem: 28813
Test:  [3450/4000]  eta: 0:01:14  inter: 17059.0000 (23351.0056)  union: 31156.0000 (39919.5104)  iou: 0.5154 (0.5563)  time: 0.1246  data: 0.0004  max mem: 28813
Test:  [3500/4000]  eta: 0:01:07  inter: 11829.0000 (23331.8451)  union: 20914.0000 (39846.9065)  iou: 0.4205 (0.5565)  time: 0.1236  data: 0.0004  max mem: 28813
Test:  [3550/4000]  eta: 0:01:00  inter: 17738.0000 (23333.4908)  union: 37227.0000 (39867.3558)  iou: 0.6778 (0.5560)  time: 0.1190  data: 0.0004  max mem: 28813
Test:  [3600/4000]  eta: 0:00:54  inter: 21336.0000 (23270.1724)  union: 35203.0000 (39828.5920)  iou: 0.3871 (0.5547)  time: 0.1247  data: 0.0004  max mem: 28813
Test:  [3650/4000]  eta: 0:00:47  inter: 16525.0000 (23213.1343)  union: 39052.0000 (39821.1935)  iou: 0.4408 (0.5538)  time: 0.1585  data: 0.0004  max mem: 28813
Test:  [3700/4000]  eta: 0:00:40  inter: 20650.0000 (23331.1948)  union: 36276.0000 (39867.9699)  iou: 0.8167 (0.5549)  time: 0.1312  data: 0.0004  max mem: 28813
Test:  [3750/4000]  eta: 0:00:33  inter: 22552.0000 (23379.2048)  union: 44345.0000 (39909.7323)  iou: 0.6089 (0.5558)  time: 0.1291  data: 0.0004  max mem: 28813
Test:  [3800/4000]  eta: 0:00:27  inter: 20380.0000 (23429.0542)  union: 29541.0000 (39885.2189)  iou: 0.5752 (0.5564)  time: 0.1121  data: 0.0004  max mem: 28813
Test:  [3850/4000]  eta: 0:00:20  inter: 18317.0000 (23396.6751)  union: 32814.0000 (39923.5143)  iou: 0.8144 (0.5559)  time: 0.1309  data: 0.0004  max mem: 28813
Test:  [3900/4000]  eta: 0:00:13  inter: 19040.0000 (23436.2304)  union: 28872.0000 (40003.2031)  iou: 0.5345 (0.5557)  time: 0.1318  data: 0.0004  max mem: 28813
Test:  [3950/4000]  eta: 0:00:06  inter: 17715.0000 (23406.3485)  union: 35580.0000 (39955.6547)  iou: 0.6715 (0.5563)  time: 0.1235  data: 0.0004  max mem: 28813
Test:  [3999/4000]  eta: 0:00:00  inter: 13313.0000 (23375.5800)  union: 31030.0000 (39870.8521)  iou: 0.4273 (0.5572)  time: 0.1122  data: 0.0001  max mem: 28813
Test: Total time: 0:09:01 (0.1354 s / it)
* IoU 0.557 oIoU 0.586
IoU of the network on the 4000 test images: 0.6%
Max IoU: 0.58%
huggingface/tokenizers: The current process just got forked, after parallelism has already been used. Disabling parallelism to avoid deadlocks...
To disable this warning, you can either:
	- Avoid using `tokenizers` before the fork if possible
	- Explicitly set the environment variable TOKENIZERS_PARALLELISM=(true | false)
huggingface/tokenizers: The current process just got forked, after parallelism has already been used. Disabling parallelism to avoid deadlocks...
To disable this warning, you can either:
	- Avoid using `tokenizers` before the fork if possible
	- Explicitly set the environment variable TOKENIZERS_PARALLELISM=(true | false)
huggingface/tokenizers: The current process just got forked, after parallelism has already been used. Disabling parallelism to avoid deadlocks...
To disable this warning, you can either:
	- Avoid using `tokenizers` before the fork if possible
	- Explicitly set the environment variable TOKENIZERS_PARALLELISM=(true | false)
huggingface/tokenizers: The current process just got forked, after parallelism has already been used. Disabling parallelism to avoid deadlocks...
To disable this warning, you can either:
	- Avoid using `tokenizers` before the fork if possible
	- Explicitly set the environment variable TOKENIZERS_PARALLELISM=(true | false)
huggingface/tokenizers: The current process just got forked, after parallelism has already been used. Disabling parallelism to avoid deadlocks...
To disable this warning, you can either:
	- Avoid using `tokenizers` before the fork if possible
	- Explicitly set the environment variable TOKENIZERS_PARALLELISM=(true | false)
huggingface/tokenizers: The current process just got forked, after parallelism has already been used. Disabling parallelism to avoid deadlocks...
To disable this warning, you can either:
	- Avoid using `tokenizers` before the fork if possible
	- Explicitly set the environment variable TOKENIZERS_PARALLELISM=(true | false)
huggingface/tokenizers: The current process just got forked, after parallelism has already been used. Disabling parallelism to avoid deadlocks...
To disable this warning, you can either:
	- Avoid using `tokenizers` before the fork if possible
	- Explicitly set the environment variable TOKENIZERS_PARALLELISM=(true | false)
huggingface/tokenizers: The current process just got forked, after parallelism has already been used. Disabling parallelism to avoid deadlocks...
To disable this warning, you can either:
	- Avoid using `tokenizers` before the fork if possible
	- Explicitly set the environment variable TOKENIZERS_PARALLELISM=(true | false)
Epoch: [13]  [   0/5625]  eta: 9:10:53  lr: 0.000008  train_loss: 0.1942 (0.1942)  train_iou: 0.4451 (0.4451)  time: 5.8761  data: 5.2455  max mem: 28813
Epoch: [13]  [  20/5625]  eta: 1:13:17  lr: 0.000008  train_loss: 0.0866 (0.1437)  train_iou: 0.6669 (0.6604)  time: 0.5300  data: 0.0019  max mem: 28813
Epoch: [13]  [  40/5625]  eta: 1:01:02  lr: 0.000008  train_loss: 0.1360 (0.1580)  train_iou: 0.6931 (0.6760)  time: 0.5203  data: 0.0016  max mem: 28813
Epoch: [13]  [  60/5625]  eta: 0:56:54  lr: 0.000008  train_loss: 0.1144 (0.1647)  train_iou: 0.6535 (0.6589)  time: 0.5272  data: 0.0053  max mem: 28813
Epoch: [13]  [  80/5625]  eta: 0:54:44  lr: 0.000008  train_loss: 0.1499 (0.1634)  train_iou: 0.6695 (0.6640)  time: 0.5276  data: 0.0034  max mem: 28813
Epoch: [13]  [ 100/5625]  eta: 0:53:20  lr: 0.000008  train_loss: 0.1037 (0.1568)  train_iou: 0.7302 (0.6763)  time: 0.5260  data: 0.0034  max mem: 28813
Epoch: [13]  [ 120/5625]  eta: 0:52:11  lr: 0.000008  train_loss: 0.1121 (0.1564)  train_iou: 0.5832 (0.6752)  time: 0.5169  data: 0.0015  max mem: 28813
Epoch: [13]  [ 140/5625]  eta: 0:51:13  lr: 0.000008  train_loss: 0.1001 (0.1597)  train_iou: 0.6610 (0.6724)  time: 0.5085  data: 0.0009  max mem: 28813
Epoch: [13]  [ 160/5625]  eta: 0:50:36  lr: 0.000008  train_loss: 0.1101 (0.1622)  train_iou: 0.6534 (0.6715)  time: 0.5223  data: 0.0019  max mem: 28813
Epoch: [13]  [ 180/5625]  eta: 0:50:02  lr: 0.000008  train_loss: 0.1829 (0.1650)  train_iou: 0.6758 (0.6745)  time: 0.5184  data: 0.0005  max mem: 28813
Epoch: [13]  [ 200/5625]  eta: 0:49:37  lr: 0.000008  train_loss: 0.1103 (0.1644)  train_iou: 0.6721 (0.6760)  time: 0.5256  data: 0.0028  max mem: 28813
Epoch: [13]  [ 220/5625]  eta: 0:49:15  lr: 0.000008  train_loss: 0.2253 (0.1685)  train_iou: 0.7291 (0.6790)  time: 0.5255  data: 0.0012  max mem: 28813
Epoch: [13]  [ 240/5625]  eta: 0:48:56  lr: 0.000008  train_loss: 0.1057 (0.1680)  train_iou: 0.6813 (0.6815)  time: 0.5290  data: 0.0045  max mem: 28813
Epoch: [13]  [ 260/5625]  eta: 0:48:38  lr: 0.000008  train_loss: 0.1067 (0.1659)  train_iou: 0.6659 (0.6809)  time: 0.5268  data: 0.0041  max mem: 28813
Epoch: [13]  [ 280/5625]  eta: 0:48:18  lr: 0.000008  train_loss: 0.0892 (0.1633)  train_iou: 0.6913 (0.6844)  time: 0.5204  data: 0.0033  max mem: 28813
Epoch: [13]  [ 300/5625]  eta: 0:48:00  lr: 0.000008  train_loss: 0.1347 (0.1633)  train_iou: 0.6858 (0.6848)  time: 0.5218  data: 0.0016  max mem: 28813
Epoch: [13]  [ 320/5625]  eta: 0:47:42  lr: 0.000008  train_loss: 0.2151 (0.1677)  train_iou: 0.5987 (0.6813)  time: 0.5203  data: 0.0010  max mem: 28813
Epoch: [13]  [ 340/5625]  eta: 0:47:23  lr: 0.000008  train_loss: 0.1041 (0.1648)  train_iou: 0.6644 (0.6828)  time: 0.5129  data: 0.0006  max mem: 28813
Epoch: [13]  [ 360/5625]  eta: 0:47:06  lr: 0.000008  train_loss: 0.1071 (0.1632)  train_iou: 0.7536 (0.6861)  time: 0.5157  data: 0.0017  max mem: 28813
Epoch: [13]  [ 380/5625]  eta: 0:46:51  lr: 0.000008  train_loss: 0.1278 (0.1631)  train_iou: 0.7443 (0.6872)  time: 0.5236  data: 0.0038  max mem: 28813
Epoch: [13]  [ 400/5625]  eta: 0:46:38  lr: 0.000008  train_loss: 0.0882 (0.1615)  train_iou: 0.6882 (0.6880)  time: 0.5258  data: 0.0037  max mem: 28813
Epoch: [13]  [ 420/5625]  eta: 0:46:24  lr: 0.000008  train_loss: 0.0813 (0.1592)  train_iou: 0.6883 (0.6870)  time: 0.5223  data: 0.0007  max mem: 28813
Epoch: [13]  [ 440/5625]  eta: 0:46:10  lr: 0.000008  train_loss: 0.1105 (0.1588)  train_iou: 0.6691 (0.6869)  time: 0.5211  data: 0.0017  max mem: 28813
Epoch: [13]  [ 460/5625]  eta: 0:45:56  lr: 0.000008  train_loss: 0.1064 (0.1590)  train_iou: 0.6721 (0.6867)  time: 0.5190  data: 0.0014  max mem: 28813
Epoch: [13]  [ 480/5625]  eta: 0:45:43  lr: 0.000008  train_loss: 0.1799 (0.1611)  train_iou: 0.6906 (0.6876)  time: 0.5239  data: 0.0025  max mem: 28813
Epoch: [13]  [ 500/5625]  eta: 0:45:32  lr: 0.000008  train_loss: 0.1316 (0.1613)  train_iou: 0.6580 (0.6867)  time: 0.5301  data: 0.0051  max mem: 28813
Epoch: [13]  [ 520/5625]  eta: 0:45:21  lr: 0.000008  train_loss: 0.1460 (0.1615)  train_iou: 0.6834 (0.6870)  time: 0.5301  data: 0.0034  max mem: 28813
Epoch: [13]  [ 540/5625]  eta: 0:45:07  lr: 0.000008  train_loss: 0.0925 (0.1605)  train_iou: 0.6638 (0.6877)  time: 0.5162  data: 0.0021  max mem: 28813
Epoch: [13]  [ 560/5625]  eta: 0:44:56  lr: 0.000008  train_loss: 0.1534 (0.1617)  train_iou: 0.6828 (0.6872)  time: 0.5296  data: 0.0030  max mem: 28813
Epoch: [13]  [ 580/5625]  eta: 0:44:43  lr: 0.000008  train_loss: 0.1629 (0.1629)  train_iou: 0.6370 (0.6860)  time: 0.5236  data: 0.0039  max mem: 28813
Epoch: [13]  [ 600/5625]  eta: 0:44:31  lr: 0.000008  train_loss: 0.1106 (0.1630)  train_iou: 0.6386 (0.6843)  time: 0.5225  data: 0.0021  max mem: 28813
Epoch: [13]  [ 620/5625]  eta: 0:44:19  lr: 0.000008  train_loss: 0.1308 (0.1635)  train_iou: 0.6814 (0.6843)  time: 0.5235  data: 0.0034  max mem: 28813
Epoch: [13]  [ 640/5625]  eta: 0:44:07  lr: 0.000008  train_loss: 0.1237 (0.1641)  train_iou: 0.6925 (0.6846)  time: 0.5186  data: 0.0027  max mem: 28813
Epoch: [13]  [ 660/5625]  eta: 0:43:56  lr: 0.000008  train_loss: 0.1802 (0.1653)  train_iou: 0.6433 (0.6841)  time: 0.5279  data: 0.0039  max mem: 28813
Epoch: [13]  [ 680/5625]  eta: 0:43:43  lr: 0.000008  train_loss: 0.0956 (0.1650)  train_iou: 0.6336 (0.6830)  time: 0.5165  data: 0.0007  max mem: 28813
Epoch: [13]  [ 700/5625]  eta: 0:43:31  lr: 0.000008  train_loss: 0.0898 (0.1651)  train_iou: 0.6642 (0.6825)  time: 0.5226  data: 0.0032  max mem: 28813
Epoch: [13]  [ 720/5625]  eta: 0:43:20  lr: 0.000008  train_loss: 0.1697 (0.1660)  train_iou: 0.6559 (0.6821)  time: 0.5238  data: 0.0012  max mem: 28813
Epoch: [13]  [ 740/5625]  eta: 0:43:08  lr: 0.000008  train_loss: 0.1614 (0.1664)  train_iou: 0.5977 (0.6800)  time: 0.5194  data: 0.0014  max mem: 28813
Epoch: [13]  [ 760/5625]  eta: 0:42:55  lr: 0.000008  train_loss: 0.1776 (0.1671)  train_iou: 0.6725 (0.6786)  time: 0.5160  data: 0.0030  max mem: 28813
Epoch: [13]  [ 780/5625]  eta: 0:42:43  lr: 0.000008  train_loss: 0.1142 (0.1676)  train_iou: 0.6792 (0.6790)  time: 0.5149  data: 0.0020  max mem: 28813
Epoch: [13]  [ 800/5625]  eta: 0:42:31  lr: 0.000008  train_loss: 0.1835 (0.1691)  train_iou: 0.6675 (0.6783)  time: 0.5170  data: 0.0009  max mem: 28813
Epoch: [13]  [ 820/5625]  eta: 0:42:19  lr: 0.000008  train_loss: 0.1419 (0.1695)  train_iou: 0.6606 (0.6771)  time: 0.5154  data: 0.0007  max mem: 28813
Epoch: [13]  [ 840/5625]  eta: 0:42:06  lr: 0.000008  train_loss: 0.1192 (0.1695)  train_iou: 0.6754 (0.6771)  time: 0.5119  data: 0.0018  max mem: 28813
Epoch: [13]  [ 860/5625]  eta: 0:41:55  lr: 0.000008  train_loss: 0.1054 (0.1701)  train_iou: 0.6257 (0.6762)  time: 0.5195  data: 0.0010  max mem: 28813
Epoch: [13]  [ 880/5625]  eta: 0:41:44  lr: 0.000008  train_loss: 0.1171 (0.1698)  train_iou: 0.6781 (0.6765)  time: 0.5231  data: 0.0025  max mem: 28813
Epoch: [13]  [ 900/5625]  eta: 0:41:33  lr: 0.000008  train_loss: 0.1300 (0.1708)  train_iou: 0.6595 (0.6755)  time: 0.5240  data: 0.0032  max mem: 28813
Epoch: [13]  [ 920/5625]  eta: 0:41:22  lr: 0.000008  train_loss: 0.1290 (0.1709)  train_iou: 0.6598 (0.6752)  time: 0.5224  data: 0.0009  max mem: 28813
Epoch: [13]  [ 940/5625]  eta: 0:41:10  lr: 0.000008  train_loss: 0.0946 (0.1702)  train_iou: 0.6962 (0.6750)  time: 0.5211  data: 0.0017  max mem: 28813
Epoch: [13]  [ 960/5625]  eta: 0:40:59  lr: 0.000008  train_loss: 0.1099 (0.1701)  train_iou: 0.6919 (0.6754)  time: 0.5185  data: 0.0013  max mem: 28813
Epoch: [13]  [ 980/5625]  eta: 0:40:48  lr: 0.000008  train_loss: 0.1703 (0.1700)  train_iou: 0.6706 (0.6748)  time: 0.5209  data: 0.0034  max mem: 28813
Epoch: [13]  [1000/5625]  eta: 0:40:36  lr: 0.000008  train_loss: 0.2039 (0.1707)  train_iou: 0.6674 (0.6746)  time: 0.5181  data: 0.0009  max mem: 28813
Epoch: [13]  [1020/5625]  eta: 0:40:26  lr: 0.000008  train_loss: 0.0897 (0.1697)  train_iou: 0.6776 (0.6744)  time: 0.5229  data: 0.0041  max mem: 28813
Epoch: [13]  [1040/5625]  eta: 0:40:15  lr: 0.000008  train_loss: 0.1135 (0.1695)  train_iou: 0.6511 (0.6737)  time: 0.5217  data: 0.0004  max mem: 28813
Epoch: [13]  [1060/5625]  eta: 0:40:04  lr: 0.000008  train_loss: 0.1554 (0.1702)  train_iou: 0.6681 (0.6730)  time: 0.5238  data: 0.0047  max mem: 28813
Epoch: [13]  [1080/5625]  eta: 0:39:53  lr: 0.000008  train_loss: 0.1478 (0.1703)  train_iou: 0.6220 (0.6722)  time: 0.5234  data: 0.0015  max mem: 28813
Epoch: [13]  [1100/5625]  eta: 0:39:42  lr: 0.000008  train_loss: 0.1624 (0.1710)  train_iou: 0.6593 (0.6714)  time: 0.5250  data: 0.0050  max mem: 28813
Epoch: [13]  [1120/5625]  eta: 0:39:31  lr: 0.000008  train_loss: 0.2013 (0.1721)  train_iou: 0.6628 (0.6712)  time: 0.5134  data: 0.0022  max mem: 28813
Epoch: [13]  [1140/5625]  eta: 0:39:19  lr: 0.000008  train_loss: 0.1738 (0.1730)  train_iou: 0.6613 (0.6708)  time: 0.5172  data: 0.0011  max mem: 28813
Epoch: [13]  [1160/5625]  eta: 0:39:09  lr: 0.000008  train_loss: 0.1059 (0.1730)  train_iou: 0.5846 (0.6696)  time: 0.5236  data: 0.0020  max mem: 28813
Epoch: [13]  [1180/5625]  eta: 0:38:58  lr: 0.000008  train_loss: 0.1242 (0.1731)  train_iou: 0.6477 (0.6690)  time: 0.5254  data: 0.0058  max mem: 28813
Epoch: [13]  [1200/5625]  eta: 0:38:47  lr: 0.000008  train_loss: 0.0784 (0.1724)  train_iou: 0.6541 (0.6685)  time: 0.5180  data: 0.0018  max mem: 28813
Epoch: [13]  [1220/5625]  eta: 0:38:36  lr: 0.000008  train_loss: 0.1185 (0.1726)  train_iou: 0.6502 (0.6685)  time: 0.5225  data: 0.0022  max mem: 28813
Epoch: [13]  [1240/5625]  eta: 0:38:26  lr: 0.000008  train_loss: 0.1002 (0.1723)  train_iou: 0.6633 (0.6681)  time: 0.5236  data: 0.0032  max mem: 28813
Epoch: [13]  [1260/5625]  eta: 0:38:15  lr: 0.000008  train_loss: 0.1158 (0.1723)  train_iou: 0.6653 (0.6675)  time: 0.5245  data: 0.0005  max mem: 28813
Epoch: [13]  [1280/5625]  eta: 0:38:04  lr: 0.000008  train_loss: 0.1664 (0.1727)  train_iou: 0.5868 (0.6667)  time: 0.5210  data: 0.0025  max mem: 28813
Epoch: [13]  [1300/5625]  eta: 0:37:53  lr: 0.000008  train_loss: 0.1311 (0.1729)  train_iou: 0.5915 (0.6658)  time: 0.5224  data: 0.0045  max mem: 28813
Epoch: [13]  [1320/5625]  eta: 0:37:42  lr: 0.000008  train_loss: 0.1558 (0.1732)  train_iou: 0.6593 (0.6661)  time: 0.5159  data: 0.0027  max mem: 28813
Epoch: [13]  [1340/5625]  eta: 0:37:31  lr: 0.000008  train_loss: 0.1121 (0.1730)  train_iou: 0.7355 (0.6667)  time: 0.5139  data: 0.0008  max mem: 28813
Epoch: [13]  [1360/5625]  eta: 0:37:20  lr: 0.000008  train_loss: 0.1688 (0.1732)  train_iou: 0.6656 (0.6662)  time: 0.5231  data: 0.0041  max mem: 28813
Epoch: [13]  [1380/5625]  eta: 0:37:10  lr: 0.000008  train_loss: 0.1487 (0.1738)  train_iou: 0.7242 (0.6668)  time: 0.5335  data: 0.0038  max mem: 28813
Epoch: [13]  [1400/5625]  eta: 0:37:00  lr: 0.000008  train_loss: 0.1108 (0.1736)  train_iou: 0.6872 (0.6675)  time: 0.5218  data: 0.0019  max mem: 28813
Epoch: [13]  [1420/5625]  eta: 0:36:49  lr: 0.000008  train_loss: 0.1804 (0.1740)  train_iou: 0.7331 (0.6679)  time: 0.5203  data: 0.0031  max mem: 28813
Epoch: [13]  [1440/5625]  eta: 0:36:38  lr: 0.000008  train_loss: 0.1588 (0.1739)  train_iou: 0.5825 (0.6669)  time: 0.5288  data: 0.0040  max mem: 28813
Epoch: [13]  [1460/5625]  eta: 0:36:28  lr: 0.000008  train_loss: 0.1269 (0.1739)  train_iou: 0.7325 (0.6673)  time: 0.5258  data: 0.0047  max mem: 28813
Epoch: [13]  [1480/5625]  eta: 0:36:18  lr: 0.000008  train_loss: 0.1449 (0.1737)  train_iou: 0.6499 (0.6667)  time: 0.5289  data: 0.0012  max mem: 28813
Epoch: [13]  [1500/5625]  eta: 0:36:07  lr: 0.000008  train_loss: 0.0994 (0.1736)  train_iou: 0.6661 (0.6665)  time: 0.5240  data: 0.0022  max mem: 28813
Epoch: [13]  [1520/5625]  eta: 0:35:57  lr: 0.000008  train_loss: 0.1022 (0.1735)  train_iou: 0.6543 (0.6663)  time: 0.5260  data: 0.0030  max mem: 28813
Epoch: [13]  [1540/5625]  eta: 0:35:46  lr: 0.000008  train_loss: 0.1578 (0.1736)  train_iou: 0.6211 (0.6659)  time: 0.5239  data: 0.0023  max mem: 28813
Epoch: [13]  [1560/5625]  eta: 0:35:35  lr: 0.000008  train_loss: 0.1516 (0.1737)  train_iou: 0.6782 (0.6661)  time: 0.5174  data: 0.0018  max mem: 28813
Epoch: [13]  [1580/5625]  eta: 0:35:24  lr: 0.000008  train_loss: 0.1357 (0.1737)  train_iou: 0.6653 (0.6659)  time: 0.5201  data: 0.0040  max mem: 28813
Epoch: [13]  [1600/5625]  eta: 0:35:13  lr: 0.000008  train_loss: 0.1617 (0.1738)  train_iou: 0.6648 (0.6659)  time: 0.5175  data: 0.0010  max mem: 28813
Epoch: [13]  [1620/5625]  eta: 0:35:03  lr: 0.000008  train_loss: 0.1607 (0.1740)  train_iou: 0.6740 (0.6658)  time: 0.5231  data: 0.0007  max mem: 28813
Epoch: [13]  [1640/5625]  eta: 0:34:52  lr: 0.000008  train_loss: 0.1144 (0.1740)  train_iou: 0.6596 (0.6655)  time: 0.5220  data: 0.0009  max mem: 28813
Epoch: [13]  [1660/5625]  eta: 0:34:42  lr: 0.000008  train_loss: 0.1534 (0.1742)  train_iou: 0.6727 (0.6656)  time: 0.5230  data: 0.0026  max mem: 28813
Epoch: [13]  [1680/5625]  eta: 0:34:31  lr: 0.000008  train_loss: 0.1066 (0.1743)  train_iou: 0.6883 (0.6659)  time: 0.5197  data: 0.0043  max mem: 28813
Epoch: [13]  [1700/5625]  eta: 0:34:20  lr: 0.000008  train_loss: 0.1026 (0.1736)  train_iou: 0.7067 (0.6663)  time: 0.5182  data: 0.0006  max mem: 28813
Epoch: [13]  [1720/5625]  eta: 0:34:09  lr: 0.000008  train_loss: 0.1115 (0.1734)  train_iou: 0.6750 (0.6668)  time: 0.5194  data: 0.0006  max mem: 28813
Epoch: [13]  [1740/5625]  eta: 0:33:59  lr: 0.000008  train_loss: 0.1467 (0.1733)  train_iou: 0.6653 (0.6667)  time: 0.5211  data: 0.0015  max mem: 28813
Epoch: [13]  [1760/5625]  eta: 0:33:48  lr: 0.000008  train_loss: 0.1036 (0.1731)  train_iou: 0.6632 (0.6668)  time: 0.5283  data: 0.0027  max mem: 28813
Epoch: [13]  [1780/5625]  eta: 0:33:38  lr: 0.000008  train_loss: 0.1035 (0.1729)  train_iou: 0.6761 (0.6669)  time: 0.5260  data: 0.0036  max mem: 28813
Epoch: [13]  [1800/5625]  eta: 0:33:27  lr: 0.000008  train_loss: 0.1839 (0.1732)  train_iou: 0.6858 (0.6672)  time: 0.5273  data: 0.0022  max mem: 28813
Epoch: [13]  [1820/5625]  eta: 0:33:16  lr: 0.000008  train_loss: 0.1531 (0.1731)  train_iou: 0.5878 (0.6669)  time: 0.5168  data: 0.0045  max mem: 28813
Epoch: [13]  [1840/5625]  eta: 0:33:06  lr: 0.000008  train_loss: 0.1782 (0.1731)  train_iou: 0.6684 (0.6667)  time: 0.5259  data: 0.0046  max mem: 28813
Epoch: [13]  [1860/5625]  eta: 0:32:55  lr: 0.000008  train_loss: 0.1118 (0.1731)  train_iou: 0.6199 (0.6664)  time: 0.5136  data: 0.0007  max mem: 28813
Epoch: [13]  [1880/5625]  eta: 0:32:44  lr: 0.000008  train_loss: 0.1116 (0.1727)  train_iou: 0.6624 (0.6664)  time: 0.5109  data: 0.0006  max mem: 28813
Epoch: [13]  [1900/5625]  eta: 0:32:33  lr: 0.000008  train_loss: 0.1580 (0.1727)  train_iou: 0.6362 (0.6661)  time: 0.5208  data: 0.0015  max mem: 28813
Epoch: [13]  [1920/5625]  eta: 0:32:23  lr: 0.000008  train_loss: 0.1429 (0.1725)  train_iou: 0.6391 (0.6658)  time: 0.5226  data: 0.0025  max mem: 28813
Epoch: [13]  [1940/5625]  eta: 0:32:12  lr: 0.000008  train_loss: 0.2002 (0.1732)  train_iou: 0.6700 (0.6656)  time: 0.5214  data: 0.0051  max mem: 28813
Epoch: [13]  [1960/5625]  eta: 0:32:02  lr: 0.000008  train_loss: 0.1401 (0.1734)  train_iou: 0.6150 (0.6654)  time: 0.5259  data: 0.0034  max mem: 28813
Epoch: [13]  [1980/5625]  eta: 0:31:51  lr: 0.000008  train_loss: 0.1223 (0.1737)  train_iou: 0.6467 (0.6650)  time: 0.5234  data: 0.0014  max mem: 28813
Epoch: [13]  [2000/5625]  eta: 0:31:41  lr: 0.000008  train_loss: 0.1226 (0.1738)  train_iou: 0.6679 (0.6652)  time: 0.5237  data: 0.0032  max mem: 28813
Epoch: [13]  [2020/5625]  eta: 0:31:30  lr: 0.000008  train_loss: 0.0864 (0.1736)  train_iou: 0.6506 (0.6651)  time: 0.5220  data: 0.0020  max mem: 28813
Epoch: [13]  [2040/5625]  eta: 0:31:20  lr: 0.000008  train_loss: 0.1372 (0.1736)  train_iou: 0.6869 (0.6653)  time: 0.5347  data: 0.0026  max mem: 28813
Epoch: [13]  [2060/5625]  eta: 0:31:10  lr: 0.000008  train_loss: 0.1266 (0.1734)  train_iou: 0.6260 (0.6652)  time: 0.5301  data: 0.0027  max mem: 28813
Epoch: [13]  [2080/5625]  eta: 0:30:59  lr: 0.000008  train_loss: 0.1607 (0.1736)  train_iou: 0.5964 (0.6646)  time: 0.5182  data: 0.0032  max mem: 28813
Epoch: [13]  [2100/5625]  eta: 0:30:49  lr: 0.000008  train_loss: 0.1360 (0.1738)  train_iou: 0.6630 (0.6646)  time: 0.5238  data: 0.0014  max mem: 28813
Epoch: [13]  [2120/5625]  eta: 0:30:38  lr: 0.000008  train_loss: 0.1314 (0.1739)  train_iou: 0.6587 (0.6646)  time: 0.5167  data: 0.0020  max mem: 28813
Epoch: [13]  [2140/5625]  eta: 0:30:27  lr: 0.000008  train_loss: 0.1213 (0.1739)  train_iou: 0.6745 (0.6647)  time: 0.5191  data: 0.0032  max mem: 28813
Epoch: [13]  [2160/5625]  eta: 0:30:16  lr: 0.000008  train_loss: 0.2293 (0.1743)  train_iou: 0.6473 (0.6646)  time: 0.5196  data: 0.0021  max mem: 28813
Epoch: [13]  [2180/5625]  eta: 0:30:06  lr: 0.000008  train_loss: 0.1407 (0.1745)  train_iou: 0.6513 (0.6645)  time: 0.5200  data: 0.0015  max mem: 28813
Epoch: [13]  [2200/5625]  eta: 0:29:55  lr: 0.000008  train_loss: 0.1951 (0.1749)  train_iou: 0.6129 (0.6640)  time: 0.5114  data: 0.0005  max mem: 28813
Epoch: [13]  [2220/5625]  eta: 0:29:44  lr: 0.000008  train_loss: 0.1420 (0.1751)  train_iou: 0.6656 (0.6640)  time: 0.5198  data: 0.0040  max mem: 28813
Epoch: [13]  [2240/5625]  eta: 0:29:34  lr: 0.000008  train_loss: 0.1021 (0.1748)  train_iou: 0.6904 (0.6643)  time: 0.5183  data: 0.0032  max mem: 28813
Epoch: [13]  [2260/5625]  eta: 0:29:23  lr: 0.000008  train_loss: 0.1057 (0.1745)  train_iou: 0.6775 (0.6647)  time: 0.5132  data: 0.0005  max mem: 28813
Epoch: [13]  [2280/5625]  eta: 0:29:12  lr: 0.000008  train_loss: 0.1565 (0.1749)  train_iou: 0.6432 (0.6646)  time: 0.5192  data: 0.0034  max mem: 28813
Epoch: [13]  [2300/5625]  eta: 0:29:01  lr: 0.000008  train_loss: 0.0963 (0.1743)  train_iou: 0.6886 (0.6647)  time: 0.5127  data: 0.0005  max mem: 28813
Epoch: [13]  [2320/5625]  eta: 0:28:51  lr: 0.000008  train_loss: 0.1249 (0.1742)  train_iou: 0.6658 (0.6646)  time: 0.5155  data: 0.0004  max mem: 28813
Epoch: [13]  [2340/5625]  eta: 0:28:40  lr: 0.000008  train_loss: 0.1300 (0.1742)  train_iou: 0.7283 (0.6643)  time: 0.5191  data: 0.0018  max mem: 28813
Epoch: [13]  [2360/5625]  eta: 0:28:30  lr: 0.000008  train_loss: 0.1093 (0.1743)  train_iou: 0.6633 (0.6642)  time: 0.5277  data: 0.0045  max mem: 28813
Epoch: [13]  [2380/5625]  eta: 0:28:19  lr: 0.000008  train_loss: 0.1330 (0.1743)  train_iou: 0.6779 (0.6642)  time: 0.5267  data: 0.0027  max mem: 28813
Epoch: [13]  [2400/5625]  eta: 0:28:09  lr: 0.000008  train_loss: 0.0946 (0.1741)  train_iou: 0.6717 (0.6643)  time: 0.5192  data: 0.0037  max mem: 28813
Epoch: [13]  [2420/5625]  eta: 0:27:58  lr: 0.000008  train_loss: 0.1248 (0.1741)  train_iou: 0.6553 (0.6643)  time: 0.5276  data: 0.0034  max mem: 28813
Epoch: [13]  [2440/5625]  eta: 0:27:48  lr: 0.000008  train_loss: 0.1602 (0.1742)  train_iou: 0.5929 (0.6639)  time: 0.5132  data: 0.0006  max mem: 28813
Epoch: [13]  [2460/5625]  eta: 0:27:37  lr: 0.000008  train_loss: 0.1087 (0.1740)  train_iou: 0.6730 (0.6641)  time: 0.5205  data: 0.0032  max mem: 28813
Epoch: [13]  [2480/5625]  eta: 0:27:27  lr: 0.000008  train_loss: 0.1421 (0.1742)  train_iou: 0.6235 (0.6637)  time: 0.5216  data: 0.0053  max mem: 28813
Epoch: [13]  [2500/5625]  eta: 0:27:16  lr: 0.000008  train_loss: 0.1863 (0.1745)  train_iou: 0.5754 (0.6632)  time: 0.5257  data: 0.0047  max mem: 28813
Epoch: [13]  [2520/5625]  eta: 0:27:06  lr: 0.000008  train_loss: 0.1013 (0.1742)  train_iou: 0.6586 (0.6632)  time: 0.5288  data: 0.0023  max mem: 28813
Epoch: [13]  [2540/5625]  eta: 0:26:55  lr: 0.000008  train_loss: 0.0928 (0.1741)  train_iou: 0.6925 (0.6635)  time: 0.5214  data: 0.0051  max mem: 28813
Epoch: [13]  [2560/5625]  eta: 0:26:45  lr: 0.000008  train_loss: 0.0890 (0.1739)  train_iou: 0.7119 (0.6638)  time: 0.5216  data: 0.0007  max mem: 28813
Epoch: [13]  [2580/5625]  eta: 0:26:34  lr: 0.000008  train_loss: 0.1104 (0.1739)  train_iou: 0.6576 (0.6637)  time: 0.5150  data: 0.0007  max mem: 28813
Epoch: [13]  [2600/5625]  eta: 0:26:24  lr: 0.000008  train_loss: 0.1279 (0.1739)  train_iou: 0.6657 (0.6639)  time: 0.5233  data: 0.0007  max mem: 28813
Epoch: [13]  [2620/5625]  eta: 0:26:13  lr: 0.000008  train_loss: 0.1168 (0.1739)  train_iou: 0.6967 (0.6641)  time: 0.5301  data: 0.0023  max mem: 28813
Epoch: [13]  [2640/5625]  eta: 0:26:03  lr: 0.000008  train_loss: 0.1024 (0.1737)  train_iou: 0.6560 (0.6642)  time: 0.5199  data: 0.0029  max mem: 28813
Epoch: [13]  [2660/5625]  eta: 0:25:52  lr: 0.000008  train_loss: 0.1547 (0.1738)  train_iou: 0.6488 (0.6643)  time: 0.5251  data: 0.0009  max mem: 28813
Epoch: [13]  [2680/5625]  eta: 0:25:42  lr: 0.000008  train_loss: 0.1296 (0.1737)  train_iou: 0.6697 (0.6642)  time: 0.5232  data: 0.0014  max mem: 28813
Epoch: [13]  [2700/5625]  eta: 0:25:31  lr: 0.000008  train_loss: 0.1200 (0.1735)  train_iou: 0.6632 (0.6642)  time: 0.5239  data: 0.0016  max mem: 28813
Epoch: [13]  [2720/5625]  eta: 0:25:21  lr: 0.000008  train_loss: 0.1451 (0.1737)  train_iou: 0.6590 (0.6643)  time: 0.5183  data: 0.0013  max mem: 28813
Epoch: [13]  [2740/5625]  eta: 0:25:10  lr: 0.000008  train_loss: 0.1280 (0.1735)  train_iou: 0.6550 (0.6641)  time: 0.5235  data: 0.0032  max mem: 28813
Epoch: [13]  [2760/5625]  eta: 0:25:00  lr: 0.000008  train_loss: 0.1062 (0.1734)  train_iou: 0.6586 (0.6639)  time: 0.5222  data: 0.0009  max mem: 28813
Epoch: [13]  [2780/5625]  eta: 0:24:49  lr: 0.000008  train_loss: 0.1407 (0.1734)  train_iou: 0.6345 (0.6637)  time: 0.5290  data: 0.0053  max mem: 28813
Epoch: [13]  [2800/5625]  eta: 0:24:39  lr: 0.000008  train_loss: 0.1314 (0.1735)  train_iou: 0.7554 (0.6641)  time: 0.5263  data: 0.0006  max mem: 28813
Epoch: [13]  [2820/5625]  eta: 0:24:28  lr: 0.000008  train_loss: 0.1668 (0.1736)  train_iou: 0.6313 (0.6638)  time: 0.5164  data: 0.0008  max mem: 28813
Epoch: [13]  [2840/5625]  eta: 0:24:18  lr: 0.000008  train_loss: 0.0914 (0.1735)  train_iou: 0.6472 (0.6638)  time: 0.5190  data: 0.0014  max mem: 28813
Epoch: [13]  [2860/5625]  eta: 0:24:07  lr: 0.000008  train_loss: 0.1220 (0.1735)  train_iou: 0.6624 (0.6637)  time: 0.5237  data: 0.0022  max mem: 28813
Epoch: [13]  [2880/5625]  eta: 0:23:57  lr: 0.000008  train_loss: 0.1066 (0.1733)  train_iou: 0.7230 (0.6638)  time: 0.5166  data: 0.0006  max mem: 28813
Epoch: [13]  [2900/5625]  eta: 0:23:46  lr: 0.000008  train_loss: 0.1144 (0.1732)  train_iou: 0.7251 (0.6641)  time: 0.5105  data: 0.0007  max mem: 28813
Epoch: [13]  [2920/5625]  eta: 0:23:35  lr: 0.000008  train_loss: 0.1118 (0.1731)  train_iou: 0.6710 (0.6642)  time: 0.5163  data: 0.0006  max mem: 28813
Epoch: [13]  [2940/5625]  eta: 0:23:25  lr: 0.000008  train_loss: 0.1135 (0.1730)  train_iou: 0.6814 (0.6643)  time: 0.5193  data: 0.0030  max mem: 28813
Epoch: [13]  [2960/5625]  eta: 0:23:14  lr: 0.000008  train_loss: 0.1455 (0.1731)  train_iou: 0.6351 (0.6642)  time: 0.5088  data: 0.0013  max mem: 28813
Epoch: [13]  [2980/5625]  eta: 0:23:03  lr: 0.000008  train_loss: 0.0996 (0.1729)  train_iou: 0.6796 (0.6643)  time: 0.5108  data: 0.0004  max mem: 28813
Epoch: [13]  [3000/5625]  eta: 0:22:53  lr: 0.000008  train_loss: 0.1257 (0.1730)  train_iou: 0.6131 (0.6642)  time: 0.5153  data: 0.0007  max mem: 28813
Epoch: [13]  [3020/5625]  eta: 0:22:42  lr: 0.000008  train_loss: 0.0982 (0.1727)  train_iou: 0.6858 (0.6644)  time: 0.5146  data: 0.0004  max mem: 28813
Epoch: [13]  [3040/5625]  eta: 0:22:31  lr: 0.000008  train_loss: 0.1326 (0.1728)  train_iou: 0.6887 (0.6647)  time: 0.5083  data: 0.0015  max mem: 28813
Epoch: [13]  [3060/5625]  eta: 0:22:21  lr: 0.000008  train_loss: 0.1085 (0.1725)  train_iou: 0.6501 (0.6644)  time: 0.5176  data: 0.0004  max mem: 28813
Epoch: [13]  [3080/5625]  eta: 0:22:10  lr: 0.000008  train_loss: 0.1190 (0.1724)  train_iou: 0.6834 (0.6645)  time: 0.5100  data: 0.0004  max mem: 28813
Epoch: [13]  [3100/5625]  eta: 0:22:00  lr: 0.000008  train_loss: 0.0903 (0.1722)  train_iou: 0.6773 (0.6644)  time: 0.5110  data: 0.0005  max mem: 28813
Epoch: [13]  [3120/5625]  eta: 0:21:49  lr: 0.000008  train_loss: 0.1420 (0.1724)  train_iou: 0.6459 (0.6645)  time: 0.5119  data: 0.0004  max mem: 28813
Epoch: [13]  [3140/5625]  eta: 0:21:38  lr: 0.000008  train_loss: 0.1067 (0.1722)  train_iou: 0.6576 (0.6647)  time: 0.5108  data: 0.0004  max mem: 28813
Epoch: [13]  [3160/5625]  eta: 0:21:28  lr: 0.000008  train_loss: 0.1005 (0.1719)  train_iou: 0.6557 (0.6646)  time: 0.5130  data: 0.0004  max mem: 28813
Epoch: [13]  [3180/5625]  eta: 0:21:17  lr: 0.000008  train_loss: 0.1023 (0.1716)  train_iou: 0.6594 (0.6644)  time: 0.5102  data: 0.0004  max mem: 28813
Epoch: [13]  [3200/5625]  eta: 0:21:06  lr: 0.000008  train_loss: 0.0930 (0.1715)  train_iou: 0.6510 (0.6641)  time: 0.5100  data: 0.0014  max mem: 28813
Epoch: [13]  [3220/5625]  eta: 0:20:56  lr: 0.000008  train_loss: 0.1026 (0.1713)  train_iou: 0.6911 (0.6644)  time: 0.5098  data: 0.0015  max mem: 28813
Epoch: [13]  [3240/5625]  eta: 0:20:45  lr: 0.000008  train_loss: 0.1464 (0.1717)  train_iou: 0.6465 (0.6644)  time: 0.5120  data: 0.0004  max mem: 28813
Epoch: [13]  [3260/5625]  eta: 0:20:35  lr: 0.000008  train_loss: 0.1132 (0.1715)  train_iou: 0.6675 (0.6644)  time: 0.5127  data: 0.0004  max mem: 28813
Epoch: [13]  [3280/5625]  eta: 0:20:24  lr: 0.000008  train_loss: 0.1227 (0.1715)  train_iou: 0.6623 (0.6645)  time: 0.5108  data: 0.0018  max mem: 28813
Epoch: [13]  [3300/5625]  eta: 0:20:13  lr: 0.000008  train_loss: 0.1156 (0.1714)  train_iou: 0.6331 (0.6644)  time: 0.5168  data: 0.0028  max mem: 28813
Epoch: [13]  [3320/5625]  eta: 0:20:03  lr: 0.000008  train_loss: 0.1115 (0.1712)  train_iou: 0.6454 (0.6643)  time: 0.5118  data: 0.0023  max mem: 28813
Epoch: [13]  [3340/5625]  eta: 0:19:52  lr: 0.000008  train_loss: 0.1137 (0.1710)  train_iou: 0.6596 (0.6643)  time: 0.5147  data: 0.0006  max mem: 28813
Epoch: [13]  [3360/5625]  eta: 0:19:42  lr: 0.000008  train_loss: 0.1012 (0.1709)  train_iou: 0.6443 (0.6642)  time: 0.5176  data: 0.0006  max mem: 28813
Epoch: [13]  [3380/5625]  eta: 0:19:31  lr: 0.000008  train_loss: 0.1117 (0.1710)  train_iou: 0.6831 (0.6644)  time: 0.5163  data: 0.0004  max mem: 28813
Epoch: [13]  [3400/5625]  eta: 0:19:21  lr: 0.000008  train_loss: 0.1261 (0.1711)  train_iou: 0.6510 (0.6643)  time: 0.5169  data: 0.0007  max mem: 28813
Epoch: [13]  [3420/5625]  eta: 0:19:10  lr: 0.000008  train_loss: 0.1307 (0.1710)  train_iou: 0.6744 (0.6644)  time: 0.5139  data: 0.0016  max mem: 28813
Epoch: [13]  [3440/5625]  eta: 0:19:00  lr: 0.000008  train_loss: 0.0946 (0.1709)  train_iou: 0.6839 (0.6645)  time: 0.5162  data: 0.0005  max mem: 28813
Epoch: [13]  [3460/5625]  eta: 0:18:49  lr: 0.000008  train_loss: 0.1545 (0.1709)  train_iou: 0.6535 (0.6646)  time: 0.5140  data: 0.0004  max mem: 28813
Epoch: [13]  [3480/5625]  eta: 0:18:39  lr: 0.000008  train_loss: 0.1586 (0.1709)  train_iou: 0.6735 (0.6648)  time: 0.5169  data: 0.0017  max mem: 28813
Epoch: [13]  [3500/5625]  eta: 0:18:28  lr: 0.000008  train_loss: 0.1089 (0.1708)  train_iou: 0.6750 (0.6649)  time: 0.5200  data: 0.0006  max mem: 28813
Epoch: [13]  [3520/5625]  eta: 0:18:18  lr: 0.000008  train_loss: 0.1051 (0.1706)  train_iou: 0.6792 (0.6651)  time: 0.5166  data: 0.0006  max mem: 28813
Epoch: [13]  [3540/5625]  eta: 0:18:07  lr: 0.000008  train_loss: 0.1155 (0.1705)  train_iou: 0.7074 (0.6651)  time: 0.5104  data: 0.0014  max mem: 28813
Epoch: [13]  [3560/5625]  eta: 0:17:57  lr: 0.000008  train_loss: 0.1218 (0.1704)  train_iou: 0.6718 (0.6653)  time: 0.5168  data: 0.0016  max mem: 28813
Epoch: [13]  [3580/5625]  eta: 0:17:46  lr: 0.000008  train_loss: 0.1951 (0.1709)  train_iou: 0.6589 (0.6653)  time: 0.5179  data: 0.0005  max mem: 28813
Epoch: [13]  [3600/5625]  eta: 0:17:36  lr: 0.000008  train_loss: 0.1225 (0.1709)  train_iou: 0.6679 (0.6654)  time: 0.5188  data: 0.0021  max mem: 28813
Epoch: [13]  [3620/5625]  eta: 0:17:25  lr: 0.000008  train_loss: 0.1084 (0.1710)  train_iou: 0.6764 (0.6655)  time: 0.5125  data: 0.0004  max mem: 28813
Epoch: [13]  [3640/5625]  eta: 0:17:15  lr: 0.000008  train_loss: 0.1088 (0.1708)  train_iou: 0.6654 (0.6656)  time: 0.5145  data: 0.0008  max mem: 28813
Epoch: [13]  [3660/5625]  eta: 0:17:04  lr: 0.000008  train_loss: 0.0984 (0.1708)  train_iou: 0.6710 (0.6656)  time: 0.5174  data: 0.0018  max mem: 28813
Epoch: [13]  [3680/5625]  eta: 0:16:54  lr: 0.000008  train_loss: 0.1087 (0.1706)  train_iou: 0.7550 (0.6656)  time: 0.5182  data: 0.0026  max mem: 28813
Epoch: [13]  [3700/5625]  eta: 0:16:43  lr: 0.000008  train_loss: 0.1116 (0.1705)  train_iou: 0.7180 (0.6659)  time: 0.5167  data: 0.0008  max mem: 28813
Epoch: [13]  [3720/5625]  eta: 0:16:33  lr: 0.000008  train_loss: 0.1140 (0.1704)  train_iou: 0.6732 (0.6660)  time: 0.5160  data: 0.0004  max mem: 28813
Epoch: [13]  [3740/5625]  eta: 0:16:22  lr: 0.000008  train_loss: 0.0910 (0.1704)  train_iou: 0.6671 (0.6661)  time: 0.5116  data: 0.0013  max mem: 28813
Epoch: [13]  [3760/5625]  eta: 0:16:12  lr: 0.000008  train_loss: 0.1129 (0.1703)  train_iou: 0.6545 (0.6660)  time: 0.5109  data: 0.0004  max mem: 28813
Epoch: [13]  [3780/5625]  eta: 0:16:01  lr: 0.000008  train_loss: 0.1056 (0.1703)  train_iou: 0.7116 (0.6661)  time: 0.5108  data: 0.0004  max mem: 28813
Epoch: [13]  [3800/5625]  eta: 0:15:51  lr: 0.000008  train_loss: 0.0957 (0.1701)  train_iou: 0.6500 (0.6661)  time: 0.5166  data: 0.0014  max mem: 28813
Epoch: [13]  [3820/5625]  eta: 0:15:40  lr: 0.000008  train_loss: 0.1384 (0.1701)  train_iou: 0.6672 (0.6661)  time: 0.5158  data: 0.0005  max mem: 28813
Epoch: [13]  [3840/5625]  eta: 0:15:30  lr: 0.000008  train_loss: 0.0905 (0.1701)  train_iou: 0.6591 (0.6661)  time: 0.5116  data: 0.0004  max mem: 28813
Epoch: [13]  [3860/5625]  eta: 0:15:19  lr: 0.000008  train_loss: 0.1154 (0.1700)  train_iou: 0.6501 (0.6659)  time: 0.5150  data: 0.0016  max mem: 28813
Epoch: [13]  [3880/5625]  eta: 0:15:09  lr: 0.000008  train_loss: 0.1174 (0.1699)  train_iou: 0.6981 (0.6662)  time: 0.5129  data: 0.0007  max mem: 28813
Epoch: [13]  [3900/5625]  eta: 0:14:58  lr: 0.000008  train_loss: 0.1200 (0.1698)  train_iou: 0.6499 (0.6660)  time: 0.5192  data: 0.0032  max mem: 28813
Epoch: [13]  [3920/5625]  eta: 0:14:48  lr: 0.000008  train_loss: 0.1002 (0.1696)  train_iou: 0.6722 (0.6661)  time: 0.5135  data: 0.0004  max mem: 28813
Epoch: [13]  [3940/5625]  eta: 0:14:37  lr: 0.000008  train_loss: 0.1108 (0.1696)  train_iou: 0.6764 (0.6660)  time: 0.5109  data: 0.0004  max mem: 28813
Epoch: [13]  [3960/5625]  eta: 0:14:27  lr: 0.000008  train_loss: 0.1751 (0.1697)  train_iou: 0.6553 (0.6659)  time: 0.5135  data: 0.0006  max mem: 28813
Epoch: [13]  [3980/5625]  eta: 0:14:16  lr: 0.000008  train_loss: 0.1514 (0.1698)  train_iou: 0.5830 (0.6657)  time: 0.5109  data: 0.0007  max mem: 28813
Epoch: [13]  [4000/5625]  eta: 0:14:06  lr: 0.000008  train_loss: 0.1230 (0.1697)  train_iou: 0.6649 (0.6655)  time: 0.5156  data: 0.0007  max mem: 28813
Epoch: [13]  [4020/5625]  eta: 0:13:55  lr: 0.000008  train_loss: 0.0942 (0.1695)  train_iou: 0.6760 (0.6657)  time: 0.5156  data: 0.0006  max mem: 28813
Epoch: [13]  [4040/5625]  eta: 0:13:45  lr: 0.000008  train_loss: 0.1330 (0.1695)  train_iou: 0.6430 (0.6656)  time: 0.5082  data: 0.0004  max mem: 28813
Epoch: [13]  [4060/5625]  eta: 0:13:34  lr: 0.000008  train_loss: 0.0977 (0.1697)  train_iou: 0.5680 (0.6654)  time: 0.5152  data: 0.0019  max mem: 28813
Epoch: [13]  [4080/5625]  eta: 0:13:24  lr: 0.000008  train_loss: 0.0991 (0.1697)  train_iou: 0.6805 (0.6656)  time: 0.5121  data: 0.0004  max mem: 28813
Epoch: [13]  [4100/5625]  eta: 0:13:14  lr: 0.000008  train_loss: 0.1700 (0.1699)  train_iou: 0.6382 (0.6656)  time: 0.5110  data: 0.0005  max mem: 28813
Epoch: [13]  [4120/5625]  eta: 0:13:03  lr: 0.000008  train_loss: 0.1648 (0.1700)  train_iou: 0.7205 (0.6657)  time: 0.5163  data: 0.0009  max mem: 28813
Epoch: [13]  [4140/5625]  eta: 0:12:53  lr: 0.000008  train_loss: 0.1721 (0.1701)  train_iou: 0.6606 (0.6657)  time: 0.5110  data: 0.0010  max mem: 28813
Epoch: [13]  [4160/5625]  eta: 0:12:42  lr: 0.000008  train_loss: 0.1031 (0.1699)  train_iou: 0.6586 (0.6657)  time: 0.5121  data: 0.0012  max mem: 28813
Epoch: [13]  [4180/5625]  eta: 0:12:32  lr: 0.000008  train_loss: 0.1378 (0.1699)  train_iou: 0.5542 (0.6653)  time: 0.5082  data: 0.0004  max mem: 28813
Epoch: [13]  [4200/5625]  eta: 0:12:21  lr: 0.000008  train_loss: 0.1337 (0.1699)  train_iou: 0.6059 (0.6650)  time: 0.5136  data: 0.0005  max mem: 28813
Epoch: [13]  [4220/5625]  eta: 0:12:11  lr: 0.000008  train_loss: 0.1254 (0.1699)  train_iou: 0.6679 (0.6651)  time: 0.5191  data: 0.0023  max mem: 28813
Epoch: [13]  [4240/5625]  eta: 0:12:00  lr: 0.000008  train_loss: 0.1402 (0.1698)  train_iou: 0.6260 (0.6651)  time: 0.5113  data: 0.0004  max mem: 28813
Epoch: [13]  [4260/5625]  eta: 0:11:50  lr: 0.000008  train_loss: 0.1257 (0.1698)  train_iou: 0.6732 (0.6652)  time: 0.5168  data: 0.0023  max mem: 28813
Epoch: [13]  [4280/5625]  eta: 0:11:39  lr: 0.000008  train_loss: 0.1451 (0.1699)  train_iou: 0.6993 (0.6653)  time: 0.5165  data: 0.0026  max mem: 28813
Epoch: [13]  [4300/5625]  eta: 0:11:29  lr: 0.000008  train_loss: 0.1644 (0.1699)  train_iou: 0.6728 (0.6654)  time: 0.5103  data: 0.0004  max mem: 28813
Epoch: [13]  [4320/5625]  eta: 0:11:18  lr: 0.000008  train_loss: 0.1581 (0.1702)  train_iou: 0.6860 (0.6655)  time: 0.5079  data: 0.0014  max mem: 28813
Epoch: [13]  [4340/5625]  eta: 0:11:08  lr: 0.000008  train_loss: 0.1366 (0.1703)  train_iou: 0.6687 (0.6655)  time: 0.5099  data: 0.0004  max mem: 28813
Epoch: [13]  [4360/5625]  eta: 0:10:58  lr: 0.000008  train_loss: 0.1411 (0.1704)  train_iou: 0.6802 (0.6657)  time: 0.5120  data: 0.0029  max mem: 28813
Epoch: [13]  [4380/5625]  eta: 0:10:47  lr: 0.000008  train_loss: 0.0976 (0.1704)  train_iou: 0.6522 (0.6657)  time: 0.5182  data: 0.0005  max mem: 28813
Epoch: [13]  [4400/5625]  eta: 0:10:37  lr: 0.000008  train_loss: 0.1863 (0.1708)  train_iou: 0.6495 (0.6656)  time: 0.5166  data: 0.0017  max mem: 28813
Epoch: [13]  [4420/5625]  eta: 0:10:26  lr: 0.000008  train_loss: 0.1784 (0.1710)  train_iou: 0.6554 (0.6653)  time: 0.5137  data: 0.0024  max mem: 28813
Epoch: [13]  [4440/5625]  eta: 0:10:16  lr: 0.000008  train_loss: 0.1491 (0.1710)  train_iou: 0.6423 (0.6653)  time: 0.5095  data: 0.0015  max mem: 28813
Epoch: [13]  [4460/5625]  eta: 0:10:05  lr: 0.000008  train_loss: 0.0950 (0.1711)  train_iou: 0.6360 (0.6651)  time: 0.5090  data: 0.0014  max mem: 28813
Epoch: [13]  [4480/5625]  eta: 0:09:55  lr: 0.000008  train_loss: 0.1287 (0.1710)  train_iou: 0.6383 (0.6650)  time: 0.5126  data: 0.0014  max mem: 28813
Epoch: [13]  [4500/5625]  eta: 0:09:44  lr: 0.000008  train_loss: 0.1033 (0.1708)  train_iou: 0.6692 (0.6652)  time: 0.5071  data: 0.0005  max mem: 28813
Epoch: [13]  [4520/5625]  eta: 0:09:34  lr: 0.000008  train_loss: 0.1367 (0.1709)  train_iou: 0.6589 (0.6652)  time: 0.5170  data: 0.0033  max mem: 28813
Epoch: [13]  [4540/5625]  eta: 0:09:24  lr: 0.000008  train_loss: 0.1440 (0.1709)  train_iou: 0.6589 (0.6652)  time: 0.5118  data: 0.0008  max mem: 28813
Epoch: [13]  [4560/5625]  eta: 0:09:13  lr: 0.000008  train_loss: 0.1842 (0.1711)  train_iou: 0.6608 (0.6653)  time: 0.5148  data: 0.0009  max mem: 28813
Epoch: [13]  [4580/5625]  eta: 0:09:03  lr: 0.000008  train_loss: 0.1140 (0.1711)  train_iou: 0.7629 (0.6654)  time: 0.5099  data: 0.0007  max mem: 28813
Epoch: [13]  [4600/5625]  eta: 0:08:52  lr: 0.000008  train_loss: 0.0947 (0.1710)  train_iou: 0.6465 (0.6654)  time: 0.5152  data: 0.0010  max mem: 28813
Epoch: [13]  [4620/5625]  eta: 0:08:42  lr: 0.000008  train_loss: 0.0879 (0.1707)  train_iou: 0.6616 (0.6654)  time: 0.5165  data: 0.0031  max mem: 28813
Epoch: [13]  [4640/5625]  eta: 0:08:31  lr: 0.000008  train_loss: 0.1001 (0.1707)  train_iou: 0.6645 (0.6657)  time: 0.5160  data: 0.0007  max mem: 28813
Epoch: [13]  [4660/5625]  eta: 0:08:21  lr: 0.000008  train_loss: 0.1206 (0.1708)  train_iou: 0.6346 (0.6654)  time: 0.5144  data: 0.0018  max mem: 28813
Epoch: [13]  [4680/5625]  eta: 0:08:11  lr: 0.000008  train_loss: 0.0934 (0.1706)  train_iou: 0.6830 (0.6656)  time: 0.5116  data: 0.0005  max mem: 28813
Epoch: [13]  [4700/5625]  eta: 0:08:00  lr: 0.000008  train_loss: 0.1214 (0.1705)  train_iou: 0.7129 (0.6657)  time: 0.5170  data: 0.0010  max mem: 28813
Epoch: [13]  [4720/5625]  eta: 0:07:50  lr: 0.000008  train_loss: 0.1292 (0.1706)  train_iou: 0.6522 (0.6657)  time: 0.5115  data: 0.0006  max mem: 28813
Epoch: [13]  [4740/5625]  eta: 0:07:39  lr: 0.000008  train_loss: 0.1025 (0.1706)  train_iou: 0.6168 (0.6656)  time: 0.5166  data: 0.0007  max mem: 28813
Epoch: [13]  [4760/5625]  eta: 0:07:29  lr: 0.000008  train_loss: 0.1279 (0.1707)  train_iou: 0.6541 (0.6655)  time: 0.5177  data: 0.0016  max mem: 28813
Epoch: [13]  [4780/5625]  eta: 0:07:19  lr: 0.000008  train_loss: 0.1053 (0.1706)  train_iou: 0.6865 (0.6655)  time: 0.5138  data: 0.0004  max mem: 28813
Epoch: [13]  [4800/5625]  eta: 0:07:08  lr: 0.000008  train_loss: 0.1134 (0.1706)  train_iou: 0.6377 (0.6654)  time: 0.5153  data: 0.0004  max mem: 28813
Epoch: [13]  [4820/5625]  eta: 0:06:58  lr: 0.000008  train_loss: 0.1022 (0.1708)  train_iou: 0.6257 (0.6653)  time: 0.5064  data: 0.0014  max mem: 28813
Epoch: [13]  [4840/5625]  eta: 0:06:47  lr: 0.000008  train_loss: 0.1732 (0.1709)  train_iou: 0.6142 (0.6650)  time: 0.5094  data: 0.0012  max mem: 28813
Epoch: [13]  [4860/5625]  eta: 0:06:37  lr: 0.000008  train_loss: 0.1104 (0.1709)  train_iou: 0.5481 (0.6648)  time: 0.5172  data: 0.0004  max mem: 28813
Epoch: [13]  [4880/5625]  eta: 0:06:27  lr: 0.000008  train_loss: 0.1285 (0.1709)  train_iou: 0.6769 (0.6650)  time: 0.5154  data: 0.0004  max mem: 28813
Epoch: [13]  [4900/5625]  eta: 0:06:16  lr: 0.000008  train_loss: 0.1087 (0.1708)  train_iou: 0.6463 (0.6650)  time: 0.5126  data: 0.0010  max mem: 28813
Epoch: [13]  [4920/5625]  eta: 0:06:06  lr: 0.000008  train_loss: 0.1290 (0.1710)  train_iou: 0.6888 (0.6650)  time: 0.5090  data: 0.0006  max mem: 28813
Epoch: [13]  [4940/5625]  eta: 0:05:55  lr: 0.000008  train_loss: 0.1537 (0.1711)  train_iou: 0.6542 (0.6650)  time: 0.5139  data: 0.0004  max mem: 28813
Epoch: [13]  [4960/5625]  eta: 0:05:45  lr: 0.000008  train_loss: 0.1733 (0.1711)  train_iou: 0.6643 (0.6649)  time: 0.5185  data: 0.0013  max mem: 28813
Epoch: [13]  [4980/5625]  eta: 0:05:35  lr: 0.000008  train_loss: 0.2226 (0.1713)  train_iou: 0.6685 (0.6648)  time: 0.5157  data: 0.0009  max mem: 28813
Epoch: [13]  [5000/5625]  eta: 0:05:24  lr: 0.000008  train_loss: 0.2319 (0.1716)  train_iou: 0.6793 (0.6648)  time: 0.5128  data: 0.0014  max mem: 28813
Epoch: [13]  [5020/5625]  eta: 0:05:14  lr: 0.000008  train_loss: 0.1470 (0.1716)  train_iou: 0.6630 (0.6648)  time: 0.5217  data: 0.0008  max mem: 28813
Epoch: [13]  [5040/5625]  eta: 0:05:03  lr: 0.000008  train_loss: 0.1457 (0.1716)  train_iou: 0.6959 (0.6648)  time: 0.5215  data: 0.0006  max mem: 28813
Epoch: [13]  [5060/5625]  eta: 0:04:53  lr: 0.000008  train_loss: 0.1051 (0.1716)  train_iou: 0.6681 (0.6649)  time: 0.5107  data: 0.0013  max mem: 28813
Epoch: [13]  [5080/5625]  eta: 0:04:43  lr: 0.000008  train_loss: 0.1048 (0.1715)  train_iou: 0.6745 (0.6648)  time: 0.5110  data: 0.0019  max mem: 28813
Epoch: [13]  [5100/5625]  eta: 0:04:32  lr: 0.000008  train_loss: 0.1342 (0.1717)  train_iou: 0.6604 (0.6647)  time: 0.5160  data: 0.0007  max mem: 28813
Epoch: [13]  [5120/5625]  eta: 0:04:22  lr: 0.000008  train_loss: 0.1052 (0.1716)  train_iou: 0.6594 (0.6647)  time: 0.5108  data: 0.0005  max mem: 28813
Epoch: [13]  [5140/5625]  eta: 0:04:11  lr: 0.000008  train_loss: 0.1153 (0.1716)  train_iou: 0.5794 (0.6646)  time: 0.5190  data: 0.0016  max mem: 28813
Epoch: [13]  [5160/5625]  eta: 0:04:01  lr: 0.000008  train_loss: 0.1414 (0.1716)  train_iou: 0.6688 (0.6646)  time: 0.5116  data: 0.0011  max mem: 28813
Epoch: [13]  [5180/5625]  eta: 0:03:51  lr: 0.000008  train_loss: 0.1704 (0.1717)  train_iou: 0.6165 (0.6644)  time: 0.5176  data: 0.0008  max mem: 28813
Epoch: [13]  [5200/5625]  eta: 0:03:40  lr: 0.000008  train_loss: 0.1684 (0.1719)  train_iou: 0.6647 (0.6644)  time: 0.5149  data: 0.0013  max mem: 28813
Epoch: [13]  [5220/5625]  eta: 0:03:30  lr: 0.000008  train_loss: 0.1325 (0.1720)  train_iou: 0.6684 (0.6644)  time: 0.5156  data: 0.0009  max mem: 28813
Epoch: [13]  [5240/5625]  eta: 0:03:19  lr: 0.000008  train_loss: 0.1074 (0.1718)  train_iou: 0.6472 (0.6644)  time: 0.5169  data: 0.0021  max mem: 28813
Epoch: [13]  [5260/5625]  eta: 0:03:09  lr: 0.000008  train_loss: 0.1083 (0.1718)  train_iou: 0.6394 (0.6643)  time: 0.5140  data: 0.0007  max mem: 28813
Epoch: [13]  [5280/5625]  eta: 0:02:59  lr: 0.000008  train_loss: 0.0974 (0.1718)  train_iou: 0.6711 (0.6643)  time: 0.5138  data: 0.0010  max mem: 28813
Epoch: [13]  [5300/5625]  eta: 0:02:48  lr: 0.000008  train_loss: 0.0899 (0.1719)  train_iou: 0.7065 (0.6645)  time: 0.5140  data: 0.0026  max mem: 28813
Epoch: [13]  [5320/5625]  eta: 0:02:38  lr: 0.000008  train_loss: 0.1321 (0.1719)  train_iou: 0.6704 (0.6646)  time: 0.5179  data: 0.0016  max mem: 28813
Epoch: [13]  [5340/5625]  eta: 0:02:27  lr: 0.000008  train_loss: 0.1403 (0.1719)  train_iou: 0.5696 (0.6644)  time: 0.5157  data: 0.0006  max mem: 28813
Epoch: [13]  [5360/5625]  eta: 0:02:17  lr: 0.000008  train_loss: 0.1487 (0.1721)  train_iou: 0.6450 (0.6644)  time: 0.5138  data: 0.0004  max mem: 28813
Epoch: [13]  [5380/5625]  eta: 0:02:07  lr: 0.000008  train_loss: 0.1143 (0.1720)  train_iou: 0.6755 (0.6644)  time: 0.5206  data: 0.0004  max mem: 28813
Epoch: [13]  [5400/5625]  eta: 0:01:56  lr: 0.000008  train_loss: 0.1181 (0.1720)  train_iou: 0.6839 (0.6645)  time: 0.5185  data: 0.0010  max mem: 28813
Epoch: [13]  [5420/5625]  eta: 0:01:46  lr: 0.000008  train_loss: 0.1130 (0.1719)  train_iou: 0.7088 (0.6645)  time: 0.5242  data: 0.0030  max mem: 28813
Epoch: [13]  [5440/5625]  eta: 0:01:36  lr: 0.000008  train_loss: 0.0999 (0.1719)  train_iou: 0.6669 (0.6644)  time: 0.5193  data: 0.0009  max mem: 28813
Epoch: [13]  [5460/5625]  eta: 0:01:25  lr: 0.000008  train_loss: 0.1101 (0.1719)  train_iou: 0.6688 (0.6644)  time: 0.5183  data: 0.0023  max mem: 28813
Epoch: [13]  [5480/5625]  eta: 0:01:15  lr: 0.000008  train_loss: 0.1366 (0.1719)  train_iou: 0.6486 (0.6645)  time: 0.5256  data: 0.0018  max mem: 28813
Epoch: [13]  [5500/5625]  eta: 0:01:04  lr: 0.000008  train_loss: 0.1393 (0.1719)  train_iou: 0.6449 (0.6643)  time: 0.5129  data: 0.0008  max mem: 28813
Epoch: [13]  [5520/5625]  eta: 0:00:54  lr: 0.000008  train_loss: 0.1149 (0.1718)  train_iou: 0.6701 (0.6643)  time: 0.5127  data: 0.0006  max mem: 28813
Epoch: [13]  [5540/5625]  eta: 0:00:44  lr: 0.000008  train_loss: 0.1145 (0.1718)  train_iou: 0.6965 (0.6645)  time: 0.5109  data: 0.0006  max mem: 28813
Epoch: [13]  [5560/5625]  eta: 0:00:33  lr: 0.000008  train_loss: 0.1359 (0.1720)  train_iou: 0.6454 (0.6646)  time: 0.5185  data: 0.0020  max mem: 28813
Epoch: [13]  [5580/5625]  eta: 0:00:23  lr: 0.000008  train_loss: 0.1554 (0.1720)  train_iou: 0.6876 (0.6646)  time: 0.5125  data: 0.0012  max mem: 28813
Epoch: [13]  [5600/5625]  eta: 0:00:12  lr: 0.000008  train_loss: 0.2003 (0.1720)  train_iou: 0.6696 (0.6646)  time: 0.5194  data: 0.0006  max mem: 28813
Epoch: [13]  [5620/5625]  eta: 0:00:02  lr: 0.000008  train_loss: 0.0948 (0.1721)  train_iou: 0.5621 (0.6644)  time: 0.4902  data: 0.0002  max mem: 28813
Epoch: [13]  [5624/5625]  eta: 0:00:00  lr: 0.000008  train_loss: 0.0963 (0.1720)  train_iou: 0.6008 (0.6644)  time: 0.4827  data: 0.0002  max mem: 28813
Epoch: [13] Total time: 0:48:40 (0.5192 s / it)
Averaged stats: lr: 0.000008  train_loss: 0.0963 (0.1720)  train_iou: 0.6008 (0.6644)
huggingface/tokenizers: The current process just got forked, after parallelism has already been used. Disabling parallelism to avoid deadlocks...
To disable this warning, you can either:
	- Avoid using `tokenizers` before the fork if possible
	- Explicitly set the environment variable TOKENIZERS_PARALLELISM=(true | false)
huggingface/tokenizers: The current process just got forked, after parallelism has already been used. Disabling parallelism to avoid deadlocks...
To disable this warning, you can either:
	- Avoid using `tokenizers` before the fork if possible
	- Explicitly set the environment variable TOKENIZERS_PARALLELISM=(true | false)
huggingface/tokenizers: The current process just got forked, after parallelism has already been used. Disabling parallelism to avoid deadlocks...
To disable this warning, you can either:
	- Avoid using `tokenizers` before the fork if possible
	- Explicitly set the environment variable TOKENIZERS_PARALLELISM=(true | false)
huggingface/tokenizers: The current process just got forked, after parallelism has already been used. Disabling parallelism to avoid deadlocks...
To disable this warning, you can either:
	- Avoid using `tokenizers` before the fork if possible
	- Explicitly set the environment variable TOKENIZERS_PARALLELISM=(true | false)
huggingface/tokenizers: The current process just got forked, after parallelism has already been used. Disabling parallelism to avoid deadlocks...
To disable this warning, you can either:
	- Avoid using `tokenizers` before the fork if possible
	- Explicitly set the environment variable TOKENIZERS_PARALLELISM=(true | false)
huggingface/tokenizers: The current process just got forked, after parallelism has already been used. Disabling parallelism to avoid deadlocks...
To disable this warning, you can either:
	- Avoid using `tokenizers` before the fork if possible
	- Explicitly set the environment variable TOKENIZERS_PARALLELISM=(true | false)
huggingface/tokenizers: The current process just got forked, after parallelism has already been used. Disabling parallelism to avoid deadlocks...
To disable this warning, you can either:
	- Avoid using `tokenizers` before the fork if possible
	- Explicitly set the environment variable TOKENIZERS_PARALLELISM=(true | false)
huggingface/tokenizers: The current process just got forked, after parallelism has already been used. Disabling parallelism to avoid deadlocks...
To disable this warning, you can either:
	- Avoid using `tokenizers` before the fork if possible
	- Explicitly set the environment variable TOKENIZERS_PARALLELISM=(true | false)
Test:  [   0/4000]  eta: 1:52:25  inter: 33155.0000 (33155.0000)  union: 35162.0000 (35162.0000)  iou: 0.9429 (0.9429)  time: 1.6863  data: 1.4755  max mem: 28813
Test:  [  50/4000]  eta: 0:10:17  inter: 17552.0000 (23042.6094)  union: 47877.0000 (41782.0781)  iou: 0.5082 (0.5417)  time: 0.1312  data: 0.0004  max mem: 28813
Test:  [ 100/4000]  eta: 0:09:32  inter: 22052.0000 (25473.2868)  union: 46274.0000 (41391.0882)  iou: 0.6708 (0.5847)  time: 0.1326  data: 0.0004  max mem: 28813
Test:  [ 150/4000]  eta: 0:09:16  inter: 18138.0000 (24481.2871)  union: 29923.0000 (39015.3445)  iou: 0.8299 (0.5969)  time: 0.1447  data: 0.0004  max mem: 28813
Test:  [ 200/4000]  eta: 0:08:51  inter: 33240.0000 (24827.7985)  union: 36812.0000 (38818.3223)  iou: 0.8990 (0.6067)  time: 0.1242  data: 0.0004  max mem: 28813
Test:  [ 250/4000]  eta: 0:08:29  inter: 13883.0000 (26065.7470)  union: 32976.0000 (40673.2199)  iou: 0.4074 (0.5951)  time: 0.1142  data: 0.0004  max mem: 28813
Test:  [ 300/4000]  eta: 0:08:21  inter: 17323.0000 (25525.9677)  union: 24197.0000 (40427.3102)  iou: 0.5852 (0.5884)  time: 0.1372  data: 0.0004  max mem: 28813
Test:  [ 350/4000]  eta: 0:08:21  inter: 10266.0000 (24510.4174)  union: 31269.0000 (40255.9153)  iou: 0.6234 (0.5755)  time: 0.1508  data: 0.0004  max mem: 28813
Test:  [ 400/4000]  eta: 0:08:17  inter: 30750.0000 (24289.6018)  union: 35460.0000 (39872.0125)  iou: 0.6534 (0.5780)  time: 0.1256  data: 0.0004  max mem: 28813
Test:  [ 450/4000]  eta: 0:08:09  inter: 14356.0000 (24181.3794)  union: 29001.0000 (39690.2841)  iou: 0.5381 (0.5781)  time: 0.1560  data: 0.0004  max mem: 28813
Test:  [ 500/4000]  eta: 0:08:01  inter: 14697.0000 (24533.8009)  union: 27488.0000 (40571.5201)  iou: 0.4886 (0.5759)  time: 0.1228  data: 0.0004  max mem: 28813
Test:  [ 550/4000]  eta: 0:07:57  inter: 23365.0000 (24530.3997)  union: 27805.0000 (40396.7224)  iou: 0.8116 (0.5818)  time: 0.1492  data: 0.0004  max mem: 28813
Test:  [ 600/4000]  eta: 0:07:49  inter: 9463.0000 (24363.0485)  union: 28088.0000 (40225.9609)  iou: 0.7188 (0.5804)  time: 0.1403  data: 0.0004  max mem: 28813
Test:  [ 650/4000]  eta: 0:07:39  inter: 22174.0000 (24780.1348)  union: 41500.0000 (40686.3359)  iou: 0.6194 (0.5786)  time: 0.1237  data: 0.0004  max mem: 28813
Test:  [ 700/4000]  eta: 0:07:31  inter: 13247.0000 (24290.2136)  union: 28956.0000 (40347.1181)  iou: 0.3911 (0.5714)  time: 0.1287  data: 0.0004  max mem: 28813
Test:  [ 750/4000]  eta: 0:07:26  inter: 23243.0000 (24352.4291)  union: 29857.0000 (40337.2655)  iou: 0.7440 (0.5733)  time: 0.1552  data: 0.0004  max mem: 28813
Test:  [ 800/4000]  eta: 0:07:18  inter: 13581.0000 (24140.7875)  union: 46465.0000 (39945.9554)  iou: 0.5996 (0.5740)  time: 0.1460  data: 0.0004  max mem: 28813
Test:  [ 850/4000]  eta: 0:07:12  inter: 21431.0000 (24304.3180)  union: 34699.0000 (39943.9272)  iou: 0.6853 (0.5772)  time: 0.1212  data: 0.0004  max mem: 28813
Test:  [ 900/4000]  eta: 0:07:05  inter: 8104.0000 (24349.1502)  union: 30380.0000 (40119.8814)  iou: 0.4454 (0.5732)  time: 0.1196  data: 0.0004  max mem: 28813
Test:  [ 950/4000]  eta: 0:06:57  inter: 24972.0000 (24580.3803)  union: 30580.0000 (40203.9047)  iou: 0.7908 (0.5740)  time: 0.1352  data: 0.0004  max mem: 28813
Test:  [1000/4000]  eta: 0:06:50  inter: 20034.0000 (24823.4833)  union: 37654.0000 (40328.6700)  iou: 0.7265 (0.5758)  time: 0.1224  data: 0.0004  max mem: 28813
Test:  [1050/4000]  eta: 0:06:43  inter: 21511.0000 (24871.8279)  union: 37358.0000 (40355.7027)  iou: 0.5410 (0.5758)  time: 0.1381  data: 0.0004  max mem: 28813
Test:  [1100/4000]  eta: 0:06:35  inter: 20647.0000 (24738.7780)  union: 29496.0000 (40146.7812)  iou: 0.7521 (0.5762)  time: 0.1343  data: 0.0004  max mem: 28813
Test:  [1150/4000]  eta: 0:06:29  inter: 10007.0000 (24870.9076)  union: 23784.0000 (40024.9826)  iou: 0.4201 (0.5789)  time: 0.1482  data: 0.0004  max mem: 28813
Test:  [1200/4000]  eta: 0:06:22  inter: 9933.0000 (24787.6272)  union: 28954.0000 (40202.5488)  iou: 0.6834 (0.5753)  time: 0.1389  data: 0.0005  max mem: 28813
Test:  [1250/4000]  eta: 0:06:17  inter: 299.0000 (24577.7445)  union: 29685.0000 (39959.3379)  iou: 0.0095 (0.5739)  time: 0.1548  data: 0.0005  max mem: 28813
Test:  [1300/4000]  eta: 0:06:10  inter: 20689.0000 (24369.7646)  union: 32407.0000 (39759.8105)  iou: 0.5663 (0.5750)  time: 0.1373  data: 0.0004  max mem: 28813
Test:  [1350/4000]  eta: 0:06:03  inter: 26025.0000 (24416.0868)  union: 33642.0000 (39754.4516)  iou: 0.7900 (0.5761)  time: 0.1315  data: 0.0004  max mem: 28813
Test:  [1400/4000]  eta: 0:05:56  inter: 9871.0000 (24520.9362)  union: 11516.0000 (39905.7606)  iou: 0.7130 (0.5737)  time: 0.1375  data: 0.0004  max mem: 28813
Test:  [1450/4000]  eta: 0:05:49  inter: 14381.0000 (24472.0621)  union: 46401.0000 (39823.8988)  iou: 0.4163 (0.5731)  time: 0.1304  data: 0.0004  max mem: 28813
Test:  [1500/4000]  eta: 0:05:42  inter: 17907.0000 (24592.0161)  union: 49403.0000 (39988.9049)  iou: 0.4651 (0.5720)  time: 0.1292  data: 0.0004  max mem: 28813
Test:  [1550/4000]  eta: 0:05:36  inter: 11832.0000 (24459.4512)  union: 26801.0000 (39924.5360)  iou: 0.8341 (0.5729)  time: 0.1555  data: 0.0004  max mem: 28813
Test:  [1600/4000]  eta: 0:05:30  inter: 11104.0000 (24358.4773)  union: 25373.0000 (39883.2186)  iou: 0.5978 (0.5703)  time: 0.1570  data: 0.0004  max mem: 28813
Test:  [1650/4000]  eta: 0:05:22  inter: 15934.0000 (24263.5802)  union: 33901.0000 (39869.8122)  iou: 0.4515 (0.5688)  time: 0.1325  data: 0.0004  max mem: 28813
Test:  [1700/4000]  eta: 0:05:15  inter: 16831.0000 (24225.2003)  union: 35858.0000 (39910.2607)  iou: 0.8112 (0.5675)  time: 0.1354  data: 0.0005  max mem: 28813
Test:  [1750/4000]  eta: 0:05:08  inter: 23977.0000 (24186.6965)  union: 32374.0000 (39868.7196)  iou: 0.7643 (0.5673)  time: 0.1515  data: 0.0004  max mem: 28813
Test:  [1800/4000]  eta: 0:05:02  inter: 16594.0000 (24095.1201)  union: 45140.0000 (39772.3698)  iou: 0.5712 (0.5667)  time: 0.1517  data: 0.0004  max mem: 28813
Test:  [1850/4000]  eta: 0:04:54  inter: 885.0000 (24055.3521)  union: 34122.0000 (39843.7050)  iou: 0.0236 (0.5644)  time: 0.1391  data: 0.0004  max mem: 28813
Test:  [1900/4000]  eta: 0:04:47  inter: 34974.0000 (24012.4201)  union: 55826.0000 (39756.1811)  iou: 0.5780 (0.5648)  time: 0.1401  data: 0.0004  max mem: 28813
Test:  [1950/4000]  eta: 0:04:41  inter: 11612.0000 (23928.6494)  union: 16597.0000 (39729.9363)  iou: 0.6992 (0.5645)  time: 0.1369  data: 0.0004  max mem: 28813
Test:  [2000/4000]  eta: 0:04:34  inter: 16011.0000 (23938.9717)  union: 22406.0000 (39676.8842)  iou: 0.6524 (0.5651)  time: 0.1206  data: 0.0004  max mem: 28813
Test:  [2050/4000]  eta: 0:04:27  inter: 6086.0000 (23812.4421)  union: 56165.0000 (39759.2946)  iou: 0.1898 (0.5628)  time: 0.1667  data: 0.0004  max mem: 28813
Test:  [2100/4000]  eta: 0:04:20  inter: 12124.0000 (23724.3608)  union: 31847.0000 (39716.6416)  iou: 0.7638 (0.5620)  time: 0.1228  data: 0.0004  max mem: 28813
Test:  [2150/4000]  eta: 0:04:13  inter: 16185.0000 (23734.3259)  union: 30524.0000 (39756.5226)  iou: 0.6986 (0.5613)  time: 0.1286  data: 0.0004  max mem: 28813
Test:  [2200/4000]  eta: 0:04:06  inter: 13397.0000 (23711.5906)  union: 21060.0000 (39665.1512)  iou: 0.6305 (0.5616)  time: 0.1425  data: 0.0004  max mem: 28813
Test:  [2250/4000]  eta: 0:04:00  inter: 17146.0000 (23595.1142)  union: 37525.0000 (39506.7118)  iou: 0.5441 (0.5602)  time: 0.1255  data: 0.0004  max mem: 28813
Test:  [2300/4000]  eta: 0:03:52  inter: 18982.0000 (23707.7492)  union: 36978.0000 (39497.5433)  iou: 0.5842 (0.5629)  time: 0.1397  data: 0.0004  max mem: 28813
Test:  [2350/4000]  eta: 0:03:46  inter: 16786.0000 (23634.3511)  union: 48098.0000 (39467.3866)  iou: 0.6419 (0.5628)  time: 0.1494  data: 0.0004  max mem: 28813
Test:  [2400/4000]  eta: 0:03:39  inter: 10453.0000 (23704.9255)  union: 33748.0000 (39459.9632)  iou: 0.4433 (0.5636)  time: 0.1520  data: 0.0004  max mem: 28813
Test:  [2450/4000]  eta: 0:03:32  inter: 28614.0000 (23793.1995)  union: 31871.0000 (39515.3010)  iou: 0.8596 (0.5654)  time: 0.1145  data: 0.0004  max mem: 28813
Test:  [2500/4000]  eta: 0:03:25  inter: 25080.0000 (23772.0520)  union: 38307.0000 (39534.4458)  iou: 0.7831 (0.5652)  time: 0.1173  data: 0.0004  max mem: 28813
Test:  [2550/4000]  eta: 0:03:18  inter: 28463.0000 (23880.9516)  union: 33106.0000 (39654.2271)  iou: 0.8241 (0.5657)  time: 0.1521  data: 0.0004  max mem: 28813
Test:  [2600/4000]  eta: 0:03:11  inter: 10679.0000 (23797.5189)  union: 32962.0000 (39603.3740)  iou: 0.3143 (0.5642)  time: 0.1416  data: 0.0004  max mem: 28813
Test:  [2650/4000]  eta: 0:03:04  inter: 16448.0000 (23784.2223)  union: 34319.0000 (39814.3327)  iou: 0.8454 (0.5635)  time: 0.1413  data: 0.0004  max mem: 28813
Test:  [2700/4000]  eta: 0:02:57  inter: 22724.0000 (23876.0366)  union: 30611.0000 (39905.7110)  iou: 0.8303 (0.5648)  time: 0.1301  data: 0.0004  max mem: 28813
Test:  [2750/4000]  eta: 0:02:51  inter: 23019.0000 (23972.3893)  union: 34428.0000 (40067.0398)  iou: 0.7949 (0.5644)  time: 0.1292  data: 0.0004  max mem: 28813
Test:  [2800/4000]  eta: 0:02:44  inter: 14759.0000 (23956.6416)  union: 25683.0000 (39962.5657)  iou: 0.8478 (0.5649)  time: 0.1327  data: 0.0004  max mem: 28813
Test:  [2850/4000]  eta: 0:02:37  inter: 12317.0000 (24067.5738)  union: 32870.0000 (40056.6129)  iou: 0.4253 (0.5643)  time: 0.1299  data: 0.0004  max mem: 28813
Test:  [2900/4000]  eta: 0:02:30  inter: 17575.0000 (24067.2144)  union: 26046.0000 (40103.1228)  iou: 0.6667 (0.5629)  time: 0.1240  data: 0.0004  max mem: 28813
Test:  [2950/4000]  eta: 0:02:23  inter: 19187.0000 (24110.6421)  union: 26401.0000 (40133.5067)  iou: 0.5895 (0.5632)  time: 0.1239  data: 0.0004  max mem: 28813
Test:  [3000/4000]  eta: 0:02:16  inter: 9884.0000 (24052.9872)  union: 32212.0000 (40079.5316)  iou: 0.6066 (0.5624)  time: 0.1514  data: 0.0004  max mem: 28813
Test:  [3050/4000]  eta: 0:02:10  inter: 12899.0000 (24020.2088)  union: 30673.0000 (40126.2253)  iou: 0.4388 (0.5622)  time: 0.1330  data: 0.0004  max mem: 28813
Test:  [3100/4000]  eta: 0:02:03  inter: 22682.0000 (24003.4130)  union: 41601.0000 (40099.6930)  iou: 0.4738 (0.5627)  time: 0.1358  data: 0.0004  max mem: 28813
Test:  [3150/4000]  eta: 0:01:56  inter: 14188.0000 (23892.4179)  union: 21317.0000 (39971.7951)  iou: 0.5426 (0.5624)  time: 0.1389  data: 0.0004  max mem: 28813
Test:  [3200/4000]  eta: 0:01:49  inter: 10435.0000 (23879.8506)  union: 38784.0000 (40002.8953)  iou: 0.6318 (0.5625)  time: 0.1291  data: 0.0004  max mem: 28813
Test:  [3250/4000]  eta: 0:01:42  inter: 13813.0000 (23822.3308)  union: 24897.0000 (39958.4374)  iou: 0.6586 (0.5611)  time: 0.1360  data: 0.0004  max mem: 28813
Test:  [3300/4000]  eta: 0:01:35  inter: 24774.0000 (23898.4578)  union: 43694.0000 (40069.4782)  iou: 0.7281 (0.5602)  time: 0.1550  data: 0.0004  max mem: 28813
Test:  [3350/4000]  eta: 0:01:29  inter: 9699.0000 (23893.8800)  union: 12574.0000 (40066.7498)  iou: 0.7578 (0.5608)  time: 0.1165  data: 0.0004  max mem: 28813
Test:  [3400/4000]  eta: 0:01:22  inter: 23523.0000 (24027.2863)  union: 40785.0000 (40125.4275)  iou: 0.8568 (0.5624)  time: 0.1460  data: 0.0004  max mem: 28813
Test:  [3450/4000]  eta: 0:01:15  inter: 15546.0000 (24046.3074)  union: 31212.0000 (40158.8386)  iou: 0.4461 (0.5625)  time: 0.1271  data: 0.0004  max mem: 28813
Test:  [3500/4000]  eta: 0:01:08  inter: 11927.0000 (24013.4201)  union: 20595.0000 (40086.2642)  iou: 0.4076 (0.5625)  time: 0.1276  data: 0.0004  max mem: 28813
Test:  [3550/4000]  eta: 0:01:01  inter: 20692.0000 (24017.9298)  union: 37658.0000 (40128.9658)  iou: 0.6187 (0.5620)  time: 0.1203  data: 0.0004  max mem: 28813
Test:  [3600/4000]  eta: 0:00:54  inter: 21144.0000 (23953.7168)  union: 36653.0000 (40097.1531)  iou: 0.3828 (0.5607)  time: 0.1257  data: 0.0004  max mem: 28813
Test:  [3650/4000]  eta: 0:00:47  inter: 17567.0000 (23898.2383)  union: 38794.0000 (40085.5958)  iou: 0.4426 (0.5598)  time: 0.1614  data: 0.0004  max mem: 28813
Test:  [3700/4000]  eta: 0:00:41  inter: 21040.0000 (24020.4763)  union: 35919.0000 (40133.6437)  iou: 0.8053 (0.5610)  time: 0.1310  data: 0.0004  max mem: 28813
Test:  [3750/4000]  eta: 0:00:34  inter: 22412.0000 (24058.1157)  union: 44344.0000 (40181.4963)  iou: 0.4855 (0.5616)  time: 0.1297  data: 0.0004  max mem: 28813
Test:  [3800/4000]  eta: 0:00:27  inter: 20086.0000 (24098.5323)  union: 29619.0000 (40161.0699)  iou: 0.6409 (0.5621)  time: 0.1135  data: 0.0004  max mem: 28813
Test:  [3850/4000]  eta: 0:00:20  inter: 17518.0000 (24079.7656)  union: 32679.0000 (40206.0879)  iou: 0.7617 (0.5618)  time: 0.1331  data: 0.0011  max mem: 28813
Test:  [3900/4000]  eta: 0:00:13  inter: 16608.0000 (24110.3400)  union: 27563.0000 (40285.9638)  iou: 0.5800 (0.5615)  time: 0.1345  data: 0.0004  max mem: 28813
Test:  [3950/4000]  eta: 0:00:06  inter: 17811.0000 (24076.1211)  union: 35413.0000 (40243.7245)  iou: 0.7378 (0.5619)  time: 0.1264  data: 0.0004  max mem: 28813
Test:  [3999/4000]  eta: 0:00:00  inter: 14887.0000 (24052.7977)  union: 30954.0000 (40157.4080)  iou: 0.4673 (0.5630)  time: 0.1113  data: 0.0001  max mem: 28813
Test: Total time: 0:09:08 (0.1371 s / it)
* IoU 0.563 oIoU 0.599
IoU of the network on the 4000 test images: 0.6%
Max IoU: 0.58%
huggingface/tokenizers: The current process just got forked, after parallelism has already been used. Disabling parallelism to avoid deadlocks...
To disable this warning, you can either:
	- Avoid using `tokenizers` before the fork if possible
	- Explicitly set the environment variable TOKENIZERS_PARALLELISM=(true | false)
huggingface/tokenizers: The current process just got forked, after parallelism has already been used. Disabling parallelism to avoid deadlocks...
To disable this warning, you can either:
	- Avoid using `tokenizers` before the fork if possible
	- Explicitly set the environment variable TOKENIZERS_PARALLELISM=(true | false)
huggingface/tokenizers: The current process just got forked, after parallelism has already been used. Disabling parallelism to avoid deadlocks...
To disable this warning, you can either:
	- Avoid using `tokenizers` before the fork if possible
	- Explicitly set the environment variable TOKENIZERS_PARALLELISM=(true | false)
huggingface/tokenizers: The current process just got forked, after parallelism has already been used. Disabling parallelism to avoid deadlocks...
To disable this warning, you can either:
	- Avoid using `tokenizers` before the fork if possible
	- Explicitly set the environment variable TOKENIZERS_PARALLELISM=(true | false)
huggingface/tokenizers: The current process just got forked, after parallelism has already been used. Disabling parallelism to avoid deadlocks...
To disable this warning, you can either:
	- Avoid using `tokenizers` before the fork if possible
	- Explicitly set the environment variable TOKENIZERS_PARALLELISM=(true | false)
huggingface/tokenizers: The current process just got forked, after parallelism has already been used. Disabling parallelism to avoid deadlocks...
To disable this warning, you can either:
	- Avoid using `tokenizers` before the fork if possible
	- Explicitly set the environment variable TOKENIZERS_PARALLELISM=(true | false)
huggingface/tokenizers: The current process just got forked, after parallelism has already been used. Disabling parallelism to avoid deadlocks...
To disable this warning, you can either:
	- Avoid using `tokenizers` before the fork if possible
	- Explicitly set the environment variable TOKENIZERS_PARALLELISM=(true | false)
huggingface/tokenizers: The current process just got forked, after parallelism has already been used. Disabling parallelism to avoid deadlocks...
To disable this warning, you can either:
	- Avoid using `tokenizers` before the fork if possible
	- Explicitly set the environment variable TOKENIZERS_PARALLELISM=(true | false)
Epoch: [14]  [   0/5625]  eta: 8:10:54  lr: 0.000008  train_loss: 0.1224 (0.1224)  train_iou: 0.6396 (0.6396)  time: 5.2363  data: 4.4213  max mem: 28813
Epoch: [14]  [  20/5625]  eta: 1:13:34  lr: 0.000008  train_loss: 0.0832 (0.1100)  train_iou: 0.6563 (0.6351)  time: 0.5652  data: 0.0256  max mem: 28813
Epoch: [14]  [  40/5625]  eta: 1:01:21  lr: 0.000008  train_loss: 0.1028 (0.1615)  train_iou: 0.6745 (0.6613)  time: 0.5242  data: 0.0035  max mem: 28813
Epoch: [14]  [  60/5625]  eta: 0:56:56  lr: 0.000008  train_loss: 0.1665 (0.1834)  train_iou: 0.6642 (0.6525)  time: 0.5212  data: 0.0023  max mem: 28813
Epoch: [14]  [  80/5625]  eta: 0:54:44  lr: 0.000008  train_loss: 0.1025 (0.1769)  train_iou: 0.6729 (0.6582)  time: 0.5266  data: 0.0019  max mem: 28813
Epoch: [14]  [ 100/5625]  eta: 0:53:05  lr: 0.000008  train_loss: 0.2014 (0.1841)  train_iou: 0.6540 (0.6538)  time: 0.5128  data: 0.0006  max mem: 28813
Epoch: [14]  [ 120/5625]  eta: 0:51:59  lr: 0.000008  train_loss: 0.1237 (0.1829)  train_iou: 0.6737 (0.6604)  time: 0.5170  data: 0.0007  max mem: 28813
Epoch: [14]  [ 140/5625]  eta: 0:51:16  lr: 0.000008  train_loss: 0.1124 (0.1823)  train_iou: 0.6698 (0.6603)  time: 0.5252  data: 0.0017  max mem: 28813
Epoch: [14]  [ 160/5625]  eta: 0:50:36  lr: 0.000008  train_loss: 0.0980 (0.1753)  train_iou: 0.6739 (0.6589)  time: 0.5182  data: 0.0038  max mem: 28813
Epoch: [14]  [ 180/5625]  eta: 0:50:02  lr: 0.000008  train_loss: 0.1057 (0.1732)  train_iou: 0.6903 (0.6618)  time: 0.5185  data: 0.0013  max mem: 28813
Epoch: [14]  [ 200/5625]  eta: 0:49:33  lr: 0.000008  train_loss: 0.0972 (0.1691)  train_iou: 0.6521 (0.6619)  time: 0.5175  data: 0.0018  max mem: 28813
Epoch: [14]  [ 220/5625]  eta: 0:49:06  lr: 0.000008  train_loss: 0.0879 (0.1670)  train_iou: 0.6795 (0.6650)  time: 0.5151  data: 0.0008  max mem: 28813
Epoch: [14]  [ 240/5625]  eta: 0:48:43  lr: 0.000008  train_loss: 0.1408 (0.1673)  train_iou: 0.7484 (0.6692)  time: 0.5175  data: 0.0015  max mem: 28813
Epoch: [14]  [ 260/5625]  eta: 0:48:22  lr: 0.000008  train_loss: 0.1104 (0.1668)  train_iou: 0.6302 (0.6648)  time: 0.5199  data: 0.0027  max mem: 28813
Epoch: [14]  [ 280/5625]  eta: 0:48:04  lr: 0.000008  train_loss: 0.0899 (0.1659)  train_iou: 0.6633 (0.6640)  time: 0.5228  data: 0.0031  max mem: 28813
Epoch: [14]  [ 300/5625]  eta: 0:47:46  lr: 0.000008  train_loss: 0.0900 (0.1633)  train_iou: 0.6776 (0.6652)  time: 0.5176  data: 0.0005  max mem: 28813
Epoch: [14]  [ 320/5625]  eta: 0:47:27  lr: 0.000008  train_loss: 0.1156 (0.1628)  train_iou: 0.6391 (0.6631)  time: 0.5131  data: 0.0004  max mem: 28813
Epoch: [14]  [ 340/5625]  eta: 0:47:10  lr: 0.000008  train_loss: 0.0927 (0.1614)  train_iou: 0.6743 (0.6635)  time: 0.5180  data: 0.0018  max mem: 28813
Epoch: [14]  [ 360/5625]  eta: 0:46:56  lr: 0.000008  train_loss: 0.1223 (0.1628)  train_iou: 0.6653 (0.6622)  time: 0.5232  data: 0.0034  max mem: 28813
Epoch: [14]  [ 380/5625]  eta: 0:46:42  lr: 0.000008  train_loss: 0.1159 (0.1629)  train_iou: 0.6845 (0.6637)  time: 0.5216  data: 0.0009  max mem: 28813
Epoch: [14]  [ 400/5625]  eta: 0:46:28  lr: 0.000008  train_loss: 0.1061 (0.1623)  train_iou: 0.6600 (0.6639)  time: 0.5216  data: 0.0009  max mem: 28813
Epoch: [14]  [ 420/5625]  eta: 0:46:13  lr: 0.000008  train_loss: 0.1958 (0.1648)  train_iou: 0.6535 (0.6631)  time: 0.5163  data: 0.0029  max mem: 28813
Epoch: [14]  [ 440/5625]  eta: 0:46:00  lr: 0.000008  train_loss: 0.0852 (0.1638)  train_iou: 0.6295 (0.6627)  time: 0.5233  data: 0.0016  max mem: 28813
Epoch: [14]  [ 460/5625]  eta: 0:45:47  lr: 0.000008  train_loss: 0.1237 (0.1632)  train_iou: 0.6725 (0.6644)  time: 0.5214  data: 0.0004  max mem: 28813
Epoch: [14]  [ 480/5625]  eta: 0:45:34  lr: 0.000008  train_loss: 0.1041 (0.1622)  train_iou: 0.6662 (0.6636)  time: 0.5221  data: 0.0005  max mem: 28813
Epoch: [14]  [ 500/5625]  eta: 0:45:21  lr: 0.000008  train_loss: 0.1125 (0.1620)  train_iou: 0.6124 (0.6611)  time: 0.5220  data: 0.0028  max mem: 28813
Epoch: [14]  [ 520/5625]  eta: 0:45:07  lr: 0.000008  train_loss: 0.1308 (0.1618)  train_iou: 0.6405 (0.6610)  time: 0.5122  data: 0.0004  max mem: 28813
Epoch: [14]  [ 540/5625]  eta: 0:44:55  lr: 0.000008  train_loss: 0.1384 (0.1620)  train_iou: 0.6945 (0.6609)  time: 0.5215  data: 0.0013  max mem: 28813
Epoch: [14]  [ 560/5625]  eta: 0:44:42  lr: 0.000008  train_loss: 0.1249 (0.1624)  train_iou: 0.6562 (0.6614)  time: 0.5195  data: 0.0011  max mem: 28813
Epoch: [14]  [ 580/5625]  eta: 0:44:30  lr: 0.000008  train_loss: 0.1142 (0.1621)  train_iou: 0.6770 (0.6608)  time: 0.5186  data: 0.0004  max mem: 28813
Epoch: [14]  [ 600/5625]  eta: 0:44:19  lr: 0.000008  train_loss: 0.1210 (0.1628)  train_iou: 0.6276 (0.6600)  time: 0.5257  data: 0.0036  max mem: 28813
Epoch: [14]  [ 620/5625]  eta: 0:44:07  lr: 0.000008  train_loss: 0.1590 (0.1634)  train_iou: 0.6695 (0.6606)  time: 0.5262  data: 0.0022  max mem: 28813
Epoch: [14]  [ 640/5625]  eta: 0:43:56  lr: 0.000008  train_loss: 0.1203 (0.1625)  train_iou: 0.6783 (0.6611)  time: 0.5231  data: 0.0030  max mem: 28813
Epoch: [14]  [ 660/5625]  eta: 0:43:44  lr: 0.000008  train_loss: 0.1056 (0.1613)  train_iou: 0.6947 (0.6618)  time: 0.5196  data: 0.0007  max mem: 28813
Epoch: [14]  [ 680/5625]  eta: 0:43:32  lr: 0.000008  train_loss: 0.1189 (0.1610)  train_iou: 0.6181 (0.6606)  time: 0.5221  data: 0.0010  max mem: 28813
Epoch: [14]  [ 700/5625]  eta: 0:43:21  lr: 0.000008  train_loss: 0.1935 (0.1622)  train_iou: 0.6549 (0.6604)  time: 0.5241  data: 0.0010  max mem: 28813
Epoch: [14]  [ 720/5625]  eta: 0:43:09  lr: 0.000008  train_loss: 0.0952 (0.1625)  train_iou: 0.6704 (0.6609)  time: 0.5138  data: 0.0013  max mem: 28813
Epoch: [14]  [ 740/5625]  eta: 0:42:57  lr: 0.000008  train_loss: 0.2162 (0.1637)  train_iou: 0.6427 (0.6610)  time: 0.5210  data: 0.0022  max mem: 28813
Epoch: [14]  [ 760/5625]  eta: 0:42:46  lr: 0.000008  train_loss: 0.0988 (0.1625)  train_iou: 0.6138 (0.6605)  time: 0.5239  data: 0.0005  max mem: 28813
Epoch: [14]  [ 780/5625]  eta: 0:42:35  lr: 0.000008  train_loss: 0.0882 (0.1624)  train_iou: 0.6739 (0.6599)  time: 0.5247  data: 0.0019  max mem: 28813
Epoch: [14]  [ 800/5625]  eta: 0:42:23  lr: 0.000008  train_loss: 0.1024 (0.1616)  train_iou: 0.6732 (0.6606)  time: 0.5168  data: 0.0009  max mem: 28813
Epoch: [14]  [ 820/5625]  eta: 0:42:13  lr: 0.000008  train_loss: 0.1219 (0.1617)  train_iou: 0.6553 (0.6604)  time: 0.5278  data: 0.0012  max mem: 28813
Epoch: [14]  [ 840/5625]  eta: 0:42:01  lr: 0.000008  train_loss: 0.1138 (0.1615)  train_iou: 0.6621 (0.6607)  time: 0.5135  data: 0.0004  max mem: 28813
Epoch: [14]  [ 860/5625]  eta: 0:41:50  lr: 0.000008  train_loss: 0.0915 (0.1607)  train_iou: 0.6655 (0.6609)  time: 0.5197  data: 0.0005  max mem: 28813
Epoch: [14]  [ 880/5625]  eta: 0:41:38  lr: 0.000008  train_loss: 0.0993 (0.1599)  train_iou: 0.6568 (0.6611)  time: 0.5171  data: 0.0018  max mem: 28813
Epoch: [14]  [ 900/5625]  eta: 0:41:27  lr: 0.000008  train_loss: 0.1143 (0.1598)  train_iou: 0.6632 (0.6620)  time: 0.5256  data: 0.0031  max mem: 28813
Epoch: [14]  [ 920/5625]  eta: 0:41:16  lr: 0.000008  train_loss: 0.1868 (0.1605)  train_iou: 0.6444 (0.6612)  time: 0.5157  data: 0.0024  max mem: 28813
Epoch: [14]  [ 940/5625]  eta: 0:41:05  lr: 0.000008  train_loss: 0.2091 (0.1613)  train_iou: 0.6199 (0.6603)  time: 0.5196  data: 0.0012  max mem: 28813
Epoch: [14]  [ 960/5625]  eta: 0:40:53  lr: 0.000008  train_loss: 0.1270 (0.1622)  train_iou: 0.6176 (0.6597)  time: 0.5142  data: 0.0008  max mem: 28813
Epoch: [14]  [ 980/5625]  eta: 0:40:41  lr: 0.000008  train_loss: 0.1062 (0.1625)  train_iou: 0.6825 (0.6601)  time: 0.5161  data: 0.0017  max mem: 28813
Epoch: [14]  [1000/5625]  eta: 0:40:30  lr: 0.000008  train_loss: 0.1690 (0.1635)  train_iou: 0.5819 (0.6594)  time: 0.5213  data: 0.0006  max mem: 28813
Epoch: [14]  [1020/5625]  eta: 0:40:19  lr: 0.000008  train_loss: 0.1211 (0.1642)  train_iou: 0.6980 (0.6602)  time: 0.5125  data: 0.0004  max mem: 28813
Epoch: [14]  [1040/5625]  eta: 0:40:08  lr: 0.000008  train_loss: 0.1056 (0.1639)  train_iou: 0.6705 (0.6600)  time: 0.5194  data: 0.0017  max mem: 28813
Epoch: [14]  [1060/5625]  eta: 0:39:57  lr: 0.000008  train_loss: 0.1028 (0.1638)  train_iou: 0.6830 (0.6607)  time: 0.5251  data: 0.0012  max mem: 28813
Epoch: [14]  [1080/5625]  eta: 0:39:47  lr: 0.000008  train_loss: 0.0993 (0.1636)  train_iou: 0.6943 (0.6613)  time: 0.5250  data: 0.0024  max mem: 28813
Epoch: [14]  [1100/5625]  eta: 0:39:36  lr: 0.000008  train_loss: 0.1440 (0.1636)  train_iou: 0.6344 (0.6609)  time: 0.5282  data: 0.0026  max mem: 28813
Epoch: [14]  [1120/5625]  eta: 0:39:26  lr: 0.000008  train_loss: 0.1668 (0.1643)  train_iou: 0.6815 (0.6610)  time: 0.5285  data: 0.0007  max mem: 28813
Epoch: [14]  [1140/5625]  eta: 0:39:16  lr: 0.000008  train_loss: 0.1604 (0.1648)  train_iou: 0.6556 (0.6608)  time: 0.5288  data: 0.0007  max mem: 28813
Epoch: [14]  [1160/5625]  eta: 0:39:05  lr: 0.000008  train_loss: 0.1593 (0.1655)  train_iou: 0.6673 (0.6614)  time: 0.5215  data: 0.0013  max mem: 28813
Epoch: [14]  [1180/5625]  eta: 0:38:54  lr: 0.000008  train_loss: 0.0920 (0.1648)  train_iou: 0.6754 (0.6615)  time: 0.5209  data: 0.0010  max mem: 28813
Epoch: [14]  [1200/5625]  eta: 0:38:44  lr: 0.000008  train_loss: 0.0974 (0.1644)  train_iou: 0.6798 (0.6620)  time: 0.5220  data: 0.0017  max mem: 28813
Epoch: [14]  [1220/5625]  eta: 0:38:33  lr: 0.000008  train_loss: 0.1371 (0.1648)  train_iou: 0.6992 (0.6624)  time: 0.5206  data: 0.0006  max mem: 28813
Epoch: [14]  [1240/5625]  eta: 0:38:21  lr: 0.000008  train_loss: 0.1357 (0.1649)  train_iou: 0.6794 (0.6629)  time: 0.5121  data: 0.0007  max mem: 28813
Epoch: [14]  [1260/5625]  eta: 0:38:10  lr: 0.000008  train_loss: 0.1606 (0.1661)  train_iou: 0.6163 (0.6623)  time: 0.5181  data: 0.0032  max mem: 28813
Epoch: [14]  [1280/5625]  eta: 0:38:00  lr: 0.000008  train_loss: 0.1293 (0.1664)  train_iou: 0.6445 (0.6620)  time: 0.5256  data: 0.0014  max mem: 28813
Epoch: [14]  [1300/5625]  eta: 0:37:49  lr: 0.000008  train_loss: 0.1235 (0.1663)  train_iou: 0.7203 (0.6625)  time: 0.5227  data: 0.0021  max mem: 28813
Epoch: [14]  [1320/5625]  eta: 0:37:39  lr: 0.000008  train_loss: 0.1180 (0.1667)  train_iou: 0.6466 (0.6626)  time: 0.5209  data: 0.0013  max mem: 28813
Epoch: [14]  [1340/5625]  eta: 0:37:28  lr: 0.000008  train_loss: 0.1088 (0.1668)  train_iou: 0.7199 (0.6635)  time: 0.5264  data: 0.0017  max mem: 28813
Epoch: [14]  [1360/5625]  eta: 0:37:18  lr: 0.000008  train_loss: 0.1123 (0.1667)  train_iou: 0.6584 (0.6637)  time: 0.5259  data: 0.0013  max mem: 28813
Epoch: [14]  [1380/5625]  eta: 0:37:07  lr: 0.000008  train_loss: 0.1652 (0.1670)  train_iou: 0.6454 (0.6634)  time: 0.5207  data: 0.0021  max mem: 28813
Epoch: [14]  [1400/5625]  eta: 0:36:56  lr: 0.000008  train_loss: 0.1726 (0.1672)  train_iou: 0.6600 (0.6632)  time: 0.5181  data: 0.0009  max mem: 28813
Epoch: [14]  [1420/5625]  eta: 0:36:45  lr: 0.000008  train_loss: 0.0920 (0.1663)  train_iou: 0.6869 (0.6636)  time: 0.5231  data: 0.0018  max mem: 28813
Epoch: [14]  [1440/5625]  eta: 0:36:35  lr: 0.000008  train_loss: 0.1025 (0.1663)  train_iou: 0.6732 (0.6639)  time: 0.5250  data: 0.0020  max mem: 28813
Epoch: [14]  [1460/5625]  eta: 0:36:24  lr: 0.000008  train_loss: 0.1542 (0.1664)  train_iou: 0.6929 (0.6645)  time: 0.5219  data: 0.0030  max mem: 28813
Epoch: [14]  [1480/5625]  eta: 0:36:14  lr: 0.000008  train_loss: 0.1060 (0.1658)  train_iou: 0.6797 (0.6649)  time: 0.5277  data: 0.0037  max mem: 28813
Epoch: [14]  [1500/5625]  eta: 0:36:04  lr: 0.000008  train_loss: 0.0988 (0.1653)  train_iou: 0.6784 (0.6652)  time: 0.5272  data: 0.0033  max mem: 28813
Epoch: [14]  [1520/5625]  eta: 0:35:53  lr: 0.000008  train_loss: 0.1177 (0.1651)  train_iou: 0.6849 (0.6655)  time: 0.5129  data: 0.0004  max mem: 28813
Epoch: [14]  [1540/5625]  eta: 0:35:42  lr: 0.000008  train_loss: 0.1576 (0.1653)  train_iou: 0.6937 (0.6652)  time: 0.5301  data: 0.0066  max mem: 28813
Epoch: [14]  [1560/5625]  eta: 0:35:32  lr: 0.000008  train_loss: 0.1514 (0.1652)  train_iou: 0.6814 (0.6652)  time: 0.5183  data: 0.0007  max mem: 28813
Epoch: [14]  [1580/5625]  eta: 0:35:21  lr: 0.000008  train_loss: 0.1178 (0.1650)  train_iou: 0.6964 (0.6655)  time: 0.5201  data: 0.0006  max mem: 28813
Epoch: [14]  [1600/5625]  eta: 0:35:10  lr: 0.000008  train_loss: 0.1275 (0.1656)  train_iou: 0.7176 (0.6659)  time: 0.5130  data: 0.0004  max mem: 28813
Epoch: [14]  [1620/5625]  eta: 0:34:59  lr: 0.000008  train_loss: 0.0835 (0.1651)  train_iou: 0.6749 (0.6662)  time: 0.5220  data: 0.0012  max mem: 28813
Epoch: [14]  [1640/5625]  eta: 0:34:48  lr: 0.000008  train_loss: 0.1861 (0.1653)  train_iou: 0.6952 (0.6663)  time: 0.5158  data: 0.0004  max mem: 28813
Epoch: [14]  [1660/5625]  eta: 0:34:37  lr: 0.000008  train_loss: 0.1400 (0.1655)  train_iou: 0.6643 (0.6664)  time: 0.5155  data: 0.0012  max mem: 28813
Epoch: [14]  [1680/5625]  eta: 0:34:27  lr: 0.000008  train_loss: 0.0920 (0.1656)  train_iou: 0.6528 (0.6660)  time: 0.5182  data: 0.0018  max mem: 28813
Epoch: [14]  [1700/5625]  eta: 0:34:16  lr: 0.000008  train_loss: 0.1208 (0.1654)  train_iou: 0.7111 (0.6665)  time: 0.5139  data: 0.0007  max mem: 28813
Epoch: [14]  [1720/5625]  eta: 0:34:05  lr: 0.000008  train_loss: 0.1490 (0.1655)  train_iou: 0.6865 (0.6669)  time: 0.5178  data: 0.0004  max mem: 28813
Epoch: [14]  [1740/5625]  eta: 0:33:54  lr: 0.000008  train_loss: 0.0992 (0.1652)  train_iou: 0.6613 (0.6669)  time: 0.5187  data: 0.0007  max mem: 28813
Epoch: [14]  [1760/5625]  eta: 0:33:43  lr: 0.000008  train_loss: 0.1742 (0.1657)  train_iou: 0.6864 (0.6672)  time: 0.5135  data: 0.0004  max mem: 28813
Epoch: [14]  [1780/5625]  eta: 0:33:33  lr: 0.000008  train_loss: 0.1052 (0.1654)  train_iou: 0.7522 (0.6679)  time: 0.5172  data: 0.0011  max mem: 28813
Epoch: [14]  [1800/5625]  eta: 0:33:22  lr: 0.000008  train_loss: 0.1299 (0.1653)  train_iou: 0.5840 (0.6671)  time: 0.5227  data: 0.0027  max mem: 28813
Epoch: [14]  [1820/5625]  eta: 0:33:12  lr: 0.000008  train_loss: 0.1042 (0.1649)  train_iou: 0.6859 (0.6673)  time: 0.5240  data: 0.0010  max mem: 28813
Epoch: [14]  [1840/5625]  eta: 0:33:01  lr: 0.000008  train_loss: 0.1166 (0.1649)  train_iou: 0.7579 (0.6679)  time: 0.5222  data: 0.0020  max mem: 28813
Epoch: [14]  [1860/5625]  eta: 0:32:50  lr: 0.000008  train_loss: 0.1176 (0.1647)  train_iou: 0.6221 (0.6677)  time: 0.5145  data: 0.0006  max mem: 28813
Epoch: [14]  [1880/5625]  eta: 0:32:40  lr: 0.000008  train_loss: 0.1834 (0.1651)  train_iou: 0.6568 (0.6676)  time: 0.5215  data: 0.0008  max mem: 28813
Epoch: [14]  [1900/5625]  eta: 0:32:29  lr: 0.000008  train_loss: 0.0935 (0.1648)  train_iou: 0.6684 (0.6678)  time: 0.5217  data: 0.0007  max mem: 28813
Epoch: [14]  [1920/5625]  eta: 0:32:18  lr: 0.000008  train_loss: 0.0892 (0.1645)  train_iou: 0.5865 (0.6675)  time: 0.5162  data: 0.0007  max mem: 28813
Epoch: [14]  [1940/5625]  eta: 0:32:08  lr: 0.000008  train_loss: 0.2014 (0.1651)  train_iou: 0.6717 (0.6671)  time: 0.5157  data: 0.0015  max mem: 28813
Epoch: [14]  [1960/5625]  eta: 0:31:57  lr: 0.000008  train_loss: 0.1173 (0.1649)  train_iou: 0.6669 (0.6674)  time: 0.5196  data: 0.0016  max mem: 28813
Epoch: [14]  [1980/5625]  eta: 0:31:47  lr: 0.000008  train_loss: 0.1690 (0.1652)  train_iou: 0.6819 (0.6674)  time: 0.5234  data: 0.0019  max mem: 28813
Epoch: [14]  [2000/5625]  eta: 0:31:36  lr: 0.000008  train_loss: 0.1638 (0.1654)  train_iou: 0.6710 (0.6675)  time: 0.5132  data: 0.0004  max mem: 28813
Epoch: [14]  [2020/5625]  eta: 0:31:25  lr: 0.000008  train_loss: 0.0949 (0.1653)  train_iou: 0.6102 (0.6668)  time: 0.5156  data: 0.0004  max mem: 28813
Epoch: [14]  [2040/5625]  eta: 0:31:14  lr: 0.000008  train_loss: 0.1107 (0.1655)  train_iou: 0.6689 (0.6668)  time: 0.5131  data: 0.0007  max mem: 28813
Epoch: [14]  [2060/5625]  eta: 0:31:03  lr: 0.000008  train_loss: 0.2178 (0.1659)  train_iou: 0.6495 (0.6666)  time: 0.5119  data: 0.0006  max mem: 28813
Epoch: [14]  [2080/5625]  eta: 0:30:53  lr: 0.000008  train_loss: 0.1437 (0.1659)  train_iou: 0.6690 (0.6667)  time: 0.5178  data: 0.0004  max mem: 28813
Epoch: [14]  [2100/5625]  eta: 0:30:42  lr: 0.000008  train_loss: 0.1183 (0.1659)  train_iou: 0.6764 (0.6665)  time: 0.5209  data: 0.0010  max mem: 28813
Epoch: [14]  [2120/5625]  eta: 0:30:32  lr: 0.000008  train_loss: 0.1374 (0.1660)  train_iou: 0.6599 (0.6665)  time: 0.5175  data: 0.0025  max mem: 28813
Epoch: [14]  [2140/5625]  eta: 0:30:21  lr: 0.000008  train_loss: 0.1189 (0.1660)  train_iou: 0.6802 (0.6667)  time: 0.5203  data: 0.0013  max mem: 28813
Epoch: [14]  [2160/5625]  eta: 0:30:10  lr: 0.000008  train_loss: 0.1148 (0.1662)  train_iou: 0.7407 (0.6671)  time: 0.5168  data: 0.0006  max mem: 28813
Epoch: [14]  [2180/5625]  eta: 0:30:00  lr: 0.000008  train_loss: 0.1082 (0.1660)  train_iou: 0.6858 (0.6671)  time: 0.5252  data: 0.0016  max mem: 28813
Epoch: [14]  [2200/5625]  eta: 0:29:49  lr: 0.000008  train_loss: 0.1163 (0.1658)  train_iou: 0.7423 (0.6674)  time: 0.5175  data: 0.0021  max mem: 28813
Epoch: [14]  [2220/5625]  eta: 0:29:39  lr: 0.000008  train_loss: 0.1902 (0.1661)  train_iou: 0.6411 (0.6671)  time: 0.5163  data: 0.0007  max mem: 28813
Epoch: [14]  [2240/5625]  eta: 0:29:28  lr: 0.000008  train_loss: 0.1196 (0.1658)  train_iou: 0.6137 (0.6667)  time: 0.5186  data: 0.0005  max mem: 28813
Epoch: [14]  [2260/5625]  eta: 0:29:18  lr: 0.000008  train_loss: 0.1292 (0.1659)  train_iou: 0.6749 (0.6669)  time: 0.5178  data: 0.0005  max mem: 28813
Epoch: [14]  [2280/5625]  eta: 0:29:07  lr: 0.000008  train_loss: 0.0890 (0.1655)  train_iou: 0.6426 (0.6665)  time: 0.5159  data: 0.0014  max mem: 28813
Epoch: [14]  [2300/5625]  eta: 0:28:56  lr: 0.000008  train_loss: 0.0762 (0.1652)  train_iou: 0.6855 (0.6667)  time: 0.5179  data: 0.0023  max mem: 28813
Epoch: [14]  [2320/5625]  eta: 0:28:46  lr: 0.000008  train_loss: 0.1112 (0.1654)  train_iou: 0.5764 (0.6663)  time: 0.5181  data: 0.0010  max mem: 28813
Epoch: [14]  [2340/5625]  eta: 0:28:35  lr: 0.000008  train_loss: 0.0983 (0.1653)  train_iou: 0.6910 (0.6666)  time: 0.5209  data: 0.0011  max mem: 28813
Epoch: [14]  [2360/5625]  eta: 0:28:25  lr: 0.000008  train_loss: 0.1182 (0.1651)  train_iou: 0.6236 (0.6664)  time: 0.5229  data: 0.0014  max mem: 28813
Epoch: [14]  [2380/5625]  eta: 0:28:15  lr: 0.000008  train_loss: 0.1155 (0.1656)  train_iou: 0.6856 (0.6667)  time: 0.5238  data: 0.0049  max mem: 28813
Epoch: [14]  [2400/5625]  eta: 0:28:04  lr: 0.000008  train_loss: 0.0997 (0.1654)  train_iou: 0.6695 (0.6668)  time: 0.5183  data: 0.0008  max mem: 28813
Epoch: [14]  [2420/5625]  eta: 0:27:54  lr: 0.000008  train_loss: 0.1318 (0.1658)  train_iou: 0.6682 (0.6666)  time: 0.5232  data: 0.0011  max mem: 28813
Epoch: [14]  [2440/5625]  eta: 0:27:43  lr: 0.000008  train_loss: 0.1810 (0.1660)  train_iou: 0.5976 (0.6664)  time: 0.5242  data: 0.0012  max mem: 28813
Epoch: [14]  [2460/5625]  eta: 0:27:33  lr: 0.000008  train_loss: 0.1351 (0.1664)  train_iou: 0.5711 (0.6658)  time: 0.5238  data: 0.0006  max mem: 28813
Epoch: [14]  [2480/5625]  eta: 0:27:22  lr: 0.000008  train_loss: 0.1097 (0.1665)  train_iou: 0.6544 (0.6660)  time: 0.5192  data: 0.0005  max mem: 28813
Epoch: [14]  [2500/5625]  eta: 0:27:11  lr: 0.000008  train_loss: 0.0903 (0.1663)  train_iou: 0.6870 (0.6663)  time: 0.5098  data: 0.0004  max mem: 28813
Epoch: [14]  [2520/5625]  eta: 0:27:01  lr: 0.000008  train_loss: 0.1854 (0.1667)  train_iou: 0.6429 (0.6659)  time: 0.5186  data: 0.0017  max mem: 28813
Epoch: [14]  [2540/5625]  eta: 0:26:50  lr: 0.000008  train_loss: 0.1316 (0.1666)  train_iou: 0.6447 (0.6657)  time: 0.5228  data: 0.0012  max mem: 28813
Epoch: [14]  [2560/5625]  eta: 0:26:40  lr: 0.000008  train_loss: 0.1173 (0.1665)  train_iou: 0.6833 (0.6660)  time: 0.5136  data: 0.0004  max mem: 28813
Epoch: [14]  [2580/5625]  eta: 0:26:29  lr: 0.000008  train_loss: 0.1585 (0.1667)  train_iou: 0.6420 (0.6657)  time: 0.5156  data: 0.0017  max mem: 28813
Epoch: [14]  [2600/5625]  eta: 0:26:19  lr: 0.000008  train_loss: 0.1164 (0.1665)  train_iou: 0.6478 (0.6656)  time: 0.5214  data: 0.0029  max mem: 28813
Epoch: [14]  [2620/5625]  eta: 0:26:08  lr: 0.000008  train_loss: 0.1022 (0.1665)  train_iou: 0.7367 (0.6659)  time: 0.5152  data: 0.0008  max mem: 28813
Epoch: [14]  [2640/5625]  eta: 0:25:58  lr: 0.000008  train_loss: 0.1266 (0.1666)  train_iou: 0.6700 (0.6661)  time: 0.5192  data: 0.0006  max mem: 28813
Epoch: [14]  [2660/5625]  eta: 0:25:47  lr: 0.000008  train_loss: 0.2239 (0.1668)  train_iou: 0.6705 (0.6662)  time: 0.5215  data: 0.0022  max mem: 28813
Epoch: [14]  [2680/5625]  eta: 0:25:37  lr: 0.000008  train_loss: 0.1302 (0.1667)  train_iou: 0.7435 (0.6667)  time: 0.5189  data: 0.0013  max mem: 28813
Epoch: [14]  [2700/5625]  eta: 0:25:26  lr: 0.000008  train_loss: 0.1139 (0.1669)  train_iou: 0.6484 (0.6665)  time: 0.5192  data: 0.0011  max mem: 28813
Epoch: [14]  [2720/5625]  eta: 0:25:16  lr: 0.000008  train_loss: 0.1556 (0.1672)  train_iou: 0.6649 (0.6663)  time: 0.5173  data: 0.0010  max mem: 28813
Epoch: [14]  [2740/5625]  eta: 0:25:05  lr: 0.000008  train_loss: 0.1779 (0.1673)  train_iou: 0.6658 (0.6663)  time: 0.5173  data: 0.0008  max mem: 28813
Epoch: [14]  [2760/5625]  eta: 0:24:55  lr: 0.000008  train_loss: 0.1291 (0.1674)  train_iou: 0.6238 (0.6663)  time: 0.5135  data: 0.0005  max mem: 28813
Epoch: [14]  [2780/5625]  eta: 0:24:44  lr: 0.000008  train_loss: 0.1145 (0.1675)  train_iou: 0.6679 (0.6664)  time: 0.5161  data: 0.0015  max mem: 28813
Epoch: [14]  [2800/5625]  eta: 0:24:34  lr: 0.000008  train_loss: 0.1195 (0.1674)  train_iou: 0.5992 (0.6660)  time: 0.5225  data: 0.0013  max mem: 28813
Epoch: [14]  [2820/5625]  eta: 0:24:23  lr: 0.000008  train_loss: 0.1108 (0.1673)  train_iou: 0.6627 (0.6661)  time: 0.5167  data: 0.0004  max mem: 28813
Epoch: [14]  [2840/5625]  eta: 0:24:13  lr: 0.000008  train_loss: 0.1491 (0.1672)  train_iou: 0.6742 (0.6662)  time: 0.5171  data: 0.0018  max mem: 28813
Epoch: [14]  [2860/5625]  eta: 0:24:02  lr: 0.000008  train_loss: 0.1591 (0.1675)  train_iou: 0.6724 (0.6663)  time: 0.5182  data: 0.0004  max mem: 28813
Epoch: [14]  [2880/5625]  eta: 0:23:52  lr: 0.000008  train_loss: 0.1921 (0.1679)  train_iou: 0.6429 (0.6661)  time: 0.5223  data: 0.0008  max mem: 28813
Epoch: [14]  [2900/5625]  eta: 0:23:41  lr: 0.000008  train_loss: 0.1258 (0.1680)  train_iou: 0.6713 (0.6662)  time: 0.5168  data: 0.0019  max mem: 28813
Epoch: [14]  [2920/5625]  eta: 0:23:30  lr: 0.000008  train_loss: 0.1125 (0.1680)  train_iou: 0.7328 (0.6664)  time: 0.5126  data: 0.0008  max mem: 28813
Epoch: [14]  [2940/5625]  eta: 0:23:20  lr: 0.000008  train_loss: 0.1003 (0.1682)  train_iou: 0.6074 (0.6660)  time: 0.5194  data: 0.0023  max mem: 28813
Epoch: [14]  [2960/5625]  eta: 0:23:10  lr: 0.000008  train_loss: 0.1371 (0.1680)  train_iou: 0.6563 (0.6659)  time: 0.5227  data: 0.0009  max mem: 28813
Epoch: [14]  [2980/5625]  eta: 0:22:59  lr: 0.000008  train_loss: 0.1319 (0.1685)  train_iou: 0.6780 (0.6660)  time: 0.5200  data: 0.0026  max mem: 28813
Epoch: [14]  [3000/5625]  eta: 0:22:49  lr: 0.000008  train_loss: 0.0930 (0.1682)  train_iou: 0.7465 (0.6664)  time: 0.5184  data: 0.0008  max mem: 28813
Epoch: [14]  [3020/5625]  eta: 0:22:38  lr: 0.000008  train_loss: 0.1601 (0.1684)  train_iou: 0.6784 (0.6665)  time: 0.5115  data: 0.0004  max mem: 28813
Epoch: [14]  [3040/5625]  eta: 0:22:27  lr: 0.000008  train_loss: 0.1267 (0.1683)  train_iou: 0.5861 (0.6664)  time: 0.5155  data: 0.0005  max mem: 28813
Epoch: [14]  [3060/5625]  eta: 0:22:17  lr: 0.000008  train_loss: 0.0978 (0.1683)  train_iou: 0.7032 (0.6668)  time: 0.5257  data: 0.0009  max mem: 28813
Epoch: [14]  [3080/5625]  eta: 0:22:07  lr: 0.000008  train_loss: 0.1136 (0.1680)  train_iou: 0.6566 (0.6669)  time: 0.5135  data: 0.0004  max mem: 28813
Epoch: [14]  [3100/5625]  eta: 0:21:56  lr: 0.000008  train_loss: 0.1008 (0.1679)  train_iou: 0.6825 (0.6668)  time: 0.5209  data: 0.0022  max mem: 28813
Epoch: [14]  [3120/5625]  eta: 0:21:46  lr: 0.000008  train_loss: 0.1172 (0.1678)  train_iou: 0.7213 (0.6669)  time: 0.5188  data: 0.0004  max mem: 28813
Epoch: [14]  [3140/5625]  eta: 0:21:35  lr: 0.000008  train_loss: 0.1087 (0.1676)  train_iou: 0.6830 (0.6669)  time: 0.5202  data: 0.0005  max mem: 28813
Epoch: [14]  [3160/5625]  eta: 0:21:25  lr: 0.000008  train_loss: 0.1349 (0.1675)  train_iou: 0.6370 (0.6668)  time: 0.5176  data: 0.0004  max mem: 28813
Epoch: [14]  [3180/5625]  eta: 0:21:14  lr: 0.000008  train_loss: 0.1148 (0.1675)  train_iou: 0.7266 (0.6671)  time: 0.5176  data: 0.0010  max mem: 28813
Epoch: [14]  [3200/5625]  eta: 0:21:04  lr: 0.000008  train_loss: 0.1070 (0.1673)  train_iou: 0.6582 (0.6671)  time: 0.5129  data: 0.0013  max mem: 28813
Epoch: [14]  [3220/5625]  eta: 0:20:53  lr: 0.000008  train_loss: 0.0954 (0.1670)  train_iou: 0.7741 (0.6674)  time: 0.5137  data: 0.0020  max mem: 28813
Epoch: [14]  [3240/5625]  eta: 0:20:43  lr: 0.000008  train_loss: 0.1309 (0.1670)  train_iou: 0.6573 (0.6674)  time: 0.5161  data: 0.0009  max mem: 28813
Epoch: [14]  [3260/5625]  eta: 0:20:32  lr: 0.000008  train_loss: 0.1127 (0.1669)  train_iou: 0.6970 (0.6677)  time: 0.5131  data: 0.0006  max mem: 28813
Epoch: [14]  [3280/5625]  eta: 0:20:22  lr: 0.000008  train_loss: 0.0889 (0.1667)  train_iou: 0.6729 (0.6678)  time: 0.5148  data: 0.0006  max mem: 28813
Epoch: [14]  [3300/5625]  eta: 0:20:11  lr: 0.000008  train_loss: 0.1137 (0.1666)  train_iou: 0.6759 (0.6677)  time: 0.5151  data: 0.0012  max mem: 28813
Epoch: [14]  [3320/5625]  eta: 0:20:01  lr: 0.000008  train_loss: 0.1571 (0.1667)  train_iou: 0.6631 (0.6676)  time: 0.5109  data: 0.0005  max mem: 28813
Epoch: [14]  [3340/5625]  eta: 0:19:50  lr: 0.000008  train_loss: 0.1021 (0.1666)  train_iou: 0.6523 (0.6673)  time: 0.5154  data: 0.0021  max mem: 28813
Epoch: [14]  [3360/5625]  eta: 0:19:40  lr: 0.000008  train_loss: 0.1220 (0.1668)  train_iou: 0.6643 (0.6673)  time: 0.5155  data: 0.0009  max mem: 28813
Epoch: [14]  [3380/5625]  eta: 0:19:29  lr: 0.000008  train_loss: 0.1217 (0.1668)  train_iou: 0.6251 (0.6671)  time: 0.5172  data: 0.0022  max mem: 28813
Epoch: [14]  [3400/5625]  eta: 0:19:19  lr: 0.000008  train_loss: 0.1128 (0.1667)  train_iou: 0.6863 (0.6671)  time: 0.5156  data: 0.0006  max mem: 28813
Epoch: [14]  [3420/5625]  eta: 0:19:08  lr: 0.000008  train_loss: 0.1178 (0.1666)  train_iou: 0.6563 (0.6670)  time: 0.5164  data: 0.0009  max mem: 28813
Epoch: [14]  [3440/5625]  eta: 0:18:58  lr: 0.000008  train_loss: 0.1018 (0.1665)  train_iou: 0.6787 (0.6671)  time: 0.5125  data: 0.0006  max mem: 28813
Epoch: [14]  [3460/5625]  eta: 0:18:47  lr: 0.000008  train_loss: 0.1446 (0.1666)  train_iou: 0.6760 (0.6672)  time: 0.5153  data: 0.0015  max mem: 28813
Epoch: [14]  [3480/5625]  eta: 0:18:37  lr: 0.000008  train_loss: 0.1291 (0.1667)  train_iou: 0.6725 (0.6671)  time: 0.5245  data: 0.0010  max mem: 28813
Epoch: [14]  [3500/5625]  eta: 0:18:26  lr: 0.000008  train_loss: 0.1099 (0.1667)  train_iou: 0.6644 (0.6671)  time: 0.5182  data: 0.0022  max mem: 28813
Epoch: [14]  [3520/5625]  eta: 0:18:16  lr: 0.000008  train_loss: 0.0907 (0.1666)  train_iou: 0.6604 (0.6669)  time: 0.5158  data: 0.0019  max mem: 28813
Epoch: [14]  [3540/5625]  eta: 0:18:05  lr: 0.000008  train_loss: 0.1246 (0.1667)  train_iou: 0.6235 (0.6667)  time: 0.5241  data: 0.0043  max mem: 28813
Epoch: [14]  [3560/5625]  eta: 0:17:55  lr: 0.000008  train_loss: 0.1090 (0.1665)  train_iou: 0.7540 (0.6670)  time: 0.5231  data: 0.0020  max mem: 28813
Epoch: [14]  [3580/5625]  eta: 0:17:44  lr: 0.000008  train_loss: 0.1445 (0.1665)  train_iou: 0.7277 (0.6673)  time: 0.5112  data: 0.0004  max mem: 28813
Epoch: [14]  [3600/5625]  eta: 0:17:34  lr: 0.000008  train_loss: 0.0965 (0.1664)  train_iou: 0.6998 (0.6674)  time: 0.5247  data: 0.0014  max mem: 28813
Epoch: [14]  [3620/5625]  eta: 0:17:24  lr: 0.000008  train_loss: 0.1189 (0.1663)  train_iou: 0.6581 (0.6674)  time: 0.5186  data: 0.0022  max mem: 28813
Epoch: [14]  [3640/5625]  eta: 0:17:13  lr: 0.000008  train_loss: 0.1272 (0.1662)  train_iou: 0.6693 (0.6676)  time: 0.5150  data: 0.0004  max mem: 28813
Epoch: [14]  [3660/5625]  eta: 0:17:03  lr: 0.000008  train_loss: 0.0970 (0.1661)  train_iou: 0.6787 (0.6677)  time: 0.5195  data: 0.0030  max mem: 28813
Epoch: [14]  [3680/5625]  eta: 0:16:52  lr: 0.000008  train_loss: 0.1147 (0.1659)  train_iou: 0.6855 (0.6677)  time: 0.5164  data: 0.0006  max mem: 28813
Epoch: [14]  [3700/5625]  eta: 0:16:42  lr: 0.000008  train_loss: 0.1328 (0.1660)  train_iou: 0.7330 (0.6681)  time: 0.5213  data: 0.0008  max mem: 28813
Epoch: [14]  [3720/5625]  eta: 0:16:31  lr: 0.000008  train_loss: 0.1858 (0.1662)  train_iou: 0.6760 (0.6682)  time: 0.5204  data: 0.0029  max mem: 28813
Epoch: [14]  [3740/5625]  eta: 0:16:21  lr: 0.000008  train_loss: 0.0995 (0.1662)  train_iou: 0.6237 (0.6679)  time: 0.5138  data: 0.0004  max mem: 28813
Epoch: [14]  [3760/5625]  eta: 0:16:11  lr: 0.000008  train_loss: 0.1360 (0.1662)  train_iou: 0.6646 (0.6677)  time: 0.5163  data: 0.0005  max mem: 28813
Epoch: [14]  [3780/5625]  eta: 0:16:00  lr: 0.000008  train_loss: 0.1354 (0.1662)  train_iou: 0.6170 (0.6676)  time: 0.5188  data: 0.0004  max mem: 28813
Epoch: [14]  [3800/5625]  eta: 0:15:50  lr: 0.000008  train_loss: 0.1416 (0.1662)  train_iou: 0.6761 (0.6677)  time: 0.5174  data: 0.0004  max mem: 28813
Epoch: [14]  [3820/5625]  eta: 0:15:39  lr: 0.000008  train_loss: 0.1473 (0.1662)  train_iou: 0.6506 (0.6678)  time: 0.5225  data: 0.0008  max mem: 28813
Epoch: [14]  [3840/5625]  eta: 0:15:29  lr: 0.000008  train_loss: 0.0949 (0.1661)  train_iou: 0.6352 (0.6675)  time: 0.5176  data: 0.0009  max mem: 28813
Epoch: [14]  [3860/5625]  eta: 0:15:18  lr: 0.000008  train_loss: 0.1534 (0.1660)  train_iou: 0.6976 (0.6677)  time: 0.5170  data: 0.0022  max mem: 28813
Epoch: [14]  [3880/5625]  eta: 0:15:08  lr: 0.000008  train_loss: 0.1540 (0.1661)  train_iou: 0.6688 (0.6677)  time: 0.5170  data: 0.0004  max mem: 28813
Epoch: [14]  [3900/5625]  eta: 0:14:57  lr: 0.000008  train_loss: 0.0981 (0.1660)  train_iou: 0.6211 (0.6675)  time: 0.5132  data: 0.0019  max mem: 28813
Epoch: [14]  [3920/5625]  eta: 0:14:47  lr: 0.000008  train_loss: 0.1223 (0.1659)  train_iou: 0.5746 (0.6670)  time: 0.5167  data: 0.0033  max mem: 28813
Epoch: [14]  [3940/5625]  eta: 0:14:37  lr: 0.000008  train_loss: 0.1086 (0.1657)  train_iou: 0.6370 (0.6669)  time: 0.5229  data: 0.0015  max mem: 28813
Epoch: [14]  [3960/5625]  eta: 0:14:26  lr: 0.000008  train_loss: 0.1140 (0.1657)  train_iou: 0.6343 (0.6668)  time: 0.5156  data: 0.0006  max mem: 28813
Epoch: [14]  [3980/5625]  eta: 0:14:16  lr: 0.000008  train_loss: 0.1782 (0.1659)  train_iou: 0.6791 (0.6670)  time: 0.5239  data: 0.0021  max mem: 28813
Epoch: [14]  [4000/5625]  eta: 0:14:05  lr: 0.000008  train_loss: 0.1329 (0.1658)  train_iou: 0.6422 (0.6668)  time: 0.5285  data: 0.0053  max mem: 28813
Epoch: [14]  [4020/5625]  eta: 0:13:55  lr: 0.000008  train_loss: 0.1247 (0.1660)  train_iou: 0.6294 (0.6667)  time: 0.5140  data: 0.0020  max mem: 28813
Epoch: [14]  [4040/5625]  eta: 0:13:45  lr: 0.000008  train_loss: 0.1364 (0.1660)  train_iou: 0.6584 (0.6666)  time: 0.5158  data: 0.0004  max mem: 28813
Epoch: [14]  [4060/5625]  eta: 0:13:34  lr: 0.000008  train_loss: 0.1721 (0.1661)  train_iou: 0.5909 (0.6664)  time: 0.5224  data: 0.0020  max mem: 28813
Epoch: [14]  [4080/5625]  eta: 0:13:24  lr: 0.000008  train_loss: 0.1198 (0.1660)  train_iou: 0.6159 (0.6661)  time: 0.5215  data: 0.0004  max mem: 28813
Epoch: [14]  [4100/5625]  eta: 0:13:13  lr: 0.000008  train_loss: 0.1655 (0.1659)  train_iou: 0.6747 (0.6660)  time: 0.5167  data: 0.0016  max mem: 28813
Epoch: [14]  [4120/5625]  eta: 0:13:03  lr: 0.000008  train_loss: 0.1284 (0.1658)  train_iou: 0.6780 (0.6661)  time: 0.5189  data: 0.0004  max mem: 28813
Epoch: [14]  [4140/5625]  eta: 0:12:52  lr: 0.000008  train_loss: 0.1137 (0.1658)  train_iou: 0.6716 (0.6661)  time: 0.5203  data: 0.0007  max mem: 28813
Epoch: [14]  [4160/5625]  eta: 0:12:42  lr: 0.000008  train_loss: 0.1099 (0.1658)  train_iou: 0.6524 (0.6661)  time: 0.5186  data: 0.0025  max mem: 28813
Epoch: [14]  [4180/5625]  eta: 0:12:32  lr: 0.000008  train_loss: 0.1013 (0.1658)  train_iou: 0.6697 (0.6660)  time: 0.5185  data: 0.0030  max mem: 28813
Epoch: [14]  [4200/5625]  eta: 0:12:21  lr: 0.000008  train_loss: 0.0968 (0.1657)  train_iou: 0.6305 (0.6659)  time: 0.5122  data: 0.0032  max mem: 28813
Epoch: [14]  [4220/5625]  eta: 0:12:11  lr: 0.000008  train_loss: 0.1474 (0.1658)  train_iou: 0.6776 (0.6658)  time: 0.5187  data: 0.0028  max mem: 28813
Epoch: [14]  [4240/5625]  eta: 0:12:00  lr: 0.000008  train_loss: 0.1762 (0.1660)  train_iou: 0.6734 (0.6659)  time: 0.5160  data: 0.0006  max mem: 28813
Epoch: [14]  [4260/5625]  eta: 0:11:50  lr: 0.000008  train_loss: 0.0984 (0.1658)  train_iou: 0.6983 (0.6661)  time: 0.5290  data: 0.0011  max mem: 28813
Epoch: [14]  [4280/5625]  eta: 0:11:39  lr: 0.000008  train_loss: 0.1802 (0.1660)  train_iou: 0.5707 (0.6656)  time: 0.5176  data: 0.0035  max mem: 28813
Epoch: [14]  [4300/5625]  eta: 0:11:29  lr: 0.000008  train_loss: 0.1348 (0.1660)  train_iou: 0.6580 (0.6656)  time: 0.5202  data: 0.0035  max mem: 28813
Epoch: [14]  [4320/5625]  eta: 0:11:19  lr: 0.000008  train_loss: 0.1366 (0.1660)  train_iou: 0.7423 (0.6658)  time: 0.5135  data: 0.0007  max mem: 28813
Epoch: [14]  [4340/5625]  eta: 0:11:08  lr: 0.000008  train_loss: 0.1546 (0.1661)  train_iou: 0.7119 (0.6659)  time: 0.5073  data: 0.0004  max mem: 28813
Epoch: [14]  [4360/5625]  eta: 0:10:58  lr: 0.000008  train_loss: 0.1085 (0.1660)  train_iou: 0.6429 (0.6659)  time: 0.5191  data: 0.0021  max mem: 28813
Epoch: [14]  [4380/5625]  eta: 0:10:47  lr: 0.000008  train_loss: 0.0993 (0.1659)  train_iou: 0.6617 (0.6660)  time: 0.5191  data: 0.0015  max mem: 28813
Epoch: [14]  [4400/5625]  eta: 0:10:37  lr: 0.000008  train_loss: 0.0967 (0.1657)  train_iou: 0.6637 (0.6659)  time: 0.5128  data: 0.0023  max mem: 28813
Epoch: [14]  [4420/5625]  eta: 0:10:26  lr: 0.000008  train_loss: 0.1106 (0.1658)  train_iou: 0.6558 (0.6658)  time: 0.5197  data: 0.0024  max mem: 28813
Epoch: [14]  [4440/5625]  eta: 0:10:16  lr: 0.000008  train_loss: 0.1024 (0.1657)  train_iou: 0.7144 (0.6658)  time: 0.5178  data: 0.0008  max mem: 28813
Epoch: [14]  [4460/5625]  eta: 0:10:06  lr: 0.000008  train_loss: 0.1049 (0.1656)  train_iou: 0.6690 (0.6660)  time: 0.5158  data: 0.0007  max mem: 28813
Epoch: [14]  [4480/5625]  eta: 0:09:55  lr: 0.000008  train_loss: 0.0858 (0.1655)  train_iou: 0.6630 (0.6659)  time: 0.5168  data: 0.0006  max mem: 28813
Epoch: [14]  [4500/5625]  eta: 0:09:45  lr: 0.000008  train_loss: 0.0942 (0.1655)  train_iou: 0.6607 (0.6660)  time: 0.5231  data: 0.0007  max mem: 28813
Epoch: [14]  [4520/5625]  eta: 0:09:34  lr: 0.000008  train_loss: 0.1340 (0.1656)  train_iou: 0.6270 (0.6659)  time: 0.5189  data: 0.0013  max mem: 28813
Epoch: [14]  [4540/5625]  eta: 0:09:24  lr: 0.000008  train_loss: 0.0965 (0.1655)  train_iou: 0.6823 (0.6660)  time: 0.5229  data: 0.0023  max mem: 28813
Epoch: [14]  [4560/5625]  eta: 0:09:14  lr: 0.000008  train_loss: 0.1092 (0.1655)  train_iou: 0.6586 (0.6658)  time: 0.5248  data: 0.0087  max mem: 28813
Epoch: [14]  [4580/5625]  eta: 0:09:03  lr: 0.000008  train_loss: 0.1127 (0.1654)  train_iou: 0.6854 (0.6659)  time: 0.5136  data: 0.0004  max mem: 28813
Epoch: [14]  [4600/5625]  eta: 0:08:53  lr: 0.000008  train_loss: 0.1348 (0.1655)  train_iou: 0.6482 (0.6659)  time: 0.5226  data: 0.0035  max mem: 28813
Epoch: [14]  [4620/5625]  eta: 0:08:42  lr: 0.000008  train_loss: 0.0909 (0.1653)  train_iou: 0.6604 (0.6660)  time: 0.5265  data: 0.0013  max mem: 28813
Epoch: [14]  [4640/5625]  eta: 0:08:32  lr: 0.000008  train_loss: 0.1094 (0.1652)  train_iou: 0.6635 (0.6661)  time: 0.5159  data: 0.0030  max mem: 28813
Epoch: [14]  [4660/5625]  eta: 0:08:22  lr: 0.000008  train_loss: 0.1181 (0.1651)  train_iou: 0.6798 (0.6662)  time: 0.5196  data: 0.0006  max mem: 28813
Epoch: [14]  [4680/5625]  eta: 0:08:11  lr: 0.000008  train_loss: 0.1246 (0.1651)  train_iou: 0.6856 (0.6662)  time: 0.5266  data: 0.0029  max mem: 28813
Epoch: [14]  [4700/5625]  eta: 0:08:01  lr: 0.000008  train_loss: 0.1107 (0.1650)  train_iou: 0.7353 (0.6662)  time: 0.5189  data: 0.0023  max mem: 28813
Epoch: [14]  [4720/5625]  eta: 0:07:50  lr: 0.000008  train_loss: 0.1023 (0.1649)  train_iou: 0.6271 (0.6661)  time: 0.5199  data: 0.0010  max mem: 28813
Epoch: [14]  [4740/5625]  eta: 0:07:40  lr: 0.000008  train_loss: 0.0768 (0.1648)  train_iou: 0.6712 (0.6661)  time: 0.5196  data: 0.0020  max mem: 28813
Epoch: [14]  [4760/5625]  eta: 0:07:30  lr: 0.000008  train_loss: 0.0811 (0.1646)  train_iou: 0.6798 (0.6662)  time: 0.5169  data: 0.0004  max mem: 28813
Epoch: [14]  [4780/5625]  eta: 0:07:19  lr: 0.000008  train_loss: 0.1249 (0.1645)  train_iou: 0.5724 (0.6660)  time: 0.5161  data: 0.0007  max mem: 28813
Epoch: [14]  [4800/5625]  eta: 0:07:09  lr: 0.000008  train_loss: 0.1147 (0.1645)  train_iou: 0.6700 (0.6660)  time: 0.5213  data: 0.0018  max mem: 28813
Epoch: [14]  [4820/5625]  eta: 0:06:58  lr: 0.000008  train_loss: 0.0954 (0.1644)  train_iou: 0.5919 (0.6658)  time: 0.5159  data: 0.0017  max mem: 28813
Epoch: [14]  [4840/5625]  eta: 0:06:48  lr: 0.000008  train_loss: 0.0930 (0.1643)  train_iou: 0.6475 (0.6657)  time: 0.5149  data: 0.0005  max mem: 28813
Epoch: [14]  [4860/5625]  eta: 0:06:37  lr: 0.000008  train_loss: 0.1961 (0.1645)  train_iou: 0.7013 (0.6657)  time: 0.5201  data: 0.0009  max mem: 28813
Epoch: [14]  [4880/5625]  eta: 0:06:27  lr: 0.000008  train_loss: 0.1378 (0.1646)  train_iou: 0.6727 (0.6657)  time: 0.5172  data: 0.0021  max mem: 28813
Epoch: [14]  [4900/5625]  eta: 0:06:17  lr: 0.000008  train_loss: 0.1425 (0.1645)  train_iou: 0.6766 (0.6657)  time: 0.5087  data: 0.0004  max mem: 28813
Epoch: [14]  [4920/5625]  eta: 0:06:06  lr: 0.000008  train_loss: 0.1271 (0.1646)  train_iou: 0.6850 (0.6657)  time: 0.5156  data: 0.0006  max mem: 28813
Epoch: [14]  [4940/5625]  eta: 0:05:56  lr: 0.000008  train_loss: 0.0956 (0.1645)  train_iou: 0.6550 (0.6656)  time: 0.5233  data: 0.0012  max mem: 28813
Epoch: [14]  [4960/5625]  eta: 0:05:45  lr: 0.000008  train_loss: 0.0997 (0.1645)  train_iou: 0.6681 (0.6657)  time: 0.5176  data: 0.0018  max mem: 28813
Epoch: [14]  [4980/5625]  eta: 0:05:35  lr: 0.000008  train_loss: 0.1149 (0.1645)  train_iou: 0.6887 (0.6658)  time: 0.5215  data: 0.0021  max mem: 28813
Epoch: [14]  [5000/5625]  eta: 0:05:25  lr: 0.000008  train_loss: 0.1151 (0.1644)  train_iou: 0.6772 (0.6658)  time: 0.5241  data: 0.0013  max mem: 28813
Epoch: [14]  [5020/5625]  eta: 0:05:14  lr: 0.000008  train_loss: 0.1008 (0.1644)  train_iou: 0.6827 (0.6658)  time: 0.5163  data: 0.0030  max mem: 28813
Epoch: [14]  [5040/5625]  eta: 0:05:04  lr: 0.000008  train_loss: 0.1209 (0.1644)  train_iou: 0.6755 (0.6660)  time: 0.5176  data: 0.0016  max mem: 28813
Epoch: [14]  [5060/5625]  eta: 0:04:53  lr: 0.000008  train_loss: 0.1114 (0.1643)  train_iou: 0.6546 (0.6661)  time: 0.5189  data: 0.0020  max mem: 28813
Epoch: [14]  [5080/5625]  eta: 0:04:43  lr: 0.000008  train_loss: 0.1138 (0.1643)  train_iou: 0.6594 (0.6659)  time: 0.5206  data: 0.0018  max mem: 28813
Epoch: [14]  [5100/5625]  eta: 0:04:33  lr: 0.000008  train_loss: 0.1019 (0.1643)  train_iou: 0.6738 (0.6660)  time: 0.5189  data: 0.0012  max mem: 28813
Epoch: [14]  [5120/5625]  eta: 0:04:22  lr: 0.000008  train_loss: 0.1518 (0.1644)  train_iou: 0.6557 (0.6660)  time: 0.5170  data: 0.0018  max mem: 28813
Epoch: [14]  [5140/5625]  eta: 0:04:12  lr: 0.000008  train_loss: 0.1535 (0.1644)  train_iou: 0.6446 (0.6658)  time: 0.5155  data: 0.0019  max mem: 28813
Epoch: [14]  [5160/5625]  eta: 0:04:01  lr: 0.000008  train_loss: 0.1264 (0.1645)  train_iou: 0.6993 (0.6660)  time: 0.5172  data: 0.0018  max mem: 28813
Epoch: [14]  [5180/5625]  eta: 0:03:51  lr: 0.000008  train_loss: 0.1219 (0.1645)  train_iou: 0.6786 (0.6660)  time: 0.5160  data: 0.0017  max mem: 28813
Epoch: [14]  [5200/5625]  eta: 0:03:41  lr: 0.000008  train_loss: 0.1406 (0.1646)  train_iou: 0.7396 (0.6661)  time: 0.5201  data: 0.0006  max mem: 28813
Epoch: [14]  [5220/5625]  eta: 0:03:30  lr: 0.000008  train_loss: 0.0893 (0.1645)  train_iou: 0.6936 (0.6663)  time: 0.5210  data: 0.0023  max mem: 28813
Epoch: [14]  [5240/5625]  eta: 0:03:20  lr: 0.000008  train_loss: 0.1374 (0.1645)  train_iou: 0.6194 (0.6660)  time: 0.5238  data: 0.0004  max mem: 28813
Epoch: [14]  [5260/5625]  eta: 0:03:09  lr: 0.000008  train_loss: 0.0941 (0.1643)  train_iou: 0.6764 (0.6662)  time: 0.5189  data: 0.0006  max mem: 28813
Epoch: [14]  [5280/5625]  eta: 0:02:59  lr: 0.000008  train_loss: 0.1094 (0.1644)  train_iou: 0.6564 (0.6661)  time: 0.5196  data: 0.0018  max mem: 28813
Epoch: [14]  [5300/5625]  eta: 0:02:49  lr: 0.000008  train_loss: 0.1186 (0.1645)  train_iou: 0.6572 (0.6660)  time: 0.5232  data: 0.0021  max mem: 28813
Epoch: [14]  [5320/5625]  eta: 0:02:38  lr: 0.000008  train_loss: 0.1352 (0.1646)  train_iou: 0.6625 (0.6661)  time: 0.5222  data: 0.0021  max mem: 28813
Epoch: [14]  [5340/5625]  eta: 0:02:28  lr: 0.000008  train_loss: 0.1114 (0.1645)  train_iou: 0.7080 (0.6663)  time: 0.5218  data: 0.0035  max mem: 28813
Epoch: [14]  [5360/5625]  eta: 0:02:17  lr: 0.000008  train_loss: 0.1728 (0.1647)  train_iou: 0.6932 (0.6663)  time: 0.5194  data: 0.0004  max mem: 28813
Epoch: [14]  [5380/5625]  eta: 0:02:07  lr: 0.000008  train_loss: 0.1751 (0.1648)  train_iou: 0.6201 (0.6662)  time: 0.5187  data: 0.0009  max mem: 28813
Epoch: [14]  [5400/5625]  eta: 0:01:57  lr: 0.000008  train_loss: 0.1279 (0.1648)  train_iou: 0.6743 (0.6663)  time: 0.5224  data: 0.0007  max mem: 28813
Epoch: [14]  [5420/5625]  eta: 0:01:46  lr: 0.000008  train_loss: 0.0998 (0.1647)  train_iou: 0.7417 (0.6664)  time: 0.5205  data: 0.0011  max mem: 28813
Epoch: [14]  [5440/5625]  eta: 0:01:36  lr: 0.000008  train_loss: 0.1188 (0.1647)  train_iou: 0.7305 (0.6666)  time: 0.5230  data: 0.0016  max mem: 28813
Epoch: [14]  [5460/5625]  eta: 0:01:25  lr: 0.000008  train_loss: 0.1087 (0.1647)  train_iou: 0.6777 (0.6667)  time: 0.5240  data: 0.0009  max mem: 28813
Epoch: [14]  [5480/5625]  eta: 0:01:15  lr: 0.000008  train_loss: 0.1240 (0.1649)  train_iou: 0.6337 (0.6665)  time: 0.5224  data: 0.0012  max mem: 28813
Epoch: [14]  [5500/5625]  eta: 0:01:05  lr: 0.000008  train_loss: 0.1028 (0.1648)  train_iou: 0.6544 (0.6664)  time: 0.5227  data: 0.0018  max mem: 28813
Epoch: [14]  [5520/5625]  eta: 0:00:54  lr: 0.000008  train_loss: 0.1508 (0.1650)  train_iou: 0.6695 (0.6664)  time: 0.5208  data: 0.0008  max mem: 28813
Epoch: [14]  [5540/5625]  eta: 0:00:44  lr: 0.000008  train_loss: 0.1428 (0.1652)  train_iou: 0.6916 (0.6664)  time: 0.5195  data: 0.0050  max mem: 28813
Epoch: [14]  [5560/5625]  eta: 0:00:33  lr: 0.000008  train_loss: 0.0997 (0.1651)  train_iou: 0.5705 (0.6662)  time: 0.5118  data: 0.0004  max mem: 28813
Epoch: [14]  [5580/5625]  eta: 0:00:23  lr: 0.000008  train_loss: 0.1091 (0.1651)  train_iou: 0.5575 (0.6659)  time: 0.5209  data: 0.0026  max mem: 28813
Epoch: [14]  [5600/5625]  eta: 0:00:13  lr: 0.000008  train_loss: 0.0946 (0.1650)  train_iou: 0.7505 (0.6661)  time: 0.5209  data: 0.0021  max mem: 28813
Epoch: [14]  [5620/5625]  eta: 0:00:02  lr: 0.000008  train_loss: 0.1333 (0.1651)  train_iou: 0.6716 (0.6661)  time: 0.4901  data: 0.0002  max mem: 28813
Epoch: [14]  [5624/5625]  eta: 0:00:00  lr: 0.000008  train_loss: 0.1333 (0.1651)  train_iou: 0.6588 (0.6662)  time: 0.4831  data: 0.0002  max mem: 28813
Epoch: [14] Total time: 0:48:46 (0.5203 s / it)
Averaged stats: lr: 0.000008  train_loss: 0.1333 (0.1651)  train_iou: 0.6588 (0.6662)
huggingface/tokenizers: The current process just got forked, after parallelism has already been used. Disabling parallelism to avoid deadlocks...
To disable this warning, you can either:
	- Avoid using `tokenizers` before the fork if possible
	- Explicitly set the environment variable TOKENIZERS_PARALLELISM=(true | false)
huggingface/tokenizers: The current process just got forked, after parallelism has already been used. Disabling parallelism to avoid deadlocks...
To disable this warning, you can either:
	- Avoid using `tokenizers` before the fork if possible
	- Explicitly set the environment variable TOKENIZERS_PARALLELISM=(true | false)
huggingface/tokenizers: The current process just got forked, after parallelism has already been used. Disabling parallelism to avoid deadlocks...
To disable this warning, you can either:
	- Avoid using `tokenizers` before the fork if possible
	- Explicitly set the environment variable TOKENIZERS_PARALLELISM=(true | false)
huggingface/tokenizers: The current process just got forked, after parallelism has already been used. Disabling parallelism to avoid deadlocks...
To disable this warning, you can either:
	- Avoid using `tokenizers` before the fork if possible
	- Explicitly set the environment variable TOKENIZERS_PARALLELISM=(true | false)
huggingface/tokenizers: The current process just got forked, after parallelism has already been used. Disabling parallelism to avoid deadlocks...
To disable this warning, you can either:
	- Avoid using `tokenizers` before the fork if possible
	- Explicitly set the environment variable TOKENIZERS_PARALLELISM=(true | false)
huggingface/tokenizers: The current process just got forked, after parallelism has already been used. Disabling parallelism to avoid deadlocks...
To disable this warning, you can either:
	- Avoid using `tokenizers` before the fork if possible
	- Explicitly set the environment variable TOKENIZERS_PARALLELISM=(true | false)
huggingface/tokenizers: The current process just got forked, after parallelism has already been used. Disabling parallelism to avoid deadlocks...
To disable this warning, you can either:
	- Avoid using `tokenizers` before the fork if possible
	- Explicitly set the environment variable TOKENIZERS_PARALLELISM=(true | false)
huggingface/tokenizers: The current process just got forked, after parallelism has already been used. Disabling parallelism to avoid deadlocks...
To disable this warning, you can either:
	- Avoid using `tokenizers` before the fork if possible
	- Explicitly set the environment variable TOKENIZERS_PARALLELISM=(true | false)
Test:  [   0/4000]  eta: 1:54:31  inter: 33192.0000 (33192.0000)  union: 35183.0000 (35183.0000)  iou: 0.9434 (0.9434)  time: 1.7178  data: 1.4766  max mem: 28813
Test:  [  50/4000]  eta: 0:10:30  inter: 14869.0000 (22077.3594)  union: 48517.0000 (42465.7031)  iou: 0.4999 (0.5193)  time: 0.1344  data: 0.0004  max mem: 28813
Test:  [ 100/4000]  eta: 0:09:41  inter: 20714.0000 (25379.1838)  union: 46509.0000 (42145.6691)  iou: 0.6520 (0.5817)  time: 0.1329  data: 0.0004  max mem: 28813
Test:  [ 150/4000]  eta: 0:09:23  inter: 18143.0000 (24507.0622)  union: 30480.0000 (39581.4785)  iou: 0.8381 (0.6019)  time: 0.1470  data: 0.0004  max mem: 28813
Test:  [ 200/4000]  eta: 0:08:59  inter: 32217.0000 (24928.7949)  union: 36700.0000 (39242.5165)  iou: 0.8963 (0.6129)  time: 0.1274  data: 0.0004  max mem: 28813
Test:  [ 250/4000]  eta: 0:08:39  inter: 14398.0000 (26238.2982)  union: 33186.0000 (40966.2711)  iou: 0.4042 (0.6013)  time: 0.1193  data: 0.0004  max mem: 28813
Test:  [ 300/4000]  eta: 0:08:31  inter: 20296.0000 (25789.8189)  union: 24285.0000 (40654.3797)  iou: 0.7676 (0.5966)  time: 0.1395  data: 0.0004  max mem: 28813
Test:  [ 350/4000]  eta: 0:08:31  inter: 10013.0000 (24926.9215)  union: 32524.0000 (40461.7996)  iou: 0.6242 (0.5850)  time: 0.1515  data: 0.0004  max mem: 28813
Test:  [ 400/4000]  eta: 0:08:26  inter: 30843.0000 (24616.9518)  union: 35507.0000 (40053.2964)  iou: 0.6571 (0.5862)  time: 0.1264  data: 0.0004  max mem: 28813
Test:  [ 450/4000]  eta: 0:08:17  inter: 18732.0000 (24497.7746)  union: 28949.0000 (39930.7317)  iou: 0.5019 (0.5859)  time: 0.1569  data: 0.0004  max mem: 28813
Test:  [ 500/4000]  eta: 0:08:08  inter: 15139.0000 (24788.8424)  union: 27704.0000 (40782.6132)  iou: 0.4791 (0.5827)  time: 0.1228  data: 0.0004  max mem: 28813
Test:  [ 550/4000]  eta: 0:08:04  inter: 23545.0000 (24802.5488)  union: 27884.0000 (40619.4537)  iou: 0.8337 (0.5885)  time: 0.1492  data: 0.0004  max mem: 28813
Test:  [ 600/4000]  eta: 0:07:56  inter: 10379.0000 (24622.6959)  union: 30132.0000 (40433.8781)  iou: 0.7999 (0.5869)  time: 0.1425  data: 0.0004  max mem: 28813
Test:  [ 650/4000]  eta: 0:07:44  inter: 23261.0000 (25082.0785)  union: 41877.0000 (40850.2243)  iou: 0.6995 (0.5860)  time: 0.1230  data: 0.0004  max mem: 28813
Test:  [ 700/4000]  eta: 0:07:37  inter: 13497.0000 (24643.3450)  union: 28885.0000 (40494.3419)  iou: 0.3635 (0.5799)  time: 0.1292  data: 0.0004  max mem: 28813
Test:  [ 750/4000]  eta: 0:07:31  inter: 23239.0000 (24721.7831)  union: 30297.0000 (40469.3045)  iou: 0.7295 (0.5823)  time: 0.1555  data: 0.0004  max mem: 28813
Test:  [ 800/4000]  eta: 0:07:24  inter: 12527.0000 (24466.8768)  union: 44063.0000 (40001.8330)  iou: 0.6007 (0.5825)  time: 0.1449  data: 0.0004  max mem: 28813
Test:  [ 850/4000]  eta: 0:07:17  inter: 21637.0000 (24625.4301)  union: 33398.0000 (39940.8937)  iou: 0.7405 (0.5856)  time: 0.1243  data: 0.0004  max mem: 28813
Test:  [ 900/4000]  eta: 0:07:10  inter: 10485.0000 (24694.4775)  union: 31126.0000 (40125.7921)  iou: 0.4518 (0.5815)  time: 0.1229  data: 0.0004  max mem: 28813
Test:  [ 950/4000]  eta: 0:07:02  inter: 25073.0000 (24865.9227)  union: 30617.0000 (40220.3113)  iou: 0.7737 (0.5816)  time: 0.1363  data: 0.0004  max mem: 28813
Test:  [1000/4000]  eta: 0:06:55  inter: 22135.0000 (25095.6001)  union: 37776.0000 (40364.5681)  iou: 0.7320 (0.5828)  time: 0.1239  data: 0.0004  max mem: 28813
Test:  [1050/4000]  eta: 0:06:47  inter: 22048.0000 (25157.1769)  union: 38171.0000 (40395.1796)  iou: 0.6116 (0.5829)  time: 0.1390  data: 0.0004  max mem: 28813
Test:  [1100/4000]  eta: 0:06:39  inter: 22086.0000 (25018.3223)  union: 27349.0000 (40188.1758)  iou: 0.8096 (0.5832)  time: 0.1330  data: 0.0004  max mem: 28813
Test:  [1150/4000]  eta: 0:06:33  inter: 10136.0000 (25143.1731)  union: 23803.0000 (40056.0844)  iou: 0.4246 (0.5856)  time: 0.1476  data: 0.0004  max mem: 28813
Test:  [1200/4000]  eta: 0:06:26  inter: 9926.0000 (25056.0820)  union: 29098.0000 (40245.8115)  iou: 0.7154 (0.5817)  time: 0.1384  data: 0.0004  max mem: 28813
Test:  [1250/4000]  eta: 0:06:20  inter: 0.0000 (24830.3782)  union: 28862.0000 (40002.7325)  iou: 0.0000 (0.5798)  time: 0.1537  data: 0.0004  max mem: 28813
Test:  [1300/4000]  eta: 0:06:13  inter: 19177.0000 (24581.9295)  union: 32508.0000 (39784.6597)  iou: 0.5339 (0.5798)  time: 0.1416  data: 0.0004  max mem: 28813
Test:  [1350/4000]  eta: 0:06:06  inter: 26006.0000 (24650.0374)  union: 34275.0000 (39782.2853)  iou: 0.8208 (0.5809)  time: 0.1347  data: 0.0004  max mem: 28813
Test:  [1400/4000]  eta: 0:06:00  inter: 9986.0000 (24770.3623)  union: 11830.0000 (39937.2095)  iou: 0.7072 (0.5787)  time: 0.1398  data: 0.0004  max mem: 28813
Test:  [1450/4000]  eta: 0:05:52  inter: 15854.0000 (24723.4122)  union: 46405.0000 (39845.0636)  iou: 0.4572 (0.5780)  time: 0.1304  data: 0.0004  max mem: 28813
Test:  [1500/4000]  eta: 0:05:45  inter: 16496.0000 (24827.6036)  union: 49523.0000 (39987.4059)  iou: 0.4863 (0.5767)  time: 0.1306  data: 0.0004  max mem: 28813
Test:  [1550/4000]  eta: 0:05:39  inter: 11515.0000 (24669.7842)  union: 26420.0000 (39937.7327)  iou: 0.6588 (0.5770)  time: 0.1563  data: 0.0004  max mem: 28813
Test:  [1600/4000]  eta: 0:05:33  inter: 11041.0000 (24557.7704)  union: 25174.0000 (39893.4407)  iou: 0.4288 (0.5743)  time: 0.1578  data: 0.0004  max mem: 28813
Test:  [1650/4000]  eta: 0:05:25  inter: 15768.0000 (24461.6518)  union: 33463.0000 (39880.7967)  iou: 0.4504 (0.5726)  time: 0.1339  data: 0.0004  max mem: 28813
Test:  [1700/4000]  eta: 0:05:18  inter: 16869.0000 (24402.3517)  union: 35980.0000 (39916.5194)  iou: 0.7942 (0.5709)  time: 0.1345  data: 0.0004  max mem: 28813
Test:  [1750/4000]  eta: 0:05:11  inter: 17869.0000 (24324.3092)  union: 32656.0000 (39845.2306)  iou: 0.6964 (0.5702)  time: 0.1519  data: 0.0004  max mem: 28813
Test:  [1800/4000]  eta: 0:05:04  inter: 15426.0000 (24241.9513)  union: 46381.0000 (39759.8826)  iou: 0.5399 (0.5696)  time: 0.1523  data: 0.0004  max mem: 28813
Test:  [1850/4000]  eta: 0:04:57  inter: 10.0000 (24182.4356)  union: 34063.0000 (39847.2188)  iou: 0.0002 (0.5668)  time: 0.1382  data: 0.0004  max mem: 28813
Test:  [1900/4000]  eta: 0:04:50  inter: 31349.0000 (24126.5986)  union: 55335.0000 (39764.3373)  iou: 0.6171 (0.5672)  time: 0.1388  data: 0.0004  max mem: 28813
Test:  [1950/4000]  eta: 0:04:44  inter: 11778.0000 (24072.3144)  union: 16684.0000 (39748.0627)  iou: 0.7112 (0.5672)  time: 0.1372  data: 0.0004  max mem: 28813
Test:  [2000/4000]  eta: 0:04:36  inter: 14081.0000 (24065.9982)  union: 22302.0000 (39702.2302)  iou: 0.5441 (0.5676)  time: 0.1224  data: 0.0004  max mem: 28813
Test:  [2050/4000]  eta: 0:04:30  inter: 6262.0000 (23943.6327)  union: 56149.0000 (39773.9338)  iou: 0.1915 (0.5654)  time: 0.1675  data: 0.0004  max mem: 28813
Test:  [2100/4000]  eta: 0:04:22  inter: 12098.0000 (23856.2154)  union: 31840.0000 (39730.2923)  iou: 0.7727 (0.5647)  time: 0.1242  data: 0.0004  max mem: 28813
Test:  [2150/4000]  eta: 0:04:15  inter: 16442.0000 (23870.3466)  union: 30679.0000 (39785.6197)  iou: 0.6772 (0.5640)  time: 0.1280  data: 0.0004  max mem: 28813
Test:  [2200/4000]  eta: 0:04:08  inter: 14030.0000 (23842.7766)  union: 20257.0000 (39705.7882)  iou: 0.5861 (0.5641)  time: 0.1424  data: 0.0004  max mem: 28813
Test:  [2250/4000]  eta: 0:04:01  inter: 17108.0000 (23727.9031)  union: 37679.0000 (39565.0076)  iou: 0.5711 (0.5629)  time: 0.1251  data: 0.0004  max mem: 28813
Test:  [2300/4000]  eta: 0:03:54  inter: 24542.0000 (23818.7060)  union: 37136.0000 (39552.9572)  iou: 0.6241 (0.5655)  time: 0.1409  data: 0.0004  max mem: 28813
Test:  [2350/4000]  eta: 0:03:48  inter: 17962.0000 (23764.5911)  union: 50555.0000 (39522.9798)  iou: 0.7068 (0.5657)  time: 0.1494  data: 0.0004  max mem: 28813
Test:  [2400/4000]  eta: 0:03:41  inter: 10390.0000 (23838.7437)  union: 33048.0000 (39507.2775)  iou: 0.4454 (0.5666)  time: 0.1488  data: 0.0004  max mem: 28813
Test:  [2450/4000]  eta: 0:03:34  inter: 28672.0000 (23924.3278)  union: 32005.0000 (39564.3435)  iou: 0.8648 (0.5683)  time: 0.1136  data: 0.0004  max mem: 28813
Test:  [2500/4000]  eta: 0:03:26  inter: 25039.0000 (23904.0523)  union: 38341.0000 (39589.9502)  iou: 0.8321 (0.5682)  time: 0.1181  data: 0.0004  max mem: 28813
Test:  [2550/4000]  eta: 0:03:19  inter: 28616.0000 (24001.6034)  union: 35021.0000 (39717.0546)  iou: 0.7748 (0.5683)  time: 0.1501  data: 0.0004  max mem: 28813
Test:  [2600/4000]  eta: 0:03:12  inter: 10895.0000 (23917.1978)  union: 31215.0000 (39678.7940)  iou: 0.3142 (0.5667)  time: 0.1421  data: 0.0004  max mem: 28813
Test:  [2650/4000]  eta: 0:03:05  inter: 16851.0000 (23918.1796)  union: 34587.0000 (39876.1896)  iou: 0.8262 (0.5662)  time: 0.1413  data: 0.0004  max mem: 28813
Test:  [2700/4000]  eta: 0:02:59  inter: 26638.0000 (24009.9784)  union: 30752.0000 (39970.6100)  iou: 0.7462 (0.5672)  time: 0.1305  data: 0.0004  max mem: 28813
Test:  [2750/4000]  eta: 0:02:52  inter: 23126.0000 (24111.8823)  union: 34619.0000 (40132.2393)  iou: 0.8291 (0.5668)  time: 0.1276  data: 0.0004  max mem: 28813
Test:  [2800/4000]  eta: 0:02:45  inter: 14821.0000 (24079.4505)  union: 25520.0000 (40025.5046)  iou: 0.8395 (0.5669)  time: 0.1366  data: 0.0004  max mem: 28813
Test:  [2850/4000]  eta: 0:02:38  inter: 12509.0000 (24182.6348)  union: 32889.0000 (40108.5720)  iou: 0.4134 (0.5662)  time: 0.1293  data: 0.0004  max mem: 28813
Test:  [2900/4000]  eta: 0:02:31  inter: 17483.0000 (24183.3672)  union: 26053.0000 (40150.5632)  iou: 0.6710 (0.5650)  time: 0.1244  data: 0.0004  max mem: 28813
Test:  [2950/4000]  eta: 0:02:24  inter: 19791.0000 (24224.9786)  union: 26535.0000 (40178.5913)  iou: 0.5116 (0.5653)  time: 0.1247  data: 0.0004  max mem: 28813
Test:  [3000/4000]  eta: 0:02:17  inter: 9165.0000 (24181.1113)  union: 32189.0000 (40132.3169)  iou: 0.6094 (0.5645)  time: 0.1560  data: 0.0004  max mem: 28813
Test:  [3050/4000]  eta: 0:02:11  inter: 13026.0000 (24145.4431)  union: 31119.0000 (40187.3532)  iou: 0.4355 (0.5643)  time: 0.1349  data: 0.0004  max mem: 28813
Test:  [3100/4000]  eta: 0:02:04  inter: 22377.0000 (24130.1543)  union: 41634.0000 (40159.4629)  iou: 0.4732 (0.5646)  time: 0.1389  data: 0.0004  max mem: 28813
Test:  [3150/4000]  eta: 0:01:57  inter: 12623.0000 (24015.6347)  union: 21513.0000 (40033.9115)  iou: 0.4921 (0.5641)  time: 0.1385  data: 0.0004  max mem: 28813
Test:  [3200/4000]  eta: 0:01:50  inter: 10135.0000 (24009.3492)  union: 38145.0000 (40064.4393)  iou: 0.6201 (0.5644)  time: 0.1305  data: 0.0004  max mem: 28813
Test:  [3250/4000]  eta: 0:01:43  inter: 17697.0000 (23941.4712)  union: 24866.0000 (40022.1720)  iou: 0.7103 (0.5628)  time: 0.1368  data: 0.0004  max mem: 28813
Test:  [3300/4000]  eta: 0:01:36  inter: 24842.0000 (24012.6810)  union: 43708.0000 (40127.2170)  iou: 0.6337 (0.5618)  time: 0.1532  data: 0.0004  max mem: 28813
Test:  [3350/4000]  eta: 0:01:29  inter: 9638.0000 (24006.6456)  union: 12601.0000 (40122.6653)  iou: 0.7317 (0.5623)  time: 0.1169  data: 0.0004  max mem: 28813
Test:  [3400/4000]  eta: 0:01:22  inter: 23458.0000 (24145.9741)  union: 40427.0000 (40183.5998)  iou: 0.8439 (0.5640)  time: 0.1463  data: 0.0004  max mem: 28813
Test:  [3450/4000]  eta: 0:01:15  inter: 17184.0000 (24164.5747)  union: 31444.0000 (40221.9330)  iou: 0.4865 (0.5641)  time: 0.1290  data: 0.0004  max mem: 28813
Test:  [3500/4000]  eta: 0:01:08  inter: 12792.0000 (24138.5061)  union: 20984.0000 (40144.7695)  iou: 0.4095 (0.5642)  time: 0.1269  data: 0.0004  max mem: 28813
Test:  [3550/4000]  eta: 0:01:01  inter: 17239.0000 (24145.0528)  union: 37124.0000 (40162.9124)  iou: 0.6247 (0.5638)  time: 0.1220  data: 0.0004  max mem: 28813
Test:  [3600/4000]  eta: 0:00:55  inter: 21170.0000 (24083.0441)  union: 36846.0000 (40129.9840)  iou: 0.3877 (0.5625)  time: 0.1282  data: 0.0004  max mem: 28813
Test:  [3650/4000]  eta: 0:00:48  inter: 18051.0000 (24028.9569)  union: 38925.0000 (40128.3582)  iou: 0.4370 (0.5617)  time: 0.1611  data: 0.0004  max mem: 28813
Test:  [3700/4000]  eta: 0:00:41  inter: 22847.0000 (24153.0485)  union: 36047.0000 (40183.8498)  iou: 0.8130 (0.5628)  time: 0.1323  data: 0.0004  max mem: 28813
Test:  [3750/4000]  eta: 0:00:34  inter: 22601.0000 (24194.4740)  union: 44453.0000 (40234.3161)  iou: 0.5881 (0.5635)  time: 0.1297  data: 0.0004  max mem: 28813
Test:  [3800/4000]  eta: 0:00:27  inter: 20034.0000 (24229.8605)  union: 29684.0000 (40211.9061)  iou: 0.5723 (0.5639)  time: 0.1142  data: 0.0004  max mem: 28813
Test:  [3850/4000]  eta: 0:00:20  inter: 18130.0000 (24216.6387)  union: 33369.0000 (40261.6020)  iou: 0.7878 (0.5637)  time: 0.1332  data: 0.0004  max mem: 28813
Test:  [3900/4000]  eta: 0:00:13  inter: 14479.0000 (24245.1889)  union: 29591.0000 (40348.3121)  iou: 0.5491 (0.5633)  time: 0.1346  data: 0.0004  max mem: 28813
Test:  [3950/4000]  eta: 0:00:06  inter: 17724.0000 (24217.4842)  union: 35431.0000 (40299.8767)  iou: 0.7332 (0.5638)  time: 0.1260  data: 0.0004  max mem: 28813
Test:  [3999/4000]  eta: 0:00:00  inter: 15312.0000 (24179.2388)  union: 30887.0000 (40211.4787)  iou: 0.4268 (0.5647)  time: 0.1127  data: 0.0001  max mem: 28813
Test: Total time: 0:09:11 (0.1379 s / it)
* IoU 0.565 oIoU 0.601
IoU of the network on the 4000 test images: 0.6%
Max IoU: 0.58%
huggingface/tokenizers: The current process just got forked, after parallelism has already been used. Disabling parallelism to avoid deadlocks...
To disable this warning, you can either:
	- Avoid using `tokenizers` before the fork if possible
	- Explicitly set the environment variable TOKENIZERS_PARALLELISM=(true | false)
huggingface/tokenizers: The current process just got forked, after parallelism has already been used. Disabling parallelism to avoid deadlocks...
To disable this warning, you can either:
	- Avoid using `tokenizers` before the fork if possible
	- Explicitly set the environment variable TOKENIZERS_PARALLELISM=(true | false)
huggingface/tokenizers: The current process just got forked, after parallelism has already been used. Disabling parallelism to avoid deadlocks...
To disable this warning, you can either:
	- Avoid using `tokenizers` before the fork if possible
	- Explicitly set the environment variable TOKENIZERS_PARALLELISM=(true | false)
huggingface/tokenizers: The current process just got forked, after parallelism has already been used. Disabling parallelism to avoid deadlocks...
To disable this warning, you can either:
	- Avoid using `tokenizers` before the fork if possible
	- Explicitly set the environment variable TOKENIZERS_PARALLELISM=(true | false)
huggingface/tokenizers: The current process just got forked, after parallelism has already been used. Disabling parallelism to avoid deadlocks...
To disable this warning, you can either:
	- Avoid using `tokenizers` before the fork if possible
	- Explicitly set the environment variable TOKENIZERS_PARALLELISM=(true | false)
huggingface/tokenizers: The current process just got forked, after parallelism has already been used. Disabling parallelism to avoid deadlocks...
To disable this warning, you can either:
	- Avoid using `tokenizers` before the fork if possible
	- Explicitly set the environment variable TOKENIZERS_PARALLELISM=(true | false)
huggingface/tokenizers: The current process just got forked, after parallelism has already been used. Disabling parallelism to avoid deadlocks...
To disable this warning, you can either:
	- Avoid using `tokenizers` before the fork if possible
	- Explicitly set the environment variable TOKENIZERS_PARALLELISM=(true | false)
huggingface/tokenizers: The current process just got forked, after parallelism has already been used. Disabling parallelism to avoid deadlocks...
To disable this warning, you can either:
	- Avoid using `tokenizers` before the fork if possible
	- Explicitly set the environment variable TOKENIZERS_PARALLELISM=(true | false)
Epoch: [15]  [   0/5625]  eta: 8:22:07  lr: 0.000008  train_loss: 0.2070 (0.2070)  train_iou: 0.5409 (0.5409)  time: 5.3560  data: 4.6445  max mem: 28813
Epoch: [15]  [  20/5625]  eta: 1:13:27  lr: 0.000008  train_loss: 0.1197 (0.1703)  train_iou: 0.7326 (0.6937)  time: 0.5578  data: 0.0019  max mem: 28813
Epoch: [15]  [  40/5625]  eta: 1:01:03  lr: 0.000008  train_loss: 0.0729 (0.1417)  train_iou: 0.6785 (0.6871)  time: 0.5192  data: 0.0020  max mem: 28813
Epoch: [15]  [  60/5625]  eta: 0:56:31  lr: 0.000008  train_loss: 0.1036 (0.1404)  train_iou: 0.6545 (0.6776)  time: 0.5142  data: 0.0018  max mem: 28813
Epoch: [15]  [  80/5625]  eta: 0:54:10  lr: 0.000008  train_loss: 0.0982 (0.1357)  train_iou: 0.7103 (0.6857)  time: 0.5152  data: 0.0007  max mem: 28813
Epoch: [15]  [ 100/5625]  eta: 0:52:46  lr: 0.000008  train_loss: 0.1769 (0.1486)  train_iou: 0.6697 (0.6818)  time: 0.5202  data: 0.0023  max mem: 28813
Epoch: [15]  [ 120/5625]  eta: 0:51:52  lr: 0.000008  train_loss: 0.0975 (0.1491)  train_iou: 0.6549 (0.6772)  time: 0.5263  data: 0.0029  max mem: 28813
Epoch: [15]  [ 140/5625]  eta: 0:51:01  lr: 0.000008  train_loss: 0.1064 (0.1511)  train_iou: 0.6829 (0.6798)  time: 0.5144  data: 0.0009  max mem: 28813
Epoch: [15]  [ 160/5625]  eta: 0:50:24  lr: 0.000008  train_loss: 0.1875 (0.1563)  train_iou: 0.6824 (0.6797)  time: 0.5197  data: 0.0009  max mem: 28813
Epoch: [15]  [ 180/5625]  eta: 0:49:50  lr: 0.000008  train_loss: 0.1276 (0.1555)  train_iou: 0.6757 (0.6791)  time: 0.5153  data: 0.0014  max mem: 28813
Epoch: [15]  [ 200/5625]  eta: 0:49:25  lr: 0.000008  train_loss: 0.1397 (0.1562)  train_iou: 0.6605 (0.6753)  time: 0.5244  data: 0.0009  max mem: 28813
Epoch: [15]  [ 220/5625]  eta: 0:48:59  lr: 0.000008  train_loss: 0.1268 (0.1559)  train_iou: 0.6061 (0.6715)  time: 0.5158  data: 0.0005  max mem: 28813
Epoch: [15]  [ 240/5625]  eta: 0:48:40  lr: 0.000008  train_loss: 0.0929 (0.1533)  train_iou: 0.7145 (0.6749)  time: 0.5241  data: 0.0005  max mem: 28813
Epoch: [15]  [ 260/5625]  eta: 0:48:21  lr: 0.000008  train_loss: 0.1065 (0.1517)  train_iou: 0.6577 (0.6739)  time: 0.5229  data: 0.0010  max mem: 28813
Epoch: [15]  [ 280/5625]  eta: 0:48:05  lr: 0.000008  train_loss: 0.1765 (0.1564)  train_iou: 0.6642 (0.6729)  time: 0.5263  data: 0.0032  max mem: 28813
Epoch: [15]  [ 300/5625]  eta: 0:47:54  lr: 0.000008  train_loss: 0.1268 (0.1583)  train_iou: 0.6155 (0.6705)  time: 0.5398  data: 0.0060  max mem: 28813
Epoch: [15]  [ 320/5625]  eta: 0:47:39  lr: 0.000008  train_loss: 0.1175 (0.1590)  train_iou: 0.6390 (0.6680)  time: 0.5280  data: 0.0045  max mem: 28813
Epoch: [15]  [ 340/5625]  eta: 0:47:25  lr: 0.000008  train_loss: 0.1310 (0.1592)  train_iou: 0.6938 (0.6703)  time: 0.5293  data: 0.0031  max mem: 28813
Epoch: [15]  [ 360/5625]  eta: 0:47:11  lr: 0.000008  train_loss: 0.0829 (0.1565)  train_iou: 0.6684 (0.6707)  time: 0.5265  data: 0.0010  max mem: 28813
Epoch: [15]  [ 380/5625]  eta: 0:46:54  lr: 0.000008  train_loss: 0.1181 (0.1568)  train_iou: 0.6940 (0.6724)  time: 0.5159  data: 0.0016  max mem: 28813
Epoch: [15]  [ 400/5625]  eta: 0:46:39  lr: 0.000008  train_loss: 0.1183 (0.1576)  train_iou: 0.6469 (0.6720)  time: 0.5206  data: 0.0022  max mem: 28813
Epoch: [15]  [ 420/5625]  eta: 0:46:28  lr: 0.000008  train_loss: 0.1115 (0.1576)  train_iou: 0.7461 (0.6745)  time: 0.5330  data: 0.0029  max mem: 28813
Epoch: [15]  [ 440/5625]  eta: 0:46:15  lr: 0.000008  train_loss: 0.1073 (0.1592)  train_iou: 0.6630 (0.6735)  time: 0.5246  data: 0.0020  max mem: 28813
Epoch: [15]  [ 460/5625]  eta: 0:46:01  lr: 0.000008  train_loss: 0.1000 (0.1604)  train_iou: 0.6876 (0.6739)  time: 0.5210  data: 0.0007  max mem: 28813
Epoch: [15]  [ 480/5625]  eta: 0:45:48  lr: 0.000008  train_loss: 0.1399 (0.1628)  train_iou: 0.6757 (0.6735)  time: 0.5269  data: 0.0026  max mem: 28813
Epoch: [15]  [ 500/5625]  eta: 0:45:35  lr: 0.000008  train_loss: 0.1138 (0.1625)  train_iou: 0.6426 (0.6726)  time: 0.5223  data: 0.0019  max mem: 28813
Epoch: [15]  [ 520/5625]  eta: 0:45:23  lr: 0.000008  train_loss: 0.0953 (0.1611)  train_iou: 0.6921 (0.6740)  time: 0.5239  data: 0.0035  max mem: 28813
Epoch: [15]  [ 540/5625]  eta: 0:45:09  lr: 0.000008  train_loss: 0.1472 (0.1614)  train_iou: 0.7641 (0.6754)  time: 0.5175  data: 0.0005  max mem: 28813
Epoch: [15]  [ 560/5625]  eta: 0:44:57  lr: 0.000008  train_loss: 0.0931 (0.1609)  train_iou: 0.6784 (0.6753)  time: 0.5238  data: 0.0007  max mem: 28813
Epoch: [15]  [ 580/5625]  eta: 0:44:44  lr: 0.000008  train_loss: 0.0931 (0.1608)  train_iou: 0.6829 (0.6757)  time: 0.5189  data: 0.0025  max mem: 28813
Epoch: [15]  [ 600/5625]  eta: 0:44:31  lr: 0.000008  train_loss: 0.1403 (0.1612)  train_iou: 0.5956 (0.6747)  time: 0.5216  data: 0.0013  max mem: 28813
Epoch: [15]  [ 620/5625]  eta: 0:44:18  lr: 0.000008  train_loss: 0.1274 (0.1613)  train_iou: 0.5945 (0.6736)  time: 0.5179  data: 0.0021  max mem: 28813
Epoch: [15]  [ 640/5625]  eta: 0:44:06  lr: 0.000008  train_loss: 0.1187 (0.1616)  train_iou: 0.5673 (0.6719)  time: 0.5183  data: 0.0026  max mem: 28813
Epoch: [15]  [ 660/5625]  eta: 0:43:53  lr: 0.000008  train_loss: 0.1197 (0.1626)  train_iou: 0.6736 (0.6718)  time: 0.5187  data: 0.0007  max mem: 28813
Epoch: [15]  [ 680/5625]  eta: 0:43:41  lr: 0.000008  train_loss: 0.1393 (0.1625)  train_iou: 0.6965 (0.6726)  time: 0.5194  data: 0.0020  max mem: 28813
Epoch: [15]  [ 700/5625]  eta: 0:43:28  lr: 0.000008  train_loss: 0.1134 (0.1619)  train_iou: 0.6665 (0.6729)  time: 0.5111  data: 0.0012  max mem: 28813
Epoch: [15]  [ 720/5625]  eta: 0:43:16  lr: 0.000008  train_loss: 0.0969 (0.1607)  train_iou: 0.6789 (0.6735)  time: 0.5181  data: 0.0005  max mem: 28813
Epoch: [15]  [ 740/5625]  eta: 0:43:03  lr: 0.000008  train_loss: 0.0952 (0.1597)  train_iou: 0.7191 (0.6743)  time: 0.5171  data: 0.0005  max mem: 28813
Epoch: [15]  [ 760/5625]  eta: 0:42:51  lr: 0.000008  train_loss: 0.1609 (0.1605)  train_iou: 0.6500 (0.6738)  time: 0.5162  data: 0.0017  max mem: 28813
Epoch: [15]  [ 780/5625]  eta: 0:42:39  lr: 0.000008  train_loss: 0.0948 (0.1595)  train_iou: 0.6572 (0.6739)  time: 0.5121  data: 0.0007  max mem: 28813
Epoch: [15]  [ 800/5625]  eta: 0:42:28  lr: 0.000008  train_loss: 0.1217 (0.1600)  train_iou: 0.6763 (0.6745)  time: 0.5235  data: 0.0026  max mem: 28813
Epoch: [15]  [ 820/5625]  eta: 0:42:16  lr: 0.000008  train_loss: 0.1482 (0.1607)  train_iou: 0.5613 (0.6725)  time: 0.5181  data: 0.0009  max mem: 28813
Epoch: [15]  [ 840/5625]  eta: 0:42:04  lr: 0.000008  train_loss: 0.1414 (0.1625)  train_iou: 0.5726 (0.6702)  time: 0.5205  data: 0.0019  max mem: 28813
Epoch: [15]  [ 860/5625]  eta: 0:41:53  lr: 0.000008  train_loss: 0.1003 (0.1618)  train_iou: 0.7099 (0.6706)  time: 0.5187  data: 0.0006  max mem: 28813
Epoch: [15]  [ 880/5625]  eta: 0:41:42  lr: 0.000008  train_loss: 0.1641 (0.1629)  train_iou: 0.6471 (0.6701)  time: 0.5221  data: 0.0010  max mem: 28813
Epoch: [15]  [ 900/5625]  eta: 0:41:31  lr: 0.000008  train_loss: 0.1010 (0.1629)  train_iou: 0.6927 (0.6706)  time: 0.5255  data: 0.0045  max mem: 28813
Epoch: [15]  [ 920/5625]  eta: 0:41:19  lr: 0.000008  train_loss: 0.1390 (0.1630)  train_iou: 0.6819 (0.6714)  time: 0.5126  data: 0.0007  max mem: 28813
Epoch: [15]  [ 940/5625]  eta: 0:41:08  lr: 0.000008  train_loss: 0.1487 (0.1633)  train_iou: 0.6446 (0.6706)  time: 0.5184  data: 0.0004  max mem: 28813
Epoch: [15]  [ 960/5625]  eta: 0:40:56  lr: 0.000008  train_loss: 0.1314 (0.1638)  train_iou: 0.6537 (0.6701)  time: 0.5194  data: 0.0004  max mem: 28813
Epoch: [15]  [ 980/5625]  eta: 0:40:45  lr: 0.000008  train_loss: 0.0966 (0.1632)  train_iou: 0.6638 (0.6697)  time: 0.5159  data: 0.0004  max mem: 28813
Epoch: [15]  [1000/5625]  eta: 0:40:34  lr: 0.000008  train_loss: 0.1056 (0.1633)  train_iou: 0.6616 (0.6694)  time: 0.5226  data: 0.0033  max mem: 28813
Epoch: [15]  [1020/5625]  eta: 0:40:23  lr: 0.000008  train_loss: 0.1311 (0.1629)  train_iou: 0.6652 (0.6691)  time: 0.5238  data: 0.0019  max mem: 28813
Epoch: [15]  [1040/5625]  eta: 0:40:12  lr: 0.000008  train_loss: 0.1115 (0.1629)  train_iou: 0.5729 (0.6681)  time: 0.5181  data: 0.0012  max mem: 28813
Epoch: [15]  [1060/5625]  eta: 0:40:01  lr: 0.000008  train_loss: 0.2068 (0.1636)  train_iou: 0.6413 (0.6681)  time: 0.5191  data: 0.0009  max mem: 28813
Epoch: [15]  [1080/5625]  eta: 0:39:50  lr: 0.000008  train_loss: 0.0940 (0.1637)  train_iou: 0.6823 (0.6687)  time: 0.5258  data: 0.0020  max mem: 28813
Epoch: [15]  [1100/5625]  eta: 0:39:39  lr: 0.000008  train_loss: 0.1025 (0.1632)  train_iou: 0.6822 (0.6693)  time: 0.5217  data: 0.0010  max mem: 28813
Epoch: [15]  [1120/5625]  eta: 0:39:28  lr: 0.000008  train_loss: 0.1306 (0.1637)  train_iou: 0.6155 (0.6683)  time: 0.5191  data: 0.0007  max mem: 28813
Epoch: [15]  [1140/5625]  eta: 0:39:17  lr: 0.000008  train_loss: 0.1042 (0.1637)  train_iou: 0.7547 (0.6691)  time: 0.5166  data: 0.0008  max mem: 28813
Epoch: [15]  [1160/5625]  eta: 0:39:06  lr: 0.000008  train_loss: 0.1859 (0.1642)  train_iou: 0.6380 (0.6685)  time: 0.5201  data: 0.0010  max mem: 28813
Epoch: [15]  [1180/5625]  eta: 0:38:55  lr: 0.000008  train_loss: 0.1616 (0.1645)  train_iou: 0.6683 (0.6684)  time: 0.5154  data: 0.0006  max mem: 28813
Epoch: [15]  [1200/5625]  eta: 0:38:44  lr: 0.000008  train_loss: 0.1147 (0.1647)  train_iou: 0.6555 (0.6681)  time: 0.5183  data: 0.0007  max mem: 28813
Epoch: [15]  [1220/5625]  eta: 0:38:33  lr: 0.000008  train_loss: 0.0955 (0.1644)  train_iou: 0.6511 (0.6672)  time: 0.5233  data: 0.0010  max mem: 28813
Epoch: [15]  [1240/5625]  eta: 0:38:22  lr: 0.000008  train_loss: 0.1168 (0.1646)  train_iou: 0.5843 (0.6664)  time: 0.5209  data: 0.0020  max mem: 28813
Epoch: [15]  [1260/5625]  eta: 0:38:11  lr: 0.000008  train_loss: 0.1093 (0.1644)  train_iou: 0.6249 (0.6660)  time: 0.5160  data: 0.0006  max mem: 28813
Epoch: [15]  [1280/5625]  eta: 0:38:00  lr: 0.000008  train_loss: 0.1233 (0.1644)  train_iou: 0.6770 (0.6661)  time: 0.5147  data: 0.0009  max mem: 28813
Epoch: [15]  [1300/5625]  eta: 0:37:49  lr: 0.000008  train_loss: 0.1553 (0.1644)  train_iou: 0.6268 (0.6655)  time: 0.5147  data: 0.0014  max mem: 28813
Epoch: [15]  [1320/5625]  eta: 0:37:38  lr: 0.000008  train_loss: 0.0857 (0.1644)  train_iou: 0.6721 (0.6657)  time: 0.5228  data: 0.0014  max mem: 28813
Epoch: [15]  [1340/5625]  eta: 0:37:28  lr: 0.000008  train_loss: 0.1482 (0.1650)  train_iou: 0.7385 (0.6660)  time: 0.5270  data: 0.0025  max mem: 28813
Epoch: [15]  [1360/5625]  eta: 0:37:17  lr: 0.000008  train_loss: 0.0911 (0.1646)  train_iou: 0.6665 (0.6658)  time: 0.5219  data: 0.0010  max mem: 28813
Epoch: [15]  [1380/5625]  eta: 0:37:06  lr: 0.000008  train_loss: 0.0895 (0.1638)  train_iou: 0.6976 (0.6660)  time: 0.5194  data: 0.0033  max mem: 28813
Epoch: [15]  [1400/5625]  eta: 0:36:56  lr: 0.000008  train_loss: 0.1059 (0.1635)  train_iou: 0.7139 (0.6661)  time: 0.5208  data: 0.0008  max mem: 28813
Epoch: [15]  [1420/5625]  eta: 0:36:45  lr: 0.000008  train_loss: 0.1678 (0.1638)  train_iou: 0.6874 (0.6666)  time: 0.5139  data: 0.0007  max mem: 28813
Epoch: [15]  [1440/5625]  eta: 0:36:34  lr: 0.000008  train_loss: 0.1545 (0.1640)  train_iou: 0.6484 (0.6660)  time: 0.5290  data: 0.0016  max mem: 28813
Epoch: [15]  [1460/5625]  eta: 0:36:24  lr: 0.000008  train_loss: 0.0990 (0.1637)  train_iou: 0.6176 (0.6659)  time: 0.5265  data: 0.0020  max mem: 28813
Epoch: [15]  [1480/5625]  eta: 0:36:13  lr: 0.000008  train_loss: 0.2421 (0.1648)  train_iou: 0.6287 (0.6655)  time: 0.5160  data: 0.0004  max mem: 28813
Epoch: [15]  [1500/5625]  eta: 0:36:02  lr: 0.000008  train_loss: 0.1064 (0.1645)  train_iou: 0.6829 (0.6657)  time: 0.5228  data: 0.0022  max mem: 28813
Epoch: [15]  [1520/5625]  eta: 0:35:52  lr: 0.000008  train_loss: 0.1336 (0.1650)  train_iou: 0.6474 (0.6656)  time: 0.5182  data: 0.0015  max mem: 28813
Epoch: [15]  [1540/5625]  eta: 0:35:41  lr: 0.000008  train_loss: 0.0939 (0.1644)  train_iou: 0.6763 (0.6657)  time: 0.5167  data: 0.0038  max mem: 28813
Epoch: [15]  [1560/5625]  eta: 0:35:30  lr: 0.000008  train_loss: 0.1635 (0.1647)  train_iou: 0.6221 (0.6654)  time: 0.5202  data: 0.0010  max mem: 28813
Epoch: [15]  [1580/5625]  eta: 0:35:19  lr: 0.000008  train_loss: 0.1315 (0.1650)  train_iou: 0.6762 (0.6657)  time: 0.5163  data: 0.0015  max mem: 28813
Epoch: [15]  [1600/5625]  eta: 0:35:08  lr: 0.000008  train_loss: 0.1021 (0.1649)  train_iou: 0.6216 (0.6654)  time: 0.5180  data: 0.0014  max mem: 28813
Epoch: [15]  [1620/5625]  eta: 0:34:58  lr: 0.000008  train_loss: 0.0888 (0.1644)  train_iou: 0.6676 (0.6660)  time: 0.5256  data: 0.0016  max mem: 28813
Epoch: [15]  [1640/5625]  eta: 0:34:47  lr: 0.000008  train_loss: 0.1058 (0.1643)  train_iou: 0.6790 (0.6662)  time: 0.5178  data: 0.0008  max mem: 28813
Epoch: [15]  [1660/5625]  eta: 0:34:36  lr: 0.000008  train_loss: 0.1111 (0.1639)  train_iou: 0.6739 (0.6664)  time: 0.5159  data: 0.0005  max mem: 28813
Epoch: [15]  [1680/5625]  eta: 0:34:26  lr: 0.000008  train_loss: 0.0842 (0.1634)  train_iou: 0.6708 (0.6667)  time: 0.5187  data: 0.0007  max mem: 28813
Epoch: [15]  [1700/5625]  eta: 0:34:15  lr: 0.000008  train_loss: 0.1310 (0.1633)  train_iou: 0.6548 (0.6664)  time: 0.5279  data: 0.0033  max mem: 28813
Epoch: [15]  [1720/5625]  eta: 0:34:05  lr: 0.000008  train_loss: 0.1324 (0.1633)  train_iou: 0.6805 (0.6665)  time: 0.5207  data: 0.0012  max mem: 28813
Epoch: [15]  [1740/5625]  eta: 0:33:54  lr: 0.000008  train_loss: 0.1098 (0.1636)  train_iou: 0.6260 (0.6663)  time: 0.5228  data: 0.0009  max mem: 28813
Epoch: [15]  [1760/5625]  eta: 0:33:44  lr: 0.000008  train_loss: 0.0990 (0.1632)  train_iou: 0.6851 (0.6670)  time: 0.5203  data: 0.0026  max mem: 28813
Epoch: [15]  [1780/5625]  eta: 0:33:33  lr: 0.000008  train_loss: 0.1299 (0.1633)  train_iou: 0.6478 (0.6666)  time: 0.5163  data: 0.0004  max mem: 28813
Epoch: [15]  [1800/5625]  eta: 0:33:22  lr: 0.000008  train_loss: 0.1158 (0.1634)  train_iou: 0.6578 (0.6662)  time: 0.5201  data: 0.0036  max mem: 28813
Epoch: [15]  [1820/5625]  eta: 0:33:12  lr: 0.000008  train_loss: 0.1002 (0.1630)  train_iou: 0.7391 (0.6667)  time: 0.5222  data: 0.0023  max mem: 28813
Epoch: [15]  [1840/5625]  eta: 0:33:01  lr: 0.000008  train_loss: 0.0940 (0.1625)  train_iou: 0.6893 (0.6669)  time: 0.5226  data: 0.0013  max mem: 28813
Epoch: [15]  [1860/5625]  eta: 0:32:50  lr: 0.000008  train_loss: 0.1215 (0.1625)  train_iou: 0.6454 (0.6668)  time: 0.5161  data: 0.0008  max mem: 28813
Epoch: [15]  [1880/5625]  eta: 0:32:40  lr: 0.000008  train_loss: 0.1241 (0.1626)  train_iou: 0.7157 (0.6673)  time: 0.5173  data: 0.0014  max mem: 28813
Epoch: [15]  [1900/5625]  eta: 0:32:29  lr: 0.000008  train_loss: 0.0971 (0.1624)  train_iou: 0.6516 (0.6670)  time: 0.5274  data: 0.0014  max mem: 28813
Epoch: [15]  [1920/5625]  eta: 0:32:19  lr: 0.000008  train_loss: 0.1389 (0.1626)  train_iou: 0.6612 (0.6667)  time: 0.5167  data: 0.0008  max mem: 28813
Epoch: [15]  [1940/5625]  eta: 0:32:08  lr: 0.000008  train_loss: 0.1486 (0.1627)  train_iou: 0.6566 (0.6666)  time: 0.5165  data: 0.0005  max mem: 28813
Epoch: [15]  [1960/5625]  eta: 0:31:57  lr: 0.000008  train_loss: 0.1217 (0.1626)  train_iou: 0.5500 (0.6658)  time: 0.5117  data: 0.0018  max mem: 28813
Epoch: [15]  [1980/5625]  eta: 0:31:46  lr: 0.000008  train_loss: 0.1344 (0.1627)  train_iou: 0.6613 (0.6658)  time: 0.5199  data: 0.0016  max mem: 28813
Epoch: [15]  [2000/5625]  eta: 0:31:36  lr: 0.000008  train_loss: 0.1006 (0.1625)  train_iou: 0.6562 (0.6654)  time: 0.5218  data: 0.0016  max mem: 28813
Epoch: [15]  [2020/5625]  eta: 0:31:25  lr: 0.000008  train_loss: 0.1284 (0.1625)  train_iou: 0.5691 (0.6646)  time: 0.5062  data: 0.0004  max mem: 28813
Epoch: [15]  [2040/5625]  eta: 0:31:14  lr: 0.000008  train_loss: 0.1117 (0.1623)  train_iou: 0.7162 (0.6651)  time: 0.5212  data: 0.0004  max mem: 28813
Epoch: [15]  [2060/5625]  eta: 0:31:04  lr: 0.000008  train_loss: 0.1346 (0.1625)  train_iou: 0.6672 (0.6649)  time: 0.5186  data: 0.0009  max mem: 28813
Epoch: [15]  [2080/5625]  eta: 0:30:53  lr: 0.000008  train_loss: 0.1054 (0.1624)  train_iou: 0.7304 (0.6655)  time: 0.5201  data: 0.0007  max mem: 28813
Epoch: [15]  [2100/5625]  eta: 0:30:42  lr: 0.000008  train_loss: 0.0881 (0.1623)  train_iou: 0.6676 (0.6658)  time: 0.5184  data: 0.0012  max mem: 28813
Epoch: [15]  [2120/5625]  eta: 0:30:32  lr: 0.000008  train_loss: 0.0892 (0.1621)  train_iou: 0.6432 (0.6658)  time: 0.5233  data: 0.0023  max mem: 28813
Epoch: [15]  [2140/5625]  eta: 0:30:22  lr: 0.000008  train_loss: 0.1069 (0.1622)  train_iou: 0.6550 (0.6657)  time: 0.5207  data: 0.0011  max mem: 28813
Epoch: [15]  [2160/5625]  eta: 0:30:11  lr: 0.000008  train_loss: 0.1489 (0.1625)  train_iou: 0.6667 (0.6658)  time: 0.5231  data: 0.0011  max mem: 28813
Epoch: [15]  [2180/5625]  eta: 0:30:01  lr: 0.000008  train_loss: 0.0981 (0.1623)  train_iou: 0.6735 (0.6657)  time: 0.5296  data: 0.0025  max mem: 28813
Epoch: [15]  [2200/5625]  eta: 0:29:50  lr: 0.000008  train_loss: 0.0946 (0.1619)  train_iou: 0.6903 (0.6661)  time: 0.5185  data: 0.0011  max mem: 28813
Epoch: [15]  [2220/5625]  eta: 0:29:40  lr: 0.000008  train_loss: 0.0975 (0.1620)  train_iou: 0.6410 (0.6657)  time: 0.5176  data: 0.0013  max mem: 28813
Epoch: [15]  [2240/5625]  eta: 0:29:29  lr: 0.000008  train_loss: 0.1030 (0.1618)  train_iou: 0.6573 (0.6657)  time: 0.5281  data: 0.0016  max mem: 28813
Epoch: [15]  [2260/5625]  eta: 0:29:19  lr: 0.000008  train_loss: 0.0968 (0.1617)  train_iou: 0.6740 (0.6659)  time: 0.5250  data: 0.0010  max mem: 28813
Epoch: [15]  [2280/5625]  eta: 0:29:08  lr: 0.000008  train_loss: 0.1057 (0.1617)  train_iou: 0.6885 (0.6662)  time: 0.5178  data: 0.0019  max mem: 28813
Epoch: [15]  [2300/5625]  eta: 0:28:58  lr: 0.000008  train_loss: 0.1027 (0.1615)  train_iou: 0.6743 (0.6663)  time: 0.5251  data: 0.0021  max mem: 28813
Epoch: [15]  [2320/5625]  eta: 0:28:48  lr: 0.000008  train_loss: 0.1223 (0.1614)  train_iou: 0.6338 (0.6663)  time: 0.5284  data: 0.0015  max mem: 28813
Epoch: [15]  [2340/5625]  eta: 0:28:37  lr: 0.000008  train_loss: 0.0918 (0.1612)  train_iou: 0.6715 (0.6664)  time: 0.5236  data: 0.0026  max mem: 28813
Epoch: [15]  [2360/5625]  eta: 0:28:27  lr: 0.000008  train_loss: 0.0987 (0.1613)  train_iou: 0.5906 (0.6661)  time: 0.5191  data: 0.0008  max mem: 28813
Epoch: [15]  [2380/5625]  eta: 0:28:16  lr: 0.000008  train_loss: 0.1063 (0.1612)  train_iou: 0.6803 (0.6662)  time: 0.5223  data: 0.0026  max mem: 28813
Epoch: [15]  [2400/5625]  eta: 0:28:06  lr: 0.000008  train_loss: 0.1409 (0.1612)  train_iou: 0.6778 (0.6664)  time: 0.5286  data: 0.0052  max mem: 28813
Epoch: [15]  [2420/5625]  eta: 0:27:55  lr: 0.000008  train_loss: 0.1679 (0.1615)  train_iou: 0.6934 (0.6666)  time: 0.5214  data: 0.0005  max mem: 28813
Epoch: [15]  [2440/5625]  eta: 0:27:45  lr: 0.000008  train_loss: 0.0992 (0.1614)  train_iou: 0.6438 (0.6662)  time: 0.5246  data: 0.0004  max mem: 28813
Epoch: [15]  [2460/5625]  eta: 0:27:35  lr: 0.000008  train_loss: 0.1040 (0.1613)  train_iou: 0.6385 (0.6658)  time: 0.5267  data: 0.0034  max mem: 28813
Epoch: [15]  [2480/5625]  eta: 0:27:24  lr: 0.000008  train_loss: 0.1326 (0.1614)  train_iou: 0.6692 (0.6660)  time: 0.5287  data: 0.0011  max mem: 28813
Epoch: [15]  [2500/5625]  eta: 0:27:14  lr: 0.000008  train_loss: 0.1959 (0.1618)  train_iou: 0.6424 (0.6656)  time: 0.5176  data: 0.0007  max mem: 28813
Epoch: [15]  [2520/5625]  eta: 0:27:03  lr: 0.000008  train_loss: 0.1020 (0.1616)  train_iou: 0.6738 (0.6655)  time: 0.5215  data: 0.0024  max mem: 28813
Epoch: [15]  [2540/5625]  eta: 0:26:53  lr: 0.000008  train_loss: 0.1112 (0.1616)  train_iou: 0.6852 (0.6657)  time: 0.5175  data: 0.0007  max mem: 28813
Epoch: [15]  [2560/5625]  eta: 0:26:42  lr: 0.000008  train_loss: 0.0871 (0.1613)  train_iou: 0.6772 (0.6659)  time: 0.5238  data: 0.0022  max mem: 28813
Epoch: [15]  [2580/5625]  eta: 0:26:32  lr: 0.000008  train_loss: 0.1052 (0.1613)  train_iou: 0.6821 (0.6662)  time: 0.5215  data: 0.0015  max mem: 28813
Epoch: [15]  [2600/5625]  eta: 0:26:21  lr: 0.000008  train_loss: 0.1118 (0.1615)  train_iou: 0.6851 (0.6664)  time: 0.5180  data: 0.0005  max mem: 28813
Epoch: [15]  [2620/5625]  eta: 0:26:11  lr: 0.000008  train_loss: 0.2136 (0.1618)  train_iou: 0.6654 (0.6662)  time: 0.5168  data: 0.0013  max mem: 28813
Epoch: [15]  [2640/5625]  eta: 0:26:00  lr: 0.000008  train_loss: 0.1228 (0.1615)  train_iou: 0.6858 (0.6662)  time: 0.5173  data: 0.0008  max mem: 28813
Epoch: [15]  [2660/5625]  eta: 0:25:50  lr: 0.000008  train_loss: 0.1040 (0.1615)  train_iou: 0.7512 (0.6666)  time: 0.5241  data: 0.0004  max mem: 28813
Epoch: [15]  [2680/5625]  eta: 0:25:39  lr: 0.000008  train_loss: 0.0957 (0.1614)  train_iou: 0.6653 (0.6665)  time: 0.5190  data: 0.0004  max mem: 28813
Epoch: [15]  [2700/5625]  eta: 0:25:28  lr: 0.000008  train_loss: 0.1791 (0.1617)  train_iou: 0.6210 (0.6663)  time: 0.5196  data: 0.0009  max mem: 28813
Epoch: [15]  [2720/5625]  eta: 0:25:18  lr: 0.000008  train_loss: 0.1154 (0.1616)  train_iou: 0.6352 (0.6660)  time: 0.5289  data: 0.0007  max mem: 28813
Epoch: [15]  [2740/5625]  eta: 0:25:08  lr: 0.000008  train_loss: 0.1601 (0.1618)  train_iou: 0.6871 (0.6661)  time: 0.5213  data: 0.0015  max mem: 28813
Epoch: [15]  [2760/5625]  eta: 0:24:57  lr: 0.000008  train_loss: 0.1475 (0.1619)  train_iou: 0.7418 (0.6664)  time: 0.5183  data: 0.0004  max mem: 28813
Epoch: [15]  [2780/5625]  eta: 0:24:47  lr: 0.000008  train_loss: 0.0966 (0.1618)  train_iou: 0.6758 (0.6664)  time: 0.5184  data: 0.0007  max mem: 28813
Epoch: [15]  [2800/5625]  eta: 0:24:36  lr: 0.000008  train_loss: 0.1181 (0.1617)  train_iou: 0.6729 (0.6665)  time: 0.5202  data: 0.0018  max mem: 28813
Epoch: [15]  [2820/5625]  eta: 0:24:26  lr: 0.000008  train_loss: 0.1194 (0.1616)  train_iou: 0.7104 (0.6668)  time: 0.5261  data: 0.0029  max mem: 28813
Epoch: [15]  [2840/5625]  eta: 0:24:15  lr: 0.000008  train_loss: 0.1155 (0.1615)  train_iou: 0.6384 (0.6666)  time: 0.5232  data: 0.0024  max mem: 28813
Epoch: [15]  [2860/5625]  eta: 0:24:05  lr: 0.000008  train_loss: 0.1371 (0.1616)  train_iou: 0.6796 (0.6667)  time: 0.5247  data: 0.0012  max mem: 28813
Epoch: [15]  [2880/5625]  eta: 0:23:54  lr: 0.000008  train_loss: 0.1067 (0.1616)  train_iou: 0.6794 (0.6669)  time: 0.5189  data: 0.0018  max mem: 28813
Epoch: [15]  [2900/5625]  eta: 0:23:44  lr: 0.000008  train_loss: 0.1126 (0.1615)  train_iou: 0.6755 (0.6670)  time: 0.5241  data: 0.0005  max mem: 28813
Epoch: [15]  [2920/5625]  eta: 0:23:33  lr: 0.000008  train_loss: 0.1408 (0.1616)  train_iou: 0.6904 (0.6672)  time: 0.5216  data: 0.0050  max mem: 28813
Epoch: [15]  [2940/5625]  eta: 0:23:23  lr: 0.000008  train_loss: 0.1686 (0.1618)  train_iou: 0.5804 (0.6669)  time: 0.5224  data: 0.0007  max mem: 28813
Epoch: [15]  [2960/5625]  eta: 0:23:13  lr: 0.000008  train_loss: 0.1216 (0.1620)  train_iou: 0.6689 (0.6668)  time: 0.5291  data: 0.0035  max mem: 28813
Epoch: [15]  [2980/5625]  eta: 0:23:02  lr: 0.000008  train_loss: 0.1112 (0.1620)  train_iou: 0.6542 (0.6668)  time: 0.5259  data: 0.0009  max mem: 28813
Epoch: [15]  [3000/5625]  eta: 0:22:52  lr: 0.000008  train_loss: 0.1230 (0.1621)  train_iou: 0.6853 (0.6670)  time: 0.5264  data: 0.0041  max mem: 28813
Epoch: [15]  [3020/5625]  eta: 0:22:41  lr: 0.000008  train_loss: 0.1816 (0.1624)  train_iou: 0.6468 (0.6668)  time: 0.5212  data: 0.0009  max mem: 28813
Epoch: [15]  [3040/5625]  eta: 0:22:31  lr: 0.000008  train_loss: 0.1082 (0.1624)  train_iou: 0.6787 (0.6668)  time: 0.5275  data: 0.0011  max mem: 28813
Epoch: [15]  [3060/5625]  eta: 0:22:20  lr: 0.000008  train_loss: 0.1320 (0.1625)  train_iou: 0.6702 (0.6667)  time: 0.5164  data: 0.0018  max mem: 28813
Epoch: [15]  [3080/5625]  eta: 0:22:10  lr: 0.000008  train_loss: 0.1050 (0.1625)  train_iou: 0.6613 (0.6665)  time: 0.5223  data: 0.0023  max mem: 28813
Epoch: [15]  [3100/5625]  eta: 0:21:59  lr: 0.000008  train_loss: 0.1011 (0.1625)  train_iou: 0.6555 (0.6663)  time: 0.5216  data: 0.0024  max mem: 28813
Epoch: [15]  [3120/5625]  eta: 0:21:49  lr: 0.000008  train_loss: 0.1453 (0.1626)  train_iou: 0.6662 (0.6665)  time: 0.5227  data: 0.0024  max mem: 28813
Epoch: [15]  [3140/5625]  eta: 0:21:38  lr: 0.000008  train_loss: 0.0988 (0.1625)  train_iou: 0.6696 (0.6666)  time: 0.5213  data: 0.0027  max mem: 28813
Epoch: [15]  [3160/5625]  eta: 0:21:28  lr: 0.000008  train_loss: 0.1029 (0.1624)  train_iou: 0.6751 (0.6667)  time: 0.5196  data: 0.0008  max mem: 28813
Epoch: [15]  [3180/5625]  eta: 0:21:18  lr: 0.000008  train_loss: 0.1154 (0.1625)  train_iou: 0.6591 (0.6668)  time: 0.5247  data: 0.0009  max mem: 28813
Epoch: [15]  [3200/5625]  eta: 0:21:07  lr: 0.000008  train_loss: 0.0999 (0.1624)  train_iou: 0.5585 (0.6663)  time: 0.5222  data: 0.0004  max mem: 28813
Epoch: [15]  [3220/5625]  eta: 0:20:57  lr: 0.000008  train_loss: 0.1068 (0.1621)  train_iou: 0.7501 (0.6665)  time: 0.5222  data: 0.0039  max mem: 28813
Epoch: [15]  [3240/5625]  eta: 0:20:46  lr: 0.000008  train_loss: 0.1345 (0.1622)  train_iou: 0.6723 (0.6666)  time: 0.5238  data: 0.0007  max mem: 28813
Epoch: [15]  [3260/5625]  eta: 0:20:36  lr: 0.000008  train_loss: 0.0930 (0.1620)  train_iou: 0.6565 (0.6663)  time: 0.5222  data: 0.0007  max mem: 28813
Epoch: [15]  [3280/5625]  eta: 0:20:25  lr: 0.000008  train_loss: 0.0849 (0.1618)  train_iou: 0.5978 (0.6660)  time: 0.5237  data: 0.0038  max mem: 28813
Epoch: [15]  [3300/5625]  eta: 0:20:15  lr: 0.000008  train_loss: 0.1626 (0.1620)  train_iou: 0.6735 (0.6661)  time: 0.5206  data: 0.0007  max mem: 28813
Epoch: [15]  [3320/5625]  eta: 0:20:04  lr: 0.000008  train_loss: 0.1825 (0.1621)  train_iou: 0.6505 (0.6660)  time: 0.5235  data: 0.0021  max mem: 28813
Epoch: [15]  [3340/5625]  eta: 0:19:54  lr: 0.000008  train_loss: 0.1449 (0.1622)  train_iou: 0.6684 (0.6661)  time: 0.5197  data: 0.0004  max mem: 28813
Epoch: [15]  [3360/5625]  eta: 0:19:43  lr: 0.000008  train_loss: 0.0951 (0.1620)  train_iou: 0.6403 (0.6658)  time: 0.5256  data: 0.0019  max mem: 28813
Epoch: [15]  [3380/5625]  eta: 0:19:33  lr: 0.000008  train_loss: 0.1468 (0.1621)  train_iou: 0.6645 (0.6658)  time: 0.5248  data: 0.0011  max mem: 28813
Epoch: [15]  [3400/5625]  eta: 0:19:23  lr: 0.000008  train_loss: 0.0966 (0.1619)  train_iou: 0.6732 (0.6660)  time: 0.5295  data: 0.0036  max mem: 28813
Epoch: [15]  [3420/5625]  eta: 0:19:12  lr: 0.000008  train_loss: 0.1079 (0.1619)  train_iou: 0.6824 (0.6662)  time: 0.5210  data: 0.0004  max mem: 28813
Epoch: [15]  [3440/5625]  eta: 0:19:02  lr: 0.000008  train_loss: 0.0997 (0.1619)  train_iou: 0.6678 (0.6660)  time: 0.5232  data: 0.0024  max mem: 28813
Epoch: [15]  [3460/5625]  eta: 0:18:51  lr: 0.000008  train_loss: 0.1345 (0.1620)  train_iou: 0.7624 (0.6664)  time: 0.5261  data: 0.0007  max mem: 28813
Epoch: [15]  [3480/5625]  eta: 0:18:41  lr: 0.000008  train_loss: 0.1705 (0.1622)  train_iou: 0.6470 (0.6664)  time: 0.5223  data: 0.0007  max mem: 28813
Epoch: [15]  [3500/5625]  eta: 0:18:30  lr: 0.000008  train_loss: 0.1180 (0.1620)  train_iou: 0.6700 (0.6665)  time: 0.5207  data: 0.0005  max mem: 28813
Epoch: [15]  [3520/5625]  eta: 0:18:20  lr: 0.000008  train_loss: 0.1176 (0.1620)  train_iou: 0.6602 (0.6663)  time: 0.5167  data: 0.0014  max mem: 28813
Epoch: [15]  [3540/5625]  eta: 0:18:09  lr: 0.000008  train_loss: 0.1590 (0.1622)  train_iou: 0.6452 (0.6660)  time: 0.5268  data: 0.0036  max mem: 28813
Epoch: [15]  [3560/5625]  eta: 0:17:59  lr: 0.000008  train_loss: 0.1272 (0.1621)  train_iou: 0.6990 (0.6661)  time: 0.5288  data: 0.0038  max mem: 28813
Epoch: [15]  [3580/5625]  eta: 0:17:49  lr: 0.000008  train_loss: 0.1126 (0.1621)  train_iou: 0.6579 (0.6661)  time: 0.5297  data: 0.0023  max mem: 28813
Epoch: [15]  [3600/5625]  eta: 0:17:38  lr: 0.000008  train_loss: 0.0976 (0.1620)  train_iou: 0.6611 (0.6662)  time: 0.5250  data: 0.0023  max mem: 28813
Epoch: [15]  [3620/5625]  eta: 0:17:28  lr: 0.000008  train_loss: 0.1257 (0.1620)  train_iou: 0.6913 (0.6664)  time: 0.5220  data: 0.0004  max mem: 28813
Epoch: [15]  [3640/5625]  eta: 0:17:17  lr: 0.000008  train_loss: 0.1802 (0.1623)  train_iou: 0.6342 (0.6662)  time: 0.5173  data: 0.0019  max mem: 28813
Epoch: [15]  [3660/5625]  eta: 0:17:07  lr: 0.000008  train_loss: 0.1298 (0.1624)  train_iou: 0.6531 (0.6661)  time: 0.5219  data: 0.0012  max mem: 28813
Epoch: [15]  [3680/5625]  eta: 0:16:56  lr: 0.000008  train_loss: 0.1667 (0.1625)  train_iou: 0.6681 (0.6662)  time: 0.5184  data: 0.0009  max mem: 28813
Epoch: [15]  [3700/5625]  eta: 0:16:46  lr: 0.000008  train_loss: 0.1518 (0.1627)  train_iou: 0.6513 (0.6661)  time: 0.5196  data: 0.0005  max mem: 28813
Epoch: [15]  [3720/5625]  eta: 0:16:35  lr: 0.000008  train_loss: 0.1320 (0.1630)  train_iou: 0.7379 (0.6664)  time: 0.5262  data: 0.0023  max mem: 28813
Epoch: [15]  [3740/5625]  eta: 0:16:25  lr: 0.000008  train_loss: 0.1334 (0.1631)  train_iou: 0.5900 (0.6663)  time: 0.5203  data: 0.0006  max mem: 28813
Epoch: [15]  [3760/5625]  eta: 0:16:14  lr: 0.000008  train_loss: 0.1189 (0.1633)  train_iou: 0.6252 (0.6661)  time: 0.5208  data: 0.0006  max mem: 28813
Epoch: [15]  [3780/5625]  eta: 0:16:04  lr: 0.000008  train_loss: 0.1133 (0.1632)  train_iou: 0.6751 (0.6663)  time: 0.5291  data: 0.0020  max mem: 28813
Epoch: [15]  [3800/5625]  eta: 0:15:54  lr: 0.000008  train_loss: 0.1030 (0.1632)  train_iou: 0.6630 (0.6664)  time: 0.5234  data: 0.0010  max mem: 28813
Epoch: [15]  [3820/5625]  eta: 0:15:43  lr: 0.000008  train_loss: 0.1277 (0.1632)  train_iou: 0.6818 (0.6664)  time: 0.5223  data: 0.0020  max mem: 28813
Epoch: [15]  [3840/5625]  eta: 0:15:33  lr: 0.000008  train_loss: 0.0812 (0.1628)  train_iou: 0.6868 (0.6666)  time: 0.5233  data: 0.0006  max mem: 28813
Epoch: [15]  [3860/5625]  eta: 0:15:22  lr: 0.000008  train_loss: 0.1185 (0.1627)  train_iou: 0.6988 (0.6669)  time: 0.5193  data: 0.0023  max mem: 28813
Epoch: [15]  [3880/5625]  eta: 0:15:12  lr: 0.000008  train_loss: 0.0882 (0.1627)  train_iou: 0.6881 (0.6670)  time: 0.5325  data: 0.0039  max mem: 28813
Epoch: [15]  [3900/5625]  eta: 0:15:01  lr: 0.000008  train_loss: 0.1068 (0.1627)  train_iou: 0.6664 (0.6669)  time: 0.5196  data: 0.0004  max mem: 28813
Epoch: [15]  [3920/5625]  eta: 0:14:51  lr: 0.000008  train_loss: 0.1184 (0.1626)  train_iou: 0.6580 (0.6668)  time: 0.5207  data: 0.0009  max mem: 28813
Epoch: [15]  [3940/5625]  eta: 0:14:40  lr: 0.000008  train_loss: 0.1004 (0.1625)  train_iou: 0.7360 (0.6671)  time: 0.5273  data: 0.0020  max mem: 28813
Epoch: [15]  [3960/5625]  eta: 0:14:30  lr: 0.000008  train_loss: 0.1172 (0.1624)  train_iou: 0.6659 (0.6671)  time: 0.5284  data: 0.0030  max mem: 28813
Epoch: [15]  [3980/5625]  eta: 0:14:20  lr: 0.000008  train_loss: 0.0952 (0.1623)  train_iou: 0.6903 (0.6672)  time: 0.5167  data: 0.0015  max mem: 28813
Epoch: [15]  [4000/5625]  eta: 0:14:09  lr: 0.000008  train_loss: 0.1346 (0.1625)  train_iou: 0.6784 (0.6674)  time: 0.5133  data: 0.0004  max mem: 28813
Epoch: [15]  [4020/5625]  eta: 0:13:58  lr: 0.000008  train_loss: 0.1080 (0.1627)  train_iou: 0.6671 (0.6674)  time: 0.5152  data: 0.0004  max mem: 28813
Epoch: [15]  [4040/5625]  eta: 0:13:48  lr: 0.000008  train_loss: 0.1611 (0.1627)  train_iou: 0.6587 (0.6674)  time: 0.5240  data: 0.0028  max mem: 28813
Epoch: [15]  [4060/5625]  eta: 0:13:38  lr: 0.000008  train_loss: 0.1421 (0.1628)  train_iou: 0.6986 (0.6674)  time: 0.5189  data: 0.0011  max mem: 28813
Epoch: [15]  [4080/5625]  eta: 0:13:27  lr: 0.000008  train_loss: 0.1195 (0.1628)  train_iou: 0.6471 (0.6673)  time: 0.5306  data: 0.0020  max mem: 28813
Epoch: [15]  [4100/5625]  eta: 0:13:17  lr: 0.000008  train_loss: 0.1173 (0.1628)  train_iou: 0.6659 (0.6674)  time: 0.5172  data: 0.0025  max mem: 28813
Epoch: [15]  [4120/5625]  eta: 0:13:06  lr: 0.000008  train_loss: 0.1124 (0.1628)  train_iou: 0.6547 (0.6674)  time: 0.5283  data: 0.0019  max mem: 28813
Epoch: [15]  [4140/5625]  eta: 0:12:56  lr: 0.000008  train_loss: 0.0937 (0.1627)  train_iou: 0.6182 (0.6673)  time: 0.5171  data: 0.0008  max mem: 28813
Epoch: [15]  [4160/5625]  eta: 0:12:45  lr: 0.000008  train_loss: 0.0948 (0.1625)  train_iou: 0.7220 (0.6676)  time: 0.5243  data: 0.0022  max mem: 28813
Epoch: [15]  [4180/5625]  eta: 0:12:35  lr: 0.000008  train_loss: 0.0800 (0.1623)  train_iou: 0.6924 (0.6678)  time: 0.5237  data: 0.0036  max mem: 28813
Epoch: [15]  [4200/5625]  eta: 0:12:24  lr: 0.000008  train_loss: 0.1124 (0.1623)  train_iou: 0.6875 (0.6678)  time: 0.5177  data: 0.0026  max mem: 28813
Epoch: [15]  [4220/5625]  eta: 0:12:14  lr: 0.000008  train_loss: 0.1120 (0.1622)  train_iou: 0.6767 (0.6679)  time: 0.5160  data: 0.0005  max mem: 28813
Epoch: [15]  [4240/5625]  eta: 0:12:03  lr: 0.000008  train_loss: 0.1777 (0.1625)  train_iou: 0.6652 (0.6679)  time: 0.5198  data: 0.0038  max mem: 28813
Epoch: [15]  [4260/5625]  eta: 0:11:53  lr: 0.000008  train_loss: 0.1206 (0.1623)  train_iou: 0.6851 (0.6680)  time: 0.5204  data: 0.0004  max mem: 28813
Epoch: [15]  [4280/5625]  eta: 0:11:42  lr: 0.000008  train_loss: 0.1159 (0.1624)  train_iou: 0.6213 (0.6679)  time: 0.5199  data: 0.0012  max mem: 28813
Epoch: [15]  [4300/5625]  eta: 0:11:32  lr: 0.000008  train_loss: 0.1365 (0.1623)  train_iou: 0.6525 (0.6678)  time: 0.5190  data: 0.0010  max mem: 28813
Epoch: [15]  [4320/5625]  eta: 0:11:22  lr: 0.000008  train_loss: 0.1115 (0.1622)  train_iou: 0.6514 (0.6677)  time: 0.5170  data: 0.0023  max mem: 28813
Epoch: [15]  [4340/5625]  eta: 0:11:11  lr: 0.000008  train_loss: 0.1363 (0.1622)  train_iou: 0.5704 (0.6674)  time: 0.5238  data: 0.0007  max mem: 28813
Epoch: [15]  [4360/5625]  eta: 0:11:01  lr: 0.000008  train_loss: 0.0971 (0.1621)  train_iou: 0.5763 (0.6671)  time: 0.5241  data: 0.0022  max mem: 28813
Epoch: [15]  [4380/5625]  eta: 0:10:50  lr: 0.000008  train_loss: 0.1271 (0.1621)  train_iou: 0.6465 (0.6672)  time: 0.5216  data: 0.0009  max mem: 28813
Epoch: [15]  [4400/5625]  eta: 0:10:40  lr: 0.000008  train_loss: 0.1493 (0.1622)  train_iou: 0.6842 (0.6674)  time: 0.5133  data: 0.0009  max mem: 28813
Epoch: [15]  [4420/5625]  eta: 0:10:29  lr: 0.000008  train_loss: 0.1041 (0.1621)  train_iou: 0.6634 (0.6674)  time: 0.5232  data: 0.0011  max mem: 28813
Epoch: [15]  [4440/5625]  eta: 0:10:19  lr: 0.000008  train_loss: 0.1644 (0.1622)  train_iou: 0.6992 (0.6675)  time: 0.5120  data: 0.0004  max mem: 28813
Epoch: [15]  [4460/5625]  eta: 0:10:08  lr: 0.000008  train_loss: 0.1235 (0.1623)  train_iou: 0.6699 (0.6675)  time: 0.5254  data: 0.0020  max mem: 28813
Epoch: [15]  [4480/5625]  eta: 0:09:58  lr: 0.000008  train_loss: 0.1258 (0.1623)  train_iou: 0.6711 (0.6676)  time: 0.5193  data: 0.0008  max mem: 28813
Epoch: [15]  [4500/5625]  eta: 0:09:47  lr: 0.000008  train_loss: 0.1258 (0.1625)  train_iou: 0.6747 (0.6676)  time: 0.5171  data: 0.0006  max mem: 28813
Epoch: [15]  [4520/5625]  eta: 0:09:37  lr: 0.000008  train_loss: 0.0948 (0.1624)  train_iou: 0.6788 (0.6676)  time: 0.5346  data: 0.0024  max mem: 28813
Epoch: [15]  [4540/5625]  eta: 0:09:26  lr: 0.000008  train_loss: 0.1083 (0.1623)  train_iou: 0.7232 (0.6679)  time: 0.5247  data: 0.0011  max mem: 28813
Epoch: [15]  [4560/5625]  eta: 0:09:16  lr: 0.000008  train_loss: 0.1226 (0.1621)  train_iou: 0.6850 (0.6680)  time: 0.5223  data: 0.0015  max mem: 28813
Epoch: [15]  [4580/5625]  eta: 0:09:06  lr: 0.000008  train_loss: 0.1354 (0.1622)  train_iou: 0.6912 (0.6680)  time: 0.5157  data: 0.0020  max mem: 28813
Epoch: [15]  [4600/5625]  eta: 0:08:55  lr: 0.000008  train_loss: 0.1063 (0.1624)  train_iou: 0.6727 (0.6680)  time: 0.5210  data: 0.0020  max mem: 28813
Epoch: [15]  [4620/5625]  eta: 0:08:45  lr: 0.000008  train_loss: 0.1506 (0.1626)  train_iou: 0.6922 (0.6680)  time: 0.5150  data: 0.0016  max mem: 28813
Epoch: [15]  [4640/5625]  eta: 0:08:34  lr: 0.000008  train_loss: 0.0914 (0.1624)  train_iou: 0.6500 (0.6679)  time: 0.5313  data: 0.0044  max mem: 28813
Epoch: [15]  [4660/5625]  eta: 0:08:24  lr: 0.000008  train_loss: 0.1777 (0.1625)  train_iou: 0.7014 (0.6681)  time: 0.5128  data: 0.0016  max mem: 28813
Epoch: [15]  [4680/5625]  eta: 0:08:13  lr: 0.000008  train_loss: 0.1450 (0.1628)  train_iou: 0.6633 (0.6680)  time: 0.5267  data: 0.0016  max mem: 28813
Epoch: [15]  [4700/5625]  eta: 0:08:03  lr: 0.000008  train_loss: 0.1264 (0.1626)  train_iou: 0.6837 (0.6682)  time: 0.5167  data: 0.0009  max mem: 28813
Epoch: [15]  [4720/5625]  eta: 0:07:52  lr: 0.000008  train_loss: 0.1417 (0.1626)  train_iou: 0.5821 (0.6679)  time: 0.5280  data: 0.0024  max mem: 28813
Epoch: [15]  [4740/5625]  eta: 0:07:42  lr: 0.000008  train_loss: 0.1079 (0.1625)  train_iou: 0.7070 (0.6681)  time: 0.5205  data: 0.0025  max mem: 28813
Epoch: [15]  [4760/5625]  eta: 0:07:31  lr: 0.000008  train_loss: 0.0910 (0.1624)  train_iou: 0.6837 (0.6681)  time: 0.5138  data: 0.0004  max mem: 28813
Epoch: [15]  [4780/5625]  eta: 0:07:21  lr: 0.000008  train_loss: 0.1316 (0.1625)  train_iou: 0.6533 (0.6679)  time: 0.5257  data: 0.0008  max mem: 28813
Epoch: [15]  [4800/5625]  eta: 0:07:11  lr: 0.000008  train_loss: 0.1018 (0.1624)  train_iou: 0.6936 (0.6681)  time: 0.5228  data: 0.0017  max mem: 28813
Epoch: [15]  [4820/5625]  eta: 0:07:00  lr: 0.000008  train_loss: 0.1135 (0.1624)  train_iou: 0.7047 (0.6683)  time: 0.5277  data: 0.0036  max mem: 28813
Epoch: [15]  [4840/5625]  eta: 0:06:50  lr: 0.000008  train_loss: 0.0995 (0.1623)  train_iou: 0.6715 (0.6684)  time: 0.5274  data: 0.0012  max mem: 28813
Epoch: [15]  [4860/5625]  eta: 0:06:39  lr: 0.000008  train_loss: 0.1171 (0.1624)  train_iou: 0.6373 (0.6684)  time: 0.5226  data: 0.0022  max mem: 28813
Epoch: [15]  [4880/5625]  eta: 0:06:29  lr: 0.000008  train_loss: 0.2239 (0.1627)  train_iou: 0.6704 (0.6684)  time: 0.5207  data: 0.0023  max mem: 28813
Epoch: [15]  [4900/5625]  eta: 0:06:18  lr: 0.000008  train_loss: 0.1113 (0.1629)  train_iou: 0.6777 (0.6684)  time: 0.5200  data: 0.0004  max mem: 28813
Epoch: [15]  [4920/5625]  eta: 0:06:08  lr: 0.000008  train_loss: 0.0981 (0.1628)  train_iou: 0.6851 (0.6685)  time: 0.5176  data: 0.0020  max mem: 28813
Epoch: [15]  [4940/5625]  eta: 0:05:57  lr: 0.000008  train_loss: 0.1406 (0.1628)  train_iou: 0.6525 (0.6685)  time: 0.5220  data: 0.0047  max mem: 28813
Epoch: [15]  [4960/5625]  eta: 0:05:47  lr: 0.000008  train_loss: 0.1517 (0.1629)  train_iou: 0.6448 (0.6684)  time: 0.5216  data: 0.0016  max mem: 28813
Epoch: [15]  [4980/5625]  eta: 0:05:36  lr: 0.000008  train_loss: 0.1356 (0.1630)  train_iou: 0.6868 (0.6684)  time: 0.5191  data: 0.0014  max mem: 28813
Epoch: [15]  [5000/5625]  eta: 0:05:26  lr: 0.000008  train_loss: 0.1309 (0.1630)  train_iou: 0.6839 (0.6685)  time: 0.5228  data: 0.0017  max mem: 28813
Epoch: [15]  [5020/5625]  eta: 0:05:16  lr: 0.000008  train_loss: 0.0818 (0.1628)  train_iou: 0.6815 (0.6684)  time: 0.5260  data: 0.0030  max mem: 28813
Epoch: [15]  [5040/5625]  eta: 0:05:05  lr: 0.000008  train_loss: 0.1061 (0.1627)  train_iou: 0.5632 (0.6680)  time: 0.5179  data: 0.0010  max mem: 28813
Epoch: [15]  [5060/5625]  eta: 0:04:55  lr: 0.000008  train_loss: 0.1063 (0.1626)  train_iou: 0.6236 (0.6680)  time: 0.5266  data: 0.0046  max mem: 28813
Epoch: [15]  [5080/5625]  eta: 0:04:44  lr: 0.000008  train_loss: 0.1202 (0.1626)  train_iou: 0.6924 (0.6681)  time: 0.5282  data: 0.0019  max mem: 28813
Epoch: [15]  [5100/5625]  eta: 0:04:34  lr: 0.000008  train_loss: 0.1391 (0.1626)  train_iou: 0.6789 (0.6681)  time: 0.5232  data: 0.0029  max mem: 28813
Epoch: [15]  [5120/5625]  eta: 0:04:23  lr: 0.000008  train_loss: 0.1434 (0.1628)  train_iou: 0.7602 (0.6684)  time: 0.5228  data: 0.0028  max mem: 28813
Epoch: [15]  [5140/5625]  eta: 0:04:13  lr: 0.000008  train_loss: 0.0912 (0.1626)  train_iou: 0.6721 (0.6684)  time: 0.5193  data: 0.0014  max mem: 28813
Epoch: [15]  [5160/5625]  eta: 0:04:02  lr: 0.000008  train_loss: 0.1288 (0.1626)  train_iou: 0.6196 (0.6683)  time: 0.5138  data: 0.0004  max mem: 28813
Epoch: [15]  [5180/5625]  eta: 0:03:52  lr: 0.000008  train_loss: 0.1102 (0.1626)  train_iou: 0.6681 (0.6683)  time: 0.5227  data: 0.0007  max mem: 28813
Epoch: [15]  [5200/5625]  eta: 0:03:42  lr: 0.000008  train_loss: 0.0993 (0.1625)  train_iou: 0.6960 (0.6684)  time: 0.5171  data: 0.0009  max mem: 28813
Epoch: [15]  [5220/5625]  eta: 0:03:31  lr: 0.000008  train_loss: 0.1391 (0.1625)  train_iou: 0.6132 (0.6684)  time: 0.5290  data: 0.0036  max mem: 28813
Epoch: [15]  [5240/5625]  eta: 0:03:21  lr: 0.000008  train_loss: 0.1181 (0.1625)  train_iou: 0.6634 (0.6684)  time: 0.5222  data: 0.0031  max mem: 28813
Epoch: [15]  [5260/5625]  eta: 0:03:10  lr: 0.000008  train_loss: 0.1315 (0.1626)  train_iou: 0.7029 (0.6685)  time: 0.5264  data: 0.0019  max mem: 28813
Epoch: [15]  [5280/5625]  eta: 0:03:00  lr: 0.000008  train_loss: 0.1244 (0.1626)  train_iou: 0.7322 (0.6687)  time: 0.5257  data: 0.0013  max mem: 28813
Epoch: [15]  [5300/5625]  eta: 0:02:49  lr: 0.000008  train_loss: 0.1246 (0.1627)  train_iou: 0.6417 (0.6686)  time: 0.5238  data: 0.0052  max mem: 28813
Epoch: [15]  [5320/5625]  eta: 0:02:39  lr: 0.000008  train_loss: 0.1240 (0.1627)  train_iou: 0.6792 (0.6686)  time: 0.5231  data: 0.0012  max mem: 28813
Epoch: [15]  [5340/5625]  eta: 0:02:28  lr: 0.000008  train_loss: 0.0994 (0.1626)  train_iou: 0.6778 (0.6688)  time: 0.5178  data: 0.0014  max mem: 28813
Epoch: [15]  [5360/5625]  eta: 0:02:18  lr: 0.000008  train_loss: 0.0947 (0.1625)  train_iou: 0.6353 (0.6686)  time: 0.5220  data: 0.0043  max mem: 28813
Epoch: [15]  [5380/5625]  eta: 0:02:08  lr: 0.000008  train_loss: 0.1299 (0.1625)  train_iou: 0.6659 (0.6687)  time: 0.5175  data: 0.0004  max mem: 28813
Epoch: [15]  [5400/5625]  eta: 0:01:57  lr: 0.000008  train_loss: 0.0939 (0.1625)  train_iou: 0.5706 (0.6685)  time: 0.5194  data: 0.0030  max mem: 28813
Epoch: [15]  [5420/5625]  eta: 0:01:47  lr: 0.000008  train_loss: 0.1345 (0.1626)  train_iou: 0.5892 (0.6684)  time: 0.5119  data: 0.0006  max mem: 28813
Epoch: [15]  [5440/5625]  eta: 0:01:36  lr: 0.000008  train_loss: 0.1046 (0.1627)  train_iou: 0.5555 (0.6680)  time: 0.5159  data: 0.0017  max mem: 28813
Epoch: [15]  [5460/5625]  eta: 0:01:26  lr: 0.000008  train_loss: 0.1226 (0.1627)  train_iou: 0.7209 (0.6681)  time: 0.5168  data: 0.0016  max mem: 28813
Epoch: [15]  [5480/5625]  eta: 0:01:15  lr: 0.000008  train_loss: 0.1351 (0.1627)  train_iou: 0.6721 (0.6680)  time: 0.5233  data: 0.0011  max mem: 28813
Epoch: [15]  [5500/5625]  eta: 0:01:05  lr: 0.000008  train_loss: 0.0901 (0.1626)  train_iou: 0.7284 (0.6681)  time: 0.5243  data: 0.0018  max mem: 28813
Epoch: [15]  [5520/5625]  eta: 0:00:54  lr: 0.000008  train_loss: 0.1098 (0.1626)  train_iou: 0.6731 (0.6682)  time: 0.5169  data: 0.0006  max mem: 28813
Epoch: [15]  [5540/5625]  eta: 0:00:44  lr: 0.000008  train_loss: 0.1318 (0.1626)  train_iou: 0.6589 (0.6682)  time: 0.5202  data: 0.0007  max mem: 28813
Epoch: [15]  [5560/5625]  eta: 0:00:33  lr: 0.000008  train_loss: 0.1440 (0.1627)  train_iou: 0.6494 (0.6681)  time: 0.5173  data: 0.0004  max mem: 28813
Epoch: [15]  [5580/5625]  eta: 0:00:23  lr: 0.000008  train_loss: 0.1183 (0.1627)  train_iou: 0.6651 (0.6681)  time: 0.5272  data: 0.0040  max mem: 28813
Epoch: [15]  [5600/5625]  eta: 0:00:13  lr: 0.000008  train_loss: 0.1243 (0.1628)  train_iou: 0.6477 (0.6680)  time: 0.5196  data: 0.0021  max mem: 28813
Epoch: [15]  [5620/5625]  eta: 0:00:02  lr: 0.000008  train_loss: 0.1032 (0.1628)  train_iou: 0.6516 (0.6679)  time: 0.4945  data: 0.0002  max mem: 28813
Epoch: [15]  [5624/5625]  eta: 0:00:00  lr: 0.000008  train_loss: 0.1032 (0.1627)  train_iou: 0.6495 (0.6679)  time: 0.4869  data: 0.0002  max mem: 28813
Epoch: [15] Total time: 0:48:58 (0.5225 s / it)
Averaged stats: lr: 0.000008  train_loss: 0.1032 (0.1627)  train_iou: 0.6495 (0.6679)
huggingface/tokenizers: The current process just got forked, after parallelism has already been used. Disabling parallelism to avoid deadlocks...
To disable this warning, you can either:
	- Avoid using `tokenizers` before the fork if possible
	- Explicitly set the environment variable TOKENIZERS_PARALLELISM=(true | false)
huggingface/tokenizers: The current process just got forked, after parallelism has already been used. Disabling parallelism to avoid deadlocks...
To disable this warning, you can either:
	- Avoid using `tokenizers` before the fork if possible
	- Explicitly set the environment variable TOKENIZERS_PARALLELISM=(true | false)
huggingface/tokenizers: The current process just got forked, after parallelism has already been used. Disabling parallelism to avoid deadlocks...
To disable this warning, you can either:
	- Avoid using `tokenizers` before the fork if possible
	- Explicitly set the environment variable TOKENIZERS_PARALLELISM=(true | false)
huggingface/tokenizers: The current process just got forked, after parallelism has already been used. Disabling parallelism to avoid deadlocks...
To disable this warning, you can either:
	- Avoid using `tokenizers` before the fork if possible
	- Explicitly set the environment variable TOKENIZERS_PARALLELISM=(true | false)
huggingface/tokenizers: The current process just got forked, after parallelism has already been used. Disabling parallelism to avoid deadlocks...
To disable this warning, you can either:
	- Avoid using `tokenizers` before the fork if possible
	- Explicitly set the environment variable TOKENIZERS_PARALLELISM=(true | false)
huggingface/tokenizers: The current process just got forked, after parallelism has already been used. Disabling parallelism to avoid deadlocks...
To disable this warning, you can either:
	- Avoid using `tokenizers` before the fork if possible
	- Explicitly set the environment variable TOKENIZERS_PARALLELISM=(true | false)
huggingface/tokenizers: The current process just got forked, after parallelism has already been used. Disabling parallelism to avoid deadlocks...
To disable this warning, you can either:
	- Avoid using `tokenizers` before the fork if possible
	- Explicitly set the environment variable TOKENIZERS_PARALLELISM=(true | false)
huggingface/tokenizers: The current process just got forked, after parallelism has already been used. Disabling parallelism to avoid deadlocks...
To disable this warning, you can either:
	- Avoid using `tokenizers` before the fork if possible
	- Explicitly set the environment variable TOKENIZERS_PARALLELISM=(true | false)
Test:  [   0/4000]  eta: 1:54:54  inter: 33178.0000 (33178.0000)  union: 35327.0000 (35327.0000)  iou: 0.9392 (0.9392)  time: 1.7236  data: 1.3881  max mem: 28813
Test:  [  50/4000]  eta: 0:10:28  inter: 15218.0000 (21671.1406)  union: 48455.0000 (41740.9844)  iou: 0.5078 (0.5196)  time: 0.1324  data: 0.0004  max mem: 28813
Test:  [ 100/4000]  eta: 0:09:39  inter: 21139.0000 (25119.5441)  union: 46797.0000 (41697.5294)  iou: 0.5724 (0.5788)  time: 0.1320  data: 0.0004  max mem: 28813
Test:  [ 150/4000]  eta: 0:09:22  inter: 18182.0000 (24334.9904)  union: 30487.0000 (39367.5933)  iou: 0.7975 (0.5940)  time: 0.1480  data: 0.0004  max mem: 28813
Test:  [ 200/4000]  eta: 0:08:59  inter: 33640.0000 (24817.7473)  union: 37491.0000 (39079.0513)  iou: 0.8973 (0.6059)  time: 0.1272  data: 0.0004  max mem: 28813
Test:  [ 250/4000]  eta: 0:08:37  inter: 14051.0000 (26107.8825)  union: 32998.0000 (40793.6205)  iou: 0.4171 (0.5953)  time: 0.1176  data: 0.0004  max mem: 28813
Test:  [ 300/4000]  eta: 0:08:30  inter: 20228.0000 (25754.5310)  union: 24256.0000 (40702.0819)  iou: 0.7918 (0.5929)  time: 0.1386  data: 0.0004  max mem: 28813
Test:  [ 350/4000]  eta: 0:08:29  inter: 10553.0000 (24756.1178)  union: 32628.0000 (40609.6260)  iou: 0.6167 (0.5794)  time: 0.1518  data: 0.0004  max mem: 28813
Test:  [ 400/4000]  eta: 0:08:24  inter: 30895.0000 (24511.3018)  union: 35819.0000 (40227.1107)  iou: 0.6936 (0.5822)  time: 0.1259  data: 0.0004  max mem: 28813
Test:  [ 450/4000]  eta: 0:08:15  inter: 18964.0000 (24358.2619)  union: 28883.0000 (40214.9286)  iou: 0.4931 (0.5801)  time: 0.1572  data: 0.0004  max mem: 28813
Test:  [ 500/4000]  eta: 0:08:06  inter: 17186.0000 (24622.1605)  union: 27690.0000 (41020.5559)  iou: 0.4821 (0.5762)  time: 0.1243  data: 0.0004  max mem: 28813
Test:  [ 550/4000]  eta: 0:08:02  inter: 23607.0000 (24656.8265)  union: 27925.0000 (40857.8008)  iou: 0.8443 (0.5826)  time: 0.1486  data: 0.0004  max mem: 28813
Test:  [ 600/4000]  eta: 0:07:53  inter: 10039.0000 (24543.9101)  union: 30820.0000 (40674.5160)  iou: 0.8051 (0.5814)  time: 0.1406  data: 0.0004  max mem: 28813
Test:  [ 650/4000]  eta: 0:07:43  inter: 25802.0000 (24998.0696)  union: 41587.0000 (41027.7890)  iou: 0.7030 (0.5798)  time: 0.1241  data: 0.0004  max mem: 28813
Test:  [ 700/4000]  eta: 0:07:35  inter: 13726.0000 (24530.4630)  union: 28899.0000 (40669.2290)  iou: 0.3819 (0.5734)  time: 0.1301  data: 0.0004  max mem: 28813
Test:  [ 750/4000]  eta: 0:07:30  inter: 23729.0000 (24623.8183)  union: 29801.0000 (40636.0552)  iou: 0.7415 (0.5758)  time: 0.1557  data: 0.0004  max mem: 28813
Test:  [ 800/4000]  eta: 0:07:22  inter: 12377.0000 (24381.7509)  union: 46476.0000 (40177.4616)  iou: 0.5975 (0.5765)  time: 0.1460  data: 0.0004  max mem: 28813
Test:  [ 850/4000]  eta: 0:07:16  inter: 21448.0000 (24544.9874)  union: 33215.0000 (40132.8402)  iou: 0.6556 (0.5793)  time: 0.1228  data: 0.0004  max mem: 28813
Test:  [ 900/4000]  eta: 0:07:09  inter: 10208.0000 (24605.3217)  union: 31148.0000 (40322.5289)  iou: 0.4506 (0.5757)  time: 0.1203  data: 0.0004  max mem: 28813
Test:  [ 950/4000]  eta: 0:07:01  inter: 24975.0000 (24879.5671)  union: 30522.0000 (40396.8485)  iou: 0.7875 (0.5772)  time: 0.1356  data: 0.0004  max mem: 28813
Test:  [1000/4000]  eta: 0:06:54  inter: 20934.0000 (25134.9551)  union: 37585.0000 (40545.7748)  iou: 0.7318 (0.5791)  time: 0.1216  data: 0.0004  max mem: 28813
Test:  [1050/4000]  eta: 0:06:46  inter: 21382.0000 (25165.2844)  union: 38121.0000 (40574.1136)  iou: 0.5307 (0.5786)  time: 0.1396  data: 0.0004  max mem: 28813
Test:  [1100/4000]  eta: 0:06:38  inter: 22133.0000 (25020.2148)  union: 27701.0000 (40353.9701)  iou: 0.8116 (0.5787)  time: 0.1348  data: 0.0004  max mem: 28813
Test:  [1150/4000]  eta: 0:06:32  inter: 10130.0000 (25158.1619)  union: 23792.0000 (40201.7885)  iou: 0.4237 (0.5818)  time: 0.1497  data: 0.0004  max mem: 28813
Test:  [1200/4000]  eta: 0:06:25  inter: 9959.0000 (25072.3769)  union: 29330.0000 (40368.9037)  iou: 0.7542 (0.5782)  time: 0.1373  data: 0.0004  max mem: 28813
Test:  [1250/4000]  eta: 0:06:20  inter: 430.0000 (24874.0210)  union: 30414.0000 (40142.7132)  iou: 0.0145 (0.5769)  time: 0.1523  data: 0.0004  max mem: 28813
Test:  [1300/4000]  eta: 0:06:12  inter: 15821.0000 (24647.5620)  union: 32484.0000 (39940.2103)  iou: 0.5299 (0.5770)  time: 0.1376  data: 0.0004  max mem: 28813
Test:  [1350/4000]  eta: 0:06:05  inter: 25880.0000 (24710.7853)  union: 35631.0000 (39964.7526)  iou: 0.8318 (0.5781)  time: 0.1343  data: 0.0004  max mem: 28813
Test:  [1400/4000]  eta: 0:05:59  inter: 9882.0000 (24820.2206)  union: 11584.0000 (40146.7849)  iou: 0.7292 (0.5755)  time: 0.1387  data: 0.0004  max mem: 28813
Test:  [1450/4000]  eta: 0:05:52  inter: 15689.0000 (24765.5252)  union: 46410.0000 (40079.4161)  iou: 0.4121 (0.5748)  time: 0.1290  data: 0.0004  max mem: 28813
Test:  [1500/4000]  eta: 0:05:44  inter: 16671.0000 (24876.2711)  union: 50302.0000 (40252.5487)  iou: 0.4122 (0.5736)  time: 0.1297  data: 0.0004  max mem: 28813
Test:  [1550/4000]  eta: 0:05:38  inter: 10950.0000 (24710.4685)  union: 27401.0000 (40219.0963)  iou: 0.8183 (0.5737)  time: 0.1556  data: 0.0004  max mem: 28813
Test:  [1600/4000]  eta: 0:05:32  inter: 11013.0000 (24583.1040)  union: 24425.0000 (40167.4905)  iou: 0.4357 (0.5709)  time: 0.1581  data: 0.0004  max mem: 28813
Test:  [1650/4000]  eta: 0:05:24  inter: 15803.0000 (24487.9708)  union: 33427.0000 (40153.5605)  iou: 0.4510 (0.5693)  time: 0.1326  data: 0.0004  max mem: 28813
Test:  [1700/4000]  eta: 0:05:17  inter: 16808.0000 (24447.4735)  union: 36459.0000 (40203.1756)  iou: 0.8105 (0.5677)  time: 0.1340  data: 0.0004  max mem: 28813
Test:  [1750/4000]  eta: 0:05:10  inter: 21457.0000 (24380.3400)  union: 32472.0000 (40114.0081)  iou: 0.7394 (0.5674)  time: 0.1513  data: 0.0004  max mem: 28813
Test:  [1800/4000]  eta: 0:05:04  inter: 19754.0000 (24289.6478)  union: 46051.0000 (40058.4951)  iou: 0.5395 (0.5667)  time: 0.1518  data: 0.0004  max mem: 28813
Test:  [1850/4000]  eta: 0:04:56  inter: 838.0000 (24246.4115)  union: 34329.0000 (40146.1119)  iou: 0.0205 (0.5640)  time: 0.1390  data: 0.0004  max mem: 28813
Test:  [1900/4000]  eta: 0:04:49  inter: 31592.0000 (24164.8177)  union: 55943.0000 (40070.6761)  iou: 0.6022 (0.5638)  time: 0.1399  data: 0.0004  max mem: 28813
Test:  [1950/4000]  eta: 0:04:43  inter: 11815.0000 (24093.9478)  union: 16686.0000 (40046.1090)  iou: 0.7105 (0.5637)  time: 0.1372  data: 0.0004  max mem: 28813
Test:  [2000/4000]  eta: 0:04:35  inter: 13062.0000 (24106.9738)  union: 22315.0000 (40001.4529)  iou: 0.5791 (0.5642)  time: 0.1223  data: 0.0004  max mem: 28813
Test:  [2050/4000]  eta: 0:04:29  inter: 6290.0000 (23981.0355)  union: 56166.0000 (40092.0855)  iou: 0.1898 (0.5621)  time: 0.1676  data: 0.0004  max mem: 28813
Test:  [2100/4000]  eta: 0:04:22  inter: 15306.0000 (23905.6645)  union: 31871.0000 (40053.0920)  iou: 0.7799 (0.5616)  time: 0.1238  data: 0.0004  max mem: 28813
Test:  [2150/4000]  eta: 0:04:14  inter: 16362.0000 (23897.3288)  union: 30521.0000 (40130.1538)  iou: 0.6167 (0.5604)  time: 0.1263  data: 0.0004  max mem: 28813
Test:  [2200/4000]  eta: 0:04:07  inter: 14161.0000 (23885.7595)  union: 22099.0000 (40074.1470)  iou: 0.5256 (0.5605)  time: 0.1424  data: 0.0004  max mem: 28813
Test:  [2250/4000]  eta: 0:04:01  inter: 19006.0000 (23764.1982)  union: 37641.0000 (39928.7948)  iou: 0.5557 (0.5591)  time: 0.1264  data: 0.0004  max mem: 28813
Test:  [2300/4000]  eta: 0:03:54  inter: 18969.0000 (23853.0320)  union: 37250.0000 (39913.5334)  iou: 0.6179 (0.5614)  time: 0.1396  data: 0.0004  max mem: 28813
Test:  [2350/4000]  eta: 0:03:47  inter: 19653.0000 (23782.8826)  union: 50615.0000 (39874.1629)  iou: 0.7155 (0.5616)  time: 0.1495  data: 0.0004  max mem: 28813
Test:  [2400/4000]  eta: 0:03:40  inter: 10372.0000 (23853.9534)  union: 33048.0000 (39847.3441)  iou: 0.4467 (0.5625)  time: 0.1490  data: 0.0004  max mem: 28813
Test:  [2450/4000]  eta: 0:03:33  inter: 29055.0000 (23930.4128)  union: 31979.0000 (39923.8997)  iou: 0.8416 (0.5641)  time: 0.1151  data: 0.0004  max mem: 28813
Test:  [2500/4000]  eta: 0:03:26  inter: 25381.0000 (23903.2110)  union: 38491.0000 (39938.9923)  iou: 0.8126 (0.5639)  time: 0.1181  data: 0.0004  max mem: 28813
Test:  [2550/4000]  eta: 0:03:19  inter: 28850.0000 (24008.5188)  union: 33111.0000 (40079.2229)  iou: 0.7651 (0.5643)  time: 0.1521  data: 0.0004  max mem: 28813
Test:  [2600/4000]  eta: 0:03:12  inter: 11934.0000 (23913.4527)  union: 32929.0000 (40016.4194)  iou: 0.3151 (0.5627)  time: 0.1432  data: 0.0004  max mem: 28813
Test:  [2650/4000]  eta: 0:03:05  inter: 16624.0000 (23910.2911)  union: 34370.0000 (40229.3786)  iou: 0.8662 (0.5622)  time: 0.1416  data: 0.0004  max mem: 28813
Test:  [2700/4000]  eta: 0:02:58  inter: 22592.0000 (23999.3739)  union: 30794.0000 (40312.9545)  iou: 0.6686 (0.5633)  time: 0.1317  data: 0.0004  max mem: 28813
Test:  [2750/4000]  eta: 0:02:51  inter: 22887.0000 (24100.3085)  union: 34639.0000 (40469.7630)  iou: 0.8249 (0.5628)  time: 0.1297  data: 0.0004  max mem: 28813
Test:  [2800/4000]  eta: 0:02:44  inter: 14754.0000 (24080.5434)  union: 25284.0000 (40361.3013)  iou: 0.8396 (0.5633)  time: 0.1342  data: 0.0004  max mem: 28813
Test:  [2850/4000]  eta: 0:02:38  inter: 12193.0000 (24198.9317)  union: 33002.0000 (40444.9988)  iou: 0.3258 (0.5626)  time: 0.1300  data: 0.0004  max mem: 28813
Test:  [2900/4000]  eta: 0:02:31  inter: 17619.0000 (24205.4700)  union: 26054.0000 (40492.9224)  iou: 0.6605 (0.5616)  time: 0.1216  data: 0.0004  max mem: 28813
Test:  [2950/4000]  eta: 0:02:24  inter: 18444.0000 (24252.6392)  union: 26650.0000 (40515.8889)  iou: 0.5174 (0.5620)  time: 0.1240  data: 0.0004  max mem: 28813
Test:  [3000/4000]  eta: 0:02:17  inter: 9526.0000 (24194.9792)  union: 32269.0000 (40463.7164)  iou: 0.4954 (0.5610)  time: 0.1532  data: 0.0004  max mem: 28813
Test:  [3050/4000]  eta: 0:02:10  inter: 13201.0000 (24160.9877)  union: 31211.0000 (40520.0785)  iou: 0.4381 (0.5609)  time: 0.1330  data: 0.0004  max mem: 28813
Test:  [3100/4000]  eta: 0:02:03  inter: 22733.0000 (24140.0126)  union: 41479.0000 (40486.0871)  iou: 0.4668 (0.5613)  time: 0.1364  data: 0.0004  max mem: 28813
Test:  [3150/4000]  eta: 0:01:57  inter: 14575.0000 (24028.4377)  union: 21351.0000 (40349.6262)  iou: 0.5352 (0.5609)  time: 0.1374  data: 0.0004  max mem: 28813
Test:  [3200/4000]  eta: 0:01:50  inter: 12649.0000 (24017.8650)  union: 38138.0000 (40376.8283)  iou: 0.6393 (0.5611)  time: 0.1336  data: 0.0005  max mem: 28813
Test:  [3250/4000]  eta: 0:01:43  inter: 18960.0000 (23951.0482)  union: 25050.0000 (40331.1300)  iou: 0.6712 (0.5596)  time: 0.1360  data: 0.0004  max mem: 28813
Test:  [3300/4000]  eta: 0:01:36  inter: 24788.0000 (24035.8513)  union: 43726.0000 (40454.9264)  iou: 0.6081 (0.5589)  time: 0.1565  data: 0.0004  max mem: 28813
Test:  [3350/4000]  eta: 0:01:29  inter: 9651.0000 (24037.9507)  union: 12551.0000 (40449.8825)  iou: 0.7328 (0.5594)  time: 0.1191  data: 0.0004  max mem: 28813
Test:  [3400/4000]  eta: 0:01:22  inter: 23376.0000 (24176.4525)  union: 41371.0000 (40505.2620)  iou: 0.8424 (0.5611)  time: 0.1441  data: 0.0004  max mem: 28813
Test:  [3450/4000]  eta: 0:01:15  inter: 14983.0000 (24177.8581)  union: 31458.0000 (40533.3784)  iou: 0.4413 (0.5610)  time: 0.1260  data: 0.0004  max mem: 28813
Test:  [3500/4000]  eta: 0:01:08  inter: 12695.0000 (24149.1496)  union: 20653.0000 (40457.6569)  iou: 0.4030 (0.5611)  time: 0.1265  data: 0.0004  max mem: 28813
Test:  [3550/4000]  eta: 0:01:01  inter: 15598.0000 (24154.4182)  union: 37163.0000 (40474.8832)  iou: 0.6266 (0.5606)  time: 0.1215  data: 0.0004  max mem: 28813
Test:  [3600/4000]  eta: 0:00:54  inter: 21267.0000 (24093.3642)  union: 36004.0000 (40435.9762)  iou: 0.3883 (0.5595)  time: 0.1271  data: 0.0004  max mem: 28813
Test:  [3650/4000]  eta: 0:00:48  inter: 15081.0000 (24047.1432)  union: 39041.0000 (40433.6973)  iou: 0.4352 (0.5587)  time: 0.1606  data: 0.0004  max mem: 28813
Test:  [3700/4000]  eta: 0:00:41  inter: 20569.0000 (24163.5116)  union: 36104.0000 (40495.9784)  iou: 0.7224 (0.5597)  time: 0.1309  data: 0.0004  max mem: 28813
Test:  [3750/4000]  eta: 0:00:34  inter: 22527.0000 (24210.1533)  union: 44475.0000 (40547.0958)  iou: 0.6136 (0.5605)  time: 0.1292  data: 0.0004  max mem: 28813
Test:  [3800/4000]  eta: 0:00:27  inter: 20163.0000 (24246.2712)  union: 29497.0000 (40521.5700)  iou: 0.5738 (0.5610)  time: 0.1146  data: 0.0004  max mem: 28813
Test:  [3850/4000]  eta: 0:00:20  inter: 17535.0000 (24222.2265)  union: 33707.0000 (40560.5741)  iou: 0.8447 (0.5606)  time: 0.1340  data: 0.0004  max mem: 28813
Test:  [3900/4000]  eta: 0:00:13  inter: 19137.0000 (24252.6716)  union: 29930.0000 (40646.0592)  iou: 0.5751 (0.5604)  time: 0.1338  data: 0.0004  max mem: 28813
Test:  [3950/4000]  eta: 0:00:06  inter: 17588.0000 (24228.1893)  union: 35382.0000 (40595.0936)  iou: 0.7405 (0.5609)  time: 0.1253  data: 0.0004  max mem: 28813
Test:  [3999/4000]  eta: 0:00:00  inter: 13178.0000 (24196.1366)  union: 30907.0000 (40504.1334)  iou: 0.4265 (0.5618)  time: 0.1130  data: 0.0002  max mem: 28813
Test: Total time: 0:09:10 (0.1376 s / it)
* IoU 0.562 oIoU 0.597
IoU of the network on the 4000 test images: 0.6%
Max IoU: 0.58%
huggingface/tokenizers: The current process just got forked, after parallelism has already been used. Disabling parallelism to avoid deadlocks...
To disable this warning, you can either:
	- Avoid using `tokenizers` before the fork if possible
	- Explicitly set the environment variable TOKENIZERS_PARALLELISM=(true | false)
huggingface/tokenizers: The current process just got forked, after parallelism has already been used. Disabling parallelism to avoid deadlocks...
To disable this warning, you can either:
	- Avoid using `tokenizers` before the fork if possible
	- Explicitly set the environment variable TOKENIZERS_PARALLELISM=(true | false)
huggingface/tokenizers: The current process just got forked, after parallelism has already been used. Disabling parallelism to avoid deadlocks...
To disable this warning, you can either:
	- Avoid using `tokenizers` before the fork if possible
	- Explicitly set the environment variable TOKENIZERS_PARALLELISM=(true | false)
huggingface/tokenizers: The current process just got forked, after parallelism has already been used. Disabling parallelism to avoid deadlocks...
To disable this warning, you can either:
	- Avoid using `tokenizers` before the fork if possible
	- Explicitly set the environment variable TOKENIZERS_PARALLELISM=(true | false)
huggingface/tokenizers: The current process just got forked, after parallelism has already been used. Disabling parallelism to avoid deadlocks...
To disable this warning, you can either:
	- Avoid using `tokenizers` before the fork if possible
	- Explicitly set the environment variable TOKENIZERS_PARALLELISM=(true | false)
huggingface/tokenizers: The current process just got forked, after parallelism has already been used. Disabling parallelism to avoid deadlocks...
To disable this warning, you can either:
	- Avoid using `tokenizers` before the fork if possible
	- Explicitly set the environment variable TOKENIZERS_PARALLELISM=(true | false)
huggingface/tokenizers: The current process just got forked, after parallelism has already been used. Disabling parallelism to avoid deadlocks...
To disable this warning, you can either:
	- Avoid using `tokenizers` before the fork if possible
	- Explicitly set the environment variable TOKENIZERS_PARALLELISM=(true | false)
huggingface/tokenizers: The current process just got forked, after parallelism has already been used. Disabling parallelism to avoid deadlocks...
To disable this warning, you can either:
	- Avoid using `tokenizers` before the fork if possible
	- Explicitly set the environment variable TOKENIZERS_PARALLELISM=(true | false)
Epoch: [16]  [   0/5625]  eta: 8:44:16  lr: 0.000007  train_loss: 0.4834 (0.4834)  train_iou: 0.6601 (0.6601)  time: 5.5923  data: 4.9860  max mem: 28813
Epoch: [16]  [  20/5625]  eta: 1:15:13  lr: 0.000007  train_loss: 0.1004 (0.1368)  train_iou: 0.6492 (0.6804)  time: 0.5660  data: 0.0147  max mem: 28813
Epoch: [16]  [  40/5625]  eta: 1:01:56  lr: 0.000007  train_loss: 0.0780 (0.1371)  train_iou: 0.6579 (0.6634)  time: 0.5187  data: 0.0007  max mem: 28813
Epoch: [16]  [  60/5625]  eta: 0:57:40  lr: 0.000007  train_loss: 0.0939 (0.1320)  train_iou: 0.5991 (0.6552)  time: 0.5323  data: 0.0026  max mem: 28813
Epoch: [16]  [  80/5625]  eta: 0:55:17  lr: 0.000007  train_loss: 0.0961 (0.1301)  train_iou: 0.7214 (0.6722)  time: 0.5263  data: 0.0014  max mem: 28813
Epoch: [16]  [ 100/5625]  eta: 0:53:40  lr: 0.000007  train_loss: 0.1142 (0.1396)  train_iou: 0.6931 (0.6700)  time: 0.5204  data: 0.0031  max mem: 28813
Epoch: [16]  [ 120/5625]  eta: 0:52:34  lr: 0.000007  train_loss: 0.1039 (0.1417)  train_iou: 0.6608 (0.6667)  time: 0.5232  data: 0.0027  max mem: 28813
Epoch: [16]  [ 140/5625]  eta: 0:51:44  lr: 0.000007  train_loss: 0.0925 (0.1396)  train_iou: 0.6749 (0.6694)  time: 0.5238  data: 0.0015  max mem: 28813
Epoch: [16]  [ 160/5625]  eta: 0:51:05  lr: 0.000007  train_loss: 0.0906 (0.1396)  train_iou: 0.7550 (0.6757)  time: 0.5251  data: 0.0015  max mem: 28813
Epoch: [16]  [ 180/5625]  eta: 0:50:31  lr: 0.000007  train_loss: 0.1029 (0.1440)  train_iou: 0.6735 (0.6790)  time: 0.5236  data: 0.0017  max mem: 28813
Epoch: [16]  [ 200/5625]  eta: 0:50:02  lr: 0.000007  train_loss: 0.0768 (0.1423)  train_iou: 0.7144 (0.6833)  time: 0.5226  data: 0.0007  max mem: 28813
Epoch: [16]  [ 220/5625]  eta: 0:49:36  lr: 0.000007  train_loss: 0.1529 (0.1464)  train_iou: 0.6236 (0.6771)  time: 0.5225  data: 0.0011  max mem: 28813
Epoch: [16]  [ 240/5625]  eta: 0:49:09  lr: 0.000007  train_loss: 0.0913 (0.1455)  train_iou: 0.6707 (0.6762)  time: 0.5154  data: 0.0004  max mem: 28813
Epoch: [16]  [ 260/5625]  eta: 0:48:44  lr: 0.000007  train_loss: 0.0993 (0.1466)  train_iou: 0.6577 (0.6738)  time: 0.5135  data: 0.0007  max mem: 28813
Epoch: [16]  [ 280/5625]  eta: 0:48:23  lr: 0.000007  train_loss: 0.1194 (0.1462)  train_iou: 0.6800 (0.6725)  time: 0.5196  data: 0.0009  max mem: 28813
Epoch: [16]  [ 300/5625]  eta: 0:48:05  lr: 0.000007  train_loss: 0.1194 (0.1492)  train_iou: 0.6644 (0.6727)  time: 0.5218  data: 0.0004  max mem: 28813
Epoch: [16]  [ 320/5625]  eta: 0:47:45  lr: 0.000007  train_loss: 0.1200 (0.1500)  train_iou: 0.6868 (0.6754)  time: 0.5157  data: 0.0027  max mem: 28813
Epoch: [16]  [ 340/5625]  eta: 0:47:30  lr: 0.000007  train_loss: 0.1134 (0.1515)  train_iou: 0.6410 (0.6735)  time: 0.5263  data: 0.0037  max mem: 28813
Epoch: [16]  [ 360/5625]  eta: 0:47:15  lr: 0.000007  train_loss: 0.1118 (0.1530)  train_iou: 0.6650 (0.6717)  time: 0.5248  data: 0.0020  max mem: 28813
Epoch: [16]  [ 380/5625]  eta: 0:46:59  lr: 0.000007  train_loss: 0.1251 (0.1545)  train_iou: 0.6339 (0.6703)  time: 0.5192  data: 0.0010  max mem: 28813
Epoch: [16]  [ 400/5625]  eta: 0:46:45  lr: 0.000007  train_loss: 0.1277 (0.1548)  train_iou: 0.6726 (0.6721)  time: 0.5251  data: 0.0013  max mem: 28813
Epoch: [16]  [ 420/5625]  eta: 0:46:29  lr: 0.000007  train_loss: 0.1139 (0.1540)  train_iou: 0.6898 (0.6737)  time: 0.5174  data: 0.0029  max mem: 28813
Epoch: [16]  [ 440/5625]  eta: 0:46:15  lr: 0.000007  train_loss: 0.0971 (0.1529)  train_iou: 0.6501 (0.6729)  time: 0.5196  data: 0.0012  max mem: 28813
Epoch: [16]  [ 460/5625]  eta: 0:46:00  lr: 0.000007  train_loss: 0.1447 (0.1564)  train_iou: 0.6362 (0.6707)  time: 0.5160  data: 0.0019  max mem: 28813
Epoch: [16]  [ 480/5625]  eta: 0:45:46  lr: 0.000007  train_loss: 0.1298 (0.1567)  train_iou: 0.6366 (0.6699)  time: 0.5211  data: 0.0015  max mem: 28813
Epoch: [16]  [ 500/5625]  eta: 0:45:34  lr: 0.000007  train_loss: 0.1314 (0.1572)  train_iou: 0.6607 (0.6683)  time: 0.5244  data: 0.0018  max mem: 28813
Epoch: [16]  [ 520/5625]  eta: 0:45:21  lr: 0.000007  train_loss: 0.0983 (0.1560)  train_iou: 0.6958 (0.6703)  time: 0.5228  data: 0.0018  max mem: 28813
Epoch: [16]  [ 540/5625]  eta: 0:45:08  lr: 0.000007  train_loss: 0.1345 (0.1562)  train_iou: 0.6577 (0.6703)  time: 0.5212  data: 0.0034  max mem: 28813
Epoch: [16]  [ 560/5625]  eta: 0:44:54  lr: 0.000007  train_loss: 0.1029 (0.1562)  train_iou: 0.6627 (0.6700)  time: 0.5162  data: 0.0018  max mem: 28813
Epoch: [16]  [ 580/5625]  eta: 0:44:41  lr: 0.000007  train_loss: 0.0981 (0.1560)  train_iou: 0.6521 (0.6684)  time: 0.5176  data: 0.0028  max mem: 28813
Epoch: [16]  [ 600/5625]  eta: 0:44:29  lr: 0.000007  train_loss: 0.0970 (0.1552)  train_iou: 0.6841 (0.6691)  time: 0.5225  data: 0.0019  max mem: 28813
Epoch: [16]  [ 620/5625]  eta: 0:44:17  lr: 0.000007  train_loss: 0.1361 (0.1563)  train_iou: 0.6715 (0.6688)  time: 0.5212  data: 0.0009  max mem: 28813
Epoch: [16]  [ 640/5625]  eta: 0:44:06  lr: 0.000007  train_loss: 0.1389 (0.1563)  train_iou: 0.6731 (0.6688)  time: 0.5273  data: 0.0049  max mem: 28813
Epoch: [16]  [ 660/5625]  eta: 0:43:55  lr: 0.000007  train_loss: 0.1065 (0.1557)  train_iou: 0.6882 (0.6693)  time: 0.5285  data: 0.0033  max mem: 28813
Epoch: [16]  [ 680/5625]  eta: 0:43:43  lr: 0.000007  train_loss: 0.1668 (0.1567)  train_iou: 0.6849 (0.6696)  time: 0.5252  data: 0.0022  max mem: 28813
Epoch: [16]  [ 700/5625]  eta: 0:43:31  lr: 0.000007  train_loss: 0.1718 (0.1572)  train_iou: 0.6871 (0.6698)  time: 0.5221  data: 0.0024  max mem: 28813
Epoch: [16]  [ 720/5625]  eta: 0:43:19  lr: 0.000007  train_loss: 0.0983 (0.1570)  train_iou: 0.6744 (0.6703)  time: 0.5165  data: 0.0004  max mem: 28813
Epoch: [16]  [ 740/5625]  eta: 0:43:08  lr: 0.000007  train_loss: 0.0931 (0.1561)  train_iou: 0.6520 (0.6704)  time: 0.5235  data: 0.0017  max mem: 28813
Epoch: [16]  [ 760/5625]  eta: 0:42:56  lr: 0.000007  train_loss: 0.1106 (0.1558)  train_iou: 0.6810 (0.6697)  time: 0.5221  data: 0.0037  max mem: 28813
Epoch: [16]  [ 780/5625]  eta: 0:42:45  lr: 0.000007  train_loss: 0.1132 (0.1562)  train_iou: 0.6624 (0.6692)  time: 0.5238  data: 0.0016  max mem: 28813
Epoch: [16]  [ 800/5625]  eta: 0:42:33  lr: 0.000007  train_loss: 0.1161 (0.1557)  train_iou: 0.7255 (0.6702)  time: 0.5231  data: 0.0017  max mem: 28813
Epoch: [16]  [ 820/5625]  eta: 0:42:22  lr: 0.000007  train_loss: 0.0997 (0.1554)  train_iou: 0.6297 (0.6687)  time: 0.5243  data: 0.0023  max mem: 28813
Epoch: [16]  [ 840/5625]  eta: 0:42:11  lr: 0.000007  train_loss: 0.1370 (0.1565)  train_iou: 0.6736 (0.6689)  time: 0.5270  data: 0.0022  max mem: 28813
Epoch: [16]  [ 860/5625]  eta: 0:42:00  lr: 0.000007  train_loss: 0.1613 (0.1576)  train_iou: 0.6736 (0.6686)  time: 0.5218  data: 0.0017  max mem: 28813
Epoch: [16]  [ 880/5625]  eta: 0:41:48  lr: 0.000007  train_loss: 0.1267 (0.1577)  train_iou: 0.6446 (0.6683)  time: 0.5188  data: 0.0018  max mem: 28813
Epoch: [16]  [ 900/5625]  eta: 0:41:37  lr: 0.000007  train_loss: 0.0857 (0.1571)  train_iou: 0.6443 (0.6679)  time: 0.5193  data: 0.0042  max mem: 28813
Epoch: [16]  [ 920/5625]  eta: 0:41:25  lr: 0.000007  train_loss: 0.1477 (0.1584)  train_iou: 0.6565 (0.6673)  time: 0.5210  data: 0.0023  max mem: 28813
Epoch: [16]  [ 940/5625]  eta: 0:41:14  lr: 0.000007  train_loss: 0.1017 (0.1582)  train_iou: 0.6165 (0.6663)  time: 0.5242  data: 0.0010  max mem: 28813
Epoch: [16]  [ 960/5625]  eta: 0:41:03  lr: 0.000007  train_loss: 0.1077 (0.1583)  train_iou: 0.6614 (0.6660)  time: 0.5251  data: 0.0030  max mem: 28813
Epoch: [16]  [ 980/5625]  eta: 0:40:52  lr: 0.000007  train_loss: 0.1365 (0.1586)  train_iou: 0.7184 (0.6668)  time: 0.5238  data: 0.0020  max mem: 28813
Epoch: [16]  [1000/5625]  eta: 0:40:41  lr: 0.000007  train_loss: 0.1411 (0.1591)  train_iou: 0.6754 (0.6665)  time: 0.5225  data: 0.0012  max mem: 28813
Epoch: [16]  [1020/5625]  eta: 0:40:31  lr: 0.000007  train_loss: 0.1258 (0.1590)  train_iou: 0.6338 (0.6659)  time: 0.5253  data: 0.0046  max mem: 28813
Epoch: [16]  [1040/5625]  eta: 0:40:19  lr: 0.000007  train_loss: 0.0990 (0.1587)  train_iou: 0.6727 (0.6661)  time: 0.5179  data: 0.0019  max mem: 28813
Epoch: [16]  [1060/5625]  eta: 0:40:08  lr: 0.000007  train_loss: 0.1136 (0.1581)  train_iou: 0.7686 (0.6675)  time: 0.5212  data: 0.0015  max mem: 28813
Epoch: [16]  [1080/5625]  eta: 0:39:58  lr: 0.000007  train_loss: 0.0948 (0.1583)  train_iou: 0.6557 (0.6672)  time: 0.5370  data: 0.0048  max mem: 28813
Epoch: [16]  [1100/5625]  eta: 0:39:47  lr: 0.000007  train_loss: 0.1122 (0.1579)  train_iou: 0.6479 (0.6672)  time: 0.5187  data: 0.0005  max mem: 28813
Epoch: [16]  [1120/5625]  eta: 0:39:36  lr: 0.000007  train_loss: 0.1057 (0.1580)  train_iou: 0.6655 (0.6671)  time: 0.5192  data: 0.0006  max mem: 28813
Epoch: [16]  [1140/5625]  eta: 0:39:25  lr: 0.000007  train_loss: 0.0864 (0.1575)  train_iou: 0.6820 (0.6677)  time: 0.5243  data: 0.0039  max mem: 28813
Epoch: [16]  [1160/5625]  eta: 0:39:14  lr: 0.000007  train_loss: 0.1122 (0.1576)  train_iou: 0.6777 (0.6678)  time: 0.5204  data: 0.0018  max mem: 28813
Epoch: [16]  [1180/5625]  eta: 0:39:02  lr: 0.000007  train_loss: 0.1124 (0.1575)  train_iou: 0.6642 (0.6679)  time: 0.5125  data: 0.0004  max mem: 28813
Epoch: [16]  [1200/5625]  eta: 0:38:51  lr: 0.000007  train_loss: 0.0856 (0.1576)  train_iou: 0.6835 (0.6680)  time: 0.5231  data: 0.0027  max mem: 28813
Epoch: [16]  [1220/5625]  eta: 0:38:41  lr: 0.000007  train_loss: 0.1005 (0.1576)  train_iou: 0.6914 (0.6682)  time: 0.5223  data: 0.0012  max mem: 28813
Epoch: [16]  [1240/5625]  eta: 0:38:29  lr: 0.000007  train_loss: 0.2170 (0.1586)  train_iou: 0.6385 (0.6679)  time: 0.5147  data: 0.0004  max mem: 28813
Epoch: [16]  [1260/5625]  eta: 0:38:18  lr: 0.000007  train_loss: 0.0925 (0.1581)  train_iou: 0.6961 (0.6687)  time: 0.5189  data: 0.0004  max mem: 28813
Epoch: [16]  [1280/5625]  eta: 0:38:07  lr: 0.000007  train_loss: 0.1224 (0.1579)  train_iou: 0.6879 (0.6691)  time: 0.5258  data: 0.0011  max mem: 28813
Epoch: [16]  [1300/5625]  eta: 0:37:56  lr: 0.000007  train_loss: 0.1165 (0.1583)  train_iou: 0.6363 (0.6686)  time: 0.5177  data: 0.0010  max mem: 28813
Epoch: [16]  [1320/5625]  eta: 0:37:46  lr: 0.000007  train_loss: 0.1483 (0.1589)  train_iou: 0.6803 (0.6689)  time: 0.5271  data: 0.0023  max mem: 28813
Epoch: [16]  [1340/5625]  eta: 0:37:35  lr: 0.000007  train_loss: 0.1329 (0.1593)  train_iou: 0.6739 (0.6688)  time: 0.5249  data: 0.0027  max mem: 28813
Epoch: [16]  [1360/5625]  eta: 0:37:25  lr: 0.000007  train_loss: 0.1212 (0.1594)  train_iou: 0.6651 (0.6693)  time: 0.5293  data: 0.0022  max mem: 28813
Epoch: [16]  [1380/5625]  eta: 0:37:14  lr: 0.000007  train_loss: 0.1117 (0.1589)  train_iou: 0.6844 (0.6696)  time: 0.5239  data: 0.0021  max mem: 28813
Epoch: [16]  [1400/5625]  eta: 0:37:03  lr: 0.000007  train_loss: 0.1405 (0.1594)  train_iou: 0.6820 (0.6699)  time: 0.5157  data: 0.0009  max mem: 28813
Epoch: [16]  [1420/5625]  eta: 0:36:52  lr: 0.000007  train_loss: 0.1129 (0.1592)  train_iou: 0.6907 (0.6700)  time: 0.5185  data: 0.0009  max mem: 28813
slurmstepd: error: *** JOB 48369938 ON d1024 CANCELLED AT 2025-04-21T08:27:09 DUE TO TIME LIMIT ***
