Architecture:                       x86_64
CPU op-mode(s):                     32-bit, 64-bit
Address sizes:                      46 bits physical, 57 bits virtual
Byte Order:                         Little Endian
CPU(s):                             96
On-line CPU(s) list:                0-95
Vendor ID:                          GenuineIntel
Model name:                         Intel(R) Xeon(R) Gold 6442Y
CPU family:                         6
Model:                              143
Thread(s) per core:                 2
Core(s) per socket:                 24
Socket(s):                          2
Stepping:                           8
CPU max MHz:                        4000.0000
CPU min MHz:                        800.0000
BogoMIPS:                           5200.00
Flags:                              fpu vme de pse tsc msr pae mce cx8 apic sep mtrr pge mca cmov pat pse36 clflush dts acpi mmx fxsr sse sse2 ss ht tm pbe syscall nx pdpe1gb rdtscp lm constant_tsc art arch_perfmon pebs bts rep_good nopl xtopology nonstop_tsc cpuid aperfmperf tsc_known_freq pni pclmulqdq dtes64 monitor ds_cpl vmx smx est tm2 ssse3 sdbg fma cx16 xtpr pdcm pcid dca sse4_1 sse4_2 x2apic movbe popcnt tsc_deadline_timer aes xsave avx f16c rdrand lahf_lm abm 3dnowprefetch cpuid_fault epb cat_l3 cat_l2 cdp_l3 invpcid_single cdp_l2 ssbd mba ibrs ibpb stibp ibrs_enhanced tpr_shadow flexpriority ept vpid ept_ad fsgsbase tsc_adjust bmi1 avx2 smep bmi2 erms invpcid cqm rdt_a avx512f avx512dq rdseed adx smap avx512ifma clflushopt clwb intel_pt avx512cd sha_ni avx512bw avx512vl xsaveopt xsavec xgetbv1 xsaves cqm_llc cqm_occup_llc cqm_mbm_total cqm_mbm_local split_lock_detect avx_vnni avx512_bf16 wbnoinvd dtherm ida arat pln pts hfi vnmi avx512vbmi umip pku ospke waitpkg avx512_vbmi2 gfni vaes vpclmulqdq avx512_vnni avx512_bitalg tme avx512_vpopcntdq la57 rdpid bus_lock_detect cldemote movdiri movdir64b enqcmd fsrm md_clear serialize tsxldtrk pconfig arch_lbr ibt amx_bf16 avx512_fp16 amx_tile amx_int8 flush_l1d arch_capabilities
Virtualization:                     VT-x
L1d cache:                          2.3 MiB (48 instances)
L1i cache:                          1.5 MiB (48 instances)
L2 cache:                           96 MiB (48 instances)
L3 cache:                           120 MiB (2 instances)
NUMA node(s):                       2
NUMA node0 CPU(s):                  0,2,4,6,8,10,12,14,16,18,20,22,24,26,28,30,32,34,36,38,40,42,44,46,48,50,52,54,56,58,60,62,64,66,68,70,72,74,76,78,80,82,84,86,88,90,92,94
NUMA node1 CPU(s):                  1,3,5,7,9,11,13,15,17,19,21,23,25,27,29,31,33,35,37,39,41,43,45,47,49,51,53,55,57,59,61,63,65,67,69,71,73,75,77,79,81,83,85,87,89,91,93,95
Vulnerability Gather data sampling: Not affected
Vulnerability Itlb multihit:        Not affected
Vulnerability L1tf:                 Not affected
Vulnerability Mds:                  Not affected
Vulnerability Meltdown:             Not affected
Vulnerability Mmio stale data:      Not affected
Vulnerability Retbleed:             Not affected
Vulnerability Spec rstack overflow: Not affected
Vulnerability Spec store bypass:    Mitigation; Speculative Store Bypass disabled via prctl
Vulnerability Spectre v1:           Mitigation; usercopy/swapgs barriers and __user pointer sanitization
Vulnerability Spectre v2:           Mitigation; Enhanced / Automatic IBRS, IBPB conditional, RSB filling, PBRSB-eIBRS SW sequence
Vulnerability Srbds:                Not affected
Vulnerability Tsx async abort:      Not affected
Sat Apr 19 19:09:59 2025       
+---------------------------------------------------------------------------------------+
| NVIDIA-SMI 545.23.08              Driver Version: 545.23.08    CUDA Version: 12.3     |
|-----------------------------------------+----------------------+----------------------+
| GPU  Name                 Persistence-M | Bus-Id        Disp.A | Volatile Uncorr. ECC |
| Fan  Temp   Perf          Pwr:Usage/Cap |         Memory-Usage | GPU-Util  Compute M. |
|                                         |                      |               MIG M. |
|=========================================+======================+======================|
|   0  NVIDIA L40S                    On  | 00000000:4A:00.0 Off |                    0 |
| N/A   31C    P8              31W / 350W |      3MiB / 46068MiB |      0%      Default |
|                                         |                      |                  N/A |
+-----------------------------------------+----------------------+----------------------+
|   1  NVIDIA L40S                    On  | 00000000:61:00.0 Off |                    0 |
| N/A   31C    P8              32W / 350W |      3MiB / 46068MiB |      0%      Default |
|                                         |                      |                  N/A |
+-----------------------------------------+----------------------+----------------------+
                                                                                         
+---------------------------------------------------------------------------------------+
| Processes:                                                                            |
|  GPU   GI   CI        PID   Type   Process name                            GPU Memory |
|        ID   ID                                                             Usage      |
|=======================================================================================|
|  No running processes found                                                           |
+---------------------------------------------------------------------------------------+
/home/akula.ha/.conda/envs/refseg/lib/python3.10/site-packages/torch/distributed/launch.py:181: FutureWarning: The module torch.distributed.launch is deprecated
and will be removed in future. Use torchrun.
Note that --use-env is set by default in torchrun.
If your script expects `--local-rank` argument to be set, please
change it to read from `os.environ['LOCAL_RANK']` instead. See 
https://pytorch.org/docs/stable/distributed.html#launch-utility for 
further instructions

  warnings.warn(
[2025-04-19 19:10:19,973] torch.distributed.run: [WARNING] 
[2025-04-19 19:10:19,973] torch.distributed.run: [WARNING] *****************************************
[2025-04-19 19:10:19,973] torch.distributed.run: [WARNING] Setting OMP_NUM_THREADS environment variable for each process to be 1 in default, to avoid your system being overloaded, please further tune the variable for optimal performance in your application as needed. 
[2025-04-19 19:10:19,973] torch.distributed.run: [WARNING] *****************************************
| distributed init (rank 0): env://| distributed init (rank 1): env://

Namespace(batch_size=14, epochs=50, model='ReMamber_Conv', pretrain_path='./pretrain', input_size=480, drop=0.0, drop_path=0.1, model_ema=True, model_ema_decay=0.9999, model_ema_force_cpu=False, opt='adamw', opt_eps=1e-08, opt_betas=None, clip_grad=None, momentum=0.9, weight_decay=0.0001, sched='cosine', lr=2e-05, lr_decoder=5e-05, lr_backbone=2.5e-05, lr_vssm=2.5e-05, warmup_lr=1e-06, min_lr=1e-06, decay_epochs=30, warmup_epochs=0, cooldown_epochs=10, patience_epochs=10, decay_rate=0.1, train_mode=True, finetune='pretrain/ReMamber_Conv.pth', data_path='./ref_dataset/data', data_set='refzom', output_dir='./outputs', device='cuda', seed=0, resume='', start_epoch=0, eval=False, dist_eval=False, num_workers=8, pin_mem=True, distributed=True, world_size=2, dist_url='env://', if_amp=True, debug_mode=False, local_rank=0, model_title='model', logging='model', decoder_adapter=False, continue_lr=None, partial_freeze=True, rank=0, gpu=0, dist_backend='nccl')
True val
./ref_dataset/data refzom zom
loading dataset refzom into memory...
creating index...
index created.
DONE (t=11.35s)
Preparing dataset ......
False val
./ref_dataset/data refzom zom
loading dataset refzom into memory...
creating index...
index created.
DONE (t=11.24s)
Preparing dataset ......
/home/akula.ha/.conda/envs/refseg/lib/python3.10/site-packages/torch/utils/data/dataloader.py:557: UserWarning: This DataLoader will create 8 worker processes in total. Our suggested max number of worker in current system is 2, which is smaller than what this DataLoader is going to create. Please be aware that excessive worker creation might get DataLoader running slow or even freeze, lower the worker number to avoid potential slowness/freeze if necessary.
  warnings.warn(_create_warning_msg(
length of train set: 57624
length of val set: 15406
/home/akula.ha/.conda/envs/refseg/lib/python3.10/site-packages/torch/utils/data/dataloader.py:557: UserWarning: This DataLoader will create 8 worker processes in total. Our suggested max number of worker in current system is 2, which is smaller than what this DataLoader is going to create. Please be aware that excessive worker creation might get DataLoader running slow or even freeze, lower the worker number to avoid potential slowness/freeze if necessary.
  warnings.warn(_create_warning_msg(
Creating model: ReMamber_Conv
kwargs {}
number of params: 19461889
Model id is - model:8a256447
length of train set: 45000
length of val set: 4000
Start training for 50 epochs
Learning rate: 2e-05
/home/akula.ha/.conda/envs/refseg/lib/python3.10/site-packages/torch/autograd/__init__.py:251: UserWarning: Grad strides do not match bucket view strides. This may indicate grad was not created according to the gradient layout contract, or that the param's strides changed since DDP was constructed.  This is not an error, but may impair performance.
grad.sizes() = [512, 768, 1, 1], strides() = [768, 1, 768, 768]
bucket_view.sizes() = [512, 768, 1, 1], strides() = [768, 1, 1, 1] (Triggered internally at ../torch/csrc/distributed/c10d/reducer.cpp:320.)
  Variable._execution_engine.run_backward(  # Calls into the C++ engine to run the backward pass
/home/akula.ha/.conda/envs/refseg/lib/python3.10/site-packages/torch/autograd/__init__.py:251: UserWarning: Grad strides do not match bucket view strides. This may indicate grad was not created according to the gradient layout contract, or that the param's strides changed since DDP was constructed.  This is not an error, but may impair performance.
grad.sizes() = [512, 768, 1, 1], strides() = [768, 1, 768, 768]
bucket_view.sizes() = [512, 768, 1, 1], strides() = [768, 1, 1, 1] (Triggered internally at ../torch/csrc/distributed/c10d/reducer.cpp:320.)
  Variable._execution_engine.run_backward(  # Calls into the C++ engine to run the backward pass
Epoch: [0]  [   0/1608]  eta: 11:14:55  lr: 0.000020  train_loss: 3.8526 (3.8526)  train_iou: 0.6489 (0.6489)  time: 25.1839  data: 10.9861  max mem: 16337
Epoch: [0]  [  20/1608]  eta: 0:47:22  lr: 0.000020  train_loss: 1.3727 (1.9124)  train_iou: 0.4795 (0.4898)  time: 0.6205  data: 0.0039  max mem: 16337
Epoch: [0]  [  40/1608]  eta: 0:31:53  lr: 0.000020  train_loss: 0.8554 (1.4509)  train_iou: 0.5255 (0.5277)  time: 0.6218  data: 0.0102  max mem: 16337
Epoch: [0]  [  60/1608]  eta: 0:26:26  lr: 0.000020  train_loss: 0.6941 (1.2225)  train_iou: 0.5723 (0.5389)  time: 0.6250  data: 0.0073  max mem: 16337
Epoch: [0]  [  80/1608]  eta: 0:23:30  lr: 0.000020  train_loss: 0.7463 (1.1092)  train_iou: 0.5072 (0.5376)  time: 0.6126  data: 0.0062  max mem: 16337
Epoch: [0]  [ 100/1608]  eta: 0:21:43  lr: 0.000020  train_loss: 0.6840 (1.0412)  train_iou: 0.5278 (0.5370)  time: 0.6256  data: 0.0071  max mem: 16337
Epoch: [0]  [ 120/1608]  eta: 0:20:24  lr: 0.000020  train_loss: 0.5785 (0.9743)  train_iou: 0.6336 (0.5475)  time: 0.6159  data: 0.0082  max mem: 16337
Epoch: [0]  [ 140/1608]  eta: 0:19:26  lr: 0.000020  train_loss: 0.4912 (0.9105)  train_iou: 0.6106 (0.5561)  time: 0.6220  data: 0.0060  max mem: 16337
Epoch: [0]  [ 160/1608]  eta: 0:18:39  lr: 0.000020  train_loss: 0.5781 (0.8709)  train_iou: 0.5914 (0.5622)  time: 0.6210  data: 0.0090  max mem: 16337
Epoch: [0]  [ 180/1608]  eta: 0:18:02  lr: 0.000020  train_loss: 0.5488 (0.8372)  train_iou: 0.6160 (0.5652)  time: 0.6366  data: 0.0055  max mem: 16337
Epoch: [0]  [ 200/1608]  eta: 0:17:26  lr: 0.000020  train_loss: 0.5755 (0.8104)  train_iou: 0.5141 (0.5650)  time: 0.6123  data: 0.0065  max mem: 16337
Epoch: [0]  [ 220/1608]  eta: 0:16:55  lr: 0.000020  train_loss: 0.4887 (0.7896)  train_iou: 0.6296 (0.5689)  time: 0.6150  data: 0.0113  max mem: 16337
Epoch: [0]  [ 240/1608]  eta: 0:16:29  lr: 0.000020  train_loss: 0.4785 (0.7671)  train_iou: 0.6289 (0.5723)  time: 0.6309  data: 0.0044  max mem: 16337
Epoch: [0]  [ 260/1608]  eta: 0:16:03  lr: 0.000020  train_loss: 0.5229 (0.7499)  train_iou: 0.5875 (0.5735)  time: 0.6136  data: 0.0068  max mem: 16337
Epoch: [0]  [ 280/1608]  eta: 0:15:40  lr: 0.000020  train_loss: 0.4886 (0.7330)  train_iou: 0.6052 (0.5754)  time: 0.6210  data: 0.0043  max mem: 16337
Epoch: [0]  [ 300/1608]  eta: 0:15:18  lr: 0.000020  train_loss: 0.5876 (0.7238)  train_iou: 0.5695 (0.5761)  time: 0.6174  data: 0.0077  max mem: 16337
Epoch: [0]  [ 320/1608]  eta: 0:14:58  lr: 0.000020  train_loss: 0.5296 (0.7150)  train_iou: 0.5776 (0.5753)  time: 0.6294  data: 0.0086  max mem: 16337
Epoch: [0]  [ 340/1608]  eta: 0:14:39  lr: 0.000020  train_loss: 0.4640 (0.7033)  train_iou: 0.6323 (0.5767)  time: 0.6247  data: 0.0052  max mem: 16337
Epoch: [0]  [ 360/1608]  eta: 0:14:20  lr: 0.000020  train_loss: 0.4131 (0.6905)  train_iou: 0.6303 (0.5795)  time: 0.6200  data: 0.0091  max mem: 16337
Epoch: [0]  [ 380/1608]  eta: 0:14:01  lr: 0.000020  train_loss: 0.4863 (0.6808)  train_iou: 0.5890 (0.5801)  time: 0.6069  data: 0.0041  max mem: 16337
Epoch: [0]  [ 400/1608]  eta: 0:13:44  lr: 0.000020  train_loss: 0.4818 (0.6719)  train_iou: 0.5722 (0.5814)  time: 0.6252  data: 0.0039  max mem: 16337
Epoch: [0]  [ 420/1608]  eta: 0:13:26  lr: 0.000020  train_loss: 0.4920 (0.6650)  train_iou: 0.5998 (0.5822)  time: 0.6187  data: 0.0055  max mem: 16337
Epoch: [0]  [ 440/1608]  eta: 0:13:10  lr: 0.000020  train_loss: 0.4438 (0.6564)  train_iou: 0.6518 (0.5846)  time: 0.6258  data: 0.0100  max mem: 16337
Epoch: [0]  [ 460/1608]  eta: 0:12:54  lr: 0.000020  train_loss: 0.4659 (0.6487)  train_iou: 0.6234 (0.5862)  time: 0.6340  data: 0.0067  max mem: 16337
Epoch: [0]  [ 480/1608]  eta: 0:12:38  lr: 0.000020  train_loss: 0.4527 (0.6462)  train_iou: 0.6424 (0.5879)  time: 0.6197  data: 0.0081  max mem: 16337
Epoch: [0]  [ 500/1608]  eta: 0:12:23  lr: 0.000020  train_loss: 0.4535 (0.6395)  train_iou: 0.6114 (0.5888)  time: 0.6270  data: 0.0117  max mem: 16337
Epoch: [0]  [ 520/1608]  eta: 0:12:07  lr: 0.000020  train_loss: 0.4347 (0.6315)  train_iou: 0.6404 (0.5909)  time: 0.6231  data: 0.0055  max mem: 16337
Epoch: [0]  [ 540/1608]  eta: 0:11:52  lr: 0.000020  train_loss: 0.5138 (0.6269)  train_iou: 0.5805 (0.5911)  time: 0.6259  data: 0.0082  max mem: 16337
Epoch: [0]  [ 560/1608]  eta: 0:11:37  lr: 0.000020  train_loss: 0.4891 (0.6225)  train_iou: 0.5777 (0.5914)  time: 0.6242  data: 0.0077  max mem: 16337
Epoch: [0]  [ 580/1608]  eta: 0:11:22  lr: 0.000020  train_loss: 0.4292 (0.6174)  train_iou: 0.6169 (0.5925)  time: 0.6250  data: 0.0083  max mem: 16337
Epoch: [0]  [ 600/1608]  eta: 0:11:08  lr: 0.000020  train_loss: 0.4722 (0.6135)  train_iou: 0.6121 (0.5931)  time: 0.6236  data: 0.0037  max mem: 16337
Epoch: [0]  [ 620/1608]  eta: 0:10:53  lr: 0.000020  train_loss: 0.4217 (0.6078)  train_iou: 0.6298 (0.5950)  time: 0.6166  data: 0.0046  max mem: 16337
Epoch: [0]  [ 640/1608]  eta: 0:10:39  lr: 0.000020  train_loss: 0.4256 (0.6040)  train_iou: 0.6725 (0.5966)  time: 0.6226  data: 0.0052  max mem: 16337
Epoch: [0]  [ 660/1608]  eta: 0:10:24  lr: 0.000020  train_loss: 0.4957 (0.6013)  train_iou: 0.5960 (0.5968)  time: 0.6242  data: 0.0056  max mem: 16337
Epoch: [0]  [ 680/1608]  eta: 0:10:10  lr: 0.000020  train_loss: 0.4590 (0.5980)  train_iou: 0.6082 (0.5974)  time: 0.6173  data: 0.0092  max mem: 16337
Epoch: [0]  [ 700/1608]  eta: 0:09:56  lr: 0.000020  train_loss: 0.4492 (0.5938)  train_iou: 0.6209 (0.5985)  time: 0.6237  data: 0.0058  max mem: 16337
Epoch: [0]  [ 720/1608]  eta: 0:09:42  lr: 0.000020  train_loss: 0.4252 (0.5901)  train_iou: 0.6468 (0.5995)  time: 0.6235  data: 0.0078  max mem: 16337
Epoch: [0]  [ 740/1608]  eta: 0:09:28  lr: 0.000020  train_loss: 0.4790 (0.5872)  train_iou: 0.5917 (0.6000)  time: 0.6250  data: 0.0086  max mem: 16337
Epoch: [0]  [ 760/1608]  eta: 0:09:14  lr: 0.000020  train_loss: 0.4388 (0.5836)  train_iou: 0.6196 (0.6011)  time: 0.6147  data: 0.0039  max mem: 16337
Epoch: [0]  [ 780/1608]  eta: 0:09:00  lr: 0.000020  train_loss: 0.4238 (0.5792)  train_iou: 0.6363 (0.6024)  time: 0.6214  data: 0.0080  max mem: 16337
Epoch: [0]  [ 800/1608]  eta: 0:08:47  lr: 0.000020  train_loss: 0.4568 (0.5768)  train_iou: 0.6229 (0.6030)  time: 0.6166  data: 0.0051  max mem: 16337
Epoch: [0]  [ 820/1608]  eta: 0:08:33  lr: 0.000020  train_loss: 0.4375 (0.5742)  train_iou: 0.5768 (0.6031)  time: 0.6358  data: 0.0070  max mem: 16337
Epoch: [0]  [ 840/1608]  eta: 0:08:20  lr: 0.000020  train_loss: 0.4048 (0.5716)  train_iou: 0.6769 (0.6038)  time: 0.6248  data: 0.0074  max mem: 16337
Epoch: [0]  [ 860/1608]  eta: 0:08:06  lr: 0.000020  train_loss: 0.4984 (0.5704)  train_iou: 0.5904 (0.6037)  time: 0.6150  data: 0.0068  max mem: 16337
Epoch: [0]  [ 880/1608]  eta: 0:07:52  lr: 0.000020  train_loss: 0.4464 (0.5680)  train_iou: 0.6310 (0.6043)  time: 0.6158  data: 0.0039  max mem: 16337
Epoch: [0]  [ 900/1608]  eta: 0:07:39  lr: 0.000020  train_loss: 0.4669 (0.5655)  train_iou: 0.6306 (0.6049)  time: 0.6257  data: 0.0083  max mem: 16337
Epoch: [0]  [ 920/1608]  eta: 0:07:26  lr: 0.000020  train_loss: 0.4080 (0.5624)  train_iou: 0.6671 (0.6061)  time: 0.6281  data: 0.0063  max mem: 16337
Epoch: [0]  [ 940/1608]  eta: 0:07:12  lr: 0.000020  train_loss: 0.4348 (0.5606)  train_iou: 0.6557 (0.6066)  time: 0.6155  data: 0.0045  max mem: 16337
Epoch: [0]  [ 960/1608]  eta: 0:06:59  lr: 0.000020  train_loss: 0.4463 (0.5586)  train_iou: 0.6222 (0.6072)  time: 0.6167  data: 0.0085  max mem: 16337
Epoch: [0]  [ 980/1608]  eta: 0:06:46  lr: 0.000020  train_loss: 0.3924 (0.5559)  train_iou: 0.6814 (0.6086)  time: 0.6210  data: 0.0083  max mem: 16337
Epoch: [0]  [1000/1608]  eta: 0:06:32  lr: 0.000020  train_loss: 0.4327 (0.5538)  train_iou: 0.6621 (0.6095)  time: 0.6163  data: 0.0040  max mem: 16337
Epoch: [0]  [1020/1608]  eta: 0:06:19  lr: 0.000020  train_loss: 0.3861 (0.5510)  train_iou: 0.6953 (0.6106)  time: 0.6059  data: 0.0038  max mem: 16337
Epoch: [0]  [1040/1608]  eta: 0:06:06  lr: 0.000020  train_loss: 0.4160 (0.5494)  train_iou: 0.6151 (0.6109)  time: 0.6260  data: 0.0038  max mem: 16337
Epoch: [0]  [1060/1608]  eta: 0:05:53  lr: 0.000020  train_loss: 0.4420 (0.5474)  train_iou: 0.6176 (0.6115)  time: 0.6107  data: 0.0069  max mem: 16337
Epoch: [0]  [1080/1608]  eta: 0:05:40  lr: 0.000020  train_loss: 0.4506 (0.5456)  train_iou: 0.6192 (0.6121)  time: 0.6203  data: 0.0085  max mem: 16337
Epoch: [0]  [1100/1608]  eta: 0:05:26  lr: 0.000020  train_loss: 0.3940 (0.5436)  train_iou: 0.6529 (0.6125)  time: 0.6220  data: 0.0036  max mem: 16337
Epoch: [0]  [1120/1608]  eta: 0:05:13  lr: 0.000020  train_loss: 0.4281 (0.5427)  train_iou: 0.6396 (0.6125)  time: 0.6290  data: 0.0082  max mem: 16337
Epoch: [0]  [1140/1608]  eta: 0:05:00  lr: 0.000020  train_loss: 0.4832 (0.5416)  train_iou: 0.6259 (0.6129)  time: 0.6172  data: 0.0091  max mem: 16337
Epoch: [0]  [1160/1608]  eta: 0:04:47  lr: 0.000020  train_loss: 0.4171 (0.5391)  train_iou: 0.6629 (0.6141)  time: 0.6246  data: 0.0064  max mem: 16337
Epoch: [0]  [1180/1608]  eta: 0:04:34  lr: 0.000020  train_loss: 0.4144 (0.5373)  train_iou: 0.6476 (0.6145)  time: 0.6197  data: 0.0054  max mem: 16337
Epoch: [0]  [1200/1608]  eta: 0:04:21  lr: 0.000020  train_loss: 0.3954 (0.5353)  train_iou: 0.6271 (0.6148)  time: 0.6264  data: 0.0089  max mem: 16337
Epoch: [0]  [1220/1608]  eta: 0:04:08  lr: 0.000020  train_loss: 0.4061 (0.5336)  train_iou: 0.6060 (0.6148)  time: 0.6260  data: 0.0041  max mem: 16337
Epoch: [0]  [1240/1608]  eta: 0:03:56  lr: 0.000020  train_loss: 0.3605 (0.5310)  train_iou: 0.6640 (0.6155)  time: 0.6287  data: 0.0058  max mem: 16337
Epoch: [0]  [1260/1608]  eta: 0:03:43  lr: 0.000020  train_loss: 0.4340 (0.5296)  train_iou: 0.5705 (0.6150)  time: 0.6197  data: 0.0061  max mem: 16337
Epoch: [0]  [1280/1608]  eta: 0:03:30  lr: 0.000020  train_loss: 0.3622 (0.5272)  train_iou: 0.6553 (0.6156)  time: 0.6121  data: 0.0098  max mem: 16337
Epoch: [0]  [1300/1608]  eta: 0:03:17  lr: 0.000020  train_loss: 0.4233 (0.5257)  train_iou: 0.6354 (0.6157)  time: 0.6268  data: 0.0084  max mem: 16337
Epoch: [0]  [1320/1608]  eta: 0:03:04  lr: 0.000020  train_loss: 0.3851 (0.5235)  train_iou: 0.6593 (0.6163)  time: 0.6208  data: 0.0105  max mem: 16337
Epoch: [0]  [1340/1608]  eta: 0:02:51  lr: 0.000020  train_loss: 0.3611 (0.5212)  train_iou: 0.6565 (0.6171)  time: 0.6034  data: 0.0079  max mem: 16337
Epoch: [0]  [1360/1608]  eta: 0:02:38  lr: 0.000020  train_loss: 0.3095 (0.5188)  train_iou: 0.6783 (0.6173)  time: 0.6154  data: 0.0033  max mem: 16337
Epoch: [0]  [1380/1608]  eta: 0:02:25  lr: 0.000020  train_loss: 0.3293 (0.5165)  train_iou: 0.6279 (0.6175)  time: 0.6228  data: 0.0055  max mem: 16337
Epoch: [0]  [1400/1608]  eta: 0:02:12  lr: 0.000020  train_loss: 0.3725 (0.5149)  train_iou: 0.6095 (0.6177)  time: 0.6243  data: 0.0073  max mem: 16337
Epoch: [0]  [1420/1608]  eta: 0:02:00  lr: 0.000020  train_loss: 0.3109 (0.5124)  train_iou: 0.6973 (0.6185)  time: 0.6189  data: 0.0082  max mem: 16337
Epoch: [0]  [1440/1608]  eta: 0:01:47  lr: 0.000020  train_loss: 0.3737 (0.5110)  train_iou: 0.6251 (0.6186)  time: 0.6232  data: 0.0103  max mem: 16337
Epoch: [0]  [1460/1608]  eta: 0:01:34  lr: 0.000020  train_loss: 0.4053 (0.5097)  train_iou: 0.5648 (0.6179)  time: 0.6189  data: 0.0079  max mem: 16337
Epoch: [0]  [1480/1608]  eta: 0:01:21  lr: 0.000020  train_loss: 0.3055 (0.5072)  train_iou: 0.6405 (0.6186)  time: 0.6256  data: 0.0109  max mem: 16337
Epoch: [0]  [1500/1608]  eta: 0:01:08  lr: 0.000020  train_loss: 0.4130 (0.5065)  train_iou: 0.6448 (0.6189)  time: 0.6224  data: 0.0050  max mem: 16337
Epoch: [0]  [1520/1608]  eta: 0:00:56  lr: 0.000020  train_loss: 0.3699 (0.5047)  train_iou: 0.6527 (0.6192)  time: 0.6241  data: 0.0063  max mem: 16337
Epoch: [0]  [1540/1608]  eta: 0:00:43  lr: 0.000020  train_loss: 0.3255 (0.5026)  train_iou: 0.6630 (0.6196)  time: 0.6159  data: 0.0049  max mem: 16337
Epoch: [0]  [1560/1608]  eta: 0:00:30  lr: 0.000020  train_loss: 0.3604 (0.5005)  train_iou: 0.6430 (0.6198)  time: 0.6158  data: 0.0072  max mem: 16337
Epoch: [0]  [1580/1608]  eta: 0:00:17  lr: 0.000020  train_loss: 0.3622 (0.4993)  train_iou: 0.6193 (0.6200)  time: 0.6252  data: 0.0042  max mem: 16337
Epoch: [0]  [1600/1608]  eta: 0:00:05  lr: 0.000020  train_loss: 0.3844 (0.4978)  train_iou: 0.5982 (0.6198)  time: 0.5488  data: 0.0042  max mem: 16337
Epoch: [0]  [1607/1608]  eta: 0:00:00  lr: 0.000020  train_loss: 0.3878 (0.4977)  train_iou: 0.6170 (0.6197)  time: 0.6580  data: 0.0002  max mem: 44320
Epoch: [0] Total time: 0:17:04 (0.6374 s / it)
Averaged stats: lr: 0.000020  train_loss: 0.3878 (0.4996)  train_iou: 0.6170 (0.6180)
huggingface/tokenizers: The current process just got forked, after parallelism has already been used. Disabling parallelism to avoid deadlocks...
To disable this warning, you can either:
	- Avoid using `tokenizers` before the fork if possible
	- Explicitly set the environment variable TOKENIZERS_PARALLELISM=(true | false)
huggingface/tokenizers: The current process just got forked, after parallelism has already been used. Disabling parallelism to avoid deadlocks...
To disable this warning, you can either:
	- Avoid using `tokenizers` before the fork if possible
	- Explicitly set the environment variable TOKENIZERS_PARALLELISM=(true | false)
huggingface/tokenizers: The current process just got forked, after parallelism has already been used. Disabling parallelism to avoid deadlocks...
To disable this warning, you can either:
	- Avoid using `tokenizers` before the fork if possible
	- Explicitly set the environment variable TOKENIZERS_PARALLELISM=(true | false)
huggingface/tokenizers: The current process just got forked, after parallelism has already been used. Disabling parallelism to avoid deadlocks...
To disable this warning, you can either:
	- Avoid using `tokenizers` before the fork if possible
	- Explicitly set the environment variable TOKENIZERS_PARALLELISM=(true | false)
huggingface/tokenizers: The current process just got forked, after parallelism has already been used. Disabling parallelism to avoid deadlocks...
To disable this warning, you can either:
	- Avoid using `tokenizers` before the fork if possible
	- Explicitly set the environment variable TOKENIZERS_PARALLELISM=(true | false)
huggingface/tokenizers: The current process just got forked, after parallelism has already been used. Disabling parallelism to avoid deadlocks...
To disable this warning, you can either:
	- Avoid using `tokenizers` before the fork if possible
	- Explicitly set the environment variable TOKENIZERS_PARALLELISM=(true | false)
huggingface/tokenizers: The current process just got forked, after parallelism has already been used. Disabling parallelism to avoid deadlocks...
To disable this warning, you can either:
	- Avoid using `tokenizers` before the fork if possible
	- Explicitly set the environment variable TOKENIZERS_PARALLELISM=(true | false)
huggingface/tokenizers: The current process just got forked, after parallelism has already been used. Disabling parallelism to avoid deadlocks...
To disable this warning, you can either:
	- Avoid using `tokenizers` before the fork if possible
	- Explicitly set the environment variable TOKENIZERS_PARALLELISM=(true | false)
huggingface/tokenizers: The current process just got forked, after parallelism has already been used. Disabling parallelism to avoid deadlocks...
To disable this warning, you can either:
	- Avoid using `tokenizers` before the fork if possible
	- Explicitly set the environment variable TOKENIZERS_PARALLELISM=(true | false)
huggingface/tokenizers: The current process just got forked, after parallelism has already been used. Disabling parallelism to avoid deadlocks...
To disable this warning, you can either:
	- Avoid using `tokenizers` before the fork if possible
	- Explicitly set the environment variable TOKENIZERS_PARALLELISM=(true | false)
huggingface/tokenizers: The current process just got forked, after parallelism has already been used. Disabling parallelism to avoid deadlocks...
To disable this warning, you can either:
	- Avoid using `tokenizers` before the fork if possible
	- Explicitly set the environment variable TOKENIZERS_PARALLELISM=(true | false)
huggingface/tokenizers: The current process just got forked, after parallelism has already been used. Disabling parallelism to avoid deadlocks...
To disable this warning, you can either:
	- Avoid using `tokenizers` before the fork if possible
	- Explicitly set the environment variable TOKENIZERS_PARALLELISM=(true | false)
huggingface/tokenizers: The current process just got forked, after parallelism has already been used. Disabling parallelism to avoid deadlocks...
To disable this warning, you can either:
	- Avoid using `tokenizers` before the fork if possible
	- Explicitly set the environment variable TOKENIZERS_PARALLELISM=(true | false)
huggingface/tokenizers: The current process just got forked, after parallelism has already been used. Disabling parallelism to avoid deadlocks...
To disable this warning, you can either:
	- Avoid using `tokenizers` before the fork if possible
	- Explicitly set the environment variable TOKENIZERS_PARALLELISM=(true | false)
huggingface/tokenizers: The current process just got forked, after parallelism has already been used. Disabling parallelism to avoid deadlocks...
To disable this warning, you can either:
	- Avoid using `tokenizers` before the fork if possible
	- Explicitly set the environment variable TOKENIZERS_PARALLELISM=(true | false)
huggingface/tokenizers: The current process just got forked, after parallelism has already been used. Disabling parallelism to avoid deadlocks...
To disable this warning, you can either:
	- Avoid using `tokenizers` before the fork if possible
	- Explicitly set the environment variable TOKENIZERS_PARALLELISM=(true | false)
Test:  [   0/4000]  eta: 3:14:41  inter: 33301.0000 (33301.0000)  union: 38980.0000 (38980.0000)  iou: 0.8543 (0.8543)  time: 2.9203  data: 0.7830  max mem: 44320
Test:  [  50/4000]  eta: 0:13:35  inter: 22701.0000 (24388.9531)  union: 48781.0000 (43247.7188)  iou: 0.4945 (0.5495)  time: 0.0925  data: 0.0005  max mem: 44320
Test:  [ 100/4000]  eta: 0:10:57  inter: 18160.0000 (25497.3382)  union: 47177.0000 (43684.9559)  iou: 0.6097 (0.5778)  time: 0.0892  data: 0.0006  max mem: 44320
Test:  [ 150/4000]  eta: 0:09:11  inter: 17885.0000 (24325.8182)  union: 30359.0000 (41018.5981)  iou: 0.8492 (0.5991)  time: 0.0907  data: 0.0011  max mem: 44320
Test:  [ 200/4000]  eta: 0:08:18  inter: 30222.0000 (25034.4139)  union: 36768.0000 (40834.5018)  iou: 0.7053 (0.6072)  time: 0.0964  data: 0.0003  max mem: 44320
Test:  [ 250/4000]  eta: 0:07:42  inter: 15022.0000 (26626.2801)  union: 33165.0000 (42663.1898)  iou: 0.4371 (0.5975)  time: 0.0886  data: 0.0003  max mem: 44320
Test:  [ 300/4000]  eta: 0:07:17  inter: 20329.0000 (26025.5285)  union: 24474.0000 (42223.5409)  iou: 0.7858 (0.5892)  time: 0.0939  data: 0.0005  max mem: 44320
Test:  [ 350/4000]  eta: 0:06:59  inter: 10156.0000 (25126.3409)  union: 33175.0000 (41847.5207)  iou: 0.5849 (0.5795)  time: 0.0960  data: 0.0005  max mem: 44320
Test:  [ 400/4000]  eta: 0:07:02  inter: 30496.0000 (24712.2964)  union: 36336.0000 (41569.5000)  iou: 0.6310 (0.5760)  time: 0.0909  data: 0.0004  max mem: 44320
Test:  [ 450/4000]  eta: 0:06:47  inter: 20165.0000 (24530.8540)  union: 29129.0000 (41302.7143)  iou: 0.6245 (0.5761)  time: 0.0982  data: 0.0007  max mem: 44320
Test:  [ 500/4000]  eta: 0:06:34  inter: 17247.0000 (25007.6576)  union: 36479.0000 (42088.3152)  iou: 0.5904 (0.5763)  time: 0.0903  data: 0.0004  max mem: 44320
Test:  [ 550/4000]  eta: 0:06:24  inter: 23676.0000 (25061.6954)  union: 27793.0000 (41876.8432)  iou: 0.7872 (0.5823)  time: 0.0981  data: 0.0004  max mem: 44320
Test:  [ 600/4000]  eta: 0:06:15  inter: 10797.0000 (25039.4107)  union: 31112.0000 (41675.3396)  iou: 0.8084 (0.5812)  time: 0.0974  data: 0.0004  max mem: 44320
Test:  [ 650/4000]  eta: 0:06:04  inter: 27026.0000 (25601.8232)  union: 41932.0000 (42108.2652)  iou: 0.6842 (0.5810)  time: 0.0932  data: 0.0007  max mem: 44320
Test:  [ 700/4000]  eta: 0:05:55  inter: 14128.0000 (25125.4497)  union: 29018.0000 (41749.8162)  iou: 0.3876 (0.5738)  time: 0.0955  data: 0.0004  max mem: 44320
Test:  [ 750/4000]  eta: 0:05:47  inter: 22808.0000 (25116.0932)  union: 30058.0000 (41731.7108)  iou: 0.7869 (0.5759)  time: 0.0986  data: 0.0004  max mem: 44320
Test:  [ 800/4000]  eta: 0:05:38  inter: 12851.0000 (24898.6973)  union: 46636.0000 (41297.8973)  iou: 0.5620 (0.5771)  time: 0.0932  data: 0.0005  max mem: 44320
Test:  [ 850/4000]  eta: 0:05:31  inter: 21659.0000 (24964.0561)  union: 40660.0000 (41338.7155)  iou: 0.7402 (0.5792)  time: 0.0897  data: 0.0004  max mem: 44320
Test:  [ 900/4000]  eta: 0:05:24  inter: 10253.0000 (24919.7787)  union: 27903.0000 (41464.0775)  iou: 0.4952 (0.5749)  time: 0.0944  data: 0.0006  max mem: 44320
Test:  [ 950/4000]  eta: 0:05:18  inter: 25027.0000 (25043.9820)  union: 30723.0000 (41549.2941)  iou: 0.7715 (0.5752)  time: 0.0980  data: 0.0004  max mem: 44320
Test:  [1000/4000]  eta: 0:05:11  inter: 20746.0000 (25302.9530)  union: 38381.0000 (41710.0848)  iou: 0.8064 (0.5773)  time: 0.0867  data: 0.0008  max mem: 44320
Test:  [1050/4000]  eta: 0:05:04  inter: 22378.0000 (25355.6925)  union: 37400.0000 (41691.7347)  iou: 0.6326 (0.5776)  time: 0.0997  data: 0.0007  max mem: 44320
Test:  [1100/4000]  eta: 0:04:58  inter: 20528.0000 (25250.0742)  union: 31228.0000 (41486.7624)  iou: 0.6163 (0.5775)  time: 0.0914  data: 0.0004  max mem: 44320
Test:  [1150/4000]  eta: 0:04:52  inter: 9885.0000 (25433.5924)  union: 23811.0000 (41356.0354)  iou: 0.4987 (0.5806)  time: 0.0942  data: 0.0005  max mem: 44320
Test:  [1200/4000]  eta: 0:04:45  inter: 9867.0000 (25292.4227)  union: 28909.0000 (41575.2812)  iou: 0.6060 (0.5766)  time: 0.0882  data: 0.0005  max mem: 44320
Test:  [1250/4000]  eta: 0:04:40  inter: 167.0000 (25061.0466)  union: 30686.0000 (41278.5843)  iou: 0.0026 (0.5751)  time: 0.0980  data: 0.0006  max mem: 44320
Test:  [1300/4000]  eta: 0:04:34  inter: 15680.0000 (24856.9656)  union: 37896.0000 (41174.1912)  iou: 0.3982 (0.5761)  time: 0.0905  data: 0.0003  max mem: 44320
Test:  [1350/4000]  eta: 0:04:28  inter: 26221.0000 (24934.2374)  union: 33394.0000 (41122.0600)  iou: 0.8002 (0.5774)  time: 0.0921  data: 0.0010  max mem: 44320
Test:  [1400/4000]  eta: 0:04:22  inter: 9826.0000 (25004.4367)  union: 13834.0000 (41253.0040)  iou: 0.7038 (0.5752)  time: 0.0950  data: 0.0005  max mem: 44320
Test:  [1450/4000]  eta: 0:04:17  inter: 14592.0000 (24979.0494)  union: 34237.0000 (41119.3081)  iou: 0.7123 (0.5754)  time: 0.0949  data: 0.0004  max mem: 44320
Test:  [1500/4000]  eta: 0:04:11  inter: 16371.0000 (24985.4489)  union: 50991.0000 (41226.0473)  iou: 0.3258 (0.5732)  time: 0.0914  data: 0.0005  max mem: 44320
Test:  [1550/4000]  eta: 0:04:06  inter: 11721.0000 (24874.8531)  union: 25932.0000 (41113.9539)  iou: 0.8513 (0.5743)  time: 0.1023  data: 0.0006  max mem: 44320
Test:  [1600/4000]  eta: 0:04:04  inter: 11190.0000 (24756.8625)  union: 25583.0000 (41049.5544)  iou: 0.5522 (0.5713)  time: 0.2172  data: 0.0017  max mem: 44320
Test:  [1650/4000]  eta: 0:03:58  inter: 15960.0000 (24691.3829)  union: 33384.0000 (41065.6501)  iou: 0.4798 (0.5706)  time: 0.0948  data: 0.0005  max mem: 44320
Test:  [1700/4000]  eta: 0:03:53  inter: 16713.0000 (24634.4864)  union: 35770.0000 (41106.2695)  iou: 0.7464 (0.5689)  time: 0.0982  data: 0.0007  max mem: 44320
Test:  [1750/4000]  eta: 0:03:47  inter: 17535.0000 (24567.8975)  union: 37051.0000 (41013.0802)  iou: 0.6340 (0.5680)  time: 0.0988  data: 0.0004  max mem: 44320
Test:  [1800/4000]  eta: 0:03:42  inter: 24335.0000 (24458.2686)  union: 44976.0000 (40961.1567)  iou: 0.3874 (0.5666)  time: 0.0962  data: 0.0005  max mem: 44320
Test:  [1850/4000]  eta: 0:03:36  inter: 629.0000 (24413.5793)  union: 34279.0000 (41054.0272)  iou: 0.2266 (0.5645)  time: 0.0935  data: 0.0004  max mem: 44320
Test:  [1900/4000]  eta: 0:03:31  inter: 36401.0000 (24391.8755)  union: 56381.0000 (40974.9974)  iou: 0.5363 (0.5660)  time: 0.0962  data: 0.0006  max mem: 44320
Test:  [1950/4000]  eta: 0:03:26  inter: 11746.0000 (24350.9062)  union: 16925.0000 (40943.2568)  iou: 0.6864 (0.5657)  time: 0.0960  data: 0.0004  max mem: 44320
Test:  [2000/4000]  eta: 0:03:20  inter: 16032.0000 (24406.9965)  union: 22605.0000 (40918.2766)  iou: 0.6956 (0.5669)  time: 0.0975  data: 0.0010  max mem: 44320
Test:  [2050/4000]  eta: 0:03:15  inter: 7681.0000 (24304.9218)  union: 56227.0000 (40997.7994)  iou: 0.2571 (0.5655)  time: 0.0999  data: 0.0006  max mem: 44320
Test:  [2100/4000]  eta: 0:03:10  inter: 19359.0000 (24302.3156)  union: 34292.0000 (40986.9353)  iou: 0.8191 (0.5660)  time: 0.0881  data: 0.0006  max mem: 44320
Test:  [2150/4000]  eta: 0:03:05  inter: 23880.0000 (24309.3714)  union: 30271.0000 (41007.6134)  iou: 0.7852 (0.5656)  time: 0.0992  data: 0.0014  max mem: 44320
Test:  [2200/4000]  eta: 0:02:59  inter: 14108.0000 (24317.1873)  union: 21485.0000 (40952.7105)  iou: 0.5763 (0.5661)  time: 0.0943  data: 0.0003  max mem: 44320
Test:  [2250/4000]  eta: 0:02:54  inter: 15524.0000 (24178.7785)  union: 37780.0000 (40772.1652)  iou: 0.4866 (0.5646)  time: 0.0942  data: 0.0008  max mem: 44320
Test:  [2300/4000]  eta: 0:02:49  inter: 25271.0000 (24261.1692)  union: 36966.0000 (40742.2860)  iou: 0.5902 (0.5670)  time: 0.0952  data: 0.0003  max mem: 44320
Test:  [2350/4000]  eta: 0:02:44  inter: 17464.0000 (24191.8648)  union: 50272.0000 (40718.4875)  iou: 0.6893 (0.5669)  time: 0.0925  data: 0.0003  max mem: 44320
Test:  [2400/4000]  eta: 0:02:39  inter: 10335.0000 (24243.5000)  union: 33417.0000 (40700.7599)  iou: 0.4474 (0.5675)  time: 0.0988  data: 0.0005  max mem: 44320
Test:  [2450/4000]  eta: 0:02:34  inter: 28766.0000 (24335.9136)  union: 33575.0000 (40748.1703)  iou: 0.7638 (0.5691)  time: 0.0869  data: 0.0006  max mem: 44320
Test:  [2500/4000]  eta: 0:02:29  inter: 24877.0000 (24307.9602)  union: 39732.0000 (40750.6343)  iou: 0.7314 (0.5687)  time: 0.0947  data: 0.0006  max mem: 44320
Test:  [2550/4000]  eta: 0:02:23  inter: 30289.0000 (24414.3031)  union: 37239.0000 (40928.0799)  iou: 0.7660 (0.5690)  time: 0.0975  data: 0.0003  max mem: 44320
Test:  [2600/4000]  eta: 0:02:18  inter: 10356.0000 (24321.2161)  union: 35123.0000 (40863.2904)  iou: 0.3090 (0.5675)  time: 0.0941  data: 0.0007  max mem: 44320
Test:  [2650/4000]  eta: 0:02:13  inter: 16817.0000 (24319.0781)  union: 34263.0000 (41055.2172)  iou: 0.7192 (0.5665)  time: 0.0961  data: 0.0006  max mem: 44320
Test:  [2700/4000]  eta: 0:02:08  inter: 23559.0000 (24398.1097)  union: 30608.0000 (41120.4828)  iou: 0.8238 (0.5676)  time: 0.0913  data: 0.0005  max mem: 44320
Test:  [2750/4000]  eta: 0:02:03  inter: 22851.0000 (24462.9525)  union: 34968.0000 (41269.9208)  iou: 0.6509 (0.5670)  time: 0.0911  data: 0.0003  max mem: 44320
Test:  [2800/4000]  eta: 0:01:58  inter: 14826.0000 (24440.9284)  union: 25367.0000 (41147.2140)  iou: 0.8144 (0.5676)  time: 0.0918  data: 0.0006  max mem: 44320
Test:  [2850/4000]  eta: 0:01:53  inter: 11414.0000 (24560.0813)  union: 32929.0000 (41231.3071)  iou: 0.3232 (0.5671)  time: 0.0918  data: 0.0003  max mem: 44320
Test:  [2900/4000]  eta: 0:01:48  inter: 17155.0000 (24588.9419)  union: 26790.0000 (41323.5735)  iou: 0.7494 (0.5661)  time: 0.0909  data: 0.0005  max mem: 44320
Test:  [2950/4000]  eta: 0:01:43  inter: 19871.0000 (24611.8139)  union: 26573.0000 (41342.4248)  iou: 0.5440 (0.5663)  time: 0.0935  data: 0.0004  max mem: 44320
Test:  [3000/4000]  eta: 0:01:38  inter: 20430.0000 (24573.6658)  union: 32588.0000 (41305.2961)  iou: 0.5606 (0.5656)  time: 0.0948  data: 0.0007  max mem: 44320
Test:  [3050/4000]  eta: 0:01:33  inter: 13650.0000 (24552.9299)  union: 30597.0000 (41343.6175)  iou: 0.4501 (0.5656)  time: 0.0968  data: 0.0004  max mem: 44320
Test:  [3100/4000]  eta: 0:01:28  inter: 22882.0000 (24558.0423)  union: 41974.0000 (41300.6251)  iou: 0.4512 (0.5664)  time: 0.0980  data: 0.0006  max mem: 44320
Test:  [3150/4000]  eta: 0:01:23  inter: 15957.0000 (24455.9917)  union: 22230.0000 (41178.8362)  iou: 0.6470 (0.5661)  time: 0.0979  data: 0.0008  max mem: 44320
Test:  [3200/4000]  eta: 0:01:18  inter: 10668.0000 (24454.3094)  union: 36839.0000 (41194.4950)  iou: 0.6567 (0.5666)  time: 0.0958  data: 0.0006  max mem: 44320
Test:  [3250/4000]  eta: 0:01:13  inter: 15754.0000 (24383.3018)  union: 25733.0000 (41145.9054)  iou: 0.6189 (0.5647)  time: 0.0953  data: 0.0009  max mem: 44320
Test:  [3300/4000]  eta: 0:01:08  inter: 24808.0000 (24476.6231)  union: 47488.0000 (41252.5312)  iou: 0.7989 (0.5641)  time: 0.1018  data: 0.0003  max mem: 44320
Test:  [3350/4000]  eta: 0:01:03  inter: 9726.0000 (24469.7161)  union: 12631.0000 (41264.5906)  iou: 0.7035 (0.5645)  time: 0.0911  data: 0.0004  max mem: 44320
Test:  [3400/4000]  eta: 0:00:58  inter: 23387.0000 (24591.5681)  union: 41941.0000 (41341.7603)  iou: 0.8051 (0.5657)  time: 0.0955  data: 0.0004  max mem: 44320
Test:  [3450/4000]  eta: 0:00:53  inter: 17362.0000 (24594.6331)  union: 31418.0000 (41370.0245)  iou: 0.5286 (0.5657)  time: 0.0939  data: 0.0004  max mem: 44320
Test:  [3500/4000]  eta: 0:00:49  inter: 15220.0000 (24564.9791)  union: 22742.0000 (41280.0280)  iou: 0.4138 (0.5659)  time: 0.0932  data: 0.0004  max mem: 44320
Test:  [3550/4000]  eta: 0:00:44  inter: 27502.0000 (24584.4662)  union: 36880.0000 (41293.5446)  iou: 0.7429 (0.5657)  time: 0.0921  data: 0.0003  max mem: 44320
Test:  [3600/4000]  eta: 0:00:39  inter: 21363.0000 (24508.1730)  union: 37611.0000 (41239.8821)  iou: 0.6818 (0.5645)  time: 0.0912  data: 0.0004  max mem: 44320
Test:  [3650/4000]  eta: 0:00:34  inter: 18440.0000 (24454.5168)  union: 39117.0000 (41224.8808)  iou: 0.4424 (0.5638)  time: 0.1005  data: 0.0008  max mem: 44320
Test:  [3700/4000]  eta: 0:00:29  inter: 20598.0000 (24562.9132)  union: 36352.0000 (41283.5880)  iou: 0.7798 (0.5646)  time: 0.0973  data: 0.0012  max mem: 44320
Test:  [3750/4000]  eta: 0:00:24  inter: 22404.0000 (24596.0534)  union: 44652.0000 (41330.1405)  iou: 0.4885 (0.5653)  time: 0.0945  data: 0.0005  max mem: 44320
Test:  [3800/4000]  eta: 0:00:19  inter: 22069.0000 (24638.2116)  union: 30006.0000 (41320.1778)  iou: 0.6096 (0.5659)  time: 0.0916  data: 0.0004  max mem: 44320
Test:  [3850/4000]  eta: 0:00:14  inter: 21371.0000 (24644.6834)  union: 33848.0000 (41354.7390)  iou: 0.8410 (0.5662)  time: 0.0934  data: 0.0004  max mem: 44320
Test:  [3900/4000]  eta: 0:00:09  inter: 16912.0000 (24657.8527)  union: 33065.0000 (41432.2149)  iou: 0.5178 (0.5657)  time: 0.0927  data: 0.0003  max mem: 44320
Test:  [3950/4000]  eta: 0:00:04  inter: 17612.0000 (24617.4260)  union: 35686.0000 (41370.0559)  iou: 0.6615 (0.5660)  time: 0.0881  data: 0.0007  max mem: 44320
Test:  [3999/4000]  eta: 0:00:00  inter: 15376.0000 (24585.0237)  union: 30983.0000 (41280.0926)  iou: 0.7130 (0.5670)  time: 0.0809  data: 0.0003  max mem: 44320
Test: Total time: 0:06:31 (0.0978 s / it)
* IoU 0.567 oIoU 0.596
IoU of the network on the 4000 test images: 0.6%
huggingface/tokenizers: The current process just got forked, after parallelism has already been used. Disabling parallelism to avoid deadlocks...
To disable this warning, you can either:
	- Avoid using `tokenizers` before the fork if possible
	- Explicitly set the environment variable TOKENIZERS_PARALLELISM=(true | false)
huggingface/tokenizers: The current process just got forked, after parallelism has already been used. Disabling parallelism to avoid deadlocks...
To disable this warning, you can either:
	- Avoid using `tokenizers` before the fork if possible
	- Explicitly set the environment variable TOKENIZERS_PARALLELISM=(true | false)
huggingface/tokenizers: The current process just got forked, after parallelism has already been used. Disabling parallelism to avoid deadlocks...
To disable this warning, you can either:
	- Avoid using `tokenizers` before the fork if possible
	- Explicitly set the environment variable TOKENIZERS_PARALLELISM=(true | false)
huggingface/tokenizers: The current process just got forked, after parallelism has already been used. Disabling parallelism to avoid deadlocks...
To disable this warning, you can either:
	- Avoid using `tokenizers` before the fork if possible
	- Explicitly set the environment variable TOKENIZERS_PARALLELISM=(true | false)
huggingface/tokenizers: The current process just got forked, after parallelism has already been used. Disabling parallelism to avoid deadlocks...
To disable this warning, you can either:
	- Avoid using `tokenizers` before the fork if possible
	- Explicitly set the environment variable TOKENIZERS_PARALLELISM=(true | false)
huggingface/tokenizers: The current process just got forked, after parallelism has already been used. Disabling parallelism to avoid deadlocks...
To disable this warning, you can either:
	- Avoid using `tokenizers` before the fork if possible
	- Explicitly set the environment variable TOKENIZERS_PARALLELISM=(true | false)
huggingface/tokenizers: The current process just got forked, after parallelism has already been used. Disabling parallelism to avoid deadlocks...
To disable this warning, you can either:
	- Avoid using `tokenizers` before the fork if possible
	- Explicitly set the environment variable TOKENIZERS_PARALLELISM=(true | false)
huggingface/tokenizers: The current process just got forked, after parallelism has already been used. Disabling parallelism to avoid deadlocks...
To disable this warning, you can either:
	- Avoid using `tokenizers` before the fork if possible
	- Explicitly set the environment variable TOKENIZERS_PARALLELISM=(true | false)
Max IoU: 0.57%
huggingface/tokenizers: The current process just got forked, after parallelism has already been used. Disabling parallelism to avoid deadlocks...
To disable this warning, you can either:
	- Avoid using `tokenizers` before the fork if possible
	- Explicitly set the environment variable TOKENIZERS_PARALLELISM=(true | false)
huggingface/tokenizers: The current process just got forked, after parallelism has already been used. Disabling parallelism to avoid deadlocks...
To disable this warning, you can either:
	- Avoid using `tokenizers` before the fork if possible
	- Explicitly set the environment variable TOKENIZERS_PARALLELISM=(true | false)
huggingface/tokenizers: The current process just got forked, after parallelism has already been used. Disabling parallelism to avoid deadlocks...
To disable this warning, you can either:
	- Avoid using `tokenizers` before the fork if possible
	- Explicitly set the environment variable TOKENIZERS_PARALLELISM=(true | false)
huggingface/tokenizers: The current process just got forked, after parallelism has already been used. Disabling parallelism to avoid deadlocks...
To disable this warning, you can either:
	- Avoid using `tokenizers` before the fork if possible
	- Explicitly set the environment variable TOKENIZERS_PARALLELISM=(true | false)
huggingface/tokenizers: The current process just got forked, after parallelism has already been used. Disabling parallelism to avoid deadlocks...
To disable this warning, you can either:
	- Avoid using `tokenizers` before the fork if possible
	- Explicitly set the environment variable TOKENIZERS_PARALLELISM=(true | false)
huggingface/tokenizers: The current process just got forked, after parallelism has already been used. Disabling parallelism to avoid deadlocks...
To disable this warning, you can either:
	- Avoid using `tokenizers` before the fork if possible
	- Explicitly set the environment variable TOKENIZERS_PARALLELISM=(true | false)
huggingface/tokenizers: The current process just got forked, after parallelism has already been used. Disabling parallelism to avoid deadlocks...
To disable this warning, you can either:
	- Avoid using `tokenizers` before the fork if possible
	- Explicitly set the environment variable TOKENIZERS_PARALLELISM=(true | false)
huggingface/tokenizers: The current process just got forked, after parallelism has already been used. Disabling parallelism to avoid deadlocks...
To disable this warning, you can either:
	- Avoid using `tokenizers` before the fork if possible
	- Explicitly set the environment variable TOKENIZERS_PARALLELISM=(true | false)
Test:  [   0/4000]  eta: 0:58:30  inter: 33740.0000 (33740.0000)  union: 40568.0000 (40568.0000)  iou: 0.8317 (0.8317)  time: 0.8775  data: 0.6324  max mem: 44320
Test:  [  50/4000]  eta: 0:07:07  inter: 18570.0000 (22582.6719)  union: 49771.0000 (43818.9531)  iou: 0.5084 (0.5299)  time: 0.0963  data: 0.0013  max mem: 44320
Test:  [ 100/4000]  eta: 0:06:46  inter: 19684.0000 (23187.0662)  union: 48302.0000 (44057.8456)  iou: 0.4566 (0.5504)  time: 0.1025  data: 0.0007  max mem: 44320
Test:  [ 150/4000]  eta: 0:06:35  inter: 18801.0000 (22811.0144)  union: 33304.0000 (41582.9617)  iou: 0.8334 (0.5725)  time: 0.1021  data: 0.0005  max mem: 44320
Test:  [ 200/4000]  eta: 0:06:22  inter: 33718.0000 (23677.2784)  union: 37987.0000 (41162.4029)  iou: 0.7479 (0.5861)  time: 0.0937  data: 0.0008  max mem: 44320
Test:  [ 250/4000]  eta: 0:06:10  inter: 15036.0000 (25018.9910)  union: 34362.0000 (43761.2952)  iou: 0.2807 (0.5739)  time: 0.0924  data: 0.0004  max mem: 44320
Test:  [ 300/4000]  eta: 0:06:01  inter: 18321.0000 (24577.8065)  union: 30172.0000 (43620.7940)  iou: 0.5385 (0.5652)  time: 0.0909  data: 0.0006  max mem: 44320
Test:  [ 350/4000]  eta: 0:05:55  inter: 10358.0000 (23774.1033)  union: 31500.0000 (43286.8864)  iou: 0.4414 (0.5565)  time: 0.0988  data: 0.0010  max mem: 44320
Test:  [ 400/4000]  eta: 0:05:49  inter: 29818.0000 (23545.4964)  union: 35759.0000 (42686.9875)  iou: 0.6227 (0.5587)  time: 0.0939  data: 0.0007  max mem: 44320
Test:  [ 450/4000]  eta: 0:05:43  inter: 20239.0000 (23410.3683)  union: 29725.0000 (42252.2079)  iou: 0.6422 (0.5607)  time: 0.0975  data: 0.0003  max mem: 44320
Test:  [ 500/4000]  eta: 0:05:37  inter: 15028.0000 (23742.3582)  union: 31115.0000 (43147.1261)  iou: 0.4900 (0.5572)  time: 0.0916  data: 0.0004  max mem: 44320
Test:  [ 550/4000]  eta: 0:05:33  inter: 15913.0000 (23746.6581)  union: 29593.0000 (42916.0077)  iou: 0.8569 (0.5632)  time: 0.0972  data: 0.0010  max mem: 44320
Test:  [ 600/4000]  eta: 0:05:27  inter: 9853.0000 (23547.2178)  union: 32021.0000 (43071.0615)  iou: 0.8154 (0.5607)  time: 0.0935  data: 0.0006  max mem: 44320
Test:  [ 650/4000]  eta: 0:05:21  inter: 26264.0000 (23922.1635)  union: 42714.0000 (43677.7503)  iou: 0.6313 (0.5595)  time: 0.0914  data: 0.0010  max mem: 44320
Test:  [ 700/4000]  eta: 0:05:16  inter: 14246.0000 (23483.5113)  union: 30924.0000 (43395.1345)  iou: 0.2623 (0.5519)  time: 0.0931  data: 0.0008  max mem: 44320
Test:  [ 750/4000]  eta: 0:05:12  inter: 22840.0000 (23435.4881)  union: 30741.0000 (43239.6603)  iou: 0.7523 (0.5549)  time: 0.0998  data: 0.0004  max mem: 44320
Test:  [ 800/4000]  eta: 0:05:06  inter: 12909.0000 (23244.0536)  union: 48297.0000 (42870.2607)  iou: 0.5117 (0.5559)  time: 0.0947  data: 0.0005  max mem: 44320
Test:  [ 850/4000]  eta: 0:05:01  inter: 21823.0000 (23450.5481)  union: 41213.0000 (42924.7849)  iou: 0.7006 (0.5587)  time: 0.0889  data: 0.0010  max mem: 44320
Test:  [ 900/4000]  eta: 0:04:56  inter: 5846.0000 (23335.5075)  union: 33228.0000 (43152.5423)  iou: 0.4530 (0.5543)  time: 0.0894  data: 0.0005  max mem: 44320
Test:  [ 950/4000]  eta: 0:04:51  inter: 24668.0000 (23308.6864)  union: 31982.0000 (43223.4321)  iou: 0.4764 (0.5537)  time: 0.0943  data: 0.0006  max mem: 44320
Test:  [1000/4000]  eta: 0:04:46  inter: 21229.0000 (23649.7733)  union: 38290.0000 (43404.4875)  iou: 0.8302 (0.5560)  time: 0.0897  data: 0.0003  max mem: 44320
Test:  [1050/4000]  eta: 0:04:41  inter: 22101.0000 (23680.2048)  union: 37686.0000 (43371.8218)  iou: 0.5421 (0.5561)  time: 0.0972  data: 0.0020  max mem: 44320
Test:  [1100/4000]  eta: 0:04:36  inter: 15423.0000 (23523.3952)  union: 28221.0000 (43179.9290)  iou: 0.6081 (0.5559)  time: 0.0909  data: 0.0004  max mem: 44320
Test:  [1150/4000]  eta: 0:04:31  inter: 10384.0000 (23666.7736)  union: 24873.0000 (43150.6830)  iou: 0.4175 (0.5592)  time: 0.0939  data: 0.0006  max mem: 44320
Test:  [1200/4000]  eta: 0:04:27  inter: 13895.0000 (23584.3175)  union: 35053.0000 (43394.2372)  iou: 0.4967 (0.5564)  time: 0.0965  data: 0.0004  max mem: 44320
Test:  [1250/4000]  eta: 0:04:22  inter: 666.0000 (23452.1681)  union: 32890.0000 (43117.0630)  iou: 0.0069 (0.5555)  time: 0.0981  data: 0.0004  max mem: 44320
Test:  [1300/4000]  eta: 0:04:17  inter: 11981.0000 (23285.0186)  union: 36301.0000 (43011.2507)  iou: 0.2908 (0.5568)  time: 0.0962  data: 0.0008  max mem: 44320
Test:  [1350/4000]  eta: 0:04:13  inter: 23016.0000 (23259.5411)  union: 35613.0000 (42978.8589)  iou: 0.7954 (0.5577)  time: 0.0978  data: 0.0005  max mem: 44320
Test:  [1400/4000]  eta: 0:04:08  inter: 10067.0000 (23292.5916)  union: 18387.0000 (43201.6508)  iou: 0.5407 (0.5548)  time: 0.0936  data: 0.0008  max mem: 44320
Test:  [1450/4000]  eta: 0:04:03  inter: 16635.0000 (23297.1584)  union: 47529.0000 (43213.3037)  iou: 0.4659 (0.5549)  time: 0.0906  data: 0.0007  max mem: 44320
Test:  [1500/4000]  eta: 0:03:58  inter: 17749.0000 (23350.9413)  union: 53131.0000 (43407.9536)  iou: 0.4696 (0.5530)  time: 0.0931  data: 0.0004  max mem: 44320
Test:  [1550/4000]  eta: 0:03:53  inter: 12413.0000 (23260.7048)  union: 29501.0000 (43263.6839)  iou: 0.8475 (0.5539)  time: 0.1002  data: 0.0013  max mem: 44320
Test:  [1600/4000]  eta: 0:03:49  inter: 11249.0000 (23142.3230)  union: 26788.0000 (43236.0952)  iou: 0.4448 (0.5507)  time: 0.1013  data: 0.0004  max mem: 44320
Test:  [1650/4000]  eta: 0:03:44  inter: 16220.0000 (23035.2907)  union: 36995.0000 (43227.8152)  iou: 0.4289 (0.5493)  time: 0.0951  data: 0.0012  max mem: 44320
Test:  [1700/4000]  eta: 0:03:39  inter: 17119.0000 (23014.4305)  union: 37111.0000 (43246.0280)  iou: 0.6385 (0.5481)  time: 0.0993  data: 0.0012  max mem: 44320
Test:  [1750/4000]  eta: 0:03:35  inter: 20127.0000 (22971.9226)  union: 33594.0000 (43198.8918)  iou: 0.7512 (0.5477)  time: 0.1003  data: 0.0009  max mem: 44320
Test:  [1800/4000]  eta: 0:03:30  inter: 15652.0000 (22850.8583)  union: 35039.0000 (43050.9054)  iou: 0.2826 (0.5469)  time: 0.1005  data: 0.0011  max mem: 44320
Test:  [1850/4000]  eta: 0:03:25  inter: 460.0000 (22826.5835)  union: 34628.0000 (43065.3881)  iou: 0.2104 (0.5453)  time: 0.0918  data: 0.0004  max mem: 44320
Test:  [1900/4000]  eta: 0:03:21  inter: 39451.0000 (22837.9702)  union: 58617.0000 (42956.4335)  iou: 0.6009 (0.5469)  time: 0.0971  data: 0.0008  max mem: 44320
Test:  [1950/4000]  eta: 0:03:16  inter: 12923.0000 (22770.5860)  union: 18062.0000 (42944.8812)  iou: 0.6997 (0.5466)  time: 0.0959  data: 0.0005  max mem: 44320
Test:  [2000/4000]  eta: 0:03:11  inter: 16437.0000 (22805.9887)  union: 22769.0000 (42888.6438)  iou: 0.8045 (0.5480)  time: 0.0908  data: 0.0004  max mem: 44320
Test:  [2050/4000]  eta: 0:03:06  inter: 7513.0000 (22684.5431)  union: 56319.0000 (42973.5968)  iou: 0.2113 (0.5461)  time: 0.0998  data: 0.0008  max mem: 44320
Test:  [2100/4000]  eta: 0:03:01  inter: 16601.0000 (22676.2832)  union: 32931.0000 (42952.9980)  iou: 0.7322 (0.5463)  time: 0.0869  data: 0.0008  max mem: 44320
Test:  [2150/4000]  eta: 0:02:56  inter: 17270.0000 (22670.6061)  union: 30549.0000 (42972.7775)  iou: 0.6800 (0.5459)  time: 0.0929  data: 0.0005  max mem: 44320
Test:  [2200/4000]  eta: 0:02:51  inter: 14170.0000 (22635.4977)  union: 22348.0000 (42922.0245)  iou: 0.5948 (0.5463)  time: 0.0919  data: 0.0004  max mem: 44320
Test:  [2250/4000]  eta: 0:02:47  inter: 13294.0000 (22558.1142)  union: 38223.0000 (42766.0856)  iou: 0.5411 (0.5453)  time: 0.0921  data: 0.0006  max mem: 44320
Test:  [2300/4000]  eta: 0:02:42  inter: 21873.0000 (22672.7300)  union: 38018.0000 (42751.5966)  iou: 0.6230 (0.5478)  time: 0.1011  data: 0.0006  max mem: 44320
Test:  [2350/4000]  eta: 0:02:37  inter: 15996.0000 (22614.3930)  union: 50754.0000 (42675.8281)  iou: 0.6825 (0.5477)  time: 0.0920  data: 0.0008  max mem: 44320
Test:  [2400/4000]  eta: 0:02:32  inter: 13440.0000 (22669.8777)  union: 34512.0000 (42689.7269)  iou: 0.4547 (0.5484)  time: 0.0994  data: 0.0006  max mem: 44320
Test:  [2450/4000]  eta: 0:02:28  inter: 30342.0000 (22757.2509)  union: 34241.0000 (42712.2203)  iou: 0.7780 (0.5498)  time: 0.0918  data: 0.0016  max mem: 44320
Test:  [2500/4000]  eta: 0:02:23  inter: 24824.0000 (22685.4967)  union: 40133.0000 (42748.9946)  iou: 0.5423 (0.5484)  time: 0.0920  data: 0.0005  max mem: 44320
Test:  [2550/4000]  eta: 0:02:18  inter: 29783.0000 (22772.0014)  union: 37898.0000 (42915.7732)  iou: 0.7929 (0.5484)  time: 0.1013  data: 0.0005  max mem: 44320
Test:  [2600/4000]  eta: 0:02:13  inter: 12593.0000 (22689.9910)  union: 34011.0000 (42857.1142)  iou: 0.2684 (0.5474)  time: 0.0931  data: 0.0004  max mem: 44320
Test:  [2650/4000]  eta: 0:02:08  inter: 10118.0000 (22689.2575)  union: 35258.0000 (43045.3671)  iou: 0.6588 (0.5464)  time: 0.0962  data: 0.0004  max mem: 44320
Test:  [2700/4000]  eta: 0:02:04  inter: 22178.0000 (22783.4659)  union: 31412.0000 (43129.9048)  iou: 0.6442 (0.5475)  time: 0.0960  data: 0.0007  max mem: 44320
Test:  [2750/4000]  eta: 0:01:59  inter: 23180.0000 (22858.1433)  union: 29374.0000 (43260.8660)  iou: 0.6357 (0.5470)  time: 0.0896  data: 0.0007  max mem: 44320
Test:  [2800/4000]  eta: 0:01:54  inter: 14978.0000 (22858.1840)  union: 26514.0000 (43132.8041)  iou: 0.6766 (0.5479)  time: 0.0947  data: 0.0004  max mem: 44320
Test:  [2850/4000]  eta: 0:01:49  inter: 12711.0000 (22993.1084)  union: 34103.0000 (43250.4025)  iou: 0.3334 (0.5474)  time: 0.0929  data: 0.0004  max mem: 44320
Test:  [2900/4000]  eta: 0:01:44  inter: 15209.0000 (22981.9946)  union: 27197.0000 (43305.3967)  iou: 0.5041 (0.5464)  time: 0.0944  data: 0.0007  max mem: 44320
Test:  [2950/4000]  eta: 0:01:40  inter: 20004.0000 (23029.2207)  union: 28913.0000 (43310.1764)  iou: 0.5112 (0.5471)  time: 0.0911  data: 0.0004  max mem: 44320
Test:  [3000/4000]  eta: 0:01:35  inter: 10820.0000 (23002.5531)  union: 33227.0000 (43271.2286)  iou: 0.4168 (0.5465)  time: 0.0992  data: 0.0004  max mem: 44320
Test:  [3050/4000]  eta: 0:01:30  inter: 14010.0000 (22959.8500)  union: 31951.0000 (43301.4538)  iou: 0.4481 (0.5463)  time: 0.0950  data: 0.0006  max mem: 44320
Test:  [3100/4000]  eta: 0:01:25  inter: 20431.0000 (22941.8880)  union: 42504.0000 (43249.9781)  iou: 0.4360 (0.5468)  time: 0.0922  data: 0.0004  max mem: 44320
Test:  [3150/4000]  eta: 0:01:20  inter: 17312.0000 (22872.6147)  union: 23279.0000 (43127.3878)  iou: 0.6114 (0.5472)  time: 0.0910  data: 0.0004  max mem: 44320
Test:  [3200/4000]  eta: 0:01:16  inter: 10983.0000 (22902.8898)  union: 35516.0000 (43155.8936)  iou: 0.6413 (0.5479)  time: 0.0979  data: 0.0006  max mem: 44320
Test:  [3250/4000]  eta: 0:01:11  inter: 15908.0000 (22845.2560)  union: 31568.0000 (43121.4821)  iou: 0.5664 (0.5463)  time: 0.0986  data: 0.0008  max mem: 44320
Test:  [3300/4000]  eta: 0:01:06  inter: 25123.0000 (22906.1575)  union: 44443.0000 (43195.9045)  iou: 0.6593 (0.5454)  time: 0.0990  data: 0.0004  max mem: 44320
Test:  [3350/4000]  eta: 0:01:01  inter: 9760.0000 (22896.5447)  union: 13132.0000 (43199.2110)  iou: 0.5688 (0.5458)  time: 0.0894  data: 0.0003  max mem: 44320
Test:  [3400/4000]  eta: 0:00:57  inter: 26259.0000 (22983.6103)  union: 38927.0000 (43251.3159)  iou: 0.8437 (0.5467)  time: 0.0973  data: 0.0010  max mem: 44320
Test:  [3450/4000]  eta: 0:00:52  inter: 15400.0000 (22972.2262)  union: 30641.0000 (43262.0463)  iou: 0.4627 (0.5466)  time: 0.0933  data: 0.0006  max mem: 44320
Test:  [3500/4000]  eta: 0:00:47  inter: 13323.0000 (22963.1000)  union: 23005.0000 (43163.8309)  iou: 0.4160 (0.5469)  time: 0.0892  data: 0.0008  max mem: 44320
Test:  [3550/4000]  eta: 0:00:42  inter: 17874.0000 (22972.5244)  union: 37985.0000 (43148.7488)  iou: 0.6240 (0.5465)  time: 0.0898  data: 0.0003  max mem: 44320
Test:  [3600/4000]  eta: 0:00:38  inter: 21887.0000 (22920.4279)  union: 39241.0000 (43139.2227)  iou: 0.3904 (0.5453)  time: 0.0946  data: 0.0008  max mem: 44320
Test:  [3650/4000]  eta: 0:00:33  inter: 13995.0000 (22871.0732)  union: 40038.0000 (43122.0557)  iou: 0.4574 (0.5445)  time: 0.0987  data: 0.0014  max mem: 44320
Test:  [3700/4000]  eta: 0:00:28  inter: 20780.0000 (22987.8437)  union: 37147.0000 (43150.8207)  iou: 0.7582 (0.5456)  time: 0.0935  data: 0.0009  max mem: 44320
Test:  [3750/4000]  eta: 0:00:23  inter: 23047.0000 (23028.4227)  union: 42669.0000 (43156.6828)  iou: 0.6350 (0.5467)  time: 0.0917  data: 0.0004  max mem: 44320
Test:  [3800/4000]  eta: 0:00:19  inter: 20955.0000 (23093.9365)  union: 30521.0000 (43141.0282)  iou: 0.5753 (0.5476)  time: 0.0859  data: 0.0005  max mem: 44320
Test:  [3850/4000]  eta: 0:00:14  inter: 21468.0000 (23076.7349)  union: 34630.0000 (43169.4242)  iou: 0.8318 (0.5475)  time: 0.1011  data: 0.0004  max mem: 44320
Test:  [3900/4000]  eta: 0:00:09  inter: 16627.0000 (23070.9568)  union: 35659.0000 (43235.3001)  iou: 0.4867 (0.5467)  time: 0.0991  data: 0.0009  max mem: 44320
Test:  [3950/4000]  eta: 0:00:04  inter: 18095.0000 (23044.3902)  union: 36159.0000 (43171.9439)  iou: 0.6221 (0.5471)  time: 0.0950  data: 0.0009  max mem: 44320
Test:  [3999/4000]  eta: 0:00:00  inter: 15403.0000 (23010.9157)  union: 33755.0000 (43102.2560)  iou: 0.4305 (0.5479)  time: 0.0587  data: 0.0001  max mem: 44320
Test: Total time: 0:06:20 (0.0952 s / it)
* IoU 0.548 oIoU 0.534
huggingface/tokenizers: The current process just got forked, after parallelism has already been used. Disabling parallelism to avoid deadlocks...
To disable this warning, you can either:
	- Avoid using `tokenizers` before the fork if possible
	- Explicitly set the environment variable TOKENIZERS_PARALLELISM=(true | false)
huggingface/tokenizers: The current process just got forked, after parallelism has already been used. Disabling parallelism to avoid deadlocks...
To disable this warning, you can either:
	- Avoid using `tokenizers` before the fork if possible
	- Explicitly set the environment variable TOKENIZERS_PARALLELISM=(true | false)
huggingface/tokenizers: The current process just got forked, after parallelism has already been used. Disabling parallelism to avoid deadlocks...
huggingface/tokenizers: The current process just got forked, after parallelism has already been used. Disabling parallelism to avoid deadlocks...
To disable this warning, you can either:
To disable this warning, you can either:
	- Avoid using `tokenizers` before the fork if possible
	- Explicitly set the environment variable 	- Avoid using `tokenizers` before the fork if possible
	- Explicitly set the environment variable TOKENIZERS_PARALLELISMTOKENIZERS_PARALLELISM=(true | false)
=(true | false)
huggingface/tokenizers: The current process just got forked, after parallelism has already been used. Disabling parallelism to avoid deadlocks...
To disable this warning, you can either:
	- Avoid using `tokenizers` before the fork if possible
	- Explicitly set the environment variable TOKENIZERS_PARALLELISM=(true | false)
huggingface/tokenizers: The current process just got forked, after parallelism has already been used. Disabling parallelism to avoid deadlocks...
To disable this warning, you can either:
	- Avoid using `tokenizers` before the fork if possible
	- Explicitly set the environment variable TOKENIZERS_PARALLELISM=(true | false)
huggingface/tokenizers: The current process just got forked, after parallelism has already been used. Disabling parallelism to avoid deadlocks...
To disable this warning, you can either:
	- Avoid using `tokenizers` before the fork if possible
	- Explicitly set the environment variable TOKENIZERS_PARALLELISM=(true | false)
huggingface/tokenizers: The current process just got forked, after parallelism has already been used. Disabling parallelism to avoid deadlocks...
To disable this warning, you can either:
	- Avoid using `tokenizers` before the fork if possible
	- Explicitly set the environment variable TOKENIZERS_PARALLELISM=(true | false)
huggingface/tokenizers: The current process just got forked, after parallelism has already been used. Disabling parallelism to avoid deadlocks...
To disable this warning, you can either:
	- Avoid using `tokenizers` before the fork if possible
	- Explicitly set the environment variable TOKENIZERS_PARALLELISM=(true | false)
huggingface/tokenizers: The current process just got forked, after parallelism has already been used. Disabling parallelism to avoid deadlocks...
To disable this warning, you can either:
	- Avoid using `tokenizers` before the fork if possible
	- Explicitly set the environment variable TOKENIZERS_PARALLELISM=(true | false)
huggingface/tokenizers: The current process just got forked, after parallelism has already been used. Disabling parallelism to avoid deadlocks...
huggingface/tokenizers: The current process just got forked, after parallelism has already been used. Disabling parallelism to avoid deadlocks...
To disable this warning, you can either:
To disable this warning, you can either:
	- Avoid using `tokenizers` before the fork if possible
	- Explicitly set the environment variable 	- Avoid using `tokenizers` before the fork if possible
	- Explicitly set the environment variable TOKENIZERS_PARALLELISMTOKENIZERS_PARALLELISM=(true | false)
=(true | false)
huggingface/tokenizers: The current process just got forked, after parallelism has already been used. Disabling parallelism to avoid deadlocks...
To disable this warning, you can either:
	- Avoid using `tokenizers` before the fork if possible
	- Explicitly set the environment variable TOKENIZERS_PARALLELISM=(true | false)
huggingface/tokenizers: The current process just got forked, after parallelism has already been used. Disabling parallelism to avoid deadlocks...
To disable this warning, you can either:
	- Avoid using `tokenizers` before the fork if possible
	- Explicitly set the environment variable TOKENIZERS_PARALLELISM=(true | false)
huggingface/tokenizers: The current process just got forked, after parallelism has already been used. Disabling parallelism to avoid deadlocks...
To disable this warning, you can either:
	- Avoid using `tokenizers` before the fork if possible
	- Explicitly set the environment variable TOKENIZERS_PARALLELISM=(true | false)
huggingface/tokenizers: The current process just got forked, after parallelism has already been used. Disabling parallelism to avoid deadlocks...
To disable this warning, you can either:
	- Avoid using `tokenizers` before the fork if possible
	- Explicitly set the environment variable TOKENIZERS_PARALLELISM=(true | false)
Epoch: [1]  [   0/1608]  eta: 3:00:10  lr: 0.000020  train_loss: 0.3473 (0.3473)  train_iou: 0.6206 (0.6206)  time: 6.7230  data: 5.9685  max mem: 44320
Epoch: [1]  [  20/1608]  eta: 0:24:52  lr: 0.000020  train_loss: 0.4111 (0.4221)  train_iou: 0.5788 (0.6133)  time: 0.6510  data: 0.0065  max mem: 44320
Epoch: [1]  [  40/1608]  eta: 0:20:38  lr: 0.000020  train_loss: 0.3485 (0.4070)  train_iou: 0.6482 (0.6167)  time: 0.6317  data: 0.0065  max mem: 44320
Epoch: [1]  [  60/1608]  eta: 0:18:56  lr: 0.000020  train_loss: 0.3189 (0.3941)  train_iou: 0.6457 (0.6249)  time: 0.6202  data: 0.0085  max mem: 44320
Epoch: [1]  [  80/1608]  eta: 0:18:00  lr: 0.000020  train_loss: 0.3617 (0.3977)  train_iou: 0.6064 (0.6213)  time: 0.6244  data: 0.0090  max mem: 44320
Epoch: [1]  [ 100/1608]  eta: 0:17:22  lr: 0.000020  train_loss: 0.3202 (0.3879)  train_iou: 0.6402 (0.6254)  time: 0.6281  data: 0.0096  max mem: 44320
Epoch: [1]  [ 120/1608]  eta: 0:17:23  lr: 0.000020  train_loss: 0.3366 (0.3868)  train_iou: 0.6630 (0.6287)  time: 0.7523  data: 0.0057  max mem: 44320
Epoch: [1]  [ 140/1608]  eta: 0:16:52  lr: 0.000020  train_loss: 0.3554 (0.3848)  train_iou: 0.6237 (0.6272)  time: 0.6175  data: 0.0131  max mem: 44320
Epoch: [1]  [ 160/1608]  eta: 0:16:51  lr: 0.000020  train_loss: 0.3421 (0.3842)  train_iou: 0.6386 (0.6270)  time: 0.7630  data: 0.0103  max mem: 44320
Epoch: [1]  [ 180/1608]  eta: 0:16:26  lr: 0.000020  train_loss: 0.3322 (0.3802)  train_iou: 0.6390 (0.6273)  time: 0.6265  data: 0.0085  max mem: 44320
Epoch: [1]  [ 200/1608]  eta: 0:16:03  lr: 0.000020  train_loss: 0.3575 (0.3777)  train_iou: 0.6289 (0.6298)  time: 0.6250  data: 0.0066  max mem: 44320
Epoch: [1]  [ 220/1608]  eta: 0:15:42  lr: 0.000020  train_loss: 0.3465 (0.3773)  train_iou: 0.6484 (0.6305)  time: 0.6299  data: 0.0079  max mem: 44320
Epoch: [1]  [ 240/1608]  eta: 0:15:23  lr: 0.000020  train_loss: 0.3602 (0.3765)  train_iou: 0.6145 (0.6295)  time: 0.6316  data: 0.0071  max mem: 44320
Epoch: [1]  [ 260/1608]  eta: 0:15:05  lr: 0.000020  train_loss: 0.3105 (0.3730)  train_iou: 0.6156 (0.6288)  time: 0.6292  data: 0.0067  max mem: 44320
Epoch: [1]  [ 280/1608]  eta: 0:14:48  lr: 0.000020  train_loss: 0.3125 (0.3701)  train_iou: 0.6234 (0.6296)  time: 0.6314  data: 0.0091  max mem: 44320
Epoch: [1]  [ 300/1608]  eta: 0:14:30  lr: 0.000020  train_loss: 0.3845 (0.3701)  train_iou: 0.6248 (0.6311)  time: 0.6156  data: 0.0104  max mem: 44320
Epoch: [1]  [ 320/1608]  eta: 0:14:13  lr: 0.000020  train_loss: 0.4101 (0.3735)  train_iou: 0.5997 (0.6296)  time: 0.6201  data: 0.0034  max mem: 44320
Epoch: [1]  [ 340/1608]  eta: 0:13:56  lr: 0.000020  train_loss: 0.3578 (0.3744)  train_iou: 0.5617 (0.6269)  time: 0.6159  data: 0.0076  max mem: 44320
Epoch: [1]  [ 360/1608]  eta: 0:13:41  lr: 0.000020  train_loss: 0.3559 (0.3765)  train_iou: 0.5854 (0.6246)  time: 0.6267  data: 0.0039  max mem: 44320
Epoch: [1]  [ 380/1608]  eta: 0:13:25  lr: 0.000020  train_loss: 0.3110 (0.3749)  train_iou: 0.6428 (0.6251)  time: 0.6260  data: 0.0047  max mem: 44320
Epoch: [1]  [ 400/1608]  eta: 0:13:11  lr: 0.000020  train_loss: 0.3301 (0.3725)  train_iou: 0.6513 (0.6267)  time: 0.6311  data: 0.0071  max mem: 44320
Epoch: [1]  [ 420/1608]  eta: 0:12:56  lr: 0.000020  train_loss: 0.3326 (0.3731)  train_iou: 0.6356 (0.6262)  time: 0.6236  data: 0.0025  max mem: 44320
Epoch: [1]  [ 440/1608]  eta: 0:12:41  lr: 0.000020  train_loss: 0.3241 (0.3717)  train_iou: 0.6577 (0.6282)  time: 0.6227  data: 0.0063  max mem: 44320
Epoch: [1]  [ 460/1608]  eta: 0:12:27  lr: 0.000020  train_loss: 0.2822 (0.3692)  train_iou: 0.6676 (0.6296)  time: 0.6278  data: 0.0095  max mem: 44320
Epoch: [1]  [ 480/1608]  eta: 0:12:13  lr: 0.000020  train_loss: 0.3045 (0.3673)  train_iou: 0.6195 (0.6298)  time: 0.6237  data: 0.0068  max mem: 44320
Epoch: [1]  [ 500/1608]  eta: 0:11:58  lr: 0.000020  train_loss: 0.3147 (0.3660)  train_iou: 0.6193 (0.6301)  time: 0.6212  data: 0.0043  max mem: 44320
Epoch: [1]  [ 520/1608]  eta: 0:11:44  lr: 0.000020  train_loss: 0.3407 (0.3658)  train_iou: 0.6060 (0.6295)  time: 0.6161  data: 0.0074  max mem: 44320
Epoch: [1]  [ 540/1608]  eta: 0:11:30  lr: 0.000020  train_loss: 0.2770 (0.3652)  train_iou: 0.6560 (0.6303)  time: 0.6098  data: 0.0070  max mem: 44320
Epoch: [1]  [ 560/1608]  eta: 0:11:16  lr: 0.000020  train_loss: 0.3754 (0.3655)  train_iou: 0.5793 (0.6294)  time: 0.6167  data: 0.0087  max mem: 44320
Epoch: [1]  [ 580/1608]  eta: 0:11:02  lr: 0.000020  train_loss: 0.3192 (0.3651)  train_iou: 0.6568 (0.6306)  time: 0.6153  data: 0.0050  max mem: 44320
Epoch: [1]  [ 600/1608]  eta: 0:10:48  lr: 0.000020  train_loss: 0.3663 (0.3652)  train_iou: 0.6343 (0.6312)  time: 0.6106  data: 0.0056  max mem: 44320
Epoch: [1]  [ 620/1608]  eta: 0:10:34  lr: 0.000020  train_loss: 0.3416 (0.3646)  train_iou: 0.6090 (0.6314)  time: 0.6156  data: 0.0049  max mem: 44320
Epoch: [1]  [ 640/1608]  eta: 0:10:20  lr: 0.000020  train_loss: 0.2915 (0.3638)  train_iou: 0.6750 (0.6327)  time: 0.6199  data: 0.0073  max mem: 44320
Epoch: [1]  [ 660/1608]  eta: 0:10:07  lr: 0.000020  train_loss: 0.3370 (0.3632)  train_iou: 0.6002 (0.6318)  time: 0.6189  data: 0.0047  max mem: 44320
Epoch: [1]  [ 680/1608]  eta: 0:09:53  lr: 0.000020  train_loss: 0.2993 (0.3620)  train_iou: 0.6157 (0.6312)  time: 0.6180  data: 0.0029  max mem: 44320
Epoch: [1]  [ 700/1608]  eta: 0:09:40  lr: 0.000020  train_loss: 0.3988 (0.3630)  train_iou: 0.5911 (0.6305)  time: 0.6279  data: 0.0092  max mem: 44320
Epoch: [1]  [ 720/1608]  eta: 0:09:27  lr: 0.000020  train_loss: 0.3165 (0.3626)  train_iou: 0.6048 (0.6302)  time: 0.6172  data: 0.0069  max mem: 44320
Epoch: [1]  [ 740/1608]  eta: 0:09:14  lr: 0.000020  train_loss: 0.3177 (0.3618)  train_iou: 0.6442 (0.6312)  time: 0.6228  data: 0.0072  max mem: 44320
Epoch: [1]  [ 760/1608]  eta: 0:09:01  lr: 0.000020  train_loss: 0.2607 (0.3599)  train_iou: 0.6674 (0.6319)  time: 0.6201  data: 0.0038  max mem: 44320
Epoch: [1]  [ 780/1608]  eta: 0:08:47  lr: 0.000020  train_loss: 0.3088 (0.3594)  train_iou: 0.6524 (0.6326)  time: 0.6115  data: 0.0048  max mem: 44320
Epoch: [1]  [ 800/1608]  eta: 0:08:34  lr: 0.000020  train_loss: 0.2880 (0.3584)  train_iou: 0.6514 (0.6331)  time: 0.6097  data: 0.0019  max mem: 44320
Epoch: [1]  [ 820/1608]  eta: 0:08:21  lr: 0.000020  train_loss: 0.2845 (0.3571)  train_iou: 0.6577 (0.6339)  time: 0.6103  data: 0.0074  max mem: 44320
Epoch: [1]  [ 840/1608]  eta: 0:08:08  lr: 0.000020  train_loss: 0.2979 (0.3563)  train_iou: 0.6258 (0.6341)  time: 0.6180  data: 0.0012  max mem: 44320
Epoch: [1]  [ 860/1608]  eta: 0:07:55  lr: 0.000020  train_loss: 0.3235 (0.3559)  train_iou: 0.6409 (0.6339)  time: 0.6166  data: 0.0032  max mem: 44320
Epoch: [1]  [ 880/1608]  eta: 0:07:42  lr: 0.000020  train_loss: 0.3670 (0.3561)  train_iou: 0.6016 (0.6334)  time: 0.6198  data: 0.0050  max mem: 44320
Epoch: [1]  [ 900/1608]  eta: 0:07:29  lr: 0.000020  train_loss: 0.2600 (0.3541)  train_iou: 0.6585 (0.6337)  time: 0.6129  data: 0.0077  max mem: 44320
Epoch: [1]  [ 920/1608]  eta: 0:07:16  lr: 0.000020  train_loss: 0.2912 (0.3535)  train_iou: 0.6639 (0.6342)  time: 0.6161  data: 0.0035  max mem: 44320
Epoch: [1]  [ 940/1608]  eta: 0:07:03  lr: 0.000020  train_loss: 0.3685 (0.3536)  train_iou: 0.6616 (0.6350)  time: 0.6182  data: 0.0081  max mem: 44320
Epoch: [1]  [ 960/1608]  eta: 0:06:50  lr: 0.000020  train_loss: 0.3347 (0.3535)  train_iou: 0.6340 (0.6349)  time: 0.6201  data: 0.0063  max mem: 44320
Epoch: [1]  [ 980/1608]  eta: 0:06:37  lr: 0.000020  train_loss: 0.2742 (0.3527)  train_iou: 0.6725 (0.6354)  time: 0.6212  data: 0.0052  max mem: 44320
Epoch: [1]  [1000/1608]  eta: 0:06:24  lr: 0.000020  train_loss: 0.3036 (0.3524)  train_iou: 0.6402 (0.6351)  time: 0.6180  data: 0.0059  max mem: 44320
Epoch: [1]  [1020/1608]  eta: 0:06:12  lr: 0.000020  train_loss: 0.3383 (0.3526)  train_iou: 0.6411 (0.6350)  time: 0.6252  data: 0.0092  max mem: 44320
Epoch: [1]  [1040/1608]  eta: 0:05:59  lr: 0.000020  train_loss: 0.2821 (0.3522)  train_iou: 0.6756 (0.6360)  time: 0.6133  data: 0.0082  max mem: 44320
Epoch: [1]  [1060/1608]  eta: 0:05:46  lr: 0.000020  train_loss: 0.3207 (0.3521)  train_iou: 0.6215 (0.6356)  time: 0.6191  data: 0.0077  max mem: 44320
Epoch: [1]  [1080/1608]  eta: 0:05:33  lr: 0.000020  train_loss: 0.2441 (0.3510)  train_iou: 0.6488 (0.6356)  time: 0.6248  data: 0.0042  max mem: 44320
Epoch: [1]  [1100/1608]  eta: 0:05:20  lr: 0.000020  train_loss: 0.3657 (0.3514)  train_iou: 0.6498 (0.6357)  time: 0.6065  data: 0.0043  max mem: 44320
Epoch: [1]  [1120/1608]  eta: 0:05:08  lr: 0.000020  train_loss: 0.2990 (0.3508)  train_iou: 0.6720 (0.6359)  time: 0.6213  data: 0.0051  max mem: 44320
Epoch: [1]  [1140/1608]  eta: 0:04:55  lr: 0.000020  train_loss: 0.2967 (0.3499)  train_iou: 0.6680 (0.6364)  time: 0.6230  data: 0.0056  max mem: 44320
Epoch: [1]  [1160/1608]  eta: 0:04:42  lr: 0.000020  train_loss: 0.3207 (0.3502)  train_iou: 0.6097 (0.6364)  time: 0.6116  data: 0.0045  max mem: 44320
Epoch: [1]  [1180/1608]  eta: 0:04:29  lr: 0.000020  train_loss: 0.3108 (0.3497)  train_iou: 0.6307 (0.6366)  time: 0.6275  data: 0.0031  max mem: 44320
Epoch: [1]  [1200/1608]  eta: 0:04:17  lr: 0.000020  train_loss: 0.2983 (0.3495)  train_iou: 0.6069 (0.6363)  time: 0.6150  data: 0.0087  max mem: 44320
Epoch: [1]  [1220/1608]  eta: 0:04:04  lr: 0.000020  train_loss: 0.3383 (0.3495)  train_iou: 0.6515 (0.6364)  time: 0.6139  data: 0.0060  max mem: 44320
Epoch: [1]  [1240/1608]  eta: 0:03:51  lr: 0.000020  train_loss: 0.3395 (0.3493)  train_iou: 0.6697 (0.6367)  time: 0.6122  data: 0.0047  max mem: 44320
Epoch: [1]  [1260/1608]  eta: 0:03:39  lr: 0.000020  train_loss: 0.3149 (0.3490)  train_iou: 0.6373 (0.6370)  time: 0.6176  data: 0.0062  max mem: 44320
Epoch: [1]  [1280/1608]  eta: 0:03:26  lr: 0.000020  train_loss: 0.3349 (0.3492)  train_iou: 0.6096 (0.6368)  time: 0.6186  data: 0.0092  max mem: 44320
Epoch: [1]  [1300/1608]  eta: 0:03:13  lr: 0.000020  train_loss: 0.3246 (0.3488)  train_iou: 0.6464 (0.6372)  time: 0.6166  data: 0.0061  max mem: 44320
Epoch: [1]  [1320/1608]  eta: 0:03:01  lr: 0.000020  train_loss: 0.2879 (0.3485)  train_iou: 0.6339 (0.6371)  time: 0.6129  data: 0.0049  max mem: 44320
Epoch: [1]  [1340/1608]  eta: 0:02:48  lr: 0.000020  train_loss: 0.3601 (0.3493)  train_iou: 0.6336 (0.6370)  time: 0.6064  data: 0.0042  max mem: 44320
Epoch: [1]  [1360/1608]  eta: 0:02:35  lr: 0.000020  train_loss: 0.2940 (0.3486)  train_iou: 0.6803 (0.6375)  time: 0.6153  data: 0.0049  max mem: 44320
Epoch: [1]  [1380/1608]  eta: 0:02:23  lr: 0.000020  train_loss: 0.2326 (0.3473)  train_iou: 0.6578 (0.6378)  time: 0.6203  data: 0.0066  max mem: 44320
Epoch: [1]  [1400/1608]  eta: 0:02:10  lr: 0.000020  train_loss: 0.3456 (0.3478)  train_iou: 0.6072 (0.6377)  time: 0.6119  data: 0.0046  max mem: 44320
Epoch: [1]  [1420/1608]  eta: 0:01:58  lr: 0.000020  train_loss: 0.3561 (0.3480)  train_iou: 0.6243 (0.6380)  time: 0.6124  data: 0.0072  max mem: 44320
Epoch: [1]  [1440/1608]  eta: 0:01:45  lr: 0.000020  train_loss: 0.3116 (0.3480)  train_iou: 0.6577 (0.6381)  time: 0.6090  data: 0.0052  max mem: 44320
Epoch: [1]  [1460/1608]  eta: 0:01:32  lr: 0.000020  train_loss: 0.3136 (0.3481)  train_iou: 0.6489 (0.6380)  time: 0.6204  data: 0.0036  max mem: 44320
Epoch: [1]  [1480/1608]  eta: 0:01:20  lr: 0.000020  train_loss: 0.2852 (0.3476)  train_iou: 0.6813 (0.6387)  time: 0.6122  data: 0.0080  max mem: 44320
Epoch: [1]  [1500/1608]  eta: 0:01:07  lr: 0.000020  train_loss: 0.3271 (0.3477)  train_iou: 0.6469 (0.6387)  time: 0.6190  data: 0.0024  max mem: 44320
Epoch: [1]  [1520/1608]  eta: 0:00:55  lr: 0.000020  train_loss: 0.3620 (0.3476)  train_iou: 0.6279 (0.6387)  time: 0.6136  data: 0.0054  max mem: 44320
Epoch: [1]  [1540/1608]  eta: 0:00:42  lr: 0.000020  train_loss: 0.3154 (0.3479)  train_iou: 0.6103 (0.6385)  time: 0.6207  data: 0.0068  max mem: 44320
Epoch: [1]  [1560/1608]  eta: 0:00:30  lr: 0.000020  train_loss: 0.3160 (0.3478)  train_iou: 0.6473 (0.6389)  time: 0.6258  data: 0.0073  max mem: 44320
Epoch: [1]  [1580/1608]  eta: 0:00:17  lr: 0.000020  train_loss: 0.3701 (0.3484)  train_iou: 0.6421 (0.6388)  time: 0.6190  data: 0.0087  max mem: 44320
Epoch: [1]  [1600/1608]  eta: 0:00:05  lr: 0.000020  train_loss: 0.3048 (0.3479)  train_iou: 0.6280 (0.6387)  time: 0.5488  data: 0.0061  max mem: 44320
Epoch: [1]  [1607/1608]  eta: 0:00:00  lr: 0.000020  train_loss: 0.2600 (0.3477)  train_iou: 0.6375 (0.6388)  time: 0.4855  data: 0.0026  max mem: 44320
Epoch: [1] Total time: 0:16:45 (0.6256 s / it)
Averaged stats: lr: 0.000020  train_loss: 0.2600 (0.3478)  train_iou: 0.6375 (0.6374)
huggingface/tokenizers: The current process just got forked, after parallelism has already been used. Disabling parallelism to avoid deadlocks...
To disable this warning, you can either:
	- Avoid using `tokenizers` before the fork if possible
	- Explicitly set the environment variable TOKENIZERS_PARALLELISM=(true | false)
huggingface/tokenizers: The current process just got forked, after parallelism has already been used. Disabling parallelism to avoid deadlocks...
To disable this warning, you can either:
	- Avoid using `tokenizers` before the fork if possible
	- Explicitly set the environment variable TOKENIZERS_PARALLELISM=(true | false)
huggingface/tokenizers: The current process just got forked, after parallelism has already been used. Disabling parallelism to avoid deadlocks...
To disable this warning, you can either:
	- Avoid using `tokenizers` before the fork if possible
	- Explicitly set the environment variable TOKENIZERS_PARALLELISM=(true | false)
huggingface/tokenizers: The current process just got forked, after parallelism has already been used. Disabling parallelism to avoid deadlocks...
To disable this warning, you can either:
	- Avoid using `tokenizers` before the fork if possible
	- Explicitly set the environment variable TOKENIZERS_PARALLELISM=(true | false)
huggingface/tokenizers: The current process just got forked, after parallelism has already been used. Disabling parallelism to avoid deadlocks...
To disable this warning, you can either:
	- Avoid using `tokenizers` before the fork if possible
	- Explicitly set the environment variable TOKENIZERS_PARALLELISM=(true | false)
huggingface/tokenizers: The current process just got forked, after parallelism has already been used. Disabling parallelism to avoid deadlocks...
To disable this warning, you can either:
	- Avoid using `tokenizers` before the fork if possible
	- Explicitly set the environment variable TOKENIZERS_PARALLELISM=(true | false)
huggingface/tokenizers: The current process just got forked, after parallelism has already been used. Disabling parallelism to avoid deadlocks...
To disable this warning, you can either:
	- Avoid using `tokenizers` before the fork if possible
	- Explicitly set the environment variable TOKENIZERS_PARALLELISM=(true | false)
huggingface/tokenizers: The current process just got forked, after parallelism has already been used. Disabling parallelism to avoid deadlocks...
To disable this warning, you can either:
	- Avoid using `tokenizers` before the fork if possible
	- Explicitly set the environment variable TOKENIZERS_PARALLELISM=(true | false)
huggingface/tokenizers: The current process just got forked, after parallelism has already been used. Disabling parallelism to avoid deadlocks...
To disable this warning, you can either:
	- Avoid using `tokenizers` before the fork if possible
	- Explicitly set the environment variable TOKENIZERS_PARALLELISM=(true | false)
huggingface/tokenizers: The current process just got forked, after parallelism has already been used. Disabling parallelism to avoid deadlocks...
To disable this warning, you can either:
	- Avoid using `tokenizers` before the fork if possible
	- Explicitly set the environment variable TOKENIZERS_PARALLELISM=(true | false)
huggingface/tokenizers: The current process just got forked, after parallelism has already been used. Disabling parallelism to avoid deadlocks...
To disable this warning, you can either:
	- Avoid using `tokenizers` before the fork if possible
	- Explicitly set the environment variable TOKENIZERS_PARALLELISM=(true | false)
huggingface/tokenizers: The current process just got forked, after parallelism has already been used. Disabling parallelism to avoid deadlocks...
To disable this warning, you can either:
	- Avoid using `tokenizers` before the fork if possible
	- Explicitly set the environment variable TOKENIZERS_PARALLELISM=(true | false)
huggingface/tokenizers: The current process just got forked, after parallelism has already been used. Disabling parallelism to avoid deadlocks...
To disable this warning, you can either:
	- Avoid using `tokenizers` before the fork if possible
	- Explicitly set the environment variable TOKENIZERS_PARALLELISM=(true | false)
huggingface/tokenizers: The current process just got forked, after parallelism has already been used. Disabling parallelism to avoid deadlocks...
To disable this warning, you can either:
	- Avoid using `tokenizers` before the fork if possible
	- Explicitly set the environment variable TOKENIZERS_PARALLELISM=(true | false)
huggingface/tokenizers: The current process just got forked, after parallelism has already been used. Disabling parallelism to avoid deadlocks...
To disable this warning, you can either:
	- Avoid using `tokenizers` before the fork if possible
	- Explicitly set the environment variable TOKENIZERS_PARALLELISM=(true | false)
huggingface/tokenizers: The current process just got forked, after parallelism has already been used. Disabling parallelism to avoid deadlocks...
To disable this warning, you can either:
	- Avoid using `tokenizers` before the fork if possible
	- Explicitly set the environment variable TOKENIZERS_PARALLELISM=(true | false)
Test:  [   0/4000]  eta: 0:59:40  inter: 33439.0000 (33439.0000)  union: 37787.0000 (37787.0000)  iou: 0.8849 (0.8849)  time: 0.8951  data: 0.6671  max mem: 44320
Test:  [  50/4000]  eta: 0:07:04  inter: 22910.0000 (24847.2188)  union: 49350.0000 (43267.7656)  iou: 0.5756 (0.5602)  time: 0.0934  data: 0.0006  max mem: 44320
Test:  [ 100/4000]  eta: 0:06:37  inter: 20560.0000 (27031.7426)  union: 47312.0000 (43555.5956)  iou: 0.6936 (0.6009)  time: 0.1002  data: 0.0005  max mem: 44320
Test:  [ 150/4000]  eta: 0:06:29  inter: 18029.0000 (25886.3493)  union: 32632.0000 (40945.8756)  iou: 0.8550 (0.6255)  time: 0.0998  data: 0.0005  max mem: 44320
Test:  [ 200/4000]  eta: 0:06:19  inter: 33616.0000 (26374.4982)  union: 37156.0000 (40561.6996)  iou: 0.9238 (0.6329)  time: 0.0961  data: 0.0004  max mem: 44320
Test:  [ 250/4000]  eta: 0:06:11  inter: 15159.0000 (28143.8614)  union: 33615.0000 (42457.0090)  iou: 0.4564 (0.6243)  time: 0.0952  data: 0.0004  max mem: 44320
Test:  [ 300/4000]  eta: 0:06:06  inter: 20452.0000 (27483.6501)  union: 24465.0000 (42202.4963)  iou: 0.7462 (0.6151)  time: 0.0964  data: 0.0005  max mem: 44320
Test:  [ 350/4000]  eta: 0:06:01  inter: 9432.0000 (26414.9483)  union: 30490.0000 (41874.6756)  iou: 0.4519 (0.6017)  time: 0.0992  data: 0.0009  max mem: 44320
Test:  [ 400/4000]  eta: 0:05:55  inter: 30858.0000 (25892.3482)  union: 36812.0000 (41686.5339)  iou: 0.6334 (0.5990)  time: 0.0967  data: 0.0004  max mem: 44320
Test:  [ 450/4000]  eta: 0:05:49  inter: 13020.0000 (25697.0571)  union: 29171.0000 (41329.6810)  iou: 0.6338 (0.5993)  time: 0.0997  data: 0.0005  max mem: 44320
Test:  [ 500/4000]  eta: 0:05:43  inter: 17126.0000 (26303.8181)  union: 27666.0000 (42132.4269)  iou: 0.5806 (0.5984)  time: 0.0871  data: 0.0004  max mem: 44320
Test:  [ 550/4000]  eta: 0:05:37  inter: 23986.0000 (26299.8843)  union: 27717.0000 (41862.8817)  iou: 0.8527 (0.6036)  time: 0.0969  data: 0.0006  max mem: 44320
Test:  [ 600/4000]  eta: 0:05:31  inter: 11051.0000 (26279.3124)  union: 31345.0000 (41691.3491)  iou: 0.7999 (0.6024)  time: 0.0926  data: 0.0008  max mem: 44320
Test:  [ 650/4000]  eta: 0:05:25  inter: 30356.0000 (26823.9138)  union: 42239.0000 (42142.2519)  iou: 0.7935 (0.6024)  time: 0.0908  data: 0.0008  max mem: 44320
Test:  [ 700/4000]  eta: 0:05:20  inter: 13981.0000 (26305.5708)  union: 28888.0000 (41787.0626)  iou: 0.4057 (0.5944)  time: 0.0934  data: 0.0005  max mem: 44320
Test:  [ 750/4000]  eta: 0:05:15  inter: 24734.0000 (26387.6451)  union: 30309.0000 (41827.0457)  iou: 0.8167 (0.5980)  time: 0.0971  data: 0.0008  max mem: 44320
Test:  [ 800/4000]  eta: 0:05:09  inter: 12799.0000 (26111.8812)  union: 47015.0000 (41294.6652)  iou: 0.5603 (0.5982)  time: 0.0964  data: 0.0006  max mem: 44320
Test:  [ 850/4000]  eta: 0:05:04  inter: 21915.0000 (26186.2502)  union: 39782.0000 (41410.2636)  iou: 0.7810 (0.5996)  time: 0.0895  data: 0.0006  max mem: 44320
Test:  [ 900/4000]  eta: 0:04:58  inter: 10186.0000 (26240.3802)  union: 28139.0000 (41566.6016)  iou: 0.6661 (0.5961)  time: 0.0931  data: 0.0004  max mem: 44320
Test:  [ 950/4000]  eta: 0:04:53  inter: 25105.0000 (26463.3256)  union: 30931.0000 (41597.3466)  iou: 0.8491 (0.5969)  time: 0.0979  data: 0.0026  max mem: 44320
Test:  [1000/4000]  eta: 0:04:49  inter: 22541.0000 (26731.0577)  union: 37770.0000 (41780.2281)  iou: 0.7826 (0.5992)  time: 0.0976  data: 0.0018  max mem: 44320
Test:  [1050/4000]  eta: 0:04:44  inter: 23373.0000 (26766.1007)  union: 38451.0000 (41773.6497)  iou: 0.6967 (0.5985)  time: 0.0979  data: 0.0005  max mem: 44320
Test:  [1100/4000]  eta: 0:04:39  inter: 22595.0000 (26641.9069)  union: 27671.0000 (41577.9564)  iou: 0.7026 (0.5982)  time: 0.0968  data: 0.0004  max mem: 44320
Test:  [1150/4000]  eta: 0:04:34  inter: 10042.0000 (26775.6582)  union: 23894.0000 (41404.7792)  iou: 0.5065 (0.6005)  time: 0.0996  data: 0.0004  max mem: 44320
Test:  [1200/4000]  eta: 0:04:29  inter: 10028.0000 (26728.4649)  union: 29307.0000 (41571.0386)  iou: 0.7969 (0.5971)  time: 0.0932  data: 0.0011  max mem: 44320
Test:  [1250/4000]  eta: 0:04:24  inter: 129.0000 (26451.8552)  union: 30903.0000 (41281.2226)  iou: 0.0038 (0.5950)  time: 0.0983  data: 0.0008  max mem: 44320
Test:  [1300/4000]  eta: 0:04:19  inter: 17812.0000 (26223.1283)  union: 35721.0000 (41202.6128)  iou: 0.3722 (0.5954)  time: 0.0935  data: 0.0005  max mem: 44320
Test:  [1350/4000]  eta: 0:04:14  inter: 25620.0000 (26291.9253)  union: 33842.0000 (41157.9947)  iou: 0.7824 (0.5965)  time: 0.0909  data: 0.0008  max mem: 44320
Test:  [1400/4000]  eta: 0:04:10  inter: 9983.0000 (26399.4241)  union: 13033.0000 (41336.8608)  iou: 0.7577 (0.5942)  time: 0.1003  data: 0.0004  max mem: 44320
Test:  [1450/4000]  eta: 0:04:05  inter: 16132.0000 (26348.8328)  union: 46061.0000 (41251.3990)  iou: 0.6248 (0.5938)  time: 0.0955  data: 0.0004  max mem: 44320
Test:  [1500/4000]  eta: 0:04:00  inter: 17695.0000 (26371.6310)  union: 52832.0000 (41394.7422)  iou: 0.4152 (0.5916)  time: 0.0948  data: 0.0004  max mem: 44320
Test:  [1550/4000]  eta: 0:03:55  inter: 11391.0000 (26250.1693)  union: 26171.0000 (41325.2892)  iou: 0.8495 (0.5923)  time: 0.1013  data: 0.0006  max mem: 44320
Test:  [1600/4000]  eta: 0:03:50  inter: 12444.0000 (26123.5624)  union: 25853.0000 (41254.5108)  iou: 0.7025 (0.5894)  time: 0.1031  data: 0.0004  max mem: 44320
Test:  [1650/4000]  eta: 0:03:45  inter: 16759.0000 (26107.7264)  union: 33543.0000 (41292.5888)  iou: 0.4769 (0.5890)  time: 0.0936  data: 0.0004  max mem: 44320
Test:  [1700/4000]  eta: 0:03:40  inter: 16905.0000 (26053.3709)  union: 35476.0000 (41352.4093)  iou: 0.8056 (0.5873)  time: 0.0947  data: 0.0004  max mem: 44320
Test:  [1750/4000]  eta: 0:03:36  inter: 19549.0000 (25982.5130)  union: 32854.0000 (41246.4907)  iou: 0.7608 (0.5867)  time: 0.1019  data: 0.0004  max mem: 44320
Test:  [1800/4000]  eta: 0:03:31  inter: 21567.0000 (25866.2525)  union: 45159.0000 (41186.6243)  iou: 0.6013 (0.5852)  time: 0.0990  data: 0.0007  max mem: 44320
Test:  [1850/4000]  eta: 0:03:26  inter: 639.0000 (25827.6057)  union: 34505.0000 (41254.1713)  iou: 0.2258 (0.5833)  time: 0.0992  data: 0.0006  max mem: 44320
Test:  [1900/4000]  eta: 0:03:22  inter: 31925.0000 (25765.0432)  union: 57784.0000 (41169.6701)  iou: 0.5802 (0.5842)  time: 0.1005  data: 0.0012  max mem: 44320
Test:  [1950/4000]  eta: 0:03:17  inter: 12046.0000 (25722.1978)  union: 17079.0000 (41130.7613)  iou: 0.7057 (0.5843)  time: 0.0991  data: 0.0012  max mem: 44320
Test:  [2000/4000]  eta: 0:03:12  inter: 15998.0000 (25769.8739)  union: 22438.0000 (41096.5715)  iou: 0.7784 (0.5856)  time: 0.0914  data: 0.0006  max mem: 44320
Test:  [2050/4000]  eta: 0:03:07  inter: 7508.0000 (25652.6571)  union: 56225.0000 (41200.9921)  iou: 0.2147 (0.5837)  time: 0.1018  data: 0.0004  max mem: 44320
Test:  [2100/4000]  eta: 0:03:02  inter: 20359.0000 (25638.5856)  union: 34522.0000 (41163.8570)  iou: 0.8194 (0.5844)  time: 0.0905  data: 0.0003  max mem: 44320
Test:  [2150/4000]  eta: 0:02:57  inter: 24131.0000 (25640.4397)  union: 30439.0000 (41186.6055)  iou: 0.7754 (0.5841)  time: 0.0944  data: 0.0006  max mem: 44320
Test:  [2200/4000]  eta: 0:02:53  inter: 14113.0000 (25630.6995)  union: 21390.0000 (41133.7070)  iou: 0.5877 (0.5843)  time: 0.0935  data: 0.0005  max mem: 44320
Test:  [2250/4000]  eta: 0:02:48  inter: 12013.0000 (25480.6828)  union: 38108.0000 (40974.2313)  iou: 0.5380 (0.5826)  time: 0.0851  data: 0.0003  max mem: 44320
Test:  [2300/4000]  eta: 0:02:43  inter: 25797.0000 (25559.4505)  union: 37550.0000 (40949.6940)  iou: 0.6253 (0.5848)  time: 0.0993  data: 0.0005  max mem: 44320
Test:  [2350/4000]  eta: 0:02:38  inter: 15780.0000 (25490.1081)  union: 50078.0000 (40928.3927)  iou: 0.6980 (0.5847)  time: 0.1071  data: 0.0010  max mem: 44320
Test:  [2400/4000]  eta: 0:02:33  inter: 14265.0000 (25533.3848)  union: 33048.0000 (40892.5006)  iou: 0.4451 (0.5852)  time: 0.0964  data: 0.0003  max mem: 44320
Test:  [2450/4000]  eta: 0:02:28  inter: 29074.0000 (25612.6719)  union: 33427.0000 (40935.7280)  iou: 0.8740 (0.5867)  time: 0.0917  data: 0.0004  max mem: 44320
Test:  [2500/4000]  eta: 0:02:24  inter: 29699.0000 (25581.5729)  union: 42478.0000 (40943.3984)  iou: 0.7448 (0.5863)  time: 0.0919  data: 0.0003  max mem: 44320
Test:  [2550/4000]  eta: 0:02:19  inter: 30005.0000 (25685.8475)  union: 37111.0000 (41111.5850)  iou: 0.7679 (0.5866)  time: 0.1009  data: 0.0006  max mem: 44320
Test:  [2600/4000]  eta: 0:02:14  inter: 10438.0000 (25607.7320)  union: 35282.0000 (41063.4773)  iou: 0.5314 (0.5849)  time: 0.1020  data: 0.0010  max mem: 44320
Test:  [2650/4000]  eta: 0:02:09  inter: 16937.0000 (25605.7307)  union: 34565.0000 (41269.7777)  iou: 0.8222 (0.5840)  time: 0.0959  data: 0.0009  max mem: 44320
Test:  [2700/4000]  eta: 0:02:05  inter: 26777.0000 (25687.3821)  union: 30634.0000 (41345.7594)  iou: 0.8634 (0.5850)  time: 0.0953  data: 0.0004  max mem: 44320
Test:  [2750/4000]  eta: 0:02:00  inter: 22935.0000 (25760.8438)  union: 34910.0000 (41497.0077)  iou: 0.7194 (0.5844)  time: 0.0966  data: 0.0007  max mem: 44320
Test:  [2800/4000]  eta: 0:01:55  inter: 14401.0000 (25736.3462)  union: 26438.0000 (41372.3756)  iou: 0.8243 (0.5849)  time: 0.0979  data: 0.0005  max mem: 44320
Test:  [2850/4000]  eta: 0:01:50  inter: 12425.0000 (25842.5566)  union: 33148.0000 (41457.8300)  iou: 0.3280 (0.5841)  time: 0.0951  data: 0.0006  max mem: 44320
Test:  [2900/4000]  eta: 0:01:45  inter: 17690.0000 (25868.5474)  union: 26848.0000 (41544.3835)  iou: 0.8079 (0.5830)  time: 0.0916  data: 0.0004  max mem: 44320
Test:  [2950/4000]  eta: 0:01:41  inter: 19948.0000 (25890.9834)  union: 27051.0000 (41567.5154)  iou: 0.5391 (0.5831)  time: 0.0944  data: 0.0009  max mem: 44320
Test:  [3000/4000]  eta: 0:01:36  inter: 21143.0000 (25847.3153)  union: 32703.0000 (41529.8554)  iou: 0.6122 (0.5824)  time: 0.1007  data: 0.0012  max mem: 44320
Test:  [3050/4000]  eta: 0:01:31  inter: 13557.0000 (25829.7956)  union: 29321.0000 (41567.9870)  iou: 0.4681 (0.5826)  time: 0.0931  data: 0.0005  max mem: 44320
Test:  [3100/4000]  eta: 0:01:26  inter: 18055.0000 (25829.5246)  union: 42171.0000 (41534.3575)  iou: 0.4488 (0.5833)  time: 0.0956  data: 0.0003  max mem: 44320
Test:  [3150/4000]  eta: 0:01:21  inter: 12491.0000 (25706.6131)  union: 21863.0000 (41405.3051)  iou: 0.4936 (0.5826)  time: 0.0919  data: 0.0005  max mem: 44320
Test:  [3200/4000]  eta: 0:01:16  inter: 12048.0000 (25706.0602)  union: 39008.0000 (41422.4802)  iou: 0.6174 (0.5830)  time: 0.0963  data: 0.0005  max mem: 44320
Test:  [3250/4000]  eta: 0:01:12  inter: 15079.0000 (25652.6140)  union: 25626.0000 (41389.6919)  iou: 0.5941 (0.5814)  time: 0.0963  data: 0.0003  max mem: 44320
Test:  [3300/4000]  eta: 0:01:07  inter: 24977.0000 (25738.1215)  union: 47239.0000 (41489.8433)  iou: 0.8261 (0.5806)  time: 0.0977  data: 0.0013  max mem: 44320
Test:  [3350/4000]  eta: 0:01:02  inter: 9632.0000 (25729.7936)  union: 12649.0000 (41495.0468)  iou: 0.7234 (0.5809)  time: 0.0923  data: 0.0004  max mem: 44320
Test:  [3400/4000]  eta: 0:00:57  inter: 25085.0000 (25851.0887)  union: 39073.0000 (41545.9647)  iou: 0.8546 (0.5823)  time: 0.1051  data: 0.0008  max mem: 44320
Test:  [3450/4000]  eta: 0:00:52  inter: 17623.0000 (25850.1711)  union: 31363.0000 (41575.0411)  iou: 0.4528 (0.5822)  time: 0.0942  data: 0.0003  max mem: 44320
Test:  [3500/4000]  eta: 0:00:48  inter: 15251.0000 (25819.5894)  union: 22260.0000 (41488.6176)  iou: 0.4219 (0.5824)  time: 0.0914  data: 0.0005  max mem: 44320
Test:  [3550/4000]  eta: 0:00:43  inter: 18122.0000 (25825.5928)  union: 37160.0000 (41502.5798)  iou: 0.7240 (0.5820)  time: 0.0993  data: 0.0005  max mem: 44320
Test:  [3600/4000]  eta: 0:00:38  inter: 21525.0000 (25769.8624)  union: 38829.0000 (41460.7761)  iou: 0.7175 (0.5808)  time: 0.0922  data: 0.0003  max mem: 44320
Test:  [3650/4000]  eta: 0:00:33  inter: 18609.0000 (25715.9470)  union: 38771.0000 (41441.5575)  iou: 0.4484 (0.5801)  time: 0.1012  data: 0.0004  max mem: 44320
Test:  [3700/4000]  eta: 0:00:28  inter: 23926.0000 (25826.9966)  union: 39829.0000 (41490.3762)  iou: 0.7465 (0.5812)  time: 0.0944  data: 0.0014  max mem: 44320
Test:  [3750/4000]  eta: 0:00:24  inter: 22841.0000 (25873.8912)  union: 44346.0000 (41544.0422)  iou: 0.5450 (0.5820)  time: 0.0919  data: 0.0009  max mem: 44320
Test:  [3800/4000]  eta: 0:00:19  inter: 22268.0000 (25904.9473)  union: 29796.0000 (41532.2279)  iou: 0.6274 (0.5824)  time: 0.0857  data: 0.0011  max mem: 44320
Test:  [3850/4000]  eta: 0:00:14  inter: 21609.0000 (25908.8047)  union: 33936.0000 (41567.8091)  iou: 0.8688 (0.5826)  time: 0.0980  data: 0.0024  max mem: 44320
Test:  [3900/4000]  eta: 0:00:09  inter: 18704.0000 (25935.4482)  union: 29732.0000 (41656.9953)  iou: 0.5860 (0.5822)  time: 0.1013  data: 0.0011  max mem: 44320
Test:  [3950/4000]  eta: 0:00:04  inter: 17708.0000 (25897.9425)  union: 30070.0000 (41588.7301)  iou: 0.6716 (0.5826)  time: 0.0920  data: 0.0004  max mem: 44320
Test:  [3999/4000]  eta: 0:00:00  inter: 15317.0000 (25853.3345)  union: 31111.0000 (41491.9764)  iou: 0.7206 (0.5835)  time: 0.0778  data: 0.0002  max mem: 44320
Test: Total time: 0:06:25 (0.0963 s / it)
* IoU 0.583 oIoU 0.623
IoU of the network on the 4000 test images: 0.6%
huggingface/tokenizers: The current process just got forked, after parallelism has already been used. Disabling parallelism to avoid deadlocks...
To disable this warning, you can either:
	- Avoid using `tokenizers` before the fork if possible
	- Explicitly set the environment variable TOKENIZERS_PARALLELISM=(true | false)
huggingface/tokenizers: The current process just got forked, after parallelism has already been used. Disabling parallelism to avoid deadlocks...
To disable this warning, you can either:
	- Avoid using `tokenizers` before the fork if possible
	- Explicitly set the environment variable TOKENIZERS_PARALLELISM=(true | false)
huggingface/tokenizers: The current process just got forked, after parallelism has already been used. Disabling parallelism to avoid deadlocks...
To disable this warning, you can either:
	- Avoid using `tokenizers` before the fork if possible
	- Explicitly set the environment variable TOKENIZERS_PARALLELISM=(true | false)
huggingface/tokenizers: The current process just got forked, after parallelism has already been used. Disabling parallelism to avoid deadlocks...
To disable this warning, you can either:
	- Avoid using `tokenizers` before the fork if possible
	- Explicitly set the environment variable TOKENIZERS_PARALLELISM=(true | false)
huggingface/tokenizers: The current process just got forked, after parallelism has already been used. Disabling parallelism to avoid deadlocks...
To disable this warning, you can either:
	- Avoid using `tokenizers` before the fork if possible
	- Explicitly set the environment variable TOKENIZERS_PARALLELISM=(true | false)
huggingface/tokenizers: The current process just got forked, after parallelism has already been used. Disabling parallelism to avoid deadlocks...
To disable this warning, you can either:
	- Avoid using `tokenizers` before the fork if possible
	- Explicitly set the environment variable TOKENIZERS_PARALLELISM=(true | false)
huggingface/tokenizers: The current process just got forked, after parallelism has already been used. Disabling parallelism to avoid deadlocks...
To disable this warning, you can either:
	- Avoid using `tokenizers` before the fork if possible
	- Explicitly set the environment variable TOKENIZERS_PARALLELISM=(true | false)
huggingface/tokenizers: The current process just got forked, after parallelism has already been used. Disabling parallelism to avoid deadlocks...
To disable this warning, you can either:
	- Avoid using `tokenizers` before the fork if possible
	- Explicitly set the environment variable TOKENIZERS_PARALLELISM=(true | false)
Max IoU: 0.58%
huggingface/tokenizers: The current process just got forked, after parallelism has already been used. Disabling parallelism to avoid deadlocks...
To disable this warning, you can either:
	- Avoid using `tokenizers` before the fork if possible
	- Explicitly set the environment variable TOKENIZERS_PARALLELISM=(true | false)
huggingface/tokenizers: The current process just got forked, after parallelism has already been used. Disabling parallelism to avoid deadlocks...
To disable this warning, you can either:
	- Avoid using `tokenizers` before the fork if possible
	- Explicitly set the environment variable TOKENIZERS_PARALLELISM=(true | false)
huggingface/tokenizers: The current process just got forked, after parallelism has already been used. Disabling parallelism to avoid deadlocks...
To disable this warning, you can either:
	- Avoid using `tokenizers` before the fork if possible
	- Explicitly set the environment variable TOKENIZERS_PARALLELISM=(true | false)
huggingface/tokenizers: The current process just got forked, after parallelism has already been used. Disabling parallelism to avoid deadlocks...
To disable this warning, you can either:
	- Avoid using `tokenizers` before the fork if possible
	- Explicitly set the environment variable TOKENIZERS_PARALLELISM=(true | false)
huggingface/tokenizers: The current process just got forked, after parallelism has already been used. Disabling parallelism to avoid deadlocks...
To disable this warning, you can either:
	- Avoid using `tokenizers` before the fork if possible
	- Explicitly set the environment variable TOKENIZERS_PARALLELISM=(true | false)
huggingface/tokenizers: The current process just got forked, after parallelism has already been used. Disabling parallelism to avoid deadlocks...
To disable this warning, you can either:
	- Avoid using `tokenizers` before the fork if possible
	- Explicitly set the environment variable TOKENIZERS_PARALLELISM=(true | false)
huggingface/tokenizers: The current process just got forked, after parallelism has already been used. Disabling parallelism to avoid deadlocks...
To disable this warning, you can either:
	- Avoid using `tokenizers` before the fork if possible
	- Explicitly set the environment variable TOKENIZERS_PARALLELISM=(true | false)
huggingface/tokenizers: The current process just got forked, after parallelism has already been used. Disabling parallelism to avoid deadlocks...
To disable this warning, you can either:
	- Avoid using `tokenizers` before the fork if possible
	- Explicitly set the environment variable TOKENIZERS_PARALLELISM=(true | false)
Test:  [   0/4000]  eta: 1:06:24  inter: 33886.0000 (33886.0000)  union: 42282.0000 (42282.0000)  iou: 0.8014 (0.8014)  time: 0.9962  data: 0.6939  max mem: 44320
Test:  [  50/4000]  eta: 0:07:16  inter: 18939.0000 (22955.5625)  union: 50493.0000 (44362.2188)  iou: 0.4983 (0.5257)  time: 0.0910  data: 0.0003  max mem: 44320
Test:  [ 100/4000]  eta: 0:06:39  inter: 19832.0000 (23624.9559)  union: 49637.0000 (44808.6691)  iou: 0.4534 (0.5445)  time: 0.0892  data: 0.0012  max mem: 44320
Test:  [ 150/4000]  eta: 0:06:26  inter: 19248.0000 (23197.8995)  union: 33759.0000 (42318.6603)  iou: 0.7975 (0.5663)  time: 0.0991  data: 0.0012  max mem: 44320
Test:  [ 200/4000]  eta: 0:06:10  inter: 33874.0000 (24108.8352)  union: 38868.0000 (41851.6703)  iou: 0.7471 (0.5805)  time: 0.0885  data: 0.0007  max mem: 44320
Test:  [ 250/4000]  eta: 0:06:01  inter: 15186.0000 (25429.0964)  union: 35179.0000 (44353.0120)  iou: 0.2782 (0.5691)  time: 0.0948  data: 0.0012  max mem: 44320
Test:  [ 300/4000]  eta: 0:05:54  inter: 18390.0000 (25035.8834)  union: 30509.0000 (44231.0050)  iou: 0.5428 (0.5611)  time: 0.0915  data: 0.0004  max mem: 44320
Test:  [ 350/4000]  eta: 0:05:51  inter: 10880.0000 (24224.4029)  union: 32876.0000 (43974.0041)  iou: 0.4331 (0.5518)  time: 0.1001  data: 0.0011  max mem: 44320
Test:  [ 400/4000]  eta: 0:05:45  inter: 30038.0000 (23983.1411)  union: 36487.0000 (43434.4768)  iou: 0.6168 (0.5533)  time: 0.0860  data: 0.0004  max mem: 44320
Test:  [ 450/4000]  eta: 0:05:40  inter: 21094.0000 (23833.5476)  union: 30058.0000 (43000.1048)  iou: 0.6450 (0.5552)  time: 0.1003  data: 0.0012  max mem: 44320
Test:  [ 500/4000]  eta: 0:05:35  inter: 15263.0000 (24164.2264)  union: 34335.0000 (43907.1017)  iou: 0.4897 (0.5519)  time: 0.0973  data: 0.0015  max mem: 44320
Test:  [ 550/4000]  eta: 0:05:31  inter: 16065.0000 (24183.1787)  union: 30254.0000 (43591.3997)  iou: 0.8354 (0.5582)  time: 0.0954  data: 0.0014  max mem: 44320
Test:  [ 600/4000]  eta: 0:05:26  inter: 10034.0000 (23998.6935)  union: 32632.0000 (43721.4142)  iou: 0.8184 (0.5558)  time: 0.0928  data: 0.0004  max mem: 44320
Test:  [ 650/4000]  eta: 0:05:20  inter: 26369.0000 (24388.1812)  union: 43403.0000 (44280.7912)  iou: 0.5315 (0.5550)  time: 0.0931  data: 0.0012  max mem: 44320
Test:  [ 700/4000]  eta: 0:05:15  inter: 14496.0000 (23940.3460)  union: 30212.0000 (43970.9199)  iou: 0.2625 (0.5474)  time: 0.0909  data: 0.0008  max mem: 44320
Test:  [ 750/4000]  eta: 0:05:10  inter: 22927.0000 (23916.2702)  union: 31419.0000 (43855.8906)  iou: 0.7322 (0.5503)  time: 0.0986  data: 0.0004  max mem: 44320
Test:  [ 800/4000]  eta: 0:05:06  inter: 13204.0000 (23716.8652)  union: 49777.0000 (43479.7866)  iou: 0.5741 (0.5510)  time: 0.1013  data: 0.0004  max mem: 44320
Test:  [ 850/4000]  eta: 0:05:01  inter: 22029.0000 (23920.6979)  union: 43085.0000 (43566.7339)  iou: 0.7020 (0.5537)  time: 0.0891  data: 0.0006  max mem: 44320
Test:  [ 900/4000]  eta: 0:04:57  inter: 5852.0000 (23800.4387)  union: 34285.0000 (43784.1344)  iou: 0.4345 (0.5493)  time: 0.0947  data: 0.0010  max mem: 44320
Test:  [ 950/4000]  eta: 0:04:52  inter: 24837.0000 (23772.4726)  union: 32196.0000 (43840.6819)  iou: 0.4778 (0.5487)  time: 0.0968  data: 0.0009  max mem: 44320
Test:  [1000/4000]  eta: 0:04:47  inter: 21510.0000 (24116.9779)  union: 39102.0000 (44031.2630)  iou: 0.8012 (0.5512)  time: 0.0920  data: 0.0005  max mem: 44320
Test:  [1050/4000]  eta: 0:04:42  inter: 22908.0000 (24151.7816)  union: 39018.0000 (44008.1136)  iou: 0.5350 (0.5514)  time: 0.0971  data: 0.0014  max mem: 44320
Test:  [1100/4000]  eta: 0:04:37  inter: 15748.0000 (23991.2461)  union: 28656.0000 (43801.5632)  iou: 0.5400 (0.5509)  time: 0.0988  data: 0.0004  max mem: 44320
Test:  [1150/4000]  eta: 0:04:33  inter: 10472.0000 (24131.2916)  union: 25544.0000 (43774.5751)  iou: 0.4104 (0.5541)  time: 0.0963  data: 0.0009  max mem: 44320
Test:  [1200/4000]  eta: 0:04:28  inter: 14635.0000 (24042.8074)  union: 34929.0000 (44014.5719)  iou: 0.4782 (0.5513)  time: 0.0940  data: 0.0006  max mem: 44320
Test:  [1250/4000]  eta: 0:04:23  inter: 1151.0000 (23908.7961)  union: 34464.0000 (43751.6996)  iou: 0.0118 (0.5503)  time: 0.0964  data: 0.0003  max mem: 44320
Test:  [1300/4000]  eta: 0:04:18  inter: 12994.0000 (23736.9749)  union: 37551.0000 (43662.0208)  iou: 0.2947 (0.5514)  time: 0.0915  data: 0.0003  max mem: 44320
Test:  [1350/4000]  eta: 0:04:13  inter: 23061.0000 (23714.9353)  union: 35982.0000 (43644.5753)  iou: 0.8118 (0.5524)  time: 0.0963  data: 0.0008  max mem: 44320
Test:  [1400/4000]  eta: 0:04:09  inter: 10125.0000 (23741.7849)  union: 16670.0000 (43857.6129)  iou: 0.5441 (0.5493)  time: 0.1028  data: 0.0029  max mem: 44320
Test:  [1450/4000]  eta: 0:04:04  inter: 16684.0000 (23742.5178)  union: 47913.0000 (43869.2709)  iou: 0.4625 (0.5493)  time: 0.0959  data: 0.0006  max mem: 44320
Test:  [1500/4000]  eta: 0:03:59  inter: 18121.0000 (23799.3515)  union: 55211.0000 (44046.0544)  iou: 0.4553 (0.5475)  time: 0.0940  data: 0.0004  max mem: 44320
Test:  [1550/4000]  eta: 0:03:54  inter: 12645.0000 (23707.3983)  union: 31095.0000 (43904.4913)  iou: 0.7996 (0.5482)  time: 0.1004  data: 0.0004  max mem: 44320
Test:  [1600/4000]  eta: 0:03:50  inter: 11310.0000 (23588.1481)  union: 27397.0000 (43860.9374)  iou: 0.4470 (0.5452)  time: 0.1012  data: 0.0004  max mem: 44320
Test:  [1650/4000]  eta: 0:03:45  inter: 16785.0000 (23477.9245)  union: 37799.0000 (43859.8975)  iou: 0.4034 (0.5438)  time: 0.0986  data: 0.0011  max mem: 44320
Test:  [1700/4000]  eta: 0:03:40  inter: 17130.0000 (23458.2094)  union: 37938.0000 (43878.2962)  iou: 0.7089 (0.5426)  time: 0.0991  data: 0.0004  max mem: 44320
Test:  [1750/4000]  eta: 0:03:35  inter: 20408.0000 (23424.2330)  union: 34179.0000 (43830.2411)  iou: 0.8090 (0.5422)  time: 0.0964  data: 0.0006  max mem: 44320
Test:  [1800/4000]  eta: 0:03:31  inter: 15700.0000 (23296.1021)  union: 37156.0000 (43695.1410)  iou: 0.2695 (0.5413)  time: 0.0996  data: 0.0014  max mem: 44320
Test:  [1850/4000]  eta: 0:03:26  inter: 605.0000 (23270.1954)  union: 35650.0000 (43715.4847)  iou: 0.2149 (0.5397)  time: 0.0959  data: 0.0004  max mem: 44320
Test:  [1900/4000]  eta: 0:03:21  inter: 43030.0000 (23287.0622)  union: 60826.0000 (43599.6798)  iou: 0.6000 (0.5415)  time: 0.0961  data: 0.0004  max mem: 44320
Test:  [1950/4000]  eta: 0:03:16  inter: 13274.0000 (23218.1442)  union: 18617.0000 (43576.3434)  iou: 0.6959 (0.5411)  time: 0.0980  data: 0.0004  max mem: 44320
Test:  [2000/4000]  eta: 0:03:11  inter: 17026.0000 (23257.7199)  union: 23401.0000 (43519.0822)  iou: 0.7860 (0.5425)  time: 0.0949  data: 0.0004  max mem: 44320
Test:  [2050/4000]  eta: 0:03:07  inter: 8341.0000 (23140.3580)  union: 56394.0000 (43607.0527)  iou: 0.2104 (0.5408)  time: 0.1029  data: 0.0010  max mem: 44320
Test:  [2100/4000]  eta: 0:03:02  inter: 16771.0000 (23134.0452)  union: 33617.0000 (43585.1399)  iou: 0.7208 (0.5411)  time: 0.0909  data: 0.0006  max mem: 44320
Test:  [2150/4000]  eta: 0:02:57  inter: 17462.0000 (23130.3559)  union: 30737.0000 (43596.9244)  iou: 0.7656 (0.5409)  time: 0.0964  data: 0.0004  max mem: 44320
Test:  [2200/4000]  eta: 0:02:52  inter: 14268.0000 (23094.8988)  union: 22324.0000 (43550.9826)  iou: 0.5880 (0.5411)  time: 0.0959  data: 0.0011  max mem: 44320
Test:  [2250/4000]  eta: 0:02:47  inter: 14572.0000 (23011.9987)  union: 38864.0000 (43391.2127)  iou: 0.5212 (0.5399)  time: 0.0931  data: 0.0005  max mem: 44320
Test:  [2300/4000]  eta: 0:02:43  inter: 21989.0000 (23123.0733)  union: 39255.0000 (43379.1676)  iou: 0.6167 (0.5423)  time: 0.0994  data: 0.0010  max mem: 44320
Test:  [2350/4000]  eta: 0:02:38  inter: 16105.0000 (23061.0416)  union: 50998.0000 (43312.4396)  iou: 0.6599 (0.5422)  time: 0.1002  data: 0.0005  max mem: 44320
Test:  [2400/4000]  eta: 0:02:33  inter: 14252.0000 (23114.9101)  union: 35146.0000 (43325.7478)  iou: 0.4600 (0.5428)  time: 0.0998  data: 0.0004  max mem: 44320
Test:  [2450/4000]  eta: 0:02:28  inter: 30662.0000 (23202.0367)  union: 35073.0000 (43354.4707)  iou: 0.7783 (0.5442)  time: 0.0902  data: 0.0008  max mem: 44320
Test:  [2500/4000]  eta: 0:02:23  inter: 25377.0000 (23147.2292)  union: 40844.0000 (43390.4700)  iou: 0.5263 (0.5433)  time: 0.0965  data: 0.0006  max mem: 44320
Test:  [2550/4000]  eta: 0:02:19  inter: 30587.0000 (23232.0857)  union: 38870.0000 (43562.2480)  iou: 0.7769 (0.5433)  time: 0.0982  data: 0.0003  max mem: 44320
Test:  [2600/4000]  eta: 0:02:14  inter: 13307.0000 (23149.1505)  union: 35642.0000 (43502.0855)  iou: 0.3072 (0.5423)  time: 0.0911  data: 0.0005  max mem: 44320
Test:  [2650/4000]  eta: 0:02:09  inter: 11820.0000 (23156.8534)  union: 36567.0000 (43694.4151)  iou: 0.6878 (0.5414)  time: 0.0960  data: 0.0005  max mem: 44320
Test:  [2700/4000]  eta: 0:02:04  inter: 22392.0000 (23249.3550)  union: 32978.0000 (43778.9124)  iou: 0.6209 (0.5425)  time: 0.0952  data: 0.0009  max mem: 44320
Test:  [2750/4000]  eta: 0:01:59  inter: 23212.0000 (23322.9961)  union: 29619.0000 (43916.6074)  iou: 0.6169 (0.5421)  time: 0.0946  data: 0.0004  max mem: 44320
Test:  [2800/4000]  eta: 0:01:55  inter: 15022.0000 (23322.9858)  union: 26673.0000 (43788.4794)  iou: 0.7185 (0.5430)  time: 0.0945  data: 0.0004  max mem: 44320
Test:  [2850/4000]  eta: 0:01:50  inter: 12732.0000 (23460.5703)  union: 35230.0000 (43897.0277)  iou: 0.3345 (0.5426)  time: 0.0983  data: 0.0012  max mem: 44320
Test:  [2900/4000]  eta: 0:01:45  inter: 15896.0000 (23448.6223)  union: 27562.0000 (43959.6892)  iou: 0.5158 (0.5416)  time: 0.0945  data: 0.0009  max mem: 44320
Test:  [2950/4000]  eta: 0:01:40  inter: 20686.0000 (23494.9091)  union: 27401.0000 (43962.8002)  iou: 0.5155 (0.5423)  time: 0.0886  data: 0.0008  max mem: 44320
Test:  [3000/4000]  eta: 0:01:35  inter: 10833.0000 (23465.2583)  union: 34068.0000 (43919.5405)  iou: 0.4326 (0.5417)  time: 0.0999  data: 0.0007  max mem: 44320
Test:  [3050/4000]  eta: 0:01:31  inter: 14333.0000 (23422.5899)  union: 32340.0000 (43953.3072)  iou: 0.4432 (0.5415)  time: 0.0901  data: 0.0004  max mem: 44320
Test:  [3100/4000]  eta: 0:01:26  inter: 21103.0000 (23403.1125)  union: 42888.0000 (43898.0576)  iou: 0.4390 (0.5420)  time: 0.0944  data: 0.0009  max mem: 44320
Test:  [3150/4000]  eta: 0:01:21  inter: 17617.0000 (23331.5086)  union: 23553.0000 (43774.2889)  iou: 0.6183 (0.5423)  time: 0.0920  data: 0.0003  max mem: 44320
Test:  [3200/4000]  eta: 0:01:16  inter: 10960.0000 (23360.6311)  union: 37450.0000 (43801.8185)  iou: 0.6233 (0.5429)  time: 0.0948  data: 0.0004  max mem: 44320
Test:  [3250/4000]  eta: 0:01:11  inter: 16466.0000 (23301.7918)  union: 31389.0000 (43761.2536)  iou: 0.5655 (0.5413)  time: 0.0931  data: 0.0007  max mem: 44320
slurmstepd: error: *** JOB 133147 ON d4046 CANCELLED AT 2025-04-19T20:10:17 DUE TO TIME LIMIT ***
