Architecture:          x86_64
CPU op-mode(s):        32-bit, 64-bit
Byte Order:            Little Endian
CPU(s):                28
On-line CPU(s) list:   0-27
Thread(s) per core:    1
Core(s) per socket:    14
Socket(s):             2
NUMA node(s):          2
Vendor ID:             GenuineIntel
CPU family:            6
Model:                 85
Model name:            Intel(R) Xeon(R) Gold 6132 CPU @ 2.60GHz
Stepping:              4
CPU MHz:               999.914
CPU max MHz:           3700.0000
CPU min MHz:           1000.0000
BogoMIPS:              5200.00
Virtualization:        VT-x
L1d cache:             32K
L1i cache:             32K
L2 cache:              1024K
L3 cache:              19712K
NUMA node0 CPU(s):     0,2,4,6,8,10,12,14,16,18,20,22,24,26
NUMA node1 CPU(s):     1,3,5,7,9,11,13,15,17,19,21,23,25,27
Flags:                 fpu vme de pse tsc msr pae mce cx8 apic sep mtrr pge mca cmov pat pse36 clflush dts acpi mmx fxsr sse sse2 ss ht tm pbe syscall nx pdpe1gb rdtscp lm constant_tsc art arch_perfmon pebs bts rep_good nopl xtopology nonstop_tsc aperfmperf eagerfpu pni pclmulqdq dtes64 monitor ds_cpl vmx smx est tm2 ssse3 sdbg fma cx16 xtpr pdcm pcid dca sse4_1 sse4_2 x2apic movbe popcnt tsc_deadline_timer aes xsave avx f16c rdrand lahf_lm abm 3dnowprefetch epb cat_l3 cdp_l3 invpcid_single intel_ppin intel_pt ssbd mba ibrs ibpb stibp tpr_shadow vnmi flexpriority ept vpid fsgsbase tsc_adjust bmi1 hle avx2 smep bmi2 erms invpcid rtm cqm mpx rdt_a avx512f avx512dq rdseed adx smap clflushopt clwb avx512cd avx512bw avx512vl xsaveopt xsavec xgetbv1 cqm_llc cqm_occup_llc cqm_mbm_total cqm_mbm_local dtherm ida arat pln pts pku ospke md_clear spec_ctrl intel_stibp flush_l1d arch_capabilities
Sun Apr 20 12:30:12 2025       
+---------------------------------------------------------------------------------------+
| NVIDIA-SMI 545.23.08              Driver Version: 545.23.08    CUDA Version: 12.3     |
|-----------------------------------------+----------------------+----------------------+
| GPU  Name                 Persistence-M | Bus-Id        Disp.A | Volatile Uncorr. ECC |
| Fan  Temp   Perf          Pwr:Usage/Cap |         Memory-Usage | GPU-Util  Compute M. |
|                                         |                      |               MIG M. |
|=========================================+======================+======================|
|   0  Tesla V100-SXM2-32GB           Off | 00000000:86:00.0 Off |                    0 |
| N/A   37C    P0              56W / 300W |      0MiB / 32768MiB |      2%      Default |
|                                         |                      |                  N/A |
+-----------------------------------------+----------------------+----------------------+
                                                                                         
+---------------------------------------------------------------------------------------+
| Processes:                                                                            |
|  GPU   GI   CI        PID   Type   Process name                            GPU Memory |
|        ID   ID                                                             Usage      |
|=======================================================================================|
|  No running processes found                                                           |
+---------------------------------------------------------------------------------------+
/home/akula.ha/.conda/envs/refseg/lib/python3.10/site-packages/torch/distributed/launch.py:181: FutureWarning: The module torch.distributed.launch is deprecated
and will be removed in future. Use torchrun.
Note that --use-env is set by default in torchrun.
If your script expects `--local-rank` argument to be set, please
change it to read from `os.environ['LOCAL_RANK']` instead. See 
https://pytorch.org/docs/stable/distributed.html#launch-utility for 
further instructions

  warnings.warn(
| distributed init (rank 0): env://
Namespace(batch_size=8, epochs=50, model='ReMamber_Conv', pretrain_path='./pretrain', input_size=480, drop=0.0, drop_path=0.1, model_ema=False, model_ema_decay=0.9999, model_ema_force_cpu=False, opt='adamw', opt_eps=1e-08, opt_betas=None, clip_grad=None, momentum=0.9, weight_decay=0.0001, sched='cosine', lr=9e-06, lr_decoder=5e-05, lr_backbone=2.5e-05, lr_vssm=2.5e-05, warmup_lr=1e-06, min_lr=1e-06, decay_epochs=30, warmup_epochs=0, cooldown_epochs=10, patience_epochs=10, decay_rate=0.1, train_mode=True, finetune='pretrain/ReMamber_Conv.pth', data_path='./ref_dataset/data', data_set='refzom', output_dir='./outputs', device='cuda', seed=0, resume='', start_epoch=0, eval=False, dist_eval=False, num_workers=8, pin_mem=True, distributed=True, world_size=1, dist_url='env://', if_amp=True, debug_mode=False, local_rank=0, model_title='model', logging='model', decoder_adapter=False, continue_lr=None, partial_freeze=True, rank=0, gpu=0, dist_backend='nccl')
True val
./ref_dataset/data refzom zom
loading dataset refzom into memory...
creating index...
index created.
DONE (t=10.79s)
Preparing dataset ......
False val
./ref_dataset/data refzom zom
loading dataset refzom into memory...
creating index...
index created.
DONE (t=11.05s)
Preparing dataset ......
length of train set: 57624
length of val set: 15406
/home/akula.ha/.conda/envs/refseg/lib/python3.10/site-packages/torch/utils/data/dataloader.py:557: UserWarning: This DataLoader will create 8 worker processes in total. Our suggested max number of worker in current system is 1, which is smaller than what this DataLoader is going to create. Please be aware that excessive worker creation might get DataLoader running slow or even freeze, lower the worker number to avoid potential slowness/freeze if necessary.
  warnings.warn(_create_warning_msg(
Creating model: ReMamber_Conv
kwargs {}
number of params: 19461889
Model id is - model:bc7317b7
length of train set: 45000
length of val set: 4000
Start training for 50 epochs
Learning rate: 9e-06
/home/akula.ha/.conda/envs/refseg/lib/python3.10/site-packages/torch/autograd/__init__.py:251: UserWarning: Grad strides do not match bucket view strides. This may indicate grad was not created according to the gradient layout contract, or that the param's strides changed since DDP was constructed.  This is not an error, but may impair performance.
grad.sizes() = [512, 768, 1, 1], strides() = [768, 1, 768, 768]
bucket_view.sizes() = [512, 768, 1, 1], strides() = [768, 1, 1, 1] (Triggered internally at ../torch/csrc/distributed/c10d/reducer.cpp:320.)
  Variable._execution_engine.run_backward(  # Calls into the C++ engine to run the backward pass
Epoch: [0]  [   0/5625]  eta: 1 day, 8:50:04  lr: 0.000009  train_loss: 4.4796 (4.4796)  train_iou: 0.6161 (0.6161)  time: 21.0141  data: 5.7943  max mem: 21230
Epoch: [0]  [  20/5625]  eta: 2:18:11  lr: 0.000009  train_loss: 1.8430 (2.0946)  train_iou: 0.5028 (0.5035)  time: 0.5025  data: 0.0004  max mem: 21230
Epoch: [0]  [  40/5625]  eta: 1:33:30  lr: 0.000009  train_loss: 1.1502 (1.6665)  train_iou: 0.4738 (0.4925)  time: 0.5062  data: 0.0004  max mem: 21230
Epoch: [0]  [  60/5625]  eta: 1:18:04  lr: 0.000009  train_loss: 0.9499 (1.4771)  train_iou: 0.5276 (0.5031)  time: 0.5081  data: 0.0006  max mem: 21230
Epoch: [0]  [  80/5625]  eta: 1:10:07  lr: 0.000009  train_loss: 0.7221 (1.3040)  train_iou: 0.5712 (0.5200)  time: 0.5056  data: 0.0004  max mem: 21230
Epoch: [0]  [ 100/5625]  eta: 1:05:18  lr: 0.000009  train_loss: 0.6588 (1.2104)  train_iou: 0.5181 (0.5219)  time: 0.5085  data: 0.0004  max mem: 21230
Epoch: [0]  [ 120/5625]  eta: 1:01:55  lr: 0.000009  train_loss: 0.5361 (1.1059)  train_iou: 0.6265 (0.5362)  time: 0.5019  data: 0.0004  max mem: 21230
Epoch: [0]  [ 140/5625]  eta: 0:59:25  lr: 0.000009  train_loss: 0.5902 (1.0329)  train_iou: 0.5698 (0.5465)  time: 0.4988  data: 0.0016  max mem: 21230
Epoch: [0]  [ 160/5625]  eta: 0:57:31  lr: 0.000009  train_loss: 0.6549 (1.0052)  train_iou: 0.5029 (0.5442)  time: 0.5017  data: 0.0015  max mem: 21230
Epoch: [0]  [ 180/5625]  eta: 0:56:03  lr: 0.000009  train_loss: 0.6297 (0.9628)  train_iou: 0.5840 (0.5478)  time: 0.5063  data: 0.0015  max mem: 21230
Epoch: [0]  [ 200/5625]  eta: 0:54:49  lr: 0.000009  train_loss: 0.4569 (0.9239)  train_iou: 0.6561 (0.5549)  time: 0.5032  data: 0.0004  max mem: 21230
Epoch: [0]  [ 220/5625]  eta: 0:53:47  lr: 0.000009  train_loss: 0.5029 (0.8846)  train_iou: 0.6052 (0.5599)  time: 0.5050  data: 0.0004  max mem: 21230
Epoch: [0]  [ 240/5625]  eta: 0:52:54  lr: 0.000009  train_loss: 0.5562 (0.8617)  train_iou: 0.6155 (0.5616)  time: 0.5062  data: 0.0015  max mem: 21230
Epoch: [0]  [ 260/5625]  eta: 0:52:07  lr: 0.000009  train_loss: 0.6344 (0.8479)  train_iou: 0.5392 (0.5581)  time: 0.5036  data: 0.0004  max mem: 21230
Epoch: [0]  [ 280/5625]  eta: 0:51:27  lr: 0.000009  train_loss: 0.6167 (0.8299)  train_iou: 0.5685 (0.5587)  time: 0.5071  data: 0.0006  max mem: 21230
Epoch: [0]  [ 300/5625]  eta: 0:50:50  lr: 0.000009  train_loss: 0.6227 (0.8159)  train_iou: 0.5053 (0.5572)  time: 0.5064  data: 0.0005  max mem: 21230
Epoch: [0]  [ 320/5625]  eta: 0:50:16  lr: 0.000009  train_loss: 0.5543 (0.8008)  train_iou: 0.5788 (0.5589)  time: 0.5050  data: 0.0004  max mem: 21230
Epoch: [0]  [ 340/5625]  eta: 0:49:46  lr: 0.000009  train_loss: 0.5628 (0.7901)  train_iou: 0.5495 (0.5598)  time: 0.5089  data: 0.0004  max mem: 21230
Epoch: [0]  [ 360/5625]  eta: 0:49:17  lr: 0.000009  train_loss: 0.5383 (0.7828)  train_iou: 0.5734 (0.5586)  time: 0.5047  data: 0.0004  max mem: 21230
Epoch: [0]  [ 380/5625]  eta: 0:48:52  lr: 0.000009  train_loss: 0.5229 (0.7729)  train_iou: 0.5795 (0.5605)  time: 0.5118  data: 0.0006  max mem: 21230
Epoch: [0]  [ 400/5625]  eta: 0:48:28  lr: 0.000009  train_loss: 0.5099 (0.7603)  train_iou: 0.5617 (0.5631)  time: 0.5092  data: 0.0005  max mem: 21230
Epoch: [0]  [ 420/5625]  eta: 0:48:05  lr: 0.000009  train_loss: 0.4468 (0.7500)  train_iou: 0.5903 (0.5646)  time: 0.5100  data: 0.0008  max mem: 21230
Epoch: [0]  [ 440/5625]  eta: 0:47:43  lr: 0.000009  train_loss: 0.4702 (0.7380)  train_iou: 0.6095 (0.5667)  time: 0.5047  data: 0.0007  max mem: 21230
Epoch: [0]  [ 460/5625]  eta: 0:47:21  lr: 0.000009  train_loss: 0.4876 (0.7278)  train_iou: 0.6266 (0.5692)  time: 0.5033  data: 0.0004  max mem: 21230
Epoch: [0]  [ 480/5625]  eta: 0:47:00  lr: 0.000009  train_loss: 0.4078 (0.7151)  train_iou: 0.6684 (0.5739)  time: 0.5036  data: 0.0005  max mem: 21230
Epoch: [0]  [ 500/5625]  eta: 0:46:39  lr: 0.000009  train_loss: 0.6092 (0.7100)  train_iou: 0.5301 (0.5737)  time: 0.4995  data: 0.0004  max mem: 21230
Epoch: [0]  [ 520/5625]  eta: 0:46:20  lr: 0.000009  train_loss: 0.4517 (0.7027)  train_iou: 0.6431 (0.5747)  time: 0.5076  data: 0.0005  max mem: 21230
Epoch: [0]  [ 540/5625]  eta: 0:46:02  lr: 0.000009  train_loss: 0.4857 (0.6964)  train_iou: 0.6241 (0.5760)  time: 0.5044  data: 0.0007  max mem: 21230
Epoch: [0]  [ 560/5625]  eta: 0:45:44  lr: 0.000009  train_loss: 0.4818 (0.6892)  train_iou: 0.6448 (0.5783)  time: 0.5048  data: 0.0019  max mem: 21230
Epoch: [0]  [ 580/5625]  eta: 0:45:27  lr: 0.000009  train_loss: 0.4785 (0.6843)  train_iou: 0.6192 (0.5806)  time: 0.5043  data: 0.0016  max mem: 21230
Epoch: [0]  [ 600/5625]  eta: 0:45:10  lr: 0.000009  train_loss: 0.5245 (0.6787)  train_iou: 0.6120 (0.5817)  time: 0.5040  data: 0.0013  max mem: 21230
Epoch: [0]  [ 620/5625]  eta: 0:44:53  lr: 0.000009  train_loss: 0.5470 (0.6751)  train_iou: 0.5510 (0.5807)  time: 0.5018  data: 0.0004  max mem: 21230
Epoch: [0]  [ 640/5625]  eta: 0:44:36  lr: 0.000009  train_loss: 0.4630 (0.6686)  train_iou: 0.6499 (0.5824)  time: 0.5010  data: 0.0004  max mem: 21230
Epoch: [0]  [ 660/5625]  eta: 0:44:20  lr: 0.000009  train_loss: 0.4403 (0.6629)  train_iou: 0.5922 (0.5835)  time: 0.4999  data: 0.0004  max mem: 21230
Epoch: [0]  [ 680/5625]  eta: 0:44:05  lr: 0.000009  train_loss: 0.4994 (0.6593)  train_iou: 0.5969 (0.5838)  time: 0.5034  data: 0.0005  max mem: 21230
Epoch: [0]  [ 700/5625]  eta: 0:43:50  lr: 0.000009  train_loss: 0.5133 (0.6557)  train_iou: 0.5658 (0.5839)  time: 0.5059  data: 0.0004  max mem: 21230
Epoch: [0]  [ 720/5625]  eta: 0:43:35  lr: 0.000009  train_loss: 0.6020 (0.6553)  train_iou: 0.5480 (0.5830)  time: 0.5066  data: 0.0004  max mem: 21230
Epoch: [0]  [ 740/5625]  eta: 0:43:21  lr: 0.000009  train_loss: 0.4756 (0.6512)  train_iou: 0.6119 (0.5840)  time: 0.5034  data: 0.0004  max mem: 21230
Epoch: [0]  [ 760/5625]  eta: 0:43:07  lr: 0.000009  train_loss: 0.4179 (0.6459)  train_iou: 0.6548 (0.5858)  time: 0.5059  data: 0.0004  max mem: 21230
Epoch: [0]  [ 780/5625]  eta: 0:42:53  lr: 0.000009  train_loss: 0.4112 (0.6419)  train_iou: 0.6416 (0.5872)  time: 0.5033  data: 0.0006  max mem: 21230
Epoch: [0]  [ 800/5625]  eta: 0:42:38  lr: 0.000009  train_loss: 0.4433 (0.6379)  train_iou: 0.5758 (0.5874)  time: 0.5010  data: 0.0004  max mem: 21230
Epoch: [0]  [ 820/5625]  eta: 0:42:25  lr: 0.000009  train_loss: 0.5255 (0.6351)  train_iou: 0.5575 (0.5877)  time: 0.5071  data: 0.0004  max mem: 21230
Epoch: [0]  [ 840/5625]  eta: 0:42:11  lr: 0.000009  train_loss: 0.4991 (0.6317)  train_iou: 0.6201 (0.5888)  time: 0.4991  data: 0.0006  max mem: 21230
Epoch: [0]  [ 860/5625]  eta: 0:41:57  lr: 0.000009  train_loss: 0.4431 (0.6290)  train_iou: 0.5879 (0.5890)  time: 0.5015  data: 0.0006  max mem: 21230
Epoch: [0]  [ 880/5625]  eta: 0:41:44  lr: 0.000009  train_loss: 0.5224 (0.6259)  train_iou: 0.6397 (0.5900)  time: 0.4998  data: 0.0013  max mem: 21230
Epoch: [0]  [ 900/5625]  eta: 0:41:30  lr: 0.000009  train_loss: 0.4594 (0.6223)  train_iou: 0.6344 (0.5910)  time: 0.4985  data: 0.0004  max mem: 21230
Epoch: [0]  [ 920/5625]  eta: 0:41:17  lr: 0.000009  train_loss: 0.4712 (0.6207)  train_iou: 0.5929 (0.5910)  time: 0.5033  data: 0.0013  max mem: 21230
Epoch: [0]  [ 940/5625]  eta: 0:41:04  lr: 0.000009  train_loss: 0.5077 (0.6187)  train_iou: 0.5694 (0.5912)  time: 0.4999  data: 0.0014  max mem: 21230
Epoch: [0]  [ 960/5625]  eta: 0:40:51  lr: 0.000009  train_loss: 0.4079 (0.6160)  train_iou: 0.6252 (0.5917)  time: 0.5015  data: 0.0004  max mem: 21230
Epoch: [0]  [ 980/5625]  eta: 0:40:38  lr: 0.000009  train_loss: 0.4920 (0.6133)  train_iou: 0.5931 (0.5919)  time: 0.5018  data: 0.0007  max mem: 21230
Epoch: [0]  [1000/5625]  eta: 0:40:25  lr: 0.000009  train_loss: 0.5125 (0.6117)  train_iou: 0.5854 (0.5919)  time: 0.4968  data: 0.0004  max mem: 21230
Epoch: [0]  [1020/5625]  eta: 0:40:12  lr: 0.000009  train_loss: 0.5051 (0.6097)  train_iou: 0.5856 (0.5919)  time: 0.5005  data: 0.0004  max mem: 21230
Epoch: [0]  [1040/5625]  eta: 0:40:00  lr: 0.000009  train_loss: 0.4275 (0.6069)  train_iou: 0.6510 (0.5930)  time: 0.5014  data: 0.0004  max mem: 21230
Epoch: [0]  [1060/5625]  eta: 0:39:47  lr: 0.000009  train_loss: 0.4947 (0.6060)  train_iou: 0.5915 (0.5927)  time: 0.4979  data: 0.0004  max mem: 21230
Epoch: [0]  [1080/5625]  eta: 0:39:35  lr: 0.000009  train_loss: 0.4943 (0.6063)  train_iou: 0.6042 (0.5926)  time: 0.5035  data: 0.0004  max mem: 21230
Epoch: [0]  [1100/5625]  eta: 0:39:23  lr: 0.000009  train_loss: 0.4838 (0.6041)  train_iou: 0.5655 (0.5926)  time: 0.5011  data: 0.0004  max mem: 21230
Epoch: [0]  [1120/5625]  eta: 0:39:10  lr: 0.000009  train_loss: 0.4522 (0.6015)  train_iou: 0.5884 (0.5932)  time: 0.4954  data: 0.0004  max mem: 21230
Epoch: [0]  [1140/5625]  eta: 0:38:58  lr: 0.000009  train_loss: 0.5242 (0.6007)  train_iou: 0.5746 (0.5927)  time: 0.5026  data: 0.0004  max mem: 21230
Epoch: [0]  [1160/5625]  eta: 0:38:46  lr: 0.000009  train_loss: 0.3915 (0.5978)  train_iou: 0.6395 (0.5936)  time: 0.5000  data: 0.0014  max mem: 21230
Epoch: [0]  [1180/5625]  eta: 0:38:35  lr: 0.000009  train_loss: 0.3731 (0.5949)  train_iou: 0.6553 (0.5947)  time: 0.5039  data: 0.0004  max mem: 21230
Epoch: [0]  [1200/5625]  eta: 0:38:23  lr: 0.000009  train_loss: 0.4900 (0.5938)  train_iou: 0.5511 (0.5945)  time: 0.5041  data: 0.0004  max mem: 21230
Epoch: [0]  [1220/5625]  eta: 0:38:11  lr: 0.000009  train_loss: 0.5508 (0.5929)  train_iou: 0.5467 (0.5942)  time: 0.5020  data: 0.0004  max mem: 21230
Epoch: [0]  [1240/5625]  eta: 0:37:59  lr: 0.000009  train_loss: 0.4414 (0.5910)  train_iou: 0.6088 (0.5946)  time: 0.4979  data: 0.0004  max mem: 21230
Epoch: [0]  [1260/5625]  eta: 0:37:47  lr: 0.000009  train_loss: 0.4722 (0.5901)  train_iou: 0.5711 (0.5943)  time: 0.4960  data: 0.0004  max mem: 21230
Epoch: [0]  [1280/5625]  eta: 0:37:36  lr: 0.000009  train_loss: 0.5083 (0.5893)  train_iou: 0.5647 (0.5941)  time: 0.5026  data: 0.0004  max mem: 21230
Epoch: [0]  [1300/5625]  eta: 0:37:24  lr: 0.000009  train_loss: 0.4604 (0.5876)  train_iou: 0.5879 (0.5940)  time: 0.5021  data: 0.0004  max mem: 21230
Epoch: [0]  [1320/5625]  eta: 0:37:13  lr: 0.000009  train_loss: 0.4734 (0.5866)  train_iou: 0.5405 (0.5935)  time: 0.5008  data: 0.0004  max mem: 21230
Epoch: [0]  [1340/5625]  eta: 0:37:01  lr: 0.000009  train_loss: 0.4006 (0.5847)  train_iou: 0.6291 (0.5939)  time: 0.5010  data: 0.0004  max mem: 21230
Epoch: [0]  [1360/5625]  eta: 0:36:50  lr: 0.000009  train_loss: 0.4002 (0.5828)  train_iou: 0.6600 (0.5950)  time: 0.4996  data: 0.0004  max mem: 21230
Epoch: [0]  [1380/5625]  eta: 0:36:38  lr: 0.000009  train_loss: 0.5307 (0.5820)  train_iou: 0.5910 (0.5948)  time: 0.4982  data: 0.0004  max mem: 21230
Epoch: [0]  [1400/5625]  eta: 0:36:26  lr: 0.000009  train_loss: 0.4890 (0.5812)  train_iou: 0.5790 (0.5949)  time: 0.4985  data: 0.0004  max mem: 21230
Epoch: [0]  [1420/5625]  eta: 0:36:15  lr: 0.000009  train_loss: 0.5655 (0.5807)  train_iou: 0.5771 (0.5946)  time: 0.4980  data: 0.0004  max mem: 21230
Epoch: [0]  [1440/5625]  eta: 0:36:04  lr: 0.000009  train_loss: 0.4670 (0.5795)  train_iou: 0.6098 (0.5947)  time: 0.5005  data: 0.0004  max mem: 21230
Epoch: [0]  [1460/5625]  eta: 0:35:52  lr: 0.000009  train_loss: 0.4911 (0.5782)  train_iou: 0.5819 (0.5950)  time: 0.4965  data: 0.0004  max mem: 21230
Epoch: [0]  [1480/5625]  eta: 0:35:41  lr: 0.000009  train_loss: 0.5179 (0.5780)  train_iou: 0.5837 (0.5945)  time: 0.5033  data: 0.0004  max mem: 21230
Epoch: [0]  [1500/5625]  eta: 0:35:30  lr: 0.000009  train_loss: 0.4196 (0.5768)  train_iou: 0.6348 (0.5947)  time: 0.5023  data: 0.0004  max mem: 21230
Epoch: [0]  [1520/5625]  eta: 0:35:19  lr: 0.000009  train_loss: 0.4217 (0.5750)  train_iou: 0.6428 (0.5952)  time: 0.5012  data: 0.0004  max mem: 21230
Epoch: [0]  [1540/5625]  eta: 0:35:07  lr: 0.000009  train_loss: 0.4314 (0.5731)  train_iou: 0.6791 (0.5960)  time: 0.5001  data: 0.0004  max mem: 21230
Epoch: [0]  [1560/5625]  eta: 0:34:56  lr: 0.000009  train_loss: 0.4583 (0.5723)  train_iou: 0.6077 (0.5965)  time: 0.4981  data: 0.0004  max mem: 21230
Epoch: [0]  [1580/5625]  eta: 0:34:45  lr: 0.000009  train_loss: 0.4319 (0.5706)  train_iou: 0.6346 (0.5970)  time: 0.5006  data: 0.0004  max mem: 21230
Epoch: [0]  [1600/5625]  eta: 0:34:34  lr: 0.000009  train_loss: 0.4800 (0.5701)  train_iou: 0.6067 (0.5972)  time: 0.5042  data: 0.0004  max mem: 21230
Epoch: [0]  [1620/5625]  eta: 0:34:23  lr: 0.000009  train_loss: 0.4174 (0.5688)  train_iou: 0.6206 (0.5975)  time: 0.5030  data: 0.0004  max mem: 21230
Epoch: [0]  [1640/5625]  eta: 0:34:12  lr: 0.000009  train_loss: 0.4242 (0.5670)  train_iou: 0.6314 (0.5982)  time: 0.5028  data: 0.0005  max mem: 21230
Epoch: [0]  [1660/5625]  eta: 0:34:01  lr: 0.000009  train_loss: 0.4895 (0.5663)  train_iou: 0.6392 (0.5984)  time: 0.4984  data: 0.0004  max mem: 21230
Epoch: [0]  [1680/5625]  eta: 0:33:50  lr: 0.000009  train_loss: 0.4111 (0.5657)  train_iou: 0.6574 (0.5992)  time: 0.5016  data: 0.0004  max mem: 21230
Epoch: [0]  [1700/5625]  eta: 0:33:40  lr: 0.000009  train_loss: 0.4239 (0.5645)  train_iou: 0.6537 (0.5996)  time: 0.5026  data: 0.0004  max mem: 21230
Epoch: [0]  [1720/5625]  eta: 0:33:28  lr: 0.000009  train_loss: 0.4712 (0.5632)  train_iou: 0.6200 (0.5999)  time: 0.4985  data: 0.0004  max mem: 21230
Epoch: [0]  [1740/5625]  eta: 0:33:18  lr: 0.000009  train_loss: 0.4262 (0.5625)  train_iou: 0.6170 (0.5998)  time: 0.5038  data: 0.0004  max mem: 21230
Epoch: [0]  [1760/5625]  eta: 0:33:07  lr: 0.000009  train_loss: 0.4902 (0.5614)  train_iou: 0.6272 (0.6003)  time: 0.5030  data: 0.0004  max mem: 21230
Epoch: [0]  [1780/5625]  eta: 0:32:56  lr: 0.000009  train_loss: 0.4158 (0.5604)  train_iou: 0.6181 (0.6006)  time: 0.4967  data: 0.0004  max mem: 21230
Epoch: [0]  [1800/5625]  eta: 0:32:45  lr: 0.000009  train_loss: 0.3988 (0.5589)  train_iou: 0.6417 (0.6011)  time: 0.5043  data: 0.0004  max mem: 21230
Epoch: [0]  [1820/5625]  eta: 0:32:34  lr: 0.000009  train_loss: 0.4327 (0.5578)  train_iou: 0.6425 (0.6014)  time: 0.4968  data: 0.0004  max mem: 21230
Epoch: [0]  [1840/5625]  eta: 0:32:23  lr: 0.000009  train_loss: 0.5286 (0.5572)  train_iou: 0.5590 (0.6014)  time: 0.4947  data: 0.0004  max mem: 21230
Epoch: [0]  [1860/5625]  eta: 0:32:12  lr: 0.000009  train_loss: 0.3976 (0.5563)  train_iou: 0.6190 (0.6015)  time: 0.5006  data: 0.0004  max mem: 21230
Epoch: [0]  [1880/5625]  eta: 0:32:01  lr: 0.000009  train_loss: 0.4879 (0.5559)  train_iou: 0.5605 (0.6011)  time: 0.4980  data: 0.0004  max mem: 21230
Epoch: [0]  [1900/5625]  eta: 0:31:51  lr: 0.000009  train_loss: 0.4999 (0.5559)  train_iou: 0.5737 (0.6009)  time: 0.4987  data: 0.0004  max mem: 21230
Epoch: [0]  [1920/5625]  eta: 0:31:40  lr: 0.000009  train_loss: 0.4338 (0.5548)  train_iou: 0.6207 (0.6013)  time: 0.5051  data: 0.0004  max mem: 21230
Epoch: [0]  [1940/5625]  eta: 0:31:29  lr: 0.000009  train_loss: 0.4513 (0.5539)  train_iou: 0.6279 (0.6017)  time: 0.4985  data: 0.0004  max mem: 21230
Epoch: [0]  [1960/5625]  eta: 0:31:19  lr: 0.000009  train_loss: 0.4688 (0.5534)  train_iou: 0.6073 (0.6017)  time: 0.5023  data: 0.0004  max mem: 21230
Epoch: [0]  [1980/5625]  eta: 0:31:08  lr: 0.000009  train_loss: 0.4007 (0.5520)  train_iou: 0.6837 (0.6024)  time: 0.5032  data: 0.0004  max mem: 21230
Epoch: [0]  [2000/5625]  eta: 0:30:58  lr: 0.000009  train_loss: 0.4491 (0.5511)  train_iou: 0.6305 (0.6029)  time: 0.5059  data: 0.0004  max mem: 21230
Epoch: [0]  [2020/5625]  eta: 0:30:47  lr: 0.000009  train_loss: 0.4602 (0.5501)  train_iou: 0.6092 (0.6031)  time: 0.5030  data: 0.0004  max mem: 21230
Epoch: [0]  [2040/5625]  eta: 0:30:36  lr: 0.000009  train_loss: 0.5155 (0.5494)  train_iou: 0.6111 (0.6033)  time: 0.4988  data: 0.0004  max mem: 21230
Epoch: [0]  [2060/5625]  eta: 0:30:26  lr: 0.000009  train_loss: 0.4811 (0.5491)  train_iou: 0.6020 (0.6034)  time: 0.5008  data: 0.0004  max mem: 21230
Epoch: [0]  [2080/5625]  eta: 0:30:15  lr: 0.000009  train_loss: 0.4172 (0.5482)  train_iou: 0.5949 (0.6037)  time: 0.4976  data: 0.0012  max mem: 21230
Epoch: [0]  [2100/5625]  eta: 0:30:04  lr: 0.000009  train_loss: 0.4572 (0.5476)  train_iou: 0.6270 (0.6037)  time: 0.5023  data: 0.0004  max mem: 21230
Epoch: [0]  [2120/5625]  eta: 0:29:54  lr: 0.000009  train_loss: 0.4783 (0.5469)  train_iou: 0.5833 (0.6038)  time: 0.4990  data: 0.0004  max mem: 21230
Epoch: [0]  [2140/5625]  eta: 0:29:43  lr: 0.000009  train_loss: 0.4134 (0.5459)  train_iou: 0.6617 (0.6042)  time: 0.4995  data: 0.0004  max mem: 21230
Epoch: [0]  [2160/5625]  eta: 0:29:32  lr: 0.000009  train_loss: 0.2871 (0.5441)  train_iou: 0.7254 (0.6051)  time: 0.5052  data: 0.0004  max mem: 21230
Epoch: [0]  [2180/5625]  eta: 0:29:22  lr: 0.000009  train_loss: 0.4656 (0.5437)  train_iou: 0.6101 (0.6052)  time: 0.4993  data: 0.0004  max mem: 21230
Epoch: [0]  [2200/5625]  eta: 0:29:11  lr: 0.000009  train_loss: 0.4827 (0.5435)  train_iou: 0.6086 (0.6053)  time: 0.4992  data: 0.0004  max mem: 21230
Epoch: [0]  [2220/5625]  eta: 0:29:01  lr: 0.000009  train_loss: 0.5004 (0.5430)  train_iou: 0.6298 (0.6053)  time: 0.4989  data: 0.0004  max mem: 21230
Epoch: [0]  [2240/5625]  eta: 0:28:50  lr: 0.000009  train_loss: 0.3976 (0.5420)  train_iou: 0.6801 (0.6059)  time: 0.5029  data: 0.0004  max mem: 21230
Epoch: [0]  [2260/5625]  eta: 0:28:40  lr: 0.000009  train_loss: 0.4865 (0.5416)  train_iou: 0.5937 (0.6058)  time: 0.5008  data: 0.0004  max mem: 21230
Epoch: [0]  [2280/5625]  eta: 0:28:29  lr: 0.000009  train_loss: 0.3573 (0.5404)  train_iou: 0.6736 (0.6063)  time: 0.4994  data: 0.0004  max mem: 21230
Epoch: [0]  [2300/5625]  eta: 0:28:19  lr: 0.000009  train_loss: 0.4101 (0.5399)  train_iou: 0.6539 (0.6066)  time: 0.5028  data: 0.0004  max mem: 21230
Epoch: [0]  [2320/5625]  eta: 0:28:08  lr: 0.000009  train_loss: 0.3983 (0.5390)  train_iou: 0.6480 (0.6070)  time: 0.5036  data: 0.0006  max mem: 21230
Epoch: [0]  [2340/5625]  eta: 0:27:58  lr: 0.000009  train_loss: 0.5111 (0.5386)  train_iou: 0.5836 (0.6068)  time: 0.5049  data: 0.0004  max mem: 21230
Epoch: [0]  [2360/5625]  eta: 0:27:47  lr: 0.000009  train_loss: 0.5004 (0.5383)  train_iou: 0.5884 (0.6069)  time: 0.5034  data: 0.0013  max mem: 21230
Epoch: [0]  [2380/5625]  eta: 0:27:37  lr: 0.000009  train_loss: 0.4623 (0.5375)  train_iou: 0.6706 (0.6071)  time: 0.5008  data: 0.0004  max mem: 21230
Epoch: [0]  [2400/5625]  eta: 0:27:26  lr: 0.000009  train_loss: 0.4606 (0.5371)  train_iou: 0.6213 (0.6071)  time: 0.5034  data: 0.0004  max mem: 21230
Epoch: [0]  [2420/5625]  eta: 0:27:16  lr: 0.000009  train_loss: 0.4854 (0.5368)  train_iou: 0.5775 (0.6070)  time: 0.5042  data: 0.0004  max mem: 21230
Epoch: [0]  [2440/5625]  eta: 0:27:06  lr: 0.000009  train_loss: 0.4205 (0.5360)  train_iou: 0.6541 (0.6073)  time: 0.5095  data: 0.0004  max mem: 21230
Epoch: [0]  [2460/5625]  eta: 0:26:55  lr: 0.000009  train_loss: 0.4212 (0.5354)  train_iou: 0.6383 (0.6074)  time: 0.5029  data: 0.0004  max mem: 21230
Epoch: [0]  [2480/5625]  eta: 0:26:45  lr: 0.000009  train_loss: 0.4049 (0.5345)  train_iou: 0.6557 (0.6078)  time: 0.5033  data: 0.0004  max mem: 21230
Epoch: [0]  [2500/5625]  eta: 0:26:35  lr: 0.000009  train_loss: 0.4314 (0.5337)  train_iou: 0.6538 (0.6081)  time: 0.5049  data: 0.0004  max mem: 21230
Epoch: [0]  [2520/5625]  eta: 0:26:24  lr: 0.000009  train_loss: 0.4394 (0.5333)  train_iou: 0.6213 (0.6080)  time: 0.5009  data: 0.0013  max mem: 21230
Epoch: [0]  [2540/5625]  eta: 0:26:14  lr: 0.000009  train_loss: 0.4477 (0.5327)  train_iou: 0.6315 (0.6082)  time: 0.5083  data: 0.0005  max mem: 21230
Epoch: [0]  [2560/5625]  eta: 0:26:04  lr: 0.000009  train_loss: 0.3592 (0.5319)  train_iou: 0.6821 (0.6087)  time: 0.5065  data: 0.0005  max mem: 21230
Epoch: [0]  [2580/5625]  eta: 0:25:53  lr: 0.000009  train_loss: 0.4750 (0.5316)  train_iou: 0.5627 (0.6085)  time: 0.5039  data: 0.0008  max mem: 21230
Epoch: [0]  [2600/5625]  eta: 0:25:43  lr: 0.000009  train_loss: 0.4188 (0.5310)  train_iou: 0.6008 (0.6085)  time: 0.5047  data: 0.0005  max mem: 21230
Epoch: [0]  [2620/5625]  eta: 0:25:33  lr: 0.000009  train_loss: 0.3768 (0.5302)  train_iou: 0.6437 (0.6087)  time: 0.5013  data: 0.0006  max mem: 21230
Epoch: [0]  [2640/5625]  eta: 0:25:22  lr: 0.000009  train_loss: 0.4775 (0.5301)  train_iou: 0.5448 (0.6083)  time: 0.5027  data: 0.0005  max mem: 21230
Epoch: [0]  [2660/5625]  eta: 0:25:12  lr: 0.000009  train_loss: 0.4309 (0.5302)  train_iou: 0.6247 (0.6085)  time: 0.5057  data: 0.0006  max mem: 21230
Epoch: [0]  [2680/5625]  eta: 0:25:01  lr: 0.000009  train_loss: 0.3225 (0.5291)  train_iou: 0.6817 (0.6089)  time: 0.5009  data: 0.0004  max mem: 21230
Epoch: [0]  [2700/5625]  eta: 0:24:51  lr: 0.000009  train_loss: 0.3896 (0.5283)  train_iou: 0.6001 (0.6089)  time: 0.5029  data: 0.0004  max mem: 21230
Epoch: [0]  [2720/5625]  eta: 0:24:41  lr: 0.000009  train_loss: 0.3678 (0.5274)  train_iou: 0.6331 (0.6091)  time: 0.5056  data: 0.0004  max mem: 21230
Epoch: [0]  [2740/5625]  eta: 0:24:30  lr: 0.000009  train_loss: 0.4345 (0.5267)  train_iou: 0.5852 (0.6091)  time: 0.5030  data: 0.0004  max mem: 21230
Epoch: [0]  [2760/5625]  eta: 0:24:20  lr: 0.000009  train_loss: 0.4112 (0.5262)  train_iou: 0.6564 (0.6095)  time: 0.5063  data: 0.0014  max mem: 21230
Epoch: [0]  [2780/5625]  eta: 0:24:10  lr: 0.000009  train_loss: 0.4470 (0.5260)  train_iou: 0.6136 (0.6095)  time: 0.5068  data: 0.0004  max mem: 21230
Epoch: [0]  [2800/5625]  eta: 0:24:00  lr: 0.000009  train_loss: 0.3726 (0.5252)  train_iou: 0.6222 (0.6096)  time: 0.5057  data: 0.0008  max mem: 21230
Epoch: [0]  [2820/5625]  eta: 0:23:49  lr: 0.000009  train_loss: 0.3678 (0.5241)  train_iou: 0.6373 (0.6099)  time: 0.5026  data: 0.0005  max mem: 21230
Epoch: [0]  [2840/5625]  eta: 0:23:39  lr: 0.000009  train_loss: 0.3568 (0.5231)  train_iou: 0.5509 (0.6096)  time: 0.5040  data: 0.0004  max mem: 21230
Epoch: [0]  [2860/5625]  eta: 0:23:29  lr: 0.000009  train_loss: 0.3962 (0.5222)  train_iou: 0.6631 (0.6099)  time: 0.5030  data: 0.0015  max mem: 21230
Epoch: [0]  [2880/5625]  eta: 0:23:18  lr: 0.000009  train_loss: 0.4477 (0.5219)  train_iou: 0.5785 (0.6098)  time: 0.5049  data: 0.0004  max mem: 21230
Epoch: [0]  [2900/5625]  eta: 0:23:08  lr: 0.000009  train_loss: 0.3646 (0.5220)  train_iou: 0.6260 (0.6099)  time: 0.5032  data: 0.0016  max mem: 21230
Epoch: [0]  [2920/5625]  eta: 0:22:58  lr: 0.000009  train_loss: 0.4599 (0.5216)  train_iou: 0.6119 (0.6099)  time: 0.5046  data: 0.0004  max mem: 21230
Epoch: [0]  [2940/5625]  eta: 0:22:47  lr: 0.000009  train_loss: 0.3784 (0.5209)  train_iou: 0.6037 (0.6099)  time: 0.5018  data: 0.0004  max mem: 21230
Epoch: [0]  [2960/5625]  eta: 0:22:37  lr: 0.000009  train_loss: 0.3899 (0.5204)  train_iou: 0.5925 (0.6098)  time: 0.5038  data: 0.0004  max mem: 21230
Epoch: [0]  [2980/5625]  eta: 0:22:27  lr: 0.000009  train_loss: 0.3946 (0.5200)  train_iou: 0.5609 (0.6096)  time: 0.5014  data: 0.0014  max mem: 21230
Epoch: [0]  [3000/5625]  eta: 0:22:17  lr: 0.000009  train_loss: 0.4289 (0.5196)  train_iou: 0.5203 (0.6093)  time: 0.5035  data: 0.0008  max mem: 21230
Epoch: [0]  [3020/5625]  eta: 0:22:06  lr: 0.000009  train_loss: 0.4033 (0.5191)  train_iou: 0.6033 (0.6095)  time: 0.5012  data: 0.0012  max mem: 21230
Epoch: [0]  [3040/5625]  eta: 0:21:56  lr: 0.000009  train_loss: 0.3453 (0.5185)  train_iou: 0.6627 (0.6097)  time: 0.5050  data: 0.0006  max mem: 21230
Epoch: [0]  [3060/5625]  eta: 0:21:46  lr: 0.000009  train_loss: 0.3961 (0.5180)  train_iou: 0.6214 (0.6098)  time: 0.5023  data: 0.0015  max mem: 21230
Epoch: [0]  [3080/5625]  eta: 0:21:35  lr: 0.000009  train_loss: 0.4173 (0.5175)  train_iou: 0.5888 (0.6099)  time: 0.5056  data: 0.0006  max mem: 21230
Epoch: [0]  [3100/5625]  eta: 0:21:25  lr: 0.000009  train_loss: 0.4414 (0.5170)  train_iou: 0.6170 (0.6099)  time: 0.5031  data: 0.0014  max mem: 21230
Epoch: [0]  [3120/5625]  eta: 0:21:15  lr: 0.000009  train_loss: 0.3667 (0.5163)  train_iou: 0.6133 (0.6099)  time: 0.5074  data: 0.0004  max mem: 21230
Epoch: [0]  [3140/5625]  eta: 0:21:05  lr: 0.000009  train_loss: 0.3542 (0.5153)  train_iou: 0.6180 (0.6098)  time: 0.5029  data: 0.0004  max mem: 21230
Epoch: [0]  [3160/5625]  eta: 0:20:54  lr: 0.000009  train_loss: 0.3113 (0.5143)  train_iou: 0.6572 (0.6103)  time: 0.5055  data: 0.0004  max mem: 21230
Epoch: [0]  [3180/5625]  eta: 0:20:44  lr: 0.000009  train_loss: 0.4130 (0.5137)  train_iou: 0.5375 (0.6101)  time: 0.5013  data: 0.0004  max mem: 21230
Epoch: [0]  [3200/5625]  eta: 0:20:34  lr: 0.000009  train_loss: 0.4387 (0.5132)  train_iou: 0.6122 (0.6101)  time: 0.5078  data: 0.0004  max mem: 21230
Epoch: [0]  [3220/5625]  eta: 0:20:24  lr: 0.000009  train_loss: 0.3205 (0.5123)  train_iou: 0.6211 (0.6103)  time: 0.4993  data: 0.0004  max mem: 21230
Epoch: [0]  [3240/5625]  eta: 0:20:13  lr: 0.000009  train_loss: 0.4336 (0.5121)  train_iou: 0.5921 (0.6102)  time: 0.5060  data: 0.0004  max mem: 21230
Epoch: [0]  [3260/5625]  eta: 0:20:03  lr: 0.000009  train_loss: 0.3450 (0.5113)  train_iou: 0.6268 (0.6102)  time: 0.5024  data: 0.0004  max mem: 21230
Epoch: [0]  [3280/5625]  eta: 0:19:53  lr: 0.000009  train_loss: 0.4113 (0.5107)  train_iou: 0.6335 (0.6105)  time: 0.5046  data: 0.0004  max mem: 21230
Epoch: [0]  [3300/5625]  eta: 0:19:43  lr: 0.000009  train_loss: 0.3810 (0.5101)  train_iou: 0.6283 (0.6108)  time: 0.5005  data: 0.0004  max mem: 21230
Epoch: [0]  [3320/5625]  eta: 0:19:32  lr: 0.000009  train_loss: 0.4198 (0.5096)  train_iou: 0.6117 (0.6109)  time: 0.5015  data: 0.0004  max mem: 21230
Epoch: [0]  [3340/5625]  eta: 0:19:22  lr: 0.000009  train_loss: 0.4150 (0.5092)  train_iou: 0.6365 (0.6108)  time: 0.5040  data: 0.0004  max mem: 21230
Epoch: [0]  [3360/5625]  eta: 0:19:12  lr: 0.000009  train_loss: 0.3244 (0.5084)  train_iou: 0.6070 (0.6108)  time: 0.5010  data: 0.0004  max mem: 21230
Epoch: [0]  [3380/5625]  eta: 0:19:02  lr: 0.000009  train_loss: 0.3464 (0.5077)  train_iou: 0.5770 (0.6109)  time: 0.5043  data: 0.0004  max mem: 21230
Epoch: [0]  [3400/5625]  eta: 0:18:51  lr: 0.000009  train_loss: 0.4770 (0.5074)  train_iou: 0.5974 (0.6108)  time: 0.5069  data: 0.0004  max mem: 21230
Epoch: [0]  [3420/5625]  eta: 0:18:41  lr: 0.000009  train_loss: 0.4107 (0.5071)  train_iou: 0.6324 (0.6108)  time: 0.5007  data: 0.0004  max mem: 21230
Epoch: [0]  [3440/5625]  eta: 0:18:31  lr: 0.000009  train_loss: 0.3873 (0.5065)  train_iou: 0.6597 (0.6111)  time: 0.5026  data: 0.0004  max mem: 21230
Epoch: [0]  [3460/5625]  eta: 0:18:21  lr: 0.000009  train_loss: 0.4452 (0.5061)  train_iou: 0.6478 (0.6112)  time: 0.5021  data: 0.0004  max mem: 21230
Epoch: [0]  [3480/5625]  eta: 0:18:10  lr: 0.000009  train_loss: 0.3738 (0.5054)  train_iou: 0.5910 (0.6110)  time: 0.4987  data: 0.0004  max mem: 21230
Epoch: [0]  [3500/5625]  eta: 0:18:00  lr: 0.000009  train_loss: 0.3176 (0.5045)  train_iou: 0.6775 (0.6113)  time: 0.5046  data: 0.0004  max mem: 21230
Epoch: [0]  [3520/5625]  eta: 0:17:50  lr: 0.000009  train_loss: 0.2939 (0.5037)  train_iou: 0.6579 (0.6116)  time: 0.5041  data: 0.0004  max mem: 21230
Epoch: [0]  [3540/5625]  eta: 0:17:40  lr: 0.000009  train_loss: 0.3057 (0.5030)  train_iou: 0.6467 (0.6118)  time: 0.5041  data: 0.0004  max mem: 21230
Epoch: [0]  [3560/5625]  eta: 0:17:29  lr: 0.000009  train_loss: 0.3469 (0.5023)  train_iou: 0.7012 (0.6120)  time: 0.5035  data: 0.0004  max mem: 21230
Epoch: [0]  [3580/5625]  eta: 0:17:19  lr: 0.000009  train_loss: 0.3685 (0.5017)  train_iou: 0.6401 (0.6122)  time: 0.5015  data: 0.0004  max mem: 21230
Epoch: [0]  [3600/5625]  eta: 0:17:09  lr: 0.000009  train_loss: 0.2915 (0.5015)  train_iou: 0.6519 (0.6124)  time: 0.5027  data: 0.0004  max mem: 21230
Epoch: [0]  [3620/5625]  eta: 0:16:59  lr: 0.000009  train_loss: 0.3855 (0.5014)  train_iou: 0.6279 (0.6124)  time: 0.5006  data: 0.0004  max mem: 21230
Epoch: [0]  [3640/5625]  eta: 0:16:48  lr: 0.000009  train_loss: 0.2826 (0.5008)  train_iou: 0.6298 (0.6124)  time: 0.5037  data: 0.0004  max mem: 21230
Epoch: [0]  [3660/5625]  eta: 0:16:38  lr: 0.000009  train_loss: 0.3282 (0.5001)  train_iou: 0.7143 (0.6127)  time: 0.5015  data: 0.0004  max mem: 21230
Epoch: [0]  [3680/5625]  eta: 0:16:28  lr: 0.000009  train_loss: 0.3928 (0.4997)  train_iou: 0.5648 (0.6124)  time: 0.5045  data: 0.0004  max mem: 21230
Epoch: [0]  [3700/5625]  eta: 0:16:18  lr: 0.000009  train_loss: 0.3096 (0.4988)  train_iou: 0.6234 (0.6126)  time: 0.5057  data: 0.0005  max mem: 21230
Epoch: [0]  [3720/5625]  eta: 0:16:08  lr: 0.000009  train_loss: 0.3531 (0.4982)  train_iou: 0.5901 (0.6125)  time: 0.5020  data: 0.0004  max mem: 21230
Epoch: [0]  [3740/5625]  eta: 0:15:57  lr: 0.000009  train_loss: 0.3113 (0.4975)  train_iou: 0.6422 (0.6125)  time: 0.4986  data: 0.0004  max mem: 21230
Epoch: [0]  [3760/5625]  eta: 0:15:47  lr: 0.000009  train_loss: 0.3875 (0.4971)  train_iou: 0.6092 (0.6127)  time: 0.5009  data: 0.0004  max mem: 21230
Epoch: [0]  [3780/5625]  eta: 0:15:37  lr: 0.000009  train_loss: 0.3688 (0.4967)  train_iou: 0.6421 (0.6128)  time: 0.5052  data: 0.0004  max mem: 21230
Epoch: [0]  [3800/5625]  eta: 0:15:27  lr: 0.000009  train_loss: 0.3747 (0.4961)  train_iou: 0.6031 (0.6126)  time: 0.5040  data: 0.0004  max mem: 21230
Epoch: [0]  [3820/5625]  eta: 0:15:16  lr: 0.000009  train_loss: 0.3739 (0.4954)  train_iou: 0.6145 (0.6126)  time: 0.5003  data: 0.0004  max mem: 21230
Epoch: [0]  [3840/5625]  eta: 0:15:06  lr: 0.000009  train_loss: 0.2960 (0.4946)  train_iou: 0.6352 (0.6127)  time: 0.5044  data: 0.0004  max mem: 21230
Epoch: [0]  [3860/5625]  eta: 0:14:56  lr: 0.000009  train_loss: 0.4559 (0.4945)  train_iou: 0.5992 (0.6124)  time: 0.5017  data: 0.0004  max mem: 21230
Epoch: [0]  [3880/5625]  eta: 0:14:46  lr: 0.000009  train_loss: 0.4058 (0.4941)  train_iou: 0.5985 (0.6123)  time: 0.5016  data: 0.0004  max mem: 21230
Epoch: [0]  [3900/5625]  eta: 0:14:36  lr: 0.000009  train_loss: 0.3310 (0.4936)  train_iou: 0.6203 (0.6124)  time: 0.5003  data: 0.0004  max mem: 21230
Epoch: [0]  [3920/5625]  eta: 0:14:25  lr: 0.000009  train_loss: 0.3555 (0.4932)  train_iou: 0.6410 (0.6124)  time: 0.5043  data: 0.0004  max mem: 21230
Epoch: [0]  [3940/5625]  eta: 0:14:15  lr: 0.000009  train_loss: 0.3609 (0.4927)  train_iou: 0.6086 (0.6125)  time: 0.5015  data: 0.0004  max mem: 21230
Epoch: [0]  [3960/5625]  eta: 0:14:05  lr: 0.000009  train_loss: 0.3882 (0.4922)  train_iou: 0.6077 (0.6126)  time: 0.5006  data: 0.0004  max mem: 21230
Epoch: [0]  [3980/5625]  eta: 0:13:55  lr: 0.000009  train_loss: 0.3201 (0.4917)  train_iou: 0.6553 (0.6127)  time: 0.5024  data: 0.0004  max mem: 21230
Epoch: [0]  [4000/5625]  eta: 0:13:45  lr: 0.000009  train_loss: 0.4012 (0.4915)  train_iou: 0.5655 (0.6127)  time: 0.5009  data: 0.0004  max mem: 21230
Epoch: [0]  [4020/5625]  eta: 0:13:34  lr: 0.000009  train_loss: 0.4157 (0.4911)  train_iou: 0.6793 (0.6131)  time: 0.5054  data: 0.0004  max mem: 21230
Epoch: [0]  [4040/5625]  eta: 0:13:24  lr: 0.000009  train_loss: 0.3146 (0.4903)  train_iou: 0.6624 (0.6133)  time: 0.5015  data: 0.0004  max mem: 21230
Epoch: [0]  [4060/5625]  eta: 0:13:14  lr: 0.000009  train_loss: 0.3911 (0.4900)  train_iou: 0.6716 (0.6135)  time: 0.4998  data: 0.0004  max mem: 21230
Epoch: [0]  [4080/5625]  eta: 0:13:04  lr: 0.000009  train_loss: 0.3229 (0.4895)  train_iou: 0.6772 (0.6137)  time: 0.5002  data: 0.0004  max mem: 21230
Epoch: [0]  [4100/5625]  eta: 0:12:54  lr: 0.000009  train_loss: 0.3320 (0.4890)  train_iou: 0.6163 (0.6138)  time: 0.4989  data: 0.0004  max mem: 21230
Epoch: [0]  [4120/5625]  eta: 0:12:43  lr: 0.000009  train_loss: 0.3835 (0.4885)  train_iou: 0.5991 (0.6138)  time: 0.5049  data: 0.0004  max mem: 21230
Epoch: [0]  [4140/5625]  eta: 0:12:33  lr: 0.000009  train_loss: 0.2811 (0.4878)  train_iou: 0.6159 (0.6139)  time: 0.4968  data: 0.0004  max mem: 21230
Epoch: [0]  [4160/5625]  eta: 0:12:23  lr: 0.000009  train_loss: 0.3629 (0.4873)  train_iou: 0.5608 (0.6138)  time: 0.5025  data: 0.0004  max mem: 21230
Epoch: [0]  [4180/5625]  eta: 0:12:13  lr: 0.000009  train_loss: 0.3469 (0.4869)  train_iou: 0.6258 (0.6138)  time: 0.5027  data: 0.0004  max mem: 21230
Epoch: [0]  [4200/5625]  eta: 0:12:03  lr: 0.000009  train_loss: 0.3556 (0.4865)  train_iou: 0.5906 (0.6137)  time: 0.5034  data: 0.0004  max mem: 21230
Epoch: [0]  [4220/5625]  eta: 0:11:52  lr: 0.000009  train_loss: 0.3045 (0.4859)  train_iou: 0.6354 (0.6139)  time: 0.5039  data: 0.0004  max mem: 21230
Epoch: [0]  [4240/5625]  eta: 0:11:42  lr: 0.000009  train_loss: 0.3054 (0.4854)  train_iou: 0.6204 (0.6139)  time: 0.5040  data: 0.0015  max mem: 21230
Epoch: [0]  [4260/5625]  eta: 0:11:32  lr: 0.000009  train_loss: 0.3649 (0.4851)  train_iou: 0.6276 (0.6139)  time: 0.5030  data: 0.0004  max mem: 21230
Epoch: [0]  [4280/5625]  eta: 0:11:22  lr: 0.000009  train_loss: 0.3453 (0.4847)  train_iou: 0.6527 (0.6140)  time: 0.5000  data: 0.0004  max mem: 21230
Epoch: [0]  [4300/5625]  eta: 0:11:12  lr: 0.000009  train_loss: 0.3151 (0.4840)  train_iou: 0.6168 (0.6141)  time: 0.5088  data: 0.0004  max mem: 21230
Epoch: [0]  [4320/5625]  eta: 0:11:02  lr: 0.000009  train_loss: 0.3276 (0.4833)  train_iou: 0.7093 (0.6144)  time: 0.5075  data: 0.0004  max mem: 21230
Epoch: [0]  [4340/5625]  eta: 0:10:51  lr: 0.000009  train_loss: 0.3169 (0.4826)  train_iou: 0.6563 (0.6144)  time: 0.5009  data: 0.0004  max mem: 21230
Epoch: [0]  [4360/5625]  eta: 0:10:41  lr: 0.000009  train_loss: 0.3494 (0.4823)  train_iou: 0.5788 (0.6143)  time: 0.5015  data: 0.0004  max mem: 21230
Epoch: [0]  [4380/5625]  eta: 0:10:31  lr: 0.000009  train_loss: 0.3328 (0.4822)  train_iou: 0.5430 (0.6141)  time: 0.5050  data: 0.0015  max mem: 21230
Epoch: [0]  [4400/5625]  eta: 0:10:21  lr: 0.000009  train_loss: 0.3077 (0.4818)  train_iou: 0.6469 (0.6143)  time: 0.5037  data: 0.0004  max mem: 21230
Epoch: [0]  [4420/5625]  eta: 0:10:11  lr: 0.000009  train_loss: 0.2950 (0.4812)  train_iou: 0.5578 (0.6142)  time: 0.5038  data: 0.0006  max mem: 21230
Epoch: [0]  [4440/5625]  eta: 0:10:01  lr: 0.000009  train_loss: 0.4442 (0.4811)  train_iou: 0.5730 (0.6140)  time: 0.5054  data: 0.0005  max mem: 21230
Epoch: [0]  [4460/5625]  eta: 0:09:50  lr: 0.000009  train_loss: 0.2705 (0.4806)  train_iou: 0.6825 (0.6142)  time: 0.5049  data: 0.0008  max mem: 21230
Epoch: [0]  [4480/5625]  eta: 0:09:40  lr: 0.000009  train_loss: 0.3585 (0.4803)  train_iou: 0.6573 (0.6143)  time: 0.5000  data: 0.0004  max mem: 21230
Epoch: [0]  [4500/5625]  eta: 0:09:30  lr: 0.000009  train_loss: 0.4144 (0.4802)  train_iou: 0.5988 (0.6142)  time: 0.5056  data: 0.0004  max mem: 21230
Epoch: [0]  [4520/5625]  eta: 0:09:20  lr: 0.000009  train_loss: 0.3087 (0.4796)  train_iou: 0.5859 (0.6141)  time: 0.5034  data: 0.0004  max mem: 21230
Epoch: [0]  [4540/5625]  eta: 0:09:10  lr: 0.000009  train_loss: 0.3351 (0.4791)  train_iou: 0.6320 (0.6142)  time: 0.5037  data: 0.0004  max mem: 21230
Epoch: [0]  [4560/5625]  eta: 0:09:00  lr: 0.000009  train_loss: 0.3508 (0.4793)  train_iou: 0.6539 (0.6143)  time: 0.5037  data: 0.0004  max mem: 21230
Epoch: [0]  [4580/5625]  eta: 0:08:49  lr: 0.000009  train_loss: 0.3660 (0.4789)  train_iou: 0.6330 (0.6144)  time: 0.5068  data: 0.0004  max mem: 21230
Epoch: [0]  [4600/5625]  eta: 0:08:39  lr: 0.000009  train_loss: 0.2863 (0.4783)  train_iou: 0.6369 (0.6145)  time: 0.5031  data: 0.0004  max mem: 21230
Epoch: [0]  [4620/5625]  eta: 0:08:29  lr: 0.000009  train_loss: 0.3306 (0.4779)  train_iou: 0.6386 (0.6146)  time: 0.5068  data: 0.0016  max mem: 21230
Epoch: [0]  [4640/5625]  eta: 0:08:19  lr: 0.000009  train_loss: 0.2619 (0.4774)  train_iou: 0.5971 (0.6147)  time: 0.5017  data: 0.0004  max mem: 21230
Epoch: [0]  [4660/5625]  eta: 0:08:09  lr: 0.000009  train_loss: 0.3245 (0.4768)  train_iou: 0.6472 (0.6149)  time: 0.5028  data: 0.0004  max mem: 21230
Epoch: [0]  [4680/5625]  eta: 0:07:59  lr: 0.000009  train_loss: 0.2820 (0.4760)  train_iou: 0.6577 (0.6151)  time: 0.5041  data: 0.0004  max mem: 21230
Epoch: [0]  [4700/5625]  eta: 0:07:49  lr: 0.000009  train_loss: 0.3489 (0.4756)  train_iou: 0.6650 (0.6153)  time: 0.5055  data: 0.0006  max mem: 21230
Epoch: [0]  [4720/5625]  eta: 0:07:38  lr: 0.000009  train_loss: 0.2935 (0.4749)  train_iou: 0.5886 (0.6152)  time: 0.5063  data: 0.0004  max mem: 21230
Epoch: [0]  [4740/5625]  eta: 0:07:28  lr: 0.000009  train_loss: 0.3150 (0.4744)  train_iou: 0.6137 (0.6153)  time: 0.5041  data: 0.0019  max mem: 21230
Epoch: [0]  [4760/5625]  eta: 0:07:18  lr: 0.000009  train_loss: 0.3344 (0.4739)  train_iou: 0.6239 (0.6153)  time: 0.5042  data: 0.0004  max mem: 21230
Epoch: [0]  [4780/5625]  eta: 0:07:08  lr: 0.000009  train_loss: 0.2992 (0.4735)  train_iou: 0.6348 (0.6153)  time: 0.5021  data: 0.0004  max mem: 21230
Epoch: [0]  [4800/5625]  eta: 0:06:58  lr: 0.000009  train_loss: 0.2940 (0.4728)  train_iou: 0.6425 (0.6154)  time: 0.5019  data: 0.0005  max mem: 21230
Epoch: [0]  [4820/5625]  eta: 0:06:48  lr: 0.000009  train_loss: 0.2830 (0.4722)  train_iou: 0.6110 (0.6156)  time: 0.5039  data: 0.0005  max mem: 21230
Epoch: [0]  [4840/5625]  eta: 0:06:37  lr: 0.000009  train_loss: 0.3301 (0.4718)  train_iou: 0.5963 (0.6155)  time: 0.5049  data: 0.0013  max mem: 21230
Epoch: [0]  [4860/5625]  eta: 0:06:27  lr: 0.000009  train_loss: 0.3109 (0.4714)  train_iou: 0.7165 (0.6158)  time: 0.5073  data: 0.0004  max mem: 21230
Epoch: [0]  [4880/5625]  eta: 0:06:17  lr: 0.000009  train_loss: 0.3522 (0.4711)  train_iou: 0.6164 (0.6158)  time: 0.5059  data: 0.0010  max mem: 21230
Epoch: [0]  [4900/5625]  eta: 0:06:07  lr: 0.000009  train_loss: 0.3578 (0.4709)  train_iou: 0.5948 (0.6158)  time: 0.5038  data: 0.0004  max mem: 21230
Epoch: [0]  [4920/5625]  eta: 0:05:57  lr: 0.000009  train_loss: 0.3312 (0.4705)  train_iou: 0.6331 (0.6158)  time: 0.5044  data: 0.0017  max mem: 21230
Epoch: [0]  [4940/5625]  eta: 0:05:47  lr: 0.000009  train_loss: 0.3862 (0.4703)  train_iou: 0.5991 (0.6157)  time: 0.5098  data: 0.0004  max mem: 21230
Epoch: [0]  [4960/5625]  eta: 0:05:37  lr: 0.000009  train_loss: 0.2822 (0.4696)  train_iou: 0.6666 (0.6159)  time: 0.5047  data: 0.0007  max mem: 21230
Epoch: [0]  [4980/5625]  eta: 0:05:26  lr: 0.000009  train_loss: 0.3316 (0.4692)  train_iou: 0.6014 (0.6158)  time: 0.5032  data: 0.0007  max mem: 21230
Epoch: [0]  [5000/5625]  eta: 0:05:16  lr: 0.000009  train_loss: 0.3070 (0.4688)  train_iou: 0.6615 (0.6160)  time: 0.5011  data: 0.0004  max mem: 21230
Epoch: [0]  [5020/5625]  eta: 0:05:06  lr: 0.000009  train_loss: 0.2827 (0.4683)  train_iou: 0.6331 (0.6160)  time: 0.5008  data: 0.0004  max mem: 21230
Epoch: [0]  [5040/5625]  eta: 0:04:56  lr: 0.000009  train_loss: 0.3597 (0.4681)  train_iou: 0.6200 (0.6160)  time: 0.5032  data: 0.0004  max mem: 21230
Epoch: [0]  [5060/5625]  eta: 0:04:46  lr: 0.000009  train_loss: 0.3157 (0.4677)  train_iou: 0.6152 (0.6159)  time: 0.5004  data: 0.0011  max mem: 21230
Epoch: [0]  [5080/5625]  eta: 0:04:36  lr: 0.000009  train_loss: 0.3411 (0.4674)  train_iou: 0.5713 (0.6158)  time: 0.5051  data: 0.0004  max mem: 21230
Epoch: [0]  [5100/5625]  eta: 0:04:26  lr: 0.000009  train_loss: 0.4345 (0.4673)  train_iou: 0.6155 (0.6157)  time: 0.5047  data: 0.0004  max mem: 21230
Epoch: [0]  [5120/5625]  eta: 0:04:15  lr: 0.000009  train_loss: 0.3000 (0.4668)  train_iou: 0.6664 (0.6158)  time: 0.5044  data: 0.0009  max mem: 21230
Epoch: [0]  [5140/5625]  eta: 0:04:05  lr: 0.000009  train_loss: 0.3486 (0.4665)  train_iou: 0.5619 (0.6157)  time: 0.5067  data: 0.0013  max mem: 21230
Epoch: [0]  [5160/5625]  eta: 0:03:55  lr: 0.000009  train_loss: 0.3595 (0.4662)  train_iou: 0.6558 (0.6158)  time: 0.5017  data: 0.0004  max mem: 21230
Epoch: [0]  [5180/5625]  eta: 0:03:45  lr: 0.000009  train_loss: 0.2788 (0.4657)  train_iou: 0.6322 (0.6159)  time: 0.5027  data: 0.0004  max mem: 21230
Epoch: [0]  [5200/5625]  eta: 0:03:35  lr: 0.000009  train_loss: 0.3055 (0.4657)  train_iou: 0.6927 (0.6162)  time: 0.5012  data: 0.0004  max mem: 21230
Epoch: [0]  [5220/5625]  eta: 0:03:25  lr: 0.000009  train_loss: 0.3537 (0.4654)  train_iou: 0.6127 (0.6162)  time: 0.4996  data: 0.0004  max mem: 21230
Epoch: [0]  [5240/5625]  eta: 0:03:15  lr: 0.000009  train_loss: 0.2814 (0.4650)  train_iou: 0.6619 (0.6163)  time: 0.5051  data: 0.0004  max mem: 21230
Epoch: [0]  [5260/5625]  eta: 0:03:04  lr: 0.000009  train_loss: 0.3705 (0.4649)  train_iou: 0.6326 (0.6163)  time: 0.5041  data: 0.0004  max mem: 21230
Epoch: [0]  [5280/5625]  eta: 0:02:54  lr: 0.000009  train_loss: 0.3627 (0.4649)  train_iou: 0.6366 (0.6164)  time: 0.5008  data: 0.0004  max mem: 21230
Epoch: [0]  [5300/5625]  eta: 0:02:44  lr: 0.000009  train_loss: 0.3305 (0.4645)  train_iou: 0.6818 (0.6165)  time: 0.5043  data: 0.0004  max mem: 21230
Epoch: [0]  [5320/5625]  eta: 0:02:34  lr: 0.000009  train_loss: 0.4080 (0.4643)  train_iou: 0.5511 (0.6163)  time: 0.5004  data: 0.0004  max mem: 21230
Epoch: [0]  [5340/5625]  eta: 0:02:24  lr: 0.000009  train_loss: 0.2937 (0.4639)  train_iou: 0.6391 (0.6164)  time: 0.5013  data: 0.0004  max mem: 21230
Epoch: [0]  [5360/5625]  eta: 0:02:14  lr: 0.000009  train_loss: 0.2986 (0.4635)  train_iou: 0.6350 (0.6164)  time: 0.5017  data: 0.0004  max mem: 21230
Epoch: [0]  [5380/5625]  eta: 0:02:04  lr: 0.000009  train_loss: 0.2619 (0.4628)  train_iou: 0.6230 (0.6166)  time: 0.4979  data: 0.0004  max mem: 21230
Epoch: [0]  [5400/5625]  eta: 0:01:53  lr: 0.000009  train_loss: 0.3863 (0.4627)  train_iou: 0.5812 (0.6165)  time: 0.5030  data: 0.0004  max mem: 21230
Epoch: [0]  [5420/5625]  eta: 0:01:43  lr: 0.000009  train_loss: 0.3799 (0.4623)  train_iou: 0.6007 (0.6165)  time: 0.5024  data: 0.0004  max mem: 21230
Epoch: [0]  [5440/5625]  eta: 0:01:33  lr: 0.000009  train_loss: 0.3199 (0.4619)  train_iou: 0.6156 (0.6165)  time: 0.5031  data: 0.0004  max mem: 21230
Epoch: [0]  [5460/5625]  eta: 0:01:23  lr: 0.000009  train_loss: 0.3297 (0.4615)  train_iou: 0.6387 (0.6165)  time: 0.5025  data: 0.0004  max mem: 21230
Epoch: [0]  [5480/5625]  eta: 0:01:13  lr: 0.000009  train_loss: 0.3185 (0.4611)  train_iou: 0.6531 (0.6167)  time: 0.5042  data: 0.0004  max mem: 21230
Epoch: [0]  [5500/5625]  eta: 0:01:03  lr: 0.000009  train_loss: 0.3627 (0.4607)  train_iou: 0.6273 (0.6168)  time: 0.5036  data: 0.0006  max mem: 21230
Epoch: [0]  [5520/5625]  eta: 0:00:53  lr: 0.000009  train_loss: 0.3214 (0.4603)  train_iou: 0.6416 (0.6169)  time: 0.5064  data: 0.0006  max mem: 21230
Epoch: [0]  [5540/5625]  eta: 0:00:43  lr: 0.000009  train_loss: 0.3322 (0.4599)  train_iou: 0.6549 (0.6170)  time: 0.5035  data: 0.0011  max mem: 21230
Epoch: [0]  [5560/5625]  eta: 0:00:32  lr: 0.000009  train_loss: 0.3423 (0.4596)  train_iou: 0.5952 (0.6169)  time: 0.5041  data: 0.0014  max mem: 21230
Epoch: [0]  [5580/5625]  eta: 0:00:22  lr: 0.000009  train_loss: 0.3629 (0.4593)  train_iou: 0.5957 (0.6168)  time: 0.5026  data: 0.0005  max mem: 21230
Epoch: [0]  [5600/5625]  eta: 0:00:12  lr: 0.000009  train_loss: 0.3548 (0.4591)  train_iou: 0.6238 (0.6167)  time: 0.5043  data: 0.0006  max mem: 21230
Epoch: [0]  [5620/5625]  eta: 0:00:02  lr: 0.000009  train_loss: 0.3512 (0.4588)  train_iou: 0.6247 (0.6168)  time: 0.4863  data: 0.0002  max mem: 21230
Epoch: [0]  [5624/5625]  eta: 0:00:00  lr: 0.000009  train_loss: 0.3349 (0.4587)  train_iou: 0.6401 (0.6169)  time: 0.4807  data: 0.0002  max mem: 21230
Epoch: [0] Total time: 0:47:29 (0.5066 s / it)
Averaged stats: lr: 0.000009  train_loss: 0.3349 (0.4587)  train_iou: 0.6401 (0.6169)
huggingface/tokenizers: The current process just got forked, after parallelism has already been used. Disabling parallelism to avoid deadlocks...
To disable this warning, you can either:
	- Avoid using `tokenizers` before the fork if possible
	- Explicitly set the environment variable TOKENIZERS_PARALLELISM=(true | false)
huggingface/tokenizers: The current process just got forked, after parallelism has already been used. Disabling parallelism to avoid deadlocks...
To disable this warning, you can either:
	- Avoid using `tokenizers` before the fork if possible
	- Explicitly set the environment variable TOKENIZERS_PARALLELISM=(true | false)
huggingface/tokenizers: The current process just got forked, after parallelism has already been used. Disabling parallelism to avoid deadlocks...
To disable this warning, you can either:
	- Avoid using `tokenizers` before the fork if possible
	- Explicitly set the environment variable TOKENIZERS_PARALLELISM=(true | false)
huggingface/tokenizers: The current process just got forked, after parallelism has already been used. Disabling parallelism to avoid deadlocks...
To disable this warning, you can either:
	- Avoid using `tokenizers` before the fork if possible
	- Explicitly set the environment variable TOKENIZERS_PARALLELISM=(true | false)
huggingface/tokenizers: The current process just got forked, after parallelism has already been used. Disabling parallelism to avoid deadlocks...
To disable this warning, you can either:
	- Avoid using `tokenizers` before the fork if possible
	- Explicitly set the environment variable TOKENIZERS_PARALLELISM=(true | false)
huggingface/tokenizers: The current process just got forked, after parallelism has already been used. Disabling parallelism to avoid deadlocks...
To disable this warning, you can either:
	- Avoid using `tokenizers` before the fork if possible
	- Explicitly set the environment variable TOKENIZERS_PARALLELISM=(true | false)
huggingface/tokenizers: The current process just got forked, after parallelism has already been used. Disabling parallelism to avoid deadlocks...
To disable this warning, you can either:
	- Avoid using `tokenizers` before the fork if possible
	- Explicitly set the environment variable TOKENIZERS_PARALLELISM=(true | false)
huggingface/tokenizers: The current process just got forked, after parallelism has already been used. Disabling parallelism to avoid deadlocks...
To disable this warning, you can either:
	- Avoid using `tokenizers` before the fork if possible
	- Explicitly set the environment variable TOKENIZERS_PARALLELISM=(true | false)
Test:  [   0/4000]  eta: 7:50:54  inter: 32985.0000 (32985.0000)  union: 35228.0000 (35228.0000)  iou: 0.9363 (0.9363)  time: 7.0636  data: 1.5064  max mem: 21230
Test:  [  50/4000]  eta: 0:35:50  inter: 22398.0000 (24349.7344)  union: 49160.0000 (42328.7812)  iou: 0.4975 (0.5529)  time: 0.1291  data: 0.0004  max mem: 21230
Test:  [ 100/4000]  eta: 0:26:53  inter: 22435.0000 (25837.0662)  union: 46919.0000 (43271.9044)  iou: 0.6204 (0.5897)  time: 0.1299  data: 0.0004  max mem: 21230
Test:  [ 150/4000]  eta: 0:20:40  inter: 17423.0000 (24885.3206)  union: 32097.0000 (40740.6411)  iou: 0.8559 (0.6117)  time: 0.1426  data: 0.0004  max mem: 21230
Test:  [ 200/4000]  eta: 0:17:18  inter: 33676.0000 (25465.2198)  union: 36663.0000 (40483.9304)  iou: 0.7461 (0.6225)  time: 0.1235  data: 0.0004  max mem: 21230
Test:  [ 250/4000]  eta: 0:15:08  inter: 15094.0000 (27192.5873)  union: 32750.0000 (42511.4789)  iou: 0.3014 (0.6127)  time: 0.1143  data: 0.0004  max mem: 21230
Test:  [ 300/4000]  eta: 0:13:49  inter: 19923.0000 (26633.0744)  union: 24269.0000 (42189.1042)  iou: 0.7168 (0.6034)  time: 0.1360  data: 0.0004  max mem: 21230
Test:  [ 350/4000]  eta: 0:12:58  inter: 9716.0000 (25667.6426)  union: 34257.0000 (41850.4897)  iou: 0.5588 (0.5914)  time: 0.1496  data: 0.0004  max mem: 21230
Test:  [ 400/4000]  eta: 0:13:44  inter: 30334.0000 (25211.5107)  union: 36610.0000 (41698.6250)  iou: 0.6411 (0.5894)  time: 0.1240  data: 0.0004  max mem: 24227
Test:  [ 450/4000]  eta: 0:12:54  inter: 19755.0000 (24984.7048)  union: 29303.0000 (41423.5397)  iou: 0.6069 (0.5896)  time: 0.1532  data: 0.0004  max mem: 24227
Test:  [ 500/4000]  eta: 0:12:13  inter: 17241.0000 (25586.9642)  union: 36239.0000 (42220.4685)  iou: 0.6606 (0.5904)  time: 0.1213  data: 0.0004  max mem: 24227
Test:  [ 550/4000]  eta: 0:11:42  inter: 23437.0000 (25605.0231)  union: 27708.0000 (41973.5283)  iou: 0.7883 (0.5956)  time: 0.1459  data: 0.0004  max mem: 24227
Test:  [ 600/4000]  eta: 0:11:11  inter: 10020.0000 (25546.8189)  union: 31946.0000 (41748.5964)  iou: 0.8242 (0.5935)  time: 0.1361  data: 0.0004  max mem: 24227
Test:  [ 650/4000]  eta: 0:10:42  inter: 25881.0000 (26088.3204)  union: 41878.0000 (42221.4895)  iou: 0.6653 (0.5939)  time: 0.1214  data: 0.0004  max mem: 24227
Test:  [ 700/4000]  eta: 0:10:18  inter: 13944.0000 (25553.4795)  union: 28954.0000 (41835.3747)  iou: 0.3313 (0.5864)  time: 0.1269  data: 0.0004  max mem: 24227
Test:  [ 750/4000]  eta: 0:09:59  inter: 23156.0000 (25613.2046)  union: 30288.0000 (41761.5176)  iou: 0.7983 (0.5900)  time: 0.1532  data: 0.0004  max mem: 24227
Test:  [ 800/4000]  eta: 0:09:39  inter: 13765.0000 (25402.8625)  union: 46376.0000 (41350.5571)  iou: 0.6101 (0.5907)  time: 0.1418  data: 0.0004  max mem: 24227
Test:  [ 850/4000]  eta: 0:09:22  inter: 21503.0000 (25485.4552)  union: 42305.0000 (41384.4586)  iou: 0.7025 (0.5929)  time: 0.1194  data: 0.0004  max mem: 24227
Test:  [ 900/4000]  eta: 0:09:06  inter: 10988.0000 (25458.3036)  union: 27441.0000 (41487.9842)  iou: 0.5484 (0.5890)  time: 0.1185  data: 0.0004  max mem: 24227
Test:  [ 950/4000]  eta: 0:08:50  inter: 24950.0000 (25710.1418)  union: 30572.0000 (41584.4351)  iou: 0.8236 (0.5901)  time: 0.1337  data: 0.0004  max mem: 24227
Test:  [1000/4000]  eta: 0:08:35  inter: 20183.0000 (25945.0335)  union: 37269.0000 (41780.2929)  iou: 0.7809 (0.5915)  time: 0.1199  data: 0.0004  max mem: 24227
Test:  [1050/4000]  eta: 0:08:20  inter: 21407.0000 (25959.0388)  union: 37764.0000 (41745.9224)  iou: 0.5850 (0.5910)  time: 0.1347  data: 0.0004  max mem: 24227
Test:  [1100/4000]  eta: 0:08:06  inter: 18255.0000 (25800.6400)  union: 30096.0000 (41524.4915)  iou: 0.6584 (0.5903)  time: 0.1293  data: 0.0004  max mem: 24227
Test:  [1150/4000]  eta: 0:07:54  inter: 9639.0000 (25965.4330)  union: 23551.0000 (41397.6880)  iou: 0.5036 (0.5930)  time: 0.1445  data: 0.0004  max mem: 24227
Test:  [1200/4000]  eta: 0:07:42  inter: 9886.0000 (25820.6576)  union: 28740.0000 (41622.1986)  iou: 0.5842 (0.5886)  time: 0.1320  data: 0.0004  max mem: 24227
Test:  [1250/4000]  eta: 0:07:32  inter: 283.0000 (25575.9835)  union: 31443.0000 (41322.7081)  iou: 0.0033 (0.5870)  time: 0.1489  data: 0.0004  max mem: 24227
Test:  [1300/4000]  eta: 0:07:20  inter: 16906.0000 (25357.9814)  union: 37738.0000 (41257.3725)  iou: 0.4044 (0.5876)  time: 0.1369  data: 0.0004  max mem: 24227
Test:  [1350/4000]  eta: 0:07:09  inter: 25708.0000 (25426.6437)  union: 33702.0000 (41224.8111)  iou: 0.7742 (0.5888)  time: 0.1307  data: 0.0004  max mem: 24227
Test:  [1400/4000]  eta: 0:06:59  inter: 9891.0000 (25528.1953)  union: 14049.0000 (41357.3133)  iou: 0.7011 (0.5867)  time: 0.1343  data: 0.0004  max mem: 24227
Test:  [1450/4000]  eta: 0:06:48  inter: 15920.0000 (25492.9423)  union: 36174.0000 (41229.0337)  iou: 0.6365 (0.5868)  time: 0.1278  data: 0.0004  max mem: 24227
Test:  [1500/4000]  eta: 0:06:38  inter: 16392.0000 (25497.2961)  union: 51846.0000 (41337.0445)  iou: 0.4850 (0.5846)  time: 0.1270  data: 0.0004  max mem: 24227
Test:  [1550/4000]  eta: 0:06:29  inter: 11658.0000 (25415.0461)  union: 27384.0000 (41260.9667)  iou: 0.8602 (0.5857)  time: 0.1520  data: 0.0004  max mem: 24227
Test:  [1600/4000]  eta: 0:06:35  inter: 11093.0000 (25282.3755)  union: 25421.0000 (41183.5372)  iou: 0.7054 (0.5824)  time: 0.6689  data: 0.0004  max mem: 24227
Test:  [1650/4000]  eta: 0:06:24  inter: 16265.0000 (25186.1977)  union: 32935.0000 (41190.0583)  iou: 0.4765 (0.5812)  time: 0.1284  data: 0.0004  max mem: 24227
Test:  [1700/4000]  eta: 0:06:13  inter: 16805.0000 (25140.3784)  union: 36055.0000 (41251.3692)  iou: 0.7781 (0.5797)  time: 0.1294  data: 0.0004  max mem: 24227
Test:  [1750/4000]  eta: 0:06:03  inter: 19411.0000 (25092.2970)  union: 39502.0000 (41170.9789)  iou: 0.7002 (0.5790)  time: 0.1493  data: 0.0004  max mem: 24227
Test:  [1800/4000]  eta: 0:05:54  inter: 24237.0000 (24960.5190)  union: 45319.0000 (41121.4927)  iou: 0.3787 (0.5773)  time: 0.1501  data: 0.0004  max mem: 24227
Test:  [1850/4000]  eta: 0:05:44  inter: 2729.0000 (24912.6391)  union: 32651.0000 (41200.7762)  iou: 0.2177 (0.5751)  time: 0.1361  data: 0.0004  max mem: 24227
Test:  [1900/4000]  eta: 0:05:35  inter: 41194.0000 (24874.8777)  union: 57497.0000 (41111.9515)  iou: 0.5739 (0.5763)  time: 0.1372  data: 0.0004  max mem: 24227
Test:  [1950/4000]  eta: 0:05:26  inter: 11389.0000 (24827.0235)  union: 16444.0000 (41069.4024)  iou: 0.6811 (0.5759)  time: 0.1342  data: 0.0004  max mem: 24227
Test:  [2000/4000]  eta: 0:05:16  inter: 15246.0000 (24888.3407)  union: 22249.0000 (41043.6551)  iou: 0.7088 (0.5772)  time: 0.1187  data: 0.0004  max mem: 24227
Test:  [2050/4000]  eta: 0:05:07  inter: 12096.0000 (24765.3170)  union: 56356.0000 (41113.0696)  iou: 0.2852 (0.5756)  time: 0.1649  data: 0.0004  max mem: 24227
Test:  [2100/4000]  eta: 0:04:58  inter: 20630.0000 (24769.2249)  union: 32259.0000 (41096.8493)  iou: 0.8233 (0.5764)  time: 0.1202  data: 0.0004  max mem: 24227
Test:  [2150/4000]  eta: 0:04:49  inter: 23773.0000 (24759.5385)  union: 30563.0000 (41111.0574)  iou: 0.8168 (0.5758)  time: 0.1245  data: 0.0004  max mem: 24227
Test:  [2200/4000]  eta: 0:04:40  inter: 13943.0000 (24768.3962)  union: 21060.0000 (41049.7847)  iou: 0.5345 (0.5766)  time: 0.1405  data: 0.0004  max mem: 24227
Test:  [2250/4000]  eta: 0:04:32  inter: 14636.0000 (24636.4135)  union: 38095.0000 (40871.5142)  iou: 0.5872 (0.5753)  time: 0.1219  data: 0.0004  max mem: 24227
Test:  [2300/4000]  eta: 0:04:23  inter: 21160.0000 (24724.6311)  union: 36796.0000 (40836.2462)  iou: 0.5563 (0.5776)  time: 0.1363  data: 0.0004  max mem: 24227
Test:  [2350/4000]  eta: 0:04:15  inter: 19468.0000 (24638.7564)  union: 52247.0000 (40813.7913)  iou: 0.6681 (0.5771)  time: 0.1464  data: 0.0004  max mem: 24227
Test:  [2400/4000]  eta: 0:04:07  inter: 17019.0000 (24677.7039)  union: 33558.0000 (40804.2787)  iou: 0.5072 (0.5776)  time: 0.1469  data: 0.0004  max mem: 24227
Test:  [2450/4000]  eta: 0:03:58  inter: 29076.0000 (24771.5981)  union: 33468.0000 (40842.8103)  iou: 0.8597 (0.5794)  time: 0.1110  data: 0.0004  max mem: 24227
Test:  [2500/4000]  eta: 0:03:49  inter: 24932.0000 (24761.3233)  union: 39578.0000 (40852.5587)  iou: 0.7778 (0.5792)  time: 0.1157  data: 0.0004  max mem: 24227
Test:  [2550/4000]  eta: 0:03:41  inter: 29711.0000 (24863.7946)  union: 37171.0000 (41040.2836)  iou: 0.7823 (0.5794)  time: 0.1529  data: 0.0004  max mem: 24227
Test:  [2600/4000]  eta: 0:03:33  inter: 10329.0000 (24769.3279)  union: 34973.0000 (40962.9257)  iou: 0.3071 (0.5780)  time: 0.1389  data: 0.0004  max mem: 24227
Test:  [2650/4000]  eta: 0:03:25  inter: 16839.0000 (24770.7288)  union: 34286.0000 (41144.7991)  iou: 0.7728 (0.5771)  time: 0.1383  data: 0.0004  max mem: 24227
Test:  [2700/4000]  eta: 0:03:17  inter: 22798.0000 (24853.9408)  union: 30552.0000 (41219.9001)  iou: 0.8529 (0.5781)  time: 0.1288  data: 0.0004  max mem: 24227
Test:  [2750/4000]  eta: 0:03:09  inter: 22944.0000 (24929.8813)  union: 28971.0000 (41364.2917)  iou: 0.8017 (0.5775)  time: 0.1270  data: 0.0004  max mem: 24227
Test:  [2800/4000]  eta: 0:03:01  inter: 14783.0000 (24902.4155)  union: 24865.0000 (41238.5234)  iou: 0.7398 (0.5780)  time: 0.1325  data: 0.0004  max mem: 24227
Test:  [2850/4000]  eta: 0:02:53  inter: 11915.0000 (25030.3367)  union: 32678.0000 (41316.9701)  iou: 0.3168 (0.5775)  time: 0.1277  data: 0.0004  max mem: 24227
Test:  [2900/4000]  eta: 0:02:46  inter: 17194.0000 (25064.7468)  union: 26513.0000 (41407.9617)  iou: 0.6898 (0.5768)  time: 0.1221  data: 0.0004  max mem: 24227
Test:  [2950/4000]  eta: 0:02:38  inter: 20092.0000 (25081.7200)  union: 26381.0000 (41433.3712)  iou: 0.4246 (0.5769)  time: 0.1195  data: 0.0004  max mem: 24227
Test:  [3000/4000]  eta: 0:02:30  inter: 20910.0000 (25046.7081)  union: 32376.0000 (41397.1338)  iou: 0.6099 (0.5761)  time: 0.1498  data: 0.0004  max mem: 24227
Test:  [3050/4000]  eta: 0:02:22  inter: 13329.0000 (25012.1728)  union: 29993.0000 (41430.2766)  iou: 0.4478 (0.5760)  time: 0.1288  data: 0.0004  max mem: 24227
Test:  [3100/4000]  eta: 0:02:14  inter: 22824.0000 (25014.5584)  union: 41856.0000 (41387.4487)  iou: 0.5118 (0.5766)  time: 0.1324  data: 0.0004  max mem: 24227
Test:  [3150/4000]  eta: 0:02:07  inter: 14395.0000 (24905.8146)  union: 21729.0000 (41277.1011)  iou: 0.5957 (0.5761)  time: 0.1355  data: 0.0004  max mem: 24227
Test:  [3200/4000]  eta: 0:01:59  inter: 10826.0000 (24891.9270)  union: 37875.0000 (41290.8303)  iou: 0.5744 (0.5764)  time: 0.1260  data: 0.0004  max mem: 24227
Test:  [3250/4000]  eta: 0:01:51  inter: 15255.0000 (24820.9250)  union: 25664.0000 (41247.9769)  iou: 0.6322 (0.5745)  time: 0.1342  data: 0.0004  max mem: 24227
Test:  [3300/4000]  eta: 0:01:44  inter: 24613.0000 (24910.2782)  union: 45304.0000 (41351.3733)  iou: 0.8272 (0.5738)  time: 0.1540  data: 0.0005  max mem: 24227
Test:  [3350/4000]  eta: 0:01:36  inter: 9710.0000 (24900.8607)  union: 12665.0000 (41359.3387)  iou: 0.7377 (0.5743)  time: 0.1169  data: 0.0004  max mem: 24227
Test:  [3400/4000]  eta: 0:01:29  inter: 23911.0000 (25035.4463)  union: 41727.0000 (41436.7019)  iou: 0.8511 (0.5756)  time: 0.1427  data: 0.0004  max mem: 24227
Test:  [3450/4000]  eta: 0:01:21  inter: 16860.0000 (25033.9334)  union: 31253.0000 (41463.4594)  iou: 0.4812 (0.5754)  time: 0.1254  data: 0.0004  max mem: 24227
Test:  [3500/4000]  eta: 0:01:13  inter: 15124.0000 (25003.0629)  union: 21525.0000 (41373.0124)  iou: 0.4162 (0.5756)  time: 0.1252  data: 0.0004  max mem: 24227
Test:  [3550/4000]  eta: 0:01:06  inter: 27335.0000 (25023.1696)  union: 36973.0000 (41397.9440)  iou: 0.7481 (0.5754)  time: 0.1169  data: 0.0004  max mem: 24227
Test:  [3600/4000]  eta: 0:00:59  inter: 21380.0000 (24950.4184)  union: 39005.0000 (41352.7497)  iou: 0.6360 (0.5742)  time: 0.1234  data: 0.0004  max mem: 24227
Test:  [3650/4000]  eta: 0:00:51  inter: 18127.0000 (24893.7491)  union: 38558.0000 (41332.3978)  iou: 0.4378 (0.5734)  time: 0.1586  data: 0.0004  max mem: 24227
Test:  [3700/4000]  eta: 0:00:44  inter: 20631.0000 (25001.3273)  union: 36284.0000 (41380.3093)  iou: 0.8390 (0.5743)  time: 0.1309  data: 0.0004  max mem: 24227
Test:  [3750/4000]  eta: 0:00:36  inter: 22406.0000 (25033.2635)  union: 44292.0000 (41419.4999)  iou: 0.5025 (0.5751)  time: 0.1281  data: 0.0004  max mem: 24227
Test:  [3800/4000]  eta: 0:00:29  inter: 22019.0000 (25069.5052)  union: 29590.0000 (41402.9188)  iou: 0.6462 (0.5757)  time: 0.1147  data: 0.0004  max mem: 24227
Test:  [3850/4000]  eta: 0:00:21  inter: 21516.0000 (25057.9507)  union: 33836.0000 (41429.9215)  iou: 0.8102 (0.5757)  time: 0.1322  data: 0.0004  max mem: 24227
Test:  [3900/4000]  eta: 0:00:14  inter: 16123.0000 (25080.9352)  union: 34952.0000 (41515.3225)  iou: 0.5254 (0.5753)  time: 0.1326  data: 0.0004  max mem: 24227
Test:  [3950/4000]  eta: 0:00:07  inter: 17741.0000 (25041.3424)  union: 34529.0000 (41451.9171)  iou: 0.7164 (0.5756)  time: 0.1265  data: 0.0004  max mem: 24227
Test:  [3999/4000]  eta: 0:00:00  inter: 14961.0000 (24999.5004)  union: 32887.0000 (41360.6342)  iou: 0.5506 (0.5765)  time: 0.1125  data: 0.0001  max mem: 24227
Test: Total time: 0:09:46 (0.1466 s / it)
* IoU 0.577 oIoU 0.604
IoU of the network on the 4000 test images: 0.6%
Max IoU: 0.58%
huggingface/tokenizers: The current process just got forked, after parallelism has already been used. Disabling parallelism to avoid deadlocks...
To disable this warning, you can either:
	- Avoid using `tokenizers` before the fork if possible
	- Explicitly set the environment variable TOKENIZERS_PARALLELISM=(true | false)
huggingface/tokenizers: The current process just got forked, after parallelism has already been used. Disabling parallelism to avoid deadlocks...
To disable this warning, you can either:
	- Avoid using `tokenizers` before the fork if possible
	- Explicitly set the environment variable TOKENIZERS_PARALLELISM=(true | false)
huggingface/tokenizers: The current process just got forked, after parallelism has already been used. Disabling parallelism to avoid deadlocks...
To disable this warning, you can either:
	- Avoid using `tokenizers` before the fork if possible
	- Explicitly set the environment variable TOKENIZERS_PARALLELISM=(true | false)
huggingface/tokenizers: The current process just got forked, after parallelism has already been used. Disabling parallelism to avoid deadlocks...
To disable this warning, you can either:
	- Avoid using `tokenizers` before the fork if possible
	- Explicitly set the environment variable TOKENIZERS_PARALLELISM=(true | false)
huggingface/tokenizers: The current process just got forked, after parallelism has already been used. Disabling parallelism to avoid deadlocks...
To disable this warning, you can either:
	- Avoid using `tokenizers` before the fork if possible
	- Explicitly set the environment variable TOKENIZERS_PARALLELISM=(true | false)
huggingface/tokenizers: The current process just got forked, after parallelism has already been used. Disabling parallelism to avoid deadlocks...
To disable this warning, you can either:
	- Avoid using `tokenizers` before the fork if possible
	- Explicitly set the environment variable TOKENIZERS_PARALLELISM=(true | false)
huggingface/tokenizers: The current process just got forked, after parallelism has already been used. Disabling parallelism to avoid deadlocks...
To disable this warning, you can either:
	- Avoid using `tokenizers` before the fork if possible
	- Explicitly set the environment variable TOKENIZERS_PARALLELISM=(true | false)
huggingface/tokenizers: The current process just got forked, after parallelism has already been used. Disabling parallelism to avoid deadlocks...
To disable this warning, you can either:
	- Avoid using `tokenizers` before the fork if possible
	- Explicitly set the environment variable TOKENIZERS_PARALLELISM=(true | false)
Epoch: [1]  [   0/5625]  eta: 8:32:23  lr: 0.000009  train_loss: 0.2938 (0.2938)  train_iou: 0.6263 (0.6263)  time: 5.4654  data: 4.8671  max mem: 24227
Epoch: [1]  [  20/5625]  eta: 1:11:53  lr: 0.000009  train_loss: 0.3961 (0.4242)  train_iou: 0.5979 (0.6164)  time: 0.5348  data: 0.0021  max mem: 24227
Epoch: [1]  [  40/5625]  eta: 1:00:08  lr: 0.000009  train_loss: 0.3845 (0.4171)  train_iou: 0.5418 (0.5995)  time: 0.5166  data: 0.0040  max mem: 24227
Epoch: [1]  [  60/5625]  eta: 0:55:52  lr: 0.000009  train_loss: 0.3351 (0.4072)  train_iou: 0.5596 (0.5979)  time: 0.5128  data: 0.0037  max mem: 24227
Epoch: [1]  [  80/5625]  eta: 0:53:45  lr: 0.000009  train_loss: 0.2837 (0.3936)  train_iou: 0.6288 (0.6073)  time: 0.5183  data: 0.0023  max mem: 24227
Epoch: [1]  [ 100/5625]  eta: 0:52:27  lr: 0.000009  train_loss: 0.3219 (0.3889)  train_iou: 0.6100 (0.6112)  time: 0.5213  data: 0.0033  max mem: 24227
Epoch: [1]  [ 120/5625]  eta: 0:51:33  lr: 0.000009  train_loss: 0.3339 (0.3903)  train_iou: 0.5655 (0.6058)  time: 0.5232  data: 0.0029  max mem: 24227
Epoch: [1]  [ 140/5625]  eta: 0:50:45  lr: 0.000009  train_loss: 0.3950 (0.3917)  train_iou: 0.6367 (0.6076)  time: 0.5135  data: 0.0034  max mem: 24227
Epoch: [1]  [ 160/5625]  eta: 0:50:07  lr: 0.000009  train_loss: 0.3621 (0.3961)  train_iou: 0.6217 (0.6096)  time: 0.5160  data: 0.0031  max mem: 24227
Epoch: [1]  [ 180/5625]  eta: 0:49:36  lr: 0.000009  train_loss: 0.2426 (0.3864)  train_iou: 0.6702 (0.6137)  time: 0.5167  data: 0.0009  max mem: 24227
Epoch: [1]  [ 200/5625]  eta: 0:49:12  lr: 0.000009  train_loss: 0.3730 (0.3860)  train_iou: 0.6409 (0.6166)  time: 0.5232  data: 0.0013  max mem: 24227
Epoch: [1]  [ 220/5625]  eta: 0:48:47  lr: 0.000009  train_loss: 0.3593 (0.3864)  train_iou: 0.5772 (0.6144)  time: 0.5159  data: 0.0008  max mem: 24227
Epoch: [1]  [ 240/5625]  eta: 0:48:26  lr: 0.000009  train_loss: 0.3204 (0.3823)  train_iou: 0.6502 (0.6165)  time: 0.5188  data: 0.0013  max mem: 24227
Epoch: [1]  [ 260/5625]  eta: 0:48:06  lr: 0.000009  train_loss: 0.2570 (0.3763)  train_iou: 0.6748 (0.6205)  time: 0.5171  data: 0.0007  max mem: 24227
Epoch: [1]  [ 280/5625]  eta: 0:47:48  lr: 0.000009  train_loss: 0.4549 (0.3847)  train_iou: 0.5920 (0.6198)  time: 0.5176  data: 0.0007  max mem: 24227
Epoch: [1]  [ 300/5625]  eta: 0:47:32  lr: 0.000009  train_loss: 0.2824 (0.3805)  train_iou: 0.6255 (0.6211)  time: 0.5220  data: 0.0039  max mem: 24227
Epoch: [1]  [ 320/5625]  eta: 0:47:13  lr: 0.000009  train_loss: 0.3158 (0.3775)  train_iou: 0.6572 (0.6217)  time: 0.5120  data: 0.0020  max mem: 24227
Epoch: [1]  [ 340/5625]  eta: 0:46:57  lr: 0.000009  train_loss: 0.2874 (0.3755)  train_iou: 0.6409 (0.6224)  time: 0.5176  data: 0.0007  max mem: 24227
Epoch: [1]  [ 360/5625]  eta: 0:46:43  lr: 0.000009  train_loss: 0.2941 (0.3734)  train_iou: 0.5799 (0.6223)  time: 0.5189  data: 0.0046  max mem: 24227
Epoch: [1]  [ 380/5625]  eta: 0:46:25  lr: 0.000009  train_loss: 0.3110 (0.3761)  train_iou: 0.6522 (0.6243)  time: 0.5092  data: 0.0007  max mem: 24227
Epoch: [1]  [ 400/5625]  eta: 0:46:09  lr: 0.000009  train_loss: 0.2799 (0.3732)  train_iou: 0.6452 (0.6242)  time: 0.5079  data: 0.0007  max mem: 24227
Epoch: [1]  [ 420/5625]  eta: 0:45:55  lr: 0.000009  train_loss: 0.3126 (0.3743)  train_iou: 0.6311 (0.6242)  time: 0.5185  data: 0.0022  max mem: 24227
Epoch: [1]  [ 440/5625]  eta: 0:45:41  lr: 0.000009  train_loss: 0.3430 (0.3763)  train_iou: 0.5942 (0.6233)  time: 0.5150  data: 0.0013  max mem: 24227
Epoch: [1]  [ 460/5625]  eta: 0:45:27  lr: 0.000009  train_loss: 0.2920 (0.3753)  train_iou: 0.6333 (0.6239)  time: 0.5099  data: 0.0020  max mem: 24227
Epoch: [1]  [ 480/5625]  eta: 0:45:13  lr: 0.000009  train_loss: 0.3730 (0.3766)  train_iou: 0.6296 (0.6239)  time: 0.5125  data: 0.0007  max mem: 24227
Epoch: [1]  [ 500/5625]  eta: 0:44:58  lr: 0.000009  train_loss: 0.3933 (0.3782)  train_iou: 0.5651 (0.6235)  time: 0.5093  data: 0.0053  max mem: 24227
Epoch: [1]  [ 520/5625]  eta: 0:44:45  lr: 0.000009  train_loss: 0.3250 (0.3768)  train_iou: 0.6466 (0.6242)  time: 0.5135  data: 0.0026  max mem: 24227
Epoch: [1]  [ 540/5625]  eta: 0:44:32  lr: 0.000009  train_loss: 0.2762 (0.3742)  train_iou: 0.6070 (0.6239)  time: 0.5126  data: 0.0016  max mem: 24227
Epoch: [1]  [ 560/5625]  eta: 0:44:19  lr: 0.000009  train_loss: 0.3865 (0.3746)  train_iou: 0.6290 (0.6239)  time: 0.5088  data: 0.0006  max mem: 24227
Epoch: [1]  [ 580/5625]  eta: 0:44:06  lr: 0.000009  train_loss: 0.3231 (0.3740)  train_iou: 0.5983 (0.6232)  time: 0.5144  data: 0.0039  max mem: 24227
Epoch: [1]  [ 600/5625]  eta: 0:43:54  lr: 0.000009  train_loss: 0.3005 (0.3725)  train_iou: 0.5959 (0.6230)  time: 0.5118  data: 0.0014  max mem: 24227
Epoch: [1]  [ 620/5625]  eta: 0:43:41  lr: 0.000009  train_loss: 0.2928 (0.3708)  train_iou: 0.5921 (0.6235)  time: 0.5125  data: 0.0005  max mem: 24227
Epoch: [1]  [ 640/5625]  eta: 0:43:30  lr: 0.000009  train_loss: 0.2636 (0.3679)  train_iou: 0.7094 (0.6251)  time: 0.5167  data: 0.0020  max mem: 24227
Epoch: [1]  [ 660/5625]  eta: 0:43:18  lr: 0.000009  train_loss: 0.3095 (0.3733)  train_iou: 0.6275 (0.6246)  time: 0.5176  data: 0.0004  max mem: 24227
Epoch: [1]  [ 680/5625]  eta: 0:43:07  lr: 0.000009  train_loss: 0.2945 (0.3729)  train_iou: 0.6659 (0.6256)  time: 0.5187  data: 0.0042  max mem: 24227
Epoch: [1]  [ 700/5625]  eta: 0:42:57  lr: 0.000009  train_loss: 0.3344 (0.3730)  train_iou: 0.6031 (0.6252)  time: 0.5249  data: 0.0023  max mem: 24227
Epoch: [1]  [ 720/5625]  eta: 0:42:45  lr: 0.000009  train_loss: 0.3234 (0.3736)  train_iou: 0.6525 (0.6252)  time: 0.5128  data: 0.0023  max mem: 24227
Epoch: [1]  [ 740/5625]  eta: 0:42:34  lr: 0.000009  train_loss: 0.3300 (0.3728)  train_iou: 0.6230 (0.6265)  time: 0.5157  data: 0.0010  max mem: 24227
Epoch: [1]  [ 760/5625]  eta: 0:42:23  lr: 0.000009  train_loss: 0.3097 (0.3718)  train_iou: 0.6395 (0.6274)  time: 0.5203  data: 0.0040  max mem: 24227
Epoch: [1]  [ 780/5625]  eta: 0:42:11  lr: 0.000009  train_loss: 0.3510 (0.3719)  train_iou: 0.6230 (0.6277)  time: 0.5122  data: 0.0007  max mem: 24227
Epoch: [1]  [ 800/5625]  eta: 0:41:59  lr: 0.000009  train_loss: 0.3618 (0.3719)  train_iou: 0.6281 (0.6281)  time: 0.5056  data: 0.0005  max mem: 24227
Epoch: [1]  [ 820/5625]  eta: 0:41:47  lr: 0.000009  train_loss: 0.3552 (0.3740)  train_iou: 0.6243 (0.6275)  time: 0.5116  data: 0.0018  max mem: 24227
Epoch: [1]  [ 840/5625]  eta: 0:41:36  lr: 0.000009  train_loss: 0.3122 (0.3729)  train_iou: 0.6538 (0.6283)  time: 0.5140  data: 0.0014  max mem: 24227
Epoch: [1]  [ 860/5625]  eta: 0:41:24  lr: 0.000009  train_loss: 0.2820 (0.3719)  train_iou: 0.6284 (0.6283)  time: 0.5133  data: 0.0023  max mem: 24227
Epoch: [1]  [ 880/5625]  eta: 0:41:13  lr: 0.000009  train_loss: 0.3588 (0.3718)  train_iou: 0.5988 (0.6281)  time: 0.5172  data: 0.0023  max mem: 24227
Epoch: [1]  [ 900/5625]  eta: 0:41:02  lr: 0.000009  train_loss: 0.3342 (0.3711)  train_iou: 0.6482 (0.6285)  time: 0.5132  data: 0.0021  max mem: 24227
Epoch: [1]  [ 920/5625]  eta: 0:40:50  lr: 0.000009  train_loss: 0.2697 (0.3697)  train_iou: 0.6371 (0.6287)  time: 0.5094  data: 0.0011  max mem: 24227
Epoch: [1]  [ 940/5625]  eta: 0:40:39  lr: 0.000009  train_loss: 0.2807 (0.3693)  train_iou: 0.6416 (0.6286)  time: 0.5097  data: 0.0005  max mem: 24227
Epoch: [1]  [ 960/5625]  eta: 0:40:27  lr: 0.000009  train_loss: 0.4191 (0.3698)  train_iou: 0.5993 (0.6281)  time: 0.5086  data: 0.0024  max mem: 24227
Epoch: [1]  [ 980/5625]  eta: 0:40:16  lr: 0.000009  train_loss: 0.2235 (0.3684)  train_iou: 0.6732 (0.6291)  time: 0.5106  data: 0.0031  max mem: 24227
Epoch: [1]  [1000/5625]  eta: 0:40:04  lr: 0.000009  train_loss: 0.2925 (0.3677)  train_iou: 0.6140 (0.6294)  time: 0.5062  data: 0.0014  max mem: 24227
Epoch: [1]  [1020/5625]  eta: 0:39:53  lr: 0.000009  train_loss: 0.2313 (0.3661)  train_iou: 0.6801 (0.6304)  time: 0.5128  data: 0.0009  max mem: 24227
Epoch: [1]  [1040/5625]  eta: 0:39:43  lr: 0.000009  train_loss: 0.4192 (0.3674)  train_iou: 0.5653 (0.6293)  time: 0.5178  data: 0.0017  max mem: 24227
Epoch: [1]  [1060/5625]  eta: 0:39:32  lr: 0.000009  train_loss: 0.3191 (0.3678)  train_iou: 0.6150 (0.6294)  time: 0.5186  data: 0.0039  max mem: 24227
Epoch: [1]  [1080/5625]  eta: 0:39:22  lr: 0.000009  train_loss: 0.3500 (0.3690)  train_iou: 0.5887 (0.6287)  time: 0.5182  data: 0.0010  max mem: 24227
Epoch: [1]  [1100/5625]  eta: 0:39:11  lr: 0.000009  train_loss: 0.3322 (0.3689)  train_iou: 0.6329 (0.6285)  time: 0.5134  data: 0.0010  max mem: 24227
Epoch: [1]  [1120/5625]  eta: 0:38:59  lr: 0.000009  train_loss: 0.4274 (0.3701)  train_iou: 0.6293 (0.6284)  time: 0.5077  data: 0.0005  max mem: 24227
Epoch: [1]  [1140/5625]  eta: 0:38:48  lr: 0.000009  train_loss: 0.3201 (0.3708)  train_iou: 0.6192 (0.6278)  time: 0.5075  data: 0.0005  max mem: 24227
Epoch: [1]  [1160/5625]  eta: 0:38:37  lr: 0.000009  train_loss: 0.3938 (0.3713)  train_iou: 0.5704 (0.6268)  time: 0.5086  data: 0.0007  max mem: 24227
Epoch: [1]  [1180/5625]  eta: 0:38:26  lr: 0.000009  train_loss: 0.3506 (0.3713)  train_iou: 0.6110 (0.6261)  time: 0.5075  data: 0.0008  max mem: 24227
Epoch: [1]  [1200/5625]  eta: 0:38:15  lr: 0.000009  train_loss: 0.3541 (0.3721)  train_iou: 0.5860 (0.6254)  time: 0.5114  data: 0.0004  max mem: 24227
Epoch: [1]  [1220/5625]  eta: 0:38:04  lr: 0.000009  train_loss: 0.3458 (0.3721)  train_iou: 0.6481 (0.6252)  time: 0.5080  data: 0.0018  max mem: 24227
Epoch: [1]  [1240/5625]  eta: 0:37:52  lr: 0.000009  train_loss: 0.3524 (0.3723)  train_iou: 0.5566 (0.6244)  time: 0.5086  data: 0.0013  max mem: 24227
Epoch: [1]  [1260/5625]  eta: 0:37:41  lr: 0.000009  train_loss: 0.3218 (0.3718)  train_iou: 0.6775 (0.6248)  time: 0.5035  data: 0.0004  max mem: 24227
Epoch: [1]  [1280/5625]  eta: 0:37:30  lr: 0.000009  train_loss: 0.3202 (0.3708)  train_iou: 0.6778 (0.6257)  time: 0.5047  data: 0.0004  max mem: 24227
Epoch: [1]  [1300/5625]  eta: 0:37:19  lr: 0.000009  train_loss: 0.3569 (0.3711)  train_iou: 0.5983 (0.6252)  time: 0.5039  data: 0.0004  max mem: 24227
Epoch: [1]  [1320/5625]  eta: 0:37:08  lr: 0.000009  train_loss: 0.2132 (0.3697)  train_iou: 0.6284 (0.6256)  time: 0.5099  data: 0.0004  max mem: 24227
Epoch: [1]  [1340/5625]  eta: 0:36:57  lr: 0.000009  train_loss: 0.3036 (0.3701)  train_iou: 0.6318 (0.6259)  time: 0.5053  data: 0.0004  max mem: 24227
Epoch: [1]  [1360/5625]  eta: 0:36:46  lr: 0.000009  train_loss: 0.3113 (0.3702)  train_iou: 0.6525 (0.6260)  time: 0.5078  data: 0.0004  max mem: 24227
Epoch: [1]  [1380/5625]  eta: 0:36:35  lr: 0.000009  train_loss: 0.2438 (0.3690)  train_iou: 0.6625 (0.6260)  time: 0.5058  data: 0.0004  max mem: 24227
Epoch: [1]  [1400/5625]  eta: 0:36:23  lr: 0.000009  train_loss: 0.4165 (0.3695)  train_iou: 0.6473 (0.6262)  time: 0.5055  data: 0.0013  max mem: 24227
Epoch: [1]  [1420/5625]  eta: 0:36:12  lr: 0.000009  train_loss: 0.4194 (0.3702)  train_iou: 0.5867 (0.6258)  time: 0.5059  data: 0.0004  max mem: 24227
Epoch: [1]  [1440/5625]  eta: 0:36:02  lr: 0.000009  train_loss: 0.3811 (0.3705)  train_iou: 0.6202 (0.6259)  time: 0.5071  data: 0.0017  max mem: 24227
Epoch: [1]  [1460/5625]  eta: 0:35:51  lr: 0.000009  train_loss: 0.3905 (0.3705)  train_iou: 0.6391 (0.6258)  time: 0.5051  data: 0.0014  max mem: 24227
Epoch: [1]  [1480/5625]  eta: 0:35:40  lr: 0.000009  train_loss: 0.3967 (0.3713)  train_iou: 0.6548 (0.6255)  time: 0.5053  data: 0.0004  max mem: 24227
Epoch: [1]  [1500/5625]  eta: 0:35:29  lr: 0.000009  train_loss: 0.3430 (0.3710)  train_iou: 0.6308 (0.6254)  time: 0.5032  data: 0.0004  max mem: 24227
Epoch: [1]  [1520/5625]  eta: 0:35:18  lr: 0.000009  train_loss: 0.3043 (0.3703)  train_iou: 0.6574 (0.6262)  time: 0.5126  data: 0.0008  max mem: 24227
Epoch: [1]  [1540/5625]  eta: 0:35:07  lr: 0.000009  train_loss: 0.2990 (0.3698)  train_iou: 0.6514 (0.6267)  time: 0.5098  data: 0.0006  max mem: 24227
Epoch: [1]  [1560/5625]  eta: 0:34:57  lr: 0.000009  train_loss: 0.3130 (0.3697)  train_iou: 0.5712 (0.6258)  time: 0.5067  data: 0.0005  max mem: 24227
Epoch: [1]  [1580/5625]  eta: 0:34:46  lr: 0.000009  train_loss: 0.2596 (0.3685)  train_iou: 0.6366 (0.6263)  time: 0.5131  data: 0.0007  max mem: 24227
Epoch: [1]  [1600/5625]  eta: 0:34:35  lr: 0.000009  train_loss: 0.3300 (0.3683)  train_iou: 0.6279 (0.6264)  time: 0.5035  data: 0.0004  max mem: 24227
Epoch: [1]  [1620/5625]  eta: 0:34:24  lr: 0.000009  train_loss: 0.3470 (0.3687)  train_iou: 0.6397 (0.6264)  time: 0.5048  data: 0.0005  max mem: 24227
Epoch: [1]  [1640/5625]  eta: 0:34:14  lr: 0.000009  train_loss: 0.3053 (0.3690)  train_iou: 0.6505 (0.6265)  time: 0.5042  data: 0.0019  max mem: 24227
Epoch: [1]  [1660/5625]  eta: 0:34:03  lr: 0.000009  train_loss: 0.2911 (0.3683)  train_iou: 0.6577 (0.6268)  time: 0.5048  data: 0.0006  max mem: 24227
Epoch: [1]  [1680/5625]  eta: 0:33:52  lr: 0.000009  train_loss: 0.2805 (0.3675)  train_iou: 0.6001 (0.6266)  time: 0.5028  data: 0.0004  max mem: 24227
Epoch: [1]  [1700/5625]  eta: 0:33:41  lr: 0.000009  train_loss: 0.3011 (0.3675)  train_iou: 0.5823 (0.6265)  time: 0.5102  data: 0.0023  max mem: 24227
Epoch: [1]  [1720/5625]  eta: 0:33:31  lr: 0.000009  train_loss: 0.3202 (0.3675)  train_iou: 0.5796 (0.6261)  time: 0.5080  data: 0.0006  max mem: 24227
Epoch: [1]  [1740/5625]  eta: 0:33:20  lr: 0.000009  train_loss: 0.3040 (0.3673)  train_iou: 0.6453 (0.6262)  time: 0.5044  data: 0.0007  max mem: 24227
Epoch: [1]  [1760/5625]  eta: 0:33:09  lr: 0.000009  train_loss: 0.3160 (0.3672)  train_iou: 0.5903 (0.6258)  time: 0.5089  data: 0.0017  max mem: 24227
Epoch: [1]  [1780/5625]  eta: 0:32:59  lr: 0.000009  train_loss: 0.2921 (0.3666)  train_iou: 0.6651 (0.6264)  time: 0.5077  data: 0.0016  max mem: 24227
Epoch: [1]  [1800/5625]  eta: 0:32:48  lr: 0.000009  train_loss: 0.3434 (0.3664)  train_iou: 0.6540 (0.6265)  time: 0.5045  data: 0.0005  max mem: 24227
Epoch: [1]  [1820/5625]  eta: 0:32:38  lr: 0.000009  train_loss: 0.2820 (0.3658)  train_iou: 0.6470 (0.6268)  time: 0.5160  data: 0.0007  max mem: 24227
Epoch: [1]  [1840/5625]  eta: 0:32:27  lr: 0.000009  train_loss: 0.3095 (0.3656)  train_iou: 0.6243 (0.6269)  time: 0.5084  data: 0.0011  max mem: 24227
Epoch: [1]  [1860/5625]  eta: 0:32:17  lr: 0.000009  train_loss: 0.2610 (0.3650)  train_iou: 0.6846 (0.6271)  time: 0.5075  data: 0.0007  max mem: 24227
Epoch: [1]  [1880/5625]  eta: 0:32:06  lr: 0.000009  train_loss: 0.2562 (0.3649)  train_iou: 0.6251 (0.6269)  time: 0.5066  data: 0.0012  max mem: 24227
Epoch: [1]  [1900/5625]  eta: 0:31:56  lr: 0.000009  train_loss: 0.3100 (0.3649)  train_iou: 0.6268 (0.6268)  time: 0.5121  data: 0.0018  max mem: 24227
Epoch: [1]  [1920/5625]  eta: 0:31:45  lr: 0.000009  train_loss: 0.3006 (0.3645)  train_iou: 0.6003 (0.6268)  time: 0.5141  data: 0.0007  max mem: 24227
Epoch: [1]  [1940/5625]  eta: 0:31:35  lr: 0.000009  train_loss: 0.2871 (0.3645)  train_iou: 0.6414 (0.6270)  time: 0.5080  data: 0.0007  max mem: 24227
Epoch: [1]  [1960/5625]  eta: 0:31:24  lr: 0.000009  train_loss: 0.3099 (0.3643)  train_iou: 0.6691 (0.6271)  time: 0.5089  data: 0.0009  max mem: 24227
Epoch: [1]  [1980/5625]  eta: 0:31:14  lr: 0.000009  train_loss: 0.3117 (0.3641)  train_iou: 0.6735 (0.6276)  time: 0.5083  data: 0.0012  max mem: 24227
Epoch: [1]  [2000/5625]  eta: 0:31:03  lr: 0.000009  train_loss: 0.3107 (0.3643)  train_iou: 0.5970 (0.6273)  time: 0.5127  data: 0.0011  max mem: 24227
Epoch: [1]  [2020/5625]  eta: 0:30:53  lr: 0.000009  train_loss: 0.3226 (0.3641)  train_iou: 0.6454 (0.6272)  time: 0.5066  data: 0.0006  max mem: 24227
Epoch: [1]  [2040/5625]  eta: 0:30:42  lr: 0.000009  train_loss: 0.3021 (0.3643)  train_iou: 0.6103 (0.6271)  time: 0.5046  data: 0.0014  max mem: 24227
Epoch: [1]  [2060/5625]  eta: 0:30:32  lr: 0.000009  train_loss: 0.3383 (0.3649)  train_iou: 0.5840 (0.6266)  time: 0.5076  data: 0.0005  max mem: 24227
Epoch: [1]  [2080/5625]  eta: 0:30:21  lr: 0.000009  train_loss: 0.2434 (0.3647)  train_iou: 0.6860 (0.6270)  time: 0.5137  data: 0.0032  max mem: 24227
Epoch: [1]  [2100/5625]  eta: 0:30:11  lr: 0.000009  train_loss: 0.3324 (0.3647)  train_iou: 0.6252 (0.6269)  time: 0.5100  data: 0.0005  max mem: 24227
Epoch: [1]  [2120/5625]  eta: 0:30:01  lr: 0.000009  train_loss: 0.3230 (0.3649)  train_iou: 0.6454 (0.6271)  time: 0.5118  data: 0.0007  max mem: 24227
Epoch: [1]  [2140/5625]  eta: 0:29:50  lr: 0.000009  train_loss: 0.3690 (0.3648)  train_iou: 0.6569 (0.6272)  time: 0.5108  data: 0.0008  max mem: 24227
Epoch: [1]  [2160/5625]  eta: 0:29:40  lr: 0.000009  train_loss: 0.2617 (0.3647)  train_iou: 0.6225 (0.6271)  time: 0.5091  data: 0.0011  max mem: 24227
Epoch: [1]  [2180/5625]  eta: 0:29:29  lr: 0.000009  train_loss: 0.2866 (0.3643)  train_iou: 0.6410 (0.6274)  time: 0.5052  data: 0.0015  max mem: 24227
Epoch: [1]  [2200/5625]  eta: 0:29:19  lr: 0.000009  train_loss: 0.3155 (0.3642)  train_iou: 0.6406 (0.6277)  time: 0.5119  data: 0.0022  max mem: 24227
Epoch: [1]  [2220/5625]  eta: 0:29:09  lr: 0.000009  train_loss: 0.3557 (0.3644)  train_iou: 0.6096 (0.6275)  time: 0.5058  data: 0.0005  max mem: 24227
Epoch: [1]  [2240/5625]  eta: 0:28:58  lr: 0.000009  train_loss: 0.3544 (0.3643)  train_iou: 0.6608 (0.6276)  time: 0.5180  data: 0.0004  max mem: 24227
Epoch: [1]  [2260/5625]  eta: 0:28:48  lr: 0.000009  train_loss: 0.3684 (0.3646)  train_iou: 0.5900 (0.6273)  time: 0.5141  data: 0.0004  max mem: 24227
Epoch: [1]  [2280/5625]  eta: 0:28:38  lr: 0.000009  train_loss: 0.3897 (0.3650)  train_iou: 0.5664 (0.6267)  time: 0.5051  data: 0.0004  max mem: 24227
Epoch: [1]  [2300/5625]  eta: 0:28:27  lr: 0.000009  train_loss: 0.3024 (0.3646)  train_iou: 0.6307 (0.6268)  time: 0.5061  data: 0.0007  max mem: 24227
Epoch: [1]  [2320/5625]  eta: 0:28:17  lr: 0.000009  train_loss: 0.3397 (0.3645)  train_iou: 0.6066 (0.6268)  time: 0.5069  data: 0.0017  max mem: 24227
Epoch: [1]  [2340/5625]  eta: 0:28:06  lr: 0.000009  train_loss: 0.2774 (0.3639)  train_iou: 0.6260 (0.6269)  time: 0.5122  data: 0.0004  max mem: 24227
Epoch: [1]  [2360/5625]  eta: 0:27:56  lr: 0.000009  train_loss: 0.2933 (0.3638)  train_iou: 0.6236 (0.6269)  time: 0.5063  data: 0.0005  max mem: 24227
Epoch: [1]  [2380/5625]  eta: 0:27:45  lr: 0.000009  train_loss: 0.3403 (0.3637)  train_iou: 0.6062 (0.6267)  time: 0.5064  data: 0.0005  max mem: 24227
Epoch: [1]  [2400/5625]  eta: 0:27:35  lr: 0.000009  train_loss: 0.2110 (0.3632)  train_iou: 0.6132 (0.6268)  time: 0.5106  data: 0.0008  max mem: 24227
Epoch: [1]  [2420/5625]  eta: 0:27:25  lr: 0.000009  train_loss: 0.3240 (0.3633)  train_iou: 0.5916 (0.6265)  time: 0.5095  data: 0.0005  max mem: 24227
Epoch: [1]  [2440/5625]  eta: 0:27:14  lr: 0.000009  train_loss: 0.3186 (0.3632)  train_iou: 0.6650 (0.6265)  time: 0.5132  data: 0.0004  max mem: 24227
Epoch: [1]  [2460/5625]  eta: 0:27:04  lr: 0.000009  train_loss: 0.3764 (0.3642)  train_iou: 0.6248 (0.6264)  time: 0.5090  data: 0.0005  max mem: 24227
Epoch: [1]  [2480/5625]  eta: 0:26:54  lr: 0.000009  train_loss: 0.2965 (0.3642)  train_iou: 0.5591 (0.6261)  time: 0.5077  data: 0.0006  max mem: 24227
Epoch: [1]  [2500/5625]  eta: 0:26:43  lr: 0.000009  train_loss: 0.3355 (0.3645)  train_iou: 0.5786 (0.6258)  time: 0.5086  data: 0.0004  max mem: 24227
Epoch: [1]  [2520/5625]  eta: 0:26:33  lr: 0.000009  train_loss: 0.2665 (0.3641)  train_iou: 0.6606 (0.6262)  time: 0.5121  data: 0.0008  max mem: 24227
Epoch: [1]  [2540/5625]  eta: 0:26:23  lr: 0.000009  train_loss: 0.3460 (0.3643)  train_iou: 0.5651 (0.6260)  time: 0.5124  data: 0.0019  max mem: 24227
Epoch: [1]  [2560/5625]  eta: 0:26:12  lr: 0.000009  train_loss: 0.3705 (0.3644)  train_iou: 0.6206 (0.6261)  time: 0.5084  data: 0.0004  max mem: 24227
Epoch: [1]  [2580/5625]  eta: 0:26:02  lr: 0.000009  train_loss: 0.2578 (0.3639)  train_iou: 0.6918 (0.6264)  time: 0.5084  data: 0.0007  max mem: 24227
Epoch: [1]  [2600/5625]  eta: 0:25:51  lr: 0.000009  train_loss: 0.3306 (0.3638)  train_iou: 0.6710 (0.6267)  time: 0.5055  data: 0.0015  max mem: 24227
Epoch: [1]  [2620/5625]  eta: 0:25:41  lr: 0.000009  train_loss: 0.3160 (0.3634)  train_iou: 0.6584 (0.6269)  time: 0.5112  data: 0.0004  max mem: 24227
Epoch: [1]  [2640/5625]  eta: 0:25:31  lr: 0.000009  train_loss: 0.3833 (0.3635)  train_iou: 0.5741 (0.6267)  time: 0.5050  data: 0.0004  max mem: 24227
Epoch: [1]  [2660/5625]  eta: 0:25:21  lr: 0.000009  train_loss: 0.2382 (0.3630)  train_iou: 0.6487 (0.6268)  time: 0.5135  data: 0.0007  max mem: 24227
Epoch: [1]  [2680/5625]  eta: 0:25:10  lr: 0.000009  train_loss: 0.2715 (0.3626)  train_iou: 0.6673 (0.6271)  time: 0.5072  data: 0.0006  max mem: 24227
Epoch: [1]  [2700/5625]  eta: 0:25:00  lr: 0.000009  train_loss: 0.3050 (0.3623)  train_iou: 0.6249 (0.6273)  time: 0.5052  data: 0.0004  max mem: 24227
Epoch: [1]  [2720/5625]  eta: 0:24:49  lr: 0.000009  train_loss: 0.2740 (0.3619)  train_iou: 0.6713 (0.6276)  time: 0.5036  data: 0.0004  max mem: 24227
Epoch: [1]  [2740/5625]  eta: 0:24:39  lr: 0.000009  train_loss: 0.2471 (0.3617)  train_iou: 0.6781 (0.6277)  time: 0.5055  data: 0.0004  max mem: 24227
Epoch: [1]  [2760/5625]  eta: 0:24:28  lr: 0.000009  train_loss: 0.2494 (0.3613)  train_iou: 0.6409 (0.6278)  time: 0.5062  data: 0.0004  max mem: 24227
Epoch: [1]  [2780/5625]  eta: 0:24:18  lr: 0.000009  train_loss: 0.3427 (0.3616)  train_iou: 0.6099 (0.6275)  time: 0.5045  data: 0.0004  max mem: 24227
Epoch: [1]  [2800/5625]  eta: 0:24:08  lr: 0.000009  train_loss: 0.3084 (0.3616)  train_iou: 0.6487 (0.6277)  time: 0.5093  data: 0.0004  max mem: 24227
Epoch: [1]  [2820/5625]  eta: 0:23:57  lr: 0.000009  train_loss: 0.2715 (0.3610)  train_iou: 0.6566 (0.6280)  time: 0.5042  data: 0.0004  max mem: 24227
Epoch: [1]  [2840/5625]  eta: 0:23:47  lr: 0.000009  train_loss: 0.3370 (0.3612)  train_iou: 0.6063 (0.6280)  time: 0.5044  data: 0.0004  max mem: 24227
Epoch: [1]  [2860/5625]  eta: 0:23:36  lr: 0.000009  train_loss: 0.2882 (0.3608)  train_iou: 0.6817 (0.6285)  time: 0.5011  data: 0.0004  max mem: 24227
Epoch: [1]  [2880/5625]  eta: 0:23:26  lr: 0.000009  train_loss: 0.2720 (0.3603)  train_iou: 0.6889 (0.6289)  time: 0.5028  data: 0.0004  max mem: 24227
Epoch: [1]  [2900/5625]  eta: 0:23:16  lr: 0.000009  train_loss: 0.2472 (0.3601)  train_iou: 0.6101 (0.6287)  time: 0.5019  data: 0.0004  max mem: 24227
Epoch: [1]  [2920/5625]  eta: 0:23:05  lr: 0.000009  train_loss: 0.2495 (0.3597)  train_iou: 0.6444 (0.6289)  time: 0.5047  data: 0.0004  max mem: 24227
Epoch: [1]  [2940/5625]  eta: 0:22:55  lr: 0.000009  train_loss: 0.2844 (0.3593)  train_iou: 0.7119 (0.6294)  time: 0.5055  data: 0.0004  max mem: 24227
Epoch: [1]  [2960/5625]  eta: 0:22:44  lr: 0.000009  train_loss: 0.2752 (0.3592)  train_iou: 0.6490 (0.6295)  time: 0.5037  data: 0.0004  max mem: 24227
Epoch: [1]  [2980/5625]  eta: 0:22:34  lr: 0.000009  train_loss: 0.3021 (0.3592)  train_iou: 0.6546 (0.6295)  time: 0.5053  data: 0.0004  max mem: 24227
Epoch: [1]  [3000/5625]  eta: 0:22:24  lr: 0.000009  train_loss: 0.2756 (0.3590)  train_iou: 0.6386 (0.6293)  time: 0.5047  data: 0.0004  max mem: 24227
Epoch: [1]  [3020/5625]  eta: 0:22:13  lr: 0.000009  train_loss: 0.3997 (0.3592)  train_iou: 0.5787 (0.6291)  time: 0.5036  data: 0.0004  max mem: 24227
Epoch: [1]  [3040/5625]  eta: 0:22:03  lr: 0.000009  train_loss: 0.3045 (0.3591)  train_iou: 0.6068 (0.6290)  time: 0.5055  data: 0.0004  max mem: 24227
Epoch: [1]  [3060/5625]  eta: 0:21:53  lr: 0.000009  train_loss: 0.2661 (0.3591)  train_iou: 0.5658 (0.6288)  time: 0.5060  data: 0.0004  max mem: 24227
Epoch: [1]  [3080/5625]  eta: 0:21:42  lr: 0.000009  train_loss: 0.2225 (0.3587)  train_iou: 0.6423 (0.6290)  time: 0.5103  data: 0.0004  max mem: 24227
Epoch: [1]  [3100/5625]  eta: 0:21:32  lr: 0.000009  train_loss: 0.2941 (0.3584)  train_iou: 0.6476 (0.6290)  time: 0.5082  data: 0.0004  max mem: 24227
Epoch: [1]  [3120/5625]  eta: 0:21:22  lr: 0.000009  train_loss: 0.2934 (0.3580)  train_iou: 0.6556 (0.6291)  time: 0.5050  data: 0.0004  max mem: 24227
Epoch: [1]  [3140/5625]  eta: 0:21:11  lr: 0.000009  train_loss: 0.2677 (0.3579)  train_iou: 0.6288 (0.6289)  time: 0.5062  data: 0.0004  max mem: 24227
Epoch: [1]  [3160/5625]  eta: 0:21:01  lr: 0.000009  train_loss: 0.3642 (0.3580)  train_iou: 0.5903 (0.6288)  time: 0.5018  data: 0.0004  max mem: 24227
Epoch: [1]  [3180/5625]  eta: 0:20:51  lr: 0.000009  train_loss: 0.2788 (0.3578)  train_iou: 0.6643 (0.6288)  time: 0.5039  data: 0.0004  max mem: 24227
Epoch: [1]  [3200/5625]  eta: 0:20:40  lr: 0.000009  train_loss: 0.3141 (0.3581)  train_iou: 0.6064 (0.6287)  time: 0.5051  data: 0.0004  max mem: 24227
Epoch: [1]  [3220/5625]  eta: 0:20:30  lr: 0.000009  train_loss: 0.2660 (0.3577)  train_iou: 0.6997 (0.6290)  time: 0.5049  data: 0.0004  max mem: 24227
Epoch: [1]  [3240/5625]  eta: 0:20:20  lr: 0.000009  train_loss: 0.3653 (0.3579)  train_iou: 0.6188 (0.6290)  time: 0.5074  data: 0.0004  max mem: 24227
Epoch: [1]  [3260/5625]  eta: 0:20:09  lr: 0.000009  train_loss: 0.3344 (0.3579)  train_iou: 0.6441 (0.6290)  time: 0.5046  data: 0.0004  max mem: 24227
Epoch: [1]  [3280/5625]  eta: 0:19:59  lr: 0.000009  train_loss: 0.3196 (0.3580)  train_iou: 0.6511 (0.6291)  time: 0.5036  data: 0.0004  max mem: 24227
Epoch: [1]  [3300/5625]  eta: 0:19:49  lr: 0.000009  train_loss: 0.2745 (0.3579)  train_iou: 0.6287 (0.6293)  time: 0.5040  data: 0.0004  max mem: 24227
Epoch: [1]  [3320/5625]  eta: 0:19:38  lr: 0.000009  train_loss: 0.3495 (0.3581)  train_iou: 0.6046 (0.6292)  time: 0.5049  data: 0.0004  max mem: 24227
Epoch: [1]  [3340/5625]  eta: 0:19:28  lr: 0.000009  train_loss: 0.2772 (0.3579)  train_iou: 0.6136 (0.6291)  time: 0.5036  data: 0.0004  max mem: 24227
Epoch: [1]  [3360/5625]  eta: 0:19:18  lr: 0.000009  train_loss: 0.2287 (0.3573)  train_iou: 0.6692 (0.6292)  time: 0.5068  data: 0.0005  max mem: 24227
Epoch: [1]  [3380/5625]  eta: 0:19:07  lr: 0.000009  train_loss: 0.3099 (0.3571)  train_iou: 0.6106 (0.6292)  time: 0.5077  data: 0.0006  max mem: 24227
Epoch: [1]  [3400/5625]  eta: 0:18:57  lr: 0.000009  train_loss: 0.2655 (0.3569)  train_iou: 0.6647 (0.6293)  time: 0.5058  data: 0.0004  max mem: 24227
Epoch: [1]  [3420/5625]  eta: 0:18:47  lr: 0.000009  train_loss: 0.2890 (0.3566)  train_iou: 0.6268 (0.6294)  time: 0.5040  data: 0.0004  max mem: 24227
Epoch: [1]  [3440/5625]  eta: 0:18:37  lr: 0.000009  train_loss: 0.3576 (0.3567)  train_iou: 0.6403 (0.6293)  time: 0.5117  data: 0.0004  max mem: 24227
Epoch: [1]  [3460/5625]  eta: 0:18:26  lr: 0.000009  train_loss: 0.3109 (0.3566)  train_iou: 0.5984 (0.6292)  time: 0.5094  data: 0.0004  max mem: 24227
Epoch: [1]  [3480/5625]  eta: 0:18:16  lr: 0.000009  train_loss: 0.3268 (0.3566)  train_iou: 0.5800 (0.6289)  time: 0.5070  data: 0.0004  max mem: 24227
Epoch: [1]  [3500/5625]  eta: 0:18:06  lr: 0.000009  train_loss: 0.2793 (0.3564)  train_iou: 0.6415 (0.6290)  time: 0.5051  data: 0.0004  max mem: 24227
Epoch: [1]  [3520/5625]  eta: 0:17:55  lr: 0.000009  train_loss: 0.2779 (0.3561)  train_iou: 0.6481 (0.6291)  time: 0.5033  data: 0.0004  max mem: 24227
Epoch: [1]  [3540/5625]  eta: 0:17:45  lr: 0.000009  train_loss: 0.2778 (0.3559)  train_iou: 0.6519 (0.6292)  time: 0.5089  data: 0.0004  max mem: 24227
Epoch: [1]  [3560/5625]  eta: 0:17:35  lr: 0.000009  train_loss: 0.3159 (0.3559)  train_iou: 0.5929 (0.6291)  time: 0.5049  data: 0.0004  max mem: 24227
Epoch: [1]  [3580/5625]  eta: 0:17:25  lr: 0.000009  train_loss: 0.2967 (0.3557)  train_iou: 0.5969 (0.6291)  time: 0.5040  data: 0.0004  max mem: 24227
Epoch: [1]  [3600/5625]  eta: 0:17:14  lr: 0.000009  train_loss: 0.2145 (0.3554)  train_iou: 0.7030 (0.6297)  time: 0.5053  data: 0.0004  max mem: 24227
Epoch: [1]  [3620/5625]  eta: 0:17:04  lr: 0.000009  train_loss: 0.3624 (0.3556)  train_iou: 0.6065 (0.6297)  time: 0.5060  data: 0.0004  max mem: 24227
Epoch: [1]  [3640/5625]  eta: 0:16:54  lr: 0.000009  train_loss: 0.2367 (0.3553)  train_iou: 0.6986 (0.6300)  time: 0.5050  data: 0.0004  max mem: 24227
Epoch: [1]  [3660/5625]  eta: 0:16:43  lr: 0.000009  train_loss: 0.3255 (0.3553)  train_iou: 0.5986 (0.6299)  time: 0.5031  data: 0.0004  max mem: 24227
Epoch: [1]  [3680/5625]  eta: 0:16:33  lr: 0.000009  train_loss: 0.3097 (0.3553)  train_iou: 0.5982 (0.6297)  time: 0.5066  data: 0.0004  max mem: 24227
Epoch: [1]  [3700/5625]  eta: 0:16:23  lr: 0.000009  train_loss: 0.2930 (0.3550)  train_iou: 0.6310 (0.6298)  time: 0.4996  data: 0.0012  max mem: 24227
Epoch: [1]  [3720/5625]  eta: 0:16:13  lr: 0.000009  train_loss: 0.2633 (0.3549)  train_iou: 0.6510 (0.6298)  time: 0.5055  data: 0.0004  max mem: 24227
Epoch: [1]  [3740/5625]  eta: 0:16:02  lr: 0.000009  train_loss: 0.3790 (0.3551)  train_iou: 0.6517 (0.6297)  time: 0.5041  data: 0.0004  max mem: 24227
Epoch: [1]  [3760/5625]  eta: 0:15:52  lr: 0.000009  train_loss: 0.3012 (0.3549)  train_iou: 0.6569 (0.6298)  time: 0.5042  data: 0.0004  max mem: 24227
Epoch: [1]  [3780/5625]  eta: 0:15:42  lr: 0.000009  train_loss: 0.3025 (0.3548)  train_iou: 0.5825 (0.6297)  time: 0.5057  data: 0.0004  max mem: 24227
Epoch: [1]  [3800/5625]  eta: 0:15:31  lr: 0.000009  train_loss: 0.2972 (0.3547)  train_iou: 0.6337 (0.6300)  time: 0.5030  data: 0.0005  max mem: 24227
Epoch: [1]  [3820/5625]  eta: 0:15:21  lr: 0.000009  train_loss: 0.3600 (0.3550)  train_iou: 0.6255 (0.6300)  time: 0.5104  data: 0.0017  max mem: 24227
Epoch: [1]  [3840/5625]  eta: 0:15:11  lr: 0.000009  train_loss: 0.3405 (0.3550)  train_iou: 0.5869 (0.6298)  time: 0.5041  data: 0.0004  max mem: 24227
Epoch: [1]  [3860/5625]  eta: 0:15:01  lr: 0.000009  train_loss: 0.2924 (0.3548)  train_iou: 0.5648 (0.6297)  time: 0.5054  data: 0.0004  max mem: 24227
Epoch: [1]  [3880/5625]  eta: 0:14:50  lr: 0.000009  train_loss: 0.3155 (0.3547)  train_iou: 0.6233 (0.6296)  time: 0.5031  data: 0.0004  max mem: 24227
Epoch: [1]  [3900/5625]  eta: 0:14:40  lr: 0.000009  train_loss: 0.3194 (0.3545)  train_iou: 0.6489 (0.6297)  time: 0.5038  data: 0.0004  max mem: 24227
Epoch: [1]  [3920/5625]  eta: 0:14:30  lr: 0.000009  train_loss: 0.3305 (0.3545)  train_iou: 0.6241 (0.6298)  time: 0.5080  data: 0.0004  max mem: 24227
Epoch: [1]  [3940/5625]  eta: 0:14:20  lr: 0.000009  train_loss: 0.2246 (0.3541)  train_iou: 0.6474 (0.6299)  time: 0.5019  data: 0.0004  max mem: 24227
Epoch: [1]  [3960/5625]  eta: 0:14:09  lr: 0.000009  train_loss: 0.3386 (0.3539)  train_iou: 0.6487 (0.6299)  time: 0.5044  data: 0.0004  max mem: 24227
Epoch: [1]  [3980/5625]  eta: 0:13:59  lr: 0.000009  train_loss: 0.2794 (0.3536)  train_iou: 0.5929 (0.6298)  time: 0.5029  data: 0.0011  max mem: 24227
Epoch: [1]  [4000/5625]  eta: 0:13:49  lr: 0.000009  train_loss: 0.2742 (0.3534)  train_iou: 0.6327 (0.6300)  time: 0.5065  data: 0.0013  max mem: 24227
Epoch: [1]  [4020/5625]  eta: 0:13:39  lr: 0.000009  train_loss: 0.2834 (0.3532)  train_iou: 0.5899 (0.6299)  time: 0.5021  data: 0.0004  max mem: 24227
Epoch: [1]  [4040/5625]  eta: 0:13:28  lr: 0.000009  train_loss: 0.2315 (0.3527)  train_iou: 0.6864 (0.6301)  time: 0.5097  data: 0.0004  max mem: 24227
Epoch: [1]  [4060/5625]  eta: 0:13:18  lr: 0.000009  train_loss: 0.3692 (0.3530)  train_iou: 0.6038 (0.6299)  time: 0.5073  data: 0.0004  max mem: 24227
Epoch: [1]  [4080/5625]  eta: 0:13:08  lr: 0.000009  train_loss: 0.3271 (0.3531)  train_iou: 0.6557 (0.6299)  time: 0.5044  data: 0.0004  max mem: 24227
Epoch: [1]  [4100/5625]  eta: 0:12:58  lr: 0.000009  train_loss: 0.2551 (0.3528)  train_iou: 0.6359 (0.6298)  time: 0.5015  data: 0.0004  max mem: 24227
Epoch: [1]  [4120/5625]  eta: 0:12:47  lr: 0.000009  train_loss: 0.2815 (0.3527)  train_iou: 0.6767 (0.6301)  time: 0.5061  data: 0.0004  max mem: 24227
Epoch: [1]  [4140/5625]  eta: 0:12:37  lr: 0.000009  train_loss: 0.2454 (0.3524)  train_iou: 0.6138 (0.6301)  time: 0.5066  data: 0.0016  max mem: 24227
Epoch: [1]  [4160/5625]  eta: 0:12:27  lr: 0.000009  train_loss: 0.3257 (0.3525)  train_iou: 0.5661 (0.6299)  time: 0.5074  data: 0.0005  max mem: 24227
Epoch: [1]  [4180/5625]  eta: 0:12:17  lr: 0.000009  train_loss: 0.3435 (0.3527)  train_iou: 0.6413 (0.6300)  time: 0.5024  data: 0.0004  max mem: 24227
Epoch: [1]  [4200/5625]  eta: 0:12:06  lr: 0.000009  train_loss: 0.3565 (0.3528)  train_iou: 0.6041 (0.6299)  time: 0.5043  data: 0.0018  max mem: 24227
Epoch: [1]  [4220/5625]  eta: 0:11:56  lr: 0.000009  train_loss: 0.2990 (0.3526)  train_iou: 0.6619 (0.6300)  time: 0.5090  data: 0.0004  max mem: 24227
Epoch: [1]  [4240/5625]  eta: 0:11:46  lr: 0.000009  train_loss: 0.2964 (0.3524)  train_iou: 0.6715 (0.6302)  time: 0.5035  data: 0.0006  max mem: 24227
Epoch: [1]  [4260/5625]  eta: 0:11:36  lr: 0.000009  train_loss: 0.2450 (0.3521)  train_iou: 0.6202 (0.6303)  time: 0.5053  data: 0.0004  max mem: 24227
Epoch: [1]  [4280/5625]  eta: 0:11:25  lr: 0.000009  train_loss: 0.2910 (0.3520)  train_iou: 0.6253 (0.6303)  time: 0.5015  data: 0.0004  max mem: 24227
Epoch: [1]  [4300/5625]  eta: 0:11:15  lr: 0.000009  train_loss: 0.2681 (0.3518)  train_iou: 0.6243 (0.6304)  time: 0.5026  data: 0.0004  max mem: 24227
Epoch: [1]  [4320/5625]  eta: 0:11:05  lr: 0.000009  train_loss: 0.3414 (0.3519)  train_iou: 0.6591 (0.6305)  time: 0.5049  data: 0.0012  max mem: 24227
Epoch: [1]  [4340/5625]  eta: 0:10:55  lr: 0.000009  train_loss: 0.3170 (0.3517)  train_iou: 0.7111 (0.6307)  time: 0.5022  data: 0.0004  max mem: 24227
Epoch: [1]  [4360/5625]  eta: 0:10:45  lr: 0.000009  train_loss: 0.2995 (0.3515)  train_iou: 0.6513 (0.6306)  time: 0.5051  data: 0.0004  max mem: 24227
Epoch: [1]  [4380/5625]  eta: 0:10:34  lr: 0.000009  train_loss: 0.2987 (0.3516)  train_iou: 0.6499 (0.6306)  time: 0.5075  data: 0.0004  max mem: 24227
Epoch: [1]  [4400/5625]  eta: 0:10:24  lr: 0.000009  train_loss: 0.4187 (0.3520)  train_iou: 0.6088 (0.6306)  time: 0.5038  data: 0.0004  max mem: 24227
Epoch: [1]  [4420/5625]  eta: 0:10:14  lr: 0.000009  train_loss: 0.2562 (0.3519)  train_iou: 0.6382 (0.6306)  time: 0.5017  data: 0.0004  max mem: 24227
Epoch: [1]  [4440/5625]  eta: 0:10:04  lr: 0.000009  train_loss: 0.4171 (0.3523)  train_iou: 0.6444 (0.6307)  time: 0.5053  data: 0.0004  max mem: 24227
Epoch: [1]  [4460/5625]  eta: 0:09:53  lr: 0.000009  train_loss: 0.3497 (0.3523)  train_iou: 0.6066 (0.6305)  time: 0.5036  data: 0.0018  max mem: 24227
Epoch: [1]  [4480/5625]  eta: 0:09:43  lr: 0.000009  train_loss: 0.2733 (0.3522)  train_iou: 0.6147 (0.6305)  time: 0.5062  data: 0.0004  max mem: 24227
Epoch: [1]  [4500/5625]  eta: 0:09:33  lr: 0.000009  train_loss: 0.3674 (0.3524)  train_iou: 0.6063 (0.6304)  time: 0.5077  data: 0.0004  max mem: 24227
Epoch: [1]  [4520/5625]  eta: 0:09:23  lr: 0.000009  train_loss: 0.3157 (0.3523)  train_iou: 0.6518 (0.6305)  time: 0.5101  data: 0.0004  max mem: 24227
Epoch: [1]  [4540/5625]  eta: 0:09:13  lr: 0.000009  train_loss: 0.2641 (0.3522)  train_iou: 0.6212 (0.6306)  time: 0.5076  data: 0.0004  max mem: 24227
Epoch: [1]  [4560/5625]  eta: 0:09:02  lr: 0.000009  train_loss: 0.2813 (0.3521)  train_iou: 0.6315 (0.6305)  time: 0.5082  data: 0.0005  max mem: 24227
Epoch: [1]  [4580/5625]  eta: 0:08:52  lr: 0.000009  train_loss: 0.2875 (0.3519)  train_iou: 0.6776 (0.6307)  time: 0.5087  data: 0.0004  max mem: 24227
Epoch: [1]  [4600/5625]  eta: 0:08:42  lr: 0.000009  train_loss: 0.2823 (0.3518)  train_iou: 0.6309 (0.6307)  time: 0.5110  data: 0.0018  max mem: 24227
Epoch: [1]  [4620/5625]  eta: 0:08:32  lr: 0.000009  train_loss: 0.3153 (0.3518)  train_iou: 0.6275 (0.6307)  time: 0.5060  data: 0.0004  max mem: 24227
Epoch: [1]  [4640/5625]  eta: 0:08:22  lr: 0.000009  train_loss: 0.2467 (0.3517)  train_iou: 0.6376 (0.6309)  time: 0.5036  data: 0.0004  max mem: 24227
Epoch: [1]  [4660/5625]  eta: 0:08:11  lr: 0.000009  train_loss: 0.3324 (0.3518)  train_iou: 0.5985 (0.6309)  time: 0.5062  data: 0.0004  max mem: 24227
Epoch: [1]  [4680/5625]  eta: 0:08:01  lr: 0.000009  train_loss: 0.2699 (0.3517)  train_iou: 0.6520 (0.6309)  time: 0.5032  data: 0.0004  max mem: 24227
Epoch: [1]  [4700/5625]  eta: 0:07:51  lr: 0.000009  train_loss: 0.3882 (0.3519)  train_iou: 0.6043 (0.6308)  time: 0.5057  data: 0.0004  max mem: 24227
Epoch: [1]  [4720/5625]  eta: 0:07:41  lr: 0.000009  train_loss: 0.3062 (0.3518)  train_iou: 0.6347 (0.6308)  time: 0.5054  data: 0.0004  max mem: 24227
Epoch: [1]  [4740/5625]  eta: 0:07:31  lr: 0.000009  train_loss: 0.3040 (0.3517)  train_iou: 0.6363 (0.6309)  time: 0.5084  data: 0.0004  max mem: 24227
Epoch: [1]  [4760/5625]  eta: 0:07:20  lr: 0.000009  train_loss: 0.2633 (0.3515)  train_iou: 0.6711 (0.6310)  time: 0.5039  data: 0.0004  max mem: 24227
Epoch: [1]  [4780/5625]  eta: 0:07:10  lr: 0.000009  train_loss: 0.2330 (0.3512)  train_iou: 0.6718 (0.6311)  time: 0.5069  data: 0.0004  max mem: 24227
Epoch: [1]  [4800/5625]  eta: 0:07:00  lr: 0.000009  train_loss: 0.2651 (0.3509)  train_iou: 0.6436 (0.6312)  time: 0.5041  data: 0.0004  max mem: 24227
Epoch: [1]  [4820/5625]  eta: 0:06:50  lr: 0.000009  train_loss: 0.2616 (0.3509)  train_iou: 0.5993 (0.6311)  time: 0.5029  data: 0.0004  max mem: 24227
Epoch: [1]  [4840/5625]  eta: 0:06:39  lr: 0.000009  train_loss: 0.2511 (0.3507)  train_iou: 0.6739 (0.6313)  time: 0.5045  data: 0.0004  max mem: 24227
Epoch: [1]  [4860/5625]  eta: 0:06:29  lr: 0.000009  train_loss: 0.3697 (0.3508)  train_iou: 0.5862 (0.6312)  time: 0.5052  data: 0.0004  max mem: 24227
Epoch: [1]  [4880/5625]  eta: 0:06:19  lr: 0.000009  train_loss: 0.3420 (0.3510)  train_iou: 0.6146 (0.6312)  time: 0.5059  data: 0.0004  max mem: 24227
Epoch: [1]  [4900/5625]  eta: 0:06:09  lr: 0.000009  train_loss: 0.3923 (0.3513)  train_iou: 0.5617 (0.6310)  time: 0.4992  data: 0.0004  max mem: 24227
Epoch: [1]  [4920/5625]  eta: 0:05:59  lr: 0.000009  train_loss: 0.3757 (0.3516)  train_iou: 0.6058 (0.6310)  time: 0.5071  data: 0.0006  max mem: 24227
Epoch: [1]  [4940/5625]  eta: 0:05:48  lr: 0.000009  train_loss: 0.3677 (0.3517)  train_iou: 0.5948 (0.6310)  time: 0.5068  data: 0.0004  max mem: 24227
Epoch: [1]  [4960/5625]  eta: 0:05:38  lr: 0.000009  train_loss: 0.2788 (0.3515)  train_iou: 0.6676 (0.6312)  time: 0.5032  data: 0.0007  max mem: 24227
Epoch: [1]  [4980/5625]  eta: 0:05:28  lr: 0.000009  train_loss: 0.2724 (0.3514)  train_iou: 0.6429 (0.6314)  time: 0.5082  data: 0.0004  max mem: 24227
Epoch: [1]  [5000/5625]  eta: 0:05:18  lr: 0.000009  train_loss: 0.4060 (0.3516)  train_iou: 0.5998 (0.6313)  time: 0.5049  data: 0.0004  max mem: 24227
Epoch: [1]  [5020/5625]  eta: 0:05:08  lr: 0.000009  train_loss: 0.2853 (0.3515)  train_iou: 0.6167 (0.6314)  time: 0.5072  data: 0.0004  max mem: 24227
Epoch: [1]  [5040/5625]  eta: 0:04:57  lr: 0.000009  train_loss: 0.2577 (0.3513)  train_iou: 0.6770 (0.6315)  time: 0.5053  data: 0.0004  max mem: 24227
Epoch: [1]  [5060/5625]  eta: 0:04:47  lr: 0.000009  train_loss: 0.2660 (0.3514)  train_iou: 0.6336 (0.6315)  time: 0.5038  data: 0.0007  max mem: 24227
Epoch: [1]  [5080/5625]  eta: 0:04:37  lr: 0.000009  train_loss: 0.2904 (0.3514)  train_iou: 0.6470 (0.6316)  time: 0.5106  data: 0.0004  max mem: 24227
Epoch: [1]  [5100/5625]  eta: 0:04:27  lr: 0.000009  train_loss: 0.3489 (0.3514)  train_iou: 0.6194 (0.6315)  time: 0.5052  data: 0.0014  max mem: 24227
Epoch: [1]  [5120/5625]  eta: 0:04:17  lr: 0.000009  train_loss: 0.3488 (0.3515)  train_iou: 0.6525 (0.6316)  time: 0.5033  data: 0.0007  max mem: 24227
Epoch: [1]  [5140/5625]  eta: 0:04:07  lr: 0.000009  train_loss: 0.3495 (0.3514)  train_iou: 0.6693 (0.6317)  time: 0.5104  data: 0.0004  max mem: 24227
Epoch: [1]  [5160/5625]  eta: 0:03:56  lr: 0.000009  train_loss: 0.3122 (0.3514)  train_iou: 0.6502 (0.6318)  time: 0.5070  data: 0.0006  max mem: 24227
Epoch: [1]  [5180/5625]  eta: 0:03:46  lr: 0.000009  train_loss: 0.2672 (0.3512)  train_iou: 0.6450 (0.6319)  time: 0.5038  data: 0.0004  max mem: 24227
Epoch: [1]  [5200/5625]  eta: 0:03:36  lr: 0.000009  train_loss: 0.2768 (0.3510)  train_iou: 0.6607 (0.6321)  time: 0.5064  data: 0.0012  max mem: 24227
Epoch: [1]  [5220/5625]  eta: 0:03:26  lr: 0.000009  train_loss: 0.3251 (0.3510)  train_iou: 0.6449 (0.6322)  time: 0.5095  data: 0.0004  max mem: 24227
Epoch: [1]  [5240/5625]  eta: 0:03:16  lr: 0.000009  train_loss: 0.2839 (0.3510)  train_iou: 0.5949 (0.6321)  time: 0.5041  data: 0.0016  max mem: 24227
Epoch: [1]  [5260/5625]  eta: 0:03:05  lr: 0.000009  train_loss: 0.3226 (0.3509)  train_iou: 0.6449 (0.6322)  time: 0.5042  data: 0.0004  max mem: 24227
Epoch: [1]  [5280/5625]  eta: 0:02:55  lr: 0.000009  train_loss: 0.3083 (0.3508)  train_iou: 0.6144 (0.6322)  time: 0.5046  data: 0.0004  max mem: 24227
Epoch: [1]  [5300/5625]  eta: 0:02:45  lr: 0.000009  train_loss: 0.2884 (0.3508)  train_iou: 0.6173 (0.6321)  time: 0.5091  data: 0.0006  max mem: 24227
Epoch: [1]  [5320/5625]  eta: 0:02:35  lr: 0.000009  train_loss: 0.3012 (0.3507)  train_iou: 0.6142 (0.6321)  time: 0.5059  data: 0.0006  max mem: 24227
Epoch: [1]  [5340/5625]  eta: 0:02:25  lr: 0.000009  train_loss: 0.2749 (0.3507)  train_iou: 0.5518 (0.6320)  time: 0.5079  data: 0.0006  max mem: 24227
Epoch: [1]  [5360/5625]  eta: 0:02:14  lr: 0.000009  train_loss: 0.2944 (0.3507)  train_iou: 0.6428 (0.6320)  time: 0.5094  data: 0.0014  max mem: 24227
Epoch: [1]  [5380/5625]  eta: 0:02:04  lr: 0.000009  train_loss: 0.2948 (0.3506)  train_iou: 0.6338 (0.6320)  time: 0.5035  data: 0.0007  max mem: 24227
Epoch: [1]  [5400/5625]  eta: 0:01:54  lr: 0.000009  train_loss: 0.3571 (0.3509)  train_iou: 0.6507 (0.6321)  time: 0.5053  data: 0.0017  max mem: 24227
Epoch: [1]  [5420/5625]  eta: 0:01:44  lr: 0.000009  train_loss: 0.3314 (0.3510)  train_iou: 0.6500 (0.6322)  time: 0.5118  data: 0.0005  max mem: 24227
Epoch: [1]  [5440/5625]  eta: 0:01:34  lr: 0.000009  train_loss: 0.2831 (0.3510)  train_iou: 0.5872 (0.6321)  time: 0.5044  data: 0.0011  max mem: 24227
Epoch: [1]  [5460/5625]  eta: 0:01:24  lr: 0.000009  train_loss: 0.3414 (0.3510)  train_iou: 0.6263 (0.6322)  time: 0.5036  data: 0.0004  max mem: 24227
Epoch: [1]  [5480/5625]  eta: 0:01:13  lr: 0.000009  train_loss: 0.3388 (0.3510)  train_iou: 0.6083 (0.6321)  time: 0.5084  data: 0.0021  max mem: 24227
Epoch: [1]  [5500/5625]  eta: 0:01:03  lr: 0.000009  train_loss: 0.3474 (0.3513)  train_iou: 0.6217 (0.6321)  time: 0.5095  data: 0.0021  max mem: 24227
Epoch: [1]  [5520/5625]  eta: 0:00:53  lr: 0.000009  train_loss: 0.3753 (0.3513)  train_iou: 0.5940 (0.6320)  time: 0.5111  data: 0.0007  max mem: 24227
Epoch: [1]  [5540/5625]  eta: 0:00:43  lr: 0.000009  train_loss: 0.3810 (0.3515)  train_iou: 0.6009 (0.6320)  time: 0.5089  data: 0.0008  max mem: 24227
Epoch: [1]  [5560/5625]  eta: 0:00:33  lr: 0.000009  train_loss: 0.3377 (0.3514)  train_iou: 0.5927 (0.6319)  time: 0.5125  data: 0.0017  max mem: 24227
Epoch: [1]  [5580/5625]  eta: 0:00:22  lr: 0.000009  train_loss: 0.2478 (0.3513)  train_iou: 0.5915 (0.6319)  time: 0.5079  data: 0.0005  max mem: 24227
Epoch: [1]  [5600/5625]  eta: 0:00:12  lr: 0.000009  train_loss: 0.2837 (0.3514)  train_iou: 0.6923 (0.6320)  time: 0.5064  data: 0.0032  max mem: 24227
Epoch: [1]  [5620/5625]  eta: 0:00:02  lr: 0.000009  train_loss: 0.2532 (0.3512)  train_iou: 0.6360 (0.6321)  time: 0.4870  data: 0.0005  max mem: 24227
Epoch: [1]  [5624/5625]  eta: 0:00:00  lr: 0.000009  train_loss: 0.2246 (0.3512)  train_iou: 0.6199 (0.6321)  time: 0.4811  data: 0.0004  max mem: 24227
Epoch: [1] Total time: 0:47:44 (0.5092 s / it)
Averaged stats: lr: 0.000009  train_loss: 0.2246 (0.3512)  train_iou: 0.6199 (0.6321)
huggingface/tokenizers: The current process just got forked, after parallelism has already been used. Disabling parallelism to avoid deadlocks...
To disable this warning, you can either:
	- Avoid using `tokenizers` before the fork if possible
	- Explicitly set the environment variable TOKENIZERS_PARALLELISM=(true | false)
huggingface/tokenizers: The current process just got forked, after parallelism has already been used. Disabling parallelism to avoid deadlocks...
To disable this warning, you can either:
	- Avoid using `tokenizers` before the fork if possible
	- Explicitly set the environment variable TOKENIZERS_PARALLELISM=(true | false)
huggingface/tokenizers: The current process just got forked, after parallelism has already been used. Disabling parallelism to avoid deadlocks...
To disable this warning, you can either:
	- Avoid using `tokenizers` before the fork if possible
	- Explicitly set the environment variable TOKENIZERS_PARALLELISM=(true | false)
huggingface/tokenizers: The current process just got forked, after parallelism has already been used. Disabling parallelism to avoid deadlocks...
To disable this warning, you can either:
	- Avoid using `tokenizers` before the fork if possible
	- Explicitly set the environment variable TOKENIZERS_PARALLELISM=(true | false)
huggingface/tokenizers: The current process just got forked, after parallelism has already been used. Disabling parallelism to avoid deadlocks...
To disable this warning, you can either:
	- Avoid using `tokenizers` before the fork if possible
	- Explicitly set the environment variable TOKENIZERS_PARALLELISM=(true | false)
huggingface/tokenizers: The current process just got forked, after parallelism has already been used. Disabling parallelism to avoid deadlocks...
To disable this warning, you can either:
	- Avoid using `tokenizers` before the fork if possible
	- Explicitly set the environment variable TOKENIZERS_PARALLELISM=(true | false)
huggingface/tokenizers: The current process just got forked, after parallelism has already been used. Disabling parallelism to avoid deadlocks...
To disable this warning, you can either:
	- Avoid using `tokenizers` before the fork if possible
	- Explicitly set the environment variable TOKENIZERS_PARALLELISM=(true | false)
huggingface/tokenizers: The current process just got forked, after parallelism has already been used. Disabling parallelism to avoid deadlocks...
To disable this warning, you can either:
	- Avoid using `tokenizers` before the fork if possible
	- Explicitly set the environment variable TOKENIZERS_PARALLELISM=(true | false)
Test:  [   0/4000]  eta: 1:55:11  inter: 33467.0000 (33467.0000)  union: 35752.0000 (35752.0000)  iou: 0.9361 (0.9361)  time: 1.7279  data: 1.5282  max mem: 24227
Test:  [  50/4000]  eta: 0:10:21  inter: 22718.0000 (23969.4219)  union: 48902.0000 (42258.5625)  iou: 0.5016 (0.5441)  time: 0.1310  data: 0.0004  max mem: 24227
Test:  [ 100/4000]  eta: 0:09:33  inter: 24066.0000 (26309.6544)  union: 47096.0000 (42906.8456)  iou: 0.6992 (0.5938)  time: 0.1316  data: 0.0004  max mem: 24227
Test:  [ 150/4000]  eta: 0:09:15  inter: 18531.0000 (25183.2249)  union: 29941.0000 (40518.5311)  iou: 0.8426 (0.6147)  time: 0.1442  data: 0.0004  max mem: 24227
Test:  [ 200/4000]  eta: 0:08:50  inter: 33601.0000 (25718.3040)  union: 37523.0000 (40236.4579)  iou: 0.7707 (0.6276)  time: 0.1240  data: 0.0004  max mem: 24227
Test:  [ 250/4000]  eta: 0:08:29  inter: 15443.0000 (27139.8042)  union: 32973.0000 (41955.0241)  iou: 0.4323 (0.6155)  time: 0.1160  data: 0.0004  max mem: 24227
Test:  [ 300/4000]  eta: 0:08:22  inter: 20477.0000 (26577.4715)  union: 24496.0000 (41576.6303)  iou: 0.7807 (0.6071)  time: 0.1382  data: 0.0004  max mem: 24227
Test:  [ 350/4000]  eta: 0:08:22  inter: 9151.0000 (25542.0785)  union: 33086.0000 (41303.3430)  iou: 0.4690 (0.5929)  time: 0.1500  data: 0.0004  max mem: 24227
Test:  [ 400/4000]  eta: 0:08:16  inter: 30676.0000 (25076.4446)  union: 36931.0000 (41102.7393)  iou: 0.6373 (0.5897)  time: 0.1231  data: 0.0004  max mem: 24227
Test:  [ 450/4000]  eta: 0:08:07  inter: 14312.0000 (24918.6952)  union: 29672.0000 (40816.1952)  iou: 0.6138 (0.5912)  time: 0.1542  data: 0.0004  max mem: 24227
Test:  [ 500/4000]  eta: 0:07:58  inter: 17224.0000 (25482.4585)  union: 31988.0000 (41670.7464)  iou: 0.5368 (0.5901)  time: 0.1224  data: 0.0004  max mem: 24227
Test:  [ 550/4000]  eta: 0:07:54  inter: 23715.0000 (25519.2828)  union: 27999.0000 (41435.5270)  iou: 0.7730 (0.5960)  time: 0.1467  data: 0.0004  max mem: 24227
Test:  [ 600/4000]  eta: 0:07:46  inter: 10606.0000 (25468.6189)  union: 31031.0000 (41259.6994)  iou: 0.7917 (0.5943)  time: 0.1392  data: 0.0004  max mem: 24227
Test:  [ 650/4000]  eta: 0:07:35  inter: 30143.0000 (25971.5823)  union: 42123.0000 (41707.3746)  iou: 0.7501 (0.5941)  time: 0.1228  data: 0.0004  max mem: 24227
Test:  [ 700/4000]  eta: 0:07:28  inter: 14044.0000 (25459.7823)  union: 28787.0000 (41376.9066)  iou: 0.4084 (0.5863)  time: 0.1284  data: 0.0004  max mem: 24227
Test:  [ 750/4000]  eta: 0:07:23  inter: 24002.0000 (25555.8468)  union: 30112.0000 (41318.5794)  iou: 0.8011 (0.5901)  time: 0.1539  data: 0.0004  max mem: 24227
Test:  [ 800/4000]  eta: 0:07:15  inter: 12826.0000 (25322.1723)  union: 46337.0000 (40891.1991)  iou: 0.5900 (0.5905)  time: 0.1433  data: 0.0004  max mem: 24227
Test:  [ 850/4000]  eta: 0:07:10  inter: 21892.0000 (25383.8544)  union: 37433.0000 (40798.9197)  iou: 0.6926 (0.5919)  time: 0.1225  data: 0.0004  max mem: 24227
Test:  [ 900/4000]  eta: 0:07:02  inter: 10170.0000 (25373.8451)  union: 28097.0000 (40959.8047)  iou: 0.7122 (0.5881)  time: 0.1185  data: 0.0004  max mem: 24227
Test:  [ 950/4000]  eta: 0:06:55  inter: 25087.0000 (25615.2911)  union: 30946.0000 (41027.3518)  iou: 0.8545 (0.5891)  time: 0.1342  data: 0.0004  max mem: 24227
Test:  [1000/4000]  eta: 0:06:48  inter: 21080.0000 (25864.7869)  union: 37362.0000 (41207.1582)  iou: 0.7748 (0.5910)  time: 0.1206  data: 0.0004  max mem: 24227
Test:  [1050/4000]  eta: 0:06:40  inter: 21531.0000 (25873.7966)  union: 38181.0000 (41208.4531)  iou: 0.5448 (0.5900)  time: 0.1366  data: 0.0004  max mem: 24227
Test:  [1100/4000]  eta: 0:06:32  inter: 15204.0000 (25741.2070)  union: 31201.0000 (41026.3275)  iou: 0.6971 (0.5894)  time: 0.1310  data: 0.0004  max mem: 24227
Test:  [1150/4000]  eta: 0:06:26  inter: 10144.0000 (25910.0360)  union: 24269.0000 (40881.7692)  iou: 0.4173 (0.5922)  time: 0.1450  data: 0.0004  max mem: 24227
Test:  [1200/4000]  eta: 0:06:19  inter: 10061.0000 (25782.8864)  union: 29742.0000 (41025.5713)  iou: 0.7274 (0.5876)  time: 0.1342  data: 0.0004  max mem: 24227
Test:  [1250/4000]  eta: 0:06:14  inter: 202.0000 (25544.1420)  union: 31572.0000 (40764.1584)  iou: 0.0055 (0.5859)  time: 0.1525  data: 0.0005  max mem: 24227
Test:  [1300/4000]  eta: 0:06:07  inter: 17380.0000 (25347.7155)  union: 36124.0000 (40594.9295)  iou: 0.4102 (0.5869)  time: 0.1391  data: 0.0005  max mem: 24227
Test:  [1350/4000]  eta: 0:06:00  inter: 26056.0000 (25437.4842)  union: 34098.0000 (40579.2805)  iou: 0.7821 (0.5881)  time: 0.1328  data: 0.0005  max mem: 24227
Test:  [1400/4000]  eta: 0:05:54  inter: 10089.0000 (25566.4752)  union: 12469.0000 (40770.5076)  iou: 0.7575 (0.5862)  time: 0.1372  data: 0.0005  max mem: 24227
Test:  [1450/4000]  eta: 0:05:46  inter: 14830.0000 (25521.2323)  union: 43986.0000 (40664.7174)  iou: 0.6659 (0.5858)  time: 0.1285  data: 0.0005  max mem: 24227
Test:  [1500/4000]  eta: 0:05:39  inter: 16789.0000 (25536.9721)  union: 50573.0000 (40794.1192)  iou: 0.3906 (0.5836)  time: 0.1278  data: 0.0005  max mem: 24227
Test:  [1550/4000]  eta: 0:05:33  inter: 12291.0000 (25415.7559)  union: 27826.0000 (40714.5488)  iou: 0.8424 (0.5846)  time: 0.1530  data: 0.0005  max mem: 24227
Test:  [1600/4000]  eta: 0:05:27  inter: 11201.0000 (25284.2587)  union: 25719.0000 (40654.9819)  iou: 0.4916 (0.5816)  time: 0.1530  data: 0.0005  max mem: 24227
Test:  [1650/4000]  eta: 0:05:19  inter: 17054.0000 (25223.6394)  union: 35129.0000 (40676.0064)  iou: 0.4175 (0.5808)  time: 0.1308  data: 0.0004  max mem: 24227
Test:  [1700/4000]  eta: 0:05:12  inter: 16847.0000 (25175.1665)  union: 36505.0000 (40735.8836)  iou: 0.7956 (0.5794)  time: 0.1317  data: 0.0005  max mem: 24227
Test:  [1750/4000]  eta: 0:05:05  inter: 18536.0000 (25117.9789)  union: 32478.0000 (40647.9489)  iou: 0.7851 (0.5788)  time: 0.1506  data: 0.0005  max mem: 24227
Test:  [1800/4000]  eta: 0:04:59  inter: 20861.0000 (25008.3392)  union: 45577.0000 (40579.9462)  iou: 0.4488 (0.5774)  time: 0.1509  data: 0.0005  max mem: 24227
Test:  [1850/4000]  eta: 0:04:52  inter: 637.0000 (24961.1234)  union: 33709.0000 (40658.0789)  iou: 0.2105 (0.5753)  time: 0.1377  data: 0.0005  max mem: 24227
Test:  [1900/4000]  eta: 0:04:45  inter: 36681.0000 (24910.3515)  union: 56334.0000 (40574.1595)  iou: 0.6038 (0.5764)  time: 0.1390  data: 0.0005  max mem: 24227
Test:  [1950/4000]  eta: 0:04:39  inter: 12427.0000 (24848.6244)  union: 17202.0000 (40540.2658)  iou: 0.7146 (0.5763)  time: 0.1359  data: 0.0005  max mem: 24227
Test:  [2000/4000]  eta: 0:04:31  inter: 15849.0000 (24909.0637)  union: 22492.0000 (40522.0234)  iou: 0.7416 (0.5776)  time: 0.1189  data: 0.0005  max mem: 24227
Test:  [2050/4000]  eta: 0:04:25  inter: 9436.0000 (24786.7536)  union: 56350.0000 (40620.9549)  iou: 0.2303 (0.5755)  time: 0.1647  data: 0.0005  max mem: 24227
Test:  [2100/4000]  eta: 0:04:18  inter: 20861.0000 (24761.2043)  union: 32344.0000 (40593.0866)  iou: 0.7816 (0.5761)  time: 0.1217  data: 0.0005  max mem: 24227
Test:  [2150/4000]  eta: 0:04:11  inter: 23979.0000 (24763.5411)  union: 30431.0000 (40614.3912)  iou: 0.7819 (0.5757)  time: 0.1249  data: 0.0005  max mem: 24227
Test:  [2200/4000]  eta: 0:04:04  inter: 14164.0000 (24757.0571)  union: 21666.0000 (40559.6947)  iou: 0.5741 (0.5761)  time: 0.1392  data: 0.0005  max mem: 24227
Test:  [2250/4000]  eta: 0:03:57  inter: 13970.0000 (24624.0233)  union: 38732.0000 (40381.1215)  iou: 0.5390 (0.5745)  time: 0.1247  data: 0.0005  max mem: 24227
Test:  [2300/4000]  eta: 0:03:50  inter: 25699.0000 (24689.3504)  union: 37615.0000 (40354.0897)  iou: 0.6252 (0.5764)  time: 0.1389  data: 0.0005  max mem: 24227
Test:  [2350/4000]  eta: 0:03:44  inter: 18787.0000 (24623.8491)  union: 50969.0000 (40326.1725)  iou: 0.7043 (0.5763)  time: 0.1472  data: 0.0005  max mem: 24227
Test:  [2400/4000]  eta: 0:03:37  inter: 10601.0000 (24673.8969)  union: 33066.0000 (40297.6659)  iou: 0.4428 (0.5770)  time: 0.1477  data: 0.0005  max mem: 24227
Test:  [2450/4000]  eta: 0:03:30  inter: 29230.0000 (24752.5363)  union: 33345.0000 (40348.2353)  iou: 0.8620 (0.5784)  time: 0.1126  data: 0.0005  max mem: 24227
Test:  [2500/4000]  eta: 0:03:23  inter: 24923.0000 (24709.9534)  union: 40936.0000 (40362.1675)  iou: 0.7189 (0.5779)  time: 0.1162  data: 0.0005  max mem: 24227
Test:  [2550/4000]  eta: 0:03:16  inter: 29844.0000 (24823.2018)  union: 36614.0000 (40515.5575)  iou: 0.7825 (0.5783)  time: 0.1516  data: 0.0005  max mem: 24227
Test:  [2600/4000]  eta: 0:03:09  inter: 10949.0000 (24742.7768)  union: 33556.0000 (40449.7443)  iou: 0.4208 (0.5770)  time: 0.1396  data: 0.0005  max mem: 24227
Test:  [2650/4000]  eta: 0:03:02  inter: 16963.0000 (24737.7752)  union: 34490.0000 (40623.9511)  iou: 0.8103 (0.5760)  time: 0.1367  data: 0.0005  max mem: 24227
Test:  [2700/4000]  eta: 0:02:56  inter: 24526.0000 (24824.0597)  union: 30938.0000 (40710.7599)  iou: 0.8531 (0.5769)  time: 0.1301  data: 0.0004  max mem: 24227
Test:  [2750/4000]  eta: 0:02:49  inter: 14722.0000 (24877.2065)  union: 32161.0000 (40852.0351)  iou: 0.6458 (0.5761)  time: 0.1291  data: 0.0005  max mem: 24227
Test:  [2800/4000]  eta: 0:02:42  inter: 14879.0000 (24856.8099)  union: 26392.0000 (40740.0284)  iou: 0.8072 (0.5767)  time: 0.1315  data: 0.0004  max mem: 24227
Test:  [2850/4000]  eta: 0:02:35  inter: 12499.0000 (24972.9686)  union: 33304.0000 (40829.1204)  iou: 0.3294 (0.5761)  time: 0.1266  data: 0.0004  max mem: 24227
Test:  [2900/4000]  eta: 0:02:29  inter: 17566.0000 (24981.2117)  union: 26827.0000 (40902.8884)  iou: 0.7557 (0.5751)  time: 0.1206  data: 0.0004  max mem: 24227
Test:  [2950/4000]  eta: 0:02:22  inter: 19776.0000 (24999.5589)  union: 27141.0000 (40921.7442)  iou: 0.5659 (0.5751)  time: 0.1204  data: 0.0004  max mem: 24227
Test:  [3000/4000]  eta: 0:02:15  inter: 21524.0000 (24959.5698)  union: 33124.0000 (40889.7053)  iou: 0.6126 (0.5745)  time: 0.1486  data: 0.0004  max mem: 24227
Test:  [3050/4000]  eta: 0:02:08  inter: 13680.0000 (24937.5680)  union: 30730.0000 (40931.5588)  iou: 0.4531 (0.5744)  time: 0.1298  data: 0.0004  max mem: 24227
Test:  [3100/4000]  eta: 0:02:01  inter: 23016.0000 (24937.4757)  union: 42220.0000 (40903.7851)  iou: 0.4530 (0.5749)  time: 0.1333  data: 0.0004  max mem: 24227
Test:  [3150/4000]  eta: 0:01:55  inter: 15186.0000 (24821.1845)  union: 22204.0000 (40777.6834)  iou: 0.6359 (0.5744)  time: 0.1364  data: 0.0004  max mem: 24227
Test:  [3200/4000]  eta: 0:01:48  inter: 11375.0000 (24811.8975)  union: 38620.0000 (40804.4379)  iou: 0.5249 (0.5746)  time: 0.1276  data: 0.0004  max mem: 24227
Test:  [3250/4000]  eta: 0:01:41  inter: 15652.0000 (24747.9553)  union: 25309.0000 (40758.5678)  iou: 0.5604 (0.5729)  time: 0.1341  data: 0.0004  max mem: 24227
Test:  [3300/4000]  eta: 0:01:34  inter: 24939.0000 (24825.1309)  union: 45285.0000 (40861.9120)  iou: 0.7440 (0.5720)  time: 0.1523  data: 0.0004  max mem: 24227
Test:  [3350/4000]  eta: 0:01:27  inter: 9760.0000 (24815.8857)  union: 12645.0000 (40860.0254)  iou: 0.7536 (0.5725)  time: 0.1141  data: 0.0004  max mem: 24227
Test:  [3400/4000]  eta: 0:01:21  inter: 23443.0000 (24943.2988)  union: 41611.0000 (40921.2337)  iou: 0.8406 (0.5737)  time: 0.1428  data: 0.0004  max mem: 24227
Test:  [3450/4000]  eta: 0:01:14  inter: 17395.0000 (24937.0241)  union: 31544.0000 (40962.4795)  iou: 0.4440 (0.5735)  time: 0.1251  data: 0.0004  max mem: 24227
Test:  [3500/4000]  eta: 0:01:07  inter: 15014.0000 (24912.0515)  union: 21979.0000 (40884.2214)  iou: 0.4186 (0.5736)  time: 0.1247  data: 0.0004  max mem: 24227
Test:  [3550/4000]  eta: 0:01:00  inter: 20615.0000 (24929.0046)  union: 36952.0000 (40899.7548)  iou: 0.7279 (0.5734)  time: 0.1174  data: 0.0005  max mem: 24227
Test:  [3600/4000]  eta: 0:00:54  inter: 21579.0000 (24866.8126)  union: 35939.0000 (40860.1104)  iou: 0.6952 (0.5723)  time: 0.1238  data: 0.0004  max mem: 24227
Test:  [3650/4000]  eta: 0:00:47  inter: 18647.0000 (24815.9990)  union: 38516.0000 (40843.5189)  iou: 0.4476 (0.5716)  time: 0.1587  data: 0.0004  max mem: 24227
Test:  [3700/4000]  eta: 0:00:40  inter: 20680.0000 (24928.2501)  union: 36299.0000 (40891.9542)  iou: 0.8004 (0.5725)  time: 0.1296  data: 0.0004  max mem: 24227
Test:  [3750/4000]  eta: 0:00:33  inter: 23712.0000 (24960.5079)  union: 44499.0000 (40951.6123)  iou: 0.5098 (0.5734)  time: 0.1261  data: 0.0004  max mem: 24227
Test:  [3800/4000]  eta: 0:00:27  inter: 22383.0000 (25002.2036)  union: 29765.0000 (40940.6989)  iou: 0.6144 (0.5739)  time: 0.1114  data: 0.0004  max mem: 24227
Test:  [3850/4000]  eta: 0:00:20  inter: 22081.0000 (25003.1228)  union: 34046.0000 (40974.8309)  iou: 0.8669 (0.5741)  time: 0.1295  data: 0.0004  max mem: 24227
Test:  [3900/4000]  eta: 0:00:13  inter: 18369.0000 (25025.6534)  union: 31518.0000 (41055.7172)  iou: 0.4887 (0.5738)  time: 0.1318  data: 0.0004  max mem: 24227
Test:  [3950/4000]  eta: 0:00:06  inter: 18047.0000 (24996.1107)  union: 35997.0000 (40990.4337)  iou: 0.7687 (0.5742)  time: 0.1234  data: 0.0004  max mem: 24227
Test:  [3999/4000]  eta: 0:00:00  inter: 15411.0000 (24958.9810)  union: 31414.0000 (40901.9734)  iou: 0.6962 (0.5751)  time: 0.1120  data: 0.0001  max mem: 24227
Test: Total time: 0:09:01 (0.1354 s / it)
* IoU 0.575 oIoU 0.610
IoU of the network on the 4000 test images: 0.6%
Max IoU: 0.58%
huggingface/tokenizers: The current process just got forked, after parallelism has already been used. Disabling parallelism to avoid deadlocks...
To disable this warning, you can either:
	- Avoid using `tokenizers` before the fork if possible
	- Explicitly set the environment variable TOKENIZERS_PARALLELISM=(true | false)
huggingface/tokenizers: The current process just got forked, after parallelism has already been used. Disabling parallelism to avoid deadlocks...
To disable this warning, you can either:
	- Avoid using `tokenizers` before the fork if possible
	- Explicitly set the environment variable TOKENIZERS_PARALLELISM=(true | false)
huggingface/tokenizers: The current process just got forked, after parallelism has already been used. Disabling parallelism to avoid deadlocks...
To disable this warning, you can either:
	- Avoid using `tokenizers` before the fork if possible
	- Explicitly set the environment variable TOKENIZERS_PARALLELISM=(true | false)
huggingface/tokenizers: The current process just got forked, after parallelism has already been used. Disabling parallelism to avoid deadlocks...
To disable this warning, you can either:
	- Avoid using `tokenizers` before the fork if possible
	- Explicitly set the environment variable TOKENIZERS_PARALLELISM=(true | false)
huggingface/tokenizers: The current process just got forked, after parallelism has already been used. Disabling parallelism to avoid deadlocks...
To disable this warning, you can either:
	- Avoid using `tokenizers` before the fork if possible
	- Explicitly set the environment variable TOKENIZERS_PARALLELISM=(true | false)
huggingface/tokenizers: The current process just got forked, after parallelism has already been used. Disabling parallelism to avoid deadlocks...
To disable this warning, you can either:
	- Avoid using `tokenizers` before the fork if possible
	- Explicitly set the environment variable TOKENIZERS_PARALLELISM=(true | false)
huggingface/tokenizers: The current process just got forked, after parallelism has already been used. Disabling parallelism to avoid deadlocks...
To disable this warning, you can either:
	- Avoid using `tokenizers` before the fork if possible
	- Explicitly set the environment variable TOKENIZERS_PARALLELISM=(true | false)
huggingface/tokenizers: The current process just got forked, after parallelism has already been used. Disabling parallelism to avoid deadlocks...
To disable this warning, you can either:
	- Avoid using `tokenizers` before the fork if possible
	- Explicitly set the environment variable TOKENIZERS_PARALLELISM=(true | false)
Epoch: [2]  [   0/5625]  eta: 7:57:21  lr: 0.000009  train_loss: 0.5466 (0.5466)  train_iou: 0.5452 (0.5452)  time: 5.0918  data: 4.4432  max mem: 24227
Epoch: [2]  [  20/5625]  eta: 1:08:56  lr: 0.000009  train_loss: 0.3223 (0.3318)  train_iou: 0.6379 (0.6421)  time: 0.5203  data: 0.0018  max mem: 24227
Epoch: [2]  [  40/5625]  eta: 0:58:06  lr: 0.000009  train_loss: 0.2850 (0.3175)  train_iou: 0.6543 (0.6356)  time: 0.5047  data: 0.0004  max mem: 24227
Epoch: [2]  [  60/5625]  eta: 0:54:14  lr: 0.000009  train_loss: 0.3629 (0.3398)  train_iou: 0.6264 (0.6300)  time: 0.5042  data: 0.0004  max mem: 24227
Epoch: [2]  [  80/5625]  eta: 0:52:14  lr: 0.000009  train_loss: 0.3393 (0.3493)  train_iou: 0.5810 (0.6237)  time: 0.5054  data: 0.0004  max mem: 24227
Epoch: [2]  [ 100/5625]  eta: 0:50:57  lr: 0.000009  train_loss: 0.3402 (0.3449)  train_iou: 0.6676 (0.6267)  time: 0.5053  data: 0.0004  max mem: 24227
Epoch: [2]  [ 120/5625]  eta: 0:50:01  lr: 0.000009  train_loss: 0.2395 (0.3395)  train_iou: 0.6348 (0.6319)  time: 0.5045  data: 0.0012  max mem: 24227
Epoch: [2]  [ 140/5625]  eta: 0:49:23  lr: 0.000009  train_loss: 0.3079 (0.3333)  train_iou: 0.6497 (0.6350)  time: 0.5096  data: 0.0021  max mem: 24227
Epoch: [2]  [ 160/5625]  eta: 0:48:53  lr: 0.000009  train_loss: 0.2412 (0.3318)  train_iou: 0.6163 (0.6335)  time: 0.5130  data: 0.0009  max mem: 24227
Epoch: [2]  [ 180/5625]  eta: 0:48:28  lr: 0.000009  train_loss: 0.1950 (0.3270)  train_iou: 0.6875 (0.6395)  time: 0.5121  data: 0.0010  max mem: 24227
Epoch: [2]  [ 200/5625]  eta: 0:48:02  lr: 0.000009  train_loss: 0.2139 (0.3215)  train_iou: 0.6445 (0.6428)  time: 0.5060  data: 0.0034  max mem: 24227
Epoch: [2]  [ 220/5625]  eta: 0:47:41  lr: 0.000009  train_loss: 0.3680 (0.3300)  train_iou: 0.6194 (0.6399)  time: 0.5108  data: 0.0025  max mem: 24227
Epoch: [2]  [ 240/5625]  eta: 0:47:23  lr: 0.000009  train_loss: 0.2807 (0.3292)  train_iou: 0.6574 (0.6414)  time: 0.5123  data: 0.0011  max mem: 24227
Epoch: [2]  [ 260/5625]  eta: 0:47:05  lr: 0.000009  train_loss: 0.2568 (0.3273)  train_iou: 0.6072 (0.6411)  time: 0.5106  data: 0.0015  max mem: 24227
Epoch: [2]  [ 280/5625]  eta: 0:46:49  lr: 0.000009  train_loss: 0.2519 (0.3289)  train_iou: 0.6564 (0.6413)  time: 0.5114  data: 0.0004  max mem: 24227
Epoch: [2]  [ 300/5625]  eta: 0:46:34  lr: 0.000009  train_loss: 0.2555 (0.3277)  train_iou: 0.6771 (0.6422)  time: 0.5130  data: 0.0022  max mem: 24227
Epoch: [2]  [ 320/5625]  eta: 0:46:18  lr: 0.000009  train_loss: 0.3112 (0.3283)  train_iou: 0.5676 (0.6407)  time: 0.5078  data: 0.0004  max mem: 24227
Epoch: [2]  [ 340/5625]  eta: 0:46:02  lr: 0.000009  train_loss: 0.3299 (0.3288)  train_iou: 0.6999 (0.6421)  time: 0.5065  data: 0.0016  max mem: 24227
Epoch: [2]  [ 360/5625]  eta: 0:45:48  lr: 0.000009  train_loss: 0.2632 (0.3262)  train_iou: 0.6194 (0.6408)  time: 0.5104  data: 0.0007  max mem: 24227
Epoch: [2]  [ 380/5625]  eta: 0:45:34  lr: 0.000009  train_loss: 0.2407 (0.3249)  train_iou: 0.6306 (0.6412)  time: 0.5094  data: 0.0007  max mem: 24227
Epoch: [2]  [ 400/5625]  eta: 0:45:21  lr: 0.000009  train_loss: 0.3129 (0.3240)  train_iou: 0.6768 (0.6433)  time: 0.5130  data: 0.0005  max mem: 24227
Epoch: [2]  [ 420/5625]  eta: 0:45:06  lr: 0.000009  train_loss: 0.3225 (0.3252)  train_iou: 0.6487 (0.6436)  time: 0.5016  data: 0.0005  max mem: 24227
Epoch: [2]  [ 440/5625]  eta: 0:44:53  lr: 0.000009  train_loss: 0.2491 (0.3235)  train_iou: 0.6347 (0.6437)  time: 0.5095  data: 0.0004  max mem: 24227
Epoch: [2]  [ 460/5625]  eta: 0:44:39  lr: 0.000009  train_loss: 0.2192 (0.3229)  train_iou: 0.6646 (0.6429)  time: 0.5019  data: 0.0017  max mem: 24227
Epoch: [2]  [ 480/5625]  eta: 0:44:25  lr: 0.000009  train_loss: 0.3262 (0.3231)  train_iou: 0.6236 (0.6415)  time: 0.5024  data: 0.0015  max mem: 24227
Epoch: [2]  [ 500/5625]  eta: 0:44:12  lr: 0.000009  train_loss: 0.2857 (0.3236)  train_iou: 0.5930 (0.6414)  time: 0.5038  data: 0.0004  max mem: 24227
Epoch: [2]  [ 520/5625]  eta: 0:43:59  lr: 0.000009  train_loss: 0.3255 (0.3244)  train_iou: 0.6695 (0.6417)  time: 0.5059  data: 0.0004  max mem: 24227
Epoch: [2]  [ 540/5625]  eta: 0:43:46  lr: 0.000009  train_loss: 0.2980 (0.3248)  train_iou: 0.6501 (0.6421)  time: 0.5036  data: 0.0011  max mem: 24227
Epoch: [2]  [ 560/5625]  eta: 0:43:34  lr: 0.000009  train_loss: 0.2633 (0.3235)  train_iou: 0.6568 (0.6432)  time: 0.5061  data: 0.0004  max mem: 24227
Epoch: [2]  [ 580/5625]  eta: 0:43:22  lr: 0.000009  train_loss: 0.2882 (0.3238)  train_iou: 0.6028 (0.6424)  time: 0.5085  data: 0.0005  max mem: 24227
Epoch: [2]  [ 600/5625]  eta: 0:43:10  lr: 0.000009  train_loss: 0.3250 (0.3251)  train_iou: 0.6777 (0.6426)  time: 0.5041  data: 0.0004  max mem: 24227
Epoch: [2]  [ 620/5625]  eta: 0:42:58  lr: 0.000009  train_loss: 0.3535 (0.3263)  train_iou: 0.6408 (0.6425)  time: 0.5054  data: 0.0004  max mem: 24227
Epoch: [2]  [ 640/5625]  eta: 0:42:46  lr: 0.000009  train_loss: 0.2815 (0.3261)  train_iou: 0.6637 (0.6442)  time: 0.5035  data: 0.0004  max mem: 24227
Epoch: [2]  [ 660/5625]  eta: 0:42:34  lr: 0.000009  train_loss: 0.3661 (0.3290)  train_iou: 0.6357 (0.6435)  time: 0.5061  data: 0.0004  max mem: 24227
Epoch: [2]  [ 680/5625]  eta: 0:42:23  lr: 0.000009  train_loss: 0.2832 (0.3299)  train_iou: 0.6723 (0.6445)  time: 0.5037  data: 0.0004  max mem: 24227
Epoch: [2]  [ 700/5625]  eta: 0:42:11  lr: 0.000009  train_loss: 0.2665 (0.3306)  train_iou: 0.5861 (0.6441)  time: 0.5089  data: 0.0004  max mem: 24227
Epoch: [2]  [ 720/5625]  eta: 0:42:00  lr: 0.000009  train_loss: 0.2671 (0.3300)  train_iou: 0.6434 (0.6443)  time: 0.5050  data: 0.0004  max mem: 24227
Epoch: [2]  [ 740/5625]  eta: 0:41:49  lr: 0.000009  train_loss: 0.3375 (0.3315)  train_iou: 0.5830 (0.6425)  time: 0.5072  data: 0.0004  max mem: 24227
Epoch: [2]  [ 760/5625]  eta: 0:41:37  lr: 0.000009  train_loss: 0.3164 (0.3318)  train_iou: 0.6731 (0.6423)  time: 0.5033  data: 0.0004  max mem: 24227
Epoch: [2]  [ 780/5625]  eta: 0:41:26  lr: 0.000009  train_loss: 0.3305 (0.3320)  train_iou: 0.6232 (0.6422)  time: 0.5086  data: 0.0004  max mem: 24227
Epoch: [2]  [ 800/5625]  eta: 0:41:15  lr: 0.000009  train_loss: 0.3425 (0.3318)  train_iou: 0.6684 (0.6428)  time: 0.5034  data: 0.0004  max mem: 24227
Epoch: [2]  [ 820/5625]  eta: 0:41:04  lr: 0.000009  train_loss: 0.3267 (0.3317)  train_iou: 0.6120 (0.6419)  time: 0.5062  data: 0.0004  max mem: 24227
Epoch: [2]  [ 840/5625]  eta: 0:40:53  lr: 0.000009  train_loss: 0.2835 (0.3315)  train_iou: 0.6594 (0.6424)  time: 0.5034  data: 0.0004  max mem: 24227
Epoch: [2]  [ 860/5625]  eta: 0:40:41  lr: 0.000009  train_loss: 0.2906 (0.3322)  train_iou: 0.6138 (0.6413)  time: 0.5048  data: 0.0004  max mem: 24227
Epoch: [2]  [ 880/5625]  eta: 0:40:31  lr: 0.000009  train_loss: 0.3046 (0.3332)  train_iou: 0.6596 (0.6416)  time: 0.5073  data: 0.0004  max mem: 24227
Epoch: [2]  [ 900/5625]  eta: 0:40:19  lr: 0.000009  train_loss: 0.2234 (0.3321)  train_iou: 0.6672 (0.6424)  time: 0.5025  data: 0.0004  max mem: 24227
Epoch: [2]  [ 920/5625]  eta: 0:40:09  lr: 0.000009  train_loss: 0.3501 (0.3328)  train_iou: 0.6007 (0.6415)  time: 0.5077  data: 0.0005  max mem: 24227
Epoch: [2]  [ 940/5625]  eta: 0:39:58  lr: 0.000009  train_loss: 0.2532 (0.3320)  train_iou: 0.6484 (0.6422)  time: 0.5070  data: 0.0004  max mem: 24227
Epoch: [2]  [ 960/5625]  eta: 0:39:47  lr: 0.000009  train_loss: 0.3311 (0.3332)  train_iou: 0.5995 (0.6422)  time: 0.5055  data: 0.0004  max mem: 24227
Epoch: [2]  [ 980/5625]  eta: 0:39:36  lr: 0.000009  train_loss: 0.3115 (0.3336)  train_iou: 0.6650 (0.6425)  time: 0.5054  data: 0.0004  max mem: 24227
Epoch: [2]  [1000/5625]  eta: 0:39:25  lr: 0.000009  train_loss: 0.3113 (0.3335)  train_iou: 0.6516 (0.6427)  time: 0.5069  data: 0.0004  max mem: 24227
Epoch: [2]  [1020/5625]  eta: 0:39:15  lr: 0.000009  train_loss: 0.2911 (0.3330)  train_iou: 0.6690 (0.6427)  time: 0.5040  data: 0.0004  max mem: 24227
Epoch: [2]  [1040/5625]  eta: 0:39:04  lr: 0.000009  train_loss: 0.2290 (0.3323)  train_iou: 0.6712 (0.6436)  time: 0.5090  data: 0.0005  max mem: 24227
Epoch: [2]  [1060/5625]  eta: 0:38:53  lr: 0.000009  train_loss: 0.3170 (0.3328)  train_iou: 0.6068 (0.6429)  time: 0.5035  data: 0.0007  max mem: 24227
Epoch: [2]  [1080/5625]  eta: 0:38:43  lr: 0.000009  train_loss: 0.3385 (0.3337)  train_iou: 0.5513 (0.6422)  time: 0.5098  data: 0.0021  max mem: 24227
Epoch: [2]  [1100/5625]  eta: 0:38:32  lr: 0.000009  train_loss: 0.2228 (0.3332)  train_iou: 0.6674 (0.6423)  time: 0.5037  data: 0.0004  max mem: 24227
Epoch: [2]  [1120/5625]  eta: 0:38:22  lr: 0.000009  train_loss: 0.2420 (0.3327)  train_iou: 0.6374 (0.6423)  time: 0.5085  data: 0.0005  max mem: 24227
Epoch: [2]  [1140/5625]  eta: 0:38:11  lr: 0.000009  train_loss: 0.3139 (0.3332)  train_iou: 0.6221 (0.6418)  time: 0.5036  data: 0.0004  max mem: 24227
Epoch: [2]  [1160/5625]  eta: 0:38:00  lr: 0.000009  train_loss: 0.3068 (0.3334)  train_iou: 0.6262 (0.6415)  time: 0.5037  data: 0.0004  max mem: 24227
Epoch: [2]  [1180/5625]  eta: 0:37:49  lr: 0.000009  train_loss: 0.2435 (0.3326)  train_iou: 0.6413 (0.6416)  time: 0.5051  data: 0.0004  max mem: 24227
Epoch: [2]  [1200/5625]  eta: 0:37:39  lr: 0.000009  train_loss: 0.2943 (0.3323)  train_iou: 0.6516 (0.6412)  time: 0.5038  data: 0.0004  max mem: 24227
Epoch: [2]  [1220/5625]  eta: 0:37:28  lr: 0.000009  train_loss: 0.2733 (0.3326)  train_iou: 0.5773 (0.6408)  time: 0.5044  data: 0.0004  max mem: 24227
Epoch: [2]  [1240/5625]  eta: 0:37:17  lr: 0.000009  train_loss: 0.3004 (0.3328)  train_iou: 0.6151 (0.6405)  time: 0.5051  data: 0.0004  max mem: 24227
Epoch: [2]  [1260/5625]  eta: 0:37:07  lr: 0.000009  train_loss: 0.3004 (0.3326)  train_iou: 0.6823 (0.6408)  time: 0.5094  data: 0.0016  max mem: 24227
Epoch: [2]  [1280/5625]  eta: 0:36:56  lr: 0.000009  train_loss: 0.2901 (0.3324)  train_iou: 0.6105 (0.6407)  time: 0.5024  data: 0.0004  max mem: 24227
Epoch: [2]  [1300/5625]  eta: 0:36:46  lr: 0.000009  train_loss: 0.2516 (0.3321)  train_iou: 0.6394 (0.6408)  time: 0.5048  data: 0.0004  max mem: 24227
Epoch: [2]  [1320/5625]  eta: 0:36:35  lr: 0.000009  train_loss: 0.2338 (0.3321)  train_iou: 0.6782 (0.6414)  time: 0.5053  data: 0.0004  max mem: 24227
Epoch: [2]  [1340/5625]  eta: 0:36:25  lr: 0.000009  train_loss: 0.2784 (0.3319)  train_iou: 0.6136 (0.6411)  time: 0.5051  data: 0.0004  max mem: 24227
Epoch: [2]  [1360/5625]  eta: 0:36:14  lr: 0.000009  train_loss: 0.2476 (0.3312)  train_iou: 0.6229 (0.6410)  time: 0.5059  data: 0.0004  max mem: 24227
Epoch: [2]  [1380/5625]  eta: 0:36:04  lr: 0.000009  train_loss: 0.2931 (0.3320)  train_iou: 0.6280 (0.6409)  time: 0.5076  data: 0.0004  max mem: 24227
Epoch: [2]  [1400/5625]  eta: 0:35:54  lr: 0.000009  train_loss: 0.2859 (0.3313)  train_iou: 0.7304 (0.6419)  time: 0.5048  data: 0.0004  max mem: 24227
Epoch: [2]  [1420/5625]  eta: 0:35:43  lr: 0.000009  train_loss: 0.2864 (0.3313)  train_iou: 0.5931 (0.6416)  time: 0.5037  data: 0.0005  max mem: 24227
Epoch: [2]  [1440/5625]  eta: 0:35:32  lr: 0.000009  train_loss: 0.2717 (0.3309)  train_iou: 0.6558 (0.6421)  time: 0.5025  data: 0.0004  max mem: 24227
Epoch: [2]  [1460/5625]  eta: 0:35:22  lr: 0.000009  train_loss: 0.3768 (0.3309)  train_iou: 0.6175 (0.6416)  time: 0.5056  data: 0.0006  max mem: 24227
Epoch: [2]  [1480/5625]  eta: 0:35:11  lr: 0.000009  train_loss: 0.2915 (0.3309)  train_iou: 0.6206 (0.6412)  time: 0.5045  data: 0.0004  max mem: 24227
Epoch: [2]  [1500/5625]  eta: 0:35:01  lr: 0.000009  train_loss: 0.2905 (0.3307)  train_iou: 0.5980 (0.6409)  time: 0.5052  data: 0.0004  max mem: 24227
Epoch: [2]  [1520/5625]  eta: 0:34:51  lr: 0.000009  train_loss: 0.2521 (0.3300)  train_iou: 0.5871 (0.6404)  time: 0.5078  data: 0.0004  max mem: 24227
Epoch: [2]  [1540/5625]  eta: 0:34:40  lr: 0.000009  train_loss: 0.2690 (0.3296)  train_iou: 0.6216 (0.6401)  time: 0.5077  data: 0.0004  max mem: 24227
Epoch: [2]  [1560/5625]  eta: 0:34:30  lr: 0.000009  train_loss: 0.2595 (0.3294)  train_iou: 0.6787 (0.6405)  time: 0.5036  data: 0.0005  max mem: 24227
Epoch: [2]  [1580/5625]  eta: 0:34:20  lr: 0.000009  train_loss: 0.2639 (0.3292)  train_iou: 0.6383 (0.6406)  time: 0.5100  data: 0.0009  max mem: 24227
Epoch: [2]  [1600/5625]  eta: 0:34:10  lr: 0.000009  train_loss: 0.2150 (0.3292)  train_iou: 0.6659 (0.6407)  time: 0.5121  data: 0.0007  max mem: 24227
Epoch: [2]  [1620/5625]  eta: 0:34:00  lr: 0.000009  train_loss: 0.2984 (0.3286)  train_iou: 0.6044 (0.6405)  time: 0.5122  data: 0.0008  max mem: 24227
Epoch: [2]  [1640/5625]  eta: 0:33:49  lr: 0.000009  train_loss: 0.2510 (0.3287)  train_iou: 0.6102 (0.6403)  time: 0.5079  data: 0.0008  max mem: 24227
Epoch: [2]  [1660/5625]  eta: 0:33:39  lr: 0.000009  train_loss: 0.2387 (0.3289)  train_iou: 0.6538 (0.6405)  time: 0.5039  data: 0.0004  max mem: 24227
Epoch: [2]  [1680/5625]  eta: 0:33:29  lr: 0.000009  train_loss: 0.2522 (0.3287)  train_iou: 0.6801 (0.6410)  time: 0.5032  data: 0.0004  max mem: 24227
Epoch: [2]  [1700/5625]  eta: 0:33:19  lr: 0.000009  train_loss: 0.3244 (0.3288)  train_iou: 0.5598 (0.6405)  time: 0.5141  data: 0.0004  max mem: 24227
Epoch: [2]  [1720/5625]  eta: 0:33:08  lr: 0.000009  train_loss: 0.2498 (0.3286)  train_iou: 0.7011 (0.6413)  time: 0.5086  data: 0.0005  max mem: 24227
Epoch: [2]  [1740/5625]  eta: 0:32:58  lr: 0.000009  train_loss: 0.2850 (0.3280)  train_iou: 0.6851 (0.6416)  time: 0.5080  data: 0.0014  max mem: 24227
Epoch: [2]  [1760/5625]  eta: 0:32:48  lr: 0.000009  train_loss: 0.3287 (0.3282)  train_iou: 0.5689 (0.6411)  time: 0.5028  data: 0.0007  max mem: 24227
Epoch: [2]  [1780/5625]  eta: 0:32:37  lr: 0.000009  train_loss: 0.2650 (0.3284)  train_iou: 0.6097 (0.6409)  time: 0.5055  data: 0.0006  max mem: 24227
Epoch: [2]  [1800/5625]  eta: 0:32:27  lr: 0.000009  train_loss: 0.3953 (0.3292)  train_iou: 0.6673 (0.6407)  time: 0.5051  data: 0.0004  max mem: 24227
Epoch: [2]  [1820/5625]  eta: 0:32:17  lr: 0.000009  train_loss: 0.2418 (0.3289)  train_iou: 0.6548 (0.6409)  time: 0.5093  data: 0.0018  max mem: 24227
Epoch: [2]  [1840/5625]  eta: 0:32:06  lr: 0.000009  train_loss: 0.2949 (0.3286)  train_iou: 0.6711 (0.6412)  time: 0.5045  data: 0.0017  max mem: 24227
Epoch: [2]  [1860/5625]  eta: 0:31:56  lr: 0.000009  train_loss: 0.2499 (0.3282)  train_iou: 0.6618 (0.6414)  time: 0.5044  data: 0.0004  max mem: 24227
Epoch: [2]  [1880/5625]  eta: 0:31:46  lr: 0.000009  train_loss: 0.2770 (0.3282)  train_iou: 0.6776 (0.6414)  time: 0.5094  data: 0.0004  max mem: 24227
Epoch: [2]  [1900/5625]  eta: 0:31:36  lr: 0.000009  train_loss: 0.2979 (0.3280)  train_iou: 0.6737 (0.6415)  time: 0.5074  data: 0.0007  max mem: 24227
Epoch: [2]  [1920/5625]  eta: 0:31:25  lr: 0.000009  train_loss: 0.2807 (0.3282)  train_iou: 0.6470 (0.6415)  time: 0.5063  data: 0.0012  max mem: 24227
Epoch: [2]  [1940/5625]  eta: 0:31:15  lr: 0.000009  train_loss: 0.4160 (0.3295)  train_iou: 0.5943 (0.6410)  time: 0.5026  data: 0.0004  max mem: 24227
Epoch: [2]  [1960/5625]  eta: 0:31:05  lr: 0.000009  train_loss: 0.2328 (0.3292)  train_iou: 0.6691 (0.6410)  time: 0.5084  data: 0.0004  max mem: 24227
Epoch: [2]  [1980/5625]  eta: 0:30:54  lr: 0.000009  train_loss: 0.2313 (0.3283)  train_iou: 0.6504 (0.6412)  time: 0.5050  data: 0.0004  max mem: 24227
Epoch: [2]  [2000/5625]  eta: 0:30:44  lr: 0.000009  train_loss: 0.2985 (0.3280)  train_iou: 0.5926 (0.6409)  time: 0.5017  data: 0.0004  max mem: 24227
Epoch: [2]  [2020/5625]  eta: 0:30:34  lr: 0.000009  train_loss: 0.2829 (0.3278)  train_iou: 0.5974 (0.6405)  time: 0.5049  data: 0.0004  max mem: 24227
Epoch: [2]  [2040/5625]  eta: 0:30:23  lr: 0.000009  train_loss: 0.2692 (0.3277)  train_iou: 0.6069 (0.6406)  time: 0.5035  data: 0.0004  max mem: 24227
Epoch: [2]  [2060/5625]  eta: 0:30:13  lr: 0.000009  train_loss: 0.2949 (0.3275)  train_iou: 0.6094 (0.6406)  time: 0.5048  data: 0.0004  max mem: 24227
Epoch: [2]  [2080/5625]  eta: 0:30:03  lr: 0.000009  train_loss: 0.2726 (0.3277)  train_iou: 0.5768 (0.6401)  time: 0.5030  data: 0.0004  max mem: 24227
Epoch: [2]  [2100/5625]  eta: 0:29:52  lr: 0.000009  train_loss: 0.3079 (0.3280)  train_iou: 0.5835 (0.6398)  time: 0.5028  data: 0.0004  max mem: 24227
Epoch: [2]  [2120/5625]  eta: 0:29:42  lr: 0.000009  train_loss: 0.2811 (0.3278)  train_iou: 0.6546 (0.6398)  time: 0.5028  data: 0.0004  max mem: 24227
Epoch: [2]  [2140/5625]  eta: 0:29:32  lr: 0.000009  train_loss: 0.2801 (0.3276)  train_iou: 0.6915 (0.6403)  time: 0.5066  data: 0.0004  max mem: 24227
Epoch: [2]  [2160/5625]  eta: 0:29:21  lr: 0.000009  train_loss: 0.2816 (0.3274)  train_iou: 0.7027 (0.6406)  time: 0.5054  data: 0.0004  max mem: 24227
Epoch: [2]  [2180/5625]  eta: 0:29:11  lr: 0.000009  train_loss: 0.2176 (0.3269)  train_iou: 0.6482 (0.6410)  time: 0.5013  data: 0.0004  max mem: 24227
Epoch: [2]  [2200/5625]  eta: 0:29:01  lr: 0.000009  train_loss: 0.2637 (0.3269)  train_iou: 0.6129 (0.6410)  time: 0.5082  data: 0.0004  max mem: 24227
Epoch: [2]  [2220/5625]  eta: 0:28:50  lr: 0.000009  train_loss: 0.2727 (0.3271)  train_iou: 0.6612 (0.6408)  time: 0.5031  data: 0.0017  max mem: 24227
Epoch: [2]  [2240/5625]  eta: 0:28:40  lr: 0.000009  train_loss: 0.3125 (0.3273)  train_iou: 0.6089 (0.6407)  time: 0.5128  data: 0.0009  max mem: 24227
Epoch: [2]  [2260/5625]  eta: 0:28:30  lr: 0.000009  train_loss: 0.3054 (0.3272)  train_iou: 0.6103 (0.6404)  time: 0.5105  data: 0.0004  max mem: 24227
Epoch: [2]  [2280/5625]  eta: 0:28:20  lr: 0.000009  train_loss: 0.3145 (0.3271)  train_iou: 0.6244 (0.6404)  time: 0.5125  data: 0.0004  max mem: 24227
Epoch: [2]  [2300/5625]  eta: 0:28:10  lr: 0.000009  train_loss: 0.3021 (0.3276)  train_iou: 0.6595 (0.6403)  time: 0.5078  data: 0.0023  max mem: 24227
Epoch: [2]  [2320/5625]  eta: 0:28:00  lr: 0.000009  train_loss: 0.1924 (0.3271)  train_iou: 0.7207 (0.6407)  time: 0.5204  data: 0.0016  max mem: 24227
Epoch: [2]  [2340/5625]  eta: 0:27:50  lr: 0.000009  train_loss: 0.2600 (0.3270)  train_iou: 0.6525 (0.6406)  time: 0.5112  data: 0.0004  max mem: 24227
Epoch: [2]  [2360/5625]  eta: 0:27:40  lr: 0.000009  train_loss: 0.2679 (0.3271)  train_iou: 0.6811 (0.6409)  time: 0.5097  data: 0.0004  max mem: 24227
Epoch: [2]  [2380/5625]  eta: 0:27:30  lr: 0.000009  train_loss: 0.2731 (0.3272)  train_iou: 0.6685 (0.6411)  time: 0.5091  data: 0.0006  max mem: 24227
Epoch: [2]  [2400/5625]  eta: 0:27:20  lr: 0.000009  train_loss: 0.3985 (0.3278)  train_iou: 0.6292 (0.6411)  time: 0.5093  data: 0.0017  max mem: 24227
Epoch: [2]  [2420/5625]  eta: 0:27:10  lr: 0.000009  train_loss: 0.2576 (0.3277)  train_iou: 0.6423 (0.6410)  time: 0.5103  data: 0.0005  max mem: 24227
Epoch: [2]  [2440/5625]  eta: 0:26:59  lr: 0.000009  train_loss: 0.3584 (0.3278)  train_iou: 0.6143 (0.6409)  time: 0.5119  data: 0.0008  max mem: 24227
Epoch: [2]  [2460/5625]  eta: 0:26:49  lr: 0.000009  train_loss: 0.2629 (0.3279)  train_iou: 0.6233 (0.6405)  time: 0.5103  data: 0.0018  max mem: 24227
Epoch: [2]  [2480/5625]  eta: 0:26:39  lr: 0.000009  train_loss: 0.2573 (0.3281)  train_iou: 0.6586 (0.6406)  time: 0.5094  data: 0.0018  max mem: 24227
Epoch: [2]  [2500/5625]  eta: 0:26:29  lr: 0.000009  train_loss: 0.2875 (0.3282)  train_iou: 0.6155 (0.6404)  time: 0.5081  data: 0.0009  max mem: 24227
Epoch: [2]  [2520/5625]  eta: 0:26:19  lr: 0.000009  train_loss: 0.2477 (0.3278)  train_iou: 0.6539 (0.6403)  time: 0.5062  data: 0.0005  max mem: 24227
Epoch: [2]  [2540/5625]  eta: 0:26:09  lr: 0.000009  train_loss: 0.2860 (0.3278)  train_iou: 0.6417 (0.6401)  time: 0.5075  data: 0.0018  max mem: 24227
Epoch: [2]  [2560/5625]  eta: 0:25:58  lr: 0.000009  train_loss: 0.3503 (0.3285)  train_iou: 0.5993 (0.6397)  time: 0.5058  data: 0.0004  max mem: 24227
Epoch: [2]  [2580/5625]  eta: 0:25:48  lr: 0.000009  train_loss: 0.2922 (0.3283)  train_iou: 0.6917 (0.6401)  time: 0.5062  data: 0.0004  max mem: 24227
Epoch: [2]  [2600/5625]  eta: 0:25:38  lr: 0.000009  train_loss: 0.2850 (0.3281)  train_iou: 0.6586 (0.6404)  time: 0.5064  data: 0.0004  max mem: 24227
Epoch: [2]  [2620/5625]  eta: 0:25:28  lr: 0.000009  train_loss: 0.3243 (0.3283)  train_iou: 0.6531 (0.6403)  time: 0.5056  data: 0.0004  max mem: 24227
Epoch: [2]  [2640/5625]  eta: 0:25:18  lr: 0.000009  train_loss: 0.2539 (0.3280)  train_iou: 0.6369 (0.6404)  time: 0.5096  data: 0.0014  max mem: 24227
Epoch: [2]  [2660/5625]  eta: 0:25:07  lr: 0.000009  train_loss: 0.2231 (0.3279)  train_iou: 0.7174 (0.6410)  time: 0.5028  data: 0.0004  max mem: 24227
Epoch: [2]  [2680/5625]  eta: 0:24:57  lr: 0.000009  train_loss: 0.2201 (0.3276)  train_iou: 0.6351 (0.6410)  time: 0.5087  data: 0.0010  max mem: 24227
Epoch: [2]  [2700/5625]  eta: 0:24:47  lr: 0.000009  train_loss: 0.3234 (0.3277)  train_iou: 0.5864 (0.6406)  time: 0.5030  data: 0.0004  max mem: 24227
Epoch: [2]  [2720/5625]  eta: 0:24:36  lr: 0.000009  train_loss: 0.3083 (0.3284)  train_iou: 0.5771 (0.6404)  time: 0.5037  data: 0.0004  max mem: 24227
Epoch: [2]  [2740/5625]  eta: 0:24:26  lr: 0.000009  train_loss: 0.3188 (0.3289)  train_iou: 0.6877 (0.6407)  time: 0.5034  data: 0.0004  max mem: 24227
Epoch: [2]  [2760/5625]  eta: 0:24:16  lr: 0.000009  train_loss: 0.2487 (0.3288)  train_iou: 0.6671 (0.6409)  time: 0.5021  data: 0.0004  max mem: 24227
Epoch: [2]  [2780/5625]  eta: 0:24:06  lr: 0.000009  train_loss: 0.3033 (0.3286)  train_iou: 0.6572 (0.6411)  time: 0.5052  data: 0.0004  max mem: 24227
Epoch: [2]  [2800/5625]  eta: 0:23:55  lr: 0.000009  train_loss: 0.2817 (0.3285)  train_iou: 0.6551 (0.6412)  time: 0.5055  data: 0.0004  max mem: 24227
Epoch: [2]  [2820/5625]  eta: 0:23:45  lr: 0.000009  train_loss: 0.2730 (0.3286)  train_iou: 0.6258 (0.6411)  time: 0.5024  data: 0.0004  max mem: 24227
Epoch: [2]  [2840/5625]  eta: 0:23:35  lr: 0.000009  train_loss: 0.3359 (0.3287)  train_iou: 0.5948 (0.6409)  time: 0.5051  data: 0.0004  max mem: 24227
Epoch: [2]  [2860/5625]  eta: 0:23:25  lr: 0.000009  train_loss: 0.2817 (0.3285)  train_iou: 0.5985 (0.6407)  time: 0.5026  data: 0.0004  max mem: 24227
Epoch: [2]  [2880/5625]  eta: 0:23:14  lr: 0.000009  train_loss: 0.2262 (0.3280)  train_iou: 0.6492 (0.6409)  time: 0.5048  data: 0.0004  max mem: 24227
Epoch: [2]  [2900/5625]  eta: 0:23:04  lr: 0.000009  train_loss: 0.2286 (0.3277)  train_iou: 0.7504 (0.6414)  time: 0.5051  data: 0.0012  max mem: 24227
Epoch: [2]  [2920/5625]  eta: 0:22:54  lr: 0.000009  train_loss: 0.3035 (0.3277)  train_iou: 0.5582 (0.6411)  time: 0.5049  data: 0.0004  max mem: 24227
Epoch: [2]  [2940/5625]  eta: 0:22:44  lr: 0.000009  train_loss: 0.2768 (0.3274)  train_iou: 0.6640 (0.6412)  time: 0.5060  data: 0.0004  max mem: 24227
Epoch: [2]  [2960/5625]  eta: 0:22:34  lr: 0.000009  train_loss: 0.3100 (0.3273)  train_iou: 0.6475 (0.6412)  time: 0.5116  data: 0.0004  max mem: 24227
Epoch: [2]  [2980/5625]  eta: 0:22:24  lr: 0.000009  train_loss: 0.3047 (0.3271)  train_iou: 0.6064 (0.6412)  time: 0.5101  data: 0.0042  max mem: 24227
Epoch: [2]  [3000/5625]  eta: 0:22:13  lr: 0.000009  train_loss: 0.2452 (0.3269)  train_iou: 0.6424 (0.6413)  time: 0.5106  data: 0.0023  max mem: 24227
Epoch: [2]  [3020/5625]  eta: 0:22:03  lr: 0.000009  train_loss: 0.2905 (0.3271)  train_iou: 0.6136 (0.6411)  time: 0.5057  data: 0.0004  max mem: 24227
Epoch: [2]  [3040/5625]  eta: 0:21:53  lr: 0.000009  train_loss: 0.2879 (0.3270)  train_iou: 0.6089 (0.6409)  time: 0.5118  data: 0.0009  max mem: 24227
Epoch: [2]  [3060/5625]  eta: 0:21:43  lr: 0.000009  train_loss: 0.2483 (0.3267)  train_iou: 0.6464 (0.6410)  time: 0.5079  data: 0.0006  max mem: 24227
Epoch: [2]  [3080/5625]  eta: 0:21:33  lr: 0.000009  train_loss: 0.2461 (0.3265)  train_iou: 0.6565 (0.6411)  time: 0.5076  data: 0.0018  max mem: 24227
Epoch: [2]  [3100/5625]  eta: 0:21:23  lr: 0.000009  train_loss: 0.2922 (0.3266)  train_iou: 0.6602 (0.6410)  time: 0.5091  data: 0.0013  max mem: 24227
Epoch: [2]  [3120/5625]  eta: 0:21:13  lr: 0.000009  train_loss: 0.2776 (0.3265)  train_iou: 0.6513 (0.6411)  time: 0.5104  data: 0.0008  max mem: 24227
Epoch: [2]  [3140/5625]  eta: 0:21:02  lr: 0.000009  train_loss: 0.2825 (0.3264)  train_iou: 0.5503 (0.6407)  time: 0.5105  data: 0.0020  max mem: 24227
Epoch: [2]  [3160/5625]  eta: 0:20:52  lr: 0.000009  train_loss: 0.2624 (0.3263)  train_iou: 0.6252 (0.6408)  time: 0.5102  data: 0.0004  max mem: 24227
Epoch: [2]  [3180/5625]  eta: 0:20:42  lr: 0.000009  train_loss: 0.3703 (0.3269)  train_iou: 0.5677 (0.6405)  time: 0.5017  data: 0.0004  max mem: 24227
Epoch: [2]  [3200/5625]  eta: 0:20:32  lr: 0.000009  train_loss: 0.3088 (0.3269)  train_iou: 0.6203 (0.6404)  time: 0.5117  data: 0.0031  max mem: 24227
Epoch: [2]  [3220/5625]  eta: 0:20:22  lr: 0.000009  train_loss: 0.2719 (0.3271)  train_iou: 0.6186 (0.6405)  time: 0.5053  data: 0.0007  max mem: 24227
Epoch: [2]  [3240/5625]  eta: 0:20:12  lr: 0.000009  train_loss: 0.2922 (0.3270)  train_iou: 0.6341 (0.6405)  time: 0.5090  data: 0.0037  max mem: 24227
Epoch: [2]  [3260/5625]  eta: 0:20:01  lr: 0.000009  train_loss: 0.2905 (0.3267)  train_iou: 0.6634 (0.6406)  time: 0.5091  data: 0.0004  max mem: 24227
Epoch: [2]  [3280/5625]  eta: 0:19:51  lr: 0.000009  train_loss: 0.2915 (0.3271)  train_iou: 0.6415 (0.6407)  time: 0.5075  data: 0.0005  max mem: 24227
Epoch: [2]  [3300/5625]  eta: 0:19:41  lr: 0.000009  train_loss: 0.2812 (0.3269)  train_iou: 0.6485 (0.6406)  time: 0.5050  data: 0.0004  max mem: 24227
Epoch: [2]  [3320/5625]  eta: 0:19:31  lr: 0.000009  train_loss: 0.3444 (0.3271)  train_iou: 0.5787 (0.6403)  time: 0.5064  data: 0.0012  max mem: 24227
Epoch: [2]  [3340/5625]  eta: 0:19:21  lr: 0.000009  train_loss: 0.2680 (0.3270)  train_iou: 0.6262 (0.6402)  time: 0.5043  data: 0.0004  max mem: 24227
Epoch: [2]  [3360/5625]  eta: 0:19:10  lr: 0.000009  train_loss: 0.1852 (0.3266)  train_iou: 0.7010 (0.6404)  time: 0.5057  data: 0.0004  max mem: 24227
Epoch: [2]  [3380/5625]  eta: 0:19:00  lr: 0.000009  train_loss: 0.3131 (0.3267)  train_iou: 0.5873 (0.6403)  time: 0.5041  data: 0.0004  max mem: 24227
Epoch: [2]  [3400/5625]  eta: 0:18:50  lr: 0.000009  train_loss: 0.2930 (0.3268)  train_iou: 0.5730 (0.6400)  time: 0.5023  data: 0.0004  max mem: 24227
Epoch: [2]  [3420/5625]  eta: 0:18:40  lr: 0.000009  train_loss: 0.2361 (0.3266)  train_iou: 0.6811 (0.6401)  time: 0.5039  data: 0.0004  max mem: 24227
Epoch: [2]  [3440/5625]  eta: 0:18:30  lr: 0.000009  train_loss: 0.2813 (0.3265)  train_iou: 0.6876 (0.6402)  time: 0.5063  data: 0.0013  max mem: 24227
Epoch: [2]  [3460/5625]  eta: 0:18:19  lr: 0.000009  train_loss: 0.2350 (0.3263)  train_iou: 0.6593 (0.6403)  time: 0.5080  data: 0.0004  max mem: 24227
Epoch: [2]  [3480/5625]  eta: 0:18:09  lr: 0.000009  train_loss: 0.2759 (0.3263)  train_iou: 0.6409 (0.6402)  time: 0.5104  data: 0.0005  max mem: 24227
Epoch: [2]  [3500/5625]  eta: 0:17:59  lr: 0.000009  train_loss: 0.2769 (0.3261)  train_iou: 0.6878 (0.6404)  time: 0.5055  data: 0.0010  max mem: 24227
Epoch: [2]  [3520/5625]  eta: 0:17:49  lr: 0.000009  train_loss: 0.3021 (0.3263)  train_iou: 0.6877 (0.6405)  time: 0.5076  data: 0.0004  max mem: 24227
Epoch: [2]  [3540/5625]  eta: 0:17:39  lr: 0.000009  train_loss: 0.1970 (0.3259)  train_iou: 0.6511 (0.6407)  time: 0.5032  data: 0.0004  max mem: 24227
Epoch: [2]  [3560/5625]  eta: 0:17:28  lr: 0.000009  train_loss: 0.3367 (0.3260)  train_iou: 0.6329 (0.6406)  time: 0.5002  data: 0.0004  max mem: 24227
Epoch: [2]  [3580/5625]  eta: 0:17:18  lr: 0.000009  train_loss: 0.3063 (0.3261)  train_iou: 0.6835 (0.6406)  time: 0.5036  data: 0.0006  max mem: 24227
Epoch: [2]  [3600/5625]  eta: 0:17:08  lr: 0.000009  train_loss: 0.2213 (0.3259)  train_iou: 0.6542 (0.6408)  time: 0.5041  data: 0.0005  max mem: 24227
Epoch: [2]  [3620/5625]  eta: 0:16:58  lr: 0.000009  train_loss: 0.2882 (0.3256)  train_iou: 0.6450 (0.6409)  time: 0.5050  data: 0.0004  max mem: 24227
Epoch: [2]  [3640/5625]  eta: 0:16:48  lr: 0.000009  train_loss: 0.2975 (0.3259)  train_iou: 0.5906 (0.6406)  time: 0.5025  data: 0.0004  max mem: 24227
Epoch: [2]  [3660/5625]  eta: 0:16:37  lr: 0.000009  train_loss: 0.2117 (0.3256)  train_iou: 0.6858 (0.6409)  time: 0.5004  data: 0.0004  max mem: 24227
Epoch: [2]  [3680/5625]  eta: 0:16:27  lr: 0.000009  train_loss: 0.2631 (0.3255)  train_iou: 0.6666 (0.6410)  time: 0.5104  data: 0.0004  max mem: 24227
Epoch: [2]  [3700/5625]  eta: 0:16:17  lr: 0.000009  train_loss: 0.3130 (0.3257)  train_iou: 0.6544 (0.6409)  time: 0.5026  data: 0.0004  max mem: 24227
Epoch: [2]  [3720/5625]  eta: 0:16:07  lr: 0.000009  train_loss: 0.2453 (0.3256)  train_iou: 0.6643 (0.6410)  time: 0.5030  data: 0.0004  max mem: 24227
Epoch: [2]  [3740/5625]  eta: 0:15:57  lr: 0.000009  train_loss: 0.2814 (0.3256)  train_iou: 0.6382 (0.6410)  time: 0.5046  data: 0.0004  max mem: 24227
Epoch: [2]  [3760/5625]  eta: 0:15:46  lr: 0.000009  train_loss: 0.2519 (0.3254)  train_iou: 0.6218 (0.6409)  time: 0.5030  data: 0.0004  max mem: 24227
Epoch: [2]  [3780/5625]  eta: 0:15:36  lr: 0.000009  train_loss: 0.2256 (0.3252)  train_iou: 0.6832 (0.6412)  time: 0.5002  data: 0.0004  max mem: 24227
Epoch: [2]  [3800/5625]  eta: 0:15:26  lr: 0.000009  train_loss: 0.2502 (0.3250)  train_iou: 0.6702 (0.6414)  time: 0.5032  data: 0.0004  max mem: 24227
Epoch: [2]  [3820/5625]  eta: 0:15:16  lr: 0.000009  train_loss: 0.2215 (0.3248)  train_iou: 0.6309 (0.6416)  time: 0.5017  data: 0.0004  max mem: 24227
Epoch: [2]  [3840/5625]  eta: 0:15:06  lr: 0.000009  train_loss: 0.2803 (0.3249)  train_iou: 0.6742 (0.6415)  time: 0.5055  data: 0.0004  max mem: 24227
Epoch: [2]  [3860/5625]  eta: 0:14:55  lr: 0.000009  train_loss: 0.2924 (0.3249)  train_iou: 0.6485 (0.6417)  time: 0.5012  data: 0.0004  max mem: 24227
Epoch: [2]  [3880/5625]  eta: 0:14:45  lr: 0.000009  train_loss: 0.2520 (0.3246)  train_iou: 0.6707 (0.6418)  time: 0.5039  data: 0.0004  max mem: 24227
Epoch: [2]  [3900/5625]  eta: 0:14:35  lr: 0.000009  train_loss: 0.2990 (0.3246)  train_iou: 0.6583 (0.6420)  time: 0.5077  data: 0.0004  max mem: 24227
Epoch: [2]  [3920/5625]  eta: 0:14:25  lr: 0.000009  train_loss: 0.2515 (0.3244)  train_iou: 0.6451 (0.6420)  time: 0.5042  data: 0.0004  max mem: 24227
Epoch: [2]  [3940/5625]  eta: 0:14:15  lr: 0.000009  train_loss: 0.2303 (0.3242)  train_iou: 0.6177 (0.6419)  time: 0.5020  data: 0.0004  max mem: 24227
Epoch: [2]  [3960/5625]  eta: 0:14:05  lr: 0.000009  train_loss: 0.2727 (0.3242)  train_iou: 0.6999 (0.6420)  time: 0.5036  data: 0.0004  max mem: 24227
Epoch: [2]  [3980/5625]  eta: 0:13:54  lr: 0.000009  train_loss: 0.2505 (0.3241)  train_iou: 0.5755 (0.6418)  time: 0.5056  data: 0.0004  max mem: 24227
Epoch: [2]  [4000/5625]  eta: 0:13:44  lr: 0.000009  train_loss: 0.3650 (0.3242)  train_iou: 0.6027 (0.6417)  time: 0.5061  data: 0.0004  max mem: 24227
Epoch: [2]  [4020/5625]  eta: 0:13:34  lr: 0.000009  train_loss: 0.3028 (0.3244)  train_iou: 0.6518 (0.6417)  time: 0.5036  data: 0.0004  max mem: 24227
Epoch: [2]  [4040/5625]  eta: 0:13:24  lr: 0.000009  train_loss: 0.3166 (0.3245)  train_iou: 0.6193 (0.6417)  time: 0.5041  data: 0.0004  max mem: 24227
Epoch: [2]  [4060/5625]  eta: 0:13:14  lr: 0.000009  train_loss: 0.2572 (0.3245)  train_iou: 0.5837 (0.6416)  time: 0.5035  data: 0.0004  max mem: 24227
Epoch: [2]  [4080/5625]  eta: 0:13:03  lr: 0.000009  train_loss: 0.2708 (0.3244)  train_iou: 0.6829 (0.6417)  time: 0.5010  data: 0.0004  max mem: 24227
Epoch: [2]  [4100/5625]  eta: 0:12:53  lr: 0.000009  train_loss: 0.2984 (0.3245)  train_iou: 0.6840 (0.6418)  time: 0.5069  data: 0.0004  max mem: 24227
Epoch: [2]  [4120/5625]  eta: 0:12:43  lr: 0.000009  train_loss: 0.2610 (0.3245)  train_iou: 0.6451 (0.6417)  time: 0.5084  data: 0.0004  max mem: 24227
Epoch: [2]  [4140/5625]  eta: 0:12:33  lr: 0.000009  train_loss: 0.3104 (0.3247)  train_iou: 0.6339 (0.6416)  time: 0.5062  data: 0.0004  max mem: 24227
Epoch: [2]  [4160/5625]  eta: 0:12:23  lr: 0.000009  train_loss: 0.3260 (0.3246)  train_iou: 0.6796 (0.6417)  time: 0.5060  data: 0.0005  max mem: 24227
Epoch: [2]  [4180/5625]  eta: 0:12:13  lr: 0.000009  train_loss: 0.2477 (0.3246)  train_iou: 0.6515 (0.6418)  time: 0.5040  data: 0.0004  max mem: 24227
Epoch: [2]  [4200/5625]  eta: 0:12:03  lr: 0.000009  train_loss: 0.2512 (0.3247)  train_iou: 0.6199 (0.6416)  time: 0.5063  data: 0.0004  max mem: 24227
Epoch: [2]  [4220/5625]  eta: 0:11:52  lr: 0.000009  train_loss: 0.2515 (0.3245)  train_iou: 0.6047 (0.6415)  time: 0.5022  data: 0.0004  max mem: 24227
Epoch: [2]  [4240/5625]  eta: 0:11:42  lr: 0.000009  train_loss: 0.3136 (0.3245)  train_iou: 0.6406 (0.6416)  time: 0.5036  data: 0.0006  max mem: 24227
Epoch: [2]  [4260/5625]  eta: 0:11:32  lr: 0.000009  train_loss: 0.2675 (0.3247)  train_iou: 0.6651 (0.6417)  time: 0.5062  data: 0.0004  max mem: 24227
Epoch: [2]  [4280/5625]  eta: 0:11:22  lr: 0.000009  train_loss: 0.2655 (0.3246)  train_iou: 0.7149 (0.6419)  time: 0.5052  data: 0.0004  max mem: 24227
Epoch: [2]  [4300/5625]  eta: 0:11:12  lr: 0.000009  train_loss: 0.3475 (0.3248)  train_iou: 0.6173 (0.6418)  time: 0.5037  data: 0.0004  max mem: 24227
Epoch: [2]  [4320/5625]  eta: 0:11:02  lr: 0.000009  train_loss: 0.3109 (0.3249)  train_iou: 0.6566 (0.6419)  time: 0.5030  data: 0.0004  max mem: 24227
Epoch: [2]  [4340/5625]  eta: 0:10:51  lr: 0.000009  train_loss: 0.2515 (0.3252)  train_iou: 0.6886 (0.6420)  time: 0.5016  data: 0.0004  max mem: 24227
Epoch: [2]  [4360/5625]  eta: 0:10:41  lr: 0.000009  train_loss: 0.3657 (0.3254)  train_iou: 0.5933 (0.6419)  time: 0.5054  data: 0.0004  max mem: 24227
Epoch: [2]  [4380/5625]  eta: 0:10:31  lr: 0.000009  train_loss: 0.2417 (0.3255)  train_iou: 0.6849 (0.6420)  time: 0.5058  data: 0.0004  max mem: 24227
Epoch: [2]  [4400/5625]  eta: 0:10:21  lr: 0.000009  train_loss: 0.2992 (0.3256)  train_iou: 0.6182 (0.6420)  time: 0.5057  data: 0.0004  max mem: 24227
Epoch: [2]  [4420/5625]  eta: 0:10:11  lr: 0.000009  train_loss: 0.2348 (0.3254)  train_iou: 0.6691 (0.6420)  time: 0.5104  data: 0.0004  max mem: 24227
Epoch: [2]  [4440/5625]  eta: 0:10:01  lr: 0.000009  train_loss: 0.2634 (0.3257)  train_iou: 0.5697 (0.6420)  time: 0.5067  data: 0.0004  max mem: 24227
Epoch: [2]  [4460/5625]  eta: 0:09:50  lr: 0.000009  train_loss: 0.2188 (0.3255)  train_iou: 0.6754 (0.6421)  time: 0.5024  data: 0.0004  max mem: 24227
Epoch: [2]  [4480/5625]  eta: 0:09:40  lr: 0.000009  train_loss: 0.2687 (0.3252)  train_iou: 0.6291 (0.6420)  time: 0.5009  data: 0.0004  max mem: 24227
Epoch: [2]  [4500/5625]  eta: 0:09:30  lr: 0.000009  train_loss: 0.1924 (0.3251)  train_iou: 0.6414 (0.6421)  time: 0.5096  data: 0.0006  max mem: 24227
Epoch: [2]  [4520/5625]  eta: 0:09:20  lr: 0.000009  train_loss: 0.2740 (0.3251)  train_iou: 0.6545 (0.6422)  time: 0.5119  data: 0.0017  max mem: 24227
Epoch: [2]  [4540/5625]  eta: 0:09:10  lr: 0.000009  train_loss: 0.2519 (0.3249)  train_iou: 0.6561 (0.6422)  time: 0.5078  data: 0.0004  max mem: 24227
Epoch: [2]  [4560/5625]  eta: 0:09:00  lr: 0.000009  train_loss: 0.2420 (0.3247)  train_iou: 0.6494 (0.6422)  time: 0.5134  data: 0.0009  max mem: 24227
Epoch: [2]  [4580/5625]  eta: 0:08:50  lr: 0.000009  train_loss: 0.1675 (0.3243)  train_iou: 0.6803 (0.6424)  time: 0.5074  data: 0.0004  max mem: 24227
Epoch: [2]  [4600/5625]  eta: 0:08:39  lr: 0.000009  train_loss: 0.3086 (0.3242)  train_iou: 0.6293 (0.6423)  time: 0.5077  data: 0.0004  max mem: 24227
Epoch: [2]  [4620/5625]  eta: 0:08:29  lr: 0.000009  train_loss: 0.2589 (0.3240)  train_iou: 0.6719 (0.6423)  time: 0.5039  data: 0.0006  max mem: 24227
Epoch: [2]  [4640/5625]  eta: 0:08:19  lr: 0.000009  train_loss: 0.2336 (0.3237)  train_iou: 0.6619 (0.6423)  time: 0.5102  data: 0.0009  max mem: 24227
Epoch: [2]  [4660/5625]  eta: 0:08:09  lr: 0.000009  train_loss: 0.3152 (0.3238)  train_iou: 0.6509 (0.6423)  time: 0.5085  data: 0.0008  max mem: 24227
Epoch: [2]  [4680/5625]  eta: 0:07:59  lr: 0.000009  train_loss: 0.2879 (0.3238)  train_iou: 0.5647 (0.6422)  time: 0.5112  data: 0.0025  max mem: 24227
Epoch: [2]  [4700/5625]  eta: 0:07:49  lr: 0.000009  train_loss: 0.2633 (0.3237)  train_iou: 0.5859 (0.6421)  time: 0.5058  data: 0.0036  max mem: 24227
Epoch: [2]  [4720/5625]  eta: 0:07:39  lr: 0.000009  train_loss: 0.2871 (0.3237)  train_iou: 0.6434 (0.6421)  time: 0.5055  data: 0.0006  max mem: 24227
Epoch: [2]  [4740/5625]  eta: 0:07:28  lr: 0.000009  train_loss: 0.3092 (0.3238)  train_iou: 0.6664 (0.6422)  time: 0.5095  data: 0.0007  max mem: 24227
Epoch: [2]  [4760/5625]  eta: 0:07:18  lr: 0.000009  train_loss: 0.2719 (0.3238)  train_iou: 0.6535 (0.6421)  time: 0.5149  data: 0.0009  max mem: 24227
Epoch: [2]  [4780/5625]  eta: 0:07:08  lr: 0.000009  train_loss: 0.2890 (0.3239)  train_iou: 0.6668 (0.6421)  time: 0.5098  data: 0.0005  max mem: 24227
Epoch: [2]  [4800/5625]  eta: 0:06:58  lr: 0.000009  train_loss: 0.2853 (0.3238)  train_iou: 0.6101 (0.6421)  time: 0.5062  data: 0.0006  max mem: 24227
Epoch: [2]  [4820/5625]  eta: 0:06:48  lr: 0.000009  train_loss: 0.2408 (0.3235)  train_iou: 0.6262 (0.6421)  time: 0.5111  data: 0.0010  max mem: 24227
Epoch: [2]  [4840/5625]  eta: 0:06:38  lr: 0.000009  train_loss: 0.2620 (0.3234)  train_iou: 0.6047 (0.6420)  time: 0.5116  data: 0.0006  max mem: 24227
Epoch: [2]  [4860/5625]  eta: 0:06:28  lr: 0.000009  train_loss: 0.2057 (0.3232)  train_iou: 0.6840 (0.6421)  time: 0.5079  data: 0.0006  max mem: 24227
Epoch: [2]  [4880/5625]  eta: 0:06:17  lr: 0.000009  train_loss: 0.3146 (0.3231)  train_iou: 0.6797 (0.6422)  time: 0.5096  data: 0.0014  max mem: 24227
Epoch: [2]  [4900/5625]  eta: 0:06:07  lr: 0.000009  train_loss: 0.3091 (0.3230)  train_iou: 0.6694 (0.6424)  time: 0.5069  data: 0.0004  max mem: 24227
Epoch: [2]  [4920/5625]  eta: 0:05:57  lr: 0.000009  train_loss: 0.2885 (0.3229)  train_iou: 0.6129 (0.6423)  time: 0.5083  data: 0.0016  max mem: 24227
Epoch: [2]  [4940/5625]  eta: 0:05:47  lr: 0.000009  train_loss: 0.3345 (0.3230)  train_iou: 0.6454 (0.6423)  time: 0.5115  data: 0.0007  max mem: 24227
Epoch: [2]  [4960/5625]  eta: 0:05:37  lr: 0.000009  train_loss: 0.2828 (0.3230)  train_iou: 0.6386 (0.6422)  time: 0.5055  data: 0.0006  max mem: 24227
Epoch: [2]  [4980/5625]  eta: 0:05:27  lr: 0.000009  train_loss: 0.3123 (0.3235)  train_iou: 0.5593 (0.6420)  time: 0.5083  data: 0.0004  max mem: 24227
Epoch: [2]  [5000/5625]  eta: 0:05:17  lr: 0.000009  train_loss: 0.3152 (0.3236)  train_iou: 0.6716 (0.6421)  time: 0.5113  data: 0.0020  max mem: 24227
Epoch: [2]  [5020/5625]  eta: 0:05:06  lr: 0.000009  train_loss: 0.2954 (0.3234)  train_iou: 0.7002 (0.6421)  time: 0.5101  data: 0.0007  max mem: 24227
Epoch: [2]  [5040/5625]  eta: 0:04:56  lr: 0.000009  train_loss: 0.2424 (0.3234)  train_iou: 0.6689 (0.6422)  time: 0.5085  data: 0.0008  max mem: 24227
Epoch: [2]  [5060/5625]  eta: 0:04:46  lr: 0.000009  train_loss: 0.3427 (0.3235)  train_iou: 0.6019 (0.6421)  time: 0.5097  data: 0.0006  max mem: 24227
Epoch: [2]  [5080/5625]  eta: 0:04:36  lr: 0.000009  train_loss: 0.3125 (0.3234)  train_iou: 0.6395 (0.6421)  time: 0.5065  data: 0.0006  max mem: 24227
Epoch: [2]  [5100/5625]  eta: 0:04:26  lr: 0.000009  train_loss: 0.2733 (0.3233)  train_iou: 0.6372 (0.6421)  time: 0.5153  data: 0.0011  max mem: 24227
Epoch: [2]  [5120/5625]  eta: 0:04:16  lr: 0.000009  train_loss: 0.2583 (0.3232)  train_iou: 0.6223 (0.6420)  time: 0.5091  data: 0.0005  max mem: 24227
Epoch: [2]  [5140/5625]  eta: 0:04:06  lr: 0.000009  train_loss: 0.3068 (0.3232)  train_iou: 0.5713 (0.6419)  time: 0.5123  data: 0.0005  max mem: 24227
Epoch: [2]  [5160/5625]  eta: 0:03:55  lr: 0.000009  train_loss: 0.2365 (0.3230)  train_iou: 0.7225 (0.6421)  time: 0.5095  data: 0.0023  max mem: 24227
Epoch: [2]  [5180/5625]  eta: 0:03:45  lr: 0.000009  train_loss: 0.2446 (0.3227)  train_iou: 0.6308 (0.6421)  time: 0.5054  data: 0.0017  max mem: 24227
Epoch: [2]  [5200/5625]  eta: 0:03:35  lr: 0.000009  train_loss: 0.2022 (0.3224)  train_iou: 0.7011 (0.6423)  time: 0.5044  data: 0.0016  max mem: 24227
Epoch: [2]  [5220/5625]  eta: 0:03:25  lr: 0.000009  train_loss: 0.2700 (0.3226)  train_iou: 0.6637 (0.6423)  time: 0.5137  data: 0.0038  max mem: 24227
Epoch: [2]  [5240/5625]  eta: 0:03:15  lr: 0.000009  train_loss: 0.2972 (0.3228)  train_iou: 0.5896 (0.6421)  time: 0.5080  data: 0.0030  max mem: 24227
Epoch: [2]  [5260/5625]  eta: 0:03:05  lr: 0.000009  train_loss: 0.2703 (0.3226)  train_iou: 0.6145 (0.6421)  time: 0.5136  data: 0.0008  max mem: 24227
Epoch: [2]  [5280/5625]  eta: 0:02:55  lr: 0.000009  train_loss: 0.2665 (0.3226)  train_iou: 0.7166 (0.6424)  time: 0.5112  data: 0.0017  max mem: 24227
Epoch: [2]  [5300/5625]  eta: 0:02:44  lr: 0.000009  train_loss: 0.2895 (0.3226)  train_iou: 0.6745 (0.6425)  time: 0.5081  data: 0.0010  max mem: 24227
Epoch: [2]  [5320/5625]  eta: 0:02:34  lr: 0.000009  train_loss: 0.2976 (0.3227)  train_iou: 0.6412 (0.6425)  time: 0.5096  data: 0.0012  max mem: 24227
Epoch: [2]  [5340/5625]  eta: 0:02:24  lr: 0.000009  train_loss: 0.2963 (0.3227)  train_iou: 0.6448 (0.6425)  time: 0.5096  data: 0.0006  max mem: 24227
Epoch: [2]  [5360/5625]  eta: 0:02:14  lr: 0.000009  train_loss: 0.3003 (0.3227)  train_iou: 0.6392 (0.6423)  time: 0.5063  data: 0.0004  max mem: 24227
Epoch: [2]  [5380/5625]  eta: 0:02:04  lr: 0.000009  train_loss: 0.2428 (0.3226)  train_iou: 0.6299 (0.6423)  time: 0.5016  data: 0.0015  max mem: 24227
Epoch: [2]  [5400/5625]  eta: 0:01:54  lr: 0.000009  train_loss: 0.3957 (0.3229)  train_iou: 0.6436 (0.6424)  time: 0.5058  data: 0.0004  max mem: 24227
Epoch: [2]  [5420/5625]  eta: 0:01:44  lr: 0.000009  train_loss: 0.2789 (0.3229)  train_iou: 0.6538 (0.6423)  time: 0.5044  data: 0.0004  max mem: 24227
Epoch: [2]  [5440/5625]  eta: 0:01:33  lr: 0.000009  train_loss: 0.2426 (0.3227)  train_iou: 0.6472 (0.6424)  time: 0.5037  data: 0.0004  max mem: 24227
Epoch: [2]  [5460/5625]  eta: 0:01:23  lr: 0.000009  train_loss: 0.2264 (0.3225)  train_iou: 0.6312 (0.6424)  time: 0.5018  data: 0.0004  max mem: 24227
Epoch: [2]  [5480/5625]  eta: 0:01:13  lr: 0.000009  train_loss: 0.2809 (0.3224)  train_iou: 0.6497 (0.6424)  time: 0.5060  data: 0.0004  max mem: 24227
Epoch: [2]  [5500/5625]  eta: 0:01:03  lr: 0.000009  train_loss: 0.2012 (0.3222)  train_iou: 0.6880 (0.6425)  time: 0.5071  data: 0.0004  max mem: 24227
Epoch: [2]  [5520/5625]  eta: 0:00:53  lr: 0.000009  train_loss: 0.3032 (0.3222)  train_iou: 0.5884 (0.6424)  time: 0.5051  data: 0.0006  max mem: 24227
Epoch: [2]  [5540/5625]  eta: 0:00:43  lr: 0.000009  train_loss: 0.2551 (0.3221)  train_iou: 0.6715 (0.6426)  time: 0.5034  data: 0.0004  max mem: 24227
Epoch: [2]  [5560/5625]  eta: 0:00:32  lr: 0.000009  train_loss: 0.2980 (0.3221)  train_iou: 0.6648 (0.6426)  time: 0.5018  data: 0.0004  max mem: 24227
Epoch: [2]  [5580/5625]  eta: 0:00:22  lr: 0.000009  train_loss: 0.2399 (0.3219)  train_iou: 0.6585 (0.6426)  time: 0.5065  data: 0.0005  max mem: 24227
Epoch: [2]  [5600/5625]  eta: 0:00:12  lr: 0.000009  train_loss: 0.3117 (0.3219)  train_iou: 0.6687 (0.6426)  time: 0.5044  data: 0.0004  max mem: 24227
Epoch: [2]  [5620/5625]  eta: 0:00:02  lr: 0.000009  train_loss: 0.2841 (0.3218)  train_iou: 0.6498 (0.6426)  time: 0.4856  data: 0.0002  max mem: 24227
Epoch: [2]  [5624/5625]  eta: 0:00:00  lr: 0.000009  train_loss: 0.2538 (0.3218)  train_iou: 0.6232 (0.6426)  time: 0.4801  data: 0.0002  max mem: 24227
Epoch: [2] Total time: 0:47:34 (0.5075 s / it)
Averaged stats: lr: 0.000009  train_loss: 0.2538 (0.3218)  train_iou: 0.6232 (0.6426)
huggingface/tokenizers: The current process just got forked, after parallelism has already been used. Disabling parallelism to avoid deadlocks...
To disable this warning, you can either:
	- Avoid using `tokenizers` before the fork if possible
	- Explicitly set the environment variable TOKENIZERS_PARALLELISM=(true | false)
huggingface/tokenizers: The current process just got forked, after parallelism has already been used. Disabling parallelism to avoid deadlocks...
To disable this warning, you can either:
	- Avoid using `tokenizers` before the fork if possible
	- Explicitly set the environment variable TOKENIZERS_PARALLELISM=(true | false)
huggingface/tokenizers: The current process just got forked, after parallelism has already been used. Disabling parallelism to avoid deadlocks...
To disable this warning, you can either:
	- Avoid using `tokenizers` before the fork if possible
	- Explicitly set the environment variable TOKENIZERS_PARALLELISM=(true | false)
huggingface/tokenizers: The current process just got forked, after parallelism has already been used. Disabling parallelism to avoid deadlocks...
To disable this warning, you can either:
	- Avoid using `tokenizers` before the fork if possible
	- Explicitly set the environment variable TOKENIZERS_PARALLELISM=(true | false)
huggingface/tokenizers: The current process just got forked, after parallelism has already been used. Disabling parallelism to avoid deadlocks...
To disable this warning, you can either:
	- Avoid using `tokenizers` before the fork if possible
	- Explicitly set the environment variable TOKENIZERS_PARALLELISM=(true | false)
huggingface/tokenizers: The current process just got forked, after parallelism has already been used. Disabling parallelism to avoid deadlocks...
To disable this warning, you can either:
	- Avoid using `tokenizers` before the fork if possible
	- Explicitly set the environment variable TOKENIZERS_PARALLELISM=(true | false)
huggingface/tokenizers: The current process just got forked, after parallelism has already been used. Disabling parallelism to avoid deadlocks...
To disable this warning, you can either:
	- Avoid using `tokenizers` before the fork if possible
	- Explicitly set the environment variable TOKENIZERS_PARALLELISM=(true | false)
huggingface/tokenizers: The current process just got forked, after parallelism has already been used. Disabling parallelism to avoid deadlocks...
To disable this warning, you can either:
	- Avoid using `tokenizers` before the fork if possible
	- Explicitly set the environment variable TOKENIZERS_PARALLELISM=(true | false)
Test:  [   0/4000]  eta: 1:55:00  inter: 33525.0000 (33525.0000)  union: 36253.0000 (36253.0000)  iou: 0.9248 (0.9248)  time: 1.7252  data: 1.5132  max mem: 24227
Test:  [  50/4000]  eta: 0:10:14  inter: 22979.0000 (24574.2344)  union: 53821.0000 (43874.1875)  iou: 0.3958 (0.5512)  time: 0.1287  data: 0.0004  max mem: 24227
Test:  [ 100/4000]  eta: 0:09:27  inter: 20551.0000 (27080.9044)  union: 47178.0000 (43623.0515)  iou: 0.6967 (0.5990)  time: 0.1288  data: 0.0004  max mem: 24227
Test:  [ 150/4000]  eta: 0:09:08  inter: 18146.0000 (26035.7368)  union: 30317.0000 (40793.9522)  iou: 0.8324 (0.6228)  time: 0.1419  data: 0.0004  max mem: 24227
Test:  [ 200/4000]  eta: 0:08:44  inter: 33204.0000 (26564.2821)  union: 38008.0000 (40497.3993)  iou: 0.9163 (0.6351)  time: 0.1229  data: 0.0004  max mem: 24227
Test:  [ 250/4000]  eta: 0:08:23  inter: 14641.0000 (28157.9639)  union: 33612.0000 (42281.6355)  iou: 0.4796 (0.6246)  time: 0.1149  data: 0.0004  max mem: 24227
Test:  [ 300/4000]  eta: 0:08:15  inter: 20582.0000 (27485.9950)  union: 24505.0000 (41801.3424)  iou: 0.8012 (0.6149)  time: 0.1350  data: 0.0004  max mem: 24227
Test:  [ 350/4000]  eta: 0:08:15  inter: 8884.0000 (26445.3595)  union: 32014.0000 (41503.1983)  iou: 0.4798 (0.6022)  time: 0.1473  data: 0.0004  max mem: 24227
Test:  [ 400/4000]  eta: 0:08:10  inter: 30893.0000 (25980.2714)  union: 36240.0000 (41284.3625)  iou: 0.6365 (0.6004)  time: 0.1224  data: 0.0004  max mem: 24227
Test:  [ 450/4000]  eta: 0:08:01  inter: 13174.0000 (25790.2302)  union: 29271.0000 (40938.4159)  iou: 0.6281 (0.6005)  time: 0.1544  data: 0.0004  max mem: 24227
Test:  [ 500/4000]  eta: 0:07:53  inter: 17281.0000 (26272.2822)  union: 27589.0000 (41692.0129)  iou: 0.5336 (0.5984)  time: 0.1206  data: 0.0004  max mem: 24227
Test:  [ 550/4000]  eta: 0:07:49  inter: 23969.0000 (26287.3625)  union: 27948.0000 (41479.5386)  iou: 0.7768 (0.6032)  time: 0.1463  data: 0.0004  max mem: 24227
Test:  [ 600/4000]  eta: 0:07:40  inter: 11007.0000 (26274.5822)  union: 31292.0000 (41302.8142)  iou: 0.8070 (0.6022)  time: 0.1354  data: 0.0004  max mem: 24227
Test:  [ 650/4000]  eta: 0:07:30  inter: 30273.0000 (26815.1414)  union: 40982.0000 (41652.2144)  iou: 0.8166 (0.6018)  time: 0.1194  data: 0.0004  max mem: 24227
Test:  [ 700/4000]  eta: 0:07:22  inter: 13826.0000 (26303.3943)  union: 29167.0000 (41310.2659)  iou: 0.4116 (0.5941)  time: 0.1241  data: 0.0004  max mem: 24227
Test:  [ 750/4000]  eta: 0:07:17  inter: 23760.0000 (26375.7954)  union: 30257.0000 (41392.5595)  iou: 0.8088 (0.5972)  time: 0.1508  data: 0.0004  max mem: 24227
Test:  [ 800/4000]  eta: 0:07:09  inter: 12660.0000 (26099.0679)  union: 46700.0000 (40904.9161)  iou: 0.5890 (0.5974)  time: 0.1419  data: 0.0004  max mem: 24227
Test:  [ 850/4000]  eta: 0:07:03  inter: 22075.0000 (26169.0653)  union: 39766.0000 (40881.9632)  iou: 0.8050 (0.5990)  time: 0.1198  data: 0.0004  max mem: 24227
Test:  [ 900/4000]  eta: 0:06:56  inter: 10055.0000 (26239.7233)  union: 28066.0000 (41041.7913)  iou: 0.6691 (0.5961)  time: 0.1174  data: 0.0004  max mem: 24227
Test:  [ 950/4000]  eta: 0:06:49  inter: 25061.0000 (26458.3841)  union: 31146.0000 (41098.6182)  iou: 0.8530 (0.5966)  time: 0.1321  data: 0.0004  max mem: 24227
Test:  [1000/4000]  eta: 0:06:42  inter: 22087.0000 (26707.1646)  union: 37785.0000 (41233.0114)  iou: 0.7764 (0.5990)  time: 0.1192  data: 0.0004  max mem: 24227
Test:  [1050/4000]  eta: 0:06:34  inter: 22347.0000 (26728.8796)  union: 37503.0000 (41268.0224)  iou: 0.6685 (0.5983)  time: 0.1349  data: 0.0004  max mem: 24227
Test:  [1100/4000]  eta: 0:06:26  inter: 22677.0000 (26596.8796)  union: 28203.0000 (41061.2155)  iou: 0.5584 (0.5979)  time: 0.1294  data: 0.0004  max mem: 24227
Test:  [1150/4000]  eta: 0:06:21  inter: 10019.0000 (26741.8381)  union: 23895.0000 (40915.7897)  iou: 0.5720 (0.6004)  time: 0.1442  data: 0.0004  max mem: 24227
Test:  [1200/4000]  eta: 0:06:14  inter: 10050.0000 (26687.6546)  union: 29755.0000 (41124.8787)  iou: 0.7923 (0.5966)  time: 0.1323  data: 0.0004  max mem: 24227
Test:  [1250/4000]  eta: 0:06:08  inter: 18.0000 (26403.9398)  union: 30743.0000 (40860.9472)  iou: 0.0006 (0.5944)  time: 0.1475  data: 0.0004  max mem: 24227
Test:  [1300/4000]  eta: 0:06:01  inter: 19405.0000 (26188.4036)  union: 34645.0000 (40657.6051)  iou: 0.5593 (0.5953)  time: 0.1358  data: 0.0004  max mem: 24227
Test:  [1350/4000]  eta: 0:05:54  inter: 26072.0000 (26262.5663)  union: 34229.0000 (40626.4474)  iou: 0.7897 (0.5966)  time: 0.1306  data: 0.0004  max mem: 24227
Test:  [1400/4000]  eta: 0:05:48  inter: 10007.0000 (26370.0197)  union: 15332.0000 (40799.5202)  iou: 0.7333 (0.5943)  time: 0.1347  data: 0.0004  max mem: 24227
Test:  [1450/4000]  eta: 0:05:41  inter: 15241.0000 (26310.6484)  union: 46283.0000 (40694.3550)  iou: 0.6548 (0.5938)  time: 0.1269  data: 0.0004  max mem: 24227
Test:  [1500/4000]  eta: 0:05:34  inter: 17541.0000 (26349.7734)  union: 45749.0000 (40834.5587)  iou: 0.4662 (0.5918)  time: 0.1260  data: 0.0004  max mem: 24227
Test:  [1550/4000]  eta: 0:05:28  inter: 11667.0000 (26205.4617)  union: 26873.0000 (40756.3098)  iou: 0.8609 (0.5926)  time: 0.1536  data: 0.0004  max mem: 24227
Test:  [1600/4000]  eta: 0:05:22  inter: 11257.0000 (26069.2164)  union: 25674.0000 (40691.9026)  iou: 0.5400 (0.5896)  time: 0.1509  data: 0.0004  max mem: 24227
Test:  [1650/4000]  eta: 0:05:15  inter: 16767.0000 (26050.0356)  union: 34647.0000 (40719.1569)  iou: 0.4766 (0.5889)  time: 0.1300  data: 0.0004  max mem: 24227
Test:  [1700/4000]  eta: 0:05:07  inter: 16944.0000 (26021.8481)  union: 36969.0000 (40769.0167)  iou: 0.8151 (0.5877)  time: 0.1280  data: 0.0004  max mem: 24227
Test:  [1750/4000]  eta: 0:05:01  inter: 19998.0000 (25956.7099)  union: 32834.0000 (40683.7784)  iou: 0.7505 (0.5871)  time: 0.1476  data: 0.0004  max mem: 24227
Test:  [1800/4000]  eta: 0:04:55  inter: 24162.0000 (25829.9961)  union: 43308.0000 (40637.3090)  iou: 0.5506 (0.5853)  time: 0.1488  data: 0.0004  max mem: 24227
Test:  [1850/4000]  eta: 0:04:47  inter: 10669.0000 (25789.6655)  union: 33984.0000 (40723.1207)  iou: 0.2690 (0.5834)  time: 0.1343  data: 0.0004  max mem: 24227
Test:  [1900/4000]  eta: 0:04:41  inter: 36908.0000 (25720.0991)  union: 57810.0000 (40651.1431)  iou: 0.5485 (0.5840)  time: 0.1362  data: 0.0004  max mem: 24227
Test:  [1950/4000]  eta: 0:04:35  inter: 12029.0000 (25686.4361)  union: 16863.0000 (40616.9565)  iou: 0.7169 (0.5841)  time: 0.1331  data: 0.0004  max mem: 24227
Test:  [2000/4000]  eta: 0:04:27  inter: 15905.0000 (25734.9055)  union: 22304.0000 (40589.2666)  iou: 0.7802 (0.5854)  time: 0.1165  data: 0.0004  max mem: 24227
Test:  [2050/4000]  eta: 0:04:21  inter: 5961.0000 (25633.4042)  union: 56191.0000 (40662.8043)  iou: 0.2222 (0.5836)  time: 0.1636  data: 0.0004  max mem: 24227
Test:  [2100/4000]  eta: 0:04:14  inter: 21194.0000 (25601.0435)  union: 32331.0000 (40624.2394)  iou: 0.8226 (0.5841)  time: 0.1186  data: 0.0004  max mem: 24227
Test:  [2150/4000]  eta: 0:04:07  inter: 24312.0000 (25602.6745)  union: 30344.0000 (40656.3764)  iou: 0.7733 (0.5836)  time: 0.1226  data: 0.0004  max mem: 24227
Test:  [2200/4000]  eta: 0:04:00  inter: 13825.0000 (25587.8130)  union: 23884.0000 (40605.8340)  iou: 0.6337 (0.5837)  time: 0.1378  data: 0.0004  max mem: 24227
Test:  [2250/4000]  eta: 0:03:54  inter: 16550.0000 (25454.3490)  union: 37942.0000 (40440.1284)  iou: 0.5963 (0.5823)  time: 0.1216  data: 0.0004  max mem: 24227
Test:  [2300/4000]  eta: 0:03:47  inter: 25918.0000 (25521.7183)  union: 38128.0000 (40410.9313)  iou: 0.6236 (0.5844)  time: 0.1359  data: 0.0004  max mem: 24227
Test:  [2350/4000]  eta: 0:03:40  inter: 15840.0000 (25445.5101)  union: 49998.0000 (40383.0620)  iou: 0.7040 (0.5842)  time: 0.1477  data: 0.0004  max mem: 24227
Test:  [2400/4000]  eta: 0:03:34  inter: 10607.0000 (25491.6727)  union: 33049.0000 (40354.7887)  iou: 0.4480 (0.5848)  time: 0.1459  data: 0.0004  max mem: 24227
Test:  [2450/4000]  eta: 0:03:27  inter: 29353.0000 (25578.4712)  union: 33161.0000 (40403.9988)  iou: 0.8709 (0.5864)  time: 0.1097  data: 0.0004  max mem: 24227
Test:  [2500/4000]  eta: 0:03:20  inter: 29636.0000 (25563.9386)  union: 40034.0000 (40417.4310)  iou: 0.8128 (0.5863)  time: 0.1147  data: 0.0004  max mem: 24227
Test:  [2550/4000]  eta: 0:03:13  inter: 29333.0000 (25683.2758)  union: 35503.0000 (40562.3755)  iou: 0.7856 (0.5868)  time: 0.1486  data: 0.0004  max mem: 24227
Test:  [2600/4000]  eta: 0:03:06  inter: 10505.0000 (25606.2836)  union: 34458.0000 (40523.4697)  iou: 0.4601 (0.5851)  time: 0.1381  data: 0.0004  max mem: 24227
Test:  [2650/4000]  eta: 0:02:59  inter: 16821.0000 (25606.7143)  union: 34589.0000 (40718.6533)  iou: 0.8211 (0.5842)  time: 0.1362  data: 0.0004  max mem: 24227
Test:  [2700/4000]  eta: 0:02:53  inter: 26805.0000 (25686.1244)  union: 30689.0000 (40804.7023)  iou: 0.8488 (0.5852)  time: 0.1278  data: 0.0004  max mem: 24227
Test:  [2750/4000]  eta: 0:02:46  inter: 19774.0000 (25742.6580)  union: 32497.0000 (40948.7295)  iou: 0.8158 (0.5844)  time: 0.1245  data: 0.0004  max mem: 24227
Test:  [2800/4000]  eta: 0:02:40  inter: 14898.0000 (25709.5942)  union: 26440.0000 (40857.6665)  iou: 0.8351 (0.5845)  time: 0.1293  data: 0.0004  max mem: 24227
Test:  [2850/4000]  eta: 0:02:33  inter: 12545.0000 (25816.5536)  union: 33353.0000 (40947.9344)  iou: 0.3264 (0.5839)  time: 0.1255  data: 0.0005  max mem: 24227
Test:  [2900/4000]  eta: 0:02:27  inter: 17702.0000 (25826.7554)  union: 26615.0000 (41031.1201)  iou: 0.7720 (0.5826)  time: 0.1220  data: 0.0004  max mem: 24227
Test:  [2950/4000]  eta: 0:02:20  inter: 19833.0000 (25848.1952)  union: 27228.0000 (41061.9709)  iou: 0.5430 (0.5826)  time: 0.1201  data: 0.0004  max mem: 24227
Test:  [3000/4000]  eta: 0:02:13  inter: 21239.0000 (25809.3834)  union: 32769.0000 (41032.1182)  iou: 0.6188 (0.5821)  time: 0.1476  data: 0.0004  max mem: 24227
Test:  [3050/4000]  eta: 0:02:06  inter: 13547.0000 (25785.0058)  union: 29403.0000 (41062.7032)  iou: 0.4650 (0.5822)  time: 0.1274  data: 0.0004  max mem: 24227
Test:  [3100/4000]  eta: 0:02:00  inter: 22896.0000 (25782.0123)  union: 42050.0000 (41035.4231)  iou: 0.4450 (0.5827)  time: 0.1322  data: 0.0005  max mem: 24227
Test:  [3150/4000]  eta: 0:01:53  inter: 14652.0000 (25655.6830)  union: 21817.0000 (40901.9283)  iou: 0.5765 (0.5821)  time: 0.1352  data: 0.0004  max mem: 24227
Test:  [3200/4000]  eta: 0:01:46  inter: 13573.0000 (25660.1392)  union: 41646.0000 (40939.1120)  iou: 0.5031 (0.5824)  time: 0.1254  data: 0.0004  max mem: 24227
Test:  [3250/4000]  eta: 0:01:40  inter: 15981.0000 (25597.8160)  union: 25260.0000 (40885.5713)  iou: 0.6074 (0.5809)  time: 0.1330  data: 0.0004  max mem: 24227
Test:  [3300/4000]  eta: 0:01:33  inter: 25074.0000 (25681.3760)  union: 45353.0000 (40983.5842)  iou: 0.8297 (0.5801)  time: 0.1508  data: 0.0004  max mem: 24227
Test:  [3350/4000]  eta: 0:01:26  inter: 9736.0000 (25671.8279)  union: 12643.0000 (40994.2432)  iou: 0.7321 (0.5805)  time: 0.1126  data: 0.0004  max mem: 24227
Test:  [3400/4000]  eta: 0:01:20  inter: 25100.0000 (25796.1536)  union: 42961.0000 (41055.4431)  iou: 0.8410 (0.5818)  time: 0.1414  data: 0.0004  max mem: 24227
Test:  [3450/4000]  eta: 0:01:13  inter: 17244.0000 (25783.7728)  union: 31366.0000 (41081.2021)  iou: 0.5334 (0.5817)  time: 0.1238  data: 0.0004  max mem: 24227
Test:  [3500/4000]  eta: 0:01:06  inter: 13402.0000 (25757.1352)  union: 21538.0000 (40997.5156)  iou: 0.4191 (0.5820)  time: 0.1229  data: 0.0004  max mem: 24227
Test:  [3550/4000]  eta: 0:00:59  inter: 27134.0000 (25763.3396)  union: 37222.0000 (41014.0824)  iou: 0.6914 (0.5815)  time: 0.1162  data: 0.0004  max mem: 24227
Test:  [3600/4000]  eta: 0:00:53  inter: 21486.0000 (25705.9935)  union: 35434.0000 (40976.3457)  iou: 0.7619 (0.5803)  time: 0.1227  data: 0.0004  max mem: 24227
Test:  [3650/4000]  eta: 0:00:46  inter: 18763.0000 (25655.0435)  union: 38744.0000 (40961.6268)  iou: 0.4486 (0.5797)  time: 0.1570  data: 0.0004  max mem: 24227
Test:  [3700/4000]  eta: 0:00:40  inter: 23891.0000 (25766.3536)  union: 36578.0000 (41013.8341)  iou: 0.7508 (0.5806)  time: 0.1291  data: 0.0004  max mem: 24227
Test:  [3750/4000]  eta: 0:00:33  inter: 23157.0000 (25807.2406)  union: 44719.0000 (41076.0945)  iou: 0.5034 (0.5813)  time: 0.1256  data: 0.0004  max mem: 24227
Test:  [3800/4000]  eta: 0:00:26  inter: 22404.0000 (25835.6838)  union: 29695.0000 (41060.2628)  iou: 0.5733 (0.5817)  time: 0.1128  data: 0.0004  max mem: 24227
Test:  [3850/4000]  eta: 0:00:19  inter: 23788.0000 (25834.6356)  union: 33742.0000 (41107.1301)  iou: 0.8641 (0.5817)  time: 0.1303  data: 0.0004  max mem: 24227
Test:  [3900/4000]  eta: 0:00:13  inter: 19001.0000 (25873.7622)  union: 31641.0000 (41192.6631)  iou: 0.5638 (0.5815)  time: 0.1299  data: 0.0004  max mem: 24227
Test:  [3950/4000]  eta: 0:00:06  inter: 17849.0000 (25855.3057)  union: 36312.0000 (41136.1637)  iou: 0.7578 (0.5820)  time: 0.1221  data: 0.0004  max mem: 24227
Test:  [3999/4000]  eta: 0:00:00  inter: 14211.0000 (25810.2700)  union: 31248.0000 (41045.9316)  iou: 0.5478 (0.5828)  time: 0.1117  data: 0.0001  max mem: 24227
Test: Total time: 0:08:54 (0.1336 s / it)
* IoU 0.583 oIoU 0.629
IoU of the network on the 4000 test images: 0.6%
Max IoU: 0.58%
huggingface/tokenizers: The current process just got forked, after parallelism has already been used. Disabling parallelism to avoid deadlocks...
To disable this warning, you can either:
	- Avoid using `tokenizers` before the fork if possible
	- Explicitly set the environment variable TOKENIZERS_PARALLELISM=(true | false)
huggingface/tokenizers: The current process just got forked, after parallelism has already been used. Disabling parallelism to avoid deadlocks...
To disable this warning, you can either:
	- Avoid using `tokenizers` before the fork if possible
	- Explicitly set the environment variable TOKENIZERS_PARALLELISM=(true | false)
huggingface/tokenizers: The current process just got forked, after parallelism has already been used. Disabling parallelism to avoid deadlocks...
To disable this warning, you can either:
	- Avoid using `tokenizers` before the fork if possible
	- Explicitly set the environment variable TOKENIZERS_PARALLELISM=(true | false)
huggingface/tokenizers: The current process just got forked, after parallelism has already been used. Disabling parallelism to avoid deadlocks...
To disable this warning, you can either:
	- Avoid using `tokenizers` before the fork if possible
	- Explicitly set the environment variable TOKENIZERS_PARALLELISM=(true | false)
huggingface/tokenizers: The current process just got forked, after parallelism has already been used. Disabling parallelism to avoid deadlocks...
To disable this warning, you can either:
	- Avoid using `tokenizers` before the fork if possible
	- Explicitly set the environment variable TOKENIZERS_PARALLELISM=(true | false)
huggingface/tokenizers: The current process just got forked, after parallelism has already been used. Disabling parallelism to avoid deadlocks...
To disable this warning, you can either:
	- Avoid using `tokenizers` before the fork if possible
	- Explicitly set the environment variable TOKENIZERS_PARALLELISM=(true | false)
huggingface/tokenizers: The current process just got forked, after parallelism has already been used. Disabling parallelism to avoid deadlocks...
To disable this warning, you can either:
	- Avoid using `tokenizers` before the fork if possible
	- Explicitly set the environment variable TOKENIZERS_PARALLELISM=(true | false)
huggingface/tokenizers: The current process just got forked, after parallelism has already been used. Disabling parallelism to avoid deadlocks...
To disable this warning, you can either:
	- Avoid using `tokenizers` before the fork if possible
	- Explicitly set the environment variable TOKENIZERS_PARALLELISM=(true | false)
Epoch: [3]  [   0/5625]  eta: 7:20:27  lr: 0.000009  train_loss: 0.2323 (0.2323)  train_iou: 0.6851 (0.6851)  time: 4.6981  data: 3.6332  max mem: 24227
Epoch: [3]  [  20/5625]  eta: 1:07:16  lr: 0.000009  train_loss: 0.2071 (0.2687)  train_iou: 0.5945 (0.6443)  time: 0.5212  data: 0.0023  max mem: 24227
Epoch: [3]  [  40/5625]  eta: 0:57:16  lr: 0.000009  train_loss: 0.2441 (0.2868)  train_iou: 0.6556 (0.6404)  time: 0.5054  data: 0.0004  max mem: 24227
Epoch: [3]  [  60/5625]  eta: 0:53:38  lr: 0.000009  train_loss: 0.2566 (0.2902)  train_iou: 0.5996 (0.6313)  time: 0.5022  data: 0.0004  max mem: 24227
Epoch: [3]  [  80/5625]  eta: 0:51:42  lr: 0.000009  train_loss: 0.2304 (0.2881)  train_iou: 0.6881 (0.6430)  time: 0.5026  data: 0.0004  max mem: 24227
Epoch: [3]  [ 100/5625]  eta: 0:50:32  lr: 0.000009  train_loss: 0.2850 (0.2927)  train_iou: 0.5932 (0.6414)  time: 0.5051  data: 0.0004  max mem: 24227
Epoch: [3]  [ 120/5625]  eta: 0:49:41  lr: 0.000009  train_loss: 0.2748 (0.2888)  train_iou: 0.6647 (0.6463)  time: 0.5057  data: 0.0004  max mem: 24227
Epoch: [3]  [ 140/5625]  eta: 0:49:04  lr: 0.000009  train_loss: 0.3575 (0.3006)  train_iou: 0.5633 (0.6372)  time: 0.5079  data: 0.0011  max mem: 24227
Epoch: [3]  [ 160/5625]  eta: 0:48:35  lr: 0.000009  train_loss: 0.2854 (0.3030)  train_iou: 0.6681 (0.6411)  time: 0.5099  data: 0.0028  max mem: 24227
Epoch: [3]  [ 180/5625]  eta: 0:48:13  lr: 0.000009  train_loss: 0.1957 (0.3038)  train_iou: 0.6297 (0.6393)  time: 0.5148  data: 0.0010  max mem: 24227
Epoch: [3]  [ 200/5625]  eta: 0:47:51  lr: 0.000009  train_loss: 0.2609 (0.2997)  train_iou: 0.7017 (0.6443)  time: 0.5097  data: 0.0018  max mem: 24227
Epoch: [3]  [ 220/5625]  eta: 0:47:33  lr: 0.000009  train_loss: 0.2700 (0.2966)  train_iou: 0.6318 (0.6450)  time: 0.5141  data: 0.0008  max mem: 24227
Epoch: [3]  [ 240/5625]  eta: 0:47:15  lr: 0.000009  train_loss: 0.2859 (0.3013)  train_iou: 0.6554 (0.6473)  time: 0.5110  data: 0.0011  max mem: 24227
Epoch: [3]  [ 260/5625]  eta: 0:46:58  lr: 0.000009  train_loss: 0.2458 (0.2981)  train_iou: 0.6666 (0.6477)  time: 0.5124  data: 0.0016  max mem: 24227
Epoch: [3]  [ 280/5625]  eta: 0:46:42  lr: 0.000009  train_loss: 0.2160 (0.2931)  train_iou: 0.6732 (0.6498)  time: 0.5100  data: 0.0025  max mem: 24227
Epoch: [3]  [ 300/5625]  eta: 0:46:27  lr: 0.000009  train_loss: 0.2951 (0.2980)  train_iou: 0.6791 (0.6505)  time: 0.5113  data: 0.0014  max mem: 24227
Epoch: [3]  [ 320/5625]  eta: 0:46:13  lr: 0.000009  train_loss: 0.2240 (0.2958)  train_iou: 0.6201 (0.6519)  time: 0.5136  data: 0.0006  max mem: 24227
Epoch: [3]  [ 340/5625]  eta: 0:45:59  lr: 0.000009  train_loss: 0.2427 (0.2973)  train_iou: 0.6295 (0.6496)  time: 0.5121  data: 0.0007  max mem: 24227
Epoch: [3]  [ 360/5625]  eta: 0:45:46  lr: 0.000009  train_loss: 0.3252 (0.3011)  train_iou: 0.6419 (0.6492)  time: 0.5127  data: 0.0008  max mem: 24227
Epoch: [3]  [ 380/5625]  eta: 0:45:34  lr: 0.000009  train_loss: 0.2361 (0.3001)  train_iou: 0.6750 (0.6505)  time: 0.5146  data: 0.0009  max mem: 24227
Epoch: [3]  [ 400/5625]  eta: 0:45:21  lr: 0.000009  train_loss: 0.2385 (0.2985)  train_iou: 0.6669 (0.6505)  time: 0.5135  data: 0.0008  max mem: 24227
Epoch: [3]  [ 420/5625]  eta: 0:45:08  lr: 0.000009  train_loss: 0.2769 (0.2986)  train_iou: 0.6238 (0.6499)  time: 0.5082  data: 0.0017  max mem: 24227
Epoch: [3]  [ 440/5625]  eta: 0:44:56  lr: 0.000009  train_loss: 0.2268 (0.2981)  train_iou: 0.6741 (0.6507)  time: 0.5154  data: 0.0011  max mem: 24227
Epoch: [3]  [ 460/5625]  eta: 0:44:43  lr: 0.000009  train_loss: 0.2775 (0.2996)  train_iou: 0.6056 (0.6495)  time: 0.5097  data: 0.0008  max mem: 24227
Epoch: [3]  [ 480/5625]  eta: 0:44:33  lr: 0.000009  train_loss: 0.2578 (0.2987)  train_iou: 0.6393 (0.6503)  time: 0.5172  data: 0.0036  max mem: 24227
Epoch: [3]  [ 500/5625]  eta: 0:44:20  lr: 0.000009  train_loss: 0.3023 (0.3008)  train_iou: 0.6507 (0.6506)  time: 0.5087  data: 0.0038  max mem: 24227
Epoch: [3]  [ 520/5625]  eta: 0:44:06  lr: 0.000009  train_loss: 0.2659 (0.3008)  train_iou: 0.6500 (0.6509)  time: 0.5028  data: 0.0005  max mem: 24227
Epoch: [3]  [ 540/5625]  eta: 0:43:53  lr: 0.000009  train_loss: 0.3084 (0.3016)  train_iou: 0.6528 (0.6506)  time: 0.5046  data: 0.0004  max mem: 24227
Epoch: [3]  [ 560/5625]  eta: 0:43:40  lr: 0.000009  train_loss: 0.2697 (0.3011)  train_iou: 0.6477 (0.6499)  time: 0.5037  data: 0.0010  max mem: 24227
Epoch: [3]  [ 580/5625]  eta: 0:43:28  lr: 0.000009  train_loss: 0.2508 (0.3000)  train_iou: 0.6262 (0.6495)  time: 0.5045  data: 0.0004  max mem: 24227
Epoch: [3]  [ 600/5625]  eta: 0:43:15  lr: 0.000009  train_loss: 0.2675 (0.3000)  train_iou: 0.6370 (0.6491)  time: 0.5035  data: 0.0004  max mem: 24227
Epoch: [3]  [ 620/5625]  eta: 0:43:03  lr: 0.000009  train_loss: 0.3126 (0.3008)  train_iou: 0.6261 (0.6488)  time: 0.5030  data: 0.0004  max mem: 24227
Epoch: [3]  [ 640/5625]  eta: 0:42:51  lr: 0.000009  train_loss: 0.2018 (0.2987)  train_iou: 0.6826 (0.6501)  time: 0.5068  data: 0.0004  max mem: 24227
Epoch: [3]  [ 660/5625]  eta: 0:42:39  lr: 0.000009  train_loss: 0.2829 (0.2990)  train_iou: 0.6196 (0.6492)  time: 0.5028  data: 0.0004  max mem: 24227
Epoch: [3]  [ 680/5625]  eta: 0:42:27  lr: 0.000009  train_loss: 0.2716 (0.2995)  train_iou: 0.6149 (0.6488)  time: 0.5031  data: 0.0004  max mem: 24227
Epoch: [3]  [ 700/5625]  eta: 0:42:14  lr: 0.000009  train_loss: 0.3003 (0.2999)  train_iou: 0.6466 (0.6486)  time: 0.5023  data: 0.0004  max mem: 24227
Epoch: [3]  [ 720/5625]  eta: 0:42:02  lr: 0.000009  train_loss: 0.2344 (0.3004)  train_iou: 0.6682 (0.6487)  time: 0.5016  data: 0.0004  max mem: 24227
Epoch: [3]  [ 740/5625]  eta: 0:41:50  lr: 0.000009  train_loss: 0.3019 (0.3003)  train_iou: 0.6522 (0.6494)  time: 0.5017  data: 0.0004  max mem: 24227
Epoch: [3]  [ 760/5625]  eta: 0:41:39  lr: 0.000009  train_loss: 0.2609 (0.3012)  train_iou: 0.6815 (0.6492)  time: 0.5052  data: 0.0006  max mem: 24227
Epoch: [3]  [ 780/5625]  eta: 0:41:28  lr: 0.000009  train_loss: 0.2377 (0.3010)  train_iou: 0.6712 (0.6491)  time: 0.5045  data: 0.0004  max mem: 24227
Epoch: [3]  [ 800/5625]  eta: 0:41:15  lr: 0.000009  train_loss: 0.2787 (0.3029)  train_iou: 0.6731 (0.6491)  time: 0.4974  data: 0.0004  max mem: 24227
Epoch: [3]  [ 820/5625]  eta: 0:41:04  lr: 0.000009  train_loss: 0.2723 (0.3030)  train_iou: 0.6318 (0.6493)  time: 0.5028  data: 0.0004  max mem: 24227
Epoch: [3]  [ 840/5625]  eta: 0:40:53  lr: 0.000009  train_loss: 0.3172 (0.3038)  train_iou: 0.6257 (0.6490)  time: 0.5052  data: 0.0004  max mem: 24227
Epoch: [3]  [ 860/5625]  eta: 0:40:41  lr: 0.000009  train_loss: 0.2682 (0.3037)  train_iou: 0.6445 (0.6489)  time: 0.5028  data: 0.0004  max mem: 24227
Epoch: [3]  [ 880/5625]  eta: 0:40:30  lr: 0.000009  train_loss: 0.2726 (0.3037)  train_iou: 0.6092 (0.6483)  time: 0.5056  data: 0.0004  max mem: 24227
Epoch: [3]  [ 900/5625]  eta: 0:40:19  lr: 0.000009  train_loss: 0.2876 (0.3039)  train_iou: 0.6538 (0.6490)  time: 0.5053  data: 0.0004  max mem: 24227
Epoch: [3]  [ 920/5625]  eta: 0:40:08  lr: 0.000009  train_loss: 0.1846 (0.3020)  train_iou: 0.6741 (0.6501)  time: 0.5046  data: 0.0004  max mem: 24227
Epoch: [3]  [ 940/5625]  eta: 0:39:57  lr: 0.000009  train_loss: 0.2679 (0.3013)  train_iou: 0.6094 (0.6491)  time: 0.5017  data: 0.0004  max mem: 24227
Epoch: [3]  [ 960/5625]  eta: 0:39:46  lr: 0.000009  train_loss: 0.2565 (0.3008)  train_iou: 0.6743 (0.6494)  time: 0.5012  data: 0.0004  max mem: 24227
Epoch: [3]  [ 980/5625]  eta: 0:39:35  lr: 0.000009  train_loss: 0.1894 (0.2990)  train_iou: 0.6694 (0.6498)  time: 0.5002  data: 0.0004  max mem: 24227
Epoch: [3]  [1000/5625]  eta: 0:39:24  lr: 0.000009  train_loss: 0.2836 (0.2993)  train_iou: 0.6526 (0.6496)  time: 0.5027  data: 0.0004  max mem: 24227
Epoch: [3]  [1020/5625]  eta: 0:39:13  lr: 0.000009  train_loss: 0.2763 (0.2998)  train_iou: 0.6476 (0.6490)  time: 0.5050  data: 0.0004  max mem: 24227
Epoch: [3]  [1040/5625]  eta: 0:39:02  lr: 0.000009  train_loss: 0.2617 (0.3006)  train_iou: 0.5891 (0.6483)  time: 0.5078  data: 0.0004  max mem: 24227
Epoch: [3]  [1060/5625]  eta: 0:38:51  lr: 0.000009  train_loss: 0.2906 (0.3011)  train_iou: 0.6340 (0.6482)  time: 0.5020  data: 0.0004  max mem: 24227
Epoch: [3]  [1080/5625]  eta: 0:38:40  lr: 0.000009  train_loss: 0.3132 (0.3021)  train_iou: 0.5971 (0.6475)  time: 0.5033  data: 0.0004  max mem: 24227
Epoch: [3]  [1100/5625]  eta: 0:38:30  lr: 0.000009  train_loss: 0.2690 (0.3019)  train_iou: 0.6383 (0.6474)  time: 0.5030  data: 0.0004  max mem: 24227
Epoch: [3]  [1120/5625]  eta: 0:38:19  lr: 0.000009  train_loss: 0.2685 (0.3027)  train_iou: 0.6643 (0.6469)  time: 0.5025  data: 0.0004  max mem: 24227
Epoch: [3]  [1140/5625]  eta: 0:38:08  lr: 0.000009  train_loss: 0.2714 (0.3021)  train_iou: 0.6728 (0.6470)  time: 0.5014  data: 0.0004  max mem: 24227
Epoch: [3]  [1160/5625]  eta: 0:37:57  lr: 0.000009  train_loss: 0.3206 (0.3020)  train_iou: 0.7190 (0.6476)  time: 0.5071  data: 0.0004  max mem: 24227
Epoch: [3]  [1180/5625]  eta: 0:37:47  lr: 0.000009  train_loss: 0.3139 (0.3024)  train_iou: 0.6438 (0.6477)  time: 0.5067  data: 0.0004  max mem: 24227
Epoch: [3]  [1200/5625]  eta: 0:37:36  lr: 0.000009  train_loss: 0.2616 (0.3019)  train_iou: 0.6612 (0.6479)  time: 0.5014  data: 0.0004  max mem: 24227
Epoch: [3]  [1220/5625]  eta: 0:37:26  lr: 0.000009  train_loss: 0.3343 (0.3025)  train_iou: 0.5883 (0.6472)  time: 0.5057  data: 0.0004  max mem: 24227
Epoch: [3]  [1240/5625]  eta: 0:37:15  lr: 0.000009  train_loss: 0.2733 (0.3028)  train_iou: 0.5942 (0.6466)  time: 0.5025  data: 0.0004  max mem: 24227
Epoch: [3]  [1260/5625]  eta: 0:37:04  lr: 0.000009  train_loss: 0.3118 (0.3033)  train_iou: 0.6142 (0.6461)  time: 0.5044  data: 0.0004  max mem: 24227
Epoch: [3]  [1280/5625]  eta: 0:36:54  lr: 0.000009  train_loss: 0.1925 (0.3023)  train_iou: 0.6242 (0.6461)  time: 0.5041  data: 0.0004  max mem: 24227
Epoch: [3]  [1300/5625]  eta: 0:36:43  lr: 0.000009  train_loss: 0.3180 (0.3021)  train_iou: 0.6128 (0.6461)  time: 0.5035  data: 0.0004  max mem: 24227
Epoch: [3]  [1320/5625]  eta: 0:36:33  lr: 0.000009  train_loss: 0.3381 (0.3026)  train_iou: 0.6390 (0.6464)  time: 0.5049  data: 0.0004  max mem: 24227
Epoch: [3]  [1340/5625]  eta: 0:36:22  lr: 0.000009  train_loss: 0.2894 (0.3027)  train_iou: 0.6881 (0.6467)  time: 0.5042  data: 0.0004  max mem: 24227
Epoch: [3]  [1360/5625]  eta: 0:36:12  lr: 0.000009  train_loss: 0.2275 (0.3020)  train_iou: 0.6379 (0.6464)  time: 0.5047  data: 0.0004  max mem: 24227
Epoch: [3]  [1380/5625]  eta: 0:36:01  lr: 0.000009  train_loss: 0.3109 (0.3027)  train_iou: 0.6552 (0.6463)  time: 0.5004  data: 0.0004  max mem: 24227
Epoch: [3]  [1400/5625]  eta: 0:35:50  lr: 0.000009  train_loss: 0.2943 (0.3029)  train_iou: 0.6332 (0.6461)  time: 0.5046  data: 0.0004  max mem: 24227
Epoch: [3]  [1420/5625]  eta: 0:35:40  lr: 0.000009  train_loss: 0.2042 (0.3028)  train_iou: 0.6601 (0.6465)  time: 0.5028  data: 0.0004  max mem: 24227
Epoch: [3]  [1440/5625]  eta: 0:35:29  lr: 0.000009  train_loss: 0.2530 (0.3033)  train_iou: 0.6614 (0.6467)  time: 0.5025  data: 0.0004  max mem: 24227
Epoch: [3]  [1460/5625]  eta: 0:35:19  lr: 0.000009  train_loss: 0.3287 (0.3045)  train_iou: 0.6630 (0.6468)  time: 0.5022  data: 0.0004  max mem: 24227
Epoch: [3]  [1480/5625]  eta: 0:35:08  lr: 0.000009  train_loss: 0.3011 (0.3048)  train_iou: 0.6160 (0.6464)  time: 0.5034  data: 0.0004  max mem: 24227
Epoch: [3]  [1500/5625]  eta: 0:34:58  lr: 0.000009  train_loss: 0.3191 (0.3048)  train_iou: 0.6339 (0.6464)  time: 0.5046  data: 0.0004  max mem: 24227
Epoch: [3]  [1520/5625]  eta: 0:34:47  lr: 0.000009  train_loss: 0.2857 (0.3047)  train_iou: 0.7048 (0.6465)  time: 0.5028  data: 0.0004  max mem: 24227
Epoch: [3]  [1540/5625]  eta: 0:34:37  lr: 0.000009  train_loss: 0.2283 (0.3041)  train_iou: 0.5991 (0.6464)  time: 0.5022  data: 0.0004  max mem: 24227
Epoch: [3]  [1560/5625]  eta: 0:34:26  lr: 0.000009  train_loss: 0.2711 (0.3049)  train_iou: 0.6362 (0.6460)  time: 0.5031  data: 0.0004  max mem: 24227
Epoch: [3]  [1580/5625]  eta: 0:34:16  lr: 0.000009  train_loss: 0.2543 (0.3043)  train_iou: 0.6743 (0.6463)  time: 0.5064  data: 0.0004  max mem: 24227
Epoch: [3]  [1600/5625]  eta: 0:34:06  lr: 0.000009  train_loss: 0.2113 (0.3044)  train_iou: 0.6787 (0.6468)  time: 0.5052  data: 0.0014  max mem: 24227
Epoch: [3]  [1620/5625]  eta: 0:33:55  lr: 0.000009  train_loss: 0.2629 (0.3042)  train_iou: 0.6497 (0.6466)  time: 0.5027  data: 0.0004  max mem: 24227
Epoch: [3]  [1640/5625]  eta: 0:33:45  lr: 0.000009  train_loss: 0.2786 (0.3040)  train_iou: 0.6514 (0.6467)  time: 0.5037  data: 0.0004  max mem: 24227
Epoch: [3]  [1660/5625]  eta: 0:33:35  lr: 0.000009  train_loss: 0.3433 (0.3045)  train_iou: 0.6040 (0.6465)  time: 0.5041  data: 0.0004  max mem: 24227
Epoch: [3]  [1680/5625]  eta: 0:33:24  lr: 0.000009  train_loss: 0.3100 (0.3045)  train_iou: 0.6894 (0.6465)  time: 0.5026  data: 0.0004  max mem: 24227
Epoch: [3]  [1700/5625]  eta: 0:33:14  lr: 0.000009  train_loss: 0.3293 (0.3050)  train_iou: 0.6878 (0.6467)  time: 0.5061  data: 0.0004  max mem: 24227
Epoch: [3]  [1720/5625]  eta: 0:33:04  lr: 0.000009  train_loss: 0.2228 (0.3045)  train_iou: 0.6909 (0.6472)  time: 0.5025  data: 0.0004  max mem: 24227
Epoch: [3]  [1740/5625]  eta: 0:32:53  lr: 0.000009  train_loss: 0.2310 (0.3042)  train_iou: 0.6006 (0.6467)  time: 0.5093  data: 0.0004  max mem: 24227
Epoch: [3]  [1760/5625]  eta: 0:32:43  lr: 0.000009  train_loss: 0.2182 (0.3039)  train_iou: 0.6448 (0.6467)  time: 0.5065  data: 0.0004  max mem: 24227
Epoch: [3]  [1780/5625]  eta: 0:32:33  lr: 0.000009  train_loss: 0.2429 (0.3040)  train_iou: 0.7132 (0.6471)  time: 0.5076  data: 0.0004  max mem: 24227
Epoch: [3]  [1800/5625]  eta: 0:32:23  lr: 0.000009  train_loss: 0.2645 (0.3039)  train_iou: 0.6221 (0.6469)  time: 0.5008  data: 0.0004  max mem: 24227
Epoch: [3]  [1820/5625]  eta: 0:32:12  lr: 0.000009  train_loss: 0.3042 (0.3041)  train_iou: 0.5534 (0.6464)  time: 0.5025  data: 0.0004  max mem: 24227
Epoch: [3]  [1840/5625]  eta: 0:32:02  lr: 0.000009  train_loss: 0.1935 (0.3034)  train_iou: 0.6145 (0.6456)  time: 0.5081  data: 0.0013  max mem: 24227
Epoch: [3]  [1860/5625]  eta: 0:31:52  lr: 0.000009  train_loss: 0.3009 (0.3034)  train_iou: 0.6715 (0.6460)  time: 0.5043  data: 0.0004  max mem: 24227
Epoch: [3]  [1880/5625]  eta: 0:31:41  lr: 0.000009  train_loss: 0.3250 (0.3035)  train_iou: 0.6753 (0.6460)  time: 0.5017  data: 0.0005  max mem: 24227
Epoch: [3]  [1900/5625]  eta: 0:31:31  lr: 0.000009  train_loss: 0.3124 (0.3034)  train_iou: 0.6506 (0.6460)  time: 0.5032  data: 0.0004  max mem: 24227
Epoch: [3]  [1920/5625]  eta: 0:31:21  lr: 0.000009  train_loss: 0.2848 (0.3034)  train_iou: 0.6129 (0.6452)  time: 0.5051  data: 0.0004  max mem: 24227
Epoch: [3]  [1940/5625]  eta: 0:31:10  lr: 0.000009  train_loss: 0.2243 (0.3028)  train_iou: 0.6878 (0.6459)  time: 0.5025  data: 0.0004  max mem: 24227
Epoch: [3]  [1960/5625]  eta: 0:31:00  lr: 0.000009  train_loss: 0.3217 (0.3032)  train_iou: 0.5975 (0.6456)  time: 0.5047  data: 0.0004  max mem: 24227
Epoch: [3]  [1980/5625]  eta: 0:30:50  lr: 0.000009  train_loss: 0.3409 (0.3034)  train_iou: 0.6503 (0.6455)  time: 0.5044  data: 0.0004  max mem: 24227
Epoch: [3]  [2000/5625]  eta: 0:30:39  lr: 0.000009  train_loss: 0.2827 (0.3036)  train_iou: 0.6397 (0.6456)  time: 0.5037  data: 0.0004  max mem: 24227
Epoch: [3]  [2020/5625]  eta: 0:30:29  lr: 0.000009  train_loss: 0.2980 (0.3035)  train_iou: 0.6251 (0.6452)  time: 0.5075  data: 0.0004  max mem: 24227
Epoch: [3]  [2040/5625]  eta: 0:30:19  lr: 0.000009  train_loss: 0.2519 (0.3034)  train_iou: 0.6312 (0.6450)  time: 0.5023  data: 0.0004  max mem: 24227
Epoch: [3]  [2060/5625]  eta: 0:30:09  lr: 0.000009  train_loss: 0.2532 (0.3033)  train_iou: 0.6356 (0.6448)  time: 0.5027  data: 0.0004  max mem: 24227
Epoch: [3]  [2080/5625]  eta: 0:29:59  lr: 0.000009  train_loss: 0.2846 (0.3035)  train_iou: 0.6972 (0.6452)  time: 0.5066  data: 0.0004  max mem: 24227
Epoch: [3]  [2100/5625]  eta: 0:29:48  lr: 0.000009  train_loss: 0.2913 (0.3036)  train_iou: 0.6142 (0.6451)  time: 0.5020  data: 0.0004  max mem: 24227
Epoch: [3]  [2120/5625]  eta: 0:29:38  lr: 0.000009  train_loss: 0.2516 (0.3033)  train_iou: 0.6167 (0.6452)  time: 0.5043  data: 0.0004  max mem: 24227
Epoch: [3]  [2140/5625]  eta: 0:29:28  lr: 0.000009  train_loss: 0.2273 (0.3033)  train_iou: 0.6474 (0.6450)  time: 0.5047  data: 0.0004  max mem: 24227
Epoch: [3]  [2160/5625]  eta: 0:29:17  lr: 0.000009  train_loss: 0.2943 (0.3038)  train_iou: 0.5985 (0.6444)  time: 0.5031  data: 0.0004  max mem: 24227
Epoch: [3]  [2180/5625]  eta: 0:29:07  lr: 0.000009  train_loss: 0.2066 (0.3034)  train_iou: 0.6489 (0.6447)  time: 0.5063  data: 0.0004  max mem: 24227
Epoch: [3]  [2200/5625]  eta: 0:28:57  lr: 0.000009  train_loss: 0.3043 (0.3037)  train_iou: 0.5873 (0.6443)  time: 0.5060  data: 0.0004  max mem: 24227
Epoch: [3]  [2220/5625]  eta: 0:28:47  lr: 0.000009  train_loss: 0.2965 (0.3041)  train_iou: 0.5840 (0.6442)  time: 0.5032  data: 0.0004  max mem: 24227
Epoch: [3]  [2240/5625]  eta: 0:28:36  lr: 0.000009  train_loss: 0.2641 (0.3041)  train_iou: 0.6671 (0.6443)  time: 0.5025  data: 0.0004  max mem: 24227
Epoch: [3]  [2260/5625]  eta: 0:28:26  lr: 0.000009  train_loss: 0.2971 (0.3041)  train_iou: 0.6188 (0.6445)  time: 0.5026  data: 0.0004  max mem: 24227
Epoch: [3]  [2280/5625]  eta: 0:28:16  lr: 0.000009  train_loss: 0.2820 (0.3042)  train_iou: 0.6271 (0.6444)  time: 0.5065  data: 0.0004  max mem: 24227
Epoch: [3]  [2300/5625]  eta: 0:28:06  lr: 0.000009  train_loss: 0.3061 (0.3047)  train_iou: 0.6125 (0.6440)  time: 0.5038  data: 0.0004  max mem: 24227
Epoch: [3]  [2320/5625]  eta: 0:27:56  lr: 0.000009  train_loss: 0.2825 (0.3048)  train_iou: 0.6560 (0.6441)  time: 0.5072  data: 0.0004  max mem: 24227
Epoch: [3]  [2340/5625]  eta: 0:27:45  lr: 0.000009  train_loss: 0.2294 (0.3046)  train_iou: 0.6597 (0.6442)  time: 0.5064  data: 0.0004  max mem: 24227
Epoch: [3]  [2360/5625]  eta: 0:27:35  lr: 0.000009  train_loss: 0.2649 (0.3047)  train_iou: 0.6212 (0.6442)  time: 0.5045  data: 0.0004  max mem: 24227
Epoch: [3]  [2380/5625]  eta: 0:27:25  lr: 0.000009  train_loss: 0.2244 (0.3040)  train_iou: 0.6783 (0.6445)  time: 0.5022  data: 0.0004  max mem: 24227
Epoch: [3]  [2400/5625]  eta: 0:27:15  lr: 0.000009  train_loss: 0.3138 (0.3043)  train_iou: 0.6784 (0.6446)  time: 0.5029  data: 0.0006  max mem: 24227
Epoch: [3]  [2420/5625]  eta: 0:27:05  lr: 0.000009  train_loss: 0.2578 (0.3039)  train_iou: 0.6692 (0.6447)  time: 0.5059  data: 0.0007  max mem: 24227
Epoch: [3]  [2440/5625]  eta: 0:26:54  lr: 0.000009  train_loss: 0.2408 (0.3036)  train_iou: 0.7147 (0.6452)  time: 0.5090  data: 0.0004  max mem: 24227
Epoch: [3]  [2460/5625]  eta: 0:26:44  lr: 0.000009  train_loss: 0.3061 (0.3037)  train_iou: 0.6719 (0.6453)  time: 0.5105  data: 0.0023  max mem: 24227
Epoch: [3]  [2480/5625]  eta: 0:26:34  lr: 0.000009  train_loss: 0.3068 (0.3036)  train_iou: 0.6344 (0.6451)  time: 0.5044  data: 0.0006  max mem: 24227
Epoch: [3]  [2500/5625]  eta: 0:26:24  lr: 0.000009  train_loss: 0.2091 (0.3032)  train_iou: 0.6744 (0.6453)  time: 0.5127  data: 0.0007  max mem: 24227
Epoch: [3]  [2520/5625]  eta: 0:26:14  lr: 0.000009  train_loss: 0.2850 (0.3033)  train_iou: 0.5695 (0.6450)  time: 0.5129  data: 0.0018  max mem: 24227
Epoch: [3]  [2540/5625]  eta: 0:26:04  lr: 0.000009  train_loss: 0.2954 (0.3034)  train_iou: 0.6614 (0.6449)  time: 0.5027  data: 0.0004  max mem: 24227
Epoch: [3]  [2560/5625]  eta: 0:25:54  lr: 0.000009  train_loss: 0.2753 (0.3040)  train_iou: 0.6485 (0.6451)  time: 0.5066  data: 0.0006  max mem: 24227
Epoch: [3]  [2580/5625]  eta: 0:25:44  lr: 0.000009  train_loss: 0.2000 (0.3036)  train_iou: 0.6057 (0.6452)  time: 0.5099  data: 0.0006  max mem: 24227
Epoch: [3]  [2600/5625]  eta: 0:25:34  lr: 0.000009  train_loss: 0.2440 (0.3035)  train_iou: 0.6553 (0.6453)  time: 0.5126  data: 0.0042  max mem: 24227
Epoch: [3]  [2620/5625]  eta: 0:25:24  lr: 0.000009  train_loss: 0.2609 (0.3034)  train_iou: 0.6423 (0.6453)  time: 0.5090  data: 0.0017  max mem: 24227
Epoch: [3]  [2640/5625]  eta: 0:25:13  lr: 0.000009  train_loss: 0.2741 (0.3033)  train_iou: 0.6576 (0.6452)  time: 0.5053  data: 0.0004  max mem: 24227
Epoch: [3]  [2660/5625]  eta: 0:25:03  lr: 0.000009  train_loss: 0.2661 (0.3032)  train_iou: 0.6196 (0.6451)  time: 0.5069  data: 0.0021  max mem: 24227
Epoch: [3]  [2680/5625]  eta: 0:24:53  lr: 0.000009  train_loss: 0.2376 (0.3029)  train_iou: 0.6795 (0.6454)  time: 0.5029  data: 0.0015  max mem: 24227
Epoch: [3]  [2700/5625]  eta: 0:24:43  lr: 0.000009  train_loss: 0.2567 (0.3029)  train_iou: 0.7057 (0.6456)  time: 0.5063  data: 0.0014  max mem: 24227
Epoch: [3]  [2720/5625]  eta: 0:24:33  lr: 0.000009  train_loss: 0.3183 (0.3032)  train_iou: 0.6223 (0.6455)  time: 0.5064  data: 0.0004  max mem: 24227
Epoch: [3]  [2740/5625]  eta: 0:24:23  lr: 0.000009  train_loss: 0.1995 (0.3028)  train_iou: 0.5935 (0.6453)  time: 0.5062  data: 0.0004  max mem: 24227
Epoch: [3]  [2760/5625]  eta: 0:24:12  lr: 0.000009  train_loss: 0.3043 (0.3032)  train_iou: 0.6073 (0.6450)  time: 0.5023  data: 0.0004  max mem: 24227
Epoch: [3]  [2780/5625]  eta: 0:24:02  lr: 0.000009  train_loss: 0.3251 (0.3035)  train_iou: 0.6526 (0.6450)  time: 0.5049  data: 0.0004  max mem: 24227
Epoch: [3]  [2800/5625]  eta: 0:23:52  lr: 0.000009  train_loss: 0.2706 (0.3035)  train_iou: 0.6538 (0.6451)  time: 0.5001  data: 0.0004  max mem: 24227
Epoch: [3]  [2820/5625]  eta: 0:23:42  lr: 0.000009  train_loss: 0.2730 (0.3033)  train_iou: 0.6300 (0.6451)  time: 0.5030  data: 0.0004  max mem: 24227
Epoch: [3]  [2840/5625]  eta: 0:23:31  lr: 0.000009  train_loss: 0.3184 (0.3037)  train_iou: 0.6375 (0.6450)  time: 0.5032  data: 0.0004  max mem: 24227
Epoch: [3]  [2860/5625]  eta: 0:23:21  lr: 0.000009  train_loss: 0.2038 (0.3034)  train_iou: 0.6668 (0.6453)  time: 0.5027  data: 0.0004  max mem: 24227
Epoch: [3]  [2880/5625]  eta: 0:23:11  lr: 0.000009  train_loss: 0.2543 (0.3031)  train_iou: 0.6532 (0.6454)  time: 0.5048  data: 0.0015  max mem: 24227
Epoch: [3]  [2900/5625]  eta: 0:23:01  lr: 0.000009  train_loss: 0.2563 (0.3033)  train_iou: 0.6544 (0.6454)  time: 0.5056  data: 0.0004  max mem: 24227
Epoch: [3]  [2920/5625]  eta: 0:22:51  lr: 0.000009  train_loss: 0.2617 (0.3034)  train_iou: 0.6482 (0.6453)  time: 0.5019  data: 0.0004  max mem: 24227
Epoch: [3]  [2940/5625]  eta: 0:22:40  lr: 0.000009  train_loss: 0.2438 (0.3034)  train_iou: 0.6756 (0.6455)  time: 0.5017  data: 0.0004  max mem: 24227
Epoch: [3]  [2960/5625]  eta: 0:22:30  lr: 0.000009  train_loss: 0.2226 (0.3031)  train_iou: 0.6736 (0.6456)  time: 0.5065  data: 0.0004  max mem: 24227
Epoch: [3]  [2980/5625]  eta: 0:22:20  lr: 0.000009  train_loss: 0.3294 (0.3035)  train_iou: 0.6497 (0.6455)  time: 0.5051  data: 0.0004  max mem: 24227
Epoch: [3]  [3000/5625]  eta: 0:22:10  lr: 0.000009  train_loss: 0.2313 (0.3031)  train_iou: 0.6985 (0.6456)  time: 0.5025  data: 0.0004  max mem: 24227
Epoch: [3]  [3020/5625]  eta: 0:22:00  lr: 0.000009  train_loss: 0.2235 (0.3032)  train_iou: 0.6333 (0.6455)  time: 0.5038  data: 0.0014  max mem: 24227
Epoch: [3]  [3040/5625]  eta: 0:21:49  lr: 0.000009  train_loss: 0.1919 (0.3030)  train_iou: 0.6777 (0.6456)  time: 0.5026  data: 0.0004  max mem: 24227
Epoch: [3]  [3060/5625]  eta: 0:21:39  lr: 0.000009  train_loss: 0.2252 (0.3026)  train_iou: 0.7159 (0.6460)  time: 0.5041  data: 0.0004  max mem: 24227
Epoch: [3]  [3080/5625]  eta: 0:21:29  lr: 0.000009  train_loss: 0.1944 (0.3022)  train_iou: 0.6717 (0.6462)  time: 0.5062  data: 0.0004  max mem: 24227
Epoch: [3]  [3100/5625]  eta: 0:21:19  lr: 0.000009  train_loss: 0.2796 (0.3025)  train_iou: 0.6709 (0.6462)  time: 0.5059  data: 0.0004  max mem: 24227
Epoch: [3]  [3120/5625]  eta: 0:21:09  lr: 0.000009  train_loss: 0.2309 (0.3023)  train_iou: 0.6834 (0.6464)  time: 0.5008  data: 0.0004  max mem: 24227
Epoch: [3]  [3140/5625]  eta: 0:20:59  lr: 0.000009  train_loss: 0.1941 (0.3019)  train_iou: 0.6160 (0.6465)  time: 0.5036  data: 0.0004  max mem: 24227
Epoch: [3]  [3160/5625]  eta: 0:20:48  lr: 0.000009  train_loss: 0.2784 (0.3022)  train_iou: 0.6579 (0.6465)  time: 0.5050  data: 0.0014  max mem: 24227
Epoch: [3]  [3180/5625]  eta: 0:20:38  lr: 0.000009  train_loss: 0.2889 (0.3022)  train_iou: 0.6149 (0.6464)  time: 0.5038  data: 0.0004  max mem: 24227
Epoch: [3]  [3200/5625]  eta: 0:20:28  lr: 0.000009  train_loss: 0.2325 (0.3021)  train_iou: 0.6117 (0.6465)  time: 0.5027  data: 0.0004  max mem: 24227
Epoch: [3]  [3220/5625]  eta: 0:20:18  lr: 0.000009  train_loss: 0.2376 (0.3019)  train_iou: 0.6700 (0.6466)  time: 0.5052  data: 0.0004  max mem: 24227
Epoch: [3]  [3240/5625]  eta: 0:20:08  lr: 0.000009  train_loss: 0.2273 (0.3020)  train_iou: 0.6637 (0.6467)  time: 0.5040  data: 0.0004  max mem: 24227
Epoch: [3]  [3260/5625]  eta: 0:19:58  lr: 0.000009  train_loss: 0.2466 (0.3022)  train_iou: 0.6803 (0.6469)  time: 0.5027  data: 0.0004  max mem: 24227
Epoch: [3]  [3280/5625]  eta: 0:19:47  lr: 0.000009  train_loss: 0.2895 (0.3023)  train_iou: 0.6619 (0.6468)  time: 0.5050  data: 0.0004  max mem: 24227
Epoch: [3]  [3300/5625]  eta: 0:19:37  lr: 0.000009  train_loss: 0.2475 (0.3025)  train_iou: 0.6398 (0.6468)  time: 0.5066  data: 0.0004  max mem: 24227
Epoch: [3]  [3320/5625]  eta: 0:19:27  lr: 0.000009  train_loss: 0.2426 (0.3023)  train_iou: 0.7429 (0.6471)  time: 0.5031  data: 0.0004  max mem: 24227
Epoch: [3]  [3340/5625]  eta: 0:19:17  lr: 0.000009  train_loss: 0.2608 (0.3024)  train_iou: 0.6777 (0.6474)  time: 0.5027  data: 0.0004  max mem: 24227
Epoch: [3]  [3360/5625]  eta: 0:19:07  lr: 0.000009  train_loss: 0.3264 (0.3028)  train_iou: 0.5969 (0.6472)  time: 0.5049  data: 0.0004  max mem: 24227
Epoch: [3]  [3380/5625]  eta: 0:18:57  lr: 0.000009  train_loss: 0.2552 (0.3028)  train_iou: 0.6619 (0.6473)  time: 0.5041  data: 0.0004  max mem: 24227
Epoch: [3]  [3400/5625]  eta: 0:18:46  lr: 0.000009  train_loss: 0.2360 (0.3027)  train_iou: 0.6659 (0.6473)  time: 0.5048  data: 0.0004  max mem: 24227
Epoch: [3]  [3420/5625]  eta: 0:18:36  lr: 0.000009  train_loss: 0.2347 (0.3026)  train_iou: 0.6517 (0.6473)  time: 0.5038  data: 0.0004  max mem: 24227
Epoch: [3]  [3440/5625]  eta: 0:18:26  lr: 0.000009  train_loss: 0.2636 (0.3028)  train_iou: 0.6442 (0.6474)  time: 0.5062  data: 0.0004  max mem: 24227
Epoch: [3]  [3460/5625]  eta: 0:18:16  lr: 0.000009  train_loss: 0.2977 (0.3028)  train_iou: 0.6114 (0.6473)  time: 0.5017  data: 0.0004  max mem: 24227
Epoch: [3]  [3480/5625]  eta: 0:18:06  lr: 0.000009  train_loss: 0.2879 (0.3029)  train_iou: 0.6490 (0.6473)  time: 0.5041  data: 0.0004  max mem: 24227
Epoch: [3]  [3500/5625]  eta: 0:17:56  lr: 0.000009  train_loss: 0.2973 (0.3028)  train_iou: 0.5761 (0.6470)  time: 0.5046  data: 0.0004  max mem: 24227
Epoch: [3]  [3520/5625]  eta: 0:17:45  lr: 0.000009  train_loss: 0.2423 (0.3027)  train_iou: 0.6369 (0.6471)  time: 0.5013  data: 0.0004  max mem: 24227
Epoch: [3]  [3540/5625]  eta: 0:17:35  lr: 0.000009  train_loss: 0.2448 (0.3026)  train_iou: 0.6681 (0.6472)  time: 0.5030  data: 0.0004  max mem: 24227
Epoch: [3]  [3560/5625]  eta: 0:17:25  lr: 0.000009  train_loss: 0.2020 (0.3025)  train_iou: 0.6429 (0.6472)  time: 0.5043  data: 0.0006  max mem: 24227
Epoch: [3]  [3580/5625]  eta: 0:17:15  lr: 0.000009  train_loss: 0.2677 (0.3025)  train_iou: 0.6139 (0.6471)  time: 0.5062  data: 0.0014  max mem: 24227
Epoch: [3]  [3600/5625]  eta: 0:17:05  lr: 0.000009  train_loss: 0.3003 (0.3027)  train_iou: 0.6564 (0.6472)  time: 0.5045  data: 0.0004  max mem: 24227
Epoch: [3]  [3620/5625]  eta: 0:16:55  lr: 0.000009  train_loss: 0.2347 (0.3026)  train_iou: 0.6685 (0.6472)  time: 0.5019  data: 0.0004  max mem: 24227
Epoch: [3]  [3640/5625]  eta: 0:16:45  lr: 0.000009  train_loss: 0.2575 (0.3024)  train_iou: 0.6674 (0.6472)  time: 0.5061  data: 0.0004  max mem: 24227
Epoch: [3]  [3660/5625]  eta: 0:16:34  lr: 0.000009  train_loss: 0.3230 (0.3025)  train_iou: 0.6743 (0.6472)  time: 0.5068  data: 0.0004  max mem: 24227
Epoch: [3]  [3680/5625]  eta: 0:16:24  lr: 0.000009  train_loss: 0.2696 (0.3025)  train_iou: 0.6145 (0.6471)  time: 0.5065  data: 0.0004  max mem: 24227
Epoch: [3]  [3700/5625]  eta: 0:16:14  lr: 0.000009  train_loss: 0.2744 (0.3024)  train_iou: 0.6059 (0.6468)  time: 0.5065  data: 0.0004  max mem: 24227
Epoch: [3]  [3720/5625]  eta: 0:16:04  lr: 0.000009  train_loss: 0.2463 (0.3024)  train_iou: 0.6866 (0.6470)  time: 0.5027  data: 0.0004  max mem: 24227
Epoch: [3]  [3740/5625]  eta: 0:15:54  lr: 0.000009  train_loss: 0.2393 (0.3022)  train_iou: 0.6587 (0.6470)  time: 0.5051  data: 0.0004  max mem: 24227
Epoch: [3]  [3760/5625]  eta: 0:15:44  lr: 0.000009  train_loss: 0.2611 (0.3021)  train_iou: 0.5970 (0.6470)  time: 0.5034  data: 0.0004  max mem: 24227
Epoch: [3]  [3780/5625]  eta: 0:15:34  lr: 0.000009  train_loss: 0.2342 (0.3018)  train_iou: 0.6914 (0.6473)  time: 0.5045  data: 0.0004  max mem: 24227
Epoch: [3]  [3800/5625]  eta: 0:15:23  lr: 0.000009  train_loss: 0.2531 (0.3019)  train_iou: 0.6709 (0.6472)  time: 0.5035  data: 0.0004  max mem: 24227
Epoch: [3]  [3820/5625]  eta: 0:15:13  lr: 0.000009  train_loss: 0.2929 (0.3018)  train_iou: 0.6540 (0.6474)  time: 0.5051  data: 0.0004  max mem: 24227
Epoch: [3]  [3840/5625]  eta: 0:15:03  lr: 0.000009  train_loss: 0.3002 (0.3020)  train_iou: 0.5673 (0.6470)  time: 0.5076  data: 0.0004  max mem: 24227
Epoch: [3]  [3860/5625]  eta: 0:14:53  lr: 0.000009  train_loss: 0.2793 (0.3020)  train_iou: 0.6261 (0.6469)  time: 0.5042  data: 0.0004  max mem: 24227
Epoch: [3]  [3880/5625]  eta: 0:14:43  lr: 0.000009  train_loss: 0.2132 (0.3018)  train_iou: 0.5800 (0.6467)  time: 0.5053  data: 0.0004  max mem: 24227
Epoch: [3]  [3900/5625]  eta: 0:14:33  lr: 0.000009  train_loss: 0.2906 (0.3019)  train_iou: 0.6573 (0.6467)  time: 0.5069  data: 0.0004  max mem: 24227
Epoch: [3]  [3920/5625]  eta: 0:14:23  lr: 0.000009  train_loss: 0.1903 (0.3015)  train_iou: 0.6274 (0.6468)  time: 0.5061  data: 0.0004  max mem: 24227
Epoch: [3]  [3940/5625]  eta: 0:14:13  lr: 0.000009  train_loss: 0.2443 (0.3015)  train_iou: 0.6955 (0.6468)  time: 0.5045  data: 0.0004  max mem: 24227
Epoch: [3]  [3960/5625]  eta: 0:14:02  lr: 0.000009  train_loss: 0.3394 (0.3018)  train_iou: 0.7042 (0.6470)  time: 0.5049  data: 0.0005  max mem: 24227
Epoch: [3]  [3980/5625]  eta: 0:13:52  lr: 0.000009  train_loss: 0.1833 (0.3019)  train_iou: 0.7188 (0.6472)  time: 0.5012  data: 0.0004  max mem: 24227
Epoch: [3]  [4000/5625]  eta: 0:13:42  lr: 0.000009  train_loss: 0.2090 (0.3017)  train_iou: 0.6720 (0.6474)  time: 0.5048  data: 0.0004  max mem: 24227
Epoch: [3]  [4020/5625]  eta: 0:13:32  lr: 0.000009  train_loss: 0.2706 (0.3018)  train_iou: 0.7120 (0.6475)  time: 0.5084  data: 0.0004  max mem: 24227
Epoch: [3]  [4040/5625]  eta: 0:13:22  lr: 0.000009  train_loss: 0.3247 (0.3023)  train_iou: 0.6130 (0.6473)  time: 0.5105  data: 0.0004  max mem: 24227
Epoch: [3]  [4060/5625]  eta: 0:13:12  lr: 0.000009  train_loss: 0.2455 (0.3022)  train_iou: 0.6558 (0.6473)  time: 0.5023  data: 0.0004  max mem: 24227
Epoch: [3]  [4080/5625]  eta: 0:13:02  lr: 0.000009  train_loss: 0.2686 (0.3024)  train_iou: 0.6524 (0.6473)  time: 0.5081  data: 0.0004  max mem: 24227
Epoch: [3]  [4100/5625]  eta: 0:12:51  lr: 0.000009  train_loss: 0.2369 (0.3021)  train_iou: 0.6931 (0.6475)  time: 0.5087  data: 0.0004  max mem: 24227
Epoch: [3]  [4120/5625]  eta: 0:12:41  lr: 0.000009  train_loss: 0.2766 (0.3021)  train_iou: 0.5985 (0.6475)  time: 0.5064  data: 0.0004  max mem: 24227
Epoch: [3]  [4140/5625]  eta: 0:12:31  lr: 0.000009  train_loss: 0.2764 (0.3020)  train_iou: 0.6642 (0.6476)  time: 0.5054  data: 0.0004  max mem: 24227
Epoch: [3]  [4160/5625]  eta: 0:12:21  lr: 0.000009  train_loss: 0.2674 (0.3021)  train_iou: 0.6288 (0.6475)  time: 0.5090  data: 0.0004  max mem: 24227
Epoch: [3]  [4180/5625]  eta: 0:12:11  lr: 0.000009  train_loss: 0.1770 (0.3019)  train_iou: 0.6459 (0.6476)  time: 0.5060  data: 0.0004  max mem: 24227
Epoch: [3]  [4200/5625]  eta: 0:12:01  lr: 0.000009  train_loss: 0.1669 (0.3017)  train_iou: 0.6532 (0.6476)  time: 0.5029  data: 0.0004  max mem: 24227
Epoch: [3]  [4220/5625]  eta: 0:11:51  lr: 0.000009  train_loss: 0.2906 (0.3019)  train_iou: 0.6258 (0.6475)  time: 0.5097  data: 0.0004  max mem: 24227
Epoch: [3]  [4240/5625]  eta: 0:11:41  lr: 0.000009  train_loss: 0.2765 (0.3019)  train_iou: 0.6436 (0.6475)  time: 0.5059  data: 0.0004  max mem: 24227
Epoch: [3]  [4260/5625]  eta: 0:11:31  lr: 0.000009  train_loss: 0.1594 (0.3017)  train_iou: 0.6700 (0.6476)  time: 0.5059  data: 0.0004  max mem: 24227
Epoch: [3]  [4280/5625]  eta: 0:11:20  lr: 0.000009  train_loss: 0.2574 (0.3018)  train_iou: 0.6148 (0.6477)  time: 0.5092  data: 0.0004  max mem: 24227
Epoch: [3]  [4300/5625]  eta: 0:11:10  lr: 0.000009  train_loss: 0.3566 (0.3019)  train_iou: 0.6438 (0.6476)  time: 0.5048  data: 0.0004  max mem: 24227
Epoch: [3]  [4320/5625]  eta: 0:11:00  lr: 0.000009  train_loss: 0.2941 (0.3018)  train_iou: 0.6918 (0.6477)  time: 0.5027  data: 0.0004  max mem: 24227
Epoch: [3]  [4340/5625]  eta: 0:10:50  lr: 0.000009  train_loss: 0.2309 (0.3017)  train_iou: 0.6561 (0.6477)  time: 0.5054  data: 0.0004  max mem: 24227
Epoch: [3]  [4360/5625]  eta: 0:10:40  lr: 0.000009  train_loss: 0.2343 (0.3016)  train_iou: 0.6788 (0.6479)  time: 0.5046  data: 0.0012  max mem: 24227
Epoch: [3]  [4380/5625]  eta: 0:10:30  lr: 0.000009  train_loss: 0.2056 (0.3014)  train_iou: 0.6553 (0.6481)  time: 0.5058  data: 0.0004  max mem: 24227
Epoch: [3]  [4400/5625]  eta: 0:10:20  lr: 0.000009  train_loss: 0.2824 (0.3015)  train_iou: 0.6626 (0.6481)  time: 0.5097  data: 0.0019  max mem: 24227
Epoch: [3]  [4420/5625]  eta: 0:10:10  lr: 0.000009  train_loss: 0.2000 (0.3014)  train_iou: 0.7345 (0.6482)  time: 0.5081  data: 0.0004  max mem: 24227
Epoch: [3]  [4440/5625]  eta: 0:09:59  lr: 0.000009  train_loss: 0.2846 (0.3015)  train_iou: 0.6412 (0.6481)  time: 0.5063  data: 0.0004  max mem: 24227
Epoch: [3]  [4460/5625]  eta: 0:09:49  lr: 0.000009  train_loss: 0.2704 (0.3016)  train_iou: 0.6911 (0.6482)  time: 0.5089  data: 0.0004  max mem: 24227
Epoch: [3]  [4480/5625]  eta: 0:09:39  lr: 0.000009  train_loss: 0.2109 (0.3015)  train_iou: 0.6790 (0.6482)  time: 0.5043  data: 0.0004  max mem: 24227
Epoch: [3]  [4500/5625]  eta: 0:09:29  lr: 0.000009  train_loss: 0.2466 (0.3015)  train_iou: 0.5684 (0.6481)  time: 0.5026  data: 0.0004  max mem: 24227
Epoch: [3]  [4520/5625]  eta: 0:09:19  lr: 0.000009  train_loss: 0.2050 (0.3014)  train_iou: 0.6803 (0.6482)  time: 0.5053  data: 0.0004  max mem: 24227
Epoch: [3]  [4540/5625]  eta: 0:09:09  lr: 0.000009  train_loss: 0.2451 (0.3015)  train_iou: 0.6374 (0.6482)  time: 0.5072  data: 0.0004  max mem: 24227
Epoch: [3]  [4560/5625]  eta: 0:08:59  lr: 0.000009  train_loss: 0.2358 (0.3014)  train_iou: 0.6161 (0.6482)  time: 0.5076  data: 0.0004  max mem: 24227
Epoch: [3]  [4580/5625]  eta: 0:08:49  lr: 0.000009  train_loss: 0.3159 (0.3014)  train_iou: 0.5710 (0.6480)  time: 0.5045  data: 0.0004  max mem: 24227
Epoch: [3]  [4600/5625]  eta: 0:08:38  lr: 0.000009  train_loss: 0.2019 (0.3011)  train_iou: 0.6711 (0.6480)  time: 0.5066  data: 0.0004  max mem: 24227
Epoch: [3]  [4620/5625]  eta: 0:08:28  lr: 0.000009  train_loss: 0.2301 (0.3012)  train_iou: 0.6843 (0.6481)  time: 0.5042  data: 0.0004  max mem: 24227
Epoch: [3]  [4640/5625]  eta: 0:08:18  lr: 0.000009  train_loss: 0.2119 (0.3013)  train_iou: 0.6592 (0.6481)  time: 0.5039  data: 0.0004  max mem: 24227
Epoch: [3]  [4660/5625]  eta: 0:08:08  lr: 0.000009  train_loss: 0.3028 (0.3012)  train_iou: 0.6411 (0.6481)  time: 0.5056  data: 0.0004  max mem: 24227
Epoch: [3]  [4680/5625]  eta: 0:07:58  lr: 0.000009  train_loss: 0.2404 (0.3012)  train_iou: 0.6240 (0.6480)  time: 0.5072  data: 0.0004  max mem: 24227
Epoch: [3]  [4700/5625]  eta: 0:07:48  lr: 0.000009  train_loss: 0.2654 (0.3012)  train_iou: 0.5760 (0.6477)  time: 0.5064  data: 0.0004  max mem: 24227
Epoch: [3]  [4720/5625]  eta: 0:07:38  lr: 0.000009  train_loss: 0.3224 (0.3014)  train_iou: 0.6374 (0.6477)  time: 0.5123  data: 0.0004  max mem: 24227
Epoch: [3]  [4740/5625]  eta: 0:07:28  lr: 0.000009  train_loss: 0.2837 (0.3014)  train_iou: 0.6362 (0.6476)  time: 0.5092  data: 0.0004  max mem: 24227
Epoch: [3]  [4760/5625]  eta: 0:07:17  lr: 0.000009  train_loss: 0.2922 (0.3015)  train_iou: 0.6303 (0.6475)  time: 0.5106  data: 0.0004  max mem: 24227
Epoch: [3]  [4780/5625]  eta: 0:07:07  lr: 0.000009  train_loss: 0.2903 (0.3015)  train_iou: 0.6474 (0.6477)  time: 0.5053  data: 0.0004  max mem: 24227
Epoch: [3]  [4800/5625]  eta: 0:06:57  lr: 0.000009  train_loss: 0.2544 (0.3015)  train_iou: 0.6662 (0.6478)  time: 0.5020  data: 0.0004  max mem: 24227
Epoch: [3]  [4820/5625]  eta: 0:06:47  lr: 0.000009  train_loss: 0.2415 (0.3018)  train_iou: 0.7017 (0.6480)  time: 0.5045  data: 0.0004  max mem: 24227
Epoch: [3]  [4840/5625]  eta: 0:06:37  lr: 0.000009  train_loss: 0.2541 (0.3017)  train_iou: 0.6406 (0.6479)  time: 0.4999  data: 0.0004  max mem: 24227
Epoch: [3]  [4860/5625]  eta: 0:06:27  lr: 0.000009  train_loss: 0.2602 (0.3016)  train_iou: 0.6121 (0.6478)  time: 0.5038  data: 0.0004  max mem: 24227
Epoch: [3]  [4880/5625]  eta: 0:06:17  lr: 0.000009  train_loss: 0.2817 (0.3014)  train_iou: 0.6930 (0.6479)  time: 0.5073  data: 0.0004  max mem: 24227
Epoch: [3]  [4900/5625]  eta: 0:06:06  lr: 0.000009  train_loss: 0.3092 (0.3015)  train_iou: 0.6223 (0.6478)  time: 0.5044  data: 0.0004  max mem: 24227
Epoch: [3]  [4920/5625]  eta: 0:05:56  lr: 0.000009  train_loss: 0.2651 (0.3015)  train_iou: 0.6270 (0.6479)  time: 0.5036  data: 0.0004  max mem: 24227
Epoch: [3]  [4940/5625]  eta: 0:05:46  lr: 0.000009  train_loss: 0.2624 (0.3015)  train_iou: 0.6640 (0.6479)  time: 0.5035  data: 0.0004  max mem: 24227
Epoch: [3]  [4960/5625]  eta: 0:05:36  lr: 0.000009  train_loss: 0.4139 (0.3020)  train_iou: 0.5755 (0.6476)  time: 0.5058  data: 0.0004  max mem: 24227
Epoch: [3]  [4980/5625]  eta: 0:05:26  lr: 0.000009  train_loss: 0.2680 (0.3019)  train_iou: 0.6540 (0.6477)  time: 0.5058  data: 0.0004  max mem: 24227
Epoch: [3]  [5000/5625]  eta: 0:05:16  lr: 0.000009  train_loss: 0.1816 (0.3017)  train_iou: 0.6786 (0.6479)  time: 0.5076  data: 0.0004  max mem: 24227
Epoch: [3]  [5020/5625]  eta: 0:05:06  lr: 0.000009  train_loss: 0.2511 (0.3016)  train_iou: 0.7352 (0.6481)  time: 0.5045  data: 0.0004  max mem: 24227
Epoch: [3]  [5040/5625]  eta: 0:04:56  lr: 0.000009  train_loss: 0.2604 (0.3016)  train_iou: 0.6525 (0.6481)  time: 0.5078  data: 0.0004  max mem: 24227
Epoch: [3]  [5060/5625]  eta: 0:04:45  lr: 0.000009  train_loss: 0.2595 (0.3017)  train_iou: 0.6525 (0.6481)  time: 0.5013  data: 0.0004  max mem: 24227
Epoch: [3]  [5080/5625]  eta: 0:04:35  lr: 0.000009  train_loss: 0.3322 (0.3020)  train_iou: 0.6214 (0.6481)  time: 0.5012  data: 0.0004  max mem: 24227
Epoch: [3]  [5100/5625]  eta: 0:04:25  lr: 0.000009  train_loss: 0.2836 (0.3022)  train_iou: 0.6232 (0.6481)  time: 0.5033  data: 0.0004  max mem: 24227
Epoch: [3]  [5120/5625]  eta: 0:04:15  lr: 0.000009  train_loss: 0.3181 (0.3023)  train_iou: 0.5710 (0.6478)  time: 0.5040  data: 0.0004  max mem: 24227
Epoch: [3]  [5140/5625]  eta: 0:04:05  lr: 0.000009  train_loss: 0.2376 (0.3021)  train_iou: 0.6206 (0.6477)  time: 0.5040  data: 0.0004  max mem: 24227
Epoch: [3]  [5160/5625]  eta: 0:03:55  lr: 0.000009  train_loss: 0.2671 (0.3021)  train_iou: 0.6126 (0.6477)  time: 0.5071  data: 0.0004  max mem: 24227
Epoch: [3]  [5180/5625]  eta: 0:03:45  lr: 0.000009  train_loss: 0.3134 (0.3022)  train_iou: 0.6381 (0.6477)  time: 0.5036  data: 0.0004  max mem: 24227
Epoch: [3]  [5200/5625]  eta: 0:03:35  lr: 0.000009  train_loss: 0.3208 (0.3023)  train_iou: 0.6342 (0.6477)  time: 0.5037  data: 0.0004  max mem: 24227
Epoch: [3]  [5220/5625]  eta: 0:03:24  lr: 0.000009  train_loss: 0.2661 (0.3023)  train_iou: 0.6571 (0.6476)  time: 0.5053  data: 0.0004  max mem: 24227
Epoch: [3]  [5240/5625]  eta: 0:03:14  lr: 0.000009  train_loss: 0.2884 (0.3023)  train_iou: 0.6500 (0.6475)  time: 0.5037  data: 0.0004  max mem: 24227
Epoch: [3]  [5260/5625]  eta: 0:03:04  lr: 0.000009  train_loss: 0.2086 (0.3021)  train_iou: 0.6776 (0.6476)  time: 0.5028  data: 0.0004  max mem: 24227
Epoch: [3]  [5280/5625]  eta: 0:02:54  lr: 0.000009  train_loss: 0.2974 (0.3022)  train_iou: 0.6602 (0.6477)  time: 0.5033  data: 0.0005  max mem: 24227
Epoch: [3]  [5300/5625]  eta: 0:02:44  lr: 0.000009  train_loss: 0.2523 (0.3022)  train_iou: 0.6281 (0.6477)  time: 0.5075  data: 0.0004  max mem: 24227
Epoch: [3]  [5320/5625]  eta: 0:02:34  lr: 0.000009  train_loss: 0.1956 (0.3021)  train_iou: 0.6483 (0.6478)  time: 0.5055  data: 0.0004  max mem: 24227
Epoch: [3]  [5340/5625]  eta: 0:02:24  lr: 0.000009  train_loss: 0.2527 (0.3022)  train_iou: 0.6079 (0.6478)  time: 0.5055  data: 0.0004  max mem: 24227
Epoch: [3]  [5360/5625]  eta: 0:02:14  lr: 0.000009  train_loss: 0.2645 (0.3023)  train_iou: 0.6223 (0.6477)  time: 0.5039  data: 0.0004  max mem: 24227
Epoch: [3]  [5380/5625]  eta: 0:02:03  lr: 0.000009  train_loss: 0.2506 (0.3023)  train_iou: 0.6553 (0.6477)  time: 0.5013  data: 0.0004  max mem: 24227
Epoch: [3]  [5400/5625]  eta: 0:01:53  lr: 0.000009  train_loss: 0.2631 (0.3023)  train_iou: 0.6779 (0.6479)  time: 0.5046  data: 0.0006  max mem: 24227
Epoch: [3]  [5420/5625]  eta: 0:01:43  lr: 0.000009  train_loss: 0.2091 (0.3025)  train_iou: 0.6790 (0.6479)  time: 0.5081  data: 0.0004  max mem: 24227
Epoch: [3]  [5440/5625]  eta: 0:01:33  lr: 0.000009  train_loss: 0.3239 (0.3025)  train_iou: 0.6109 (0.6480)  time: 0.5082  data: 0.0004  max mem: 24227
Epoch: [3]  [5460/5625]  eta: 0:01:23  lr: 0.000009  train_loss: 0.1932 (0.3023)  train_iou: 0.7149 (0.6482)  time: 0.5017  data: 0.0004  max mem: 24227
Epoch: [3]  [5480/5625]  eta: 0:01:13  lr: 0.000009  train_loss: 0.1803 (0.3020)  train_iou: 0.6788 (0.6483)  time: 0.5056  data: 0.0004  max mem: 24227
Epoch: [3]  [5500/5625]  eta: 0:01:03  lr: 0.000009  train_loss: 0.2592 (0.3020)  train_iou: 0.6429 (0.6483)  time: 0.5030  data: 0.0004  max mem: 24227
Epoch: [3]  [5520/5625]  eta: 0:00:53  lr: 0.000009  train_loss: 0.2274 (0.3018)  train_iou: 0.6870 (0.6485)  time: 0.5079  data: 0.0004  max mem: 24227
Epoch: [3]  [5540/5625]  eta: 0:00:43  lr: 0.000009  train_loss: 0.2259 (0.3018)  train_iou: 0.7130 (0.6486)  time: 0.5036  data: 0.0004  max mem: 24227
Epoch: [3]  [5560/5625]  eta: 0:00:32  lr: 0.000009  train_loss: 0.3225 (0.3019)  train_iou: 0.6258 (0.6486)  time: 0.5050  data: 0.0004  max mem: 24227
Epoch: [3]  [5580/5625]  eta: 0:00:22  lr: 0.000009  train_loss: 0.2806 (0.3020)  train_iou: 0.6488 (0.6485)  time: 0.5018  data: 0.0004  max mem: 24227
Epoch: [3]  [5600/5625]  eta: 0:00:12  lr: 0.000009  train_loss: 0.3230 (0.3021)  train_iou: 0.6233 (0.6485)  time: 0.5054  data: 0.0004  max mem: 24227
Epoch: [3]  [5620/5625]  eta: 0:00:02  lr: 0.000009  train_loss: 0.2408 (0.3021)  train_iou: 0.6767 (0.6486)  time: 0.4865  data: 0.0002  max mem: 24227
Epoch: [3]  [5624/5625]  eta: 0:00:00  lr: 0.000009  train_loss: 0.2436 (0.3022)  train_iou: 0.6715 (0.6486)  time: 0.4804  data: 0.0002  max mem: 24227
Epoch: [3] Total time: 0:47:26 (0.5061 s / it)
Averaged stats: lr: 0.000009  train_loss: 0.2436 (0.3022)  train_iou: 0.6715 (0.6486)
huggingface/tokenizers: The current process just got forked, after parallelism has already been used. Disabling parallelism to avoid deadlocks...
To disable this warning, you can either:
	- Avoid using `tokenizers` before the fork if possible
	- Explicitly set the environment variable TOKENIZERS_PARALLELISM=(true | false)
huggingface/tokenizers: The current process just got forked, after parallelism has already been used. Disabling parallelism to avoid deadlocks...
To disable this warning, you can either:
	- Avoid using `tokenizers` before the fork if possible
	- Explicitly set the environment variable TOKENIZERS_PARALLELISM=(true | false)
huggingface/tokenizers: The current process just got forked, after parallelism has already been used. Disabling parallelism to avoid deadlocks...
To disable this warning, you can either:
	- Avoid using `tokenizers` before the fork if possible
	- Explicitly set the environment variable TOKENIZERS_PARALLELISM=(true | false)
huggingface/tokenizers: The current process just got forked, after parallelism has already been used. Disabling parallelism to avoid deadlocks...
To disable this warning, you can either:
	- Avoid using `tokenizers` before the fork if possible
	- Explicitly set the environment variable TOKENIZERS_PARALLELISM=(true | false)
huggingface/tokenizers: The current process just got forked, after parallelism has already been used. Disabling parallelism to avoid deadlocks...
To disable this warning, you can either:
	- Avoid using `tokenizers` before the fork if possible
	- Explicitly set the environment variable TOKENIZERS_PARALLELISM=(true | false)
huggingface/tokenizers: The current process just got forked, after parallelism has already been used. Disabling parallelism to avoid deadlocks...
To disable this warning, you can either:
	- Avoid using `tokenizers` before the fork if possible
	- Explicitly set the environment variable TOKENIZERS_PARALLELISM=(true | false)
huggingface/tokenizers: The current process just got forked, after parallelism has already been used. Disabling parallelism to avoid deadlocks...
To disable this warning, you can either:
	- Avoid using `tokenizers` before the fork if possible
	- Explicitly set the environment variable TOKENIZERS_PARALLELISM=(true | false)
huggingface/tokenizers: The current process just got forked, after parallelism has already been used. Disabling parallelism to avoid deadlocks...
To disable this warning, you can either:
	- Avoid using `tokenizers` before the fork if possible
	- Explicitly set the environment variable TOKENIZERS_PARALLELISM=(true | false)
Test:  [   0/4000]  eta: 1:52:05  inter: 32881.0000 (32881.0000)  union: 34934.0000 (34934.0000)  iou: 0.9412 (0.9412)  time: 1.6813  data: 1.4123  max mem: 24227
Test:  [  50/4000]  eta: 0:10:13  inter: 17842.0000 (26154.9375)  union: 52509.0000 (45613.2344)  iou: 0.4764 (0.5670)  time: 0.1299  data: 0.0004  max mem: 24227
Test:  [ 100/4000]  eta: 0:09:25  inter: 24701.0000 (28121.1397)  union: 47398.0000 (45182.3162)  iou: 0.6604 (0.6063)  time: 0.1284  data: 0.0004  max mem: 24227
Test:  [ 150/4000]  eta: 0:09:07  inter: 17809.0000 (27037.2201)  union: 30256.0000 (42259.0096)  iou: 0.8374 (0.6319)  time: 0.1428  data: 0.0004  max mem: 24227
Test:  [ 200/4000]  eta: 0:08:44  inter: 33063.0000 (27506.5897)  union: 37936.0000 (41582.6923)  iou: 0.9307 (0.6459)  time: 0.1234  data: 0.0004  max mem: 24227
Test:  [ 250/4000]  eta: 0:08:22  inter: 15323.0000 (29269.1958)  union: 33138.0000 (43397.7771)  iou: 0.4744 (0.6389)  time: 0.1138  data: 0.0004  max mem: 24227
Test:  [ 300/4000]  eta: 0:08:15  inter: 19942.0000 (28592.2630)  union: 24279.0000 (42976.6824)  iou: 0.8114 (0.6304)  time: 0.1353  data: 0.0004  max mem: 24227
Test:  [ 350/4000]  eta: 0:08:15  inter: 8960.0000 (27507.0868)  union: 32038.0000 (42696.2831)  iou: 0.4892 (0.6173)  time: 0.1487  data: 0.0004  max mem: 24227
Test:  [ 400/4000]  eta: 0:08:10  inter: 30300.0000 (27011.3768)  union: 35658.0000 (42482.8339)  iou: 0.6761 (0.6152)  time: 0.1211  data: 0.0004  max mem: 24227
Test:  [ 450/4000]  eta: 0:08:01  inter: 19038.0000 (26871.9810)  union: 30225.0000 (42476.2413)  iou: 0.5992 (0.6142)  time: 0.1531  data: 0.0004  max mem: 24227
Test:  [ 500/4000]  eta: 0:07:52  inter: 17205.0000 (27487.0860)  union: 28180.0000 (43234.5946)  iou: 0.6923 (0.6136)  time: 0.1211  data: 0.0004  max mem: 24227
Test:  [ 550/4000]  eta: 0:07:48  inter: 23495.0000 (27412.5938)  union: 27738.0000 (42927.2172)  iou: 0.8156 (0.6181)  time: 0.1445  data: 0.0004  max mem: 24227
Test:  [ 600/4000]  eta: 0:07:40  inter: 10093.0000 (27318.7112)  union: 29865.0000 (42728.3905)  iou: 0.7872 (0.6157)  time: 0.1352  data: 0.0004  max mem: 24227
Test:  [ 650/4000]  eta: 0:07:29  inter: 29902.0000 (27860.2619)  union: 42415.0000 (43157.5083)  iou: 0.7851 (0.6149)  time: 0.1183  data: 0.0004  max mem: 24227
Test:  [ 700/4000]  eta: 0:07:21  inter: 13668.0000 (27402.3388)  union: 28724.0000 (42851.4302)  iou: 0.3313 (0.6079)  time: 0.1243  data: 0.0004  max mem: 24227
Test:  [ 750/4000]  eta: 0:07:16  inter: 26785.0000 (27451.2502)  union: 29646.0000 (42844.6127)  iou: 0.8134 (0.6112)  time: 0.1518  data: 0.0004  max mem: 24227
Test:  [ 800/4000]  eta: 0:07:09  inter: 12214.0000 (27154.4554)  union: 46112.0000 (42332.4839)  iou: 0.6852 (0.6107)  time: 0.1414  data: 0.0004  max mem: 24227
Test:  [ 850/4000]  eta: 0:07:03  inter: 21513.0000 (27182.4343)  union: 39595.0000 (42408.5766)  iou: 0.8106 (0.6117)  time: 0.1188  data: 0.0004  max mem: 24227
Test:  [ 900/4000]  eta: 0:06:56  inter: 10982.0000 (27305.2632)  union: 27420.0000 (42603.8893)  iou: 0.6609 (0.6085)  time: 0.1167  data: 0.0004  max mem: 24227
Test:  [ 950/4000]  eta: 0:06:48  inter: 24784.0000 (27503.7434)  union: 30539.0000 (42590.5806)  iou: 0.8274 (0.6088)  time: 0.1340  data: 0.0004  max mem: 24227
Test:  [1000/4000]  eta: 0:06:41  inter: 22465.0000 (27718.0649)  union: 36320.0000 (42783.1354)  iou: 0.7563 (0.6108)  time: 0.1201  data: 0.0004  max mem: 24227
Test:  [1050/4000]  eta: 0:06:34  inter: 24581.0000 (27733.8075)  union: 37271.0000 (42774.7925)  iou: 0.6655 (0.6102)  time: 0.1338  data: 0.0004  max mem: 24227
Test:  [1100/4000]  eta: 0:06:26  inter: 22544.0000 (27588.0208)  union: 29113.0000 (42513.8997)  iou: 0.7193 (0.6097)  time: 0.1312  data: 0.0004  max mem: 24227
Test:  [1150/4000]  eta: 0:06:21  inter: 9713.0000 (27682.3381)  union: 23551.0000 (42332.6396)  iou: 0.5554 (0.6113)  time: 0.1444  data: 0.0004  max mem: 24227
Test:  [1200/4000]  eta: 0:06:14  inter: 9735.0000 (27676.6730)  union: 28627.0000 (42566.9376)  iou: 0.7973 (0.6079)  time: 0.1329  data: 0.0004  max mem: 24227
Test:  [1250/4000]  eta: 0:06:08  inter: 617.0000 (27358.8643)  union: 32390.0000 (42316.4532)  iou: 0.0145 (0.6047)  time: 0.1478  data: 0.0004  max mem: 24227
Test:  [1300/4000]  eta: 0:06:01  inter: 23493.0000 (27128.1376)  union: 37387.0000 (42154.6062)  iou: 0.6977 (0.6052)  time: 0.1349  data: 0.0004  max mem: 24227
Test:  [1350/4000]  eta: 0:05:54  inter: 25138.0000 (27181.4832)  union: 33502.0000 (42146.8305)  iou: 0.7989 (0.6060)  time: 0.1292  data: 0.0004  max mem: 24227
Test:  [1400/4000]  eta: 0:05:48  inter: 9813.0000 (27260.5334)  union: 20334.0000 (42352.9474)  iou: 0.7256 (0.6033)  time: 0.1360  data: 0.0004  max mem: 24227
Test:  [1450/4000]  eta: 0:05:41  inter: 16316.0000 (27200.5154)  union: 46416.0000 (42233.4313)  iou: 0.5391 (0.6026)  time: 0.1276  data: 0.0004  max mem: 24227
Test:  [1500/4000]  eta: 0:05:34  inter: 16732.0000 (27259.0771)  union: 57530.0000 (42416.8496)  iou: 0.4578 (0.6005)  time: 0.1278  data: 0.0004  max mem: 24227
Test:  [1550/4000]  eta: 0:05:28  inter: 11721.0000 (27126.5689)  union: 28415.0000 (42347.0132)  iou: 0.8568 (0.6010)  time: 0.1510  data: 0.0004  max mem: 24227
Test:  [1600/4000]  eta: 0:05:22  inter: 12176.0000 (27014.6443)  union: 25258.0000 (42260.4156)  iou: 0.7622 (0.5984)  time: 0.1512  data: 0.0004  max mem: 24227
Test:  [1650/4000]  eta: 0:05:14  inter: 15998.0000 (26994.5214)  union: 33103.0000 (42263.6063)  iou: 0.4727 (0.5979)  time: 0.1287  data: 0.0004  max mem: 24227
Test:  [1700/4000]  eta: 0:05:07  inter: 16862.0000 (26977.5503)  union: 36140.0000 (42354.3004)  iou: 0.8168 (0.5965)  time: 0.1287  data: 0.0004  max mem: 24227
Test:  [1750/4000]  eta: 0:05:00  inter: 24075.0000 (26935.6771)  union: 32518.0000 (42271.3400)  iou: 0.7723 (0.5964)  time: 0.1474  data: 0.0004  max mem: 24227
Test:  [1800/4000]  eta: 0:04:54  inter: 24150.0000 (26806.5155)  union: 42723.0000 (42194.5328)  iou: 0.4787 (0.5953)  time: 0.1476  data: 0.0004  max mem: 24227
Test:  [1850/4000]  eta: 0:04:47  inter: 10958.0000 (26751.5536)  union: 34050.0000 (42275.8927)  iou: 0.2990 (0.5932)  time: 0.1354  data: 0.0004  max mem: 24227
Test:  [1900/4000]  eta: 0:04:41  inter: 36762.0000 (26681.9076)  union: 55487.0000 (42198.2952)  iou: 0.6420 (0.5941)  time: 0.1354  data: 0.0004  max mem: 24227
Test:  [1950/4000]  eta: 0:04:34  inter: 11472.0000 (26645.6454)  union: 16491.0000 (42148.7342)  iou: 0.6925 (0.5943)  time: 0.1317  data: 0.0004  max mem: 24227
Test:  [2000/4000]  eta: 0:04:27  inter: 15510.0000 (26669.5202)  union: 22040.0000 (42097.8006)  iou: 0.7744 (0.5952)  time: 0.1164  data: 0.0004  max mem: 24227
Test:  [2050/4000]  eta: 0:04:21  inter: 8138.0000 (26604.6737)  union: 56204.0000 (42223.5031)  iou: 0.3378 (0.5936)  time: 0.1629  data: 0.0004  max mem: 24227
Test:  [2100/4000]  eta: 0:04:14  inter: 20540.0000 (26576.1210)  union: 31757.0000 (42173.8055)  iou: 0.8284 (0.5940)  time: 0.1177  data: 0.0004  max mem: 24227
Test:  [2150/4000]  eta: 0:04:06  inter: 24097.0000 (26594.6213)  union: 30364.0000 (42223.2110)  iou: 0.7892 (0.5938)  time: 0.1222  data: 0.0004  max mem: 24227
Test:  [2200/4000]  eta: 0:04:00  inter: 13843.0000 (26569.2624)  union: 27260.0000 (42173.1908)  iou: 0.4546 (0.5937)  time: 0.1374  data: 0.0004  max mem: 24227
Test:  [2250/4000]  eta: 0:03:53  inter: 19177.0000 (26433.0252)  union: 37963.0000 (42044.3792)  iou: 0.6792 (0.5923)  time: 0.1207  data: 0.0004  max mem: 24227
Test:  [2300/4000]  eta: 0:03:47  inter: 26556.0000 (26504.1507)  union: 37191.0000 (41994.5193)  iou: 0.6433 (0.5944)  time: 0.1351  data: 0.0004  max mem: 24227
Test:  [2350/4000]  eta: 0:03:40  inter: 18992.0000 (26440.4107)  union: 51194.0000 (41960.3978)  iou: 0.7184 (0.5945)  time: 0.1456  data: 0.0004  max mem: 24227
Test:  [2400/4000]  eta: 0:03:33  inter: 10598.0000 (26463.0852)  union: 36557.0000 (41931.4478)  iou: 0.4433 (0.5947)  time: 0.1443  data: 0.0004  max mem: 24227
Test:  [2450/4000]  eta: 0:03:27  inter: 29021.0000 (26544.8939)  union: 32378.0000 (41961.2038)  iou: 0.8963 (0.5962)  time: 0.1111  data: 0.0004  max mem: 24227
Test:  [2500/4000]  eta: 0:03:19  inter: 29169.0000 (26540.6562)  union: 41272.0000 (41949.1436)  iou: 0.8405 (0.5963)  time: 0.1139  data: 0.0004  max mem: 24227
Test:  [2550/4000]  eta: 0:03:13  inter: 29267.0000 (26661.5113)  union: 36396.0000 (42121.0175)  iou: 0.7242 (0.5966)  time: 0.1491  data: 0.0004  max mem: 24227
Test:  [2600/4000]  eta: 0:03:06  inter: 11107.0000 (26579.8708)  union: 34238.0000 (42093.4503)  iou: 0.5486 (0.5949)  time: 0.1386  data: 0.0004  max mem: 24227
Test:  [2650/4000]  eta: 0:02:59  inter: 16764.0000 (26611.5137)  union: 34239.0000 (42316.5008)  iou: 0.8195 (0.5941)  time: 0.1362  data: 0.0004  max mem: 24227
Test:  [2700/4000]  eta: 0:02:53  inter: 26384.0000 (26721.8530)  union: 30444.0000 (42383.4102)  iou: 0.8510 (0.5955)  time: 0.1272  data: 0.0004  max mem: 24227
Test:  [2750/4000]  eta: 0:02:46  inter: 20011.0000 (26770.2207)  union: 32030.0000 (42529.7989)  iou: 0.8175 (0.5945)  time: 0.1247  data: 0.0004  max mem: 24227
Test:  [2800/4000]  eta: 0:02:39  inter: 14095.0000 (26722.1898)  union: 25909.0000 (42408.5444)  iou: 0.8408 (0.5946)  time: 0.1292  data: 0.0004  max mem: 24227
Test:  [2850/4000]  eta: 0:02:33  inter: 12321.0000 (26831.5603)  union: 32820.0000 (42486.6224)  iou: 0.4299 (0.5938)  time: 0.1252  data: 0.0004  max mem: 24227
Test:  [2900/4000]  eta: 0:02:26  inter: 17476.0000 (26845.8928)  union: 26585.0000 (42569.6028)  iou: 0.8986 (0.5926)  time: 0.1193  data: 0.0004  max mem: 24227
Test:  [2950/4000]  eta: 0:02:20  inter: 22041.0000 (26868.7053)  union: 26197.0000 (42618.1654)  iou: 0.5388 (0.5926)  time: 0.1191  data: 0.0004  max mem: 24227
Test:  [3000/4000]  eta: 0:02:13  inter: 20381.0000 (26834.9541)  union: 32684.0000 (42585.7284)  iou: 0.7045 (0.5921)  time: 0.1469  data: 0.0004  max mem: 24227
Test:  [3050/4000]  eta: 0:02:06  inter: 13202.0000 (26811.7378)  union: 29962.0000 (42654.3035)  iou: 0.4499 (0.5918)  time: 0.1284  data: 0.0004  max mem: 24227
Test:  [3100/4000]  eta: 0:02:00  inter: 22671.0000 (26804.8551)  union: 41998.0000 (42632.6878)  iou: 0.5251 (0.5922)  time: 0.1316  data: 0.0004  max mem: 24227
Test:  [3150/4000]  eta: 0:01:53  inter: 14431.0000 (26673.9650)  union: 21492.0000 (42495.5268)  iou: 0.5694 (0.5914)  time: 0.1337  data: 0.0004  max mem: 24227
Test:  [3200/4000]  eta: 0:01:46  inter: 12753.0000 (26672.3457)  union: 40683.0000 (42532.0819)  iou: 0.5798 (0.5917)  time: 0.1257  data: 0.0004  max mem: 24227
Test:  [3250/4000]  eta: 0:01:40  inter: 17355.0000 (26624.1502)  union: 26351.0000 (42493.7758)  iou: 0.6327 (0.5904)  time: 0.1317  data: 0.0004  max mem: 24227
Test:  [3300/4000]  eta: 0:01:33  inter: 24475.0000 (26694.6669)  union: 46160.0000 (42592.5010)  iou: 0.8219 (0.5892)  time: 0.1508  data: 0.0004  max mem: 24227
Test:  [3350/4000]  eta: 0:01:26  inter: 9618.0000 (26685.7041)  union: 12660.0000 (42589.3355)  iou: 0.7573 (0.5897)  time: 0.1137  data: 0.0004  max mem: 24227
Test:  [3400/4000]  eta: 0:01:19  inter: 25271.0000 (26807.9898)  union: 42262.0000 (42657.9796)  iou: 0.8404 (0.5910)  time: 0.1397  data: 0.0004  max mem: 24227
Test:  [3450/4000]  eta: 0:01:13  inter: 19201.0000 (26831.7362)  union: 31272.0000 (42689.3128)  iou: 0.6756 (0.5911)  time: 0.1239  data: 0.0004  max mem: 24227
Test:  [3500/4000]  eta: 0:01:06  inter: 15164.0000 (26792.3483)  union: 20822.0000 (42589.5689)  iou: 0.4167 (0.5913)  time: 0.1224  data: 0.0004  max mem: 24227
Test:  [3550/4000]  eta: 0:00:59  inter: 29196.0000 (26808.0296)  union: 37502.0000 (42639.0502)  iou: 0.8317 (0.5909)  time: 0.1172  data: 0.0004  max mem: 24227
Test:  [3600/4000]  eta: 0:00:53  inter: 21133.0000 (26766.7659)  union: 37926.0000 (42598.5737)  iou: 0.7258 (0.5902)  time: 0.1227  data: 0.0004  max mem: 24227
Test:  [3650/4000]  eta: 0:00:46  inter: 17938.0000 (26699.1256)  union: 39678.0000 (42574.3377)  iou: 0.4346 (0.5893)  time: 0.1570  data: 0.0004  max mem: 24227
Test:  [3700/4000]  eta: 0:00:39  inter: 25072.0000 (26810.8690)  union: 36174.0000 (42638.0488)  iou: 0.7480 (0.5900)  time: 0.1287  data: 0.0004  max mem: 24227
Test:  [3750/4000]  eta: 0:00:33  inter: 24068.0000 (26847.6828)  union: 46748.0000 (42688.8325)  iou: 0.6184 (0.5907)  time: 0.1251  data: 0.0004  max mem: 24227
Test:  [3800/4000]  eta: 0:00:26  inter: 23440.0000 (26867.7320)  union: 29490.0000 (42653.6136)  iou: 0.6998 (0.5912)  time: 0.1112  data: 0.0008  max mem: 24227
Test:  [3850/4000]  eta: 0:00:19  inter: 23597.0000 (26887.2839)  union: 34933.0000 (42688.2647)  iou: 0.8811 (0.5914)  time: 0.1293  data: 0.0004  max mem: 24227
Test:  [3900/4000]  eta: 0:00:13  inter: 18592.0000 (26939.1701)  union: 33338.0000 (42766.2202)  iou: 0.6157 (0.5912)  time: 0.1310  data: 0.0004  max mem: 24227
Test:  [3950/4000]  eta: 0:00:06  inter: 17218.0000 (26912.8679)  union: 35213.0000 (42701.0775)  iou: 0.7412 (0.5916)  time: 0.1218  data: 0.0004  max mem: 24227
Test:  [3999/4000]  eta: 0:00:00  inter: 15966.0000 (26871.9672)  union: 30835.0000 (42603.5777)  iou: 0.5801 (0.5925)  time: 0.1113  data: 0.0001  max mem: 24227
Test: Total time: 0:08:53 (0.1334 s / it)
* IoU 0.592 oIoU 0.631
IoU of the network on the 4000 test images: 0.6%
Max IoU: 0.59%
huggingface/tokenizers: The current process just got forked, after parallelism has already been used. Disabling parallelism to avoid deadlocks...
To disable this warning, you can either:
	- Avoid using `tokenizers` before the fork if possible
	- Explicitly set the environment variable TOKENIZERS_PARALLELISM=(true | false)
huggingface/tokenizers: The current process just got forked, after parallelism has already been used. Disabling parallelism to avoid deadlocks...
To disable this warning, you can either:
	- Avoid using `tokenizers` before the fork if possible
	- Explicitly set the environment variable TOKENIZERS_PARALLELISM=(true | false)
huggingface/tokenizers: The current process just got forked, after parallelism has already been used. Disabling parallelism to avoid deadlocks...
To disable this warning, you can either:
	- Avoid using `tokenizers` before the fork if possible
	- Explicitly set the environment variable TOKENIZERS_PARALLELISM=(true | false)
huggingface/tokenizers: The current process just got forked, after parallelism has already been used. Disabling parallelism to avoid deadlocks...
To disable this warning, you can either:
	- Avoid using `tokenizers` before the fork if possible
	- Explicitly set the environment variable TOKENIZERS_PARALLELISM=(true | false)
huggingface/tokenizers: The current process just got forked, after parallelism has already been used. Disabling parallelism to avoid deadlocks...
To disable this warning, you can either:
	- Avoid using `tokenizers` before the fork if possible
	- Explicitly set the environment variable TOKENIZERS_PARALLELISM=(true | false)
huggingface/tokenizers: The current process just got forked, after parallelism has already been used. Disabling parallelism to avoid deadlocks...
To disable this warning, you can either:
	- Avoid using `tokenizers` before the fork if possible
	- Explicitly set the environment variable TOKENIZERS_PARALLELISM=(true | false)
huggingface/tokenizers: The current process just got forked, after parallelism has already been used. Disabling parallelism to avoid deadlocks...
To disable this warning, you can either:
	- Avoid using `tokenizers` before the fork if possible
	- Explicitly set the environment variable TOKENIZERS_PARALLELISM=(true | false)
huggingface/tokenizers: The current process just got forked, after parallelism has already been used. Disabling parallelism to avoid deadlocks...
To disable this warning, you can either:
	- Avoid using `tokenizers` before the fork if possible
	- Explicitly set the environment variable TOKENIZERS_PARALLELISM=(true | false)
Epoch: [4]  [   0/5625]  eta: 7:25:49  lr: 0.000009  train_loss: 0.2227 (0.2227)  train_iou: 0.7012 (0.7012)  time: 4.7555  data: 3.7151  max mem: 24227
Epoch: [4]  [  20/5625]  eta: 1:07:25  lr: 0.000009  train_loss: 0.2554 (0.2620)  train_iou: 0.6560 (0.6769)  time: 0.5201  data: 0.0013  max mem: 24227
Epoch: [4]  [  40/5625]  eta: 0:57:13  lr: 0.000009  train_loss: 0.2205 (0.2667)  train_iou: 0.6937 (0.6694)  time: 0.5023  data: 0.0004  max mem: 24227
Epoch: [4]  [  60/5625]  eta: 0:53:42  lr: 0.000009  train_loss: 0.2727 (0.2927)  train_iou: 0.6420 (0.6591)  time: 0.5059  data: 0.0011  max mem: 24227
Epoch: [4]  [  80/5625]  eta: 0:51:46  lr: 0.000009  train_loss: 0.2753 (0.2918)  train_iou: 0.6691 (0.6596)  time: 0.5028  data: 0.0004  max mem: 24227
Epoch: [4]  [ 100/5625]  eta: 0:50:39  lr: 0.000009  train_loss: 0.2456 (0.2891)  train_iou: 0.6311 (0.6590)  time: 0.5092  data: 0.0004  max mem: 24227
Epoch: [4]  [ 120/5625]  eta: 0:49:46  lr: 0.000009  train_loss: 0.2906 (0.2955)  train_iou: 0.6034 (0.6555)  time: 0.5035  data: 0.0015  max mem: 24227
Epoch: [4]  [ 140/5625]  eta: 0:49:04  lr: 0.000009  train_loss: 0.3172 (0.2969)  train_iou: 0.7206 (0.6587)  time: 0.5036  data: 0.0012  max mem: 24227
Epoch: [4]  [ 160/5625]  eta: 0:48:33  lr: 0.000009  train_loss: 0.3305 (0.3017)  train_iou: 0.6312 (0.6558)  time: 0.5057  data: 0.0004  max mem: 24227
Epoch: [4]  [ 180/5625]  eta: 0:48:08  lr: 0.000009  train_loss: 0.1635 (0.2935)  train_iou: 0.6530 (0.6576)  time: 0.5093  data: 0.0004  max mem: 24227
Epoch: [4]  [ 200/5625]  eta: 0:47:43  lr: 0.000009  train_loss: 0.2271 (0.2946)  train_iou: 0.6833 (0.6590)  time: 0.5041  data: 0.0004  max mem: 24227
Epoch: [4]  [ 220/5625]  eta: 0:47:20  lr: 0.000009  train_loss: 0.2420 (0.2906)  train_iou: 0.6203 (0.6564)  time: 0.5025  data: 0.0004  max mem: 24227
Epoch: [4]  [ 240/5625]  eta: 0:46:59  lr: 0.000009  train_loss: 0.2821 (0.2909)  train_iou: 0.6547 (0.6559)  time: 0.5017  data: 0.0004  max mem: 24227
Epoch: [4]  [ 260/5625]  eta: 0:46:40  lr: 0.000009  train_loss: 0.2795 (0.2933)  train_iou: 0.6844 (0.6584)  time: 0.5036  data: 0.0004  max mem: 24227
Epoch: [4]  [ 280/5625]  eta: 0:46:23  lr: 0.000009  train_loss: 0.2956 (0.2941)  train_iou: 0.6505 (0.6591)  time: 0.5055  data: 0.0004  max mem: 24227
Epoch: [4]  [ 300/5625]  eta: 0:46:07  lr: 0.000009  train_loss: 0.3168 (0.2954)  train_iou: 0.6594 (0.6578)  time: 0.5048  data: 0.0004  max mem: 24227
Epoch: [4]  [ 320/5625]  eta: 0:45:51  lr: 0.000009  train_loss: 0.2904 (0.2996)  train_iou: 0.6351 (0.6569)  time: 0.5021  data: 0.0004  max mem: 24227
Epoch: [4]  [ 340/5625]  eta: 0:45:36  lr: 0.000009  train_loss: 0.2676 (0.2998)  train_iou: 0.6542 (0.6561)  time: 0.5037  data: 0.0004  max mem: 24227
Epoch: [4]  [ 360/5625]  eta: 0:45:22  lr: 0.000009  train_loss: 0.2295 (0.2982)  train_iou: 0.6719 (0.6579)  time: 0.5063  data: 0.0004  max mem: 24227
Epoch: [4]  [ 380/5625]  eta: 0:45:08  lr: 0.000009  train_loss: 0.3133 (0.3001)  train_iou: 0.6477 (0.6586)  time: 0.5045  data: 0.0004  max mem: 24227
Epoch: [4]  [ 400/5625]  eta: 0:44:54  lr: 0.000009  train_loss: 0.3001 (0.3035)  train_iou: 0.6176 (0.6564)  time: 0.5006  data: 0.0004  max mem: 24227
Epoch: [4]  [ 420/5625]  eta: 0:44:41  lr: 0.000009  train_loss: 0.2199 (0.3024)  train_iou: 0.5863 (0.6558)  time: 0.5062  data: 0.0004  max mem: 24227
Epoch: [4]  [ 440/5625]  eta: 0:44:29  lr: 0.000009  train_loss: 0.2296 (0.3008)  train_iou: 0.6675 (0.6564)  time: 0.5066  data: 0.0004  max mem: 24227
Epoch: [4]  [ 460/5625]  eta: 0:44:17  lr: 0.000009  train_loss: 0.2746 (0.3014)  train_iou: 0.6961 (0.6566)  time: 0.5069  data: 0.0004  max mem: 24227
Epoch: [4]  [ 480/5625]  eta: 0:44:04  lr: 0.000009  train_loss: 0.2126 (0.2996)  train_iou: 0.6560 (0.6564)  time: 0.5044  data: 0.0004  max mem: 24227
Epoch: [4]  [ 500/5625]  eta: 0:43:52  lr: 0.000009  train_loss: 0.1766 (0.2978)  train_iou: 0.6736 (0.6581)  time: 0.5027  data: 0.0004  max mem: 24227
Epoch: [4]  [ 520/5625]  eta: 0:43:40  lr: 0.000009  train_loss: 0.3000 (0.2984)  train_iou: 0.6331 (0.6582)  time: 0.5035  data: 0.0004  max mem: 24227
Epoch: [4]  [ 540/5625]  eta: 0:43:27  lr: 0.000009  train_loss: 0.2505 (0.2976)  train_iou: 0.6575 (0.6572)  time: 0.5035  data: 0.0004  max mem: 24227
Epoch: [4]  [ 560/5625]  eta: 0:43:16  lr: 0.000009  train_loss: 0.2477 (0.2960)  train_iou: 0.6631 (0.6569)  time: 0.5042  data: 0.0006  max mem: 24227
Epoch: [4]  [ 580/5625]  eta: 0:43:04  lr: 0.000009  train_loss: 0.2340 (0.2952)  train_iou: 0.6700 (0.6576)  time: 0.5035  data: 0.0004  max mem: 24227
Epoch: [4]  [ 600/5625]  eta: 0:42:52  lr: 0.000009  train_loss: 0.2506 (0.2945)  train_iou: 0.5921 (0.6561)  time: 0.5036  data: 0.0004  max mem: 24227
Epoch: [4]  [ 620/5625]  eta: 0:42:41  lr: 0.000009  train_loss: 0.2459 (0.2941)  train_iou: 0.7065 (0.6566)  time: 0.5061  data: 0.0004  max mem: 24227
Epoch: [4]  [ 640/5625]  eta: 0:42:30  lr: 0.000009  train_loss: 0.3608 (0.2971)  train_iou: 0.6165 (0.6559)  time: 0.5047  data: 0.0004  max mem: 24227
Epoch: [4]  [ 660/5625]  eta: 0:42:18  lr: 0.000009  train_loss: 0.1728 (0.2953)  train_iou: 0.6782 (0.6560)  time: 0.5050  data: 0.0004  max mem: 24227
Epoch: [4]  [ 680/5625]  eta: 0:42:07  lr: 0.000009  train_loss: 0.2320 (0.2940)  train_iou: 0.6509 (0.6570)  time: 0.5033  data: 0.0004  max mem: 24227
Epoch: [4]  [ 700/5625]  eta: 0:41:56  lr: 0.000009  train_loss: 0.2646 (0.2947)  train_iou: 0.6483 (0.6569)  time: 0.5068  data: 0.0004  max mem: 24227
Epoch: [4]  [ 720/5625]  eta: 0:41:46  lr: 0.000009  train_loss: 0.2919 (0.2954)  train_iou: 0.6555 (0.6567)  time: 0.5094  data: 0.0004  max mem: 24227
Epoch: [4]  [ 740/5625]  eta: 0:41:35  lr: 0.000009  train_loss: 0.2877 (0.2961)  train_iou: 0.6290 (0.6559)  time: 0.5061  data: 0.0004  max mem: 24227
Epoch: [4]  [ 760/5625]  eta: 0:41:24  lr: 0.000009  train_loss: 0.2099 (0.2949)  train_iou: 0.6869 (0.6565)  time: 0.5047  data: 0.0004  max mem: 24227
Epoch: [4]  [ 780/5625]  eta: 0:41:13  lr: 0.000009  train_loss: 0.2838 (0.2953)  train_iou: 0.6054 (0.6556)  time: 0.5046  data: 0.0004  max mem: 24227
Epoch: [4]  [ 800/5625]  eta: 0:41:02  lr: 0.000009  train_loss: 0.2404 (0.2957)  train_iou: 0.6326 (0.6545)  time: 0.5047  data: 0.0004  max mem: 24227
Epoch: [4]  [ 820/5625]  eta: 0:40:51  lr: 0.000009  train_loss: 0.2434 (0.2952)  train_iou: 0.6299 (0.6534)  time: 0.5027  data: 0.0004  max mem: 24227
Epoch: [4]  [ 840/5625]  eta: 0:40:40  lr: 0.000009  train_loss: 0.2258 (0.2947)  train_iou: 0.6646 (0.6536)  time: 0.5072  data: 0.0011  max mem: 24227
Epoch: [4]  [ 860/5625]  eta: 0:40:29  lr: 0.000009  train_loss: 0.2140 (0.2944)  train_iou: 0.6336 (0.6531)  time: 0.5024  data: 0.0004  max mem: 24227
Epoch: [4]  [ 880/5625]  eta: 0:40:18  lr: 0.000009  train_loss: 0.2533 (0.2943)  train_iou: 0.7070 (0.6538)  time: 0.5034  data: 0.0004  max mem: 24227
Epoch: [4]  [ 900/5625]  eta: 0:40:07  lr: 0.000009  train_loss: 0.2957 (0.2946)  train_iou: 0.6296 (0.6527)  time: 0.5019  data: 0.0004  max mem: 24227
Epoch: [4]  [ 920/5625]  eta: 0:39:57  lr: 0.000009  train_loss: 0.2573 (0.2947)  train_iou: 0.6257 (0.6517)  time: 0.5037  data: 0.0004  max mem: 24227
Epoch: [4]  [ 940/5625]  eta: 0:39:46  lr: 0.000009  train_loss: 0.2296 (0.2951)  train_iou: 0.6571 (0.6513)  time: 0.5042  data: 0.0004  max mem: 24227
Epoch: [4]  [ 960/5625]  eta: 0:39:35  lr: 0.000009  train_loss: 0.3108 (0.2955)  train_iou: 0.6024 (0.6502)  time: 0.5055  data: 0.0006  max mem: 24227
Epoch: [4]  [ 980/5625]  eta: 0:39:25  lr: 0.000009  train_loss: 0.2243 (0.2956)  train_iou: 0.6276 (0.6500)  time: 0.5052  data: 0.0004  max mem: 24227
Epoch: [4]  [1000/5625]  eta: 0:39:14  lr: 0.000009  train_loss: 0.1949 (0.2947)  train_iou: 0.6469 (0.6502)  time: 0.5053  data: 0.0004  max mem: 24227
Epoch: [4]  [1020/5625]  eta: 0:39:04  lr: 0.000009  train_loss: 0.2837 (0.2953)  train_iou: 0.6618 (0.6504)  time: 0.5080  data: 0.0004  max mem: 24227
Epoch: [4]  [1040/5625]  eta: 0:38:53  lr: 0.000009  train_loss: 0.2857 (0.2952)  train_iou: 0.6489 (0.6503)  time: 0.5020  data: 0.0004  max mem: 24227
Epoch: [4]  [1060/5625]  eta: 0:38:42  lr: 0.000009  train_loss: 0.2051 (0.2947)  train_iou: 0.6621 (0.6506)  time: 0.5022  data: 0.0004  max mem: 24227
Epoch: [4]  [1080/5625]  eta: 0:38:32  lr: 0.000009  train_loss: 0.2509 (0.2947)  train_iou: 0.6516 (0.6508)  time: 0.5125  data: 0.0004  max mem: 24227
Epoch: [4]  [1100/5625]  eta: 0:38:22  lr: 0.000009  train_loss: 0.2850 (0.2955)  train_iou: 0.6687 (0.6510)  time: 0.5033  data: 0.0005  max mem: 24227
Epoch: [4]  [1120/5625]  eta: 0:38:11  lr: 0.000009  train_loss: 0.2774 (0.2960)  train_iou: 0.6002 (0.6502)  time: 0.5051  data: 0.0004  max mem: 24227
Epoch: [4]  [1140/5625]  eta: 0:38:01  lr: 0.000009  train_loss: 0.2404 (0.2955)  train_iou: 0.6585 (0.6502)  time: 0.5070  data: 0.0004  max mem: 24227
Epoch: [4]  [1160/5625]  eta: 0:37:50  lr: 0.000009  train_loss: 0.2986 (0.2960)  train_iou: 0.6490 (0.6502)  time: 0.5013  data: 0.0004  max mem: 24227
Epoch: [4]  [1180/5625]  eta: 0:37:40  lr: 0.000009  train_loss: 0.2717 (0.2955)  train_iou: 0.7118 (0.6508)  time: 0.5011  data: 0.0004  max mem: 24227
Epoch: [4]  [1200/5625]  eta: 0:37:29  lr: 0.000009  train_loss: 0.2589 (0.2951)  train_iou: 0.6605 (0.6509)  time: 0.5048  data: 0.0004  max mem: 24227
Epoch: [4]  [1220/5625]  eta: 0:37:19  lr: 0.000009  train_loss: 0.2594 (0.2955)  train_iou: 0.6221 (0.6509)  time: 0.5027  data: 0.0004  max mem: 24227
Epoch: [4]  [1240/5625]  eta: 0:37:08  lr: 0.000009  train_loss: 0.2590 (0.2952)  train_iou: 0.6641 (0.6511)  time: 0.5048  data: 0.0004  max mem: 24227
Epoch: [4]  [1260/5625]  eta: 0:36:58  lr: 0.000009  train_loss: 0.2331 (0.2948)  train_iou: 0.6500 (0.6512)  time: 0.5041  data: 0.0004  max mem: 24227
Epoch: [4]  [1280/5625]  eta: 0:36:47  lr: 0.000009  train_loss: 0.2174 (0.2944)  train_iou: 0.5986 (0.6509)  time: 0.5069  data: 0.0004  max mem: 24227
Epoch: [4]  [1300/5625]  eta: 0:36:37  lr: 0.000009  train_loss: 0.1884 (0.2941)  train_iou: 0.7577 (0.6521)  time: 0.5053  data: 0.0004  max mem: 24227
Epoch: [4]  [1320/5625]  eta: 0:36:26  lr: 0.000009  train_loss: 0.2577 (0.2942)  train_iou: 0.7154 (0.6530)  time: 0.5015  data: 0.0004  max mem: 24227
Epoch: [4]  [1340/5625]  eta: 0:36:16  lr: 0.000009  train_loss: 0.2275 (0.2937)  train_iou: 0.6550 (0.6532)  time: 0.5011  data: 0.0004  max mem: 24227
Epoch: [4]  [1360/5625]  eta: 0:36:05  lr: 0.000009  train_loss: 0.2570 (0.2936)  train_iou: 0.6690 (0.6532)  time: 0.5036  data: 0.0004  max mem: 24227
Epoch: [4]  [1380/5625]  eta: 0:35:55  lr: 0.000009  train_loss: 0.2239 (0.2934)  train_iou: 0.6432 (0.6533)  time: 0.5018  data: 0.0004  max mem: 24227
Epoch: [4]  [1400/5625]  eta: 0:35:44  lr: 0.000009  train_loss: 0.3031 (0.2937)  train_iou: 0.6967 (0.6533)  time: 0.5028  data: 0.0004  max mem: 24227
Epoch: [4]  [1420/5625]  eta: 0:35:34  lr: 0.000009  train_loss: 0.2978 (0.2944)  train_iou: 0.6567 (0.6537)  time: 0.5038  data: 0.0004  max mem: 24227
Epoch: [4]  [1440/5625]  eta: 0:35:24  lr: 0.000009  train_loss: 0.2415 (0.2944)  train_iou: 0.6904 (0.6538)  time: 0.5038  data: 0.0004  max mem: 24227
Epoch: [4]  [1460/5625]  eta: 0:35:13  lr: 0.000009  train_loss: 0.1859 (0.2935)  train_iou: 0.6706 (0.6542)  time: 0.5016  data: 0.0004  max mem: 24227
Epoch: [4]  [1480/5625]  eta: 0:35:03  lr: 0.000009  train_loss: 0.2455 (0.2935)  train_iou: 0.6448 (0.6543)  time: 0.5043  data: 0.0004  max mem: 24227
Epoch: [4]  [1500/5625]  eta: 0:34:53  lr: 0.000009  train_loss: 0.2282 (0.2932)  train_iou: 0.6200 (0.6541)  time: 0.5046  data: 0.0004  max mem: 24227
Epoch: [4]  [1520/5625]  eta: 0:34:42  lr: 0.000009  train_loss: 0.2934 (0.2930)  train_iou: 0.6476 (0.6542)  time: 0.5051  data: 0.0004  max mem: 24227
Epoch: [4]  [1540/5625]  eta: 0:34:32  lr: 0.000009  train_loss: 0.2336 (0.2935)  train_iou: 0.6825 (0.6544)  time: 0.5074  data: 0.0004  max mem: 24227
Epoch: [4]  [1560/5625]  eta: 0:34:22  lr: 0.000009  train_loss: 0.2650 (0.2936)  train_iou: 0.6550 (0.6545)  time: 0.5082  data: 0.0004  max mem: 24227
Epoch: [4]  [1580/5625]  eta: 0:34:12  lr: 0.000009  train_loss: 0.3044 (0.2938)  train_iou: 0.6764 (0.6547)  time: 0.5023  data: 0.0004  max mem: 24227
Epoch: [4]  [1600/5625]  eta: 0:34:02  lr: 0.000009  train_loss: 0.2435 (0.2933)  train_iou: 0.6337 (0.6545)  time: 0.5079  data: 0.0004  max mem: 24227
Epoch: [4]  [1620/5625]  eta: 0:33:51  lr: 0.000009  train_loss: 0.2849 (0.2940)  train_iou: 0.5585 (0.6539)  time: 0.5016  data: 0.0004  max mem: 24227
Epoch: [4]  [1640/5625]  eta: 0:33:41  lr: 0.000009  train_loss: 0.2326 (0.2936)  train_iou: 0.7260 (0.6546)  time: 0.5058  data: 0.0004  max mem: 24227
Epoch: [4]  [1660/5625]  eta: 0:33:31  lr: 0.000009  train_loss: 0.2366 (0.2936)  train_iou: 0.6528 (0.6546)  time: 0.5056  data: 0.0004  max mem: 24227
Epoch: [4]  [1680/5625]  eta: 0:33:20  lr: 0.000009  train_loss: 0.2408 (0.2936)  train_iou: 0.6539 (0.6548)  time: 0.5039  data: 0.0004  max mem: 24227
Epoch: [4]  [1700/5625]  eta: 0:33:10  lr: 0.000009  train_loss: 0.3226 (0.2945)  train_iou: 0.6078 (0.6542)  time: 0.5013  data: 0.0004  max mem: 24227
Epoch: [4]  [1720/5625]  eta: 0:33:00  lr: 0.000009  train_loss: 0.2800 (0.2944)  train_iou: 0.6296 (0.6541)  time: 0.5023  data: 0.0004  max mem: 24227
Epoch: [4]  [1740/5625]  eta: 0:32:49  lr: 0.000009  train_loss: 0.2869 (0.2948)  train_iou: 0.6885 (0.6544)  time: 0.5033  data: 0.0004  max mem: 24227
Epoch: [4]  [1760/5625]  eta: 0:32:39  lr: 0.000009  train_loss: 0.2822 (0.2948)  train_iou: 0.6601 (0.6546)  time: 0.5050  data: 0.0004  max mem: 24227
Epoch: [4]  [1780/5625]  eta: 0:32:29  lr: 0.000009  train_loss: 0.2282 (0.2945)  train_iou: 0.6378 (0.6541)  time: 0.5067  data: 0.0004  max mem: 24227
Epoch: [4]  [1800/5625]  eta: 0:32:19  lr: 0.000009  train_loss: 0.2648 (0.2944)  train_iou: 0.6623 (0.6541)  time: 0.5024  data: 0.0004  max mem: 24227
Epoch: [4]  [1820/5625]  eta: 0:32:08  lr: 0.000009  train_loss: 0.2117 (0.2940)  train_iou: 0.6949 (0.6546)  time: 0.5051  data: 0.0004  max mem: 24227
Epoch: [4]  [1840/5625]  eta: 0:31:58  lr: 0.000009  train_loss: 0.2810 (0.2941)  train_iou: 0.6807 (0.6549)  time: 0.5019  data: 0.0004  max mem: 24227
Epoch: [4]  [1860/5625]  eta: 0:31:48  lr: 0.000009  train_loss: 0.2925 (0.2945)  train_iou: 0.6175 (0.6545)  time: 0.5030  data: 0.0004  max mem: 24227
Epoch: [4]  [1880/5625]  eta: 0:31:37  lr: 0.000009  train_loss: 0.2640 (0.2946)  train_iou: 0.6294 (0.6543)  time: 0.5047  data: 0.0004  max mem: 24227
Epoch: [4]  [1900/5625]  eta: 0:31:27  lr: 0.000009  train_loss: 0.2250 (0.2939)  train_iou: 0.6722 (0.6547)  time: 0.4998  data: 0.0004  max mem: 24227
Epoch: [4]  [1920/5625]  eta: 0:31:17  lr: 0.000009  train_loss: 0.2415 (0.2941)  train_iou: 0.6294 (0.6544)  time: 0.5040  data: 0.0004  max mem: 24227
Epoch: [4]  [1940/5625]  eta: 0:31:06  lr: 0.000009  train_loss: 0.2572 (0.2941)  train_iou: 0.6468 (0.6543)  time: 0.5003  data: 0.0004  max mem: 24227
Epoch: [4]  [1960/5625]  eta: 0:30:56  lr: 0.000009  train_loss: 0.2796 (0.2943)  train_iou: 0.5798 (0.6540)  time: 0.5028  data: 0.0004  max mem: 24227
Epoch: [4]  [1980/5625]  eta: 0:30:46  lr: 0.000009  train_loss: 0.2091 (0.2938)  train_iou: 0.7342 (0.6545)  time: 0.4999  data: 0.0004  max mem: 24227
Epoch: [4]  [2000/5625]  eta: 0:30:36  lr: 0.000009  train_loss: 0.2304 (0.2936)  train_iou: 0.6744 (0.6544)  time: 0.5044  data: 0.0004  max mem: 24227
Epoch: [4]  [2020/5625]  eta: 0:30:25  lr: 0.000009  train_loss: 0.2745 (0.2939)  train_iou: 0.6849 (0.6546)  time: 0.5019  data: 0.0014  max mem: 24227
Epoch: [4]  [2040/5625]  eta: 0:30:15  lr: 0.000009  train_loss: 0.2724 (0.2939)  train_iou: 0.6780 (0.6547)  time: 0.5046  data: 0.0004  max mem: 24227
Epoch: [4]  [2060/5625]  eta: 0:30:05  lr: 0.000009  train_loss: 0.2447 (0.2940)  train_iou: 0.6401 (0.6548)  time: 0.5050  data: 0.0004  max mem: 24227
Epoch: [4]  [2080/5625]  eta: 0:29:55  lr: 0.000009  train_loss: 0.2171 (0.2936)  train_iou: 0.6884 (0.6548)  time: 0.5089  data: 0.0004  max mem: 24227
Epoch: [4]  [2100/5625]  eta: 0:29:45  lr: 0.000009  train_loss: 0.2186 (0.2934)  train_iou: 0.6929 (0.6548)  time: 0.5046  data: 0.0004  max mem: 24227
Epoch: [4]  [2120/5625]  eta: 0:29:34  lr: 0.000009  train_loss: 0.3178 (0.2935)  train_iou: 0.6735 (0.6550)  time: 0.5044  data: 0.0004  max mem: 24227
Epoch: [4]  [2140/5625]  eta: 0:29:24  lr: 0.000009  train_loss: 0.2924 (0.2933)  train_iou: 0.6332 (0.6549)  time: 0.5045  data: 0.0004  max mem: 24227
Epoch: [4]  [2160/5625]  eta: 0:29:14  lr: 0.000009  train_loss: 0.1814 (0.2928)  train_iou: 0.7097 (0.6551)  time: 0.5041  data: 0.0004  max mem: 24227
Epoch: [4]  [2180/5625]  eta: 0:29:04  lr: 0.000009  train_loss: 0.2255 (0.2927)  train_iou: 0.6525 (0.6551)  time: 0.5033  data: 0.0004  max mem: 24227
Epoch: [4]  [2200/5625]  eta: 0:28:54  lr: 0.000009  train_loss: 0.2658 (0.2928)  train_iou: 0.6577 (0.6550)  time: 0.5018  data: 0.0004  max mem: 24227
Epoch: [4]  [2220/5625]  eta: 0:28:43  lr: 0.000009  train_loss: 0.2560 (0.2930)  train_iou: 0.6330 (0.6547)  time: 0.5052  data: 0.0004  max mem: 24227
Epoch: [4]  [2240/5625]  eta: 0:28:33  lr: 0.000009  train_loss: 0.2448 (0.2928)  train_iou: 0.6693 (0.6550)  time: 0.5038  data: 0.0004  max mem: 24227
Epoch: [4]  [2260/5625]  eta: 0:28:23  lr: 0.000009  train_loss: 0.2206 (0.2926)  train_iou: 0.6912 (0.6554)  time: 0.5023  data: 0.0004  max mem: 24227
Epoch: [4]  [2280/5625]  eta: 0:28:13  lr: 0.000009  train_loss: 0.2126 (0.2925)  train_iou: 0.7221 (0.6554)  time: 0.5039  data: 0.0004  max mem: 24227
Epoch: [4]  [2300/5625]  eta: 0:28:03  lr: 0.000009  train_loss: 0.3057 (0.2927)  train_iou: 0.5995 (0.6552)  time: 0.5083  data: 0.0004  max mem: 24227
Epoch: [4]  [2320/5625]  eta: 0:27:52  lr: 0.000009  train_loss: 0.2150 (0.2924)  train_iou: 0.6863 (0.6555)  time: 0.5004  data: 0.0004  max mem: 24227
Epoch: [4]  [2340/5625]  eta: 0:27:42  lr: 0.000009  train_loss: 0.2803 (0.2924)  train_iou: 0.6927 (0.6557)  time: 0.5036  data: 0.0004  max mem: 24227
Epoch: [4]  [2360/5625]  eta: 0:27:32  lr: 0.000009  train_loss: 0.2258 (0.2923)  train_iou: 0.6804 (0.6560)  time: 0.4967  data: 0.0004  max mem: 24227
Epoch: [4]  [2380/5625]  eta: 0:27:22  lr: 0.000009  train_loss: 0.2767 (0.2921)  train_iou: 0.6921 (0.6564)  time: 0.5061  data: 0.0004  max mem: 24227
Epoch: [4]  [2400/5625]  eta: 0:27:12  lr: 0.000009  train_loss: 0.2873 (0.2919)  train_iou: 0.6560 (0.6566)  time: 0.5028  data: 0.0004  max mem: 24227
Epoch: [4]  [2420/5625]  eta: 0:27:01  lr: 0.000009  train_loss: 0.3205 (0.2923)  train_iou: 0.6973 (0.6567)  time: 0.5031  data: 0.0004  max mem: 24227
Epoch: [4]  [2440/5625]  eta: 0:26:51  lr: 0.000009  train_loss: 0.2972 (0.2923)  train_iou: 0.6364 (0.6566)  time: 0.5056  data: 0.0004  max mem: 24227
Epoch: [4]  [2460/5625]  eta: 0:26:41  lr: 0.000009  train_loss: 0.2077 (0.2920)  train_iou: 0.6684 (0.6567)  time: 0.5028  data: 0.0004  max mem: 24227
Epoch: [4]  [2480/5625]  eta: 0:26:31  lr: 0.000009  train_loss: 0.1984 (0.2918)  train_iou: 0.6237 (0.6564)  time: 0.5032  data: 0.0004  max mem: 24227
Epoch: [4]  [2500/5625]  eta: 0:26:21  lr: 0.000009  train_loss: 0.2324 (0.2918)  train_iou: 0.6763 (0.6565)  time: 0.5059  data: 0.0004  max mem: 24227
Epoch: [4]  [2520/5625]  eta: 0:26:11  lr: 0.000009  train_loss: 0.2768 (0.2918)  train_iou: 0.6517 (0.6566)  time: 0.5036  data: 0.0005  max mem: 24227
Epoch: [4]  [2540/5625]  eta: 0:26:00  lr: 0.000009  train_loss: 0.3185 (0.2922)  train_iou: 0.6472 (0.6564)  time: 0.5011  data: 0.0004  max mem: 24227
Epoch: [4]  [2560/5625]  eta: 0:25:50  lr: 0.000009  train_loss: 0.2442 (0.2921)  train_iou: 0.6525 (0.6565)  time: 0.5040  data: 0.0004  max mem: 24227
Epoch: [4]  [2580/5625]  eta: 0:25:40  lr: 0.000009  train_loss: 0.2777 (0.2922)  train_iou: 0.6517 (0.6564)  time: 0.4998  data: 0.0014  max mem: 24227
Epoch: [4]  [2600/5625]  eta: 0:25:30  lr: 0.000009  train_loss: 0.2010 (0.2917)  train_iou: 0.6890 (0.6567)  time: 0.5025  data: 0.0004  max mem: 24227
Epoch: [4]  [2620/5625]  eta: 0:25:19  lr: 0.000009  train_loss: 0.2457 (0.2916)  train_iou: 0.6115 (0.6566)  time: 0.5013  data: 0.0004  max mem: 24227
Epoch: [4]  [2640/5625]  eta: 0:25:09  lr: 0.000009  train_loss: 0.1967 (0.2913)  train_iou: 0.7089 (0.6569)  time: 0.5051  data: 0.0006  max mem: 24227
Epoch: [4]  [2660/5625]  eta: 0:24:59  lr: 0.000009  train_loss: 0.1883 (0.2911)  train_iou: 0.6732 (0.6573)  time: 0.5049  data: 0.0004  max mem: 24227
Epoch: [4]  [2680/5625]  eta: 0:24:49  lr: 0.000009  train_loss: 0.2517 (0.2909)  train_iou: 0.6337 (0.6573)  time: 0.5021  data: 0.0004  max mem: 24227
Epoch: [4]  [2700/5625]  eta: 0:24:39  lr: 0.000009  train_loss: 0.2070 (0.2908)  train_iou: 0.6084 (0.6570)  time: 0.5047  data: 0.0004  max mem: 24227
Epoch: [4]  [2720/5625]  eta: 0:24:29  lr: 0.000009  train_loss: 0.1950 (0.2902)  train_iou: 0.6643 (0.6570)  time: 0.5075  data: 0.0004  max mem: 24227
Epoch: [4]  [2740/5625]  eta: 0:24:19  lr: 0.000009  train_loss: 0.2898 (0.2907)  train_iou: 0.6308 (0.6569)  time: 0.5019  data: 0.0004  max mem: 24227
Epoch: [4]  [2760/5625]  eta: 0:24:08  lr: 0.000009  train_loss: 0.2701 (0.2908)  train_iou: 0.5676 (0.6564)  time: 0.5043  data: 0.0004  max mem: 24227
Epoch: [4]  [2780/5625]  eta: 0:23:58  lr: 0.000009  train_loss: 0.2380 (0.2906)  train_iou: 0.6012 (0.6561)  time: 0.5022  data: 0.0004  max mem: 24227
Epoch: [4]  [2800/5625]  eta: 0:23:48  lr: 0.000009  train_loss: 0.1752 (0.2901)  train_iou: 0.6962 (0.6563)  time: 0.5080  data: 0.0004  max mem: 24227
Epoch: [4]  [2820/5625]  eta: 0:23:38  lr: 0.000009  train_loss: 0.2867 (0.2902)  train_iou: 0.5758 (0.6559)  time: 0.5029  data: 0.0004  max mem: 24227
Epoch: [4]  [2840/5625]  eta: 0:23:28  lr: 0.000009  train_loss: 0.3171 (0.2905)  train_iou: 0.6109 (0.6556)  time: 0.5054  data: 0.0004  max mem: 24227
Epoch: [4]  [2860/5625]  eta: 0:23:18  lr: 0.000009  train_loss: 0.2914 (0.2903)  train_iou: 0.6894 (0.6557)  time: 0.5034  data: 0.0004  max mem: 24227
Epoch: [4]  [2880/5625]  eta: 0:23:08  lr: 0.000009  train_loss: 0.3434 (0.2905)  train_iou: 0.6260 (0.6555)  time: 0.5039  data: 0.0004  max mem: 24227
Epoch: [4]  [2900/5625]  eta: 0:22:57  lr: 0.000009  train_loss: 0.1818 (0.2901)  train_iou: 0.6743 (0.6555)  time: 0.5026  data: 0.0004  max mem: 24227
Epoch: [4]  [2920/5625]  eta: 0:22:47  lr: 0.000009  train_loss: 0.2550 (0.2902)  train_iou: 0.6843 (0.6557)  time: 0.5057  data: 0.0004  max mem: 24227
Epoch: [4]  [2940/5625]  eta: 0:22:37  lr: 0.000009  train_loss: 0.2155 (0.2899)  train_iou: 0.7182 (0.6560)  time: 0.5013  data: 0.0004  max mem: 24227
Epoch: [4]  [2960/5625]  eta: 0:22:27  lr: 0.000009  train_loss: 0.1829 (0.2897)  train_iou: 0.6398 (0.6559)  time: 0.5055  data: 0.0004  max mem: 24227
Epoch: [4]  [2980/5625]  eta: 0:22:17  lr: 0.000009  train_loss: 0.1917 (0.2893)  train_iou: 0.6629 (0.6558)  time: 0.5066  data: 0.0004  max mem: 24227
Epoch: [4]  [3000/5625]  eta: 0:22:07  lr: 0.000009  train_loss: 0.2187 (0.2891)  train_iou: 0.6508 (0.6558)  time: 0.5031  data: 0.0004  max mem: 24227
Epoch: [4]  [3020/5625]  eta: 0:21:57  lr: 0.000009  train_loss: 0.3126 (0.2893)  train_iou: 0.6608 (0.6557)  time: 0.5047  data: 0.0004  max mem: 24227
Epoch: [4]  [3040/5625]  eta: 0:21:46  lr: 0.000009  train_loss: 0.2304 (0.2895)  train_iou: 0.6493 (0.6555)  time: 0.5039  data: 0.0004  max mem: 24227
Epoch: [4]  [3060/5625]  eta: 0:21:36  lr: 0.000009  train_loss: 0.2759 (0.2893)  train_iou: 0.6397 (0.6555)  time: 0.5056  data: 0.0004  max mem: 24227
Epoch: [4]  [3080/5625]  eta: 0:21:26  lr: 0.000009  train_loss: 0.3513 (0.2897)  train_iou: 0.6973 (0.6557)  time: 0.5027  data: 0.0004  max mem: 24227
Epoch: [4]  [3100/5625]  eta: 0:21:16  lr: 0.000009  train_loss: 0.2611 (0.2898)  train_iou: 0.6650 (0.6557)  time: 0.5104  data: 0.0013  max mem: 24227
Epoch: [4]  [3120/5625]  eta: 0:21:06  lr: 0.000009  train_loss: 0.2960 (0.2900)  train_iou: 0.6566 (0.6557)  time: 0.5046  data: 0.0011  max mem: 24227
Epoch: [4]  [3140/5625]  eta: 0:20:56  lr: 0.000009  train_loss: 0.2872 (0.2905)  train_iou: 0.6530 (0.6556)  time: 0.5047  data: 0.0004  max mem: 24227
Epoch: [4]  [3160/5625]  eta: 0:20:46  lr: 0.000009  train_loss: 0.2286 (0.2903)  train_iou: 0.7343 (0.6558)  time: 0.5029  data: 0.0004  max mem: 24227
Epoch: [4]  [3180/5625]  eta: 0:20:36  lr: 0.000009  train_loss: 0.1874 (0.2900)  train_iou: 0.6474 (0.6558)  time: 0.5042  data: 0.0004  max mem: 24227
Epoch: [4]  [3200/5625]  eta: 0:20:25  lr: 0.000009  train_loss: 0.2630 (0.2901)  train_iou: 0.6496 (0.6559)  time: 0.5042  data: 0.0004  max mem: 24227
Epoch: [4]  [3220/5625]  eta: 0:20:15  lr: 0.000009  train_loss: 0.2996 (0.2902)  train_iou: 0.6102 (0.6556)  time: 0.5014  data: 0.0004  max mem: 24227
Epoch: [4]  [3240/5625]  eta: 0:20:05  lr: 0.000009  train_loss: 0.2061 (0.2901)  train_iou: 0.6445 (0.6556)  time: 0.5062  data: 0.0004  max mem: 24227
Epoch: [4]  [3260/5625]  eta: 0:19:55  lr: 0.000009  train_loss: 0.2512 (0.2899)  train_iou: 0.6356 (0.6556)  time: 0.5075  data: 0.0012  max mem: 24227
Epoch: [4]  [3280/5625]  eta: 0:19:45  lr: 0.000009  train_loss: 0.2415 (0.2898)  train_iou: 0.6374 (0.6553)  time: 0.4999  data: 0.0004  max mem: 24227
Epoch: [4]  [3300/5625]  eta: 0:19:35  lr: 0.000009  train_loss: 0.1847 (0.2893)  train_iou: 0.7317 (0.6557)  time: 0.5054  data: 0.0004  max mem: 24227
Epoch: [4]  [3320/5625]  eta: 0:19:25  lr: 0.000009  train_loss: 0.2587 (0.2893)  train_iou: 0.6862 (0.6559)  time: 0.5036  data: 0.0015  max mem: 24227
Epoch: [4]  [3340/5625]  eta: 0:19:15  lr: 0.000009  train_loss: 0.2572 (0.2892)  train_iou: 0.6774 (0.6559)  time: 0.5068  data: 0.0004  max mem: 24227
Epoch: [4]  [3360/5625]  eta: 0:19:04  lr: 0.000009  train_loss: 0.2741 (0.2891)  train_iou: 0.7063 (0.6560)  time: 0.5013  data: 0.0004  max mem: 24227
Epoch: [4]  [3380/5625]  eta: 0:18:54  lr: 0.000009  train_loss: 0.2281 (0.2891)  train_iou: 0.6504 (0.6560)  time: 0.5052  data: 0.0004  max mem: 24227
Epoch: [4]  [3400/5625]  eta: 0:18:44  lr: 0.000009  train_loss: 0.2346 (0.2890)  train_iou: 0.6441 (0.6562)  time: 0.5024  data: 0.0004  max mem: 24227
Epoch: [4]  [3420/5625]  eta: 0:18:34  lr: 0.000009  train_loss: 0.2362 (0.2888)  train_iou: 0.7014 (0.6565)  time: 0.5031  data: 0.0005  max mem: 24227
Epoch: [4]  [3440/5625]  eta: 0:18:24  lr: 0.000009  train_loss: 0.2796 (0.2889)  train_iou: 0.6553 (0.6563)  time: 0.5046  data: 0.0004  max mem: 24227
Epoch: [4]  [3460/5625]  eta: 0:18:14  lr: 0.000009  train_loss: 0.2911 (0.2890)  train_iou: 0.6729 (0.6564)  time: 0.5087  data: 0.0005  max mem: 24227
Epoch: [4]  [3480/5625]  eta: 0:18:04  lr: 0.000009  train_loss: 0.3100 (0.2891)  train_iou: 0.5948 (0.6562)  time: 0.5042  data: 0.0009  max mem: 24227
Epoch: [4]  [3500/5625]  eta: 0:17:54  lr: 0.000009  train_loss: 0.2117 (0.2890)  train_iou: 0.6633 (0.6562)  time: 0.5017  data: 0.0004  max mem: 24227
Epoch: [4]  [3520/5625]  eta: 0:17:43  lr: 0.000009  train_loss: 0.2798 (0.2891)  train_iou: 0.6258 (0.6561)  time: 0.5016  data: 0.0004  max mem: 24227
Epoch: [4]  [3540/5625]  eta: 0:17:33  lr: 0.000009  train_loss: 0.2817 (0.2892)  train_iou: 0.6358 (0.6559)  time: 0.5034  data: 0.0004  max mem: 24227
Epoch: [4]  [3560/5625]  eta: 0:17:23  lr: 0.000009  train_loss: 0.2388 (0.2893)  train_iou: 0.6497 (0.6558)  time: 0.5079  data: 0.0004  max mem: 24227
Epoch: [4]  [3580/5625]  eta: 0:17:13  lr: 0.000009  train_loss: 0.2737 (0.2894)  train_iou: 0.6763 (0.6557)  time: 0.5029  data: 0.0004  max mem: 24227
Epoch: [4]  [3600/5625]  eta: 0:17:03  lr: 0.000009  train_loss: 0.2589 (0.2892)  train_iou: 0.6333 (0.6556)  time: 0.5013  data: 0.0004  max mem: 24227
Epoch: [4]  [3620/5625]  eta: 0:16:53  lr: 0.000009  train_loss: 0.3067 (0.2894)  train_iou: 0.6221 (0.6554)  time: 0.5043  data: 0.0004  max mem: 24227
Epoch: [4]  [3640/5625]  eta: 0:16:43  lr: 0.000009  train_loss: 0.2236 (0.2891)  train_iou: 0.6357 (0.6553)  time: 0.5070  data: 0.0014  max mem: 24227
Epoch: [4]  [3660/5625]  eta: 0:16:33  lr: 0.000009  train_loss: 0.2816 (0.2892)  train_iou: 0.6452 (0.6552)  time: 0.5061  data: 0.0004  max mem: 24227
Epoch: [4]  [3680/5625]  eta: 0:16:22  lr: 0.000009  train_loss: 0.2958 (0.2894)  train_iou: 0.6270 (0.6552)  time: 0.5008  data: 0.0015  max mem: 24227
Epoch: [4]  [3700/5625]  eta: 0:16:12  lr: 0.000009  train_loss: 0.2018 (0.2894)  train_iou: 0.6470 (0.6551)  time: 0.5056  data: 0.0004  max mem: 24227
Epoch: [4]  [3720/5625]  eta: 0:16:02  lr: 0.000009  train_loss: 0.1975 (0.2893)  train_iou: 0.6592 (0.6552)  time: 0.5006  data: 0.0014  max mem: 24227
Epoch: [4]  [3740/5625]  eta: 0:15:52  lr: 0.000009  train_loss: 0.2722 (0.2892)  train_iou: 0.6281 (0.6550)  time: 0.5041  data: 0.0004  max mem: 24227
Epoch: [4]  [3760/5625]  eta: 0:15:42  lr: 0.000009  train_loss: 0.3258 (0.2894)  train_iou: 0.6099 (0.6549)  time: 0.5041  data: 0.0016  max mem: 24227
Epoch: [4]  [3780/5625]  eta: 0:15:32  lr: 0.000009  train_loss: 0.2313 (0.2892)  train_iou: 0.6436 (0.6547)  time: 0.5054  data: 0.0025  max mem: 24227
Epoch: [4]  [3800/5625]  eta: 0:15:22  lr: 0.000009  train_loss: 0.2080 (0.2893)  train_iou: 0.6587 (0.6545)  time: 0.5040  data: 0.0004  max mem: 24227
Epoch: [4]  [3820/5625]  eta: 0:15:12  lr: 0.000009  train_loss: 0.2282 (0.2892)  train_iou: 0.5840 (0.6543)  time: 0.5045  data: 0.0004  max mem: 24227
Epoch: [4]  [3840/5625]  eta: 0:15:01  lr: 0.000009  train_loss: 0.2736 (0.2892)  train_iou: 0.6142 (0.6542)  time: 0.5053  data: 0.0004  max mem: 24227
Epoch: [4]  [3860/5625]  eta: 0:14:51  lr: 0.000009  train_loss: 0.2104 (0.2893)  train_iou: 0.5630 (0.6539)  time: 0.5016  data: 0.0004  max mem: 24227
Epoch: [4]  [3880/5625]  eta: 0:14:41  lr: 0.000009  train_loss: 0.2477 (0.2893)  train_iou: 0.6593 (0.6539)  time: 0.5046  data: 0.0004  max mem: 24227
Epoch: [4]  [3900/5625]  eta: 0:14:31  lr: 0.000009  train_loss: 0.2665 (0.2893)  train_iou: 0.6668 (0.6539)  time: 0.5029  data: 0.0004  max mem: 24227
Epoch: [4]  [3920/5625]  eta: 0:14:21  lr: 0.000009  train_loss: 0.2193 (0.2893)  train_iou: 0.6536 (0.6538)  time: 0.5010  data: 0.0004  max mem: 24227
Epoch: [4]  [3940/5625]  eta: 0:14:11  lr: 0.000009  train_loss: 0.3653 (0.2897)  train_iou: 0.6524 (0.6539)  time: 0.5038  data: 0.0004  max mem: 24227
Epoch: [4]  [3960/5625]  eta: 0:14:01  lr: 0.000009  train_loss: 0.2230 (0.2896)  train_iou: 0.7266 (0.6542)  time: 0.5053  data: 0.0004  max mem: 24227
Epoch: [4]  [3980/5625]  eta: 0:13:51  lr: 0.000009  train_loss: 0.3191 (0.2900)  train_iou: 0.6289 (0.6540)  time: 0.5005  data: 0.0004  max mem: 24227
Epoch: [4]  [4000/5625]  eta: 0:13:41  lr: 0.000009  train_loss: 0.2384 (0.2898)  train_iou: 0.5789 (0.6538)  time: 0.5080  data: 0.0004  max mem: 24227
Epoch: [4]  [4020/5625]  eta: 0:13:30  lr: 0.000009  train_loss: 0.2633 (0.2899)  train_iou: 0.5953 (0.6537)  time: 0.5038  data: 0.0004  max mem: 24227
Epoch: [4]  [4040/5625]  eta: 0:13:20  lr: 0.000009  train_loss: 0.2486 (0.2899)  train_iou: 0.6683 (0.6537)  time: 0.5040  data: 0.0004  max mem: 24227
Epoch: [4]  [4060/5625]  eta: 0:13:10  lr: 0.000009  train_loss: 0.2604 (0.2899)  train_iou: 0.6112 (0.6536)  time: 0.5036  data: 0.0004  max mem: 24227
Epoch: [4]  [4080/5625]  eta: 0:13:00  lr: 0.000009  train_loss: 0.2390 (0.2898)  train_iou: 0.7207 (0.6540)  time: 0.5012  data: 0.0004  max mem: 24227
Epoch: [4]  [4100/5625]  eta: 0:12:50  lr: 0.000009  train_loss: 0.2064 (0.2896)  train_iou: 0.7223 (0.6543)  time: 0.4996  data: 0.0005  max mem: 24227
Epoch: [4]  [4120/5625]  eta: 0:12:40  lr: 0.000009  train_loss: 0.3344 (0.2897)  train_iou: 0.6429 (0.6542)  time: 0.5087  data: 0.0004  max mem: 24227
Epoch: [4]  [4140/5625]  eta: 0:12:30  lr: 0.000009  train_loss: 0.1707 (0.2895)  train_iou: 0.7066 (0.6544)  time: 0.5084  data: 0.0005  max mem: 24227
Epoch: [4]  [4160/5625]  eta: 0:12:20  lr: 0.000009  train_loss: 0.2681 (0.2895)  train_iou: 0.6362 (0.6546)  time: 0.5048  data: 0.0004  max mem: 24227
Epoch: [4]  [4180/5625]  eta: 0:12:10  lr: 0.000009  train_loss: 0.2922 (0.2896)  train_iou: 0.7290 (0.6547)  time: 0.5039  data: 0.0004  max mem: 24227
Epoch: [4]  [4200/5625]  eta: 0:11:59  lr: 0.000009  train_loss: 0.2313 (0.2896)  train_iou: 0.6049 (0.6546)  time: 0.5016  data: 0.0004  max mem: 24227
Epoch: [4]  [4220/5625]  eta: 0:11:49  lr: 0.000009  train_loss: 0.1979 (0.2894)  train_iou: 0.7452 (0.6548)  time: 0.5003  data: 0.0004  max mem: 24227
Epoch: [4]  [4240/5625]  eta: 0:11:39  lr: 0.000009  train_loss: 0.2520 (0.2894)  train_iou: 0.6874 (0.6548)  time: 0.5029  data: 0.0013  max mem: 24227
Epoch: [4]  [4260/5625]  eta: 0:11:29  lr: 0.000009  train_loss: 0.2426 (0.2894)  train_iou: 0.6892 (0.6548)  time: 0.5043  data: 0.0004  max mem: 24227
Epoch: [4]  [4280/5625]  eta: 0:11:19  lr: 0.000009  train_loss: 0.2761 (0.2895)  train_iou: 0.6621 (0.6548)  time: 0.5059  data: 0.0013  max mem: 24227
Epoch: [4]  [4300/5625]  eta: 0:11:09  lr: 0.000009  train_loss: 0.2616 (0.2895)  train_iou: 0.6775 (0.6549)  time: 0.5074  data: 0.0004  max mem: 24227
Epoch: [4]  [4320/5625]  eta: 0:10:59  lr: 0.000009  train_loss: 0.2421 (0.2893)  train_iou: 0.6748 (0.6551)  time: 0.5051  data: 0.0014  max mem: 24227
Epoch: [4]  [4340/5625]  eta: 0:10:49  lr: 0.000009  train_loss: 0.2914 (0.2895)  train_iou: 0.6213 (0.6550)  time: 0.5059  data: 0.0004  max mem: 24227
Epoch: [4]  [4360/5625]  eta: 0:10:39  lr: 0.000009  train_loss: 0.1883 (0.2892)  train_iou: 0.7370 (0.6553)  time: 0.5028  data: 0.0004  max mem: 24227
Epoch: [4]  [4380/5625]  eta: 0:10:28  lr: 0.000009  train_loss: 0.3036 (0.2894)  train_iou: 0.6217 (0.6552)  time: 0.5045  data: 0.0004  max mem: 24227
Epoch: [4]  [4400/5625]  eta: 0:10:18  lr: 0.000009  train_loss: 0.2065 (0.2893)  train_iou: 0.6481 (0.6551)  time: 0.5045  data: 0.0004  max mem: 24227
Epoch: [4]  [4420/5625]  eta: 0:10:08  lr: 0.000009  train_loss: 0.1890 (0.2890)  train_iou: 0.7125 (0.6553)  time: 0.5026  data: 0.0004  max mem: 24227
Epoch: [4]  [4440/5625]  eta: 0:09:58  lr: 0.000009  train_loss: 0.2573 (0.2891)  train_iou: 0.6674 (0.6554)  time: 0.5013  data: 0.0004  max mem: 24227
Epoch: [4]  [4460/5625]  eta: 0:09:48  lr: 0.000009  train_loss: 0.2520 (0.2890)  train_iou: 0.6143 (0.6552)  time: 0.5002  data: 0.0004  max mem: 24227
Epoch: [4]  [4480/5625]  eta: 0:09:38  lr: 0.000009  train_loss: 0.2115 (0.2888)  train_iou: 0.6570 (0.6552)  time: 0.5044  data: 0.0005  max mem: 24227
Epoch: [4]  [4500/5625]  eta: 0:09:28  lr: 0.000009  train_loss: 0.3384 (0.2890)  train_iou: 0.6639 (0.6552)  time: 0.5049  data: 0.0004  max mem: 24227
Epoch: [4]  [4520/5625]  eta: 0:09:18  lr: 0.000009  train_loss: 0.2060 (0.2887)  train_iou: 0.6913 (0.6554)  time: 0.5026  data: 0.0004  max mem: 24227
Epoch: [4]  [4540/5625]  eta: 0:09:08  lr: 0.000009  train_loss: 0.2282 (0.2886)  train_iou: 0.5963 (0.6553)  time: 0.5051  data: 0.0004  max mem: 24227
Epoch: [4]  [4560/5625]  eta: 0:08:57  lr: 0.000009  train_loss: 0.2194 (0.2885)  train_iou: 0.6894 (0.6555)  time: 0.5015  data: 0.0015  max mem: 24227
Epoch: [4]  [4580/5625]  eta: 0:08:47  lr: 0.000009  train_loss: 0.2386 (0.2883)  train_iou: 0.6752 (0.6556)  time: 0.5053  data: 0.0004  max mem: 24227
Epoch: [4]  [4600/5625]  eta: 0:08:37  lr: 0.000009  train_loss: 0.2584 (0.2883)  train_iou: 0.6288 (0.6555)  time: 0.5032  data: 0.0004  max mem: 24227
Epoch: [4]  [4620/5625]  eta: 0:08:27  lr: 0.000009  train_loss: 0.2468 (0.2883)  train_iou: 0.6860 (0.6557)  time: 0.5070  data: 0.0004  max mem: 24227
Epoch: [4]  [4640/5625]  eta: 0:08:17  lr: 0.000009  train_loss: 0.2741 (0.2883)  train_iou: 0.5935 (0.6555)  time: 0.5006  data: 0.0004  max mem: 24227
Epoch: [4]  [4660/5625]  eta: 0:08:07  lr: 0.000009  train_loss: 0.2265 (0.2881)  train_iou: 0.6750 (0.6556)  time: 0.5047  data: 0.0004  max mem: 24227
Epoch: [4]  [4680/5625]  eta: 0:07:57  lr: 0.000009  train_loss: 0.1967 (0.2879)  train_iou: 0.6447 (0.6556)  time: 0.5027  data: 0.0004  max mem: 24227
Epoch: [4]  [4700/5625]  eta: 0:07:47  lr: 0.000009  train_loss: 0.2555 (0.2878)  train_iou: 0.6631 (0.6556)  time: 0.5037  data: 0.0004  max mem: 24227
Epoch: [4]  [4720/5625]  eta: 0:07:37  lr: 0.000009  train_loss: 0.2113 (0.2875)  train_iou: 0.6796 (0.6558)  time: 0.5054  data: 0.0004  max mem: 24227
Epoch: [4]  [4740/5625]  eta: 0:07:26  lr: 0.000009  train_loss: 0.2957 (0.2876)  train_iou: 0.6407 (0.6556)  time: 0.5035  data: 0.0011  max mem: 24227
Epoch: [4]  [4760/5625]  eta: 0:07:16  lr: 0.000009  train_loss: 0.2786 (0.2877)  train_iou: 0.6640 (0.6556)  time: 0.5021  data: 0.0004  max mem: 24227
Epoch: [4]  [4780/5625]  eta: 0:07:06  lr: 0.000009  train_loss: 0.3374 (0.2880)  train_iou: 0.6254 (0.6555)  time: 0.5063  data: 0.0004  max mem: 24227
Epoch: [4]  [4800/5625]  eta: 0:06:56  lr: 0.000009  train_loss: 0.1951 (0.2879)  train_iou: 0.6259 (0.6555)  time: 0.5020  data: 0.0004  max mem: 24227
Epoch: [4]  [4820/5625]  eta: 0:06:46  lr: 0.000009  train_loss: 0.2085 (0.2877)  train_iou: 0.6540 (0.6556)  time: 0.5105  data: 0.0004  max mem: 24227
Epoch: [4]  [4840/5625]  eta: 0:06:36  lr: 0.000009  train_loss: 0.2789 (0.2878)  train_iou: 0.6253 (0.6555)  time: 0.5112  data: 0.0006  max mem: 24227
Epoch: [4]  [4860/5625]  eta: 0:06:26  lr: 0.000009  train_loss: 0.2663 (0.2878)  train_iou: 0.5873 (0.6553)  time: 0.5030  data: 0.0004  max mem: 24227
Epoch: [4]  [4880/5625]  eta: 0:06:16  lr: 0.000009  train_loss: 0.2462 (0.2878)  train_iou: 0.6377 (0.6553)  time: 0.5012  data: 0.0004  max mem: 24227
Epoch: [4]  [4900/5625]  eta: 0:06:06  lr: 0.000009  train_loss: 0.3276 (0.2881)  train_iou: 0.6571 (0.6553)  time: 0.5035  data: 0.0005  max mem: 24227
Epoch: [4]  [4920/5625]  eta: 0:05:56  lr: 0.000009  train_loss: 0.2406 (0.2879)  train_iou: 0.6439 (0.6552)  time: 0.5034  data: 0.0021  max mem: 24227
Epoch: [4]  [4940/5625]  eta: 0:05:45  lr: 0.000009  train_loss: 0.1848 (0.2877)  train_iou: 0.6096 (0.6552)  time: 0.5020  data: 0.0004  max mem: 24227
Epoch: [4]  [4960/5625]  eta: 0:05:35  lr: 0.000009  train_loss: 0.3051 (0.2879)  train_iou: 0.6417 (0.6551)  time: 0.5053  data: 0.0004  max mem: 24227
Epoch: [4]  [4980/5625]  eta: 0:05:25  lr: 0.000009  train_loss: 0.3207 (0.2879)  train_iou: 0.6412 (0.6549)  time: 0.4988  data: 0.0004  max mem: 24227
Epoch: [4]  [5000/5625]  eta: 0:05:15  lr: 0.000009  train_loss: 0.2167 (0.2879)  train_iou: 0.6779 (0.6551)  time: 0.5066  data: 0.0013  max mem: 24227
Epoch: [4]  [5020/5625]  eta: 0:05:05  lr: 0.000009  train_loss: 0.1750 (0.2877)  train_iou: 0.7298 (0.6553)  time: 0.5059  data: 0.0004  max mem: 24227
Epoch: [4]  [5040/5625]  eta: 0:04:55  lr: 0.000009  train_loss: 0.2358 (0.2876)  train_iou: 0.6470 (0.6551)  time: 0.5068  data: 0.0004  max mem: 24227
Epoch: [4]  [5060/5625]  eta: 0:04:45  lr: 0.000009  train_loss: 0.2281 (0.2875)  train_iou: 0.5985 (0.6550)  time: 0.5039  data: 0.0004  max mem: 24227
Epoch: [4]  [5080/5625]  eta: 0:04:35  lr: 0.000009  train_loss: 0.2216 (0.2874)  train_iou: 0.6436 (0.6549)  time: 0.5044  data: 0.0013  max mem: 24227
Epoch: [4]  [5100/5625]  eta: 0:04:25  lr: 0.000009  train_loss: 0.1728 (0.2873)  train_iou: 0.6771 (0.6550)  time: 0.5033  data: 0.0004  max mem: 24227
Epoch: [4]  [5120/5625]  eta: 0:04:15  lr: 0.000009  train_loss: 0.2357 (0.2874)  train_iou: 0.6027 (0.6549)  time: 0.5003  data: 0.0005  max mem: 24227
Epoch: [4]  [5140/5625]  eta: 0:04:04  lr: 0.000009  train_loss: 0.2867 (0.2876)  train_iou: 0.5882 (0.6548)  time: 0.5032  data: 0.0004  max mem: 24227
Epoch: [4]  [5160/5625]  eta: 0:03:54  lr: 0.000009  train_loss: 0.3222 (0.2879)  train_iou: 0.6767 (0.6548)  time: 0.5013  data: 0.0004  max mem: 24227
Epoch: [4]  [5180/5625]  eta: 0:03:44  lr: 0.000009  train_loss: 0.2281 (0.2877)  train_iou: 0.6802 (0.6549)  time: 0.5053  data: 0.0004  max mem: 24227
Epoch: [4]  [5200/5625]  eta: 0:03:34  lr: 0.000009  train_loss: 0.2165 (0.2876)  train_iou: 0.7100 (0.6549)  time: 0.5038  data: 0.0013  max mem: 24227
Epoch: [4]  [5220/5625]  eta: 0:03:24  lr: 0.000009  train_loss: 0.2074 (0.2875)  train_iou: 0.7220 (0.6551)  time: 0.5030  data: 0.0004  max mem: 24227
Epoch: [4]  [5240/5625]  eta: 0:03:14  lr: 0.000009  train_loss: 0.2299 (0.2874)  train_iou: 0.6628 (0.6551)  time: 0.5036  data: 0.0012  max mem: 24227
Epoch: [4]  [5260/5625]  eta: 0:03:04  lr: 0.000009  train_loss: 0.2008 (0.2873)  train_iou: 0.7039 (0.6553)  time: 0.5075  data: 0.0005  max mem: 24227
Epoch: [4]  [5280/5625]  eta: 0:02:54  lr: 0.000009  train_loss: 0.2479 (0.2871)  train_iou: 0.6452 (0.6553)  time: 0.5034  data: 0.0004  max mem: 24227
Epoch: [4]  [5300/5625]  eta: 0:02:44  lr: 0.000009  train_loss: 0.2234 (0.2870)  train_iou: 0.6476 (0.6552)  time: 0.4996  data: 0.0012  max mem: 24227
Epoch: [4]  [5320/5625]  eta: 0:02:33  lr: 0.000009  train_loss: 0.2936 (0.2872)  train_iou: 0.6146 (0.6550)  time: 0.5049  data: 0.0004  max mem: 24227
Epoch: [4]  [5340/5625]  eta: 0:02:23  lr: 0.000009  train_loss: 0.2808 (0.2874)  train_iou: 0.6234 (0.6550)  time: 0.5057  data: 0.0004  max mem: 24227
Epoch: [4]  [5360/5625]  eta: 0:02:13  lr: 0.000009  train_loss: 0.2838 (0.2875)  train_iou: 0.6759 (0.6550)  time: 0.5053  data: 0.0004  max mem: 24227
Epoch: [4]  [5380/5625]  eta: 0:02:03  lr: 0.000009  train_loss: 0.2640 (0.2874)  train_iou: 0.6482 (0.6550)  time: 0.5062  data: 0.0004  max mem: 24227
Epoch: [4]  [5400/5625]  eta: 0:01:53  lr: 0.000009  train_loss: 0.2059 (0.2873)  train_iou: 0.6245 (0.6550)  time: 0.5032  data: 0.0004  max mem: 24227
Epoch: [4]  [5420/5625]  eta: 0:01:43  lr: 0.000009  train_loss: 0.2914 (0.2873)  train_iou: 0.6351 (0.6549)  time: 0.5029  data: 0.0014  max mem: 24227
Epoch: [4]  [5440/5625]  eta: 0:01:33  lr: 0.000009  train_loss: 0.2396 (0.2872)  train_iou: 0.6668 (0.6550)  time: 0.5057  data: 0.0004  max mem: 24227
Epoch: [4]  [5460/5625]  eta: 0:01:23  lr: 0.000009  train_loss: 0.2554 (0.2874)  train_iou: 0.6453 (0.6551)  time: 0.5041  data: 0.0005  max mem: 24227
Epoch: [4]  [5480/5625]  eta: 0:01:13  lr: 0.000009  train_loss: 0.2772 (0.2873)  train_iou: 0.6562 (0.6551)  time: 0.5074  data: 0.0014  max mem: 24227
Epoch: [4]  [5500/5625]  eta: 0:01:03  lr: 0.000009  train_loss: 0.3082 (0.2874)  train_iou: 0.6310 (0.6551)  time: 0.5075  data: 0.0004  max mem: 24227
Epoch: [4]  [5520/5625]  eta: 0:00:53  lr: 0.000009  train_loss: 0.2214 (0.2873)  train_iou: 0.6022 (0.6550)  time: 0.5043  data: 0.0004  max mem: 24227
Epoch: [4]  [5540/5625]  eta: 0:00:42  lr: 0.000009  train_loss: 0.2314 (0.2872)  train_iou: 0.7163 (0.6552)  time: 0.5045  data: 0.0004  max mem: 24227
Epoch: [4]  [5560/5625]  eta: 0:00:32  lr: 0.000009  train_loss: 0.2361 (0.2872)  train_iou: 0.6510 (0.6553)  time: 0.5027  data: 0.0004  max mem: 24227
Epoch: [4]  [5580/5625]  eta: 0:00:22  lr: 0.000009  train_loss: 0.2488 (0.2871)  train_iou: 0.6656 (0.6553)  time: 0.5033  data: 0.0016  max mem: 24227
Epoch: [4]  [5600/5625]  eta: 0:00:12  lr: 0.000009  train_loss: 0.2836 (0.2872)  train_iou: 0.6200 (0.6554)  time: 0.5032  data: 0.0004  max mem: 24227
Epoch: [4]  [5620/5625]  eta: 0:00:02  lr: 0.000009  train_loss: 0.2472 (0.2872)  train_iou: 0.6045 (0.6552)  time: 0.4862  data: 0.0002  max mem: 24227
Epoch: [4]  [5624/5625]  eta: 0:00:00  lr: 0.000009  train_loss: 0.2459 (0.2872)  train_iou: 0.6332 (0.6552)  time: 0.4792  data: 0.0002  max mem: 24227
Epoch: [4] Total time: 0:47:20 (0.5050 s / it)
Averaged stats: lr: 0.000009  train_loss: 0.2459 (0.2872)  train_iou: 0.6332 (0.6552)
huggingface/tokenizers: The current process just got forked, after parallelism has already been used. Disabling parallelism to avoid deadlocks...
To disable this warning, you can either:
	- Avoid using `tokenizers` before the fork if possible
	- Explicitly set the environment variable TOKENIZERS_PARALLELISM=(true | false)
huggingface/tokenizers: The current process just got forked, after parallelism has already been used. Disabling parallelism to avoid deadlocks...
To disable this warning, you can either:
	- Avoid using `tokenizers` before the fork if possible
	- Explicitly set the environment variable TOKENIZERS_PARALLELISM=(true | false)
huggingface/tokenizers: The current process just got forked, after parallelism has already been used. Disabling parallelism to avoid deadlocks...
To disable this warning, you can either:
	- Avoid using `tokenizers` before the fork if possible
	- Explicitly set the environment variable TOKENIZERS_PARALLELISM=(true | false)
huggingface/tokenizers: The current process just got forked, after parallelism has already been used. Disabling parallelism to avoid deadlocks...
To disable this warning, you can either:
	- Avoid using `tokenizers` before the fork if possible
	- Explicitly set the environment variable TOKENIZERS_PARALLELISM=(true | false)
huggingface/tokenizers: The current process just got forked, after parallelism has already been used. Disabling parallelism to avoid deadlocks...
To disable this warning, you can either:
	- Avoid using `tokenizers` before the fork if possible
	- Explicitly set the environment variable TOKENIZERS_PARALLELISM=(true | false)
huggingface/tokenizers: The current process just got forked, after parallelism has already been used. Disabling parallelism to avoid deadlocks...
To disable this warning, you can either:
	- Avoid using `tokenizers` before the fork if possible
	- Explicitly set the environment variable TOKENIZERS_PARALLELISM=(true | false)
huggingface/tokenizers: The current process just got forked, after parallelism has already been used. Disabling parallelism to avoid deadlocks...
To disable this warning, you can either:
	- Avoid using `tokenizers` before the fork if possible
	- Explicitly set the environment variable TOKENIZERS_PARALLELISM=(true | false)
huggingface/tokenizers: The current process just got forked, after parallelism has already been used. Disabling parallelism to avoid deadlocks...
To disable this warning, you can either:
	- Avoid using `tokenizers` before the fork if possible
	- Explicitly set the environment variable TOKENIZERS_PARALLELISM=(true | false)
Test:  [   0/4000]  eta: 1:56:49  inter: 33299.0000 (33299.0000)  union: 35425.0000 (35425.0000)  iou: 0.9400 (0.9400)  time: 1.7523  data: 1.5852  max mem: 24227
Test:  [  50/4000]  eta: 0:10:16  inter: 17819.0000 (24528.1406)  union: 50241.0000 (42565.2344)  iou: 0.5066 (0.5607)  time: 0.1295  data: 0.0004  max mem: 24227
Test:  [ 100/4000]  eta: 0:09:27  inter: 23767.0000 (27186.1544)  union: 47960.0000 (42252.3897)  iou: 0.7813 (0.6104)  time: 0.1292  data: 0.0004  max mem: 24227
Test:  [ 150/4000]  eta: 0:09:09  inter: 17984.0000 (26093.4067)  union: 30322.0000 (40078.7225)  iou: 0.8430 (0.6337)  time: 0.1414  data: 0.0004  max mem: 24227
Test:  [ 200/4000]  eta: 0:08:45  inter: 32052.0000 (26520.5421)  union: 37031.0000 (39784.0256)  iou: 0.9256 (0.6462)  time: 0.1236  data: 0.0004  max mem: 24227
Test:  [ 250/4000]  eta: 0:08:24  inter: 14683.0000 (28211.6054)  union: 33644.0000 (41680.8705)  iou: 0.4543 (0.6365)  time: 0.1136  data: 0.0004  max mem: 24227
Test:  [ 300/4000]  eta: 0:08:16  inter: 20455.0000 (27598.7767)  union: 24379.0000 (41366.0670)  iou: 0.8130 (0.6266)  time: 0.1361  data: 0.0004  max mem: 24227
Test:  [ 350/4000]  eta: 0:08:16  inter: 9013.0000 (26555.5682)  union: 32827.0000 (41226.5062)  iou: 0.5471 (0.6135)  time: 0.1480  data: 0.0004  max mem: 24227
Test:  [ 400/4000]  eta: 0:08:10  inter: 30667.0000 (26096.0393)  union: 35981.0000 (40943.3339)  iou: 0.6490 (0.6113)  time: 0.1234  data: 0.0004  max mem: 24227
Test:  [ 450/4000]  eta: 0:08:02  inter: 17806.0000 (25955.7143)  union: 29053.0000 (40885.6190)  iou: 0.5153 (0.6112)  time: 0.1533  data: 0.0004  max mem: 24227
Test:  [ 500/4000]  eta: 0:07:53  inter: 17273.0000 (26465.0802)  union: 27740.0000 (41702.5244)  iou: 0.5296 (0.6091)  time: 0.1214  data: 0.0004  max mem: 24227
Test:  [ 550/4000]  eta: 0:07:49  inter: 23667.0000 (26347.2841)  union: 27844.0000 (41460.1440)  iou: 0.7716 (0.6127)  time: 0.1444  data: 0.0004  max mem: 24227
Test:  [ 600/4000]  eta: 0:07:40  inter: 10324.0000 (26286.5598)  union: 31261.0000 (41300.9811)  iou: 0.8042 (0.6104)  time: 0.1350  data: 0.0004  max mem: 24227
Test:  [ 650/4000]  eta: 0:07:30  inter: 30311.0000 (26826.1193)  union: 42230.0000 (41675.1381)  iou: 0.8076 (0.6103)  time: 0.1190  data: 0.0004  max mem: 24227
Test:  [ 700/4000]  eta: 0:07:22  inter: 14086.0000 (26341.1407)  union: 28849.0000 (41349.5513)  iou: 0.3358 (0.6033)  time: 0.1258  data: 0.0004  max mem: 24227
Test:  [ 750/4000]  eta: 0:07:17  inter: 27301.0000 (26394.8925)  union: 30011.0000 (41368.7393)  iou: 0.8104 (0.6052)  time: 0.1527  data: 0.0004  max mem: 24227
Test:  [ 800/4000]  eta: 0:07:09  inter: 12640.0000 (26177.2500)  union: 46500.0000 (40913.0839)  iou: 0.7078 (0.6054)  time: 0.1428  data: 0.0004  max mem: 24227
Test:  [ 850/4000]  eta: 0:07:03  inter: 22171.0000 (26238.2285)  union: 39921.0000 (40929.4669)  iou: 0.7955 (0.6070)  time: 0.1187  data: 0.0004  max mem: 24227
Test:  [ 900/4000]  eta: 0:06:56  inter: 10041.0000 (26301.3091)  union: 27834.0000 (41070.1130)  iou: 0.6853 (0.6034)  time: 0.1166  data: 0.0004  max mem: 24227
Test:  [ 950/4000]  eta: 0:06:49  inter: 25083.0000 (26519.3728)  union: 30850.0000 (41120.2228)  iou: 0.8513 (0.6039)  time: 0.1335  data: 0.0004  max mem: 24227
Test:  [1000/4000]  eta: 0:06:42  inter: 21100.0000 (26750.8803)  union: 37479.0000 (41232.1768)  iou: 0.7684 (0.6058)  time: 0.1186  data: 0.0004  max mem: 24227
Test:  [1050/4000]  eta: 0:06:34  inter: 21902.0000 (26767.7259)  union: 37473.0000 (41257.8211)  iou: 0.6624 (0.6051)  time: 0.1367  data: 0.0004  max mem: 24227
Test:  [1100/4000]  eta: 0:06:27  inter: 22557.0000 (26647.9466)  union: 27900.0000 (41022.7461)  iou: 0.7251 (0.6050)  time: 0.1305  data: 0.0004  max mem: 24227
Test:  [1150/4000]  eta: 0:06:21  inter: 9989.0000 (26783.0093)  union: 23931.0000 (40864.5428)  iou: 0.4181 (0.6071)  time: 0.1438  data: 0.0004  max mem: 24227
Test:  [1200/4000]  eta: 0:06:14  inter: 10051.0000 (26743.8966)  union: 29552.0000 (41085.7301)  iou: 0.8026 (0.6031)  time: 0.1323  data: 0.0004  max mem: 24227
Test:  [1250/4000]  eta: 0:06:09  inter: 773.0000 (26465.3913)  union: 31397.0000 (40842.9057)  iou: 0.0150 (0.6007)  time: 0.1481  data: 0.0004  max mem: 24227
Test:  [1300/4000]  eta: 0:06:02  inter: 21921.0000 (26224.9525)  union: 34165.0000 (40616.1770)  iou: 0.5711 (0.6013)  time: 0.1361  data: 0.0004  max mem: 24227
Test:  [1350/4000]  eta: 0:05:55  inter: 25946.0000 (26298.0116)  union: 34101.0000 (40565.6316)  iou: 0.7951 (0.6025)  time: 0.1299  data: 0.0004  max mem: 24227
Test:  [1400/4000]  eta: 0:05:49  inter: 10078.0000 (26403.3618)  union: 12052.0000 (40751.8386)  iou: 0.6948 (0.6000)  time: 0.1363  data: 0.0004  max mem: 24227
Test:  [1450/4000]  eta: 0:05:42  inter: 15311.0000 (26344.2191)  union: 41029.0000 (40645.4763)  iou: 0.4975 (0.5994)  time: 0.1259  data: 0.0004  max mem: 24227
Test:  [1500/4000]  eta: 0:05:35  inter: 17316.0000 (26375.5047)  union: 47990.0000 (40791.1490)  iou: 0.4563 (0.5972)  time: 0.1272  data: 0.0004  max mem: 24227
Test:  [1550/4000]  eta: 0:05:28  inter: 11917.0000 (26231.4060)  union: 25520.0000 (40728.3330)  iou: 0.8765 (0.5976)  time: 0.1501  data: 0.0004  max mem: 24227
Test:  [1600/4000]  eta: 0:05:22  inter: 11231.0000 (26119.4764)  union: 25594.0000 (40670.9013)  iou: 0.7447 (0.5948)  time: 0.1527  data: 0.0004  max mem: 24227
Test:  [1650/4000]  eta: 0:05:15  inter: 16494.0000 (26108.2371)  union: 34264.0000 (40682.9593)  iou: 0.4524 (0.5938)  time: 0.1294  data: 0.0004  max mem: 24227
Test:  [1700/4000]  eta: 0:05:08  inter: 16904.0000 (26077.4768)  union: 36309.0000 (40753.2891)  iou: 0.8023 (0.5922)  time: 0.1297  data: 0.0004  max mem: 24227
Test:  [1750/4000]  eta: 0:05:01  inter: 21713.0000 (26029.6985)  union: 32688.0000 (40675.5920)  iou: 0.7825 (0.5918)  time: 0.1472  data: 0.0004  max mem: 24227
Test:  [1800/4000]  eta: 0:04:55  inter: 22565.0000 (25911.8139)  union: 43143.0000 (40572.3848)  iou: 0.6250 (0.5910)  time: 0.1483  data: 0.0004  max mem: 24227
Test:  [1850/4000]  eta: 0:04:47  inter: 11148.0000 (25868.5682)  union: 33301.0000 (40637.8958)  iou: 0.2919 (0.5892)  time: 0.1348  data: 0.0004  max mem: 24227
Test:  [1900/4000]  eta: 0:04:41  inter: 36949.0000 (25804.3996)  union: 56626.0000 (40576.9653)  iou: 0.6532 (0.5901)  time: 0.1358  data: 0.0004  max mem: 24227
Test:  [1950/4000]  eta: 0:04:35  inter: 12116.0000 (25765.3857)  union: 16864.0000 (40547.7642)  iou: 0.7209 (0.5902)  time: 0.1345  data: 0.0004  max mem: 24227
Test:  [2000/4000]  eta: 0:04:27  inter: 15778.0000 (25813.0053)  union: 22302.0000 (40504.4972)  iou: 0.7758 (0.5916)  time: 0.1168  data: 0.0004  max mem: 24227
Test:  [2050/4000]  eta: 0:04:21  inter: 6290.0000 (25713.2516)  union: 56192.0000 (40596.2664)  iou: 0.2483 (0.5900)  time: 0.1618  data: 0.0004  max mem: 24227
Test:  [2100/4000]  eta: 0:04:14  inter: 21168.0000 (25683.6035)  union: 32021.0000 (40567.1733)  iou: 0.8032 (0.5903)  time: 0.1189  data: 0.0004  max mem: 24227
Test:  [2150/4000]  eta: 0:04:07  inter: 24053.0000 (25696.2265)  union: 30335.0000 (40623.0740)  iou: 0.7921 (0.5898)  time: 0.1222  data: 0.0004  max mem: 24227
Test:  [2200/4000]  eta: 0:04:00  inter: 13927.0000 (25676.3146)  union: 23348.0000 (40570.5606)  iou: 0.5522 (0.5899)  time: 0.1371  data: 0.0004  max mem: 24227
Test:  [2250/4000]  eta: 0:03:54  inter: 17620.0000 (25532.1473)  union: 37919.0000 (40423.5063)  iou: 0.6285 (0.5884)  time: 0.1215  data: 0.0004  max mem: 24227
Test:  [2300/4000]  eta: 0:03:47  inter: 30818.0000 (25618.2468)  union: 37475.0000 (40398.7652)  iou: 0.6657 (0.5908)  time: 0.1359  data: 0.0004  max mem: 24227
Test:  [2350/4000]  eta: 0:03:40  inter: 16035.0000 (25537.3041)  union: 51496.0000 (40369.8862)  iou: 0.7447 (0.5905)  time: 0.1464  data: 0.0004  max mem: 24227
Test:  [2400/4000]  eta: 0:03:34  inter: 10594.0000 (25576.9523)  union: 33048.0000 (40342.3981)  iou: 0.4399 (0.5909)  time: 0.1459  data: 0.0004  max mem: 24227
Test:  [2450/4000]  eta: 0:03:27  inter: 28763.0000 (25659.9668)  union: 32475.0000 (40386.4591)  iou: 0.8757 (0.5925)  time: 0.1100  data: 0.0004  max mem: 24227
Test:  [2500/4000]  eta: 0:03:20  inter: 25106.0000 (25648.7620)  union: 39002.0000 (40397.4751)  iou: 0.8527 (0.5925)  time: 0.1151  data: 0.0004  max mem: 24227
Test:  [2550/4000]  eta: 0:03:13  inter: 29674.0000 (25769.8497)  union: 37081.0000 (40561.1041)  iou: 0.7894 (0.5929)  time: 0.1486  data: 0.0004  max mem: 24227
Test:  [2600/4000]  eta: 0:03:06  inter: 11335.0000 (25690.5801)  union: 31765.0000 (40521.2295)  iou: 0.4759 (0.5915)  time: 0.1398  data: 0.0004  max mem: 24227
Test:  [2650/4000]  eta: 0:03:00  inter: 16806.0000 (25694.5285)  union: 34584.0000 (40713.4463)  iou: 0.8251 (0.5906)  time: 0.1367  data: 0.0004  max mem: 24227
Test:  [2700/4000]  eta: 0:02:53  inter: 25915.0000 (25787.0273)  union: 30694.0000 (40790.4418)  iou: 0.8510 (0.5916)  time: 0.1271  data: 0.0004  max mem: 24227
Test:  [2750/4000]  eta: 0:02:46  inter: 23050.0000 (25861.4556)  union: 29110.0000 (40922.1316)  iou: 0.7904 (0.5908)  time: 0.1258  data: 0.0004  max mem: 24227
Test:  [2800/4000]  eta: 0:02:40  inter: 14863.0000 (25832.5964)  union: 26206.0000 (40818.0670)  iou: 0.7876 (0.5910)  time: 0.1303  data: 0.0004  max mem: 24227
Test:  [2850/4000]  eta: 0:02:33  inter: 12494.0000 (25937.1633)  union: 33323.0000 (40904.9781)  iou: 0.3974 (0.5903)  time: 0.1274  data: 0.0004  max mem: 24227
Test:  [2900/4000]  eta: 0:02:27  inter: 17775.0000 (25948.4106)  union: 26213.0000 (40978.3896)  iou: 0.7812 (0.5893)  time: 0.1191  data: 0.0004  max mem: 24227
Test:  [2950/4000]  eta: 0:02:20  inter: 20108.0000 (25985.5130)  union: 26720.0000 (41012.6565)  iou: 0.5875 (0.5894)  time: 0.1195  data: 0.0004  max mem: 24227
Test:  [3000/4000]  eta: 0:02:13  inter: 14330.0000 (25935.7610)  union: 32810.0000 (40973.8549)  iou: 0.6146 (0.5887)  time: 0.1488  data: 0.0004  max mem: 24227
Test:  [3050/4000]  eta: 0:02:07  inter: 13613.0000 (25903.8105)  union: 29923.0000 (41011.9533)  iou: 0.4670 (0.5886)  time: 0.1293  data: 0.0004  max mem: 24227
Test:  [3100/4000]  eta: 0:02:00  inter: 23193.0000 (25899.1639)  union: 41824.0000 (40986.3138)  iou: 0.4956 (0.5890)  time: 0.1334  data: 0.0004  max mem: 24227
Test:  [3150/4000]  eta: 0:01:53  inter: 15143.0000 (25771.8571)  union: 21749.0000 (40847.2058)  iou: 0.5543 (0.5884)  time: 0.1343  data: 0.0004  max mem: 24227
Test:  [3200/4000]  eta: 0:01:46  inter: 12679.0000 (25766.4100)  union: 41018.0000 (40879.0443)  iou: 0.5528 (0.5887)  time: 0.1256  data: 0.0004  max mem: 24227
Test:  [3250/4000]  eta: 0:01:40  inter: 14804.0000 (25704.2948)  union: 24957.0000 (40827.7839)  iou: 0.6649 (0.5872)  time: 0.1329  data: 0.0004  max mem: 24227
Test:  [3300/4000]  eta: 0:01:33  inter: 24920.0000 (25788.9910)  union: 44295.0000 (40925.3458)  iou: 0.8347 (0.5863)  time: 0.1512  data: 0.0004  max mem: 24227
Test:  [3350/4000]  eta: 0:01:26  inter: 9605.0000 (25790.7479)  union: 12726.0000 (40935.8362)  iou: 0.8008 (0.5869)  time: 0.1128  data: 0.0004  max mem: 24227
Test:  [3400/4000]  eta: 0:01:20  inter: 24243.0000 (25915.8218)  union: 40338.0000 (41001.4344)  iou: 0.8583 (0.5882)  time: 0.1421  data: 0.0004  max mem: 24227
Test:  [3450/4000]  eta: 0:01:13  inter: 19532.0000 (25917.9708)  union: 31481.0000 (41031.2910)  iou: 0.5590 (0.5883)  time: 0.1238  data: 0.0004  max mem: 24227
Test:  [3500/4000]  eta: 0:01:06  inter: 13093.0000 (25885.0215)  union: 21155.0000 (40944.9367)  iou: 0.4171 (0.5885)  time: 0.1226  data: 0.0004  max mem: 24227
Test:  [3550/4000]  eta: 0:01:00  inter: 29818.0000 (25893.1748)  union: 37940.0000 (40962.8402)  iou: 0.7434 (0.5880)  time: 0.1166  data: 0.0004  max mem: 24227
Test:  [3600/4000]  eta: 0:00:53  inter: 21364.0000 (25838.8546)  union: 35004.0000 (40924.0999)  iou: 0.7688 (0.5870)  time: 0.1223  data: 0.0004  max mem: 24227
Test:  [3650/4000]  eta: 0:00:46  inter: 18133.0000 (25782.1292)  union: 38719.0000 (40906.2377)  iou: 0.4371 (0.5864)  time: 0.1568  data: 0.0004  max mem: 24227
Test:  [3700/4000]  eta: 0:00:40  inter: 23700.0000 (25896.1004)  union: 36390.0000 (40952.8286)  iou: 0.8234 (0.5874)  time: 0.1281  data: 0.0004  max mem: 24227
Test:  [3750/4000]  eta: 0:00:33  inter: 23637.0000 (25942.1620)  union: 44460.0000 (41012.4113)  iou: 0.5778 (0.5882)  time: 0.1255  data: 0.0004  max mem: 24227
Test:  [3800/4000]  eta: 0:00:26  inter: 23418.0000 (25975.6937)  union: 29759.0000 (40992.3919)  iou: 0.6177 (0.5888)  time: 0.1105  data: 0.0004  max mem: 24227
Test:  [3850/4000]  eta: 0:00:19  inter: 23796.0000 (25986.5640)  union: 33796.0000 (41037.7589)  iou: 0.8589 (0.5889)  time: 0.1288  data: 0.0004  max mem: 24227
Test:  [3900/4000]  eta: 0:00:13  inter: 18965.0000 (26039.2608)  union: 31543.0000 (41124.2613)  iou: 0.5741 (0.5887)  time: 0.1295  data: 0.0004  max mem: 24227
Test:  [3950/4000]  eta: 0:00:06  inter: 17737.0000 (26019.9110)  union: 32467.0000 (41066.5020)  iou: 0.7651 (0.5892)  time: 0.1220  data: 0.0004  max mem: 24227
Test:  [3999/4000]  eta: 0:00:00  inter: 15271.0000 (25973.8195)  union: 31157.0000 (40973.5026)  iou: 0.7274 (0.5900)  time: 0.1114  data: 0.0001  max mem: 24227
Test: Total time: 0:08:54 (0.1336 s / it)
* IoU 0.590 oIoU 0.634
IoU of the network on the 4000 test images: 0.6%
Max IoU: 0.59%
huggingface/tokenizers: The current process just got forked, after parallelism has already been used. Disabling parallelism to avoid deadlocks...
To disable this warning, you can either:
	- Avoid using `tokenizers` before the fork if possible
	- Explicitly set the environment variable TOKENIZERS_PARALLELISM=(true | false)
huggingface/tokenizers: The current process just got forked, after parallelism has already been used. Disabling parallelism to avoid deadlocks...
To disable this warning, you can either:
	- Avoid using `tokenizers` before the fork if possible
	- Explicitly set the environment variable TOKENIZERS_PARALLELISM=(true | false)
huggingface/tokenizers: The current process just got forked, after parallelism has already been used. Disabling parallelism to avoid deadlocks...
To disable this warning, you can either:
	- Avoid using `tokenizers` before the fork if possible
	- Explicitly set the environment variable TOKENIZERS_PARALLELISM=(true | false)
huggingface/tokenizers: The current process just got forked, after parallelism has already been used. Disabling parallelism to avoid deadlocks...
To disable this warning, you can either:
	- Avoid using `tokenizers` before the fork if possible
	- Explicitly set the environment variable TOKENIZERS_PARALLELISM=(true | false)
huggingface/tokenizers: The current process just got forked, after parallelism has already been used. Disabling parallelism to avoid deadlocks...
To disable this warning, you can either:
	- Avoid using `tokenizers` before the fork if possible
	- Explicitly set the environment variable TOKENIZERS_PARALLELISM=(true | false)
huggingface/tokenizers: The current process just got forked, after parallelism has already been used. Disabling parallelism to avoid deadlocks...
To disable this warning, you can either:
	- Avoid using `tokenizers` before the fork if possible
	- Explicitly set the environment variable TOKENIZERS_PARALLELISM=(true | false)
huggingface/tokenizers: The current process just got forked, after parallelism has already been used. Disabling parallelism to avoid deadlocks...
To disable this warning, you can either:
	- Avoid using `tokenizers` before the fork if possible
	- Explicitly set the environment variable TOKENIZERS_PARALLELISM=(true | false)
huggingface/tokenizers: The current process just got forked, after parallelism has already been used. Disabling parallelism to avoid deadlocks...
To disable this warning, you can either:
	- Avoid using `tokenizers` before the fork if possible
	- Explicitly set the environment variable TOKENIZERS_PARALLELISM=(true | false)
Epoch: [5]  [   0/5625]  eta: 7:53:29  lr: 0.000009  train_loss: 0.4893 (0.4893)  train_iou: 0.5987 (0.5987)  time: 5.0506  data: 4.4307  max mem: 24227
Epoch: [5]  [  20/5625]  eta: 1:08:08  lr: 0.000009  train_loss: 0.1980 (0.2858)  train_iou: 0.6286 (0.6356)  time: 0.5135  data: 0.0030  max mem: 24227
Epoch: [5]  [  40/5625]  eta: 0:57:36  lr: 0.000009  train_loss: 0.1490 (0.2359)  train_iou: 0.6605 (0.6539)  time: 0.5028  data: 0.0016  max mem: 24227
Epoch: [5]  [  60/5625]  eta: 0:53:53  lr: 0.000009  train_loss: 0.2572 (0.2460)  train_iou: 0.5668 (0.6412)  time: 0.5032  data: 0.0004  max mem: 24227
Epoch: [5]  [  80/5625]  eta: 0:52:05  lr: 0.000009  train_loss: 0.2749 (0.2570)  train_iou: 0.6453 (0.6416)  time: 0.5106  data: 0.0004  max mem: 24227
Epoch: [5]  [ 100/5625]  eta: 0:50:49  lr: 0.000009  train_loss: 0.2406 (0.2594)  train_iou: 0.6321 (0.6424)  time: 0.5044  data: 0.0014  max mem: 24227
Epoch: [5]  [ 120/5625]  eta: 0:49:56  lr: 0.000009  train_loss: 0.1903 (0.2580)  train_iou: 0.6608 (0.6447)  time: 0.5063  data: 0.0013  max mem: 24227
Epoch: [5]  [ 140/5625]  eta: 0:49:12  lr: 0.000009  train_loss: 0.2733 (0.2601)  train_iou: 0.6492 (0.6483)  time: 0.5018  data: 0.0004  max mem: 24227
Epoch: [5]  [ 160/5625]  eta: 0:48:37  lr: 0.000009  train_loss: 0.2486 (0.2631)  train_iou: 0.6631 (0.6549)  time: 0.5025  data: 0.0005  max mem: 24227
Epoch: [5]  [ 180/5625]  eta: 0:48:07  lr: 0.000009  train_loss: 0.2137 (0.2620)  train_iou: 0.6694 (0.6550)  time: 0.5011  data: 0.0005  max mem: 24227
Epoch: [5]  [ 200/5625]  eta: 0:47:43  lr: 0.000009  train_loss: 0.2720 (0.2642)  train_iou: 0.6123 (0.6533)  time: 0.5063  data: 0.0004  max mem: 24227
Epoch: [5]  [ 220/5625]  eta: 0:47:22  lr: 0.000009  train_loss: 0.1847 (0.2618)  train_iou: 0.7216 (0.6589)  time: 0.5071  data: 0.0004  max mem: 24227
Epoch: [5]  [ 240/5625]  eta: 0:47:02  lr: 0.000009  train_loss: 0.1775 (0.2612)  train_iou: 0.6565 (0.6601)  time: 0.5047  data: 0.0012  max mem: 24227
Epoch: [5]  [ 260/5625]  eta: 0:46:45  lr: 0.000009  train_loss: 0.2515 (0.2623)  train_iou: 0.6822 (0.6611)  time: 0.5075  data: 0.0004  max mem: 24227
Epoch: [5]  [ 280/5625]  eta: 0:46:28  lr: 0.000009  train_loss: 0.2420 (0.2626)  train_iou: 0.6549 (0.6619)  time: 0.5067  data: 0.0004  max mem: 24227
Epoch: [5]  [ 300/5625]  eta: 0:46:11  lr: 0.000009  train_loss: 0.2577 (0.2650)  train_iou: 0.6646 (0.6613)  time: 0.5034  data: 0.0014  max mem: 24227
Epoch: [5]  [ 320/5625]  eta: 0:45:56  lr: 0.000009  train_loss: 0.2394 (0.2643)  train_iou: 0.6710 (0.6620)  time: 0.5045  data: 0.0004  max mem: 24227
Epoch: [5]  [ 340/5625]  eta: 0:45:41  lr: 0.000009  train_loss: 0.2690 (0.2663)  train_iou: 0.6694 (0.6597)  time: 0.5057  data: 0.0016  max mem: 24227
Epoch: [5]  [ 360/5625]  eta: 0:45:27  lr: 0.000009  train_loss: 0.1997 (0.2653)  train_iou: 0.6367 (0.6591)  time: 0.5055  data: 0.0005  max mem: 24227
Epoch: [5]  [ 380/5625]  eta: 0:45:12  lr: 0.000009  train_loss: 0.2251 (0.2658)  train_iou: 0.6580 (0.6600)  time: 0.5022  data: 0.0004  max mem: 24227
Epoch: [5]  [ 400/5625]  eta: 0:45:00  lr: 0.000009  train_loss: 0.2188 (0.2662)  train_iou: 0.6763 (0.6607)  time: 0.5093  data: 0.0015  max mem: 24227
Epoch: [5]  [ 420/5625]  eta: 0:44:47  lr: 0.000009  train_loss: 0.2462 (0.2695)  train_iou: 0.6622 (0.6604)  time: 0.5058  data: 0.0004  max mem: 24227
Epoch: [5]  [ 440/5625]  eta: 0:44:33  lr: 0.000009  train_loss: 0.2165 (0.2686)  train_iou: 0.6683 (0.6599)  time: 0.5028  data: 0.0004  max mem: 24227
Epoch: [5]  [ 460/5625]  eta: 0:44:20  lr: 0.000009  train_loss: 0.1846 (0.2670)  train_iou: 0.6810 (0.6609)  time: 0.5050  data: 0.0004  max mem: 24227
Epoch: [5]  [ 480/5625]  eta: 0:44:08  lr: 0.000009  train_loss: 0.2525 (0.2669)  train_iou: 0.6096 (0.6595)  time: 0.5031  data: 0.0004  max mem: 24227
Epoch: [5]  [ 500/5625]  eta: 0:43:56  lr: 0.000009  train_loss: 0.2929 (0.2691)  train_iou: 0.6483 (0.6592)  time: 0.5078  data: 0.0007  max mem: 24227
Epoch: [5]  [ 520/5625]  eta: 0:43:45  lr: 0.000009  train_loss: 0.2369 (0.2710)  train_iou: 0.6295 (0.6589)  time: 0.5095  data: 0.0004  max mem: 24227
Epoch: [5]  [ 540/5625]  eta: 0:43:32  lr: 0.000009  train_loss: 0.2998 (0.2726)  train_iou: 0.5951 (0.6570)  time: 0.5026  data: 0.0004  max mem: 24227
Epoch: [5]  [ 560/5625]  eta: 0:43:20  lr: 0.000009  train_loss: 0.1761 (0.2713)  train_iou: 0.6976 (0.6576)  time: 0.5019  data: 0.0021  max mem: 24227
Epoch: [5]  [ 580/5625]  eta: 0:43:09  lr: 0.000009  train_loss: 0.2602 (0.2725)  train_iou: 0.6769 (0.6581)  time: 0.5091  data: 0.0004  max mem: 24227
Epoch: [5]  [ 600/5625]  eta: 0:42:57  lr: 0.000009  train_loss: 0.2851 (0.2749)  train_iou: 0.5886 (0.6570)  time: 0.5066  data: 0.0006  max mem: 24227
Epoch: [5]  [ 620/5625]  eta: 0:42:46  lr: 0.000009  train_loss: 0.2535 (0.2756)  train_iou: 0.6531 (0.6568)  time: 0.5065  data: 0.0004  max mem: 24227
Epoch: [5]  [ 640/5625]  eta: 0:42:35  lr: 0.000009  train_loss: 0.2714 (0.2766)  train_iou: 0.6547 (0.6569)  time: 0.5057  data: 0.0004  max mem: 24227
Epoch: [5]  [ 660/5625]  eta: 0:42:23  lr: 0.000009  train_loss: 0.2098 (0.2756)  train_iou: 0.6840 (0.6582)  time: 0.5057  data: 0.0004  max mem: 24227
Epoch: [5]  [ 680/5625]  eta: 0:42:12  lr: 0.000009  train_loss: 0.1938 (0.2742)  train_iou: 0.6961 (0.6582)  time: 0.5047  data: 0.0014  max mem: 24227
Epoch: [5]  [ 700/5625]  eta: 0:42:01  lr: 0.000009  train_loss: 0.3112 (0.2763)  train_iou: 0.6324 (0.6582)  time: 0.5034  data: 0.0004  max mem: 24227
Epoch: [5]  [ 720/5625]  eta: 0:41:50  lr: 0.000009  train_loss: 0.1878 (0.2754)  train_iou: 0.6129 (0.6567)  time: 0.5106  data: 0.0013  max mem: 24227
Epoch: [5]  [ 740/5625]  eta: 0:41:39  lr: 0.000009  train_loss: 0.1573 (0.2743)  train_iou: 0.6388 (0.6575)  time: 0.5074  data: 0.0006  max mem: 24227
Epoch: [5]  [ 760/5625]  eta: 0:41:28  lr: 0.000009  train_loss: 0.2413 (0.2744)  train_iou: 0.6768 (0.6576)  time: 0.5011  data: 0.0004  max mem: 24227
Epoch: [5]  [ 780/5625]  eta: 0:41:17  lr: 0.000009  train_loss: 0.2732 (0.2752)  train_iou: 0.6098 (0.6570)  time: 0.5050  data: 0.0021  max mem: 24227
Epoch: [5]  [ 800/5625]  eta: 0:41:06  lr: 0.000009  train_loss: 0.2702 (0.2751)  train_iou: 0.7082 (0.6576)  time: 0.5037  data: 0.0004  max mem: 24227
Epoch: [5]  [ 820/5625]  eta: 0:40:55  lr: 0.000009  train_loss: 0.2298 (0.2745)  train_iou: 0.6817 (0.6578)  time: 0.5067  data: 0.0004  max mem: 24227
Epoch: [5]  [ 840/5625]  eta: 0:40:44  lr: 0.000009  train_loss: 0.2319 (0.2753)  train_iou: 0.6602 (0.6585)  time: 0.5090  data: 0.0004  max mem: 24227
Epoch: [5]  [ 860/5625]  eta: 0:40:34  lr: 0.000009  train_loss: 0.2228 (0.2751)  train_iou: 0.6378 (0.6580)  time: 0.5059  data: 0.0004  max mem: 24227
Epoch: [5]  [ 880/5625]  eta: 0:40:22  lr: 0.000009  train_loss: 0.1667 (0.2743)  train_iou: 0.6589 (0.6582)  time: 0.5008  data: 0.0004  max mem: 24227
Epoch: [5]  [ 900/5625]  eta: 0:40:11  lr: 0.000009  train_loss: 0.2794 (0.2756)  train_iou: 0.5941 (0.6571)  time: 0.5041  data: 0.0004  max mem: 24227
Epoch: [5]  [ 920/5625]  eta: 0:40:00  lr: 0.000009  train_loss: 0.2741 (0.2759)  train_iou: 0.6470 (0.6569)  time: 0.5031  data: 0.0004  max mem: 24227
Epoch: [5]  [ 940/5625]  eta: 0:39:50  lr: 0.000009  train_loss: 0.2384 (0.2756)  train_iou: 0.6320 (0.6570)  time: 0.5073  data: 0.0004  max mem: 24227
Epoch: [5]  [ 960/5625]  eta: 0:39:39  lr: 0.000009  train_loss: 0.1584 (0.2753)  train_iou: 0.6863 (0.6578)  time: 0.5056  data: 0.0004  max mem: 24227
Epoch: [5]  [ 980/5625]  eta: 0:39:28  lr: 0.000009  train_loss: 0.1991 (0.2745)  train_iou: 0.6234 (0.6574)  time: 0.5041  data: 0.0005  max mem: 24227
Epoch: [5]  [1000/5625]  eta: 0:39:18  lr: 0.000009  train_loss: 0.2253 (0.2744)  train_iou: 0.6440 (0.6579)  time: 0.5039  data: 0.0004  max mem: 24227
Epoch: [5]  [1020/5625]  eta: 0:39:07  lr: 0.000009  train_loss: 0.2324 (0.2738)  train_iou: 0.6328 (0.6576)  time: 0.5039  data: 0.0005  max mem: 24227
Epoch: [5]  [1040/5625]  eta: 0:38:56  lr: 0.000009  train_loss: 0.2649 (0.2739)  train_iou: 0.6729 (0.6579)  time: 0.5007  data: 0.0004  max mem: 24227
Epoch: [5]  [1060/5625]  eta: 0:38:46  lr: 0.000009  train_loss: 0.2259 (0.2734)  train_iou: 0.6564 (0.6573)  time: 0.5070  data: 0.0004  max mem: 24227
Epoch: [5]  [1080/5625]  eta: 0:38:35  lr: 0.000009  train_loss: 0.2301 (0.2736)  train_iou: 0.6523 (0.6573)  time: 0.5025  data: 0.0004  max mem: 24227
Epoch: [5]  [1100/5625]  eta: 0:38:24  lr: 0.000009  train_loss: 0.2360 (0.2734)  train_iou: 0.6553 (0.6570)  time: 0.5037  data: 0.0004  max mem: 24227
Epoch: [5]  [1120/5625]  eta: 0:38:14  lr: 0.000009  train_loss: 0.2722 (0.2737)  train_iou: 0.6295 (0.6563)  time: 0.5042  data: 0.0004  max mem: 24227
Epoch: [5]  [1140/5625]  eta: 0:38:03  lr: 0.000009  train_loss: 0.1492 (0.2725)  train_iou: 0.6606 (0.6569)  time: 0.5007  data: 0.0004  max mem: 24227
Epoch: [5]  [1160/5625]  eta: 0:37:52  lr: 0.000009  train_loss: 0.2968 (0.2730)  train_iou: 0.6160 (0.6570)  time: 0.5033  data: 0.0006  max mem: 24227
Epoch: [5]  [1180/5625]  eta: 0:37:42  lr: 0.000009  train_loss: 0.2252 (0.2724)  train_iou: 0.6720 (0.6571)  time: 0.5075  data: 0.0014  max mem: 24227
Epoch: [5]  [1200/5625]  eta: 0:37:31  lr: 0.000009  train_loss: 0.2213 (0.2718)  train_iou: 0.6964 (0.6576)  time: 0.5050  data: 0.0004  max mem: 24227
Epoch: [5]  [1220/5625]  eta: 0:37:21  lr: 0.000009  train_loss: 0.2012 (0.2715)  train_iou: 0.6746 (0.6580)  time: 0.5028  data: 0.0004  max mem: 24227
Epoch: [5]  [1240/5625]  eta: 0:37:10  lr: 0.000009  train_loss: 0.1911 (0.2709)  train_iou: 0.6582 (0.6582)  time: 0.5031  data: 0.0004  max mem: 24227
Epoch: [5]  [1260/5625]  eta: 0:37:00  lr: 0.000009  train_loss: 0.2577 (0.2712)  train_iou: 0.6449 (0.6583)  time: 0.5028  data: 0.0004  max mem: 24227
Epoch: [5]  [1280/5625]  eta: 0:36:49  lr: 0.000009  train_loss: 0.2088 (0.2724)  train_iou: 0.5880 (0.6573)  time: 0.5062  data: 0.0014  max mem: 24227
Epoch: [5]  [1300/5625]  eta: 0:36:39  lr: 0.000009  train_loss: 0.3377 (0.2729)  train_iou: 0.6819 (0.6575)  time: 0.5045  data: 0.0004  max mem: 24227
Epoch: [5]  [1320/5625]  eta: 0:36:28  lr: 0.000009  train_loss: 0.2366 (0.2729)  train_iou: 0.6439 (0.6575)  time: 0.5052  data: 0.0004  max mem: 24227
Epoch: [5]  [1340/5625]  eta: 0:36:18  lr: 0.000009  train_loss: 0.2757 (0.2736)  train_iou: 0.6457 (0.6572)  time: 0.5019  data: 0.0004  max mem: 24227
Epoch: [5]  [1360/5625]  eta: 0:36:07  lr: 0.000009  train_loss: 0.2188 (0.2732)  train_iou: 0.6387 (0.6573)  time: 0.5037  data: 0.0014  max mem: 24227
Epoch: [5]  [1380/5625]  eta: 0:35:57  lr: 0.000009  train_loss: 0.2281 (0.2734)  train_iou: 0.6611 (0.6575)  time: 0.5055  data: 0.0004  max mem: 24227
Epoch: [5]  [1400/5625]  eta: 0:35:47  lr: 0.000009  train_loss: 0.2315 (0.2729)  train_iou: 0.6617 (0.6578)  time: 0.5039  data: 0.0004  max mem: 24227
Epoch: [5]  [1420/5625]  eta: 0:35:36  lr: 0.000009  train_loss: 0.2795 (0.2736)  train_iou: 0.6488 (0.6572)  time: 0.5074  data: 0.0004  max mem: 24227
Epoch: [5]  [1440/5625]  eta: 0:35:26  lr: 0.000009  train_loss: 0.2752 (0.2742)  train_iou: 0.6543 (0.6570)  time: 0.5037  data: 0.0012  max mem: 24227
Epoch: [5]  [1460/5625]  eta: 0:35:16  lr: 0.000009  train_loss: 0.2446 (0.2746)  train_iou: 0.6797 (0.6574)  time: 0.5091  data: 0.0004  max mem: 24227
Epoch: [5]  [1480/5625]  eta: 0:35:05  lr: 0.000009  train_loss: 0.2390 (0.2750)  train_iou: 0.6583 (0.6571)  time: 0.5030  data: 0.0004  max mem: 24227
Epoch: [5]  [1500/5625]  eta: 0:34:55  lr: 0.000009  train_loss: 0.1776 (0.2744)  train_iou: 0.6941 (0.6575)  time: 0.5059  data: 0.0005  max mem: 24227
Epoch: [5]  [1520/5625]  eta: 0:34:45  lr: 0.000009  train_loss: 0.2260 (0.2745)  train_iou: 0.6919 (0.6579)  time: 0.5048  data: 0.0004  max mem: 24227
Epoch: [5]  [1540/5625]  eta: 0:34:34  lr: 0.000009  train_loss: 0.2688 (0.2747)  train_iou: 0.6686 (0.6582)  time: 0.5028  data: 0.0004  max mem: 24227
Epoch: [5]  [1560/5625]  eta: 0:34:24  lr: 0.000009  train_loss: 0.3167 (0.2755)  train_iou: 0.6561 (0.6582)  time: 0.5027  data: 0.0004  max mem: 24227
Epoch: [5]  [1580/5625]  eta: 0:34:14  lr: 0.000009  train_loss: 0.2303 (0.2750)  train_iou: 0.6097 (0.6580)  time: 0.5058  data: 0.0004  max mem: 24227
Epoch: [5]  [1600/5625]  eta: 0:34:03  lr: 0.000009  train_loss: 0.2037 (0.2745)  train_iou: 0.6985 (0.6583)  time: 0.4997  data: 0.0004  max mem: 24227
Epoch: [5]  [1620/5625]  eta: 0:33:53  lr: 0.000009  train_loss: 0.2245 (0.2750)  train_iou: 0.6801 (0.6582)  time: 0.5024  data: 0.0004  max mem: 24227
Epoch: [5]  [1640/5625]  eta: 0:33:42  lr: 0.000009  train_loss: 0.2234 (0.2745)  train_iou: 0.6578 (0.6585)  time: 0.5048  data: 0.0015  max mem: 24227
Epoch: [5]  [1660/5625]  eta: 0:33:32  lr: 0.000009  train_loss: 0.2199 (0.2745)  train_iou: 0.6708 (0.6587)  time: 0.5045  data: 0.0004  max mem: 24227
Epoch: [5]  [1680/5625]  eta: 0:33:22  lr: 0.000009  train_loss: 0.3000 (0.2752)  train_iou: 0.6414 (0.6588)  time: 0.5033  data: 0.0004  max mem: 24227
Epoch: [5]  [1700/5625]  eta: 0:33:11  lr: 0.000009  train_loss: 0.2574 (0.2755)  train_iou: 0.6829 (0.6590)  time: 0.5019  data: 0.0011  max mem: 24227
Epoch: [5]  [1720/5625]  eta: 0:33:01  lr: 0.000009  train_loss: 0.1818 (0.2752)  train_iou: 0.6766 (0.6590)  time: 0.5031  data: 0.0004  max mem: 24227
Epoch: [5]  [1740/5625]  eta: 0:32:51  lr: 0.000009  train_loss: 0.2217 (0.2755)  train_iou: 0.6674 (0.6591)  time: 0.5041  data: 0.0004  max mem: 24227
Epoch: [5]  [1760/5625]  eta: 0:32:40  lr: 0.000009  train_loss: 0.2109 (0.2751)  train_iou: 0.6393 (0.6587)  time: 0.5012  data: 0.0011  max mem: 24227
Epoch: [5]  [1780/5625]  eta: 0:32:30  lr: 0.000009  train_loss: 0.1971 (0.2749)  train_iou: 0.7144 (0.6592)  time: 0.5017  data: 0.0004  max mem: 24227
Epoch: [5]  [1800/5625]  eta: 0:32:19  lr: 0.000009  train_loss: 0.1908 (0.2751)  train_iou: 0.6990 (0.6593)  time: 0.4990  data: 0.0004  max mem: 24227
Epoch: [5]  [1820/5625]  eta: 0:32:09  lr: 0.000009  train_loss: 0.1907 (0.2745)  train_iou: 0.6795 (0.6596)  time: 0.5053  data: 0.0004  max mem: 24227
Epoch: [5]  [1840/5625]  eta: 0:31:59  lr: 0.000009  train_loss: 0.2618 (0.2742)  train_iou: 0.6630 (0.6599)  time: 0.5043  data: 0.0004  max mem: 24227
Epoch: [5]  [1860/5625]  eta: 0:31:49  lr: 0.000009  train_loss: 0.2777 (0.2748)  train_iou: 0.6815 (0.6599)  time: 0.5041  data: 0.0004  max mem: 24227
Epoch: [5]  [1880/5625]  eta: 0:31:38  lr: 0.000009  train_loss: 0.2278 (0.2746)  train_iou: 0.6765 (0.6597)  time: 0.5073  data: 0.0005  max mem: 24227
Epoch: [5]  [1900/5625]  eta: 0:31:28  lr: 0.000009  train_loss: 0.1880 (0.2743)  train_iou: 0.6741 (0.6602)  time: 0.5050  data: 0.0004  max mem: 24227
Epoch: [5]  [1920/5625]  eta: 0:31:18  lr: 0.000009  train_loss: 0.1949 (0.2741)  train_iou: 0.6190 (0.6599)  time: 0.5087  data: 0.0004  max mem: 24227
Epoch: [5]  [1940/5625]  eta: 0:31:08  lr: 0.000009  train_loss: 0.1929 (0.2744)  train_iou: 0.7034 (0.6601)  time: 0.5097  data: 0.0004  max mem: 24227
Epoch: [5]  [1960/5625]  eta: 0:30:58  lr: 0.000009  train_loss: 0.2268 (0.2743)  train_iou: 0.7203 (0.6606)  time: 0.5009  data: 0.0005  max mem: 24227
Epoch: [5]  [1980/5625]  eta: 0:30:47  lr: 0.000009  train_loss: 0.2442 (0.2745)  train_iou: 0.6692 (0.6608)  time: 0.5036  data: 0.0013  max mem: 24227
Epoch: [5]  [2000/5625]  eta: 0:30:37  lr: 0.000009  train_loss: 0.2061 (0.2744)  train_iou: 0.6647 (0.6606)  time: 0.5042  data: 0.0004  max mem: 24227
Epoch: [5]  [2020/5625]  eta: 0:30:27  lr: 0.000009  train_loss: 0.1438 (0.2738)  train_iou: 0.7304 (0.6606)  time: 0.5052  data: 0.0004  max mem: 24227
Epoch: [5]  [2040/5625]  eta: 0:30:17  lr: 0.000009  train_loss: 0.2420 (0.2736)  train_iou: 0.6717 (0.6607)  time: 0.5027  data: 0.0004  max mem: 24227
Epoch: [5]  [2060/5625]  eta: 0:30:07  lr: 0.000009  train_loss: 0.2831 (0.2741)  train_iou: 0.6320 (0.6603)  time: 0.5051  data: 0.0004  max mem: 24227
Epoch: [5]  [2080/5625]  eta: 0:29:56  lr: 0.000009  train_loss: 0.1872 (0.2738)  train_iou: 0.6943 (0.6607)  time: 0.5060  data: 0.0013  max mem: 24227
Epoch: [5]  [2100/5625]  eta: 0:29:46  lr: 0.000009  train_loss: 0.2617 (0.2741)  train_iou: 0.6772 (0.6609)  time: 0.5086  data: 0.0015  max mem: 24227
Epoch: [5]  [2120/5625]  eta: 0:29:36  lr: 0.000009  train_loss: 0.1839 (0.2736)  train_iou: 0.6676 (0.6611)  time: 0.5050  data: 0.0004  max mem: 24227
Epoch: [5]  [2140/5625]  eta: 0:29:26  lr: 0.000009  train_loss: 0.2543 (0.2739)  train_iou: 0.6857 (0.6612)  time: 0.5033  data: 0.0004  max mem: 24227
Epoch: [5]  [2160/5625]  eta: 0:29:16  lr: 0.000009  train_loss: 0.2483 (0.2737)  train_iou: 0.6226 (0.6611)  time: 0.5031  data: 0.0004  max mem: 24227
Epoch: [5]  [2180/5625]  eta: 0:29:05  lr: 0.000009  train_loss: 0.1988 (0.2733)  train_iou: 0.6622 (0.6612)  time: 0.5059  data: 0.0004  max mem: 24227
Epoch: [5]  [2200/5625]  eta: 0:28:55  lr: 0.000009  train_loss: 0.3249 (0.2736)  train_iou: 0.6737 (0.6612)  time: 0.5039  data: 0.0004  max mem: 24227
Epoch: [5]  [2220/5625]  eta: 0:28:45  lr: 0.000009  train_loss: 0.3116 (0.2738)  train_iou: 0.6472 (0.6612)  time: 0.5039  data: 0.0004  max mem: 24227
Epoch: [5]  [2240/5625]  eta: 0:28:35  lr: 0.000009  train_loss: 0.2902 (0.2738)  train_iou: 0.6561 (0.6612)  time: 0.5032  data: 0.0004  max mem: 24227
Epoch: [5]  [2260/5625]  eta: 0:28:25  lr: 0.000009  train_loss: 0.2278 (0.2736)  train_iou: 0.7068 (0.6613)  time: 0.5031  data: 0.0004  max mem: 24227
Epoch: [5]  [2280/5625]  eta: 0:28:14  lr: 0.000009  train_loss: 0.2445 (0.2738)  train_iou: 0.6421 (0.6610)  time: 0.5067  data: 0.0004  max mem: 24227
Epoch: [5]  [2300/5625]  eta: 0:28:04  lr: 0.000009  train_loss: 0.1813 (0.2735)  train_iou: 0.6126 (0.6611)  time: 0.5047  data: 0.0004  max mem: 24227
Epoch: [5]  [2320/5625]  eta: 0:27:54  lr: 0.000009  train_loss: 0.2457 (0.2737)  train_iou: 0.6485 (0.6611)  time: 0.4986  data: 0.0004  max mem: 24227
Epoch: [5]  [2340/5625]  eta: 0:27:44  lr: 0.000009  train_loss: 0.1754 (0.2735)  train_iou: 0.7151 (0.6615)  time: 0.5030  data: 0.0004  max mem: 24227
Epoch: [5]  [2360/5625]  eta: 0:27:33  lr: 0.000009  train_loss: 0.2448 (0.2733)  train_iou: 0.7169 (0.6618)  time: 0.5076  data: 0.0004  max mem: 24227
Epoch: [5]  [2380/5625]  eta: 0:27:23  lr: 0.000009  train_loss: 0.2284 (0.2734)  train_iou: 0.6451 (0.6617)  time: 0.5034  data: 0.0004  max mem: 24227
Epoch: [5]  [2400/5625]  eta: 0:27:13  lr: 0.000009  train_loss: 0.2226 (0.2737)  train_iou: 0.7373 (0.6621)  time: 0.5055  data: 0.0004  max mem: 24227
Epoch: [5]  [2420/5625]  eta: 0:27:03  lr: 0.000009  train_loss: 0.1777 (0.2733)  train_iou: 0.6998 (0.6625)  time: 0.5044  data: 0.0004  max mem: 24227
Epoch: [5]  [2440/5625]  eta: 0:26:53  lr: 0.000009  train_loss: 0.2103 (0.2733)  train_iou: 0.6413 (0.6625)  time: 0.5031  data: 0.0004  max mem: 24227
Epoch: [5]  [2460/5625]  eta: 0:26:43  lr: 0.000009  train_loss: 0.2122 (0.2732)  train_iou: 0.6710 (0.6621)  time: 0.5053  data: 0.0004  max mem: 24227
Epoch: [5]  [2480/5625]  eta: 0:26:32  lr: 0.000009  train_loss: 0.1547 (0.2727)  train_iou: 0.7146 (0.6625)  time: 0.5045  data: 0.0004  max mem: 24227
Epoch: [5]  [2500/5625]  eta: 0:26:22  lr: 0.000009  train_loss: 0.1745 (0.2726)  train_iou: 0.6886 (0.6626)  time: 0.5023  data: 0.0004  max mem: 24227
Epoch: [5]  [2520/5625]  eta: 0:26:12  lr: 0.000009  train_loss: 0.2827 (0.2731)  train_iou: 0.6585 (0.6625)  time: 0.5040  data: 0.0004  max mem: 24227
Epoch: [5]  [2540/5625]  eta: 0:26:02  lr: 0.000009  train_loss: 0.2531 (0.2732)  train_iou: 0.6643 (0.6626)  time: 0.5046  data: 0.0004  max mem: 24227
Epoch: [5]  [2560/5625]  eta: 0:25:52  lr: 0.000009  train_loss: 0.1698 (0.2729)  train_iou: 0.7316 (0.6628)  time: 0.5039  data: 0.0004  max mem: 24227
Epoch: [5]  [2580/5625]  eta: 0:25:41  lr: 0.000009  train_loss: 0.2269 (0.2727)  train_iou: 0.6375 (0.6628)  time: 0.5016  data: 0.0004  max mem: 24227
Epoch: [5]  [2600/5625]  eta: 0:25:31  lr: 0.000009  train_loss: 0.2328 (0.2726)  train_iou: 0.6407 (0.6626)  time: 0.5046  data: 0.0004  max mem: 24227
Epoch: [5]  [2620/5625]  eta: 0:25:21  lr: 0.000009  train_loss: 0.2875 (0.2725)  train_iou: 0.6752 (0.6627)  time: 0.5031  data: 0.0004  max mem: 24227
Epoch: [5]  [2640/5625]  eta: 0:25:11  lr: 0.000009  train_loss: 0.2119 (0.2725)  train_iou: 0.6365 (0.6626)  time: 0.5058  data: 0.0005  max mem: 24227
Epoch: [5]  [2660/5625]  eta: 0:25:01  lr: 0.000009  train_loss: 0.1911 (0.2725)  train_iou: 0.6065 (0.6625)  time: 0.5057  data: 0.0014  max mem: 24227
Epoch: [5]  [2680/5625]  eta: 0:24:51  lr: 0.000009  train_loss: 0.2309 (0.2721)  train_iou: 0.6818 (0.6627)  time: 0.5069  data: 0.0004  max mem: 24227
Epoch: [5]  [2700/5625]  eta: 0:24:40  lr: 0.000009  train_loss: 0.2170 (0.2722)  train_iou: 0.6208 (0.6625)  time: 0.5017  data: 0.0004  max mem: 24227
Epoch: [5]  [2720/5625]  eta: 0:24:30  lr: 0.000009  train_loss: 0.2306 (0.2722)  train_iou: 0.7074 (0.6627)  time: 0.5042  data: 0.0004  max mem: 24227
Epoch: [5]  [2740/5625]  eta: 0:24:20  lr: 0.000009  train_loss: 0.2115 (0.2719)  train_iou: 0.6106 (0.6625)  time: 0.5017  data: 0.0004  max mem: 24227
Epoch: [5]  [2760/5625]  eta: 0:24:10  lr: 0.000009  train_loss: 0.2188 (0.2719)  train_iou: 0.6727 (0.6624)  time: 0.5083  data: 0.0006  max mem: 24227
Epoch: [5]  [2780/5625]  eta: 0:24:00  lr: 0.000009  train_loss: 0.2375 (0.2720)  train_iou: 0.6731 (0.6625)  time: 0.5011  data: 0.0004  max mem: 24227
Epoch: [5]  [2800/5625]  eta: 0:23:50  lr: 0.000009  train_loss: 0.2612 (0.2724)  train_iou: 0.6267 (0.6622)  time: 0.5072  data: 0.0004  max mem: 24227
Epoch: [5]  [2820/5625]  eta: 0:23:39  lr: 0.000009  train_loss: 0.2237 (0.2723)  train_iou: 0.6400 (0.6622)  time: 0.5037  data: 0.0004  max mem: 24227
Epoch: [5]  [2840/5625]  eta: 0:23:29  lr: 0.000009  train_loss: 0.3448 (0.2730)  train_iou: 0.6467 (0.6621)  time: 0.5036  data: 0.0004  max mem: 24227
Epoch: [5]  [2860/5625]  eta: 0:23:19  lr: 0.000009  train_loss: 0.2522 (0.2731)  train_iou: 0.6694 (0.6622)  time: 0.5049  data: 0.0004  max mem: 24227
Epoch: [5]  [2880/5625]  eta: 0:23:09  lr: 0.000009  train_loss: 0.2323 (0.2732)  train_iou: 0.6517 (0.6619)  time: 0.5068  data: 0.0004  max mem: 24227
Epoch: [5]  [2900/5625]  eta: 0:22:59  lr: 0.000009  train_loss: 0.3490 (0.2738)  train_iou: 0.6308 (0.6616)  time: 0.5012  data: 0.0004  max mem: 24227
Epoch: [5]  [2920/5625]  eta: 0:22:49  lr: 0.000009  train_loss: 0.2852 (0.2740)  train_iou: 0.6176 (0.6614)  time: 0.5036  data: 0.0004  max mem: 24227
Epoch: [5]  [2940/5625]  eta: 0:22:38  lr: 0.000009  train_loss: 0.2459 (0.2739)  train_iou: 0.6545 (0.6615)  time: 0.5095  data: 0.0014  max mem: 24227
Epoch: [5]  [2960/5625]  eta: 0:22:28  lr: 0.000009  train_loss: 0.2141 (0.2742)  train_iou: 0.6120 (0.6612)  time: 0.5090  data: 0.0005  max mem: 24227
Epoch: [5]  [2980/5625]  eta: 0:22:18  lr: 0.000009  train_loss: 0.2636 (0.2745)  train_iou: 0.6602 (0.6610)  time: 0.5057  data: 0.0011  max mem: 24227
Epoch: [5]  [3000/5625]  eta: 0:22:08  lr: 0.000009  train_loss: 0.3515 (0.2747)  train_iou: 0.6214 (0.6606)  time: 0.5047  data: 0.0004  max mem: 24227
Epoch: [5]  [3020/5625]  eta: 0:21:58  lr: 0.000009  train_loss: 0.2628 (0.2748)  train_iou: 0.6264 (0.6605)  time: 0.5053  data: 0.0004  max mem: 24227
Epoch: [5]  [3040/5625]  eta: 0:21:48  lr: 0.000009  train_loss: 0.2254 (0.2745)  train_iou: 0.6923 (0.6608)  time: 0.5025  data: 0.0005  max mem: 24227
Epoch: [5]  [3060/5625]  eta: 0:21:38  lr: 0.000009  train_loss: 0.2187 (0.2742)  train_iou: 0.6786 (0.6609)  time: 0.5013  data: 0.0004  max mem: 24227
Epoch: [5]  [3080/5625]  eta: 0:21:28  lr: 0.000009  train_loss: 0.1743 (0.2738)  train_iou: 0.6865 (0.6610)  time: 0.5086  data: 0.0004  max mem: 24227
Epoch: [5]  [3100/5625]  eta: 0:21:17  lr: 0.000009  train_loss: 0.2860 (0.2741)  train_iou: 0.6093 (0.6607)  time: 0.5061  data: 0.0004  max mem: 24227
Epoch: [5]  [3120/5625]  eta: 0:21:07  lr: 0.000009  train_loss: 0.1986 (0.2738)  train_iou: 0.6768 (0.6607)  time: 0.4997  data: 0.0004  max mem: 24227
Epoch: [5]  [3140/5625]  eta: 0:20:57  lr: 0.000009  train_loss: 0.2952 (0.2740)  train_iou: 0.6775 (0.6606)  time: 0.5046  data: 0.0004  max mem: 24227
Epoch: [5]  [3160/5625]  eta: 0:20:47  lr: 0.000009  train_loss: 0.2612 (0.2741)  train_iou: 0.7236 (0.6609)  time: 0.5030  data: 0.0004  max mem: 24227
Epoch: [5]  [3180/5625]  eta: 0:20:37  lr: 0.000009  train_loss: 0.2504 (0.2741)  train_iou: 0.6444 (0.6609)  time: 0.5038  data: 0.0004  max mem: 24227
Epoch: [5]  [3200/5625]  eta: 0:20:27  lr: 0.000009  train_loss: 0.2337 (0.2741)  train_iou: 0.7121 (0.6608)  time: 0.5069  data: 0.0004  max mem: 24227
Epoch: [5]  [3220/5625]  eta: 0:20:16  lr: 0.000009  train_loss: 0.2508 (0.2740)  train_iou: 0.6846 (0.6608)  time: 0.5052  data: 0.0004  max mem: 24227
Epoch: [5]  [3240/5625]  eta: 0:20:06  lr: 0.000009  train_loss: 0.2077 (0.2741)  train_iou: 0.6829 (0.6609)  time: 0.5013  data: 0.0012  max mem: 24227
Epoch: [5]  [3260/5625]  eta: 0:19:56  lr: 0.000009  train_loss: 0.1932 (0.2741)  train_iou: 0.6124 (0.6607)  time: 0.5055  data: 0.0004  max mem: 24227
Epoch: [5]  [3280/5625]  eta: 0:19:46  lr: 0.000009  train_loss: 0.2332 (0.2739)  train_iou: 0.6855 (0.6608)  time: 0.5037  data: 0.0004  max mem: 24227
Epoch: [5]  [3300/5625]  eta: 0:19:36  lr: 0.000009  train_loss: 0.2242 (0.2739)  train_iou: 0.7090 (0.6610)  time: 0.5022  data: 0.0017  max mem: 24227
Epoch: [5]  [3320/5625]  eta: 0:19:26  lr: 0.000009  train_loss: 0.2921 (0.2742)  train_iou: 0.6922 (0.6609)  time: 0.5038  data: 0.0004  max mem: 24227
Epoch: [5]  [3340/5625]  eta: 0:19:16  lr: 0.000009  train_loss: 0.1972 (0.2740)  train_iou: 0.6563 (0.6608)  time: 0.5028  data: 0.0004  max mem: 24227
Epoch: [5]  [3360/5625]  eta: 0:19:05  lr: 0.000009  train_loss: 0.2671 (0.2743)  train_iou: 0.6603 (0.6609)  time: 0.5006  data: 0.0016  max mem: 24227
Epoch: [5]  [3380/5625]  eta: 0:18:55  lr: 0.000009  train_loss: 0.2094 (0.2741)  train_iou: 0.6623 (0.6609)  time: 0.5059  data: 0.0004  max mem: 24227
Epoch: [5]  [3400/5625]  eta: 0:18:45  lr: 0.000009  train_loss: 0.2669 (0.2741)  train_iou: 0.6436 (0.6608)  time: 0.5074  data: 0.0004  max mem: 24227
Epoch: [5]  [3420/5625]  eta: 0:18:35  lr: 0.000009  train_loss: 0.2305 (0.2741)  train_iou: 0.6586 (0.6608)  time: 0.5082  data: 0.0014  max mem: 24227
Epoch: [5]  [3440/5625]  eta: 0:18:25  lr: 0.000009  train_loss: 0.2778 (0.2740)  train_iou: 0.6800 (0.6608)  time: 0.5043  data: 0.0004  max mem: 24227
Epoch: [5]  [3460/5625]  eta: 0:18:15  lr: 0.000009  train_loss: 0.2129 (0.2739)  train_iou: 0.6875 (0.6610)  time: 0.5041  data: 0.0004  max mem: 24227
Epoch: [5]  [3480/5625]  eta: 0:18:05  lr: 0.000009  train_loss: 0.2136 (0.2738)  train_iou: 0.7110 (0.6613)  time: 0.5020  data: 0.0004  max mem: 24227
Epoch: [5]  [3500/5625]  eta: 0:17:54  lr: 0.000009  train_loss: 0.2895 (0.2739)  train_iou: 0.7152 (0.6615)  time: 0.5057  data: 0.0004  max mem: 24227
Epoch: [5]  [3520/5625]  eta: 0:17:44  lr: 0.000009  train_loss: 0.1805 (0.2736)  train_iou: 0.7191 (0.6618)  time: 0.5011  data: 0.0004  max mem: 24227
Epoch: [5]  [3540/5625]  eta: 0:17:34  lr: 0.000009  train_loss: 0.2146 (0.2735)  train_iou: 0.6476 (0.6618)  time: 0.5018  data: 0.0004  max mem: 24227
Epoch: [5]  [3560/5625]  eta: 0:17:24  lr: 0.000009  train_loss: 0.2307 (0.2733)  train_iou: 0.6484 (0.6619)  time: 0.5046  data: 0.0012  max mem: 24227
Epoch: [5]  [3580/5625]  eta: 0:17:14  lr: 0.000009  train_loss: 0.1760 (0.2732)  train_iou: 0.6688 (0.6618)  time: 0.5040  data: 0.0004  max mem: 24227
Epoch: [5]  [3600/5625]  eta: 0:17:04  lr: 0.000009  train_loss: 0.2780 (0.2734)  train_iou: 0.6580 (0.6617)  time: 0.5059  data: 0.0004  max mem: 24227
Epoch: [5]  [3620/5625]  eta: 0:16:54  lr: 0.000009  train_loss: 0.2158 (0.2733)  train_iou: 0.7154 (0.6619)  time: 0.5046  data: 0.0004  max mem: 24227
Epoch: [5]  [3640/5625]  eta: 0:16:43  lr: 0.000009  train_loss: 0.3049 (0.2737)  train_iou: 0.6313 (0.6618)  time: 0.5029  data: 0.0004  max mem: 24227
Epoch: [5]  [3660/5625]  eta: 0:16:33  lr: 0.000009  train_loss: 0.2701 (0.2739)  train_iou: 0.6537 (0.6617)  time: 0.5048  data: 0.0004  max mem: 24227
Epoch: [5]  [3680/5625]  eta: 0:16:23  lr: 0.000009  train_loss: 0.1949 (0.2737)  train_iou: 0.6840 (0.6618)  time: 0.5024  data: 0.0012  max mem: 24227
Epoch: [5]  [3700/5625]  eta: 0:16:13  lr: 0.000009  train_loss: 0.2745 (0.2740)  train_iou: 0.6314 (0.6618)  time: 0.5054  data: 0.0004  max mem: 24227
Epoch: [5]  [3720/5625]  eta: 0:16:03  lr: 0.000009  train_loss: 0.2042 (0.2737)  train_iou: 0.6852 (0.6618)  time: 0.5015  data: 0.0004  max mem: 24227
Epoch: [5]  [3740/5625]  eta: 0:15:53  lr: 0.000009  train_loss: 0.1943 (0.2734)  train_iou: 0.7017 (0.6620)  time: 0.5078  data: 0.0004  max mem: 24227
Epoch: [5]  [3760/5625]  eta: 0:15:43  lr: 0.000009  train_loss: 0.2414 (0.2734)  train_iou: 0.6691 (0.6622)  time: 0.5014  data: 0.0004  max mem: 24227
Epoch: [5]  [3780/5625]  eta: 0:15:33  lr: 0.000009  train_loss: 0.2864 (0.2735)  train_iou: 0.6202 (0.6623)  time: 0.5069  data: 0.0004  max mem: 24227
Epoch: [5]  [3800/5625]  eta: 0:15:22  lr: 0.000009  train_loss: 0.2246 (0.2735)  train_iou: 0.6871 (0.6621)  time: 0.5072  data: 0.0004  max mem: 24227
Epoch: [5]  [3820/5625]  eta: 0:15:12  lr: 0.000009  train_loss: 0.1857 (0.2733)  train_iou: 0.6918 (0.6623)  time: 0.5061  data: 0.0004  max mem: 24227
Epoch: [5]  [3840/5625]  eta: 0:15:02  lr: 0.000009  train_loss: 0.2024 (0.2733)  train_iou: 0.6806 (0.6625)  time: 0.5052  data: 0.0004  max mem: 24227
Epoch: [5]  [3860/5625]  eta: 0:14:52  lr: 0.000009  train_loss: 0.2073 (0.2732)  train_iou: 0.6694 (0.6626)  time: 0.5004  data: 0.0004  max mem: 24227
Epoch: [5]  [3880/5625]  eta: 0:14:42  lr: 0.000009  train_loss: 0.1764 (0.2733)  train_iou: 0.6706 (0.6627)  time: 0.5044  data: 0.0004  max mem: 24227
Epoch: [5]  [3900/5625]  eta: 0:14:32  lr: 0.000009  train_loss: 0.2679 (0.2733)  train_iou: 0.6135 (0.6626)  time: 0.5051  data: 0.0004  max mem: 24227
Epoch: [5]  [3920/5625]  eta: 0:14:22  lr: 0.000009  train_loss: 0.1966 (0.2733)  train_iou: 0.6388 (0.6626)  time: 0.5019  data: 0.0004  max mem: 24227
Epoch: [5]  [3940/5625]  eta: 0:14:12  lr: 0.000009  train_loss: 0.2076 (0.2731)  train_iou: 0.6351 (0.6626)  time: 0.5028  data: 0.0004  max mem: 24227
Epoch: [5]  [3960/5625]  eta: 0:14:01  lr: 0.000009  train_loss: 0.2052 (0.2731)  train_iou: 0.7008 (0.6627)  time: 0.5039  data: 0.0004  max mem: 24227
Epoch: [5]  [3980/5625]  eta: 0:13:51  lr: 0.000009  train_loss: 0.2274 (0.2730)  train_iou: 0.6505 (0.6626)  time: 0.5031  data: 0.0004  max mem: 24227
Epoch: [5]  [4000/5625]  eta: 0:13:41  lr: 0.000009  train_loss: 0.1774 (0.2728)  train_iou: 0.6644 (0.6627)  time: 0.5035  data: 0.0004  max mem: 24227
Epoch: [5]  [4020/5625]  eta: 0:13:31  lr: 0.000009  train_loss: 0.2452 (0.2728)  train_iou: 0.7369 (0.6629)  time: 0.5033  data: 0.0004  max mem: 24227
Epoch: [5]  [4040/5625]  eta: 0:13:21  lr: 0.000009  train_loss: 0.2610 (0.2728)  train_iou: 0.6593 (0.6628)  time: 0.5063  data: 0.0004  max mem: 24227
Epoch: [5]  [4060/5625]  eta: 0:13:11  lr: 0.000009  train_loss: 0.2554 (0.2728)  train_iou: 0.6065 (0.6624)  time: 0.5036  data: 0.0004  max mem: 24227
Epoch: [5]  [4080/5625]  eta: 0:13:01  lr: 0.000009  train_loss: 0.1830 (0.2725)  train_iou: 0.6788 (0.6624)  time: 0.4991  data: 0.0004  max mem: 24227
Epoch: [5]  [4100/5625]  eta: 0:12:51  lr: 0.000009  train_loss: 0.2678 (0.2727)  train_iou: 0.6438 (0.6622)  time: 0.5071  data: 0.0004  max mem: 24227
Epoch: [5]  [4120/5625]  eta: 0:12:40  lr: 0.000009  train_loss: 0.1976 (0.2726)  train_iou: 0.6100 (0.6619)  time: 0.5038  data: 0.0004  max mem: 24227
Epoch: [5]  [4140/5625]  eta: 0:12:30  lr: 0.000009  train_loss: 0.2630 (0.2727)  train_iou: 0.5989 (0.6616)  time: 0.5008  data: 0.0004  max mem: 24227
Epoch: [5]  [4160/5625]  eta: 0:12:20  lr: 0.000009  train_loss: 0.2192 (0.2726)  train_iou: 0.6865 (0.6617)  time: 0.5065  data: 0.0013  max mem: 24227
Epoch: [5]  [4180/5625]  eta: 0:12:10  lr: 0.000009  train_loss: 0.2159 (0.2725)  train_iou: 0.6562 (0.6617)  time: 0.5060  data: 0.0004  max mem: 24227
Epoch: [5]  [4200/5625]  eta: 0:12:00  lr: 0.000009  train_loss: 0.1817 (0.2722)  train_iou: 0.6646 (0.6618)  time: 0.5049  data: 0.0004  max mem: 24227
Epoch: [5]  [4220/5625]  eta: 0:11:50  lr: 0.000009  train_loss: 0.2288 (0.2721)  train_iou: 0.6577 (0.6618)  time: 0.5053  data: 0.0004  max mem: 24227
Epoch: [5]  [4240/5625]  eta: 0:11:40  lr: 0.000009  train_loss: 0.1734 (0.2720)  train_iou: 0.6395 (0.6617)  time: 0.5002  data: 0.0004  max mem: 24227
Epoch: [5]  [4260/5625]  eta: 0:11:30  lr: 0.000009  train_loss: 0.2501 (0.2720)  train_iou: 0.6336 (0.6615)  time: 0.5015  data: 0.0004  max mem: 24227
Epoch: [5]  [4280/5625]  eta: 0:11:19  lr: 0.000009  train_loss: 0.3362 (0.2723)  train_iou: 0.6155 (0.6613)  time: 0.5054  data: 0.0004  max mem: 24227
Epoch: [5]  [4300/5625]  eta: 0:11:09  lr: 0.000009  train_loss: 0.2864 (0.2725)  train_iou: 0.6812 (0.6614)  time: 0.5014  data: 0.0004  max mem: 24227
Epoch: [5]  [4320/5625]  eta: 0:10:59  lr: 0.000009  train_loss: 0.1857 (0.2724)  train_iou: 0.6866 (0.6615)  time: 0.4992  data: 0.0004  max mem: 24227
Epoch: [5]  [4340/5625]  eta: 0:10:49  lr: 0.000009  train_loss: 0.2542 (0.2724)  train_iou: 0.6439 (0.6615)  time: 0.5049  data: 0.0004  max mem: 24227
Epoch: [5]  [4360/5625]  eta: 0:10:39  lr: 0.000009  train_loss: 0.2506 (0.2724)  train_iou: 0.6326 (0.6613)  time: 0.5036  data: 0.0004  max mem: 24227
Epoch: [5]  [4380/5625]  eta: 0:10:29  lr: 0.000009  train_loss: 0.1835 (0.2722)  train_iou: 0.6661 (0.6613)  time: 0.5028  data: 0.0017  max mem: 24227
Epoch: [5]  [4400/5625]  eta: 0:10:19  lr: 0.000009  train_loss: 0.2456 (0.2722)  train_iou: 0.6025 (0.6611)  time: 0.5006  data: 0.0004  max mem: 24227
Epoch: [5]  [4420/5625]  eta: 0:10:09  lr: 0.000009  train_loss: 0.2452 (0.2722)  train_iou: 0.6994 (0.6612)  time: 0.5024  data: 0.0004  max mem: 24227
Epoch: [5]  [4440/5625]  eta: 0:09:58  lr: 0.000009  train_loss: 0.2533 (0.2725)  train_iou: 0.6615 (0.6612)  time: 0.5006  data: 0.0004  max mem: 24227
Epoch: [5]  [4460/5625]  eta: 0:09:48  lr: 0.000009  train_loss: 0.2719 (0.2727)  train_iou: 0.6382 (0.6611)  time: 0.5038  data: 0.0004  max mem: 24227
Epoch: [5]  [4480/5625]  eta: 0:09:38  lr: 0.000009  train_loss: 0.2355 (0.2726)  train_iou: 0.6769 (0.6611)  time: 0.5027  data: 0.0004  max mem: 24227
Epoch: [5]  [4500/5625]  eta: 0:09:28  lr: 0.000009  train_loss: 0.2386 (0.2728)  train_iou: 0.5983 (0.6609)  time: 0.5019  data: 0.0004  max mem: 24227
Epoch: [5]  [4520/5625]  eta: 0:09:18  lr: 0.000009  train_loss: 0.2562 (0.2728)  train_iou: 0.6578 (0.6609)  time: 0.5053  data: 0.0004  max mem: 24227
Epoch: [5]  [4540/5625]  eta: 0:09:08  lr: 0.000009  train_loss: 0.2518 (0.2729)  train_iou: 0.6485 (0.6609)  time: 0.5022  data: 0.0004  max mem: 24227
Epoch: [5]  [4560/5625]  eta: 0:08:58  lr: 0.000009  train_loss: 0.2442 (0.2729)  train_iou: 0.6111 (0.6605)  time: 0.5058  data: 0.0004  max mem: 24227
Epoch: [5]  [4580/5625]  eta: 0:08:48  lr: 0.000009  train_loss: 0.2822 (0.2730)  train_iou: 0.6845 (0.6605)  time: 0.5059  data: 0.0014  max mem: 24227
Epoch: [5]  [4600/5625]  eta: 0:08:37  lr: 0.000009  train_loss: 0.2605 (0.2730)  train_iou: 0.6641 (0.6605)  time: 0.5078  data: 0.0004  max mem: 24227
Epoch: [5]  [4620/5625]  eta: 0:08:27  lr: 0.000009  train_loss: 0.2093 (0.2729)  train_iou: 0.6657 (0.6606)  time: 0.5042  data: 0.0011  max mem: 24227
Epoch: [5]  [4640/5625]  eta: 0:08:17  lr: 0.000009  train_loss: 0.2264 (0.2729)  train_iou: 0.6865 (0.6606)  time: 0.5044  data: 0.0004  max mem: 24227
Epoch: [5]  [4660/5625]  eta: 0:08:07  lr: 0.000009  train_loss: 0.1727 (0.2727)  train_iou: 0.6814 (0.6608)  time: 0.5060  data: 0.0004  max mem: 24227
Epoch: [5]  [4680/5625]  eta: 0:07:57  lr: 0.000009  train_loss: 0.2297 (0.2726)  train_iou: 0.6659 (0.6609)  time: 0.5022  data: 0.0004  max mem: 24227
Epoch: [5]  [4700/5625]  eta: 0:07:47  lr: 0.000009  train_loss: 0.2758 (0.2728)  train_iou: 0.6303 (0.6609)  time: 0.4998  data: 0.0004  max mem: 24227
Epoch: [5]  [4720/5625]  eta: 0:07:37  lr: 0.000009  train_loss: 0.2357 (0.2730)  train_iou: 0.6088 (0.6607)  time: 0.5038  data: 0.0004  max mem: 24227
Epoch: [5]  [4740/5625]  eta: 0:07:27  lr: 0.000009  train_loss: 0.1984 (0.2729)  train_iou: 0.6454 (0.6608)  time: 0.5017  data: 0.0004  max mem: 24227
Epoch: [5]  [4760/5625]  eta: 0:07:17  lr: 0.000009  train_loss: 0.2447 (0.2730)  train_iou: 0.6622 (0.6608)  time: 0.5040  data: 0.0004  max mem: 24227
Epoch: [5]  [4780/5625]  eta: 0:07:06  lr: 0.000009  train_loss: 0.1834 (0.2728)  train_iou: 0.6507 (0.6608)  time: 0.5028  data: 0.0004  max mem: 24227
Epoch: [5]  [4800/5625]  eta: 0:06:56  lr: 0.000009  train_loss: 0.2489 (0.2727)  train_iou: 0.6976 (0.6608)  time: 0.5067  data: 0.0004  max mem: 24227
Epoch: [5]  [4820/5625]  eta: 0:06:46  lr: 0.000009  train_loss: 0.2126 (0.2728)  train_iou: 0.6199 (0.6606)  time: 0.5029  data: 0.0004  max mem: 24227
Epoch: [5]  [4840/5625]  eta: 0:06:36  lr: 0.000009  train_loss: 0.2670 (0.2729)  train_iou: 0.6791 (0.6606)  time: 0.5056  data: 0.0004  max mem: 24227
Epoch: [5]  [4860/5625]  eta: 0:06:26  lr: 0.000009  train_loss: 0.2326 (0.2730)  train_iou: 0.5785 (0.6604)  time: 0.5051  data: 0.0004  max mem: 24227
Epoch: [5]  [4880/5625]  eta: 0:06:16  lr: 0.000009  train_loss: 0.2980 (0.2734)  train_iou: 0.6428 (0.6603)  time: 0.5032  data: 0.0004  max mem: 24227
Epoch: [5]  [4900/5625]  eta: 0:06:06  lr: 0.000009  train_loss: 0.2428 (0.2733)  train_iou: 0.7307 (0.6604)  time: 0.5017  data: 0.0004  max mem: 24227
Epoch: [5]  [4920/5625]  eta: 0:05:56  lr: 0.000009  train_loss: 0.2135 (0.2732)  train_iou: 0.6069 (0.6602)  time: 0.5039  data: 0.0013  max mem: 24227
Epoch: [5]  [4940/5625]  eta: 0:05:46  lr: 0.000009  train_loss: 0.2531 (0.2732)  train_iou: 0.6685 (0.6602)  time: 0.5052  data: 0.0004  max mem: 24227
Epoch: [5]  [4960/5625]  eta: 0:05:35  lr: 0.000009  train_loss: 0.1964 (0.2731)  train_iou: 0.6142 (0.6601)  time: 0.5014  data: 0.0004  max mem: 24227
Epoch: [5]  [4980/5625]  eta: 0:05:25  lr: 0.000009  train_loss: 0.2045 (0.2731)  train_iou: 0.6741 (0.6600)  time: 0.5072  data: 0.0023  max mem: 24227
Epoch: [5]  [5000/5625]  eta: 0:05:15  lr: 0.000009  train_loss: 0.2055 (0.2731)  train_iou: 0.6947 (0.6602)  time: 0.5035  data: 0.0004  max mem: 24227
Epoch: [5]  [5020/5625]  eta: 0:05:05  lr: 0.000009  train_loss: 0.2415 (0.2732)  train_iou: 0.6609 (0.6602)  time: 0.5049  data: 0.0027  max mem: 24227
Epoch: [5]  [5040/5625]  eta: 0:04:55  lr: 0.000009  train_loss: 0.2624 (0.2733)  train_iou: 0.6635 (0.6601)  time: 0.5059  data: 0.0009  max mem: 24227
Epoch: [5]  [5060/5625]  eta: 0:04:45  lr: 0.000009  train_loss: 0.2525 (0.2734)  train_iou: 0.6897 (0.6601)  time: 0.5017  data: 0.0004  max mem: 24227
Epoch: [5]  [5080/5625]  eta: 0:04:35  lr: 0.000009  train_loss: 0.2023 (0.2733)  train_iou: 0.6865 (0.6602)  time: 0.5022  data: 0.0004  max mem: 24227
Epoch: [5]  [5100/5625]  eta: 0:04:25  lr: 0.000009  train_loss: 0.2132 (0.2733)  train_iou: 0.6908 (0.6603)  time: 0.5052  data: 0.0004  max mem: 24227
Epoch: [5]  [5120/5625]  eta: 0:04:15  lr: 0.000009  train_loss: 0.2490 (0.2734)  train_iou: 0.6470 (0.6602)  time: 0.5018  data: 0.0004  max mem: 24227
Epoch: [5]  [5140/5625]  eta: 0:04:05  lr: 0.000009  train_loss: 0.2278 (0.2733)  train_iou: 0.6581 (0.6602)  time: 0.5046  data: 0.0004  max mem: 24227
Epoch: [5]  [5160/5625]  eta: 0:03:54  lr: 0.000009  train_loss: 0.2169 (0.2731)  train_iou: 0.7141 (0.6604)  time: 0.5038  data: 0.0004  max mem: 24227
Epoch: [5]  [5180/5625]  eta: 0:03:44  lr: 0.000009  train_loss: 0.2569 (0.2732)  train_iou: 0.5920 (0.6602)  time: 0.5024  data: 0.0004  max mem: 24227
Epoch: [5]  [5200/5625]  eta: 0:03:34  lr: 0.000009  train_loss: 0.2150 (0.2731)  train_iou: 0.6652 (0.6603)  time: 0.5072  data: 0.0004  max mem: 24227
Epoch: [5]  [5220/5625]  eta: 0:03:24  lr: 0.000009  train_loss: 0.2024 (0.2730)  train_iou: 0.6565 (0.6603)  time: 0.5039  data: 0.0005  max mem: 24227
Epoch: [5]  [5240/5625]  eta: 0:03:14  lr: 0.000009  train_loss: 0.2219 (0.2730)  train_iou: 0.6894 (0.6605)  time: 0.5057  data: 0.0004  max mem: 24227
Epoch: [5]  [5260/5625]  eta: 0:03:04  lr: 0.000009  train_loss: 0.2359 (0.2731)  train_iou: 0.6701 (0.6605)  time: 0.5021  data: 0.0004  max mem: 24227
Epoch: [5]  [5280/5625]  eta: 0:02:54  lr: 0.000009  train_loss: 0.2319 (0.2730)  train_iou: 0.6883 (0.6605)  time: 0.5027  data: 0.0011  max mem: 24227
Epoch: [5]  [5300/5625]  eta: 0:02:44  lr: 0.000009  train_loss: 0.2813 (0.2730)  train_iou: 0.6480 (0.6606)  time: 0.5026  data: 0.0004  max mem: 24227
Epoch: [5]  [5320/5625]  eta: 0:02:34  lr: 0.000009  train_loss: 0.3193 (0.2731)  train_iou: 0.6844 (0.6606)  time: 0.5054  data: 0.0004  max mem: 24227
Epoch: [5]  [5340/5625]  eta: 0:02:23  lr: 0.000009  train_loss: 0.1896 (0.2730)  train_iou: 0.6993 (0.6607)  time: 0.5043  data: 0.0004  max mem: 24227
Epoch: [5]  [5360/5625]  eta: 0:02:13  lr: 0.000009  train_loss: 0.2605 (0.2731)  train_iou: 0.6621 (0.6608)  time: 0.5043  data: 0.0004  max mem: 24227
Epoch: [5]  [5380/5625]  eta: 0:02:03  lr: 0.000009  train_loss: 0.2134 (0.2731)  train_iou: 0.6600 (0.6608)  time: 0.5048  data: 0.0006  max mem: 24227
Epoch: [5]  [5400/5625]  eta: 0:01:53  lr: 0.000009  train_loss: 0.2438 (0.2731)  train_iou: 0.6973 (0.6609)  time: 0.5002  data: 0.0014  max mem: 24227
Epoch: [5]  [5420/5625]  eta: 0:01:43  lr: 0.000009  train_loss: 0.2444 (0.2731)  train_iou: 0.6755 (0.6608)  time: 0.5058  data: 0.0004  max mem: 24227
Epoch: [5]  [5440/5625]  eta: 0:01:33  lr: 0.000009  train_loss: 0.2470 (0.2730)  train_iou: 0.6254 (0.6607)  time: 0.5034  data: 0.0004  max mem: 24227
Epoch: [5]  [5460/5625]  eta: 0:01:23  lr: 0.000009  train_loss: 0.2091 (0.2729)  train_iou: 0.6446 (0.6607)  time: 0.5045  data: 0.0004  max mem: 24227
Epoch: [5]  [5480/5625]  eta: 0:01:13  lr: 0.000009  train_loss: 0.2380 (0.2729)  train_iou: 0.6232 (0.6607)  time: 0.5048  data: 0.0004  max mem: 24227
Epoch: [5]  [5500/5625]  eta: 0:01:03  lr: 0.000009  train_loss: 0.2386 (0.2729)  train_iou: 0.6412 (0.6607)  time: 0.5062  data: 0.0004  max mem: 24227
Epoch: [5]  [5520/5625]  eta: 0:00:53  lr: 0.000009  train_loss: 0.2621 (0.2729)  train_iou: 0.6407 (0.6606)  time: 0.5047  data: 0.0004  max mem: 24227
Epoch: [5]  [5540/5625]  eta: 0:00:42  lr: 0.000009  train_loss: 0.2790 (0.2729)  train_iou: 0.6974 (0.6606)  time: 0.5022  data: 0.0007  max mem: 24227
Epoch: [5]  [5560/5625]  eta: 0:00:32  lr: 0.000009  train_loss: 0.2027 (0.2728)  train_iou: 0.7011 (0.6607)  time: 0.5019  data: 0.0004  max mem: 24227
Epoch: [5]  [5580/5625]  eta: 0:00:22  lr: 0.000009  train_loss: 0.2213 (0.2727)  train_iou: 0.6699 (0.6608)  time: 0.5059  data: 0.0004  max mem: 24227
Epoch: [5]  [5600/5625]  eta: 0:00:12  lr: 0.000009  train_loss: 0.2642 (0.2727)  train_iou: 0.6689 (0.6608)  time: 0.5061  data: 0.0004  max mem: 24227
Epoch: [5]  [5620/5625]  eta: 0:00:02  lr: 0.000009  train_loss: 0.2495 (0.2727)  train_iou: 0.6583 (0.6608)  time: 0.4885  data: 0.0002  max mem: 24227
Epoch: [5]  [5624/5625]  eta: 0:00:00  lr: 0.000009  train_loss: 0.1997 (0.2726)  train_iou: 0.7149 (0.6609)  time: 0.4801  data: 0.0002  max mem: 24227
Epoch: [5] Total time: 0:47:21 (0.5052 s / it)
Averaged stats: lr: 0.000009  train_loss: 0.1997 (0.2726)  train_iou: 0.7149 (0.6609)
huggingface/tokenizers: The current process just got forked, after parallelism has already been used. Disabling parallelism to avoid deadlocks...
To disable this warning, you can either:
	- Avoid using `tokenizers` before the fork if possible
	- Explicitly set the environment variable TOKENIZERS_PARALLELISM=(true | false)
huggingface/tokenizers: The current process just got forked, after parallelism has already been used. Disabling parallelism to avoid deadlocks...
To disable this warning, you can either:
	- Avoid using `tokenizers` before the fork if possible
	- Explicitly set the environment variable TOKENIZERS_PARALLELISM=(true | false)
huggingface/tokenizers: The current process just got forked, after parallelism has already been used. Disabling parallelism to avoid deadlocks...
To disable this warning, you can either:
	- Avoid using `tokenizers` before the fork if possible
	- Explicitly set the environment variable TOKENIZERS_PARALLELISM=(true | false)
huggingface/tokenizers: The current process just got forked, after parallelism has already been used. Disabling parallelism to avoid deadlocks...
To disable this warning, you can either:
	- Avoid using `tokenizers` before the fork if possible
	- Explicitly set the environment variable TOKENIZERS_PARALLELISM=(true | false)
huggingface/tokenizers: The current process just got forked, after parallelism has already been used. Disabling parallelism to avoid deadlocks...
To disable this warning, you can either:
	- Avoid using `tokenizers` before the fork if possible
	- Explicitly set the environment variable TOKENIZERS_PARALLELISM=(true | false)
huggingface/tokenizers: The current process just got forked, after parallelism has already been used. Disabling parallelism to avoid deadlocks...
To disable this warning, you can either:
	- Avoid using `tokenizers` before the fork if possible
	- Explicitly set the environment variable TOKENIZERS_PARALLELISM=(true | false)
huggingface/tokenizers: The current process just got forked, after parallelism has already been used. Disabling parallelism to avoid deadlocks...
To disable this warning, you can either:
	- Avoid using `tokenizers` before the fork if possible
	- Explicitly set the environment variable TOKENIZERS_PARALLELISM=(true | false)
huggingface/tokenizers: The current process just got forked, after parallelism has already been used. Disabling parallelism to avoid deadlocks...
To disable this warning, you can either:
	- Avoid using `tokenizers` before the fork if possible
	- Explicitly set the environment variable TOKENIZERS_PARALLELISM=(true | false)
Test:  [   0/4000]  eta: 1:55:22  inter: 33341.0000 (33341.0000)  union: 35273.0000 (35273.0000)  iou: 0.9452 (0.9452)  time: 1.7307  data: 1.5431  max mem: 24227
Test:  [  50/4000]  eta: 0:10:14  inter: 18155.0000 (24883.4375)  union: 49707.0000 (44115.8906)  iou: 0.5214 (0.5589)  time: 0.1296  data: 0.0004  max mem: 24227
Test:  [ 100/4000]  eta: 0:09:24  inter: 23869.0000 (27616.0368)  union: 48220.0000 (43936.1250)  iou: 0.6334 (0.6023)  time: 0.1277  data: 0.0004  max mem: 24227
Test:  [ 150/4000]  eta: 0:09:05  inter: 18252.0000 (26646.1100)  union: 30489.0000 (41286.9809)  iou: 0.8123 (0.6296)  time: 0.1412  data: 0.0004  max mem: 24227
Test:  [ 200/4000]  eta: 0:08:42  inter: 33277.0000 (27273.9744)  union: 37260.0000 (40787.7070)  iou: 0.9274 (0.6420)  time: 0.1234  data: 0.0004  max mem: 24227
Test:  [ 250/4000]  eta: 0:08:21  inter: 15464.0000 (29022.8313)  union: 33351.0000 (42742.3494)  iou: 0.4358 (0.6327)  time: 0.1141  data: 0.0004  max mem: 24227
Test:  [ 300/4000]  eta: 0:08:14  inter: 20342.0000 (28450.2854)  union: 24597.0000 (42323.5484)  iou: 0.7975 (0.6258)  time: 0.1348  data: 0.0004  max mem: 24227
Test:  [ 350/4000]  eta: 0:08:13  inter: 11278.0000 (27423.3037)  union: 32635.0000 (42188.3326)  iou: 0.5267 (0.6134)  time: 0.1484  data: 0.0004  max mem: 24227
Test:  [ 400/4000]  eta: 0:08:09  inter: 31127.0000 (26950.1839)  union: 35885.0000 (41929.3143)  iou: 0.7380 (0.6113)  time: 0.1221  data: 0.0004  max mem: 24227
Test:  [ 450/4000]  eta: 0:08:00  inter: 19656.0000 (26790.2159)  union: 29245.0000 (41921.7349)  iou: 0.6475 (0.6112)  time: 0.1541  data: 0.0004  max mem: 24227
Test:  [ 500/4000]  eta: 0:07:52  inter: 17207.0000 (27398.7822)  union: 27405.0000 (42744.6905)  iou: 0.6396 (0.6104)  time: 0.1200  data: 0.0004  max mem: 24227
Test:  [ 550/4000]  eta: 0:07:48  inter: 23733.0000 (27338.5193)  union: 27944.0000 (42497.3226)  iou: 0.7749 (0.6149)  time: 0.1454  data: 0.0004  max mem: 24227
Test:  [ 600/4000]  eta: 0:07:39  inter: 10882.0000 (27303.5775)  union: 31421.0000 (42369.6828)  iou: 0.7457 (0.6129)  time: 0.1362  data: 0.0004  max mem: 24227
Test:  [ 650/4000]  eta: 0:07:29  inter: 30248.0000 (27822.4188)  union: 42619.0000 (42733.4983)  iou: 0.6626 (0.6118)  time: 0.1191  data: 0.0004  max mem: 24227
Test:  [ 700/4000]  eta: 0:07:21  inter: 13781.0000 (27426.9979)  union: 28913.0000 (42424.1119)  iou: 0.3822 (0.6057)  time: 0.1259  data: 0.0004  max mem: 24227
Test:  [ 750/4000]  eta: 0:07:16  inter: 27250.0000 (27428.4510)  union: 29934.0000 (42385.3149)  iou: 0.8043 (0.6076)  time: 0.1522  data: 0.0004  max mem: 24227
Test:  [ 800/4000]  eta: 0:07:09  inter: 12656.0000 (27185.6330)  union: 46876.0000 (41925.0420)  iou: 0.7251 (0.6078)  time: 0.1409  data: 0.0004  max mem: 24227
Test:  [ 850/4000]  eta: 0:07:03  inter: 21985.0000 (27235.3515)  union: 39086.0000 (42010.4485)  iou: 0.8104 (0.6091)  time: 0.1194  data: 0.0004  max mem: 24227
Test:  [ 900/4000]  eta: 0:06:56  inter: 11120.0000 (27384.0032)  union: 27591.0000 (42160.8711)  iou: 0.5664 (0.6068)  time: 0.1163  data: 0.0004  max mem: 24227
Test:  [ 950/4000]  eta: 0:06:48  inter: 25091.0000 (27591.7232)  union: 30798.0000 (42192.5889)  iou: 0.8499 (0.6073)  time: 0.1327  data: 0.0004  max mem: 24227
Test:  [1000/4000]  eta: 0:06:41  inter: 21545.0000 (27793.9544)  union: 37232.0000 (42274.8938)  iou: 0.7597 (0.6094)  time: 0.1197  data: 0.0004  max mem: 24227
Test:  [1050/4000]  eta: 0:06:34  inter: 22135.0000 (27823.1510)  union: 37564.0000 (42297.2599)  iou: 0.6736 (0.6091)  time: 0.1342  data: 0.0004  max mem: 24227
Test:  [1100/4000]  eta: 0:06:26  inter: 22649.0000 (27669.3438)  union: 28047.0000 (42037.6576)  iou: 0.7131 (0.6085)  time: 0.1296  data: 0.0004  max mem: 24227
Test:  [1150/4000]  eta: 0:06:20  inter: 9933.0000 (27763.9373)  union: 23789.0000 (41861.2686)  iou: 0.5702 (0.6105)  time: 0.1436  data: 0.0004  max mem: 24227
Test:  [1200/4000]  eta: 0:06:13  inter: 9955.0000 (27768.5832)  union: 29141.0000 (42074.0642)  iou: 0.7609 (0.6070)  time: 0.1318  data: 0.0004  max mem: 24227
Test:  [1250/4000]  eta: 0:06:08  inter: 566.0000 (27458.6530)  union: 31522.0000 (41831.6019)  iou: 0.0142 (0.6042)  time: 0.1487  data: 0.0004  max mem: 24227
Test:  [1300/4000]  eta: 0:06:01  inter: 25293.0000 (27217.6521)  union: 35494.0000 (41571.6161)  iou: 0.6705 (0.6053)  time: 0.1356  data: 0.0004  max mem: 24227
Test:  [1350/4000]  eta: 0:05:54  inter: 25852.0000 (27289.7153)  union: 34021.0000 (41578.6174)  iou: 0.8247 (0.6067)  time: 0.1299  data: 0.0004  max mem: 24227
Test:  [1400/4000]  eta: 0:05:48  inter: 10011.0000 (27384.7110)  union: 20616.0000 (41780.6189)  iou: 0.7398 (0.6042)  time: 0.1337  data: 0.0004  max mem: 24227
Test:  [1450/4000]  eta: 0:05:41  inter: 16270.0000 (27320.9002)  union: 46430.0000 (41683.7144)  iou: 0.4825 (0.6033)  time: 0.1245  data: 0.0004  max mem: 24227
Test:  [1500/4000]  eta: 0:05:34  inter: 16904.0000 (27389.8004)  union: 48526.0000 (41845.6490)  iou: 0.4936 (0.6013)  time: 0.1266  data: 0.0004  max mem: 24227
Test:  [1550/4000]  eta: 0:05:28  inter: 11996.0000 (27231.4069)  union: 26066.0000 (41747.7089)  iou: 0.8852 (0.6018)  time: 0.1504  data: 0.0004  max mem: 24227
Test:  [1600/4000]  eta: 0:05:22  inter: 11731.0000 (27127.5707)  union: 25357.0000 (41691.5201)  iou: 0.7776 (0.5995)  time: 0.1502  data: 0.0004  max mem: 24227
Test:  [1650/4000]  eta: 0:05:14  inter: 16461.0000 (27111.2985)  union: 34052.0000 (41681.2929)  iou: 0.4759 (0.5989)  time: 0.1291  data: 0.0004  max mem: 24227
Test:  [1700/4000]  eta: 0:05:07  inter: 16982.0000 (27086.2470)  union: 35503.0000 (41744.9821)  iou: 0.7910 (0.5976)  time: 0.1280  data: 0.0004  max mem: 24227
Test:  [1750/4000]  eta: 0:05:00  inter: 24712.0000 (27039.5713)  union: 32479.0000 (41672.0827)  iou: 0.6866 (0.5973)  time: 0.1469  data: 0.0004  max mem: 24227
Test:  [1800/4000]  eta: 0:04:54  inter: 25543.0000 (26928.7283)  union: 46622.0000 (41614.9878)  iou: 0.6284 (0.5965)  time: 0.1474  data: 0.0004  max mem: 24227
Test:  [1850/4000]  eta: 0:04:47  inter: 11082.0000 (26871.0218)  union: 34000.0000 (41691.7054)  iou: 0.3235 (0.5946)  time: 0.1340  data: 0.0004  max mem: 24227
Test:  [1900/4000]  eta: 0:04:40  inter: 36896.0000 (26802.2620)  union: 56270.0000 (41642.5192)  iou: 0.6414 (0.5953)  time: 0.1350  data: 0.0004  max mem: 24227
Test:  [1950/4000]  eta: 0:04:34  inter: 11875.0000 (26789.0594)  union: 16894.0000 (41631.5121)  iou: 0.7079 (0.5959)  time: 0.1317  data: 0.0004  max mem: 24227
Test:  [2000/4000]  eta: 0:04:27  inter: 15596.0000 (26806.5956)  union: 22289.0000 (41578.4391)  iou: 0.7930 (0.5967)  time: 0.1180  data: 0.0004  max mem: 24227
Test:  [2050/4000]  eta: 0:04:20  inter: 6962.0000 (26724.9128)  union: 56190.0000 (41677.3070)  iou: 0.2193 (0.5949)  time: 0.1648  data: 0.0004  max mem: 24227
Test:  [2100/4000]  eta: 0:04:13  inter: 20113.0000 (26673.9717)  union: 32027.0000 (41610.5927)  iou: 0.8070 (0.5950)  time: 0.1191  data: 0.0004  max mem: 24227
Test:  [2150/4000]  eta: 0:04:06  inter: 21533.0000 (26685.8204)  union: 30524.0000 (41670.0898)  iou: 0.8144 (0.5945)  time: 0.1230  data: 0.0004  max mem: 24227
Test:  [2200/4000]  eta: 0:04:00  inter: 14016.0000 (26662.7898)  union: 22277.0000 (41624.9181)  iou: 0.6292 (0.5945)  time: 0.1383  data: 0.0004  max mem: 24227
Test:  [2250/4000]  eta: 0:03:53  inter: 19388.0000 (26521.5513)  union: 38015.0000 (41481.7810)  iou: 0.7326 (0.5931)  time: 0.1225  data: 0.0004  max mem: 24227
Test:  [2300/4000]  eta: 0:03:46  inter: 19220.0000 (26593.6416)  union: 37303.0000 (41448.3014)  iou: 0.6275 (0.5949)  time: 0.1339  data: 0.0004  max mem: 24227
Test:  [2350/4000]  eta: 0:03:40  inter: 22636.0000 (26543.7160)  union: 50302.0000 (41418.7618)  iou: 0.6940 (0.5952)  time: 0.1461  data: 0.0004  max mem: 24227
Test:  [2400/4000]  eta: 0:03:33  inter: 10615.0000 (26569.9216)  union: 36847.0000 (41407.2445)  iou: 0.4460 (0.5955)  time: 0.1457  data: 0.0004  max mem: 24227
Test:  [2450/4000]  eta: 0:03:26  inter: 28812.0000 (26654.2249)  union: 32780.0000 (41442.2975)  iou: 0.8893 (0.5971)  time: 0.1100  data: 0.0004  max mem: 24227
Test:  [2500/4000]  eta: 0:03:19  inter: 29561.0000 (26662.0870)  union: 41209.0000 (41442.1351)  iou: 0.8485 (0.5973)  time: 0.1137  data: 0.0004  max mem: 24227
Test:  [2550/4000]  eta: 0:03:13  inter: 29234.0000 (26779.4787)  union: 36531.0000 (41580.3927)  iou: 0.7913 (0.5978)  time: 0.1483  data: 0.0004  max mem: 24227
Test:  [2600/4000]  eta: 0:03:06  inter: 11295.0000 (26699.0361)  union: 34353.0000 (41558.0637)  iou: 0.5562 (0.5962)  time: 0.1388  data: 0.0004  max mem: 24227
Test:  [2650/4000]  eta: 0:02:59  inter: 17028.0000 (26738.6936)  union: 34649.0000 (41770.4495)  iou: 0.8562 (0.5956)  time: 0.1365  data: 0.0004  max mem: 24227
Test:  [2700/4000]  eta: 0:02:53  inter: 26697.0000 (26847.0962)  union: 30728.0000 (41858.2296)  iou: 0.8685 (0.5969)  time: 0.1272  data: 0.0004  max mem: 24227
Test:  [2750/4000]  eta: 0:02:46  inter: 20320.0000 (26889.3240)  union: 29129.0000 (41988.2579)  iou: 0.8203 (0.5959)  time: 0.1240  data: 0.0004  max mem: 24227
Test:  [2800/4000]  eta: 0:02:39  inter: 14453.0000 (26844.7302)  union: 25933.0000 (41874.4982)  iou: 0.8331 (0.5959)  time: 0.1287  data: 0.0004  max mem: 24227
Test:  [2850/4000]  eta: 0:02:33  inter: 12321.0000 (26948.3298)  union: 33165.0000 (41952.0037)  iou: 0.4572 (0.5953)  time: 0.1262  data: 0.0004  max mem: 24227
Test:  [2900/4000]  eta: 0:02:26  inter: 17614.0000 (26953.5356)  union: 26229.0000 (42011.6741)  iou: 0.7906 (0.5942)  time: 0.1195  data: 0.0004  max mem: 24227
Test:  [2950/4000]  eta: 0:02:19  inter: 20163.0000 (26976.5252)  union: 26838.0000 (42052.0055)  iou: 0.5134 (0.5941)  time: 0.1195  data: 0.0004  max mem: 24227
Test:  [3000/4000]  eta: 0:02:13  inter: 10659.0000 (26913.8024)  union: 32724.0000 (42004.7866)  iou: 0.6600 (0.5932)  time: 0.1478  data: 0.0004  max mem: 24227
Test:  [3050/4000]  eta: 0:02:06  inter: 16485.0000 (26890.7722)  union: 34547.0000 (42063.5711)  iou: 0.4480 (0.5930)  time: 0.1275  data: 0.0004  max mem: 24227
Test:  [3100/4000]  eta: 0:02:00  inter: 23194.0000 (26876.0354)  union: 42056.0000 (42043.0896)  iou: 0.5293 (0.5934)  time: 0.1319  data: 0.0004  max mem: 24227
Test:  [3150/4000]  eta: 0:01:53  inter: 16255.0000 (26750.2665)  union: 21696.0000 (41911.7949)  iou: 0.6266 (0.5928)  time: 0.1348  data: 0.0004  max mem: 24227
Test:  [3200/4000]  eta: 0:01:46  inter: 12448.0000 (26764.0159)  union: 41320.0000 (41944.5880)  iou: 0.5695 (0.5933)  time: 0.1265  data: 0.0004  max mem: 24227
Test:  [3250/4000]  eta: 0:01:39  inter: 19421.0000 (26714.3476)  union: 24929.0000 (41898.5541)  iou: 0.6012 (0.5920)  time: 0.1318  data: 0.0004  max mem: 24227
Test:  [3300/4000]  eta: 0:01:33  inter: 24858.0000 (26806.9489)  union: 46054.0000 (42008.5334)  iou: 0.8332 (0.5914)  time: 0.1503  data: 0.0004  max mem: 24227
Test:  [3350/4000]  eta: 0:01:26  inter: 9745.0000 (26804.5635)  union: 12705.0000 (42007.4005)  iou: 0.7912 (0.5920)  time: 0.1128  data: 0.0004  max mem: 24227
Test:  [3400/4000]  eta: 0:01:19  inter: 25679.0000 (26930.9040)  union: 42621.0000 (42092.6998)  iou: 0.8404 (0.5932)  time: 0.1408  data: 0.0004  max mem: 24227
Test:  [3450/4000]  eta: 0:01:13  inter: 17705.0000 (26948.9981)  union: 31591.0000 (42120.5690)  iou: 0.6409 (0.5935)  time: 0.1237  data: 0.0004  max mem: 24227
Test:  [3500/4000]  eta: 0:01:06  inter: 15181.0000 (26907.7946)  union: 21257.0000 (42038.3447)  iou: 0.4185 (0.5936)  time: 0.1228  data: 0.0004  max mem: 24227
Test:  [3550/4000]  eta: 0:00:59  inter: 29636.0000 (26917.2624)  union: 37953.0000 (42068.1340)  iou: 0.8338 (0.5932)  time: 0.1166  data: 0.0004  max mem: 24227
Test:  [3600/4000]  eta: 0:00:53  inter: 21311.0000 (26876.9038)  union: 35575.0000 (42041.7399)  iou: 0.7743 (0.5926)  time: 0.1228  data: 0.0004  max mem: 24227
Test:  [3650/4000]  eta: 0:00:46  inter: 18527.0000 (26822.8488)  union: 38817.0000 (42031.0505)  iou: 0.4433 (0.5918)  time: 0.1564  data: 0.0004  max mem: 24227
Test:  [3700/4000]  eta: 0:00:39  inter: 24028.0000 (26936.4823)  union: 36568.0000 (42104.4361)  iou: 0.7894 (0.5925)  time: 0.1289  data: 0.0004  max mem: 24227
Test:  [3750/4000]  eta: 0:00:33  inter: 23025.0000 (26974.5540)  union: 47847.0000 (42171.1121)  iou: 0.6111 (0.5932)  time: 0.1246  data: 0.0004  max mem: 24227
Test:  [3800/4000]  eta: 0:00:26  inter: 22346.0000 (26991.6429)  union: 29492.0000 (42135.4951)  iou: 0.6524 (0.5936)  time: 0.1107  data: 0.0004  max mem: 24227
Test:  [3850/4000]  eta: 0:00:19  inter: 18023.0000 (27013.4135)  union: 33660.0000 (42180.8638)  iou: 0.8396 (0.5937)  time: 0.1281  data: 0.0004  max mem: 24227
Test:  [3900/4000]  eta: 0:00:13  inter: 19257.0000 (27067.1761)  union: 35117.0000 (42263.4469)  iou: 0.6642 (0.5936)  time: 0.1295  data: 0.0004  max mem: 24227
Test:  [3950/4000]  eta: 0:00:06  inter: 18014.0000 (27042.8625)  union: 35506.0000 (42207.2940)  iou: 0.7628 (0.5941)  time: 0.1222  data: 0.0004  max mem: 24227
Test:  [3999/4000]  eta: 0:00:00  inter: 15413.0000 (26994.8937)  union: 31234.0000 (42108.9392)  iou: 0.5520 (0.5948)  time: 0.1119  data: 0.0001  max mem: 24227
Test: Total time: 0:08:53 (0.1333 s / it)
* IoU 0.595 oIoU 0.641
IoU of the network on the 4000 test images: 0.6%
Max IoU: 0.59%
huggingface/tokenizers: The current process just got forked, after parallelism has already been used. Disabling parallelism to avoid deadlocks...
To disable this warning, you can either:
	- Avoid using `tokenizers` before the fork if possible
	- Explicitly set the environment variable TOKENIZERS_PARALLELISM=(true | false)
huggingface/tokenizers: The current process just got forked, after parallelism has already been used. Disabling parallelism to avoid deadlocks...
To disable this warning, you can either:
	- Avoid using `tokenizers` before the fork if possible
	- Explicitly set the environment variable TOKENIZERS_PARALLELISM=(true | false)
huggingface/tokenizers: The current process just got forked, after parallelism has already been used. Disabling parallelism to avoid deadlocks...
To disable this warning, you can either:
	- Avoid using `tokenizers` before the fork if possible
	- Explicitly set the environment variable TOKENIZERS_PARALLELISM=(true | false)
huggingface/tokenizers: The current process just got forked, after parallelism has already been used. Disabling parallelism to avoid deadlocks...
To disable this warning, you can either:
	- Avoid using `tokenizers` before the fork if possible
	- Explicitly set the environment variable TOKENIZERS_PARALLELISM=(true | false)
huggingface/tokenizers: The current process just got forked, after parallelism has already been used. Disabling parallelism to avoid deadlocks...
To disable this warning, you can either:
	- Avoid using `tokenizers` before the fork if possible
	- Explicitly set the environment variable TOKENIZERS_PARALLELISM=(true | false)
huggingface/tokenizers: The current process just got forked, after parallelism has already been used. Disabling parallelism to avoid deadlocks...
To disable this warning, you can either:
	- Avoid using `tokenizers` before the fork if possible
	- Explicitly set the environment variable TOKENIZERS_PARALLELISM=(true | false)
huggingface/tokenizers: The current process just got forked, after parallelism has already been used. Disabling parallelism to avoid deadlocks...
To disable this warning, you can either:
	- Avoid using `tokenizers` before the fork if possible
	- Explicitly set the environment variable TOKENIZERS_PARALLELISM=(true | false)
huggingface/tokenizers: The current process just got forked, after parallelism has already been used. Disabling parallelism to avoid deadlocks...
To disable this warning, you can either:
	- Avoid using `tokenizers` before the fork if possible
	- Explicitly set the environment variable TOKENIZERS_PARALLELISM=(true | false)
Epoch: [6]  [   0/5625]  eta: 7:53:07  lr: 0.000009  train_loss: 0.1344 (0.1344)  train_iou: 0.6212 (0.6212)  time: 5.0467  data: 4.4670  max mem: 24227
Epoch: [6]  [  20/5625]  eta: 1:08:59  lr: 0.000009  train_loss: 0.2445 (0.2808)  train_iou: 0.5851 (0.6164)  time: 0.5232  data: 0.0098  max mem: 24227
Epoch: [6]  [  40/5625]  eta: 0:58:06  lr: 0.000009  train_loss: 0.2658 (0.2895)  train_iou: 0.6554 (0.6299)  time: 0.5042  data: 0.0004  max mem: 24227
Epoch: [6]  [  60/5625]  eta: 0:54:10  lr: 0.000009  train_loss: 0.1457 (0.2762)  train_iou: 0.6623 (0.6470)  time: 0.5018  data: 0.0004  max mem: 24227
Epoch: [6]  [  80/5625]  eta: 0:52:07  lr: 0.000009  train_loss: 0.1599 (0.2617)  train_iou: 0.6730 (0.6451)  time: 0.5030  data: 0.0004  max mem: 24227
Epoch: [6]  [ 100/5625]  eta: 0:50:52  lr: 0.000009  train_loss: 0.2936 (0.2674)  train_iou: 0.6949 (0.6493)  time: 0.5056  data: 0.0004  max mem: 24227
Epoch: [6]  [ 120/5625]  eta: 0:49:55  lr: 0.000009  train_loss: 0.2574 (0.2740)  train_iou: 0.7003 (0.6534)  time: 0.5018  data: 0.0004  max mem: 24227
Epoch: [6]  [ 140/5625]  eta: 0:49:08  lr: 0.000009  train_loss: 0.2309 (0.2665)  train_iou: 0.6760 (0.6583)  time: 0.4979  data: 0.0004  max mem: 24227
Epoch: [6]  [ 160/5625]  eta: 0:48:31  lr: 0.000009  train_loss: 0.2365 (0.2647)  train_iou: 0.6650 (0.6590)  time: 0.4988  data: 0.0004  max mem: 24227
Epoch: [6]  [ 180/5625]  eta: 0:48:04  lr: 0.000009  train_loss: 0.3018 (0.2677)  train_iou: 0.6778 (0.6612)  time: 0.5062  data: 0.0004  max mem: 24227
Epoch: [6]  [ 200/5625]  eta: 0:47:40  lr: 0.000009  train_loss: 0.2039 (0.2631)  train_iou: 0.7253 (0.6667)  time: 0.5043  data: 0.0004  max mem: 24227
Epoch: [6]  [ 220/5625]  eta: 0:47:18  lr: 0.000009  train_loss: 0.2422 (0.2642)  train_iou: 0.6748 (0.6671)  time: 0.5034  data: 0.0030  max mem: 24227
Epoch: [6]  [ 240/5625]  eta: 0:46:58  lr: 0.000009  train_loss: 0.1668 (0.2600)  train_iou: 0.6938 (0.6697)  time: 0.5037  data: 0.0004  max mem: 24227
Epoch: [6]  [ 260/5625]  eta: 0:46:39  lr: 0.000009  train_loss: 0.1998 (0.2580)  train_iou: 0.6678 (0.6719)  time: 0.5038  data: 0.0004  max mem: 24227
Epoch: [6]  [ 280/5625]  eta: 0:46:22  lr: 0.000009  train_loss: 0.1698 (0.2559)  train_iou: 0.7298 (0.6749)  time: 0.5045  data: 0.0004  max mem: 24227
Epoch: [6]  [ 300/5625]  eta: 0:46:07  lr: 0.000009  train_loss: 0.1945 (0.2561)  train_iou: 0.7095 (0.6783)  time: 0.5056  data: 0.0004  max mem: 24227
Epoch: [6]  [ 320/5625]  eta: 0:45:50  lr: 0.000009  train_loss: 0.2040 (0.2540)  train_iou: 0.7129 (0.6795)  time: 0.5008  data: 0.0004  max mem: 24227
Epoch: [6]  [ 340/5625]  eta: 0:45:35  lr: 0.000009  train_loss: 0.1830 (0.2543)  train_iou: 0.6743 (0.6791)  time: 0.5053  data: 0.0004  max mem: 24227
Epoch: [6]  [ 360/5625]  eta: 0:45:21  lr: 0.000009  train_loss: 0.2613 (0.2555)  train_iou: 0.6345 (0.6763)  time: 0.5051  data: 0.0004  max mem: 24227
Epoch: [6]  [ 380/5625]  eta: 0:45:07  lr: 0.000009  train_loss: 0.3234 (0.2601)  train_iou: 0.6267 (0.6739)  time: 0.5029  data: 0.0004  max mem: 24227
Epoch: [6]  [ 400/5625]  eta: 0:44:55  lr: 0.000009  train_loss: 0.1733 (0.2614)  train_iou: 0.6393 (0.6726)  time: 0.5074  data: 0.0004  max mem: 24227
Epoch: [6]  [ 420/5625]  eta: 0:44:41  lr: 0.000009  train_loss: 0.2410 (0.2619)  train_iou: 0.7116 (0.6739)  time: 0.5018  data: 0.0004  max mem: 24227
Epoch: [6]  [ 440/5625]  eta: 0:44:28  lr: 0.000009  train_loss: 0.2337 (0.2625)  train_iou: 0.6708 (0.6748)  time: 0.5034  data: 0.0004  max mem: 24227
Epoch: [6]  [ 460/5625]  eta: 0:44:15  lr: 0.000009  train_loss: 0.1921 (0.2632)  train_iou: 0.6359 (0.6736)  time: 0.5032  data: 0.0004  max mem: 24227
Epoch: [6]  [ 480/5625]  eta: 0:44:02  lr: 0.000009  train_loss: 0.2469 (0.2637)  train_iou: 0.6553 (0.6723)  time: 0.5037  data: 0.0004  max mem: 24227
Epoch: [6]  [ 500/5625]  eta: 0:43:49  lr: 0.000009  train_loss: 0.1708 (0.2623)  train_iou: 0.6695 (0.6725)  time: 0.5006  data: 0.0004  max mem: 24227
Epoch: [6]  [ 520/5625]  eta: 0:43:37  lr: 0.000009  train_loss: 0.2150 (0.2627)  train_iou: 0.6132 (0.6715)  time: 0.4995  data: 0.0004  max mem: 24227
Epoch: [6]  [ 540/5625]  eta: 0:43:25  lr: 0.000009  train_loss: 0.1763 (0.2620)  train_iou: 0.6558 (0.6710)  time: 0.5063  data: 0.0004  max mem: 24227
Epoch: [6]  [ 560/5625]  eta: 0:43:14  lr: 0.000009  train_loss: 0.2404 (0.2618)  train_iou: 0.6420 (0.6698)  time: 0.5079  data: 0.0004  max mem: 24227
Epoch: [6]  [ 580/5625]  eta: 0:43:02  lr: 0.000009  train_loss: 0.2618 (0.2635)  train_iou: 0.6358 (0.6678)  time: 0.5043  data: 0.0004  max mem: 24227
Epoch: [6]  [ 600/5625]  eta: 0:42:51  lr: 0.000009  train_loss: 0.2150 (0.2635)  train_iou: 0.6719 (0.6685)  time: 0.5059  data: 0.0004  max mem: 24227
Epoch: [6]  [ 620/5625]  eta: 0:42:40  lr: 0.000009  train_loss: 0.2062 (0.2618)  train_iou: 0.7082 (0.6690)  time: 0.5063  data: 0.0004  max mem: 24227
Epoch: [6]  [ 640/5625]  eta: 0:42:29  lr: 0.000009  train_loss: 0.2675 (0.2630)  train_iou: 0.6914 (0.6695)  time: 0.5066  data: 0.0004  max mem: 24227
Epoch: [6]  [ 660/5625]  eta: 0:42:17  lr: 0.000009  train_loss: 0.2621 (0.2634)  train_iou: 0.6563 (0.6690)  time: 0.5012  data: 0.0004  max mem: 24227
Epoch: [6]  [ 680/5625]  eta: 0:42:06  lr: 0.000009  train_loss: 0.2302 (0.2639)  train_iou: 0.6672 (0.6686)  time: 0.5019  data: 0.0004  max mem: 24227
Epoch: [6]  [ 700/5625]  eta: 0:41:55  lr: 0.000009  train_loss: 0.2162 (0.2652)  train_iou: 0.6009 (0.6675)  time: 0.5050  data: 0.0004  max mem: 24227
Epoch: [6]  [ 720/5625]  eta: 0:41:43  lr: 0.000009  train_loss: 0.2289 (0.2659)  train_iou: 0.6466 (0.6665)  time: 0.5038  data: 0.0004  max mem: 24227
Epoch: [6]  [ 740/5625]  eta: 0:41:33  lr: 0.000009  train_loss: 0.2439 (0.2657)  train_iou: 0.6286 (0.6661)  time: 0.5053  data: 0.0004  max mem: 24227
Epoch: [6]  [ 760/5625]  eta: 0:41:21  lr: 0.000009  train_loss: 0.2790 (0.2662)  train_iou: 0.6588 (0.6653)  time: 0.4983  data: 0.0004  max mem: 24227
Epoch: [6]  [ 780/5625]  eta: 0:41:10  lr: 0.000009  train_loss: 0.2930 (0.2668)  train_iou: 0.6497 (0.6647)  time: 0.5051  data: 0.0011  max mem: 24227
Epoch: [6]  [ 800/5625]  eta: 0:40:59  lr: 0.000009  train_loss: 0.2503 (0.2673)  train_iou: 0.6764 (0.6649)  time: 0.5037  data: 0.0004  max mem: 24227
Epoch: [6]  [ 820/5625]  eta: 0:40:48  lr: 0.000009  train_loss: 0.2631 (0.2675)  train_iou: 0.6471 (0.6649)  time: 0.5020  data: 0.0004  max mem: 24227
Epoch: [6]  [ 840/5625]  eta: 0:40:37  lr: 0.000009  train_loss: 0.2859 (0.2691)  train_iou: 0.6340 (0.6640)  time: 0.5030  data: 0.0004  max mem: 24227
Epoch: [6]  [ 860/5625]  eta: 0:40:26  lr: 0.000009  train_loss: 0.3138 (0.2700)  train_iou: 0.6343 (0.6635)  time: 0.5024  data: 0.0004  max mem: 24227
Epoch: [6]  [ 880/5625]  eta: 0:40:15  lr: 0.000009  train_loss: 0.2245 (0.2699)  train_iou: 0.7019 (0.6640)  time: 0.5047  data: 0.0004  max mem: 24227
Epoch: [6]  [ 900/5625]  eta: 0:40:05  lr: 0.000009  train_loss: 0.2126 (0.2693)  train_iou: 0.6194 (0.6634)  time: 0.5061  data: 0.0004  max mem: 24227
Epoch: [6]  [ 920/5625]  eta: 0:39:54  lr: 0.000009  train_loss: 0.2075 (0.2684)  train_iou: 0.6109 (0.6628)  time: 0.5012  data: 0.0004  max mem: 24227
Epoch: [6]  [ 940/5625]  eta: 0:39:43  lr: 0.000009  train_loss: 0.2024 (0.2681)  train_iou: 0.6414 (0.6626)  time: 0.5064  data: 0.0004  max mem: 24227
Epoch: [6]  [ 960/5625]  eta: 0:39:33  lr: 0.000009  train_loss: 0.2824 (0.2683)  train_iou: 0.6538 (0.6625)  time: 0.5023  data: 0.0012  max mem: 24227
Epoch: [6]  [ 980/5625]  eta: 0:39:22  lr: 0.000009  train_loss: 0.2453 (0.2677)  train_iou: 0.6726 (0.6630)  time: 0.5037  data: 0.0004  max mem: 24227
Epoch: [6]  [1000/5625]  eta: 0:39:11  lr: 0.000009  train_loss: 0.2673 (0.2681)  train_iou: 0.6370 (0.6628)  time: 0.5045  data: 0.0004  max mem: 24227
Epoch: [6]  [1020/5625]  eta: 0:39:01  lr: 0.000009  train_loss: 0.1730 (0.2674)  train_iou: 0.6951 (0.6629)  time: 0.5042  data: 0.0004  max mem: 24227
Epoch: [6]  [1040/5625]  eta: 0:38:50  lr: 0.000009  train_loss: 0.2330 (0.2666)  train_iou: 0.6321 (0.6627)  time: 0.5052  data: 0.0004  max mem: 24227
Epoch: [6]  [1060/5625]  eta: 0:38:40  lr: 0.000009  train_loss: 0.2027 (0.2663)  train_iou: 0.6948 (0.6634)  time: 0.5038  data: 0.0004  max mem: 24227
Epoch: [6]  [1080/5625]  eta: 0:38:29  lr: 0.000009  train_loss: 0.2516 (0.2662)  train_iou: 0.6690 (0.6635)  time: 0.5041  data: 0.0004  max mem: 24227
Epoch: [6]  [1100/5625]  eta: 0:38:19  lr: 0.000009  train_loss: 0.2785 (0.2665)  train_iou: 0.6430 (0.6628)  time: 0.5023  data: 0.0004  max mem: 24227
Epoch: [6]  [1120/5625]  eta: 0:38:08  lr: 0.000009  train_loss: 0.2783 (0.2673)  train_iou: 0.7231 (0.6631)  time: 0.5011  data: 0.0004  max mem: 24227
Epoch: [6]  [1140/5625]  eta: 0:37:58  lr: 0.000009  train_loss: 0.2279 (0.2676)  train_iou: 0.6500 (0.6625)  time: 0.5043  data: 0.0004  max mem: 24227
Epoch: [6]  [1160/5625]  eta: 0:37:47  lr: 0.000009  train_loss: 0.2129 (0.2672)  train_iou: 0.6615 (0.6624)  time: 0.5067  data: 0.0004  max mem: 24227
Epoch: [6]  [1180/5625]  eta: 0:37:37  lr: 0.000009  train_loss: 0.2322 (0.2669)  train_iou: 0.6576 (0.6627)  time: 0.5034  data: 0.0004  max mem: 24227
Epoch: [6]  [1200/5625]  eta: 0:37:27  lr: 0.000009  train_loss: 0.2001 (0.2677)  train_iou: 0.6829 (0.6632)  time: 0.5076  data: 0.0005  max mem: 24227
Epoch: [6]  [1220/5625]  eta: 0:37:16  lr: 0.000009  train_loss: 0.2434 (0.2686)  train_iou: 0.6315 (0.6628)  time: 0.5013  data: 0.0004  max mem: 24227
Epoch: [6]  [1240/5625]  eta: 0:37:06  lr: 0.000009  train_loss: 0.2632 (0.2691)  train_iou: 0.6800 (0.6624)  time: 0.5052  data: 0.0004  max mem: 24227
Epoch: [6]  [1260/5625]  eta: 0:36:55  lr: 0.000009  train_loss: 0.2075 (0.2685)  train_iou: 0.6922 (0.6625)  time: 0.5007  data: 0.0004  max mem: 24227
Epoch: [6]  [1280/5625]  eta: 0:36:45  lr: 0.000009  train_loss: 0.1857 (0.2681)  train_iou: 0.7042 (0.6636)  time: 0.5037  data: 0.0004  max mem: 24227
Epoch: [6]  [1300/5625]  eta: 0:36:34  lr: 0.000009  train_loss: 0.2285 (0.2677)  train_iou: 0.6787 (0.6639)  time: 0.5044  data: 0.0004  max mem: 24227
Epoch: [6]  [1320/5625]  eta: 0:36:24  lr: 0.000009  train_loss: 0.2328 (0.2670)  train_iou: 0.7319 (0.6645)  time: 0.5049  data: 0.0004  max mem: 24227
Epoch: [6]  [1340/5625]  eta: 0:36:14  lr: 0.000009  train_loss: 0.1664 (0.2663)  train_iou: 0.6650 (0.6650)  time: 0.5058  data: 0.0004  max mem: 24227
Epoch: [6]  [1360/5625]  eta: 0:36:03  lr: 0.000009  train_loss: 0.1752 (0.2650)  train_iou: 0.6543 (0.6650)  time: 0.5037  data: 0.0004  max mem: 24227
Epoch: [6]  [1380/5625]  eta: 0:35:53  lr: 0.000009  train_loss: 0.2847 (0.2650)  train_iou: 0.7129 (0.6654)  time: 0.5030  data: 0.0004  max mem: 24227
Epoch: [6]  [1400/5625]  eta: 0:35:43  lr: 0.000009  train_loss: 0.1810 (0.2646)  train_iou: 0.6440 (0.6650)  time: 0.5036  data: 0.0004  max mem: 24227
Epoch: [6]  [1420/5625]  eta: 0:35:32  lr: 0.000009  train_loss: 0.2413 (0.2652)  train_iou: 0.6524 (0.6648)  time: 0.5039  data: 0.0004  max mem: 24227
Epoch: [6]  [1440/5625]  eta: 0:35:22  lr: 0.000009  train_loss: 0.2939 (0.2659)  train_iou: 0.6480 (0.6646)  time: 0.5030  data: 0.0004  max mem: 24227
Epoch: [6]  [1460/5625]  eta: 0:35:12  lr: 0.000009  train_loss: 0.2322 (0.2660)  train_iou: 0.6573 (0.6646)  time: 0.5059  data: 0.0004  max mem: 24227
Epoch: [6]  [1480/5625]  eta: 0:35:01  lr: 0.000009  train_loss: 0.2047 (0.2659)  train_iou: 0.6737 (0.6646)  time: 0.5012  data: 0.0004  max mem: 24227
Epoch: [6]  [1500/5625]  eta: 0:34:51  lr: 0.000009  train_loss: 0.2977 (0.2664)  train_iou: 0.6235 (0.6644)  time: 0.5042  data: 0.0004  max mem: 24227
Epoch: [6]  [1520/5625]  eta: 0:34:40  lr: 0.000009  train_loss: 0.2379 (0.2664)  train_iou: 0.6326 (0.6641)  time: 0.5024  data: 0.0004  max mem: 24227
Epoch: [6]  [1540/5625]  eta: 0:34:30  lr: 0.000009  train_loss: 0.2608 (0.2662)  train_iou: 0.7096 (0.6647)  time: 0.5028  data: 0.0004  max mem: 24227
Epoch: [6]  [1560/5625]  eta: 0:34:20  lr: 0.000009  train_loss: 0.2407 (0.2664)  train_iou: 0.6777 (0.6648)  time: 0.5022  data: 0.0004  max mem: 24227
Epoch: [6]  [1580/5625]  eta: 0:34:09  lr: 0.000009  train_loss: 0.1718 (0.2657)  train_iou: 0.6830 (0.6653)  time: 0.5012  data: 0.0004  max mem: 24227
Epoch: [6]  [1600/5625]  eta: 0:33:59  lr: 0.000009  train_loss: 0.1779 (0.2656)  train_iou: 0.6998 (0.6655)  time: 0.5051  data: 0.0004  max mem: 24227
Epoch: [6]  [1620/5625]  eta: 0:33:49  lr: 0.000009  train_loss: 0.2259 (0.2657)  train_iou: 0.6412 (0.6654)  time: 0.5017  data: 0.0004  max mem: 24227
Epoch: [6]  [1640/5625]  eta: 0:33:38  lr: 0.000009  train_loss: 0.2131 (0.2655)  train_iou: 0.6749 (0.6659)  time: 0.5049  data: 0.0004  max mem: 24227
Epoch: [6]  [1660/5625]  eta: 0:33:28  lr: 0.000009  train_loss: 0.2066 (0.2652)  train_iou: 0.6606 (0.6659)  time: 0.5015  data: 0.0004  max mem: 24227
Epoch: [6]  [1680/5625]  eta: 0:33:18  lr: 0.000009  train_loss: 0.1958 (0.2650)  train_iou: 0.6608 (0.6657)  time: 0.5000  data: 0.0004  max mem: 24227
Epoch: [6]  [1700/5625]  eta: 0:33:07  lr: 0.000009  train_loss: 0.2351 (0.2649)  train_iou: 0.6931 (0.6661)  time: 0.5041  data: 0.0004  max mem: 24227
Epoch: [6]  [1720/5625]  eta: 0:32:57  lr: 0.000009  train_loss: 0.2634 (0.2656)  train_iou: 0.6438 (0.6662)  time: 0.5003  data: 0.0004  max mem: 24227
Epoch: [6]  [1740/5625]  eta: 0:32:47  lr: 0.000009  train_loss: 0.2330 (0.2654)  train_iou: 0.6758 (0.6659)  time: 0.5040  data: 0.0004  max mem: 24227
Epoch: [6]  [1760/5625]  eta: 0:32:37  lr: 0.000009  train_loss: 0.1971 (0.2652)  train_iou: 0.6592 (0.6661)  time: 0.5058  data: 0.0004  max mem: 24227
Epoch: [6]  [1780/5625]  eta: 0:32:26  lr: 0.000009  train_loss: 0.2314 (0.2647)  train_iou: 0.6772 (0.6662)  time: 0.5027  data: 0.0004  max mem: 24227
Epoch: [6]  [1800/5625]  eta: 0:32:16  lr: 0.000009  train_loss: 0.2531 (0.2645)  train_iou: 0.7341 (0.6666)  time: 0.5051  data: 0.0004  max mem: 24227
Epoch: [6]  [1820/5625]  eta: 0:32:06  lr: 0.000009  train_loss: 0.1732 (0.2639)  train_iou: 0.6750 (0.6669)  time: 0.5055  data: 0.0004  max mem: 24227
Epoch: [6]  [1840/5625]  eta: 0:31:56  lr: 0.000009  train_loss: 0.2255 (0.2637)  train_iou: 0.6591 (0.6669)  time: 0.5030  data: 0.0004  max mem: 24227
Epoch: [6]  [1860/5625]  eta: 0:31:45  lr: 0.000009  train_loss: 0.2786 (0.2641)  train_iou: 0.6603 (0.6668)  time: 0.5015  data: 0.0004  max mem: 24227
Epoch: [6]  [1880/5625]  eta: 0:31:35  lr: 0.000009  train_loss: 0.2627 (0.2642)  train_iou: 0.6998 (0.6669)  time: 0.5072  data: 0.0004  max mem: 24227
Epoch: [6]  [1900/5625]  eta: 0:31:25  lr: 0.000009  train_loss: 0.1984 (0.2642)  train_iou: 0.7197 (0.6674)  time: 0.5048  data: 0.0005  max mem: 24227
Epoch: [6]  [1920/5625]  eta: 0:31:15  lr: 0.000009  train_loss: 0.2295 (0.2642)  train_iou: 0.6072 (0.6672)  time: 0.5032  data: 0.0004  max mem: 24227
Epoch: [6]  [1940/5625]  eta: 0:31:05  lr: 0.000009  train_loss: 0.2252 (0.2643)  train_iou: 0.7016 (0.6671)  time: 0.5029  data: 0.0004  max mem: 24227
Epoch: [6]  [1960/5625]  eta: 0:30:54  lr: 0.000009  train_loss: 0.2186 (0.2643)  train_iou: 0.6903 (0.6673)  time: 0.5038  data: 0.0004  max mem: 24227
Epoch: [6]  [1980/5625]  eta: 0:30:44  lr: 0.000009  train_loss: 0.2564 (0.2647)  train_iou: 0.6598 (0.6670)  time: 0.5042  data: 0.0004  max mem: 24227
Epoch: [6]  [2000/5625]  eta: 0:30:34  lr: 0.000009  train_loss: 0.2123 (0.2645)  train_iou: 0.6643 (0.6671)  time: 0.5057  data: 0.0004  max mem: 24227
Epoch: [6]  [2020/5625]  eta: 0:30:24  lr: 0.000009  train_loss: 0.2286 (0.2650)  train_iou: 0.6418 (0.6670)  time: 0.5012  data: 0.0004  max mem: 24227
Epoch: [6]  [2040/5625]  eta: 0:30:13  lr: 0.000009  train_loss: 0.2227 (0.2653)  train_iou: 0.6372 (0.6668)  time: 0.4990  data: 0.0004  max mem: 24227
Epoch: [6]  [2060/5625]  eta: 0:30:03  lr: 0.000009  train_loss: 0.1830 (0.2649)  train_iou: 0.6940 (0.6669)  time: 0.5017  data: 0.0004  max mem: 24227
Epoch: [6]  [2080/5625]  eta: 0:29:53  lr: 0.000009  train_loss: 0.1633 (0.2647)  train_iou: 0.6883 (0.6670)  time: 0.5051  data: 0.0004  max mem: 24227
Epoch: [6]  [2100/5625]  eta: 0:29:43  lr: 0.000009  train_loss: 0.2020 (0.2642)  train_iou: 0.6749 (0.6672)  time: 0.5016  data: 0.0004  max mem: 24227
Epoch: [6]  [2120/5625]  eta: 0:29:32  lr: 0.000009  train_loss: 0.2119 (0.2641)  train_iou: 0.6441 (0.6671)  time: 0.5015  data: 0.0004  max mem: 24227
Epoch: [6]  [2140/5625]  eta: 0:29:22  lr: 0.000009  train_loss: 0.1700 (0.2636)  train_iou: 0.6404 (0.6671)  time: 0.5026  data: 0.0006  max mem: 24227
Epoch: [6]  [2160/5625]  eta: 0:29:12  lr: 0.000009  train_loss: 0.2073 (0.2639)  train_iou: 0.6250 (0.6666)  time: 0.5011  data: 0.0004  max mem: 24227
Epoch: [6]  [2180/5625]  eta: 0:29:02  lr: 0.000009  train_loss: 0.2308 (0.2639)  train_iou: 0.6826 (0.6664)  time: 0.5042  data: 0.0004  max mem: 24227
Epoch: [6]  [2200/5625]  eta: 0:28:52  lr: 0.000009  train_loss: 0.1957 (0.2638)  train_iou: 0.6803 (0.6666)  time: 0.5024  data: 0.0004  max mem: 24227
Epoch: [6]  [2220/5625]  eta: 0:28:42  lr: 0.000009  train_loss: 0.1785 (0.2636)  train_iou: 0.6500 (0.6663)  time: 0.5061  data: 0.0013  max mem: 24227
Epoch: [6]  [2240/5625]  eta: 0:28:31  lr: 0.000009  train_loss: 0.2466 (0.2639)  train_iou: 0.6355 (0.6665)  time: 0.5047  data: 0.0004  max mem: 24227
Epoch: [6]  [2260/5625]  eta: 0:28:21  lr: 0.000009  train_loss: 0.2634 (0.2641)  train_iou: 0.5965 (0.6661)  time: 0.5036  data: 0.0004  max mem: 24227
Epoch: [6]  [2280/5625]  eta: 0:28:11  lr: 0.000009  train_loss: 0.2315 (0.2639)  train_iou: 0.6435 (0.6658)  time: 0.5036  data: 0.0004  max mem: 24227
Epoch: [6]  [2300/5625]  eta: 0:28:01  lr: 0.000009  train_loss: 0.2097 (0.2637)  train_iou: 0.7324 (0.6663)  time: 0.5040  data: 0.0005  max mem: 24227
Epoch: [6]  [2320/5625]  eta: 0:27:51  lr: 0.000009  train_loss: 0.2122 (0.2636)  train_iou: 0.6397 (0.6662)  time: 0.5067  data: 0.0004  max mem: 24227
Epoch: [6]  [2340/5625]  eta: 0:27:41  lr: 0.000009  train_loss: 0.2276 (0.2637)  train_iou: 0.6143 (0.6657)  time: 0.5009  data: 0.0004  max mem: 24227
Epoch: [6]  [2360/5625]  eta: 0:27:30  lr: 0.000009  train_loss: 0.3152 (0.2645)  train_iou: 0.6595 (0.6657)  time: 0.5066  data: 0.0004  max mem: 24227
Epoch: [6]  [2380/5625]  eta: 0:27:20  lr: 0.000009  train_loss: 0.2620 (0.2644)  train_iou: 0.6634 (0.6658)  time: 0.5030  data: 0.0012  max mem: 24227
Epoch: [6]  [2400/5625]  eta: 0:27:10  lr: 0.000009  train_loss: 0.1521 (0.2643)  train_iou: 0.6485 (0.6658)  time: 0.5024  data: 0.0004  max mem: 24227
Epoch: [6]  [2420/5625]  eta: 0:27:00  lr: 0.000009  train_loss: 0.1857 (0.2638)  train_iou: 0.7171 (0.6661)  time: 0.5030  data: 0.0004  max mem: 24227
Epoch: [6]  [2440/5625]  eta: 0:26:50  lr: 0.000009  train_loss: 0.1916 (0.2638)  train_iou: 0.6370 (0.6660)  time: 0.5052  data: 0.0004  max mem: 24227
Epoch: [6]  [2460/5625]  eta: 0:26:40  lr: 0.000009  train_loss: 0.1997 (0.2633)  train_iou: 0.7134 (0.6663)  time: 0.5016  data: 0.0012  max mem: 24227
Epoch: [6]  [2480/5625]  eta: 0:26:29  lr: 0.000009  train_loss: 0.2593 (0.2634)  train_iou: 0.6638 (0.6664)  time: 0.5022  data: 0.0004  max mem: 24227
Epoch: [6]  [2500/5625]  eta: 0:26:19  lr: 0.000009  train_loss: 0.2274 (0.2633)  train_iou: 0.6165 (0.6662)  time: 0.4982  data: 0.0004  max mem: 24227
Epoch: [6]  [2520/5625]  eta: 0:26:09  lr: 0.000009  train_loss: 0.1986 (0.2632)  train_iou: 0.6836 (0.6660)  time: 0.5040  data: 0.0004  max mem: 24227
Epoch: [6]  [2540/5625]  eta: 0:25:59  lr: 0.000009  train_loss: 0.2597 (0.2631)  train_iou: 0.7276 (0.6662)  time: 0.5047  data: 0.0004  max mem: 24227
Epoch: [6]  [2560/5625]  eta: 0:25:49  lr: 0.000009  train_loss: 0.1793 (0.2629)  train_iou: 0.6719 (0.6663)  time: 0.5030  data: 0.0004  max mem: 24227
Epoch: [6]  [2580/5625]  eta: 0:25:38  lr: 0.000009  train_loss: 0.2518 (0.2629)  train_iou: 0.5511 (0.6659)  time: 0.5033  data: 0.0004  max mem: 24227
Epoch: [6]  [2600/5625]  eta: 0:25:28  lr: 0.000009  train_loss: 0.1903 (0.2627)  train_iou: 0.6702 (0.6660)  time: 0.5011  data: 0.0004  max mem: 24227
Epoch: [6]  [2620/5625]  eta: 0:25:18  lr: 0.000009  train_loss: 0.2657 (0.2630)  train_iou: 0.6327 (0.6657)  time: 0.5031  data: 0.0004  max mem: 24227
Epoch: [6]  [2640/5625]  eta: 0:25:08  lr: 0.000009  train_loss: 0.2162 (0.2628)  train_iou: 0.6905 (0.6659)  time: 0.5017  data: 0.0004  max mem: 24227
Epoch: [6]  [2660/5625]  eta: 0:24:58  lr: 0.000009  train_loss: 0.1701 (0.2626)  train_iou: 0.7278 (0.6663)  time: 0.5025  data: 0.0004  max mem: 24227
Epoch: [6]  [2680/5625]  eta: 0:24:48  lr: 0.000009  train_loss: 0.2263 (0.2625)  train_iou: 0.7369 (0.6667)  time: 0.5026  data: 0.0013  max mem: 24227
Epoch: [6]  [2700/5625]  eta: 0:24:37  lr: 0.000009  train_loss: 0.2693 (0.2625)  train_iou: 0.6352 (0.6665)  time: 0.5000  data: 0.0004  max mem: 24227
Epoch: [6]  [2720/5625]  eta: 0:24:27  lr: 0.000009  train_loss: 0.2401 (0.2625)  train_iou: 0.6268 (0.6663)  time: 0.5017  data: 0.0004  max mem: 24227
Epoch: [6]  [2740/5625]  eta: 0:24:17  lr: 0.000009  train_loss: 0.1783 (0.2625)  train_iou: 0.6386 (0.6660)  time: 0.5054  data: 0.0012  max mem: 24227
Epoch: [6]  [2760/5625]  eta: 0:24:07  lr: 0.000009  train_loss: 0.2023 (0.2625)  train_iou: 0.6308 (0.6661)  time: 0.5061  data: 0.0004  max mem: 24227
Epoch: [6]  [2780/5625]  eta: 0:23:57  lr: 0.000009  train_loss: 0.1978 (0.2622)  train_iou: 0.7389 (0.6664)  time: 0.4997  data: 0.0004  max mem: 24227
Epoch: [6]  [2800/5625]  eta: 0:23:47  lr: 0.000009  train_loss: 0.1973 (0.2622)  train_iou: 0.7000 (0.6666)  time: 0.5042  data: 0.0004  max mem: 24227
Epoch: [6]  [2820/5625]  eta: 0:23:36  lr: 0.000009  train_loss: 0.1844 (0.2621)  train_iou: 0.6406 (0.6665)  time: 0.5018  data: 0.0004  max mem: 24227
Epoch: [6]  [2840/5625]  eta: 0:23:26  lr: 0.000009  train_loss: 0.2606 (0.2622)  train_iou: 0.6454 (0.6665)  time: 0.5056  data: 0.0004  max mem: 24227
Epoch: [6]  [2860/5625]  eta: 0:23:16  lr: 0.000009  train_loss: 0.1811 (0.2618)  train_iou: 0.7079 (0.6667)  time: 0.4989  data: 0.0004  max mem: 24227
Epoch: [6]  [2880/5625]  eta: 0:23:06  lr: 0.000009  train_loss: 0.1971 (0.2619)  train_iou: 0.6629 (0.6666)  time: 0.5062  data: 0.0004  max mem: 24227
Epoch: [6]  [2900/5625]  eta: 0:22:56  lr: 0.000009  train_loss: 0.1726 (0.2618)  train_iou: 0.6669 (0.6667)  time: 0.5012  data: 0.0004  max mem: 24227
Epoch: [6]  [2920/5625]  eta: 0:22:46  lr: 0.000009  train_loss: 0.2258 (0.2618)  train_iou: 0.7251 (0.6671)  time: 0.5043  data: 0.0004  max mem: 24227
Epoch: [6]  [2940/5625]  eta: 0:22:36  lr: 0.000009  train_loss: 0.2804 (0.2621)  train_iou: 0.6576 (0.6669)  time: 0.5028  data: 0.0004  max mem: 24227
Epoch: [6]  [2960/5625]  eta: 0:22:26  lr: 0.000009  train_loss: 0.2620 (0.2624)  train_iou: 0.6484 (0.6669)  time: 0.5050  data: 0.0004  max mem: 24227
Epoch: [6]  [2980/5625]  eta: 0:22:15  lr: 0.000009  train_loss: 0.1969 (0.2623)  train_iou: 0.6689 (0.6669)  time: 0.5012  data: 0.0004  max mem: 24227
Epoch: [6]  [3000/5625]  eta: 0:22:05  lr: 0.000009  train_loss: 0.1950 (0.2622)  train_iou: 0.7249 (0.6672)  time: 0.5072  data: 0.0004  max mem: 24227
Epoch: [6]  [3020/5625]  eta: 0:21:55  lr: 0.000009  train_loss: 0.2679 (0.2623)  train_iou: 0.6527 (0.6671)  time: 0.5061  data: 0.0004  max mem: 24227
Epoch: [6]  [3040/5625]  eta: 0:21:45  lr: 0.000009  train_loss: 0.2198 (0.2622)  train_iou: 0.7179 (0.6674)  time: 0.5052  data: 0.0006  max mem: 24227
Epoch: [6]  [3060/5625]  eta: 0:21:35  lr: 0.000009  train_loss: 0.1796 (0.2622)  train_iou: 0.6609 (0.6674)  time: 0.5037  data: 0.0004  max mem: 24227
Epoch: [6]  [3080/5625]  eta: 0:21:25  lr: 0.000009  train_loss: 0.2426 (0.2625)  train_iou: 0.6390 (0.6674)  time: 0.5022  data: 0.0004  max mem: 24227
Epoch: [6]  [3100/5625]  eta: 0:21:15  lr: 0.000009  train_loss: 0.2209 (0.2624)  train_iou: 0.6538 (0.6673)  time: 0.5070  data: 0.0006  max mem: 24227
Epoch: [6]  [3120/5625]  eta: 0:21:05  lr: 0.000009  train_loss: 0.2168 (0.2624)  train_iou: 0.6403 (0.6673)  time: 0.5068  data: 0.0004  max mem: 24227
Epoch: [6]  [3140/5625]  eta: 0:20:55  lr: 0.000009  train_loss: 0.2468 (0.2624)  train_iou: 0.6580 (0.6671)  time: 0.5035  data: 0.0005  max mem: 24227
Epoch: [6]  [3160/5625]  eta: 0:20:44  lr: 0.000009  train_loss: 0.1967 (0.2622)  train_iou: 0.6435 (0.6671)  time: 0.5029  data: 0.0004  max mem: 24227
Epoch: [6]  [3180/5625]  eta: 0:20:34  lr: 0.000009  train_loss: 0.1957 (0.2620)  train_iou: 0.6869 (0.6672)  time: 0.5009  data: 0.0004  max mem: 24227
Epoch: [6]  [3200/5625]  eta: 0:20:24  lr: 0.000009  train_loss: 0.2412 (0.2619)  train_iou: 0.5943 (0.6669)  time: 0.5028  data: 0.0004  max mem: 24227
Epoch: [6]  [3220/5625]  eta: 0:20:14  lr: 0.000009  train_loss: 0.1735 (0.2618)  train_iou: 0.6771 (0.6668)  time: 0.5043  data: 0.0004  max mem: 24227
Epoch: [6]  [3240/5625]  eta: 0:20:04  lr: 0.000009  train_loss: 0.2097 (0.2619)  train_iou: 0.6771 (0.6669)  time: 0.5018  data: 0.0004  max mem: 24227
Epoch: [6]  [3260/5625]  eta: 0:19:54  lr: 0.000009  train_loss: 0.2396 (0.2620)  train_iou: 0.6800 (0.6669)  time: 0.5023  data: 0.0004  max mem: 24227
Epoch: [6]  [3280/5625]  eta: 0:19:44  lr: 0.000009  train_loss: 0.2059 (0.2618)  train_iou: 0.6854 (0.6672)  time: 0.5050  data: 0.0004  max mem: 24227
Epoch: [6]  [3300/5625]  eta: 0:19:34  lr: 0.000009  train_loss: 0.2281 (0.2617)  train_iou: 0.6434 (0.6671)  time: 0.5029  data: 0.0004  max mem: 24227
Epoch: [6]  [3320/5625]  eta: 0:19:23  lr: 0.000009  train_loss: 0.2127 (0.2616)  train_iou: 0.6103 (0.6669)  time: 0.5015  data: 0.0004  max mem: 24227
Epoch: [6]  [3340/5625]  eta: 0:19:13  lr: 0.000009  train_loss: 0.2646 (0.2619)  train_iou: 0.6380 (0.6667)  time: 0.5043  data: 0.0004  max mem: 24227
Epoch: [6]  [3360/5625]  eta: 0:19:03  lr: 0.000009  train_loss: 0.2140 (0.2618)  train_iou: 0.6740 (0.6669)  time: 0.5008  data: 0.0004  max mem: 24227
Epoch: [6]  [3380/5625]  eta: 0:18:53  lr: 0.000009  train_loss: 0.1747 (0.2617)  train_iou: 0.7209 (0.6671)  time: 0.5046  data: 0.0004  max mem: 24227
Epoch: [6]  [3400/5625]  eta: 0:18:43  lr: 0.000009  train_loss: 0.2612 (0.2617)  train_iou: 0.6367 (0.6669)  time: 0.5021  data: 0.0004  max mem: 24227
Epoch: [6]  [3420/5625]  eta: 0:18:33  lr: 0.000009  train_loss: 0.2387 (0.2616)  train_iou: 0.7040 (0.6671)  time: 0.5048  data: 0.0004  max mem: 24227
Epoch: [6]  [3440/5625]  eta: 0:18:23  lr: 0.000009  train_loss: 0.2042 (0.2614)  train_iou: 0.6568 (0.6671)  time: 0.5047  data: 0.0004  max mem: 24227
Epoch: [6]  [3460/5625]  eta: 0:18:13  lr: 0.000009  train_loss: 0.1932 (0.2612)  train_iou: 0.7031 (0.6673)  time: 0.5032  data: 0.0005  max mem: 24227
Epoch: [6]  [3480/5625]  eta: 0:18:02  lr: 0.000009  train_loss: 0.3075 (0.2615)  train_iou: 0.6514 (0.6671)  time: 0.5010  data: 0.0004  max mem: 24227
Epoch: [6]  [3500/5625]  eta: 0:17:52  lr: 0.000009  train_loss: 0.2202 (0.2614)  train_iou: 0.6720 (0.6673)  time: 0.5057  data: 0.0014  max mem: 24227
Epoch: [6]  [3520/5625]  eta: 0:17:42  lr: 0.000009  train_loss: 0.2512 (0.2615)  train_iou: 0.6398 (0.6672)  time: 0.5047  data: 0.0005  max mem: 24227
Epoch: [6]  [3540/5625]  eta: 0:17:32  lr: 0.000009  train_loss: 0.1586 (0.2611)  train_iou: 0.6626 (0.6672)  time: 0.5052  data: 0.0005  max mem: 24227
Epoch: [6]  [3560/5625]  eta: 0:17:22  lr: 0.000009  train_loss: 0.2605 (0.2612)  train_iou: 0.6337 (0.6669)  time: 0.5071  data: 0.0006  max mem: 24227
Epoch: [6]  [3580/5625]  eta: 0:17:12  lr: 0.000009  train_loss: 0.2596 (0.2611)  train_iou: 0.6481 (0.6667)  time: 0.5035  data: 0.0004  max mem: 24227
Epoch: [6]  [3600/5625]  eta: 0:17:02  lr: 0.000009  train_loss: 0.1576 (0.2609)  train_iou: 0.7078 (0.6670)  time: 0.5044  data: 0.0004  max mem: 24227
Epoch: [6]  [3620/5625]  eta: 0:16:52  lr: 0.000009  train_loss: 0.1966 (0.2606)  train_iou: 0.6668 (0.6670)  time: 0.5032  data: 0.0004  max mem: 24227
Epoch: [6]  [3640/5625]  eta: 0:16:42  lr: 0.000009  train_loss: 0.2230 (0.2603)  train_iou: 0.6586 (0.6671)  time: 0.5028  data: 0.0004  max mem: 24227
Epoch: [6]  [3660/5625]  eta: 0:16:32  lr: 0.000009  train_loss: 0.2319 (0.2604)  train_iou: 0.6584 (0.6670)  time: 0.5059  data: 0.0004  max mem: 24227
Epoch: [6]  [3680/5625]  eta: 0:16:21  lr: 0.000009  train_loss: 0.2649 (0.2604)  train_iou: 0.6599 (0.6669)  time: 0.5032  data: 0.0004  max mem: 24227
Epoch: [6]  [3700/5625]  eta: 0:16:11  lr: 0.000009  train_loss: 0.2125 (0.2604)  train_iou: 0.6998 (0.6671)  time: 0.5041  data: 0.0005  max mem: 24227
Epoch: [6]  [3720/5625]  eta: 0:16:01  lr: 0.000009  train_loss: 0.2097 (0.2604)  train_iou: 0.6400 (0.6670)  time: 0.5046  data: 0.0004  max mem: 24227
Epoch: [6]  [3740/5625]  eta: 0:15:51  lr: 0.000009  train_loss: 0.1854 (0.2601)  train_iou: 0.7143 (0.6673)  time: 0.5023  data: 0.0004  max mem: 24227
Epoch: [6]  [3760/5625]  eta: 0:15:41  lr: 0.000009  train_loss: 0.2227 (0.2601)  train_iou: 0.7092 (0.6674)  time: 0.5055  data: 0.0004  max mem: 24227
Epoch: [6]  [3780/5625]  eta: 0:15:31  lr: 0.000009  train_loss: 0.1521 (0.2600)  train_iou: 0.6289 (0.6671)  time: 0.5031  data: 0.0013  max mem: 24227
Epoch: [6]  [3800/5625]  eta: 0:15:21  lr: 0.000009  train_loss: 0.1907 (0.2599)  train_iou: 0.6438 (0.6670)  time: 0.5016  data: 0.0004  max mem: 24227
Epoch: [6]  [3820/5625]  eta: 0:15:11  lr: 0.000009  train_loss: 0.1973 (0.2600)  train_iou: 0.6802 (0.6668)  time: 0.5078  data: 0.0004  max mem: 24227
Epoch: [6]  [3840/5625]  eta: 0:15:01  lr: 0.000009  train_loss: 0.1523 (0.2598)  train_iou: 0.6537 (0.6667)  time: 0.5031  data: 0.0004  max mem: 24227
Epoch: [6]  [3860/5625]  eta: 0:14:50  lr: 0.000009  train_loss: 0.2373 (0.2596)  train_iou: 0.6655 (0.6668)  time: 0.5022  data: 0.0004  max mem: 24227
Epoch: [6]  [3880/5625]  eta: 0:14:40  lr: 0.000009  train_loss: 0.1888 (0.2594)  train_iou: 0.6893 (0.6669)  time: 0.5059  data: 0.0004  max mem: 24227
Epoch: [6]  [3900/5625]  eta: 0:14:30  lr: 0.000009  train_loss: 0.2542 (0.2593)  train_iou: 0.7454 (0.6671)  time: 0.5019  data: 0.0004  max mem: 24227
Epoch: [6]  [3920/5625]  eta: 0:14:20  lr: 0.000009  train_loss: 0.1775 (0.2592)  train_iou: 0.7121 (0.6674)  time: 0.5054  data: 0.0004  max mem: 24227
Epoch: [6]  [3940/5625]  eta: 0:14:10  lr: 0.000009  train_loss: 0.2938 (0.2594)  train_iou: 0.6420 (0.6671)  time: 0.5034  data: 0.0004  max mem: 24227
Epoch: [6]  [3960/5625]  eta: 0:14:00  lr: 0.000009  train_loss: 0.1618 (0.2592)  train_iou: 0.6382 (0.6670)  time: 0.5021  data: 0.0004  max mem: 24227
Epoch: [6]  [3980/5625]  eta: 0:13:50  lr: 0.000009  train_loss: 0.1598 (0.2589)  train_iou: 0.6062 (0.6668)  time: 0.5024  data: 0.0004  max mem: 24227
Epoch: [6]  [4000/5625]  eta: 0:13:40  lr: 0.000009  train_loss: 0.1849 (0.2586)  train_iou: 0.6802 (0.6670)  time: 0.5086  data: 0.0004  max mem: 24227
Epoch: [6]  [4020/5625]  eta: 0:13:30  lr: 0.000009  train_loss: 0.2423 (0.2586)  train_iou: 0.6772 (0.6670)  time: 0.5025  data: 0.0004  max mem: 24227
Epoch: [6]  [4040/5625]  eta: 0:13:20  lr: 0.000009  train_loss: 0.2238 (0.2585)  train_iou: 0.7109 (0.6673)  time: 0.5038  data: 0.0004  max mem: 24227
Epoch: [6]  [4060/5625]  eta: 0:13:09  lr: 0.000009  train_loss: 0.1984 (0.2586)  train_iou: 0.6307 (0.6670)  time: 0.5040  data: 0.0004  max mem: 24227
Epoch: [6]  [4080/5625]  eta: 0:12:59  lr: 0.000009  train_loss: 0.2785 (0.2587)  train_iou: 0.7087 (0.6671)  time: 0.5045  data: 0.0004  max mem: 24227
Epoch: [6]  [4100/5625]  eta: 0:12:49  lr: 0.000009  train_loss: 0.2488 (0.2589)  train_iou: 0.6618 (0.6670)  time: 0.4987  data: 0.0004  max mem: 24227
Epoch: [6]  [4120/5625]  eta: 0:12:39  lr: 0.000009  train_loss: 0.2743 (0.2590)  train_iou: 0.6455 (0.6669)  time: 0.5022  data: 0.0013  max mem: 24227
Epoch: [6]  [4140/5625]  eta: 0:12:29  lr: 0.000009  train_loss: 0.2496 (0.2592)  train_iou: 0.6799 (0.6669)  time: 0.5018  data: 0.0004  max mem: 24227
Epoch: [6]  [4160/5625]  eta: 0:12:19  lr: 0.000009  train_loss: 0.2939 (0.2596)  train_iou: 0.6028 (0.6667)  time: 0.5027  data: 0.0004  max mem: 24227
Epoch: [6]  [4180/5625]  eta: 0:12:09  lr: 0.000009  train_loss: 0.2550 (0.2596)  train_iou: 0.6470 (0.6667)  time: 0.5000  data: 0.0004  max mem: 24227
Epoch: [6]  [4200/5625]  eta: 0:11:59  lr: 0.000009  train_loss: 0.2417 (0.2597)  train_iou: 0.6573 (0.6667)  time: 0.5009  data: 0.0004  max mem: 24227
Epoch: [6]  [4220/5625]  eta: 0:11:49  lr: 0.000009  train_loss: 0.2436 (0.2598)  train_iou: 0.6252 (0.6664)  time: 0.5078  data: 0.0004  max mem: 24227
Epoch: [6]  [4240/5625]  eta: 0:11:38  lr: 0.000009  train_loss: 0.2642 (0.2600)  train_iou: 0.6548 (0.6665)  time: 0.5063  data: 0.0006  max mem: 24227
Epoch: [6]  [4260/5625]  eta: 0:11:28  lr: 0.000009  train_loss: 0.1891 (0.2597)  train_iou: 0.6646 (0.6665)  time: 0.5030  data: 0.0004  max mem: 24227
Epoch: [6]  [4280/5625]  eta: 0:11:18  lr: 0.000009  train_loss: 0.3018 (0.2601)  train_iou: 0.6886 (0.6666)  time: 0.5036  data: 0.0004  max mem: 24227
Epoch: [6]  [4300/5625]  eta: 0:11:08  lr: 0.000009  train_loss: 0.2370 (0.2600)  train_iou: 0.7412 (0.6668)  time: 0.5038  data: 0.0004  max mem: 24227
Epoch: [6]  [4320/5625]  eta: 0:10:58  lr: 0.000009  train_loss: 0.2087 (0.2599)  train_iou: 0.6718 (0.6668)  time: 0.5026  data: 0.0004  max mem: 24227
Epoch: [6]  [4340/5625]  eta: 0:10:48  lr: 0.000009  train_loss: 0.1769 (0.2598)  train_iou: 0.6754 (0.6668)  time: 0.5052  data: 0.0004  max mem: 24227
Epoch: [6]  [4360/5625]  eta: 0:10:38  lr: 0.000009  train_loss: 0.2017 (0.2596)  train_iou: 0.7086 (0.6669)  time: 0.5062  data: 0.0004  max mem: 24227
Epoch: [6]  [4380/5625]  eta: 0:10:28  lr: 0.000009  train_loss: 0.2022 (0.2595)  train_iou: 0.6338 (0.6668)  time: 0.5022  data: 0.0012  max mem: 24227
Epoch: [6]  [4400/5625]  eta: 0:10:18  lr: 0.000009  train_loss: 0.2368 (0.2596)  train_iou: 0.5713 (0.6665)  time: 0.5026  data: 0.0004  max mem: 24227
Epoch: [6]  [4420/5625]  eta: 0:10:08  lr: 0.000009  train_loss: 0.1947 (0.2594)  train_iou: 0.6796 (0.6666)  time: 0.5056  data: 0.0004  max mem: 24227
Epoch: [6]  [4440/5625]  eta: 0:09:57  lr: 0.000009  train_loss: 0.2415 (0.2594)  train_iou: 0.7122 (0.6666)  time: 0.5023  data: 0.0004  max mem: 24227
Epoch: [6]  [4460/5625]  eta: 0:09:47  lr: 0.000009  train_loss: 0.2448 (0.2594)  train_iou: 0.7029 (0.6667)  time: 0.5038  data: 0.0004  max mem: 24227
Epoch: [6]  [4480/5625]  eta: 0:09:37  lr: 0.000009  train_loss: 0.1858 (0.2593)  train_iou: 0.7132 (0.6669)  time: 0.5054  data: 0.0004  max mem: 24227
Epoch: [6]  [4500/5625]  eta: 0:09:27  lr: 0.000009  train_loss: 0.1447 (0.2591)  train_iou: 0.7281 (0.6670)  time: 0.5037  data: 0.0004  max mem: 24227
Epoch: [6]  [4520/5625]  eta: 0:09:17  lr: 0.000009  train_loss: 0.1774 (0.2589)  train_iou: 0.6831 (0.6670)  time: 0.5060  data: 0.0004  max mem: 24227
Epoch: [6]  [4540/5625]  eta: 0:09:07  lr: 0.000009  train_loss: 0.2119 (0.2589)  train_iou: 0.6021 (0.6668)  time: 0.5033  data: 0.0004  max mem: 24227
Epoch: [6]  [4560/5625]  eta: 0:08:57  lr: 0.000009  train_loss: 0.1261 (0.2585)  train_iou: 0.6837 (0.6669)  time: 0.5032  data: 0.0004  max mem: 24227
Epoch: [6]  [4580/5625]  eta: 0:08:47  lr: 0.000009  train_loss: 0.2066 (0.2585)  train_iou: 0.7069 (0.6670)  time: 0.5024  data: 0.0004  max mem: 24227
Epoch: [6]  [4600/5625]  eta: 0:08:37  lr: 0.000009  train_loss: 0.2263 (0.2585)  train_iou: 0.7569 (0.6672)  time: 0.5031  data: 0.0004  max mem: 24227
Epoch: [6]  [4620/5625]  eta: 0:08:27  lr: 0.000009  train_loss: 0.2526 (0.2585)  train_iou: 0.6989 (0.6673)  time: 0.5058  data: 0.0004  max mem: 24227
Epoch: [6]  [4640/5625]  eta: 0:08:16  lr: 0.000009  train_loss: 0.1883 (0.2584)  train_iou: 0.5797 (0.6671)  time: 0.4974  data: 0.0004  max mem: 24227
Epoch: [6]  [4660/5625]  eta: 0:08:06  lr: 0.000009  train_loss: 0.2026 (0.2583)  train_iou: 0.7135 (0.6672)  time: 0.5005  data: 0.0015  max mem: 24227
Epoch: [6]  [4680/5625]  eta: 0:07:56  lr: 0.000009  train_loss: 0.1894 (0.2581)  train_iou: 0.6634 (0.6672)  time: 0.5036  data: 0.0004  max mem: 24227
Epoch: [6]  [4700/5625]  eta: 0:07:46  lr: 0.000009  train_loss: 0.1967 (0.2581)  train_iou: 0.6432 (0.6671)  time: 0.5030  data: 0.0004  max mem: 24227
Epoch: [6]  [4720/5625]  eta: 0:07:36  lr: 0.000009  train_loss: 0.1833 (0.2578)  train_iou: 0.6721 (0.6671)  time: 0.5076  data: 0.0004  max mem: 24227
Epoch: [6]  [4740/5625]  eta: 0:07:26  lr: 0.000009  train_loss: 0.2660 (0.2580)  train_iou: 0.6664 (0.6671)  time: 0.5026  data: 0.0004  max mem: 24227
Epoch: [6]  [4760/5625]  eta: 0:07:16  lr: 0.000009  train_loss: 0.1714 (0.2578)  train_iou: 0.6223 (0.6671)  time: 0.5059  data: 0.0004  max mem: 24227
Epoch: [6]  [4780/5625]  eta: 0:07:06  lr: 0.000009  train_loss: 0.2784 (0.2581)  train_iou: 0.5707 (0.6667)  time: 0.5083  data: 0.0004  max mem: 24227
Epoch: [6]  [4800/5625]  eta: 0:06:56  lr: 0.000009  train_loss: 0.1825 (0.2580)  train_iou: 0.6798 (0.6669)  time: 0.5016  data: 0.0004  max mem: 24227
Epoch: [6]  [4820/5625]  eta: 0:06:46  lr: 0.000009  train_loss: 0.2647 (0.2581)  train_iou: 0.6529 (0.6669)  time: 0.5058  data: 0.0004  max mem: 24227
Epoch: [6]  [4840/5625]  eta: 0:06:36  lr: 0.000009  train_loss: 0.2656 (0.2582)  train_iou: 0.5541 (0.6667)  time: 0.5016  data: 0.0004  max mem: 24227
Epoch: [6]  [4860/5625]  eta: 0:06:25  lr: 0.000009  train_loss: 0.2348 (0.2583)  train_iou: 0.6343 (0.6665)  time: 0.5044  data: 0.0004  max mem: 24227
Epoch: [6]  [4880/5625]  eta: 0:06:15  lr: 0.000009  train_loss: 0.1737 (0.2581)  train_iou: 0.6947 (0.6666)  time: 0.4997  data: 0.0004  max mem: 24227
Epoch: [6]  [4900/5625]  eta: 0:06:05  lr: 0.000009  train_loss: 0.2269 (0.2582)  train_iou: 0.6741 (0.6667)  time: 0.5031  data: 0.0004  max mem: 24227
Epoch: [6]  [4920/5625]  eta: 0:05:55  lr: 0.000009  train_loss: 0.2528 (0.2584)  train_iou: 0.5872 (0.6665)  time: 0.5073  data: 0.0004  max mem: 24227
Epoch: [6]  [4940/5625]  eta: 0:05:45  lr: 0.000009  train_loss: 0.2720 (0.2585)  train_iou: 0.6790 (0.6665)  time: 0.5025  data: 0.0004  max mem: 24227
Epoch: [6]  [4960/5625]  eta: 0:05:35  lr: 0.000009  train_loss: 0.2399 (0.2586)  train_iou: 0.7305 (0.6667)  time: 0.5039  data: 0.0004  max mem: 24227
Epoch: [6]  [4980/5625]  eta: 0:05:25  lr: 0.000009  train_loss: 0.2292 (0.2585)  train_iou: 0.6416 (0.6667)  time: 0.5011  data: 0.0004  max mem: 24227
Epoch: [6]  [5000/5625]  eta: 0:05:15  lr: 0.000009  train_loss: 0.1726 (0.2584)  train_iou: 0.6389 (0.6667)  time: 0.5029  data: 0.0004  max mem: 24227
Epoch: [6]  [5020/5625]  eta: 0:05:05  lr: 0.000009  train_loss: 0.2276 (0.2584)  train_iou: 0.6679 (0.6666)  time: 0.5050  data: 0.0004  max mem: 24227
Epoch: [6]  [5040/5625]  eta: 0:04:55  lr: 0.000009  train_loss: 0.1948 (0.2585)  train_iou: 0.6546 (0.6667)  time: 0.5031  data: 0.0004  max mem: 24227
Epoch: [6]  [5060/5625]  eta: 0:04:45  lr: 0.000009  train_loss: 0.2161 (0.2584)  train_iou: 0.6811 (0.6669)  time: 0.5008  data: 0.0004  max mem: 24227
Epoch: [6]  [5080/5625]  eta: 0:04:34  lr: 0.000009  train_loss: 0.1880 (0.2584)  train_iou: 0.6616 (0.6668)  time: 0.5038  data: 0.0004  max mem: 24227
Epoch: [6]  [5100/5625]  eta: 0:04:24  lr: 0.000009  train_loss: 0.2393 (0.2585)  train_iou: 0.6971 (0.6668)  time: 0.5028  data: 0.0004  max mem: 24227
Epoch: [6]  [5120/5625]  eta: 0:04:14  lr: 0.000009  train_loss: 0.2127 (0.2584)  train_iou: 0.7025 (0.6670)  time: 0.5027  data: 0.0004  max mem: 24227
Epoch: [6]  [5140/5625]  eta: 0:04:04  lr: 0.000009  train_loss: 0.2107 (0.2583)  train_iou: 0.7205 (0.6671)  time: 0.5048  data: 0.0004  max mem: 24227
Epoch: [6]  [5160/5625]  eta: 0:03:54  lr: 0.000009  train_loss: 0.1661 (0.2582)  train_iou: 0.6484 (0.6671)  time: 0.5057  data: 0.0004  max mem: 24227
Epoch: [6]  [5180/5625]  eta: 0:03:44  lr: 0.000009  train_loss: 0.2289 (0.2583)  train_iou: 0.6302 (0.6671)  time: 0.5039  data: 0.0004  max mem: 24227
Epoch: [6]  [5200/5625]  eta: 0:03:34  lr: 0.000009  train_loss: 0.2188 (0.2582)  train_iou: 0.6617 (0.6670)  time: 0.5033  data: 0.0004  max mem: 24227
Epoch: [6]  [5220/5625]  eta: 0:03:24  lr: 0.000009  train_loss: 0.2304 (0.2581)  train_iou: 0.6574 (0.6669)  time: 0.5024  data: 0.0004  max mem: 24227
Epoch: [6]  [5240/5625]  eta: 0:03:14  lr: 0.000009  train_loss: 0.2056 (0.2582)  train_iou: 0.6089 (0.6668)  time: 0.5042  data: 0.0004  max mem: 24227
Epoch: [6]  [5260/5625]  eta: 0:03:04  lr: 0.000009  train_loss: 0.1883 (0.2580)  train_iou: 0.6320 (0.6667)  time: 0.5033  data: 0.0004  max mem: 24227
Epoch: [6]  [5280/5625]  eta: 0:02:54  lr: 0.000009  train_loss: 0.2282 (0.2581)  train_iou: 0.6167 (0.6666)  time: 0.5052  data: 0.0004  max mem: 24227
Epoch: [6]  [5300/5625]  eta: 0:02:43  lr: 0.000009  train_loss: 0.1799 (0.2579)  train_iou: 0.7122 (0.6667)  time: 0.5029  data: 0.0004  max mem: 24227
Epoch: [6]  [5320/5625]  eta: 0:02:33  lr: 0.000009  train_loss: 0.1806 (0.2578)  train_iou: 0.6916 (0.6668)  time: 0.5045  data: 0.0004  max mem: 24227
Epoch: [6]  [5340/5625]  eta: 0:02:23  lr: 0.000009  train_loss: 0.2319 (0.2578)  train_iou: 0.6932 (0.6668)  time: 0.5017  data: 0.0004  max mem: 24227
Epoch: [6]  [5360/5625]  eta: 0:02:13  lr: 0.000009  train_loss: 0.1652 (0.2577)  train_iou: 0.7564 (0.6670)  time: 0.5047  data: 0.0004  max mem: 24227
Epoch: [6]  [5380/5625]  eta: 0:02:03  lr: 0.000009  train_loss: 0.2209 (0.2578)  train_iou: 0.6911 (0.6672)  time: 0.5037  data: 0.0004  max mem: 24227
Epoch: [6]  [5400/5625]  eta: 0:01:53  lr: 0.000009  train_loss: 0.2582 (0.2578)  train_iou: 0.7044 (0.6673)  time: 0.5027  data: 0.0004  max mem: 24227
Epoch: [6]  [5420/5625]  eta: 0:01:43  lr: 0.000009  train_loss: 0.2101 (0.2577)  train_iou: 0.6647 (0.6673)  time: 0.5008  data: 0.0004  max mem: 24227
Epoch: [6]  [5440/5625]  eta: 0:01:33  lr: 0.000009  train_loss: 0.2824 (0.2580)  train_iou: 0.6569 (0.6673)  time: 0.5024  data: 0.0004  max mem: 24227
Epoch: [6]  [5460/5625]  eta: 0:01:23  lr: 0.000009  train_loss: 0.2435 (0.2581)  train_iou: 0.6345 (0.6672)  time: 0.5051  data: 0.0004  max mem: 24227
Epoch: [6]  [5480/5625]  eta: 0:01:13  lr: 0.000009  train_loss: 0.1991 (0.2581)  train_iou: 0.6698 (0.6671)  time: 0.5039  data: 0.0004  max mem: 24227
Epoch: [6]  [5500/5625]  eta: 0:01:03  lr: 0.000009  train_loss: 0.2176 (0.2580)  train_iou: 0.6668 (0.6670)  time: 0.5016  data: 0.0004  max mem: 24227
Epoch: [6]  [5520/5625]  eta: 0:00:52  lr: 0.000009  train_loss: 0.1943 (0.2579)  train_iou: 0.6887 (0.6671)  time: 0.5012  data: 0.0004  max mem: 24227
Epoch: [6]  [5540/5625]  eta: 0:00:42  lr: 0.000009  train_loss: 0.2524 (0.2579)  train_iou: 0.6434 (0.6670)  time: 0.5009  data: 0.0004  max mem: 24227
Epoch: [6]  [5560/5625]  eta: 0:00:32  lr: 0.000009  train_loss: 0.2270 (0.2579)  train_iou: 0.7206 (0.6671)  time: 0.5059  data: 0.0004  max mem: 24227
Epoch: [6]  [5580/5625]  eta: 0:00:22  lr: 0.000009  train_loss: 0.2746 (0.2580)  train_iou: 0.6506 (0.6670)  time: 0.5009  data: 0.0004  max mem: 24227
Epoch: [6]  [5600/5625]  eta: 0:00:12  lr: 0.000009  train_loss: 0.2092 (0.2580)  train_iou: 0.6585 (0.6669)  time: 0.5014  data: 0.0004  max mem: 24227
Epoch: [6]  [5620/5625]  eta: 0:00:02  lr: 0.000009  train_loss: 0.2288 (0.2579)  train_iou: 0.6813 (0.6669)  time: 0.4832  data: 0.0002  max mem: 24227
Epoch: [6]  [5624/5625]  eta: 0:00:00  lr: 0.000009  train_loss: 0.2288 (0.2579)  train_iou: 0.6813 (0.6670)  time: 0.4781  data: 0.0002  max mem: 24227
Epoch: [6] Total time: 0:47:17 (0.5045 s / it)
Averaged stats: lr: 0.000009  train_loss: 0.2288 (0.2579)  train_iou: 0.6813 (0.6670)
huggingface/tokenizers: The current process just got forked, after parallelism has already been used. Disabling parallelism to avoid deadlocks...
To disable this warning, you can either:
	- Avoid using `tokenizers` before the fork if possible
	- Explicitly set the environment variable TOKENIZERS_PARALLELISM=(true | false)
huggingface/tokenizers: The current process just got forked, after parallelism has already been used. Disabling parallelism to avoid deadlocks...
To disable this warning, you can either:
	- Avoid using `tokenizers` before the fork if possible
	- Explicitly set the environment variable TOKENIZERS_PARALLELISM=(true | false)
huggingface/tokenizers: The current process just got forked, after parallelism has already been used. Disabling parallelism to avoid deadlocks...
To disable this warning, you can either:
	- Avoid using `tokenizers` before the fork if possible
	- Explicitly set the environment variable TOKENIZERS_PARALLELISM=(true | false)
huggingface/tokenizers: The current process just got forked, after parallelism has already been used. Disabling parallelism to avoid deadlocks...
To disable this warning, you can either:
	- Avoid using `tokenizers` before the fork if possible
	- Explicitly set the environment variable TOKENIZERS_PARALLELISM=(true | false)
huggingface/tokenizers: The current process just got forked, after parallelism has already been used. Disabling parallelism to avoid deadlocks...
To disable this warning, you can either:
	- Avoid using `tokenizers` before the fork if possible
	- Explicitly set the environment variable TOKENIZERS_PARALLELISM=(true | false)
huggingface/tokenizers: The current process just got forked, after parallelism has already been used. Disabling parallelism to avoid deadlocks...
To disable this warning, you can either:
	- Avoid using `tokenizers` before the fork if possible
	- Explicitly set the environment variable TOKENIZERS_PARALLELISM=(true | false)
huggingface/tokenizers: The current process just got forked, after parallelism has already been used. Disabling parallelism to avoid deadlocks...
To disable this warning, you can either:
	- Avoid using `tokenizers` before the fork if possible
	- Explicitly set the environment variable TOKENIZERS_PARALLELISM=(true | false)
huggingface/tokenizers: The current process just got forked, after parallelism has already been used. Disabling parallelism to avoid deadlocks...
To disable this warning, you can either:
	- Avoid using `tokenizers` before the fork if possible
	- Explicitly set the environment variable TOKENIZERS_PARALLELISM=(true | false)
Test:  [   0/4000]  eta: 1:54:04  inter: 33028.0000 (33028.0000)  union: 34983.0000 (34983.0000)  iou: 0.9441 (0.9441)  time: 1.7111  data: 1.4318  max mem: 24227
Test:  [  50/4000]  eta: 0:10:14  inter: 17860.0000 (24233.9375)  union: 49218.0000 (42934.0938)  iou: 0.5056 (0.5533)  time: 0.1301  data: 0.0004  max mem: 24227
Test:  [ 100/4000]  eta: 0:09:27  inter: 23985.0000 (27298.9926)  union: 47851.0000 (42976.9632)  iou: 0.6507 (0.6052)  time: 0.1297  data: 0.0004  max mem: 24227
Test:  [ 150/4000]  eta: 0:09:07  inter: 18197.0000 (26338.9761)  union: 30136.0000 (40690.9522)  iou: 0.8253 (0.6299)  time: 0.1411  data: 0.0004  max mem: 24227
Test:  [ 200/4000]  eta: 0:08:44  inter: 33342.0000 (26588.6044)  union: 37892.0000 (40306.5971)  iou: 0.9009 (0.6377)  time: 0.1238  data: 0.0004  max mem: 24227
Test:  [ 250/4000]  eta: 0:08:22  inter: 14475.0000 (28208.4608)  union: 33300.0000 (42211.7139)  iou: 0.4292 (0.6255)  time: 0.1135  data: 0.0004  max mem: 24227
Test:  [ 300/4000]  eta: 0:08:15  inter: 20136.0000 (27658.4020)  union: 24385.0000 (41834.2928)  iou: 0.7766 (0.6186)  time: 0.1357  data: 0.0004  max mem: 24227
Test:  [ 350/4000]  eta: 0:08:14  inter: 10030.0000 (26685.5434)  union: 32405.0000 (41859.6860)  iou: 0.5793 (0.6067)  time: 0.1472  data: 0.0004  max mem: 24227
Test:  [ 400/4000]  eta: 0:08:09  inter: 30668.0000 (26257.5214)  union: 36091.0000 (41399.9232)  iou: 0.7536 (0.6062)  time: 0.1214  data: 0.0004  max mem: 24227
Test:  [ 450/4000]  eta: 0:08:01  inter: 18760.0000 (26148.1683)  union: 30888.0000 (41474.4937)  iou: 0.6453 (0.6063)  time: 0.1551  data: 0.0004  max mem: 24227
Test:  [ 500/4000]  eta: 0:07:52  inter: 17205.0000 (26653.9441)  union: 28646.0000 (42297.2536)  iou: 0.6259 (0.6046)  time: 0.1200  data: 0.0004  max mem: 24227
Test:  [ 550/4000]  eta: 0:07:48  inter: 23775.0000 (26618.6311)  union: 27788.0000 (42044.7841)  iou: 0.8146 (0.6094)  time: 0.1435  data: 0.0004  max mem: 24227
Test:  [ 600/4000]  eta: 0:07:39  inter: 10988.0000 (26552.8710)  union: 31049.0000 (41882.3598)  iou: 0.7814 (0.6069)  time: 0.1350  data: 0.0004  max mem: 24227
Test:  [ 650/4000]  eta: 0:07:29  inter: 30144.0000 (27140.7901)  union: 41953.0000 (42286.5923)  iou: 0.8533 (0.6072)  time: 0.1189  data: 0.0004  max mem: 24227
Test:  [ 700/4000]  eta: 0:07:21  inter: 13801.0000 (26704.5852)  union: 28864.0000 (41921.0031)  iou: 0.3900 (0.6010)  time: 0.1263  data: 0.0004  max mem: 24227
Test:  [ 750/4000]  eta: 0:07:16  inter: 27143.0000 (26753.2883)  union: 29797.0000 (41871.9448)  iou: 0.7885 (0.6033)  time: 0.1522  data: 0.0004  max mem: 24227
Test:  [ 800/4000]  eta: 0:07:09  inter: 12542.0000 (26526.8473)  union: 46490.0000 (41419.1955)  iou: 0.7537 (0.6038)  time: 0.1422  data: 0.0004  max mem: 24227
Test:  [ 850/4000]  eta: 0:07:03  inter: 21689.0000 (26570.0669)  union: 39578.0000 (41396.3782)  iou: 0.8006 (0.6049)  time: 0.1183  data: 0.0004  max mem: 24227
Test:  [ 900/4000]  eta: 0:06:56  inter: 11048.0000 (26642.6000)  union: 27533.0000 (41569.1676)  iou: 0.6162 (0.6015)  time: 0.1173  data: 0.0004  max mem: 24227
Test:  [ 950/4000]  eta: 0:06:48  inter: 25037.0000 (26870.3698)  union: 30372.0000 (41612.6189)  iou: 0.8344 (0.6022)  time: 0.1328  data: 0.0004  max mem: 24227
Test:  [1000/4000]  eta: 0:06:41  inter: 23830.0000 (27086.8297)  union: 36875.0000 (41705.2716)  iou: 0.7274 (0.6040)  time: 0.1190  data: 0.0004  max mem: 24227
Test:  [1050/4000]  eta: 0:06:34  inter: 22171.0000 (27098.3245)  union: 38493.0000 (41722.8483)  iou: 0.6729 (0.6033)  time: 0.1346  data: 0.0004  max mem: 24227
Test:  [1100/4000]  eta: 0:06:26  inter: 22774.0000 (26979.2695)  union: 31747.0000 (41499.6504)  iou: 0.7157 (0.6029)  time: 0.1299  data: 0.0004  max mem: 24227
Test:  [1150/4000]  eta: 0:06:21  inter: 9910.0000 (27098.4156)  union: 23812.0000 (41328.0918)  iou: 0.4161 (0.6050)  time: 0.1454  data: 0.0004  max mem: 24227
Test:  [1200/4000]  eta: 0:06:14  inter: 9899.0000 (27073.1439)  union: 28880.0000 (41526.9816)  iou: 0.7906 (0.6012)  time: 0.1320  data: 0.0004  max mem: 24227
Test:  [1250/4000]  eta: 0:06:08  inter: 770.0000 (26796.6070)  union: 32166.0000 (41307.8336)  iou: 0.0185 (0.5988)  time: 0.1481  data: 0.0005  max mem: 24227
Test:  [1300/4000]  eta: 0:06:01  inter: 25500.0000 (26568.1109)  union: 35458.0000 (41063.6150)  iou: 0.6472 (0.5999)  time: 0.1357  data: 0.0004  max mem: 24227
Test:  [1350/4000]  eta: 0:05:54  inter: 25788.0000 (26638.5000)  union: 33516.0000 (41029.1184)  iou: 0.8351 (0.6011)  time: 0.1306  data: 0.0004  max mem: 24227
Test:  [1400/4000]  eta: 0:05:48  inter: 9971.0000 (26772.9980)  union: 11798.0000 (41290.8198)  iou: 0.7664 (0.5988)  time: 0.1345  data: 0.0004  max mem: 24227
Test:  [1450/4000]  eta: 0:05:41  inter: 15519.0000 (26702.9834)  union: 46321.0000 (41193.1892)  iou: 0.4133 (0.5979)  time: 0.1246  data: 0.0004  max mem: 24227
Test:  [1500/4000]  eta: 0:05:34  inter: 17086.0000 (26772.6788)  union: 47947.0000 (41351.6438)  iou: 0.4926 (0.5962)  time: 0.1278  data: 0.0004  max mem: 24227
Test:  [1550/4000]  eta: 0:05:28  inter: 11682.0000 (26624.8152)  union: 25155.0000 (41311.7454)  iou: 0.8708 (0.5968)  time: 0.1506  data: 0.0004  max mem: 24227
Test:  [1600/4000]  eta: 0:05:22  inter: 12560.0000 (26518.8995)  union: 25167.0000 (41277.8898)  iou: 0.7287 (0.5942)  time: 0.1508  data: 0.0004  max mem: 24227
Test:  [1650/4000]  eta: 0:05:14  inter: 16750.0000 (26500.7281)  union: 35556.0000 (41265.9627)  iou: 0.4757 (0.5932)  time: 0.1303  data: 0.0004  max mem: 24227
Test:  [1700/4000]  eta: 0:05:07  inter: 16864.0000 (26492.4193)  union: 35321.0000 (41329.0296)  iou: 0.7699 (0.5919)  time: 0.1285  data: 0.0004  max mem: 24227
Test:  [1750/4000]  eta: 0:05:01  inter: 25270.0000 (26466.4360)  union: 32647.0000 (41248.8428)  iou: 0.8164 (0.5920)  time: 0.1477  data: 0.0004  max mem: 24227
Test:  [1800/4000]  eta: 0:04:54  inter: 23691.0000 (26363.4311)  union: 44566.0000 (41186.3047)  iou: 0.6571 (0.5913)  time: 0.1482  data: 0.0004  max mem: 24227
Test:  [1850/4000]  eta: 0:04:47  inter: 408.0000 (26314.8471)  union: 34232.0000 (41292.1314)  iou: 0.0868 (0.5890)  time: 0.1341  data: 0.0004  max mem: 24227
Test:  [1900/4000]  eta: 0:04:41  inter: 37043.0000 (26250.7917)  union: 56127.0000 (41225.2777)  iou: 0.6406 (0.5899)  time: 0.1354  data: 0.0004  max mem: 24227
Test:  [1950/4000]  eta: 0:04:34  inter: 12139.0000 (26226.6081)  union: 17022.0000 (41202.9717)  iou: 0.7151 (0.5903)  time: 0.1335  data: 0.0004  max mem: 24227
Test:  [2000/4000]  eta: 0:04:27  inter: 15438.0000 (26241.3251)  union: 22186.0000 (41150.8863)  iou: 0.7416 (0.5910)  time: 0.1171  data: 0.0004  max mem: 24227
Test:  [2050/4000]  eta: 0:04:21  inter: 8190.0000 (26171.2319)  union: 56155.0000 (41270.2171)  iou: 0.2685 (0.5893)  time: 0.1634  data: 0.0004  max mem: 24227
Test:  [2100/4000]  eta: 0:04:14  inter: 16291.0000 (26102.0688)  union: 31856.0000 (41219.0701)  iou: 0.7636 (0.5892)  time: 0.1181  data: 0.0004  max mem: 24227
Test:  [2150/4000]  eta: 0:04:07  inter: 24550.0000 (26128.5612)  union: 30556.0000 (41274.3549)  iou: 0.8041 (0.5890)  time: 0.1234  data: 0.0004  max mem: 24227
Test:  [2200/4000]  eta: 0:04:00  inter: 13954.0000 (26094.2340)  union: 21841.0000 (41223.1589)  iou: 0.6389 (0.5886)  time: 0.1368  data: 0.0004  max mem: 24227
Test:  [2250/4000]  eta: 0:03:53  inter: 21896.0000 (25947.4855)  union: 39278.0000 (41089.2967)  iou: 0.6993 (0.5871)  time: 0.1208  data: 0.0004  max mem: 24227
Test:  [2300/4000]  eta: 0:03:47  inter: 32062.0000 (26021.0074)  union: 37361.0000 (41065.0955)  iou: 0.6354 (0.5890)  time: 0.1357  data: 0.0004  max mem: 24227
Test:  [2350/4000]  eta: 0:03:40  inter: 15729.0000 (25952.9852)  union: 52274.0000 (41036.2117)  iou: 0.6608 (0.5890)  time: 0.1464  data: 0.0004  max mem: 24227
Test:  [2400/4000]  eta: 0:03:34  inter: 10601.0000 (25989.2590)  union: 33048.0000 (41018.0495)  iou: 0.4410 (0.5893)  time: 0.1450  data: 0.0004  max mem: 24227
Test:  [2450/4000]  eta: 0:03:27  inter: 29040.0000 (26073.7991)  union: 32490.0000 (41070.9315)  iou: 0.8959 (0.5910)  time: 0.1102  data: 0.0004  max mem: 24227
Test:  [2500/4000]  eta: 0:03:20  inter: 25059.0000 (26073.6645)  union: 41681.0000 (41082.2320)  iou: 0.8389 (0.5911)  time: 0.1136  data: 0.0004  max mem: 24227
Test:  [2550/4000]  eta: 0:03:13  inter: 29247.0000 (26195.1706)  union: 36005.0000 (41207.3167)  iou: 0.7778 (0.5917)  time: 0.1477  data: 0.0004  max mem: 24227
Test:  [2600/4000]  eta: 0:03:06  inter: 11415.0000 (26113.6352)  union: 31360.0000 (41182.9992)  iou: 0.5137 (0.5899)  time: 0.1385  data: 0.0004  max mem: 24227
Test:  [2650/4000]  eta: 0:02:59  inter: 16783.0000 (26119.9259)  union: 34354.0000 (41392.9264)  iou: 0.8485 (0.5892)  time: 0.1352  data: 0.0004  max mem: 24227
Test:  [2700/4000]  eta: 0:02:53  inter: 24891.0000 (26238.7938)  union: 30607.0000 (41477.8951)  iou: 0.8574 (0.5906)  time: 0.1278  data: 0.0004  max mem: 24227
Test:  [2750/4000]  eta: 0:02:46  inter: 22963.0000 (26299.7220)  union: 32062.0000 (41615.6038)  iou: 0.7999 (0.5897)  time: 0.1265  data: 0.0004  max mem: 24227
Test:  [2800/4000]  eta: 0:02:39  inter: 14250.0000 (26260.8657)  union: 26381.0000 (41488.0135)  iou: 0.8320 (0.5900)  time: 0.1283  data: 0.0004  max mem: 24227
Test:  [2850/4000]  eta: 0:02:33  inter: 12403.0000 (26365.5897)  union: 33132.0000 (41572.1665)  iou: 0.4110 (0.5894)  time: 0.1250  data: 0.0004  max mem: 24227
Test:  [2900/4000]  eta: 0:02:26  inter: 17593.0000 (26368.7300)  union: 26111.0000 (41614.0737)  iou: 0.8807 (0.5884)  time: 0.1198  data: 0.0004  max mem: 24227
Test:  [2950/4000]  eta: 0:02:20  inter: 22166.0000 (26386.8642)  union: 26433.0000 (41629.4704)  iou: 0.5601 (0.5884)  time: 0.1201  data: 0.0004  max mem: 24227
Test:  [3000/4000]  eta: 0:02:13  inter: 10354.0000 (26319.1118)  union: 32400.0000 (41582.1321)  iou: 0.5142 (0.5875)  time: 0.1480  data: 0.0004  max mem: 24227
Test:  [3050/4000]  eta: 0:02:06  inter: 13475.0000 (26296.9324)  union: 31403.0000 (41658.9812)  iou: 0.4397 (0.5874)  time: 0.1278  data: 0.0004  max mem: 24227
Test:  [3100/4000]  eta: 0:02:00  inter: 22736.0000 (26286.1915)  union: 42197.0000 (41640.1781)  iou: 0.5348 (0.5877)  time: 0.1317  data: 0.0004  max mem: 24227
Test:  [3150/4000]  eta: 0:01:53  inter: 13403.0000 (26153.9393)  union: 21435.0000 (41507.7580)  iou: 0.6021 (0.5870)  time: 0.1348  data: 0.0004  max mem: 24227
Test:  [3200/4000]  eta: 0:01:46  inter: 13961.0000 (26161.8894)  union: 38710.0000 (41540.9292)  iou: 0.6583 (0.5876)  time: 0.1257  data: 0.0004  max mem: 24227
Test:  [3250/4000]  eta: 0:01:40  inter: 17085.0000 (26108.5227)  union: 25989.0000 (41499.8825)  iou: 0.6782 (0.5862)  time: 0.1330  data: 0.0004  max mem: 24227
Test:  [3300/4000]  eta: 0:01:33  inter: 24805.0000 (26197.4306)  union: 44906.0000 (41601.7019)  iou: 0.8199 (0.5855)  time: 0.1514  data: 0.0004  max mem: 24227
Test:  [3350/4000]  eta: 0:01:26  inter: 9562.0000 (26189.9786)  union: 12651.0000 (41600.7019)  iou: 0.7835 (0.5861)  time: 0.1139  data: 0.0004  max mem: 24227
Test:  [3400/4000]  eta: 0:01:19  inter: 24894.0000 (26313.7805)  union: 41617.0000 (41660.3603)  iou: 0.8326 (0.5875)  time: 0.1403  data: 0.0004  max mem: 24227
Test:  [3450/4000]  eta: 0:01:13  inter: 19307.0000 (26325.6138)  union: 31376.0000 (41687.2858)  iou: 0.5474 (0.5878)  time: 0.1240  data: 0.0004  max mem: 24227
Test:  [3500/4000]  eta: 0:01:06  inter: 16452.0000 (26292.5945)  union: 21213.0000 (41609.5606)  iou: 0.5418 (0.5879)  time: 0.1227  data: 0.0004  max mem: 24227
Test:  [3550/4000]  eta: 0:00:59  inter: 28898.0000 (26298.4216)  union: 37789.0000 (41641.2594)  iou: 0.8045 (0.5875)  time: 0.1160  data: 0.0004  max mem: 24227
Test:  [3600/4000]  eta: 0:00:53  inter: 21199.0000 (26246.7032)  union: 33890.0000 (41606.4192)  iou: 0.7136 (0.5865)  time: 0.1231  data: 0.0004  max mem: 24227
Test:  [3650/4000]  eta: 0:00:46  inter: 18529.0000 (26185.1958)  union: 39032.0000 (41585.6233)  iou: 0.4438 (0.5857)  time: 0.1565  data: 0.0004  max mem: 24227
Test:  [3700/4000]  eta: 0:00:40  inter: 26169.0000 (26301.9134)  union: 36216.0000 (41641.8399)  iou: 0.8221 (0.5867)  time: 0.1286  data: 0.0004  max mem: 24227
Test:  [3750/4000]  eta: 0:00:33  inter: 23394.0000 (26344.5945)  union: 47917.0000 (41703.1191)  iou: 0.5970 (0.5874)  time: 0.1251  data: 0.0004  max mem: 24227
Test:  [3800/4000]  eta: 0:00:26  inter: 22285.0000 (26369.9795)  union: 29608.0000 (41671.2723)  iou: 0.6688 (0.5879)  time: 0.1113  data: 0.0004  max mem: 24227
Test:  [3850/4000]  eta: 0:00:19  inter: 20307.0000 (26378.6336)  union: 33223.0000 (41708.6576)  iou: 0.8519 (0.5879)  time: 0.1287  data: 0.0004  max mem: 24227
Test:  [3900/4000]  eta: 0:00:13  inter: 19089.0000 (26427.4323)  union: 35265.0000 (41796.8842)  iou: 0.6181 (0.5877)  time: 0.1299  data: 0.0004  max mem: 24227
Test:  [3950/4000]  eta: 0:00:06  inter: 17712.0000 (26409.0049)  union: 35458.0000 (41727.0631)  iou: 0.7628 (0.5883)  time: 0.1232  data: 0.0004  max mem: 24227
Test:  [3999/4000]  eta: 0:00:00  inter: 15361.0000 (26371.4636)  union: 31062.0000 (41633.5922)  iou: 0.5467 (0.5891)  time: 0.1120  data: 0.0001  max mem: 24227
Test: Total time: 0:08:53 (0.1335 s / it)
* IoU 0.589 oIoU 0.633
IoU of the network on the 4000 test images: 0.6%
Max IoU: 0.59%
huggingface/tokenizers: The current process just got forked, after parallelism has already been used. Disabling parallelism to avoid deadlocks...
To disable this warning, you can either:
	- Avoid using `tokenizers` before the fork if possible
	- Explicitly set the environment variable TOKENIZERS_PARALLELISM=(true | false)
huggingface/tokenizers: The current process just got forked, after parallelism has already been used. Disabling parallelism to avoid deadlocks...
To disable this warning, you can either:
	- Avoid using `tokenizers` before the fork if possible
	- Explicitly set the environment variable TOKENIZERS_PARALLELISM=(true | false)
huggingface/tokenizers: The current process just got forked, after parallelism has already been used. Disabling parallelism to avoid deadlocks...
To disable this warning, you can either:
	- Avoid using `tokenizers` before the fork if possible
	- Explicitly set the environment variable TOKENIZERS_PARALLELISM=(true | false)
huggingface/tokenizers: The current process just got forked, after parallelism has already been used. Disabling parallelism to avoid deadlocks...
To disable this warning, you can either:
	- Avoid using `tokenizers` before the fork if possible
	- Explicitly set the environment variable TOKENIZERS_PARALLELISM=(true | false)
huggingface/tokenizers: The current process just got forked, after parallelism has already been used. Disabling parallelism to avoid deadlocks...
To disable this warning, you can either:
	- Avoid using `tokenizers` before the fork if possible
	- Explicitly set the environment variable TOKENIZERS_PARALLELISM=(true | false)
huggingface/tokenizers: The current process just got forked, after parallelism has already been used. Disabling parallelism to avoid deadlocks...
To disable this warning, you can either:
	- Avoid using `tokenizers` before the fork if possible
	- Explicitly set the environment variable TOKENIZERS_PARALLELISM=(true | false)
huggingface/tokenizers: The current process just got forked, after parallelism has already been used. Disabling parallelism to avoid deadlocks...
To disable this warning, you can either:
	- Avoid using `tokenizers` before the fork if possible
	- Explicitly set the environment variable TOKENIZERS_PARALLELISM=(true | false)
huggingface/tokenizers: The current process just got forked, after parallelism has already been used. Disabling parallelism to avoid deadlocks...
To disable this warning, you can either:
	- Avoid using `tokenizers` before the fork if possible
	- Explicitly set the environment variable TOKENIZERS_PARALLELISM=(true | false)
Epoch: [7]  [   0/5625]  eta: 8:09:28  lr: 0.000009  train_loss: 0.2293 (0.2293)  train_iou: 0.7388 (0.7388)  time: 5.2212  data: 4.6274  max mem: 24227
Epoch: [7]  [  20/5625]  eta: 1:08:39  lr: 0.000009  train_loss: 0.1970 (0.2054)  train_iou: 0.6771 (0.6834)  time: 0.5106  data: 0.0013  max mem: 24227
Epoch: [7]  [  40/5625]  eta: 0:57:47  lr: 0.000009  train_loss: 0.2515 (0.2296)  train_iou: 0.6770 (0.6746)  time: 0.5012  data: 0.0004  max mem: 24227
Epoch: [7]  [  60/5625]  eta: 0:53:59  lr: 0.000009  train_loss: 0.2155 (0.2342)  train_iou: 0.6683 (0.6812)  time: 0.5027  data: 0.0004  max mem: 24227
Epoch: [7]  [  80/5625]  eta: 0:51:59  lr: 0.000009  train_loss: 0.1836 (0.2268)  train_iou: 0.6217 (0.6755)  time: 0.5028  data: 0.0004  max mem: 24227
Epoch: [7]  [ 100/5625]  eta: 0:50:46  lr: 0.000009  train_loss: 0.2220 (0.2320)  train_iou: 0.6545 (0.6739)  time: 0.5063  data: 0.0005  max mem: 24227
Epoch: [7]  [ 120/5625]  eta: 0:49:48  lr: 0.000009  train_loss: 0.1835 (0.2316)  train_iou: 0.7124 (0.6737)  time: 0.4998  data: 0.0004  max mem: 24227
Epoch: [7]  [ 140/5625]  eta: 0:49:07  lr: 0.000009  train_loss: 0.1827 (0.2297)  train_iou: 0.6812 (0.6756)  time: 0.5035  data: 0.0004  max mem: 24227
Epoch: [7]  [ 160/5625]  eta: 0:48:34  lr: 0.000009  train_loss: 0.2019 (0.2262)  train_iou: 0.6429 (0.6691)  time: 0.5057  data: 0.0004  max mem: 24227
Epoch: [7]  [ 180/5625]  eta: 0:48:06  lr: 0.000009  train_loss: 0.1731 (0.2254)  train_iou: 0.6649 (0.6690)  time: 0.5041  data: 0.0004  max mem: 24227
Epoch: [7]  [ 200/5625]  eta: 0:47:42  lr: 0.000009  train_loss: 0.1659 (0.2267)  train_iou: 0.6692 (0.6716)  time: 0.5052  data: 0.0004  max mem: 24227
Epoch: [7]  [ 220/5625]  eta: 0:47:20  lr: 0.000009  train_loss: 0.1828 (0.2262)  train_iou: 0.6690 (0.6706)  time: 0.5050  data: 0.0004  max mem: 24227
Epoch: [7]  [ 240/5625]  eta: 0:46:59  lr: 0.000009  train_loss: 0.2334 (0.2299)  train_iou: 0.7152 (0.6728)  time: 0.5012  data: 0.0004  max mem: 24227
Epoch: [7]  [ 260/5625]  eta: 0:46:40  lr: 0.000009  train_loss: 0.2083 (0.2299)  train_iou: 0.6489 (0.6715)  time: 0.5034  data: 0.0004  max mem: 24227
Epoch: [7]  [ 280/5625]  eta: 0:46:24  lr: 0.000009  train_loss: 0.1945 (0.2292)  train_iou: 0.6661 (0.6733)  time: 0.5058  data: 0.0004  max mem: 24227
Epoch: [7]  [ 300/5625]  eta: 0:46:07  lr: 0.000009  train_loss: 0.1620 (0.2285)  train_iou: 0.6669 (0.6732)  time: 0.5032  data: 0.0004  max mem: 24227
Epoch: [7]  [ 320/5625]  eta: 0:45:51  lr: 0.000009  train_loss: 0.2003 (0.2302)  train_iou: 0.6508 (0.6715)  time: 0.5036  data: 0.0004  max mem: 24227
Epoch: [7]  [ 340/5625]  eta: 0:45:36  lr: 0.000009  train_loss: 0.1615 (0.2296)  train_iou: 0.6617 (0.6712)  time: 0.5026  data: 0.0004  max mem: 24227
Epoch: [7]  [ 360/5625]  eta: 0:45:22  lr: 0.000009  train_loss: 0.1969 (0.2289)  train_iou: 0.7415 (0.6725)  time: 0.5053  data: 0.0004  max mem: 24227
Epoch: [7]  [ 380/5625]  eta: 0:45:07  lr: 0.000009  train_loss: 0.1592 (0.2278)  train_iou: 0.7234 (0.6735)  time: 0.5023  data: 0.0004  max mem: 24227
Epoch: [7]  [ 400/5625]  eta: 0:44:54  lr: 0.000009  train_loss: 0.2159 (0.2305)  train_iou: 0.6698 (0.6731)  time: 0.5040  data: 0.0004  max mem: 24227
Epoch: [7]  [ 420/5625]  eta: 0:44:41  lr: 0.000009  train_loss: 0.2434 (0.2317)  train_iou: 0.6484 (0.6724)  time: 0.5051  data: 0.0004  max mem: 24227
Epoch: [7]  [ 440/5625]  eta: 0:44:27  lr: 0.000009  train_loss: 0.1887 (0.2300)  train_iou: 0.6817 (0.6728)  time: 0.5008  data: 0.0004  max mem: 24227
Epoch: [7]  [ 460/5625]  eta: 0:44:14  lr: 0.000009  train_loss: 0.1910 (0.2305)  train_iou: 0.6755 (0.6741)  time: 0.5013  data: 0.0004  max mem: 24227
Epoch: [7]  [ 480/5625]  eta: 0:44:02  lr: 0.000009  train_loss: 0.2101 (0.2305)  train_iou: 0.6519 (0.6740)  time: 0.5040  data: 0.0004  max mem: 24227
Epoch: [7]  [ 500/5625]  eta: 0:43:50  lr: 0.000009  train_loss: 0.2005 (0.2296)  train_iou: 0.6790 (0.6742)  time: 0.5046  data: 0.0004  max mem: 24227
Epoch: [7]  [ 520/5625]  eta: 0:43:37  lr: 0.000009  train_loss: 0.2084 (0.2299)  train_iou: 0.6956 (0.6753)  time: 0.5020  data: 0.0004  max mem: 24227
Epoch: [7]  [ 540/5625]  eta: 0:43:25  lr: 0.000009  train_loss: 0.2223 (0.2304)  train_iou: 0.5471 (0.6731)  time: 0.5032  data: 0.0004  max mem: 24227
Epoch: [7]  [ 560/5625]  eta: 0:43:13  lr: 0.000009  train_loss: 0.1799 (0.2298)  train_iou: 0.7177 (0.6743)  time: 0.5028  data: 0.0004  max mem: 24227
Epoch: [7]  [ 580/5625]  eta: 0:43:02  lr: 0.000009  train_loss: 0.2500 (0.2313)  train_iou: 0.6264 (0.6722)  time: 0.5048  data: 0.0004  max mem: 24227
Epoch: [7]  [ 600/5625]  eta: 0:42:50  lr: 0.000009  train_loss: 0.1971 (0.2302)  train_iou: 0.6679 (0.6719)  time: 0.5013  data: 0.0004  max mem: 24227
Epoch: [7]  [ 620/5625]  eta: 0:42:38  lr: 0.000009  train_loss: 0.2723 (0.2317)  train_iou: 0.7135 (0.6717)  time: 0.5025  data: 0.0004  max mem: 24227
Epoch: [7]  [ 640/5625]  eta: 0:42:26  lr: 0.000009  train_loss: 0.2386 (0.2328)  train_iou: 0.6618 (0.6711)  time: 0.5025  data: 0.0004  max mem: 24227
Epoch: [7]  [ 660/5625]  eta: 0:42:15  lr: 0.000009  train_loss: 0.2732 (0.2349)  train_iou: 0.6135 (0.6708)  time: 0.5016  data: 0.0005  max mem: 24227
Epoch: [7]  [ 680/5625]  eta: 0:42:04  lr: 0.000009  train_loss: 0.2417 (0.2366)  train_iou: 0.6467 (0.6698)  time: 0.5065  data: 0.0004  max mem: 24227
Epoch: [7]  [ 700/5625]  eta: 0:41:53  lr: 0.000009  train_loss: 0.1623 (0.2369)  train_iou: 0.6375 (0.6693)  time: 0.5023  data: 0.0004  max mem: 24227
Epoch: [7]  [ 720/5625]  eta: 0:41:41  lr: 0.000009  train_loss: 0.1972 (0.2369)  train_iou: 0.7131 (0.6698)  time: 0.5019  data: 0.0004  max mem: 24227
Epoch: [7]  [ 740/5625]  eta: 0:41:31  lr: 0.000009  train_loss: 0.1690 (0.2360)  train_iou: 0.7511 (0.6715)  time: 0.5099  data: 0.0004  max mem: 24227
Epoch: [7]  [ 760/5625]  eta: 0:41:20  lr: 0.000009  train_loss: 0.1955 (0.2360)  train_iou: 0.6765 (0.6717)  time: 0.5008  data: 0.0004  max mem: 24227
Epoch: [7]  [ 780/5625]  eta: 0:41:09  lr: 0.000009  train_loss: 0.1936 (0.2367)  train_iou: 0.6358 (0.6707)  time: 0.5045  data: 0.0004  max mem: 24227
Epoch: [7]  [ 800/5625]  eta: 0:40:58  lr: 0.000009  train_loss: 0.1957 (0.2360)  train_iou: 0.6534 (0.6700)  time: 0.5036  data: 0.0004  max mem: 24227
Epoch: [7]  [ 820/5625]  eta: 0:40:47  lr: 0.000009  train_loss: 0.2462 (0.2364)  train_iou: 0.7408 (0.6710)  time: 0.5007  data: 0.0004  max mem: 24227
Epoch: [7]  [ 840/5625]  eta: 0:40:36  lr: 0.000009  train_loss: 0.2552 (0.2378)  train_iou: 0.7515 (0.6711)  time: 0.5051  data: 0.0004  max mem: 24227
Epoch: [7]  [ 860/5625]  eta: 0:40:25  lr: 0.000009  train_loss: 0.1781 (0.2377)  train_iou: 0.6792 (0.6715)  time: 0.4990  data: 0.0004  max mem: 24227
Epoch: [7]  [ 880/5625]  eta: 0:40:14  lr: 0.000009  train_loss: 0.2175 (0.2379)  train_iou: 0.6432 (0.6709)  time: 0.5052  data: 0.0004  max mem: 24227
Epoch: [7]  [ 900/5625]  eta: 0:40:03  lr: 0.000009  train_loss: 0.1627 (0.2372)  train_iou: 0.7045 (0.6719)  time: 0.5037  data: 0.0004  max mem: 24227
Epoch: [7]  [ 920/5625]  eta: 0:39:53  lr: 0.000009  train_loss: 0.2247 (0.2372)  train_iou: 0.7170 (0.6726)  time: 0.5031  data: 0.0004  max mem: 24227
Epoch: [7]  [ 940/5625]  eta: 0:39:42  lr: 0.000009  train_loss: 0.2059 (0.2378)  train_iou: 0.6787 (0.6727)  time: 0.5017  data: 0.0004  max mem: 24227
Epoch: [7]  [ 960/5625]  eta: 0:39:31  lr: 0.000009  train_loss: 0.2022 (0.2386)  train_iou: 0.6726 (0.6732)  time: 0.5033  data: 0.0004  max mem: 24227
Epoch: [7]  [ 980/5625]  eta: 0:39:20  lr: 0.000009  train_loss: 0.2258 (0.2384)  train_iou: 0.6304 (0.6722)  time: 0.5031  data: 0.0004  max mem: 24227
Epoch: [7]  [1000/5625]  eta: 0:39:09  lr: 0.000009  train_loss: 0.2486 (0.2384)  train_iou: 0.6062 (0.6711)  time: 0.5000  data: 0.0004  max mem: 24227
Epoch: [7]  [1020/5625]  eta: 0:38:59  lr: 0.000009  train_loss: 0.2441 (0.2397)  train_iou: 0.6011 (0.6702)  time: 0.5036  data: 0.0004  max mem: 24227
Epoch: [7]  [1040/5625]  eta: 0:38:49  lr: 0.000009  train_loss: 0.3176 (0.2412)  train_iou: 0.6743 (0.6701)  time: 0.5058  data: 0.0004  max mem: 24227
Epoch: [7]  [1060/5625]  eta: 0:38:38  lr: 0.000009  train_loss: 0.1889 (0.2409)  train_iou: 0.7434 (0.6711)  time: 0.5008  data: 0.0004  max mem: 24227
Epoch: [7]  [1080/5625]  eta: 0:38:27  lr: 0.000009  train_loss: 0.2042 (0.2405)  train_iou: 0.6434 (0.6706)  time: 0.5020  data: 0.0004  max mem: 24227
Epoch: [7]  [1100/5625]  eta: 0:38:17  lr: 0.000009  train_loss: 0.1511 (0.2398)  train_iou: 0.6769 (0.6711)  time: 0.5026  data: 0.0004  max mem: 24227
Epoch: [7]  [1120/5625]  eta: 0:38:06  lr: 0.000009  train_loss: 0.1358 (0.2391)  train_iou: 0.7416 (0.6725)  time: 0.5013  data: 0.0004  max mem: 24227
Epoch: [7]  [1140/5625]  eta: 0:37:55  lr: 0.000009  train_loss: 0.2735 (0.2396)  train_iou: 0.6356 (0.6719)  time: 0.5024  data: 0.0004  max mem: 24227
Epoch: [7]  [1160/5625]  eta: 0:37:45  lr: 0.000009  train_loss: 0.2485 (0.2405)  train_iou: 0.6382 (0.6714)  time: 0.5051  data: 0.0004  max mem: 24227
Epoch: [7]  [1180/5625]  eta: 0:37:35  lr: 0.000009  train_loss: 0.1852 (0.2400)  train_iou: 0.6795 (0.6712)  time: 0.5052  data: 0.0004  max mem: 24227
Epoch: [7]  [1200/5625]  eta: 0:37:25  lr: 0.000009  train_loss: 0.2459 (0.2411)  train_iou: 0.6300 (0.6706)  time: 0.5070  data: 0.0004  max mem: 24227
Epoch: [7]  [1220/5625]  eta: 0:37:14  lr: 0.000009  train_loss: 0.1974 (0.2410)  train_iou: 0.6423 (0.6701)  time: 0.5039  data: 0.0004  max mem: 24227
Epoch: [7]  [1240/5625]  eta: 0:37:04  lr: 0.000009  train_loss: 0.1446 (0.2404)  train_iou: 0.7238 (0.6708)  time: 0.5063  data: 0.0004  max mem: 24227
Epoch: [7]  [1260/5625]  eta: 0:36:53  lr: 0.000009  train_loss: 0.1957 (0.2404)  train_iou: 0.6708 (0.6710)  time: 0.5028  data: 0.0004  max mem: 24227
Epoch: [7]  [1280/5625]  eta: 0:36:43  lr: 0.000009  train_loss: 0.1882 (0.2400)  train_iou: 0.7021 (0.6716)  time: 0.5053  data: 0.0004  max mem: 24227
Epoch: [7]  [1300/5625]  eta: 0:36:33  lr: 0.000009  train_loss: 0.2614 (0.2402)  train_iou: 0.6570 (0.6711)  time: 0.5089  data: 0.0004  max mem: 24227
Epoch: [7]  [1320/5625]  eta: 0:36:23  lr: 0.000009  train_loss: 0.3285 (0.2417)  train_iou: 0.5858 (0.6700)  time: 0.5023  data: 0.0004  max mem: 24227
Epoch: [7]  [1340/5625]  eta: 0:36:12  lr: 0.000009  train_loss: 0.2243 (0.2420)  train_iou: 0.6641 (0.6697)  time: 0.5032  data: 0.0004  max mem: 24227
Epoch: [7]  [1360/5625]  eta: 0:36:02  lr: 0.000009  train_loss: 0.2168 (0.2417)  train_iou: 0.7149 (0.6700)  time: 0.5019  data: 0.0004  max mem: 24227
Epoch: [7]  [1380/5625]  eta: 0:35:51  lr: 0.000009  train_loss: 0.1891 (0.2414)  train_iou: 0.6686 (0.6699)  time: 0.5020  data: 0.0004  max mem: 24227
Epoch: [7]  [1400/5625]  eta: 0:35:41  lr: 0.000009  train_loss: 0.1573 (0.2411)  train_iou: 0.6857 (0.6703)  time: 0.5023  data: 0.0004  max mem: 24227
Epoch: [7]  [1420/5625]  eta: 0:35:31  lr: 0.000009  train_loss: 0.2409 (0.2417)  train_iou: 0.6768 (0.6704)  time: 0.5064  data: 0.0004  max mem: 24227
Epoch: [7]  [1440/5625]  eta: 0:35:21  lr: 0.000009  train_loss: 0.1932 (0.2415)  train_iou: 0.6443 (0.6703)  time: 0.5087  data: 0.0005  max mem: 24227
Epoch: [7]  [1460/5625]  eta: 0:35:10  lr: 0.000009  train_loss: 0.2288 (0.2419)  train_iou: 0.5656 (0.6697)  time: 0.4994  data: 0.0004  max mem: 24227
Epoch: [7]  [1480/5625]  eta: 0:35:00  lr: 0.000009  train_loss: 0.2117 (0.2417)  train_iou: 0.6218 (0.6695)  time: 0.5082  data: 0.0004  max mem: 24227
Epoch: [7]  [1500/5625]  eta: 0:34:50  lr: 0.000009  train_loss: 0.1825 (0.2413)  train_iou: 0.6818 (0.6698)  time: 0.5060  data: 0.0004  max mem: 24227
Epoch: [7]  [1520/5625]  eta: 0:34:40  lr: 0.000009  train_loss: 0.1693 (0.2406)  train_iou: 0.7115 (0.6703)  time: 0.5018  data: 0.0004  max mem: 24227
Epoch: [7]  [1540/5625]  eta: 0:34:29  lr: 0.000009  train_loss: 0.2058 (0.2407)  train_iou: 0.7349 (0.6708)  time: 0.5001  data: 0.0004  max mem: 24227
Epoch: [7]  [1560/5625]  eta: 0:34:19  lr: 0.000009  train_loss: 0.2313 (0.2408)  train_iou: 0.6960 (0.6710)  time: 0.5029  data: 0.0004  max mem: 24227
Epoch: [7]  [1580/5625]  eta: 0:34:09  lr: 0.000009  train_loss: 0.2109 (0.2413)  train_iou: 0.6492 (0.6709)  time: 0.5064  data: 0.0004  max mem: 24227
Epoch: [7]  [1600/5625]  eta: 0:33:58  lr: 0.000009  train_loss: 0.2570 (0.2418)  train_iou: 0.6742 (0.6708)  time: 0.5013  data: 0.0004  max mem: 24227
Epoch: [7]  [1620/5625]  eta: 0:33:48  lr: 0.000009  train_loss: 0.2239 (0.2421)  train_iou: 0.6777 (0.6707)  time: 0.5072  data: 0.0004  max mem: 24227
Epoch: [7]  [1640/5625]  eta: 0:33:38  lr: 0.000009  train_loss: 0.1961 (0.2421)  train_iou: 0.6821 (0.6706)  time: 0.5019  data: 0.0004  max mem: 24227
Epoch: [7]  [1660/5625]  eta: 0:33:27  lr: 0.000009  train_loss: 0.2436 (0.2421)  train_iou: 0.6630 (0.6706)  time: 0.5030  data: 0.0004  max mem: 24227
Epoch: [7]  [1680/5625]  eta: 0:33:17  lr: 0.000009  train_loss: 0.1897 (0.2421)  train_iou: 0.7491 (0.6711)  time: 0.5032  data: 0.0004  max mem: 24227
Epoch: [7]  [1700/5625]  eta: 0:33:07  lr: 0.000009  train_loss: 0.1840 (0.2417)  train_iou: 0.6296 (0.6707)  time: 0.5064  data: 0.0004  max mem: 24227
Epoch: [7]  [1720/5625]  eta: 0:32:57  lr: 0.000009  train_loss: 0.2001 (0.2417)  train_iou: 0.6375 (0.6707)  time: 0.5018  data: 0.0011  max mem: 24227
Epoch: [7]  [1740/5625]  eta: 0:32:46  lr: 0.000009  train_loss: 0.1936 (0.2416)  train_iou: 0.6987 (0.6710)  time: 0.5040  data: 0.0004  max mem: 24227
Epoch: [7]  [1760/5625]  eta: 0:32:36  lr: 0.000009  train_loss: 0.2371 (0.2423)  train_iou: 0.6797 (0.6711)  time: 0.5044  data: 0.0004  max mem: 24227
Epoch: [7]  [1780/5625]  eta: 0:32:26  lr: 0.000009  train_loss: 0.1982 (0.2423)  train_iou: 0.6380 (0.6711)  time: 0.5033  data: 0.0004  max mem: 24227
Epoch: [7]  [1800/5625]  eta: 0:32:16  lr: 0.000009  train_loss: 0.2049 (0.2429)  train_iou: 0.5653 (0.6708)  time: 0.4996  data: 0.0004  max mem: 24227
Epoch: [7]  [1820/5625]  eta: 0:32:05  lr: 0.000009  train_loss: 0.2240 (0.2431)  train_iou: 0.6788 (0.6713)  time: 0.4999  data: 0.0004  max mem: 24227
Epoch: [7]  [1840/5625]  eta: 0:31:55  lr: 0.000009  train_loss: 0.2134 (0.2432)  train_iou: 0.6655 (0.6711)  time: 0.5009  data: 0.0004  max mem: 24227
Epoch: [7]  [1860/5625]  eta: 0:31:45  lr: 0.000009  train_loss: 0.1674 (0.2427)  train_iou: 0.6925 (0.6712)  time: 0.5061  data: 0.0004  max mem: 24227
Epoch: [7]  [1880/5625]  eta: 0:31:34  lr: 0.000009  train_loss: 0.2470 (0.2430)  train_iou: 0.5605 (0.6704)  time: 0.5015  data: 0.0004  max mem: 24227
Epoch: [7]  [1900/5625]  eta: 0:31:24  lr: 0.000009  train_loss: 0.2873 (0.2437)  train_iou: 0.6408 (0.6702)  time: 0.5061  data: 0.0004  max mem: 24227
Epoch: [7]  [1920/5625]  eta: 0:31:14  lr: 0.000009  train_loss: 0.1779 (0.2437)  train_iou: 0.6515 (0.6701)  time: 0.5046  data: 0.0004  max mem: 24227
Epoch: [7]  [1940/5625]  eta: 0:31:04  lr: 0.000009  train_loss: 0.1641 (0.2435)  train_iou: 0.6380 (0.6697)  time: 0.5062  data: 0.0004  max mem: 24227
Epoch: [7]  [1960/5625]  eta: 0:30:54  lr: 0.000009  train_loss: 0.2114 (0.2433)  train_iou: 0.6823 (0.6699)  time: 0.5059  data: 0.0004  max mem: 24227
Epoch: [7]  [1980/5625]  eta: 0:30:44  lr: 0.000009  train_loss: 0.1577 (0.2435)  train_iou: 0.6822 (0.6700)  time: 0.5056  data: 0.0004  max mem: 24227
Epoch: [7]  [2000/5625]  eta: 0:30:34  lr: 0.000009  train_loss: 0.1638 (0.2433)  train_iou: 0.6792 (0.6705)  time: 0.5031  data: 0.0004  max mem: 24227
Epoch: [7]  [2020/5625]  eta: 0:30:23  lr: 0.000009  train_loss: 0.2463 (0.2435)  train_iou: 0.6572 (0.6705)  time: 0.4988  data: 0.0004  max mem: 24227
Epoch: [7]  [2040/5625]  eta: 0:30:13  lr: 0.000009  train_loss: 0.1982 (0.2436)  train_iou: 0.7052 (0.6708)  time: 0.5058  data: 0.0004  max mem: 24227
Epoch: [7]  [2060/5625]  eta: 0:30:03  lr: 0.000009  train_loss: 0.2629 (0.2437)  train_iou: 0.7034 (0.6709)  time: 0.5066  data: 0.0004  max mem: 24227
Epoch: [7]  [2080/5625]  eta: 0:29:53  lr: 0.000009  train_loss: 0.2006 (0.2434)  train_iou: 0.7222 (0.6716)  time: 0.5033  data: 0.0004  max mem: 24227
Epoch: [7]  [2100/5625]  eta: 0:29:43  lr: 0.000009  train_loss: 0.1797 (0.2433)  train_iou: 0.6734 (0.6716)  time: 0.5030  data: 0.0004  max mem: 24227
Epoch: [7]  [2120/5625]  eta: 0:29:32  lr: 0.000009  train_loss: 0.2000 (0.2430)  train_iou: 0.6727 (0.6715)  time: 0.4992  data: 0.0004  max mem: 24227
Epoch: [7]  [2140/5625]  eta: 0:29:22  lr: 0.000009  train_loss: 0.1979 (0.2431)  train_iou: 0.6631 (0.6715)  time: 0.5065  data: 0.0004  max mem: 24227
Epoch: [7]  [2160/5625]  eta: 0:29:12  lr: 0.000009  train_loss: 0.2169 (0.2431)  train_iou: 0.6620 (0.6717)  time: 0.5032  data: 0.0004  max mem: 24227
Epoch: [7]  [2180/5625]  eta: 0:29:02  lr: 0.000009  train_loss: 0.2103 (0.2429)  train_iou: 0.6645 (0.6714)  time: 0.5076  data: 0.0004  max mem: 24227
Epoch: [7]  [2200/5625]  eta: 0:28:52  lr: 0.000009  train_loss: 0.2206 (0.2432)  train_iou: 0.6310 (0.6713)  time: 0.5038  data: 0.0004  max mem: 24227
Epoch: [7]  [2220/5625]  eta: 0:28:41  lr: 0.000009  train_loss: 0.1898 (0.2430)  train_iou: 0.6851 (0.6715)  time: 0.4999  data: 0.0004  max mem: 24227
Epoch: [7]  [2240/5625]  eta: 0:28:31  lr: 0.000009  train_loss: 0.1905 (0.2429)  train_iou: 0.6588 (0.6711)  time: 0.5068  data: 0.0004  max mem: 24227
Epoch: [7]  [2260/5625]  eta: 0:28:21  lr: 0.000009  train_loss: 0.2392 (0.2431)  train_iou: 0.6699 (0.6712)  time: 0.5054  data: 0.0004  max mem: 24227
Epoch: [7]  [2280/5625]  eta: 0:28:11  lr: 0.000009  train_loss: 0.2458 (0.2433)  train_iou: 0.6437 (0.6710)  time: 0.5020  data: 0.0004  max mem: 24227
Epoch: [7]  [2300/5625]  eta: 0:28:01  lr: 0.000009  train_loss: 0.2104 (0.2436)  train_iou: 0.6916 (0.6709)  time: 0.5044  data: 0.0004  max mem: 24227
Epoch: [7]  [2320/5625]  eta: 0:27:51  lr: 0.000009  train_loss: 0.2526 (0.2438)  train_iou: 0.6593 (0.6708)  time: 0.5066  data: 0.0004  max mem: 24227
Epoch: [7]  [2340/5625]  eta: 0:27:41  lr: 0.000009  train_loss: 0.2177 (0.2438)  train_iou: 0.6800 (0.6707)  time: 0.5045  data: 0.0004  max mem: 24227
Epoch: [7]  [2360/5625]  eta: 0:27:30  lr: 0.000009  train_loss: 0.2718 (0.2439)  train_iou: 0.6834 (0.6708)  time: 0.5038  data: 0.0004  max mem: 24227
Epoch: [7]  [2380/5625]  eta: 0:27:20  lr: 0.000009  train_loss: 0.1816 (0.2437)  train_iou: 0.6652 (0.6707)  time: 0.5027  data: 0.0004  max mem: 24227
Epoch: [7]  [2400/5625]  eta: 0:27:10  lr: 0.000009  train_loss: 0.2575 (0.2440)  train_iou: 0.6950 (0.6708)  time: 0.5013  data: 0.0004  max mem: 24227
Epoch: [7]  [2420/5625]  eta: 0:27:00  lr: 0.000009  train_loss: 0.2494 (0.2443)  train_iou: 0.7140 (0.6709)  time: 0.5022  data: 0.0004  max mem: 24227
Epoch: [7]  [2440/5625]  eta: 0:26:50  lr: 0.000009  train_loss: 0.2452 (0.2447)  train_iou: 0.6521 (0.6707)  time: 0.5003  data: 0.0004  max mem: 24227
Epoch: [7]  [2460/5625]  eta: 0:26:39  lr: 0.000009  train_loss: 0.2029 (0.2445)  train_iou: 0.6566 (0.6709)  time: 0.5045  data: 0.0004  max mem: 24227
Epoch: [7]  [2480/5625]  eta: 0:26:29  lr: 0.000009  train_loss: 0.2057 (0.2445)  train_iou: 0.7064 (0.6709)  time: 0.5028  data: 0.0004  max mem: 24227
Epoch: [7]  [2500/5625]  eta: 0:26:19  lr: 0.000009  train_loss: 0.2045 (0.2445)  train_iou: 0.6947 (0.6711)  time: 0.5049  data: 0.0004  max mem: 24227
Epoch: [7]  [2520/5625]  eta: 0:26:09  lr: 0.000009  train_loss: 0.1990 (0.2447)  train_iou: 0.6935 (0.6711)  time: 0.5052  data: 0.0004  max mem: 24227
Epoch: [7]  [2540/5625]  eta: 0:25:59  lr: 0.000009  train_loss: 0.1923 (0.2446)  train_iou: 0.6867 (0.6710)  time: 0.5019  data: 0.0004  max mem: 24227
Epoch: [7]  [2560/5625]  eta: 0:25:49  lr: 0.000009  train_loss: 0.2144 (0.2447)  train_iou: 0.6785 (0.6711)  time: 0.5042  data: 0.0004  max mem: 24227
Epoch: [7]  [2580/5625]  eta: 0:25:39  lr: 0.000009  train_loss: 0.1919 (0.2449)  train_iou: 0.5880 (0.6706)  time: 0.5063  data: 0.0004  max mem: 24227
Epoch: [7]  [2600/5625]  eta: 0:25:28  lr: 0.000009  train_loss: 0.2145 (0.2451)  train_iou: 0.6790 (0.6707)  time: 0.5026  data: 0.0005  max mem: 24227
Epoch: [7]  [2620/5625]  eta: 0:25:18  lr: 0.000009  train_loss: 0.2814 (0.2456)  train_iou: 0.7002 (0.6710)  time: 0.5014  data: 0.0004  max mem: 24227
Epoch: [7]  [2640/5625]  eta: 0:25:08  lr: 0.000009  train_loss: 0.2571 (0.2458)  train_iou: 0.6457 (0.6708)  time: 0.5023  data: 0.0004  max mem: 24227
Epoch: [7]  [2660/5625]  eta: 0:24:58  lr: 0.000009  train_loss: 0.2514 (0.2460)  train_iou: 0.6761 (0.6707)  time: 0.5007  data: 0.0004  max mem: 24227
Epoch: [7]  [2680/5625]  eta: 0:24:48  lr: 0.000009  train_loss: 0.2466 (0.2465)  train_iou: 0.6228 (0.6705)  time: 0.5033  data: 0.0004  max mem: 24227
Epoch: [7]  [2700/5625]  eta: 0:24:38  lr: 0.000009  train_loss: 0.1860 (0.2464)  train_iou: 0.6630 (0.6704)  time: 0.5024  data: 0.0005  max mem: 24227
Epoch: [7]  [2720/5625]  eta: 0:24:27  lr: 0.000009  train_loss: 0.1575 (0.2460)  train_iou: 0.6757 (0.6704)  time: 0.5051  data: 0.0004  max mem: 24227
Epoch: [7]  [2740/5625]  eta: 0:24:17  lr: 0.000009  train_loss: 0.2177 (0.2460)  train_iou: 0.6742 (0.6706)  time: 0.5084  data: 0.0004  max mem: 24227
Epoch: [7]  [2760/5625]  eta: 0:24:07  lr: 0.000009  train_loss: 0.2014 (0.2459)  train_iou: 0.6805 (0.6706)  time: 0.5035  data: 0.0004  max mem: 24227
Epoch: [7]  [2780/5625]  eta: 0:23:57  lr: 0.000009  train_loss: 0.2029 (0.2456)  train_iou: 0.7335 (0.6706)  time: 0.5056  data: 0.0004  max mem: 24227
Epoch: [7]  [2800/5625]  eta: 0:23:47  lr: 0.000009  train_loss: 0.2168 (0.2455)  train_iou: 0.6858 (0.6706)  time: 0.5016  data: 0.0004  max mem: 24227
Epoch: [7]  [2820/5625]  eta: 0:23:37  lr: 0.000009  train_loss: 0.2360 (0.2456)  train_iou: 0.6974 (0.6708)  time: 0.5058  data: 0.0004  max mem: 24227
Epoch: [7]  [2840/5625]  eta: 0:23:27  lr: 0.000009  train_loss: 0.2558 (0.2459)  train_iou: 0.6845 (0.6708)  time: 0.5011  data: 0.0004  max mem: 24227
Epoch: [7]  [2860/5625]  eta: 0:23:17  lr: 0.000009  train_loss: 0.1676 (0.2458)  train_iou: 0.6468 (0.6708)  time: 0.5058  data: 0.0004  max mem: 24227
Epoch: [7]  [2880/5625]  eta: 0:23:06  lr: 0.000009  train_loss: 0.2870 (0.2460)  train_iou: 0.6225 (0.6706)  time: 0.5054  data: 0.0004  max mem: 24227
Epoch: [7]  [2900/5625]  eta: 0:22:56  lr: 0.000009  train_loss: 0.1924 (0.2458)  train_iou: 0.6546 (0.6704)  time: 0.5018  data: 0.0004  max mem: 24227
Epoch: [7]  [2920/5625]  eta: 0:22:46  lr: 0.000009  train_loss: 0.2558 (0.2461)  train_iou: 0.6886 (0.6703)  time: 0.5027  data: 0.0004  max mem: 24227
Epoch: [7]  [2940/5625]  eta: 0:22:36  lr: 0.000009  train_loss: 0.1663 (0.2459)  train_iou: 0.6816 (0.6703)  time: 0.5023  data: 0.0004  max mem: 24227
Epoch: [7]  [2960/5625]  eta: 0:22:26  lr: 0.000009  train_loss: 0.2707 (0.2461)  train_iou: 0.7192 (0.6706)  time: 0.5064  data: 0.0004  max mem: 24227
Epoch: [7]  [2980/5625]  eta: 0:22:16  lr: 0.000009  train_loss: 0.1847 (0.2460)  train_iou: 0.6625 (0.6707)  time: 0.5053  data: 0.0004  max mem: 24227
Epoch: [7]  [3000/5625]  eta: 0:22:06  lr: 0.000009  train_loss: 0.1845 (0.2459)  train_iou: 0.6895 (0.6708)  time: 0.5029  data: 0.0004  max mem: 24227
Epoch: [7]  [3020/5625]  eta: 0:21:56  lr: 0.000009  train_loss: 0.1838 (0.2459)  train_iou: 0.6251 (0.6706)  time: 0.5070  data: 0.0004  max mem: 24227
Epoch: [7]  [3040/5625]  eta: 0:21:45  lr: 0.000009  train_loss: 0.2006 (0.2462)  train_iou: 0.6223 (0.6704)  time: 0.5026  data: 0.0004  max mem: 24227
Epoch: [7]  [3060/5625]  eta: 0:21:35  lr: 0.000009  train_loss: 0.1685 (0.2460)  train_iou: 0.6744 (0.6706)  time: 0.5013  data: 0.0004  max mem: 24227
Epoch: [7]  [3080/5625]  eta: 0:21:25  lr: 0.000009  train_loss: 0.2280 (0.2463)  train_iou: 0.6115 (0.6703)  time: 0.5044  data: 0.0004  max mem: 24227
Epoch: [7]  [3100/5625]  eta: 0:21:15  lr: 0.000009  train_loss: 0.2300 (0.2464)  train_iou: 0.6651 (0.6701)  time: 0.5049  data: 0.0004  max mem: 24227
Epoch: [7]  [3120/5625]  eta: 0:21:05  lr: 0.000009  train_loss: 0.1996 (0.2464)  train_iou: 0.6667 (0.6699)  time: 0.5069  data: 0.0004  max mem: 24227
Epoch: [7]  [3140/5625]  eta: 0:20:55  lr: 0.000009  train_loss: 0.2123 (0.2465)  train_iou: 0.6362 (0.6697)  time: 0.5020  data: 0.0004  max mem: 24227
Epoch: [7]  [3160/5625]  eta: 0:20:45  lr: 0.000009  train_loss: 0.1671 (0.2462)  train_iou: 0.6441 (0.6696)  time: 0.5052  data: 0.0004  max mem: 24227
Epoch: [7]  [3180/5625]  eta: 0:20:35  lr: 0.000009  train_loss: 0.2187 (0.2461)  train_iou: 0.7303 (0.6698)  time: 0.5054  data: 0.0012  max mem: 24227
Epoch: [7]  [3200/5625]  eta: 0:20:24  lr: 0.000009  train_loss: 0.1644 (0.2459)  train_iou: 0.6772 (0.6699)  time: 0.5016  data: 0.0004  max mem: 24227
Epoch: [7]  [3220/5625]  eta: 0:20:14  lr: 0.000009  train_loss: 0.1806 (0.2456)  train_iou: 0.7305 (0.6702)  time: 0.5022  data: 0.0004  max mem: 24227
Epoch: [7]  [3240/5625]  eta: 0:20:04  lr: 0.000009  train_loss: 0.1987 (0.2455)  train_iou: 0.6968 (0.6703)  time: 0.5070  data: 0.0004  max mem: 24227
Epoch: [7]  [3260/5625]  eta: 0:19:54  lr: 0.000009  train_loss: 0.2893 (0.2459)  train_iou: 0.6789 (0.6702)  time: 0.5049  data: 0.0004  max mem: 24227
Epoch: [7]  [3280/5625]  eta: 0:19:44  lr: 0.000009  train_loss: 0.2296 (0.2460)  train_iou: 0.6591 (0.6701)  time: 0.5055  data: 0.0004  max mem: 24227
Epoch: [7]  [3300/5625]  eta: 0:19:34  lr: 0.000009  train_loss: 0.2481 (0.2462)  train_iou: 0.7161 (0.6702)  time: 0.5053  data: 0.0004  max mem: 24227
Epoch: [7]  [3320/5625]  eta: 0:19:24  lr: 0.000009  train_loss: 0.2055 (0.2462)  train_iou: 0.7396 (0.6704)  time: 0.5023  data: 0.0011  max mem: 24227
Epoch: [7]  [3340/5625]  eta: 0:19:14  lr: 0.000009  train_loss: 0.2519 (0.2463)  train_iou: 0.6593 (0.6704)  time: 0.5030  data: 0.0004  max mem: 24227
Epoch: [7]  [3360/5625]  eta: 0:19:03  lr: 0.000009  train_loss: 0.2596 (0.2465)  train_iou: 0.6941 (0.6705)  time: 0.4999  data: 0.0004  max mem: 24227
Epoch: [7]  [3380/5625]  eta: 0:18:53  lr: 0.000009  train_loss: 0.2683 (0.2467)  train_iou: 0.6977 (0.6705)  time: 0.5010  data: 0.0004  max mem: 24227
Epoch: [7]  [3400/5625]  eta: 0:18:43  lr: 0.000009  train_loss: 0.2020 (0.2467)  train_iou: 0.6424 (0.6703)  time: 0.5026  data: 0.0005  max mem: 24227
Epoch: [7]  [3420/5625]  eta: 0:18:33  lr: 0.000009  train_loss: 0.1990 (0.2467)  train_iou: 0.6923 (0.6704)  time: 0.5036  data: 0.0004  max mem: 24227
Epoch: [7]  [3440/5625]  eta: 0:18:23  lr: 0.000009  train_loss: 0.2316 (0.2471)  train_iou: 0.6317 (0.6703)  time: 0.5043  data: 0.0004  max mem: 24227
Epoch: [7]  [3460/5625]  eta: 0:18:13  lr: 0.000009  train_loss: 0.2367 (0.2472)  train_iou: 0.7263 (0.6704)  time: 0.5017  data: 0.0004  max mem: 24227
Epoch: [7]  [3480/5625]  eta: 0:18:03  lr: 0.000009  train_loss: 0.2198 (0.2472)  train_iou: 0.6494 (0.6702)  time: 0.5060  data: 0.0004  max mem: 24227
Epoch: [7]  [3500/5625]  eta: 0:17:53  lr: 0.000009  train_loss: 0.2343 (0.2473)  train_iou: 0.6754 (0.6701)  time: 0.5032  data: 0.0004  max mem: 24227
Epoch: [7]  [3520/5625]  eta: 0:17:42  lr: 0.000009  train_loss: 0.2233 (0.2474)  train_iou: 0.6460 (0.6700)  time: 0.5028  data: 0.0004  max mem: 24227
Epoch: [7]  [3540/5625]  eta: 0:17:32  lr: 0.000009  train_loss: 0.2691 (0.2477)  train_iou: 0.6548 (0.6700)  time: 0.5015  data: 0.0004  max mem: 24227
Epoch: [7]  [3560/5625]  eta: 0:17:22  lr: 0.000009  train_loss: 0.1783 (0.2477)  train_iou: 0.7211 (0.6702)  time: 0.5040  data: 0.0004  max mem: 24227
Epoch: [7]  [3580/5625]  eta: 0:17:12  lr: 0.000009  train_loss: 0.1604 (0.2474)  train_iou: 0.6846 (0.6702)  time: 0.5029  data: 0.0004  max mem: 24227
Epoch: [7]  [3600/5625]  eta: 0:17:02  lr: 0.000009  train_loss: 0.2124 (0.2474)  train_iou: 0.6628 (0.6702)  time: 0.5039  data: 0.0004  max mem: 24227
Epoch: [7]  [3620/5625]  eta: 0:16:52  lr: 0.000009  train_loss: 0.1983 (0.2475)  train_iou: 0.6122 (0.6701)  time: 0.5031  data: 0.0004  max mem: 24227
Epoch: [7]  [3640/5625]  eta: 0:16:42  lr: 0.000009  train_loss: 0.2344 (0.2477)  train_iou: 0.7010 (0.6702)  time: 0.5032  data: 0.0004  max mem: 24227
Epoch: [7]  [3660/5625]  eta: 0:16:32  lr: 0.000009  train_loss: 0.1756 (0.2475)  train_iou: 0.6671 (0.6703)  time: 0.5041  data: 0.0004  max mem: 24227
Epoch: [7]  [3680/5625]  eta: 0:16:22  lr: 0.000009  train_loss: 0.2054 (0.2476)  train_iou: 0.7037 (0.6705)  time: 0.5036  data: 0.0004  max mem: 24227
Epoch: [7]  [3700/5625]  eta: 0:16:11  lr: 0.000009  train_loss: 0.2169 (0.2476)  train_iou: 0.6623 (0.6704)  time: 0.5023  data: 0.0004  max mem: 24227
Epoch: [7]  [3720/5625]  eta: 0:16:01  lr: 0.000009  train_loss: 0.2232 (0.2476)  train_iou: 0.6285 (0.6702)  time: 0.5028  data: 0.0004  max mem: 24227
Epoch: [7]  [3740/5625]  eta: 0:15:51  lr: 0.000009  train_loss: 0.2438 (0.2477)  train_iou: 0.6624 (0.6702)  time: 0.5001  data: 0.0004  max mem: 24227
Epoch: [7]  [3760/5625]  eta: 0:15:41  lr: 0.000009  train_loss: 0.2350 (0.2477)  train_iou: 0.6866 (0.6702)  time: 0.5006  data: 0.0004  max mem: 24227
Epoch: [7]  [3780/5625]  eta: 0:15:31  lr: 0.000009  train_loss: 0.2458 (0.2478)  train_iou: 0.6907 (0.6702)  time: 0.5029  data: 0.0004  max mem: 24227
Epoch: [7]  [3800/5625]  eta: 0:15:21  lr: 0.000009  train_loss: 0.2122 (0.2476)  train_iou: 0.7025 (0.6703)  time: 0.5069  data: 0.0004  max mem: 24227
Epoch: [7]  [3820/5625]  eta: 0:15:11  lr: 0.000009  train_loss: 0.2068 (0.2475)  train_iou: 0.6243 (0.6700)  time: 0.5037  data: 0.0004  max mem: 24227
Epoch: [7]  [3840/5625]  eta: 0:15:01  lr: 0.000009  train_loss: 0.1507 (0.2475)  train_iou: 0.6455 (0.6700)  time: 0.5044  data: 0.0004  max mem: 24227
Epoch: [7]  [3860/5625]  eta: 0:14:50  lr: 0.000009  train_loss: 0.1720 (0.2475)  train_iou: 0.7162 (0.6702)  time: 0.5004  data: 0.0004  max mem: 24227
Epoch: [7]  [3880/5625]  eta: 0:14:40  lr: 0.000009  train_loss: 0.1809 (0.2475)  train_iou: 0.6110 (0.6699)  time: 0.5055  data: 0.0004  max mem: 24227
Epoch: [7]  [3900/5625]  eta: 0:14:30  lr: 0.000009  train_loss: 0.2247 (0.2475)  train_iou: 0.6680 (0.6699)  time: 0.5047  data: 0.0004  max mem: 24227
Epoch: [7]  [3920/5625]  eta: 0:14:20  lr: 0.000009  train_loss: 0.2664 (0.2476)  train_iou: 0.6346 (0.6697)  time: 0.5061  data: 0.0004  max mem: 24227
Epoch: [7]  [3940/5625]  eta: 0:14:10  lr: 0.000009  train_loss: 0.1993 (0.2476)  train_iou: 0.6474 (0.6695)  time: 0.5048  data: 0.0004  max mem: 24227
Epoch: [7]  [3960/5625]  eta: 0:14:00  lr: 0.000009  train_loss: 0.2247 (0.2476)  train_iou: 0.6329 (0.6694)  time: 0.5036  data: 0.0004  max mem: 24227
Epoch: [7]  [3980/5625]  eta: 0:13:50  lr: 0.000009  train_loss: 0.2365 (0.2476)  train_iou: 0.6581 (0.6694)  time: 0.5031  data: 0.0004  max mem: 24227
Epoch: [7]  [4000/5625]  eta: 0:13:40  lr: 0.000009  train_loss: 0.1913 (0.2475)  train_iou: 0.6677 (0.6694)  time: 0.5029  data: 0.0004  max mem: 24227
Epoch: [7]  [4020/5625]  eta: 0:13:30  lr: 0.000009  train_loss: 0.2129 (0.2476)  train_iou: 0.6607 (0.6694)  time: 0.5047  data: 0.0004  max mem: 24227
Epoch: [7]  [4040/5625]  eta: 0:13:20  lr: 0.000009  train_loss: 0.2223 (0.2476)  train_iou: 0.6272 (0.6693)  time: 0.5031  data: 0.0004  max mem: 24227
Epoch: [7]  [4060/5625]  eta: 0:13:09  lr: 0.000009  train_loss: 0.1937 (0.2475)  train_iou: 0.7144 (0.6696)  time: 0.5019  data: 0.0004  max mem: 24227
Epoch: [7]  [4080/5625]  eta: 0:12:59  lr: 0.000009  train_loss: 0.1876 (0.2475)  train_iou: 0.6541 (0.6696)  time: 0.5023  data: 0.0004  max mem: 24227
Epoch: [7]  [4100/5625]  eta: 0:12:49  lr: 0.000009  train_loss: 0.2832 (0.2477)  train_iou: 0.6746 (0.6697)  time: 0.5021  data: 0.0004  max mem: 24227
Epoch: [7]  [4120/5625]  eta: 0:12:39  lr: 0.000009  train_loss: 0.2624 (0.2479)  train_iou: 0.6106 (0.6694)  time: 0.5034  data: 0.0004  max mem: 24227
Epoch: [7]  [4140/5625]  eta: 0:12:29  lr: 0.000009  train_loss: 0.2240 (0.2480)  train_iou: 0.6655 (0.6695)  time: 0.5042  data: 0.0004  max mem: 24227
Epoch: [7]  [4160/5625]  eta: 0:12:19  lr: 0.000009  train_loss: 0.1530 (0.2477)  train_iou: 0.7298 (0.6697)  time: 0.5020  data: 0.0004  max mem: 24227
Epoch: [7]  [4180/5625]  eta: 0:12:09  lr: 0.000009  train_loss: 0.1774 (0.2475)  train_iou: 0.7665 (0.6701)  time: 0.4994  data: 0.0004  max mem: 24227
Epoch: [7]  [4200/5625]  eta: 0:11:59  lr: 0.000009  train_loss: 0.2904 (0.2478)  train_iou: 0.6255 (0.6699)  time: 0.5036  data: 0.0004  max mem: 24227
Epoch: [7]  [4220/5625]  eta: 0:11:49  lr: 0.000009  train_loss: 0.2139 (0.2478)  train_iou: 0.6949 (0.6700)  time: 0.5037  data: 0.0004  max mem: 24227
Epoch: [7]  [4240/5625]  eta: 0:11:38  lr: 0.000009  train_loss: 0.2057 (0.2478)  train_iou: 0.6503 (0.6701)  time: 0.5021  data: 0.0004  max mem: 24227
Epoch: [7]  [4260/5625]  eta: 0:11:28  lr: 0.000009  train_loss: 0.1917 (0.2477)  train_iou: 0.7011 (0.6701)  time: 0.5054  data: 0.0004  max mem: 24227
Epoch: [7]  [4280/5625]  eta: 0:11:18  lr: 0.000009  train_loss: 0.1953 (0.2476)  train_iou: 0.6689 (0.6702)  time: 0.5043  data: 0.0013  max mem: 24227
Epoch: [7]  [4300/5625]  eta: 0:11:08  lr: 0.000009  train_loss: 0.2199 (0.2476)  train_iou: 0.6816 (0.6702)  time: 0.5024  data: 0.0004  max mem: 24227
Epoch: [7]  [4320/5625]  eta: 0:10:58  lr: 0.000009  train_loss: 0.2370 (0.2476)  train_iou: 0.6385 (0.6700)  time: 0.5036  data: 0.0004  max mem: 24227
Epoch: [7]  [4340/5625]  eta: 0:10:48  lr: 0.000009  train_loss: 0.1751 (0.2476)  train_iou: 0.6640 (0.6700)  time: 0.5039  data: 0.0004  max mem: 24227
Epoch: [7]  [4360/5625]  eta: 0:10:38  lr: 0.000009  train_loss: 0.2042 (0.2475)  train_iou: 0.7222 (0.6701)  time: 0.5044  data: 0.0004  max mem: 24227
Epoch: [7]  [4380/5625]  eta: 0:10:28  lr: 0.000009  train_loss: 0.2251 (0.2474)  train_iou: 0.7258 (0.6703)  time: 0.5007  data: 0.0004  max mem: 24227
Epoch: [7]  [4400/5625]  eta: 0:10:18  lr: 0.000009  train_loss: 0.2256 (0.2473)  train_iou: 0.7338 (0.6705)  time: 0.5018  data: 0.0004  max mem: 24227
Epoch: [7]  [4420/5625]  eta: 0:10:08  lr: 0.000009  train_loss: 0.2069 (0.2473)  train_iou: 0.6450 (0.6705)  time: 0.5024  data: 0.0004  max mem: 24227
Epoch: [7]  [4440/5625]  eta: 0:09:57  lr: 0.000009  train_loss: 0.1810 (0.2472)  train_iou: 0.6381 (0.6706)  time: 0.5045  data: 0.0004  max mem: 24227
Epoch: [7]  [4460/5625]  eta: 0:09:47  lr: 0.000009  train_loss: 0.2112 (0.2473)  train_iou: 0.6444 (0.6705)  time: 0.5052  data: 0.0004  max mem: 24227
Epoch: [7]  [4480/5625]  eta: 0:09:37  lr: 0.000009  train_loss: 0.2176 (0.2473)  train_iou: 0.7534 (0.6707)  time: 0.5025  data: 0.0004  max mem: 24227
Epoch: [7]  [4500/5625]  eta: 0:09:27  lr: 0.000009  train_loss: 0.2197 (0.2474)  train_iou: 0.6764 (0.6708)  time: 0.4977  data: 0.0004  max mem: 24227
Epoch: [7]  [4520/5625]  eta: 0:09:17  lr: 0.000009  train_loss: 0.2179 (0.2474)  train_iou: 0.6448 (0.6706)  time: 0.5045  data: 0.0004  max mem: 24227
Epoch: [7]  [4540/5625]  eta: 0:09:07  lr: 0.000009  train_loss: 0.1726 (0.2472)  train_iou: 0.6504 (0.6706)  time: 0.5048  data: 0.0004  max mem: 24227
Epoch: [7]  [4560/5625]  eta: 0:08:57  lr: 0.000009  train_loss: 0.1962 (0.2471)  train_iou: 0.6661 (0.6706)  time: 0.5013  data: 0.0004  max mem: 24227
Epoch: [7]  [4580/5625]  eta: 0:08:47  lr: 0.000009  train_loss: 0.2350 (0.2473)  train_iou: 0.5825 (0.6704)  time: 0.5038  data: 0.0004  max mem: 24227
Epoch: [7]  [4600/5625]  eta: 0:08:37  lr: 0.000009  train_loss: 0.2414 (0.2475)  train_iou: 0.6555 (0.6705)  time: 0.5027  data: 0.0004  max mem: 24227
Epoch: [7]  [4620/5625]  eta: 0:08:27  lr: 0.000009  train_loss: 0.2224 (0.2474)  train_iou: 0.6846 (0.6706)  time: 0.5024  data: 0.0004  max mem: 24227
Epoch: [7]  [4640/5625]  eta: 0:08:16  lr: 0.000009  train_loss: 0.2301 (0.2474)  train_iou: 0.6217 (0.6704)  time: 0.5024  data: 0.0004  max mem: 24227
Epoch: [7]  [4660/5625]  eta: 0:08:06  lr: 0.000009  train_loss: 0.2306 (0.2474)  train_iou: 0.6729 (0.6704)  time: 0.5023  data: 0.0004  max mem: 24227
Epoch: [7]  [4680/5625]  eta: 0:07:56  lr: 0.000009  train_loss: 0.2666 (0.2475)  train_iou: 0.6369 (0.6703)  time: 0.5006  data: 0.0004  max mem: 24227
Epoch: [7]  [4700/5625]  eta: 0:07:46  lr: 0.000009  train_loss: 0.2289 (0.2475)  train_iou: 0.6018 (0.6702)  time: 0.5064  data: 0.0004  max mem: 24227
Epoch: [7]  [4720/5625]  eta: 0:07:36  lr: 0.000009  train_loss: 0.1586 (0.2473)  train_iou: 0.7083 (0.6702)  time: 0.5012  data: 0.0004  max mem: 24227
Epoch: [7]  [4740/5625]  eta: 0:07:26  lr: 0.000009  train_loss: 0.2369 (0.2474)  train_iou: 0.6690 (0.6702)  time: 0.5019  data: 0.0004  max mem: 24227
Epoch: [7]  [4760/5625]  eta: 0:07:16  lr: 0.000009  train_loss: 0.2649 (0.2477)  train_iou: 0.6852 (0.6702)  time: 0.5054  data: 0.0004  max mem: 24227
Epoch: [7]  [4780/5625]  eta: 0:07:06  lr: 0.000009  train_loss: 0.2235 (0.2478)  train_iou: 0.6390 (0.6702)  time: 0.4989  data: 0.0004  max mem: 24227
Epoch: [7]  [4800/5625]  eta: 0:06:56  lr: 0.000009  train_loss: 0.2198 (0.2478)  train_iou: 0.6216 (0.6701)  time: 0.5081  data: 0.0004  max mem: 24227
Epoch: [7]  [4820/5625]  eta: 0:06:46  lr: 0.000009  train_loss: 0.1521 (0.2476)  train_iou: 0.6194 (0.6698)  time: 0.5068  data: 0.0004  max mem: 24227
Epoch: [7]  [4840/5625]  eta: 0:06:36  lr: 0.000009  train_loss: 0.2162 (0.2476)  train_iou: 0.6629 (0.6698)  time: 0.5028  data: 0.0004  max mem: 24227
Epoch: [7]  [4860/5625]  eta: 0:06:25  lr: 0.000009  train_loss: 0.2106 (0.2475)  train_iou: 0.6711 (0.6698)  time: 0.5054  data: 0.0004  max mem: 24227
Epoch: [7]  [4880/5625]  eta: 0:06:15  lr: 0.000009  train_loss: 0.2040 (0.2475)  train_iou: 0.7043 (0.6700)  time: 0.5064  data: 0.0004  max mem: 24227
Epoch: [7]  [4900/5625]  eta: 0:06:05  lr: 0.000009  train_loss: 0.2759 (0.2477)  train_iou: 0.6995 (0.6700)  time: 0.5052  data: 0.0004  max mem: 24227
Epoch: [7]  [4920/5625]  eta: 0:05:55  lr: 0.000009  train_loss: 0.1960 (0.2475)  train_iou: 0.6711 (0.6700)  time: 0.5007  data: 0.0004  max mem: 24227
Epoch: [7]  [4940/5625]  eta: 0:05:45  lr: 0.000009  train_loss: 0.1695 (0.2474)  train_iou: 0.7285 (0.6702)  time: 0.5039  data: 0.0004  max mem: 24227
Epoch: [7]  [4960/5625]  eta: 0:05:35  lr: 0.000009  train_loss: 0.1992 (0.2475)  train_iou: 0.6443 (0.6701)  time: 0.5025  data: 0.0004  max mem: 24227
Epoch: [7]  [4980/5625]  eta: 0:05:25  lr: 0.000009  train_loss: 0.2184 (0.2474)  train_iou: 0.7075 (0.6702)  time: 0.5068  data: 0.0004  max mem: 24227
Epoch: [7]  [5000/5625]  eta: 0:05:15  lr: 0.000009  train_loss: 0.2034 (0.2474)  train_iou: 0.6598 (0.6701)  time: 0.5027  data: 0.0004  max mem: 24227
Epoch: [7]  [5020/5625]  eta: 0:05:05  lr: 0.000009  train_loss: 0.2142 (0.2475)  train_iou: 0.6749 (0.6702)  time: 0.5000  data: 0.0004  max mem: 24227
Epoch: [7]  [5040/5625]  eta: 0:04:55  lr: 0.000009  train_loss: 0.1853 (0.2475)  train_iou: 0.7047 (0.6704)  time: 0.4991  data: 0.0004  max mem: 24227
Epoch: [7]  [5060/5625]  eta: 0:04:45  lr: 0.000009  train_loss: 0.1807 (0.2473)  train_iou: 0.6776 (0.6705)  time: 0.5036  data: 0.0004  max mem: 24227
Epoch: [7]  [5080/5625]  eta: 0:04:34  lr: 0.000009  train_loss: 0.2621 (0.2475)  train_iou: 0.6519 (0.6704)  time: 0.5034  data: 0.0004  max mem: 24227
Epoch: [7]  [5100/5625]  eta: 0:04:24  lr: 0.000009  train_loss: 0.2156 (0.2474)  train_iou: 0.6506 (0.6704)  time: 0.5082  data: 0.0004  max mem: 24227
Epoch: [7]  [5120/5625]  eta: 0:04:14  lr: 0.000009  train_loss: 0.2315 (0.2476)  train_iou: 0.6288 (0.6703)  time: 0.5023  data: 0.0014  max mem: 24227
Epoch: [7]  [5140/5625]  eta: 0:04:04  lr: 0.000009  train_loss: 0.1471 (0.2473)  train_iou: 0.7340 (0.6705)  time: 0.5040  data: 0.0004  max mem: 24227
Epoch: [7]  [5160/5625]  eta: 0:03:54  lr: 0.000009  train_loss: 0.2435 (0.2473)  train_iou: 0.7468 (0.6706)  time: 0.5026  data: 0.0004  max mem: 24227
Epoch: [7]  [5180/5625]  eta: 0:03:44  lr: 0.000009  train_loss: 0.2265 (0.2474)  train_iou: 0.6628 (0.6707)  time: 0.5045  data: 0.0004  max mem: 24227
Epoch: [7]  [5200/5625]  eta: 0:03:34  lr: 0.000009  train_loss: 0.2568 (0.2476)  train_iou: 0.6408 (0.6706)  time: 0.5062  data: 0.0004  max mem: 24227
Epoch: [7]  [5220/5625]  eta: 0:03:24  lr: 0.000009  train_loss: 0.2072 (0.2477)  train_iou: 0.6400 (0.6706)  time: 0.4999  data: 0.0004  max mem: 24227
Epoch: [7]  [5240/5625]  eta: 0:03:14  lr: 0.000009  train_loss: 0.2218 (0.2477)  train_iou: 0.6993 (0.6707)  time: 0.5039  data: 0.0004  max mem: 24227
Epoch: [7]  [5260/5625]  eta: 0:03:04  lr: 0.000009  train_loss: 0.1455 (0.2474)  train_iou: 0.6533 (0.6707)  time: 0.5023  data: 0.0004  max mem: 24227
Epoch: [7]  [5280/5625]  eta: 0:02:54  lr: 0.000009  train_loss: 0.1760 (0.2474)  train_iou: 0.7055 (0.6708)  time: 0.5015  data: 0.0004  max mem: 24227
Epoch: [7]  [5300/5625]  eta: 0:02:43  lr: 0.000009  train_loss: 0.1944 (0.2473)  train_iou: 0.6757 (0.6709)  time: 0.5010  data: 0.0004  max mem: 24227
Epoch: [7]  [5320/5625]  eta: 0:02:33  lr: 0.000009  train_loss: 0.2725 (0.2475)  train_iou: 0.6719 (0.6708)  time: 0.5029  data: 0.0004  max mem: 24227
Epoch: [7]  [5340/5625]  eta: 0:02:23  lr: 0.000009  train_loss: 0.2729 (0.2476)  train_iou: 0.7292 (0.6711)  time: 0.5031  data: 0.0004  max mem: 24227
Epoch: [7]  [5360/5625]  eta: 0:02:13  lr: 0.000009  train_loss: 0.2347 (0.2475)  train_iou: 0.6531 (0.6709)  time: 0.5039  data: 0.0004  max mem: 24227
Epoch: [7]  [5380/5625]  eta: 0:02:03  lr: 0.000009  train_loss: 0.2591 (0.2476)  train_iou: 0.6978 (0.6710)  time: 0.5045  data: 0.0004  max mem: 24227
Epoch: [7]  [5400/5625]  eta: 0:01:53  lr: 0.000009  train_loss: 0.2190 (0.2475)  train_iou: 0.6566 (0.6711)  time: 0.5054  data: 0.0006  max mem: 24227
Epoch: [7]  [5420/5625]  eta: 0:01:43  lr: 0.000009  train_loss: 0.2372 (0.2476)  train_iou: 0.6253 (0.6709)  time: 0.5046  data: 0.0011  max mem: 24227
Epoch: [7]  [5440/5625]  eta: 0:01:33  lr: 0.000009  train_loss: 0.2398 (0.2476)  train_iou: 0.6804 (0.6710)  time: 0.5026  data: 0.0004  max mem: 24227
Epoch: [7]  [5460/5625]  eta: 0:01:23  lr: 0.000009  train_loss: 0.1766 (0.2475)  train_iou: 0.6851 (0.6710)  time: 0.5038  data: 0.0004  max mem: 24227
Epoch: [7]  [5480/5625]  eta: 0:01:13  lr: 0.000009  train_loss: 0.1873 (0.2474)  train_iou: 0.7202 (0.6711)  time: 0.5046  data: 0.0004  max mem: 24227
Epoch: [7]  [5500/5625]  eta: 0:01:03  lr: 0.000009  train_loss: 0.2134 (0.2475)  train_iou: 0.6545 (0.6711)  time: 0.5056  data: 0.0004  max mem: 24227
Epoch: [7]  [5520/5625]  eta: 0:00:52  lr: 0.000009  train_loss: 0.2217 (0.2474)  train_iou: 0.6453 (0.6710)  time: 0.5040  data: 0.0004  max mem: 24227
Epoch: [7]  [5540/5625]  eta: 0:00:42  lr: 0.000009  train_loss: 0.1765 (0.2473)  train_iou: 0.7168 (0.6712)  time: 0.5060  data: 0.0004  max mem: 24227
Epoch: [7]  [5560/5625]  eta: 0:00:32  lr: 0.000009  train_loss: 0.1860 (0.2472)  train_iou: 0.6721 (0.6713)  time: 0.5017  data: 0.0004  max mem: 24227
Epoch: [7]  [5580/5625]  eta: 0:00:22  lr: 0.000009  train_loss: 0.1541 (0.2471)  train_iou: 0.7120 (0.6714)  time: 0.5015  data: 0.0004  max mem: 24227
Epoch: [7]  [5600/5625]  eta: 0:00:12  lr: 0.000009  train_loss: 0.1852 (0.2469)  train_iou: 0.6996 (0.6716)  time: 0.5086  data: 0.0004  max mem: 24227
Epoch: [7]  [5620/5625]  eta: 0:00:02  lr: 0.000009  train_loss: 0.2238 (0.2469)  train_iou: 0.6556 (0.6715)  time: 0.4840  data: 0.0002  max mem: 24227
Epoch: [7]  [5624/5625]  eta: 0:00:00  lr: 0.000009  train_loss: 0.2117 (0.2469)  train_iou: 0.6429 (0.6714)  time: 0.4798  data: 0.0002  max mem: 24227
Epoch: [7] Total time: 0:47:17 (0.5045 s / it)
Averaged stats: lr: 0.000009  train_loss: 0.2117 (0.2469)  train_iou: 0.6429 (0.6714)
huggingface/tokenizers: The current process just got forked, after parallelism has already been used. Disabling parallelism to avoid deadlocks...
To disable this warning, you can either:
	- Avoid using `tokenizers` before the fork if possible
	- Explicitly set the environment variable TOKENIZERS_PARALLELISM=(true | false)
huggingface/tokenizers: The current process just got forked, after parallelism has already been used. Disabling parallelism to avoid deadlocks...
To disable this warning, you can either:
	- Avoid using `tokenizers` before the fork if possible
	- Explicitly set the environment variable TOKENIZERS_PARALLELISM=(true | false)
huggingface/tokenizers: The current process just got forked, after parallelism has already been used. Disabling parallelism to avoid deadlocks...
To disable this warning, you can either:
	- Avoid using `tokenizers` before the fork if possible
	- Explicitly set the environment variable TOKENIZERS_PARALLELISM=(true | false)
huggingface/tokenizers: The current process just got forked, after parallelism has already been used. Disabling parallelism to avoid deadlocks...
To disable this warning, you can either:
	- Avoid using `tokenizers` before the fork if possible
	- Explicitly set the environment variable TOKENIZERS_PARALLELISM=(true | false)
huggingface/tokenizers: The current process just got forked, after parallelism has already been used. Disabling parallelism to avoid deadlocks...
To disable this warning, you can either:
	- Avoid using `tokenizers` before the fork if possible
	- Explicitly set the environment variable TOKENIZERS_PARALLELISM=(true | false)
huggingface/tokenizers: The current process just got forked, after parallelism has already been used. Disabling parallelism to avoid deadlocks...
To disable this warning, you can either:
	- Avoid using `tokenizers` before the fork if possible
	- Explicitly set the environment variable TOKENIZERS_PARALLELISM=(true | false)
huggingface/tokenizers: The current process just got forked, after parallelism has already been used. Disabling parallelism to avoid deadlocks...
To disable this warning, you can either:
	- Avoid using `tokenizers` before the fork if possible
	- Explicitly set the environment variable TOKENIZERS_PARALLELISM=(true | false)
huggingface/tokenizers: The current process just got forked, after parallelism has already been used. Disabling parallelism to avoid deadlocks...
To disable this warning, you can either:
	- Avoid using `tokenizers` before the fork if possible
	- Explicitly set the environment variable TOKENIZERS_PARALLELISM=(true | false)
Test:  [   0/4000]  eta: 1:56:12  inter: 33182.0000 (33182.0000)  union: 35189.0000 (35189.0000)  iou: 0.9430 (0.9430)  time: 1.7431  data: 1.4647  max mem: 24227
Test:  [  50/4000]  eta: 0:10:19  inter: 18017.0000 (24632.8438)  union: 53846.0000 (43481.0938)  iou: 0.5044 (0.5573)  time: 0.1294  data: 0.0004  max mem: 24227
Test:  [ 100/4000]  eta: 0:09:28  inter: 23970.0000 (27437.3382)  union: 46567.0000 (43385.0368)  iou: 0.7114 (0.6073)  time: 0.1297  data: 0.0004  max mem: 24227
Test:  [ 150/4000]  eta: 0:09:10  inter: 18581.0000 (26410.2727)  union: 30393.0000 (40881.7799)  iou: 0.8375 (0.6335)  time: 0.1441  data: 0.0004  max mem: 24227
Test:  [ 200/4000]  eta: 0:08:47  inter: 33274.0000 (26744.8718)  union: 36689.0000 (40359.2234)  iou: 0.9259 (0.6424)  time: 0.1231  data: 0.0004  max mem: 24227
Test:  [ 250/4000]  eta: 0:08:25  inter: 15102.0000 (28346.4006)  union: 33123.0000 (42234.5422)  iou: 0.4417 (0.6311)  time: 0.1142  data: 0.0004  max mem: 24227
Test:  [ 300/4000]  eta: 0:08:18  inter: 20204.0000 (27825.2035)  union: 24599.0000 (41839.3772)  iou: 0.8077 (0.6248)  time: 0.1349  data: 0.0004  max mem: 24227
Test:  [ 350/4000]  eta: 0:08:17  inter: 9355.0000 (26845.5455)  union: 32483.0000 (41540.2459)  iou: 0.5482 (0.6136)  time: 0.1476  data: 0.0004  max mem: 24227
Test:  [ 400/4000]  eta: 0:08:12  inter: 30893.0000 (26360.4196)  union: 35893.0000 (41118.6161)  iou: 0.6489 (0.6117)  time: 0.1220  data: 0.0004  max mem: 24227
Test:  [ 450/4000]  eta: 0:08:03  inter: 19621.0000 (26252.0286)  union: 29596.0000 (41065.4032)  iou: 0.6226 (0.6124)  time: 0.1535  data: 0.0004  max mem: 24227
Test:  [ 500/4000]  eta: 0:07:54  inter: 17207.0000 (26744.6834)  union: 27506.0000 (41848.2264)  iou: 0.6123 (0.6098)  time: 0.1202  data: 0.0004  max mem: 24227
Test:  [ 550/4000]  eta: 0:07:50  inter: 23587.0000 (26737.5437)  union: 27854.0000 (41629.2326)  iou: 0.8194 (0.6147)  time: 0.1437  data: 0.0004  max mem: 24227
Test:  [ 600/4000]  eta: 0:07:41  inter: 10914.0000 (26682.2840)  union: 30416.0000 (41416.1609)  iou: 0.8200 (0.6134)  time: 0.1355  data: 0.0004  max mem: 24227
Test:  [ 650/4000]  eta: 0:07:30  inter: 30236.0000 (27231.0751)  union: 42672.0000 (41839.2674)  iou: 0.7765 (0.6128)  time: 0.1184  data: 0.0004  max mem: 24227
Test:  [ 700/4000]  eta: 0:07:22  inter: 13994.0000 (26817.5513)  union: 28939.0000 (41492.5236)  iou: 0.3703 (0.6064)  time: 0.1271  data: 0.0004  max mem: 24227
Test:  [ 750/4000]  eta: 0:07:17  inter: 27620.0000 (26848.9772)  union: 33456.0000 (41511.9905)  iou: 0.8167 (0.6085)  time: 0.1504  data: 0.0004  max mem: 24227
Test:  [ 800/4000]  eta: 0:07:09  inter: 12656.0000 (26618.5714)  union: 44376.0000 (41053.5893)  iou: 0.7060 (0.6087)  time: 0.1415  data: 0.0004  max mem: 24227
Test:  [ 850/4000]  eta: 0:07:03  inter: 21749.0000 (26701.5883)  union: 39867.0000 (41129.0318)  iou: 0.8078 (0.6103)  time: 0.1190  data: 0.0004  max mem: 24227
Test:  [ 900/4000]  eta: 0:06:56  inter: 11247.0000 (26756.0727)  union: 27373.0000 (41248.5605)  iou: 0.7088 (0.6066)  time: 0.1167  data: 0.0004  max mem: 24227
Test:  [ 950/4000]  eta: 0:06:49  inter: 25067.0000 (26968.3946)  union: 30601.0000 (41316.5394)  iou: 0.8218 (0.6071)  time: 0.1327  data: 0.0004  max mem: 24227
Test:  [1000/4000]  eta: 0:06:42  inter: 21199.0000 (27170.0791)  union: 37357.0000 (41446.3949)  iou: 0.7295 (0.6088)  time: 0.1192  data: 0.0004  max mem: 24227
Test:  [1050/4000]  eta: 0:06:34  inter: 21632.0000 (27197.3639)  union: 38406.0000 (41456.1286)  iou: 0.6676 (0.6084)  time: 0.1338  data: 0.0004  max mem: 24227
Test:  [1100/4000]  eta: 0:06:26  inter: 22658.0000 (27040.9824)  union: 28566.0000 (41208.5918)  iou: 0.7098 (0.6079)  time: 0.1306  data: 0.0004  max mem: 24227
Test:  [1150/4000]  eta: 0:06:21  inter: 10014.0000 (27165.7860)  union: 23786.0000 (41040.0720)  iou: 0.5357 (0.6103)  time: 0.1459  data: 0.0004  max mem: 24227
Test:  [1200/4000]  eta: 0:06:14  inter: 9943.0000 (27118.6891)  union: 29164.0000 (41216.2675)  iou: 0.7999 (0.6064)  time: 0.1326  data: 0.0004  max mem: 24227
Test:  [1250/4000]  eta: 0:06:08  inter: 768.0000 (26837.9909)  union: 30580.0000 (40997.3328)  iou: 0.0134 (0.6039)  time: 0.1481  data: 0.0005  max mem: 24227
Test:  [1300/4000]  eta: 0:06:01  inter: 21420.0000 (26601.1333)  union: 35967.0000 (40774.7783)  iou: 0.5631 (0.6048)  time: 0.1351  data: 0.0004  max mem: 24227
Test:  [1350/4000]  eta: 0:05:54  inter: 25670.0000 (26668.1484)  union: 34108.0000 (40781.1268)  iou: 0.8222 (0.6056)  time: 0.1307  data: 0.0004  max mem: 24227
Test:  [1400/4000]  eta: 0:05:48  inter: 10005.0000 (26777.4337)  union: 12390.0000 (40985.4605)  iou: 0.7347 (0.6030)  time: 0.1346  data: 0.0004  max mem: 24227
Test:  [1450/4000]  eta: 0:05:41  inter: 15748.0000 (26704.2699)  union: 42896.0000 (40906.1707)  iou: 0.6971 (0.6022)  time: 0.1248  data: 0.0004  max mem: 24227
Test:  [1500/4000]  eta: 0:05:34  inter: 17078.0000 (26771.4598)  union: 48470.0000 (41066.6921)  iou: 0.4920 (0.6003)  time: 0.1270  data: 0.0004  max mem: 24227
Test:  [1550/4000]  eta: 0:05:28  inter: 11827.0000 (26611.6455)  union: 26022.0000 (40990.5274)  iou: 0.8507 (0.6004)  time: 0.1511  data: 0.0004  max mem: 24227
Test:  [1600/4000]  eta: 0:05:22  inter: 11203.0000 (26497.3089)  union: 25455.0000 (40959.9092)  iou: 0.7207 (0.5975)  time: 0.1517  data: 0.0004  max mem: 24227
Test:  [1650/4000]  eta: 0:05:14  inter: 16445.0000 (26469.8898)  union: 35769.0000 (40995.7354)  iou: 0.4787 (0.5963)  time: 0.1284  data: 0.0004  max mem: 24227
Test:  [1700/4000]  eta: 0:05:07  inter: 17004.0000 (26456.3675)  union: 35637.0000 (41062.2144)  iou: 0.7834 (0.5949)  time: 0.1287  data: 0.0004  max mem: 24227
Test:  [1750/4000]  eta: 0:05:00  inter: 20618.0000 (26408.9214)  union: 32691.0000 (40973.9412)  iou: 0.7814 (0.5949)  time: 0.1473  data: 0.0004  max mem: 24227
Test:  [1800/4000]  eta: 0:04:54  inter: 24489.0000 (26305.9419)  union: 43949.0000 (40936.0424)  iou: 0.6364 (0.5941)  time: 0.1495  data: 0.0004  max mem: 24227
Test:  [1850/4000]  eta: 0:04:47  inter: 6615.0000 (26257.9479)  union: 34017.0000 (41004.1284)  iou: 0.2102 (0.5921)  time: 0.1330  data: 0.0004  max mem: 24227
Test:  [1900/4000]  eta: 0:04:41  inter: 36388.0000 (26192.9653)  union: 56064.0000 (40969.6355)  iou: 0.5973 (0.5928)  time: 0.1361  data: 0.0004  max mem: 24227
Test:  [1950/4000]  eta: 0:04:34  inter: 12253.0000 (26159.2202)  union: 17154.0000 (40936.5574)  iou: 0.7220 (0.5931)  time: 0.1315  data: 0.0004  max mem: 24227
Test:  [2000/4000]  eta: 0:04:27  inter: 15963.0000 (26188.5248)  union: 22404.0000 (40894.2610)  iou: 0.7914 (0.5940)  time: 0.1163  data: 0.0004  max mem: 24227
Test:  [2050/4000]  eta: 0:04:21  inter: 9411.0000 (26108.5096)  union: 56176.0000 (41028.8091)  iou: 0.2778 (0.5925)  time: 0.1615  data: 0.0004  max mem: 24227
Test:  [2100/4000]  eta: 0:04:13  inter: 20887.0000 (26065.9353)  union: 31940.0000 (40978.3463)  iou: 0.7709 (0.5926)  time: 0.1176  data: 0.0004  max mem: 24227
Test:  [2150/4000]  eta: 0:04:06  inter: 23712.0000 (26084.4133)  union: 30532.0000 (41032.1809)  iou: 0.8087 (0.5921)  time: 0.1222  data: 0.0004  max mem: 24227
Test:  [2200/4000]  eta: 0:04:00  inter: 13940.0000 (26057.0980)  union: 22886.0000 (40976.2605)  iou: 0.6674 (0.5920)  time: 0.1377  data: 0.0004  max mem: 24227
Test:  [2250/4000]  eta: 0:03:53  inter: 19310.0000 (25908.9292)  union: 39060.0000 (40816.5529)  iou: 0.7452 (0.5905)  time: 0.1209  data: 0.0004  max mem: 24227
Test:  [2300/4000]  eta: 0:03:46  inter: 27011.0000 (25990.2188)  union: 37340.0000 (40786.3498)  iou: 0.6102 (0.5928)  time: 0.1349  data: 0.0004  max mem: 24227
Test:  [2350/4000]  eta: 0:03:40  inter: 21533.0000 (25911.8428)  union: 51150.0000 (40751.4833)  iou: 0.7043 (0.5927)  time: 0.1459  data: 0.0004  max mem: 24227
Test:  [2400/4000]  eta: 0:03:33  inter: 10381.0000 (25945.0642)  union: 35707.0000 (40726.0357)  iou: 0.4442 (0.5930)  time: 0.1442  data: 0.0004  max mem: 24227
Test:  [2450/4000]  eta: 0:03:26  inter: 29105.0000 (26024.0624)  union: 32851.0000 (40766.4180)  iou: 0.8871 (0.5945)  time: 0.1101  data: 0.0004  max mem: 24227
Test:  [2500/4000]  eta: 0:03:19  inter: 25900.0000 (26026.7688)  union: 39333.0000 (40776.6969)  iou: 0.8394 (0.5946)  time: 0.1151  data: 0.0004  max mem: 24227
Test:  [2550/4000]  eta: 0:03:13  inter: 28885.0000 (26151.6243)  union: 36331.0000 (40913.4553)  iou: 0.7842 (0.5952)  time: 0.1485  data: 0.0004  max mem: 24227
Test:  [2600/4000]  eta: 0:03:06  inter: 11101.0000 (26065.6861)  union: 31134.0000 (40872.2219)  iou: 0.5752 (0.5936)  time: 0.1383  data: 0.0004  max mem: 24227
Test:  [2650/4000]  eta: 0:02:59  inter: 16967.0000 (26084.2924)  union: 34417.0000 (41072.9691)  iou: 0.8648 (0.5929)  time: 0.1359  data: 0.0004  max mem: 24227
Test:  [2700/4000]  eta: 0:02:53  inter: 26548.0000 (26187.1409)  union: 30519.0000 (41162.1328)  iou: 0.8432 (0.5940)  time: 0.1261  data: 0.0004  max mem: 24227
Test:  [2750/4000]  eta: 0:02:46  inter: 23096.0000 (26250.5343)  union: 29023.0000 (41293.7803)  iou: 0.8034 (0.5933)  time: 0.1249  data: 0.0004  max mem: 24227
Test:  [2800/4000]  eta: 0:02:39  inter: 14775.0000 (26209.9393)  union: 26403.0000 (41179.8003)  iou: 0.8165 (0.5934)  time: 0.1294  data: 0.0004  max mem: 24227
Test:  [2850/4000]  eta: 0:02:33  inter: 12447.0000 (26310.2159)  union: 33027.0000 (41265.7183)  iou: 0.4041 (0.5926)  time: 0.1257  data: 0.0004  max mem: 24227
Test:  [2900/4000]  eta: 0:02:26  inter: 17760.0000 (26315.7854)  union: 26194.0000 (41309.6272)  iou: 0.8871 (0.5917)  time: 0.1199  data: 0.0004  max mem: 24227
Test:  [2950/4000]  eta: 0:02:19  inter: 19706.0000 (26337.7776)  union: 26540.0000 (41343.6163)  iou: 0.5641 (0.5917)  time: 0.1198  data: 0.0004  max mem: 24227
Test:  [3000/4000]  eta: 0:02:13  inter: 10350.0000 (26272.2690)  union: 32761.0000 (41286.4124)  iou: 0.5125 (0.5908)  time: 0.1463  data: 0.0004  max mem: 24227
Test:  [3050/4000]  eta: 0:02:06  inter: 14650.0000 (26241.8105)  union: 30658.0000 (41343.7794)  iou: 0.4572 (0.5905)  time: 0.1280  data: 0.0004  max mem: 24227
Test:  [3100/4000]  eta: 0:01:59  inter: 23067.0000 (26236.1957)  union: 41779.0000 (41316.7591)  iou: 0.5063 (0.5910)  time: 0.1313  data: 0.0004  max mem: 24227
Test:  [3150/4000]  eta: 0:01:53  inter: 14646.0000 (26102.0591)  union: 21538.0000 (41177.8892)  iou: 0.5782 (0.5905)  time: 0.1342  data: 0.0004  max mem: 24227
Test:  [3200/4000]  eta: 0:01:46  inter: 12144.0000 (26117.2494)  union: 38167.0000 (41204.8376)  iou: 0.6542 (0.5911)  time: 0.1258  data: 0.0004  max mem: 24227
Test:  [3250/4000]  eta: 0:01:39  inter: 19224.0000 (26052.6742)  union: 25065.0000 (41146.5438)  iou: 0.6506 (0.5898)  time: 0.1320  data: 0.0004  max mem: 24227
Test:  [3300/4000]  eta: 0:01:33  inter: 24821.0000 (26137.3973)  union: 44000.0000 (41257.5797)  iou: 0.8234 (0.5889)  time: 0.1508  data: 0.0004  max mem: 24227
Test:  [3350/4000]  eta: 0:01:26  inter: 9646.0000 (26138.7254)  union: 12678.0000 (41262.3664)  iou: 0.8215 (0.5896)  time: 0.1128  data: 0.0004  max mem: 24227
Test:  [3400/4000]  eta: 0:01:19  inter: 25622.0000 (26267.3251)  union: 40706.0000 (41316.2620)  iou: 0.8672 (0.5911)  time: 0.1402  data: 0.0004  max mem: 24227
Test:  [3450/4000]  eta: 0:01:13  inter: 17215.0000 (26274.0193)  union: 31443.0000 (41345.0333)  iou: 0.5606 (0.5913)  time: 0.1234  data: 0.0004  max mem: 24227
Test:  [3500/4000]  eta: 0:01:06  inter: 14775.0000 (26236.8171)  union: 21381.0000 (41260.4347)  iou: 0.4191 (0.5914)  time: 0.1237  data: 0.0004  max mem: 24227
Test:  [3550/4000]  eta: 0:00:59  inter: 29592.0000 (26244.4768)  union: 37674.0000 (41289.5112)  iou: 0.7191 (0.5908)  time: 0.1169  data: 0.0004  max mem: 24227
Test:  [3600/4000]  eta: 0:00:53  inter: 21363.0000 (26191.5814)  union: 34816.0000 (41254.1062)  iou: 0.7138 (0.5898)  time: 0.1227  data: 0.0004  max mem: 24227
Test:  [3650/4000]  eta: 0:00:46  inter: 18420.0000 (26149.4357)  union: 38832.0000 (41242.0495)  iou: 0.4410 (0.5890)  time: 0.1575  data: 0.0004  max mem: 24227
Test:  [3700/4000]  eta: 0:00:39  inter: 26116.0000 (26266.4559)  union: 36220.0000 (41297.9084)  iou: 0.8356 (0.5900)  time: 0.1274  data: 0.0004  max mem: 24227
Test:  [3750/4000]  eta: 0:00:33  inter: 22635.0000 (26310.0979)  union: 44573.0000 (41349.1170)  iou: 0.6190 (0.5908)  time: 0.1251  data: 0.0004  max mem: 24227
Test:  [3800/4000]  eta: 0:00:26  inter: 22375.0000 (26334.2245)  union: 29620.0000 (41322.5035)  iou: 0.6713 (0.5912)  time: 0.1107  data: 0.0004  max mem: 24227
Test:  [3850/4000]  eta: 0:00:19  inter: 23912.0000 (26348.5689)  union: 33230.0000 (41358.2372)  iou: 0.8533 (0.5913)  time: 0.1295  data: 0.0004  max mem: 24227
Test:  [3900/4000]  eta: 0:00:13  inter: 19358.0000 (26396.1830)  union: 33565.0000 (41441.6574)  iou: 0.5867 (0.5910)  time: 0.1287  data: 0.0004  max mem: 24227
Test:  [3950/4000]  eta: 0:00:06  inter: 17611.0000 (26376.3674)  union: 35595.0000 (41375.0557)  iou: 0.7366 (0.5916)  time: 0.1215  data: 0.0004  max mem: 24227
Test:  [3999/4000]  eta: 0:00:00  inter: 16464.0000 (26326.5236)  union: 31026.0000 (41284.5508)  iou: 0.7228 (0.5923)  time: 0.1112  data: 0.0001  max mem: 24227
Test: Total time: 0:08:53 (0.1333 s / it)
* IoU 0.592 oIoU 0.638
IoU of the network on the 4000 test images: 0.6%
Max IoU: 0.59%
huggingface/tokenizers: The current process just got forked, after parallelism has already been used. Disabling parallelism to avoid deadlocks...
To disable this warning, you can either:
	- Avoid using `tokenizers` before the fork if possible
	- Explicitly set the environment variable TOKENIZERS_PARALLELISM=(true | false)
huggingface/tokenizers: The current process just got forked, after parallelism has already been used. Disabling parallelism to avoid deadlocks...
To disable this warning, you can either:
	- Avoid using `tokenizers` before the fork if possible
	- Explicitly set the environment variable TOKENIZERS_PARALLELISM=(true | false)
huggingface/tokenizers: The current process just got forked, after parallelism has already been used. Disabling parallelism to avoid deadlocks...
To disable this warning, you can either:
	- Avoid using `tokenizers` before the fork if possible
	- Explicitly set the environment variable TOKENIZERS_PARALLELISM=(true | false)
huggingface/tokenizers: The current process just got forked, after parallelism has already been used. Disabling parallelism to avoid deadlocks...
To disable this warning, you can either:
	- Avoid using `tokenizers` before the fork if possible
	- Explicitly set the environment variable TOKENIZERS_PARALLELISM=(true | false)
huggingface/tokenizers: The current process just got forked, after parallelism has already been used. Disabling parallelism to avoid deadlocks...
To disable this warning, you can either:
	- Avoid using `tokenizers` before the fork if possible
	- Explicitly set the environment variable TOKENIZERS_PARALLELISM=(true | false)
huggingface/tokenizers: The current process just got forked, after parallelism has already been used. Disabling parallelism to avoid deadlocks...
To disable this warning, you can either:
	- Avoid using `tokenizers` before the fork if possible
	- Explicitly set the environment variable TOKENIZERS_PARALLELISM=(true | false)
huggingface/tokenizers: The current process just got forked, after parallelism has already been used. Disabling parallelism to avoid deadlocks...
To disable this warning, you can either:
	- Avoid using `tokenizers` before the fork if possible
	- Explicitly set the environment variable TOKENIZERS_PARALLELISM=(true | false)
huggingface/tokenizers: The current process just got forked, after parallelism has already been used. Disabling parallelism to avoid deadlocks...
To disable this warning, you can either:
	- Avoid using `tokenizers` before the fork if possible
	- Explicitly set the environment variable TOKENIZERS_PARALLELISM=(true | false)
Epoch: [8]  [   0/5625]  eta: 7:39:14  lr: 0.000009  train_loss: 0.2078 (0.2078)  train_iou: 0.6643 (0.6643)  time: 4.8985  data: 4.2122  max mem: 24227
Epoch: [8]  [  20/5625]  eta: 1:07:35  lr: 0.000009  train_loss: 0.1643 (0.1679)  train_iou: 0.7482 (0.7265)  time: 0.5148  data: 0.0033  max mem: 24227
Epoch: [8]  [  40/5625]  eta: 0:57:24  lr: 0.000009  train_loss: 0.2479 (0.2297)  train_iou: 0.6494 (0.6934)  time: 0.5047  data: 0.0005  max mem: 24227
Epoch: [8]  [  60/5625]  eta: 0:53:47  lr: 0.000009  train_loss: 0.2024 (0.2429)  train_iou: 0.6776 (0.6805)  time: 0.5045  data: 0.0004  max mem: 24227
Epoch: [8]  [  80/5625]  eta: 0:51:58  lr: 0.000009  train_loss: 0.2341 (0.2442)  train_iou: 0.6202 (0.6683)  time: 0.5091  data: 0.0005  max mem: 24227
Epoch: [8]  [ 100/5625]  eta: 0:50:45  lr: 0.000009  train_loss: 0.2240 (0.2403)  train_iou: 0.6648 (0.6670)  time: 0.5060  data: 0.0005  max mem: 24227
Epoch: [8]  [ 120/5625]  eta: 0:49:49  lr: 0.000009  train_loss: 0.2532 (0.2500)  train_iou: 0.5997 (0.6598)  time: 0.5016  data: 0.0004  max mem: 24227
Epoch: [8]  [ 140/5625]  eta: 0:49:17  lr: 0.000009  train_loss: 0.1830 (0.2438)  train_iou: 0.6579 (0.6609)  time: 0.5152  data: 0.0004  max mem: 24227
Epoch: [8]  [ 160/5625]  eta: 0:48:39  lr: 0.000009  train_loss: 0.2744 (0.2439)  train_iou: 0.6917 (0.6649)  time: 0.4999  data: 0.0004  max mem: 24227
Epoch: [8]  [ 180/5625]  eta: 0:48:11  lr: 0.000009  train_loss: 0.2027 (0.2413)  train_iou: 0.6550 (0.6660)  time: 0.5047  data: 0.0004  max mem: 24227
Epoch: [8]  [ 200/5625]  eta: 0:47:46  lr: 0.000009  train_loss: 0.1633 (0.2398)  train_iou: 0.6954 (0.6680)  time: 0.5053  data: 0.0014  max mem: 24227
Epoch: [8]  [ 220/5625]  eta: 0:47:24  lr: 0.000009  train_loss: 0.1809 (0.2357)  train_iou: 0.6825 (0.6700)  time: 0.5045  data: 0.0017  max mem: 24227
Epoch: [8]  [ 240/5625]  eta: 0:47:03  lr: 0.000009  train_loss: 0.2150 (0.2367)  train_iou: 0.6634 (0.6687)  time: 0.5018  data: 0.0005  max mem: 24227
Epoch: [8]  [ 260/5625]  eta: 0:46:42  lr: 0.000009  train_loss: 0.1994 (0.2372)  train_iou: 0.6961 (0.6708)  time: 0.5008  data: 0.0005  max mem: 24227
Epoch: [8]  [ 280/5625]  eta: 0:46:28  lr: 0.000009  train_loss: 0.1656 (0.2351)  train_iou: 0.6817 (0.6729)  time: 0.5123  data: 0.0004  max mem: 24227
Epoch: [8]  [ 300/5625]  eta: 0:46:12  lr: 0.000009  train_loss: 0.1947 (0.2355)  train_iou: 0.6305 (0.6720)  time: 0.5060  data: 0.0004  max mem: 24227
Epoch: [8]  [ 320/5625]  eta: 0:45:56  lr: 0.000009  train_loss: 0.1907 (0.2359)  train_iou: 0.6675 (0.6715)  time: 0.5031  data: 0.0004  max mem: 24227
Epoch: [8]  [ 340/5625]  eta: 0:45:40  lr: 0.000009  train_loss: 0.1943 (0.2338)  train_iou: 0.7040 (0.6726)  time: 0.5032  data: 0.0004  max mem: 24227
Epoch: [8]  [ 360/5625]  eta: 0:45:24  lr: 0.000009  train_loss: 0.2268 (0.2342)  train_iou: 0.6723 (0.6747)  time: 0.4992  data: 0.0014  max mem: 24227
Epoch: [8]  [ 380/5625]  eta: 0:45:10  lr: 0.000009  train_loss: 0.2091 (0.2350)  train_iou: 0.7457 (0.6761)  time: 0.5042  data: 0.0004  max mem: 24227
Epoch: [8]  [ 400/5625]  eta: 0:44:57  lr: 0.000009  train_loss: 0.2088 (0.2348)  train_iou: 0.7220 (0.6770)  time: 0.5048  data: 0.0004  max mem: 24227
Epoch: [8]  [ 420/5625]  eta: 0:44:45  lr: 0.000009  train_loss: 0.1659 (0.2327)  train_iou: 0.7228 (0.6787)  time: 0.5090  data: 0.0014  max mem: 24227
Epoch: [8]  [ 440/5625]  eta: 0:44:31  lr: 0.000009  train_loss: 0.1555 (0.2301)  train_iou: 0.7408 (0.6815)  time: 0.5024  data: 0.0004  max mem: 24227
Epoch: [8]  [ 460/5625]  eta: 0:44:18  lr: 0.000009  train_loss: 0.1901 (0.2294)  train_iou: 0.6571 (0.6812)  time: 0.5013  data: 0.0004  max mem: 24227
Epoch: [8]  [ 480/5625]  eta: 0:44:06  lr: 0.000009  train_loss: 0.1851 (0.2285)  train_iou: 0.7059 (0.6822)  time: 0.5055  data: 0.0004  max mem: 24227
Epoch: [8]  [ 500/5625]  eta: 0:43:53  lr: 0.000009  train_loss: 0.2102 (0.2282)  train_iou: 0.7115 (0.6836)  time: 0.5043  data: 0.0004  max mem: 24227
Epoch: [8]  [ 520/5625]  eta: 0:43:41  lr: 0.000009  train_loss: 0.3083 (0.2313)  train_iou: 0.6684 (0.6828)  time: 0.5038  data: 0.0004  max mem: 24227
Epoch: [8]  [ 540/5625]  eta: 0:43:29  lr: 0.000009  train_loss: 0.1257 (0.2293)  train_iou: 0.6754 (0.6834)  time: 0.5019  data: 0.0004  max mem: 24227
Epoch: [8]  [ 560/5625]  eta: 0:43:17  lr: 0.000009  train_loss: 0.1887 (0.2285)  train_iou: 0.7121 (0.6840)  time: 0.5039  data: 0.0004  max mem: 24227
Epoch: [8]  [ 580/5625]  eta: 0:43:05  lr: 0.000009  train_loss: 0.1959 (0.2291)  train_iou: 0.6823 (0.6839)  time: 0.5041  data: 0.0004  max mem: 24227
Epoch: [8]  [ 600/5625]  eta: 0:42:54  lr: 0.000009  train_loss: 0.1694 (0.2287)  train_iou: 0.6687 (0.6831)  time: 0.5073  data: 0.0004  max mem: 24227
Epoch: [8]  [ 620/5625]  eta: 0:42:42  lr: 0.000009  train_loss: 0.1678 (0.2294)  train_iou: 0.6420 (0.6819)  time: 0.5023  data: 0.0004  max mem: 24227
Epoch: [8]  [ 640/5625]  eta: 0:42:30  lr: 0.000009  train_loss: 0.1977 (0.2296)  train_iou: 0.7598 (0.6827)  time: 0.5043  data: 0.0004  max mem: 24227
Epoch: [8]  [ 660/5625]  eta: 0:42:19  lr: 0.000009  train_loss: 0.1871 (0.2298)  train_iou: 0.6936 (0.6828)  time: 0.5033  data: 0.0004  max mem: 24227
Epoch: [8]  [ 680/5625]  eta: 0:42:08  lr: 0.000009  train_loss: 0.1648 (0.2289)  train_iou: 0.6907 (0.6834)  time: 0.5046  data: 0.0004  max mem: 24227
Epoch: [8]  [ 700/5625]  eta: 0:41:57  lr: 0.000009  train_loss: 0.1792 (0.2279)  train_iou: 0.7556 (0.6839)  time: 0.5101  data: 0.0004  max mem: 24227
Epoch: [8]  [ 720/5625]  eta: 0:41:46  lr: 0.000009  train_loss: 0.2760 (0.2290)  train_iou: 0.6550 (0.6835)  time: 0.5023  data: 0.0004  max mem: 24227
Epoch: [8]  [ 740/5625]  eta: 0:41:35  lr: 0.000009  train_loss: 0.2076 (0.2300)  train_iou: 0.6995 (0.6836)  time: 0.5025  data: 0.0004  max mem: 24227
Epoch: [8]  [ 760/5625]  eta: 0:41:23  lr: 0.000009  train_loss: 0.2130 (0.2304)  train_iou: 0.6816 (0.6827)  time: 0.5013  data: 0.0004  max mem: 24227
Epoch: [8]  [ 780/5625]  eta: 0:41:12  lr: 0.000009  train_loss: 0.1809 (0.2298)  train_iou: 0.6743 (0.6818)  time: 0.5055  data: 0.0004  max mem: 24227
Epoch: [8]  [ 800/5625]  eta: 0:41:01  lr: 0.000009  train_loss: 0.1757 (0.2292)  train_iou: 0.7039 (0.6822)  time: 0.5029  data: 0.0004  max mem: 24227
Epoch: [8]  [ 820/5625]  eta: 0:40:50  lr: 0.000009  train_loss: 0.2290 (0.2296)  train_iou: 0.6688 (0.6817)  time: 0.5043  data: 0.0004  max mem: 24227
Epoch: [8]  [ 840/5625]  eta: 0:40:40  lr: 0.000009  train_loss: 0.2041 (0.2307)  train_iou: 0.6672 (0.6810)  time: 0.5065  data: 0.0004  max mem: 24227
Epoch: [8]  [ 860/5625]  eta: 0:40:29  lr: 0.000009  train_loss: 0.2195 (0.2305)  train_iou: 0.6805 (0.6816)  time: 0.5038  data: 0.0004  max mem: 24227
Epoch: [8]  [ 880/5625]  eta: 0:40:18  lr: 0.000009  train_loss: 0.2553 (0.2317)  train_iou: 0.6429 (0.6807)  time: 0.5008  data: 0.0004  max mem: 24227
Epoch: [8]  [ 900/5625]  eta: 0:40:07  lr: 0.000009  train_loss: 0.1868 (0.2314)  train_iou: 0.7052 (0.6810)  time: 0.5056  data: 0.0004  max mem: 24227
Epoch: [8]  [ 920/5625]  eta: 0:39:56  lr: 0.000009  train_loss: 0.1798 (0.2312)  train_iou: 0.7370 (0.6815)  time: 0.5010  data: 0.0004  max mem: 24227
Epoch: [8]  [ 940/5625]  eta: 0:39:45  lr: 0.000009  train_loss: 0.1880 (0.2307)  train_iou: 0.6635 (0.6807)  time: 0.5034  data: 0.0004  max mem: 24227
Epoch: [8]  [ 960/5625]  eta: 0:39:34  lr: 0.000009  train_loss: 0.2502 (0.2336)  train_iou: 0.6711 (0.6808)  time: 0.5016  data: 0.0004  max mem: 24227
Epoch: [8]  [ 980/5625]  eta: 0:39:23  lr: 0.000009  train_loss: 0.2675 (0.2343)  train_iou: 0.6666 (0.6803)  time: 0.5024  data: 0.0004  max mem: 24227
Epoch: [8]  [1000/5625]  eta: 0:39:13  lr: 0.000009  train_loss: 0.1986 (0.2340)  train_iou: 0.6650 (0.6807)  time: 0.5041  data: 0.0004  max mem: 24227
Epoch: [8]  [1020/5625]  eta: 0:39:02  lr: 0.000009  train_loss: 0.2066 (0.2344)  train_iou: 0.6701 (0.6806)  time: 0.5070  data: 0.0004  max mem: 24227
Epoch: [8]  [1040/5625]  eta: 0:38:52  lr: 0.000009  train_loss: 0.1913 (0.2340)  train_iou: 0.6986 (0.6806)  time: 0.5052  data: 0.0004  max mem: 24227
Epoch: [8]  [1060/5625]  eta: 0:38:41  lr: 0.000009  train_loss: 0.2080 (0.2342)  train_iou: 0.6903 (0.6810)  time: 0.5042  data: 0.0004  max mem: 24227
Epoch: [8]  [1080/5625]  eta: 0:38:31  lr: 0.000009  train_loss: 0.1774 (0.2338)  train_iou: 0.6449 (0.6805)  time: 0.5014  data: 0.0004  max mem: 24227
Epoch: [8]  [1100/5625]  eta: 0:38:20  lr: 0.000009  train_loss: 0.2215 (0.2342)  train_iou: 0.6659 (0.6801)  time: 0.5033  data: 0.0004  max mem: 24227
Epoch: [8]  [1120/5625]  eta: 0:38:09  lr: 0.000009  train_loss: 0.1811 (0.2341)  train_iou: 0.6300 (0.6793)  time: 0.5010  data: 0.0004  max mem: 24227
Epoch: [8]  [1140/5625]  eta: 0:37:59  lr: 0.000009  train_loss: 0.2405 (0.2344)  train_iou: 0.6958 (0.6789)  time: 0.5009  data: 0.0004  max mem: 24227
Epoch: [8]  [1160/5625]  eta: 0:37:48  lr: 0.000009  train_loss: 0.2087 (0.2352)  train_iou: 0.6671 (0.6784)  time: 0.5022  data: 0.0004  max mem: 24227
Epoch: [8]  [1180/5625]  eta: 0:37:37  lr: 0.000009  train_loss: 0.2173 (0.2353)  train_iou: 0.6734 (0.6781)  time: 0.5025  data: 0.0004  max mem: 24227
Epoch: [8]  [1200/5625]  eta: 0:37:27  lr: 0.000009  train_loss: 0.2467 (0.2364)  train_iou: 0.6555 (0.6778)  time: 0.5043  data: 0.0004  max mem: 24227
Epoch: [8]  [1220/5625]  eta: 0:37:17  lr: 0.000009  train_loss: 0.1960 (0.2364)  train_iou: 0.6233 (0.6771)  time: 0.5063  data: 0.0005  max mem: 24227
Epoch: [8]  [1240/5625]  eta: 0:37:06  lr: 0.000009  train_loss: 0.2090 (0.2364)  train_iou: 0.6758 (0.6771)  time: 0.4987  data: 0.0004  max mem: 24227
Epoch: [8]  [1260/5625]  eta: 0:36:56  lr: 0.000009  train_loss: 0.1408 (0.2360)  train_iou: 0.6583 (0.6773)  time: 0.5058  data: 0.0004  max mem: 24227
Epoch: [8]  [1280/5625]  eta: 0:36:45  lr: 0.000009  train_loss: 0.1195 (0.2353)  train_iou: 0.6943 (0.6776)  time: 0.5008  data: 0.0004  max mem: 24227
Epoch: [8]  [1300/5625]  eta: 0:36:35  lr: 0.000009  train_loss: 0.1887 (0.2352)  train_iou: 0.6557 (0.6772)  time: 0.5049  data: 0.0005  max mem: 24227
Epoch: [8]  [1320/5625]  eta: 0:36:24  lr: 0.000009  train_loss: 0.1652 (0.2346)  train_iou: 0.6555 (0.6773)  time: 0.5048  data: 0.0004  max mem: 24227
Epoch: [8]  [1340/5625]  eta: 0:36:14  lr: 0.000009  train_loss: 0.2215 (0.2344)  train_iou: 0.6526 (0.6766)  time: 0.5041  data: 0.0004  max mem: 24227
Epoch: [8]  [1360/5625]  eta: 0:36:04  lr: 0.000009  train_loss: 0.2055 (0.2348)  train_iou: 0.6634 (0.6764)  time: 0.5055  data: 0.0015  max mem: 24227
Epoch: [8]  [1380/5625]  eta: 0:35:53  lr: 0.000009  train_loss: 0.1789 (0.2343)  train_iou: 0.7163 (0.6768)  time: 0.5030  data: 0.0004  max mem: 24227
Epoch: [8]  [1400/5625]  eta: 0:35:43  lr: 0.000009  train_loss: 0.1794 (0.2342)  train_iou: 0.6621 (0.6769)  time: 0.5033  data: 0.0005  max mem: 24227
Epoch: [8]  [1420/5625]  eta: 0:35:32  lr: 0.000009  train_loss: 0.2652 (0.2346)  train_iou: 0.6177 (0.6764)  time: 0.5021  data: 0.0004  max mem: 24227
Epoch: [8]  [1440/5625]  eta: 0:35:22  lr: 0.000009  train_loss: 0.2014 (0.2346)  train_iou: 0.6543 (0.6761)  time: 0.5008  data: 0.0004  max mem: 24227
Epoch: [8]  [1460/5625]  eta: 0:35:11  lr: 0.000009  train_loss: 0.1680 (0.2343)  train_iou: 0.6068 (0.6757)  time: 0.5011  data: 0.0004  max mem: 24227
Epoch: [8]  [1480/5625]  eta: 0:35:01  lr: 0.000009  train_loss: 0.2009 (0.2340)  train_iou: 0.6685 (0.6757)  time: 0.5033  data: 0.0004  max mem: 24227
Epoch: [8]  [1500/5625]  eta: 0:34:51  lr: 0.000009  train_loss: 0.2711 (0.2343)  train_iou: 0.6239 (0.6756)  time: 0.5048  data: 0.0004  max mem: 24227
Epoch: [8]  [1520/5625]  eta: 0:34:40  lr: 0.000009  train_loss: 0.2019 (0.2340)  train_iou: 0.6697 (0.6755)  time: 0.4999  data: 0.0004  max mem: 24227
Epoch: [8]  [1540/5625]  eta: 0:34:30  lr: 0.000009  train_loss: 0.2414 (0.2344)  train_iou: 0.6534 (0.6754)  time: 0.5060  data: 0.0004  max mem: 24227
Epoch: [8]  [1560/5625]  eta: 0:34:20  lr: 0.000009  train_loss: 0.1968 (0.2341)  train_iou: 0.6487 (0.6755)  time: 0.5075  data: 0.0004  max mem: 24227
Epoch: [8]  [1580/5625]  eta: 0:34:10  lr: 0.000009  train_loss: 0.2286 (0.2345)  train_iou: 0.6760 (0.6752)  time: 0.5015  data: 0.0004  max mem: 24227
Epoch: [8]  [1600/5625]  eta: 0:33:59  lr: 0.000009  train_loss: 0.2042 (0.2346)  train_iou: 0.6929 (0.6754)  time: 0.5012  data: 0.0004  max mem: 24227
Epoch: [8]  [1620/5625]  eta: 0:33:49  lr: 0.000009  train_loss: 0.2710 (0.2351)  train_iou: 0.6216 (0.6749)  time: 0.5038  data: 0.0004  max mem: 24227
Epoch: [8]  [1640/5625]  eta: 0:33:39  lr: 0.000009  train_loss: 0.1352 (0.2345)  train_iou: 0.6739 (0.6750)  time: 0.5036  data: 0.0004  max mem: 24227
Epoch: [8]  [1660/5625]  eta: 0:33:28  lr: 0.000009  train_loss: 0.2035 (0.2348)  train_iou: 0.6698 (0.6749)  time: 0.4987  data: 0.0004  max mem: 24227
Epoch: [8]  [1680/5625]  eta: 0:33:18  lr: 0.000009  train_loss: 0.1829 (0.2345)  train_iou: 0.7358 (0.6751)  time: 0.5037  data: 0.0004  max mem: 24227
Epoch: [8]  [1700/5625]  eta: 0:33:08  lr: 0.000009  train_loss: 0.1485 (0.2339)  train_iou: 0.6784 (0.6753)  time: 0.5052  data: 0.0004  max mem: 24227
Epoch: [8]  [1720/5625]  eta: 0:32:57  lr: 0.000009  train_loss: 0.2235 (0.2341)  train_iou: 0.6646 (0.6749)  time: 0.5021  data: 0.0004  max mem: 24227
Epoch: [8]  [1740/5625]  eta: 0:32:47  lr: 0.000009  train_loss: 0.1968 (0.2344)  train_iou: 0.6529 (0.6749)  time: 0.5064  data: 0.0004  max mem: 24227
Epoch: [8]  [1760/5625]  eta: 0:32:37  lr: 0.000009  train_loss: 0.1982 (0.2344)  train_iou: 0.7074 (0.6752)  time: 0.5068  data: 0.0004  max mem: 24227
Epoch: [8]  [1780/5625]  eta: 0:32:27  lr: 0.000009  train_loss: 0.2129 (0.2343)  train_iou: 0.6772 (0.6754)  time: 0.5017  data: 0.0014  max mem: 24227
Epoch: [8]  [1800/5625]  eta: 0:32:16  lr: 0.000009  train_loss: 0.1660 (0.2342)  train_iou: 0.6696 (0.6753)  time: 0.5020  data: 0.0004  max mem: 24227
Epoch: [8]  [1820/5625]  eta: 0:32:06  lr: 0.000009  train_loss: 0.2381 (0.2343)  train_iou: 0.6236 (0.6750)  time: 0.5043  data: 0.0005  max mem: 24227
Epoch: [8]  [1840/5625]  eta: 0:31:56  lr: 0.000009  train_loss: 0.2331 (0.2345)  train_iou: 0.6918 (0.6753)  time: 0.5046  data: 0.0004  max mem: 24227
Epoch: [8]  [1860/5625]  eta: 0:31:46  lr: 0.000009  train_loss: 0.1819 (0.2341)  train_iou: 0.6528 (0.6750)  time: 0.5082  data: 0.0004  max mem: 24227
Epoch: [8]  [1880/5625]  eta: 0:31:36  lr: 0.000009  train_loss: 0.1598 (0.2338)  train_iou: 0.6213 (0.6747)  time: 0.5079  data: 0.0004  max mem: 24227
Epoch: [8]  [1900/5625]  eta: 0:31:26  lr: 0.000009  train_loss: 0.2179 (0.2341)  train_iou: 0.6775 (0.6746)  time: 0.5032  data: 0.0004  max mem: 24227
Epoch: [8]  [1920/5625]  eta: 0:31:15  lr: 0.000009  train_loss: 0.2096 (0.2341)  train_iou: 0.6441 (0.6745)  time: 0.5049  data: 0.0004  max mem: 24227
Epoch: [8]  [1940/5625]  eta: 0:31:05  lr: 0.000009  train_loss: 0.2686 (0.2342)  train_iou: 0.6369 (0.6743)  time: 0.5034  data: 0.0004  max mem: 24227
Epoch: [8]  [1960/5625]  eta: 0:30:55  lr: 0.000009  train_loss: 0.1804 (0.2342)  train_iou: 0.6756 (0.6744)  time: 0.5079  data: 0.0004  max mem: 24227
Epoch: [8]  [1980/5625]  eta: 0:30:45  lr: 0.000009  train_loss: 0.2610 (0.2344)  train_iou: 0.6506 (0.6743)  time: 0.5035  data: 0.0005  max mem: 24227
Epoch: [8]  [2000/5625]  eta: 0:30:35  lr: 0.000009  train_loss: 0.1720 (0.2345)  train_iou: 0.6841 (0.6746)  time: 0.5010  data: 0.0004  max mem: 24227
Epoch: [8]  [2020/5625]  eta: 0:30:24  lr: 0.000009  train_loss: 0.2236 (0.2345)  train_iou: 0.7371 (0.6748)  time: 0.5049  data: 0.0004  max mem: 24227
Epoch: [8]  [2040/5625]  eta: 0:30:14  lr: 0.000009  train_loss: 0.1554 (0.2343)  train_iou: 0.6870 (0.6752)  time: 0.5058  data: 0.0004  max mem: 24227
Epoch: [8]  [2060/5625]  eta: 0:30:04  lr: 0.000009  train_loss: 0.1836 (0.2342)  train_iou: 0.7174 (0.6754)  time: 0.5043  data: 0.0004  max mem: 24227
Epoch: [8]  [2080/5625]  eta: 0:29:54  lr: 0.000009  train_loss: 0.1408 (0.2341)  train_iou: 0.7216 (0.6757)  time: 0.4978  data: 0.0004  max mem: 24227
Epoch: [8]  [2100/5625]  eta: 0:29:43  lr: 0.000009  train_loss: 0.2101 (0.2344)  train_iou: 0.6922 (0.6757)  time: 0.5018  data: 0.0012  max mem: 24227
Epoch: [8]  [2120/5625]  eta: 0:29:33  lr: 0.000009  train_loss: 0.1788 (0.2341)  train_iou: 0.6723 (0.6757)  time: 0.5028  data: 0.0004  max mem: 24227
Epoch: [8]  [2140/5625]  eta: 0:29:23  lr: 0.000009  train_loss: 0.1654 (0.2344)  train_iou: 0.6848 (0.6758)  time: 0.5032  data: 0.0004  max mem: 24227
Epoch: [8]  [2160/5625]  eta: 0:29:13  lr: 0.000009  train_loss: 0.2568 (0.2347)  train_iou: 0.6771 (0.6756)  time: 0.5055  data: 0.0004  max mem: 24227
Epoch: [8]  [2180/5625]  eta: 0:29:03  lr: 0.000009  train_loss: 0.2426 (0.2349)  train_iou: 0.6011 (0.6752)  time: 0.5043  data: 0.0004  max mem: 24227
Epoch: [8]  [2200/5625]  eta: 0:28:52  lr: 0.000009  train_loss: 0.1878 (0.2346)  train_iou: 0.7136 (0.6756)  time: 0.5013  data: 0.0004  max mem: 24227
Epoch: [8]  [2220/5625]  eta: 0:28:42  lr: 0.000009  train_loss: 0.1795 (0.2344)  train_iou: 0.7363 (0.6758)  time: 0.5012  data: 0.0004  max mem: 24227
Epoch: [8]  [2240/5625]  eta: 0:28:32  lr: 0.000009  train_loss: 0.1553 (0.2341)  train_iou: 0.7560 (0.6762)  time: 0.5007  data: 0.0013  max mem: 24227
Epoch: [8]  [2260/5625]  eta: 0:28:22  lr: 0.000009  train_loss: 0.2328 (0.2343)  train_iou: 0.6270 (0.6758)  time: 0.5062  data: 0.0004  max mem: 24227
Epoch: [8]  [2280/5625]  eta: 0:28:12  lr: 0.000009  train_loss: 0.1762 (0.2344)  train_iou: 0.6445 (0.6758)  time: 0.5035  data: 0.0004  max mem: 24227
Epoch: [8]  [2300/5625]  eta: 0:28:01  lr: 0.000009  train_loss: 0.1965 (0.2341)  train_iou: 0.7311 (0.6762)  time: 0.5038  data: 0.0004  max mem: 24227
Epoch: [8]  [2320/5625]  eta: 0:27:51  lr: 0.000009  train_loss: 0.1745 (0.2341)  train_iou: 0.6576 (0.6760)  time: 0.5019  data: 0.0004  max mem: 24227
Epoch: [8]  [2340/5625]  eta: 0:27:41  lr: 0.000009  train_loss: 0.2272 (0.2342)  train_iou: 0.7130 (0.6762)  time: 0.5048  data: 0.0004  max mem: 24227
Epoch: [8]  [2360/5625]  eta: 0:27:31  lr: 0.000009  train_loss: 0.1718 (0.2349)  train_iou: 0.7260 (0.6765)  time: 0.5037  data: 0.0012  max mem: 24227
Epoch: [8]  [2380/5625]  eta: 0:27:21  lr: 0.000009  train_loss: 0.1720 (0.2346)  train_iou: 0.7428 (0.6769)  time: 0.5029  data: 0.0004  max mem: 24227
Epoch: [8]  [2400/5625]  eta: 0:27:10  lr: 0.000009  train_loss: 0.1829 (0.2343)  train_iou: 0.7008 (0.6770)  time: 0.5060  data: 0.0004  max mem: 24227
Epoch: [8]  [2420/5625]  eta: 0:27:00  lr: 0.000009  train_loss: 0.1819 (0.2343)  train_iou: 0.6486 (0.6768)  time: 0.5047  data: 0.0004  max mem: 24227
Epoch: [8]  [2440/5625]  eta: 0:26:50  lr: 0.000009  train_loss: 0.2922 (0.2349)  train_iou: 0.6430 (0.6766)  time: 0.5053  data: 0.0016  max mem: 24227
Epoch: [8]  [2460/5625]  eta: 0:26:40  lr: 0.000009  train_loss: 0.1675 (0.2350)  train_iou: 0.6476 (0.6765)  time: 0.5029  data: 0.0004  max mem: 24227
Epoch: [8]  [2480/5625]  eta: 0:26:30  lr: 0.000009  train_loss: 0.2877 (0.2355)  train_iou: 0.6802 (0.6765)  time: 0.5006  data: 0.0004  max mem: 24227
Epoch: [8]  [2500/5625]  eta: 0:26:20  lr: 0.000009  train_loss: 0.2508 (0.2357)  train_iou: 0.6630 (0.6765)  time: 0.5045  data: 0.0004  max mem: 24227
Epoch: [8]  [2520/5625]  eta: 0:26:10  lr: 0.000009  train_loss: 0.2457 (0.2357)  train_iou: 0.7452 (0.6768)  time: 0.5052  data: 0.0004  max mem: 24227
Epoch: [8]  [2540/5625]  eta: 0:25:59  lr: 0.000009  train_loss: 0.2165 (0.2359)  train_iou: 0.6398 (0.6764)  time: 0.5046  data: 0.0004  max mem: 24227
Epoch: [8]  [2560/5625]  eta: 0:25:49  lr: 0.000009  train_loss: 0.2244 (0.2362)  train_iou: 0.6406 (0.6763)  time: 0.5038  data: 0.0004  max mem: 24227
Epoch: [8]  [2580/5625]  eta: 0:25:39  lr: 0.000009  train_loss: 0.1888 (0.2361)  train_iou: 0.6774 (0.6764)  time: 0.5048  data: 0.0004  max mem: 24227
Epoch: [8]  [2600/5625]  eta: 0:25:29  lr: 0.000009  train_loss: 0.1606 (0.2360)  train_iou: 0.6776 (0.6765)  time: 0.5025  data: 0.0004  max mem: 24227
Epoch: [8]  [2620/5625]  eta: 0:25:19  lr: 0.000009  train_loss: 0.1506 (0.2359)  train_iou: 0.6242 (0.6765)  time: 0.5041  data: 0.0004  max mem: 24227
Epoch: [8]  [2640/5625]  eta: 0:25:09  lr: 0.000009  train_loss: 0.1642 (0.2356)  train_iou: 0.6762 (0.6764)  time: 0.5049  data: 0.0004  max mem: 24227
Epoch: [8]  [2660/5625]  eta: 0:24:58  lr: 0.000009  train_loss: 0.1681 (0.2355)  train_iou: 0.6758 (0.6764)  time: 0.5027  data: 0.0004  max mem: 24227
Epoch: [8]  [2680/5625]  eta: 0:24:48  lr: 0.000009  train_loss: 0.1947 (0.2352)  train_iou: 0.6906 (0.6766)  time: 0.5068  data: 0.0004  max mem: 24227
Epoch: [8]  [2700/5625]  eta: 0:24:38  lr: 0.000009  train_loss: 0.1600 (0.2348)  train_iou: 0.7047 (0.6766)  time: 0.5029  data: 0.0004  max mem: 24227
Epoch: [8]  [2720/5625]  eta: 0:24:28  lr: 0.000009  train_loss: 0.2231 (0.2351)  train_iou: 0.6590 (0.6764)  time: 0.5024  data: 0.0004  max mem: 24227
Epoch: [8]  [2740/5625]  eta: 0:24:18  lr: 0.000009  train_loss: 0.2307 (0.2352)  train_iou: 0.5885 (0.6762)  time: 0.5031  data: 0.0004  max mem: 24227
Epoch: [8]  [2760/5625]  eta: 0:24:08  lr: 0.000009  train_loss: 0.2273 (0.2354)  train_iou: 0.6112 (0.6759)  time: 0.5038  data: 0.0004  max mem: 24227
Epoch: [8]  [2780/5625]  eta: 0:23:58  lr: 0.000009  train_loss: 0.1795 (0.2353)  train_iou: 0.6448 (0.6758)  time: 0.5067  data: 0.0004  max mem: 24227
Epoch: [8]  [2800/5625]  eta: 0:23:47  lr: 0.000009  train_loss: 0.1962 (0.2352)  train_iou: 0.7244 (0.6761)  time: 0.5024  data: 0.0004  max mem: 24227
Epoch: [8]  [2820/5625]  eta: 0:23:37  lr: 0.000009  train_loss: 0.2810 (0.2356)  train_iou: 0.6550 (0.6758)  time: 0.5052  data: 0.0004  max mem: 24227
Epoch: [8]  [2840/5625]  eta: 0:23:27  lr: 0.000009  train_loss: 0.2353 (0.2355)  train_iou: 0.6774 (0.6756)  time: 0.5051  data: 0.0004  max mem: 24227
Epoch: [8]  [2860/5625]  eta: 0:23:17  lr: 0.000009  train_loss: 0.2122 (0.2354)  train_iou: 0.6917 (0.6757)  time: 0.5063  data: 0.0004  max mem: 24227
Epoch: [8]  [2880/5625]  eta: 0:23:07  lr: 0.000009  train_loss: 0.1540 (0.2352)  train_iou: 0.6660 (0.6757)  time: 0.4995  data: 0.0004  max mem: 24227
Epoch: [8]  [2900/5625]  eta: 0:22:57  lr: 0.000009  train_loss: 0.1957 (0.2351)  train_iou: 0.6940 (0.6758)  time: 0.5029  data: 0.0004  max mem: 24227
Epoch: [8]  [2920/5625]  eta: 0:22:47  lr: 0.000009  train_loss: 0.2345 (0.2353)  train_iou: 0.6674 (0.6759)  time: 0.5065  data: 0.0004  max mem: 24227
Epoch: [8]  [2940/5625]  eta: 0:22:37  lr: 0.000009  train_loss: 0.2190 (0.2354)  train_iou: 0.6590 (0.6757)  time: 0.5028  data: 0.0004  max mem: 24227
Epoch: [8]  [2960/5625]  eta: 0:22:26  lr: 0.000009  train_loss: 0.1780 (0.2353)  train_iou: 0.7679 (0.6763)  time: 0.5059  data: 0.0004  max mem: 24227
Epoch: [8]  [2980/5625]  eta: 0:22:16  lr: 0.000009  train_loss: 0.2231 (0.2354)  train_iou: 0.6350 (0.6761)  time: 0.5010  data: 0.0004  max mem: 24227
Epoch: [8]  [3000/5625]  eta: 0:22:06  lr: 0.000009  train_loss: 0.2120 (0.2353)  train_iou: 0.7187 (0.6762)  time: 0.5006  data: 0.0004  max mem: 24227
Epoch: [8]  [3020/5625]  eta: 0:21:56  lr: 0.000009  train_loss: 0.2187 (0.2354)  train_iou: 0.6722 (0.6763)  time: 0.5006  data: 0.0004  max mem: 24227
Epoch: [8]  [3040/5625]  eta: 0:21:46  lr: 0.000009  train_loss: 0.2200 (0.2354)  train_iou: 0.6592 (0.6760)  time: 0.5040  data: 0.0004  max mem: 24227
Epoch: [8]  [3060/5625]  eta: 0:21:36  lr: 0.000009  train_loss: 0.2125 (0.2353)  train_iou: 0.7204 (0.6762)  time: 0.5024  data: 0.0004  max mem: 24227
Epoch: [8]  [3080/5625]  eta: 0:21:25  lr: 0.000009  train_loss: 0.2009 (0.2351)  train_iou: 0.7220 (0.6765)  time: 0.5045  data: 0.0004  max mem: 24227
Epoch: [8]  [3100/5625]  eta: 0:21:15  lr: 0.000009  train_loss: 0.1756 (0.2350)  train_iou: 0.6705 (0.6766)  time: 0.5056  data: 0.0004  max mem: 24227
Epoch: [8]  [3120/5625]  eta: 0:21:05  lr: 0.000009  train_loss: 0.1989 (0.2350)  train_iou: 0.6338 (0.6764)  time: 0.5036  data: 0.0004  max mem: 24227
Epoch: [8]  [3140/5625]  eta: 0:20:55  lr: 0.000009  train_loss: 0.2037 (0.2349)  train_iou: 0.6632 (0.6763)  time: 0.5057  data: 0.0004  max mem: 24227
Epoch: [8]  [3160/5625]  eta: 0:20:45  lr: 0.000009  train_loss: 0.2054 (0.2347)  train_iou: 0.6845 (0.6765)  time: 0.5012  data: 0.0004  max mem: 24227
slurmstepd: error: *** JOB 48358099 ON d1021 CANCELLED AT 2025-04-20T20:30:09 DUE TO TIME LIMIT ***
